BÖLGE;TTT;BRİCK;İLAÇ GRUBU;İLAÇ;TOPLAM;TOPLAM PPI %;1.HAFTA;1.H PPI %;2.HAFTA;2.H PPI %;3.HAFTA;3.H PPI %;4.HAFTA;4.H PPI %;5.HAFTA;5.H PPI %;6.HAFTA;6.H PPI %;7.HAFTA;7.H PPI %;8.HAFTA;8.H PPI %;9.HAFTA;9.H PPI %
SAMSUN;KURSAD KARADAG;AGRI DIYADIN+D.BEYAZIT;PANTAPROZOL PAZARI;PANOCER TOPLAM;730;24,37%;552;25,56%;120;21,94%;58;20,14%;;;;;;;;;;;;
SAMSUN;KURSAD KARADAG;AGRI DIYADIN+D.BEYAZIT;PANTAPROZOL PAZARI;PANTO;1.174;39,20%;976;45,19%;100;18,28%;98;34,03%;;;;;;;;;;;;
SAMSUN;KURSAD KARADAG;AGRI DIYADIN+D.BEYAZIT;PANTAPROZOL PAZARI;PANTACTIVE;412;13,76%;342;15,83%;70;12,80%;-;0,00%;;;;;;;;;;;;
SAMSUN;KURSAD KARADAG;AGRI DIYADIN+D.BEYAZIT;PANTAPROZOL PAZARI;DIGER PANTAPROZOLE;520;17,36%;237;10,97%;196;35,83%;87;30,21%;;;;;;;;;;;;
SAMSUN;KURSAD KARADAG;AGRI DIYADIN+D.BEYAZIT;PANTAPROZOL PAZARI;PULCET;159;5,31%;53;2,45%;61;11,15%;45;15,62%;;;;;;;;;;;;
SAMSUN;KURSAD KARADAG;AGRI DIYADIN+D.BEYAZIT;PANTAPROZOL PAZARI; PANTOPRAZOLE PAZARI TOPLAM;2.995;100,00%;2.160;100,00%;547;100,00%;288;100,00%;;;;;;;;;;;;
SAMSUN;KURSAD KARADAG;AGRI DIYADIN+D.BEYAZIT;ACIDPASS PAZARI;ACIDPASS TOPLAM;44;9,50%;13;6,13%;8;6,78%;23;17,29%;;;;;;;;;;;;
SAMSUN;KURSAD KARADAG;AGRI DIYADIN+D.BEYAZIT;ACIDPASS PAZARI;TRIGAST;121;26,13%;85;40,09%;26;22,03%;10;7,52%;;;;;;;;;;;;
SAMSUN;KURSAD KARADAG;AGRI DIYADIN+D.BEYAZIT;ACIDPASS PAZARI;TALCID;96;20,73%;42;19,81%;23;19,49%;31;23,31%;;;;;;;;;;;;
SAMSUN;KURSAD KARADAG;AGRI DIYADIN+D.BEYAZIT;ACIDPASS PAZARI;RENNIE;189;40,82%;72;33,96%;59;50,00%;58;43,61%;;;;;;;;;;;;
SAMSUN;KURSAD KARADAG;AGRI DIYADIN+D.BEYAZIT;ACIDPASS PAZARI;DIGER ACIDPASS;-;0,00%;-;0,00%;-;0,00%;-;0,00%;;;;;;;;;;;;
SAMSUN;KURSAD KARADAG;AGRI DIYADIN+D.BEYAZIT;ACIDPASS PAZARI;FAMODİN PLUS;13;2,81%;-;0,00%;2;1,69%;11;8,27%;;;;;;;;;;;;
SAMSUN;KURSAD KARADAG;AGRI DIYADIN+D.BEYAZIT;ACIDPASS PAZARI; ACIDPASS PAZARI TOPLAM;463;100,00%;212;100,00%;118;100,00%;133;100,00%;;;;;;;;;;;;
SAMSUN;KURSAD KARADAG;AGRI DIYADIN+D.BEYAZIT;MOKSİFLOKSASİN PAZARI;MOKSEFEN;40;13,38%;27;28,12%;7;4,27%;6;15,38%;;;;;;;;;;;;
SAMSUN;KURSAD KARADAG;AGRI DIYADIN+D.BEYAZIT;MOKSİFLOKSASİN PAZARI;AVELOX;83;27,76%;13;13,54%;37;22,56%;33;84,62%;;;;;;;;;;;;
SAMSUN;KURSAD KARADAG;AGRI DIYADIN+D.BEYAZIT;MOKSİFLOKSASİN PAZARI;MOXAI;112;37,46%;2;2,08%;110;67,07%;-;0,00%;;;;;;;;;;;;
SAMSUN;KURSAD KARADAG;AGRI DIYADIN+D.BEYAZIT;MOKSİFLOKSASİN PAZARI;DİĞER MOKSİFLOKSASİN;64;21,40%;54;56,25%;10;6,10%;-;0,00%;;;;;;;;;;;;
SAMSUN;KURSAD KARADAG;AGRI DIYADIN+D.BEYAZIT;MOKSİFLOKSASİN PAZARI;DİĞER LEVOFLOKSASİN;-;0,00%;-;0,00%;-;0,00%;-;0,00%;;;;;;;;;;;;
SAMSUN;KURSAD KARADAG;AGRI DIYADIN+D.BEYAZIT;MOKSİFLOKSASİN PAZARI;MOKSİFLOKSASİN PAZARI TOPLAM;299;100,00%;96;100,00%;164;100,00%;39;100,00%;;;;;;;;;;;;
SAMSUN;KURSAD KARADAG;AGRI DIYADIN+D.BEYAZIT;GRİPORT COLD PAZARI;A FERİN;1.594;36,95%;675;31,05%;778;55,18%;141;19,32%;;;;;;;;;;;;
SAMSUN;KURSAD KARADAG;AGRI DIYADIN+D.BEYAZIT;GRİPORT COLD PAZARI;GRİPORT COLD;70;39,11%;-;0,00%;-;0,00%;70;9,59%;;;;;;;;;;;;
SAMSUN;KURSAD KARADAG;AGRI DIYADIN+D.BEYAZIT;GRİPORT COLD PAZARI;KATARIN;284;6,58%;131;6,03%;113;8,01%;40;5,48%;;;;;;;;;;;;
SAMSUN;KURSAD KARADAG;AGRI DIYADIN+D.BEYAZIT;GRİPORT COLD PAZARI;NUROFEN COLD FLUE;179;4,15%;64;2,94%;84;5,96%;31;4,25%;;;;;;;;;;;;
SAMSUN;KURSAD KARADAG;AGRI DIYADIN+D.BEYAZIT;GRİPORT COLD PAZARI;OTHER COLD PREP;983;22,79%;429;19,73%;253;17,94%;301;41,23%;;;;;;;;;;;;
SAMSUN;KURSAD KARADAG;AGRI DIYADIN+D.BEYAZIT;GRİPORT COLD PAZARI;OTHER COLD PREP - VIT C;1.124;26,05%;836;38,45%;156;11,06%;132;18,08%;;;;;;;;;;;;
SAMSUN;KURSAD KARADAG;AGRI DIYADIN+D.BEYAZIT;GRİPORT COLD PAZARI;GRİBEX COLD FLUE;80;1,85%;39;1,79%;26;1,84%;15;2,05%;;;;;;;;;;;;
SAMSUN;KURSAD KARADAG;AGRI DIYADIN+D.BEYAZIT;GRİPORT COLD PAZARI;GRIPORT COLD PAZARI TOPLAM;4.314;100,00%;2.174;100,00%;1.410;100,00%;730;100,00%;;;;;;;;;;;;
SAMSUN;KURSAD KARADAG;AGRI DIYADIN+D.BEYAZIT;FAMTREC PAZARI;FAMTREC;2;2,99%;2;5,88%;-;0,00%;-;0,00%;;;;;;;;;;;;
SAMSUN;KURSAD KARADAG;AGRI DIYADIN+D.BEYAZIT;FAMTREC PAZARI;BRUFEN;50;74,63%;17;50,00%;3;33,33%;30;125,00%;;;;;;;;;;;;
SAMSUN;KURSAD KARADAG;AGRI DIYADIN+D.BEYAZIT;FAMTREC PAZARI;DİĞER FAMOTİDİN;27;40,30%;15;44,12%;6;66,67%;6;25,00%;;;;;;;;;;;;
SAMSUN;KURSAD KARADAG;AGRI DIYADIN+D.BEYAZIT;FAMTREC PAZARI;FAMOTİDİN PAZARI TOPLAM;67;100,00%;34;100,00%;9;100,00%;24;100,00%;;;;;;;;;;;;
SAMSUN;KURSAD KARADAG;AGRI ILCELER;PANTAPROZOL PAZARI;PANOCER TOPLAM;683;16,59%;300;9,31%;381;55,87%;2;0,93%;;;;;;;;;;;;
SAMSUN;KURSAD KARADAG;AGRI ILCELER;PANTAPROZOL PAZARI;PANTO;2.606;63,30%;2.527;78,45%;38;5,57%;41;19,16%;;;;;;;;;;;;
SAMSUN;KURSAD KARADAG;AGRI ILCELER;PANTAPROZOL PAZARI;PANTACTIVE;234;5,68%;199;6,18%;28;4,11%;7;3,27%;;;;;;;;;;;;
SAMSUN;KURSAD KARADAG;AGRI ILCELER;PANTAPROZOL PAZARI;DIGER PANTAPROZOLE;398;9,67%;131;4,07%;143;20,97%;124;57,94%;;;;;;;;;;;;
SAMSUN;KURSAD KARADAG;AGRI ILCELER;PANTAPROZOL PAZARI;PULCET;196;4,76%;64;1,99%;92;13,49%;40;18,69%;;;;;;;;;;;;
SAMSUN;KURSAD KARADAG;AGRI ILCELER;PANTAPROZOL PAZARI; PANTOPRAZOLE PAZARI TOPLAM;4.117;100,00%;3.221;100,00%;682;100,00%;214;100,00%;;;;;;;;;;;;
SAMSUN;KURSAD KARADAG;AGRI ILCELER;ACIDPASS PAZARI;ACIDPASS TOPLAM;102;26,84%;18;23,38%;84;38,71%;-;0,00%;;;;;;;;;;;;
SAMSUN;KURSAD KARADAG;AGRI ILCELER;ACIDPASS PAZARI;TRIGAST;85;22,37%;36;46,75%;29;13,36%;20;23,26%;;;;;;;;;;;;
SAMSUN;KURSAD KARADAG;AGRI ILCELER;ACIDPASS PAZARI;TALCID;66;17,37%;18;23,38%;14;6,45%;34;39,53%;;;;;;;;;;;;
SAMSUN;KURSAD KARADAG;AGRI ILCELER;ACIDPASS PAZARI;RENNIE;125;32,89%;5;6,49%;89;41,01%;31;36,05%;;;;;;;;;;;;
SAMSUN;KURSAD KARADAG;AGRI ILCELER;ACIDPASS PAZARI;DIGER ACIDPASS;-;0,00%;-;0,00%;-;0,00%;-;0,00%;;;;;;;;;;;;
SAMSUN;KURSAD KARADAG;AGRI ILCELER;ACIDPASS PAZARI;FAMODİN PLUS;2;0,53%;-;0,00%;1;0,46%;1;1,16%;;;;;;;;;;;;
SAMSUN;KURSAD KARADAG;AGRI ILCELER;ACIDPASS PAZARI; ACIDPASS PAZARI TOPLAM;380;100,00%;77;100,00%;217;100,00%;86;100,00%;;;;;;;;;;;;
SAMSUN;KURSAD KARADAG;AGRI ILCELER;MOKSİFLOKSASİN PAZARI;MOKSEFEN;8;25,00%;2;14,29%;-;0,00%;6;50,00%;;;;;;;;;;;;
SAMSUN;KURSAD KARADAG;AGRI ILCELER;MOKSİFLOKSASİN PAZARI;AVELOX;21;65,62%;12;85,71%;3;50,00%;6;50,00%;;;;;;;;;;;;
SAMSUN;KURSAD KARADAG;AGRI ILCELER;MOKSİFLOKSASİN PAZARI;MOXAI;3;9,38%;-;0,00%;3;50,00%;-;0,00%;;;;;;;;;;;;
SAMSUN;KURSAD KARADAG;AGRI ILCELER;MOKSİFLOKSASİN PAZARI;DİĞER MOKSİFLOKSASİN;-;0,00%;-;0,00%;-;0,00%;-;0,00%;;;;;;;;;;;;
SAMSUN;KURSAD KARADAG;AGRI ILCELER;MOKSİFLOKSASİN PAZARI;DİĞER LEVOFLOKSASİN;-;0,00%;-;0,00%;-;0,00%;-;0,00%;;;;;;;;;;;;
SAMSUN;KURSAD KARADAG;AGRI ILCELER;MOKSİFLOKSASİN PAZARI;MOKSİFLOKSASİN PAZARI TOPLAM;32;100,00%;14;100,00%;6;100,00%;12;100,00%;;;;;;;;;;;;
SAMSUN;KURSAD KARADAG;AGRI ILCELER;GRİPORT COLD PAZARI;A FERİN;803;32,12%;34;5,56%;618;53,18%;151;20,80%;;;;;;;;;;;;
SAMSUN;KURSAD KARADAG;AGRI ILCELER;GRİPORT COLD PAZARI;GRİPORT COLD;-;0,00%;-;0,00%;-;0,00%;-;0,00%;;;;;;;;;;;;
SAMSUN;KURSAD KARADAG;AGRI ILCELER;GRİPORT COLD PAZARI;KATARIN;441;17,64%;85;13,89%;220;18,93%;136;18,73%;;;;;;;;;;;;
SAMSUN;KURSAD KARADAG;AGRI ILCELER;GRİPORT COLD PAZARI;NUROFEN COLD FLUE;78;3,12%;21;3,43%;19;1,64%;38;5,23%;;;;;;;;;;;;
SAMSUN;KURSAD KARADAG;AGRI ILCELER;GRİPORT COLD PAZARI;OTHER COLD PREP;561;22,44%;275;44,93%;162;13,94%;124;17,08%;;;;;;;;;;;;
SAMSUN;KURSAD KARADAG;AGRI ILCELER;GRİPORT COLD PAZARI;OTHER COLD PREP - VIT C;532;21,28%;197;32,19%;118;10,15%;217;29,89%;;;;;;;;;;;;
SAMSUN;KURSAD KARADAG;AGRI ILCELER;GRİPORT COLD PAZARI;GRİBEX COLD FLUE;85;3,40%;-;0,00%;25;2,15%;60;8,26%;;;;;;;;;;;;
SAMSUN;KURSAD KARADAG;AGRI ILCELER;GRİPORT COLD PAZARI;GRIPORT COLD PAZARI TOPLAM;2.500;100,00%;612;100,00%;1.162;100,00%;726;100,00%;;;;;;;;;;;;
SAMSUN;KURSAD KARADAG;AGRI ILCELER;FAMTREC PAZARI;FAMTREC;3;4,62%;-;0,00%;2;20,00%;1;2,17%;;;;;;;;;;;;
SAMSUN;KURSAD KARADAG;AGRI ILCELER;FAMTREC PAZARI;BRUFEN;65;100,00%;4;44,44%;2;20,00%;59;128,26%;;;;;;;;;;;;
SAMSUN;KURSAD KARADAG;AGRI ILCELER;FAMTREC PAZARI;DİĞER FAMOTİDİN;24;36,92%;5;55,56%;6;60,00%;13;28,26%;;;;;;;;;;;;
SAMSUN;KURSAD KARADAG;AGRI ILCELER;FAMTREC PAZARI;FAMOTİDİN PAZARI TOPLAM;65;100,00%;9;100,00%;10;100,00%;46;100,00%;;;;;;;;;;;;
SAMSUN;KURSAD KARADAG;AGRI MERKEZ;PANTAPROZOL PAZARI;PANOCER TOPLAM;165;4,54%;55;1,81%;68;18,99%;42;17,36%;;;;;;;;;;;;
SAMSUN;KURSAD KARADAG;AGRI MERKEZ;PANTAPROZOL PAZARI;PANTO;2.941;80,89%;2.788;91,83%;63;17,60%;90;37,19%;;;;;;;;;;;;
SAMSUN;KURSAD KARADAG;AGRI MERKEZ;PANTAPROZOL PAZARI;PANTACTIVE;94;2,59%;64;2,11%;6;1,68%;24;9,92%;;;;;;;;;;;;
SAMSUN;KURSAD KARADAG;AGRI MERKEZ;PANTAPROZOL PAZARI;DIGER PANTAPROZOLE;233;6,41%;64;2,11%;88;24,58%;81;33,47%;;;;;;;;;;;;
SAMSUN;KURSAD KARADAG;AGRI MERKEZ;PANTAPROZOL PAZARI;PULCET;203;5,58%;65;2,14%;133;37,15%;5;2,07%;;;;;;;;;;;;
SAMSUN;KURSAD KARADAG;AGRI MERKEZ;PANTAPROZOL PAZARI; PANTOPRAZOLE PAZARI TOPLAM;3.636;100,00%;3.036;100,00%;358;100,00%;242;100,00%;;;;;;;;;;;;
SAMSUN;KURSAD KARADAG;AGRI MERKEZ;ACIDPASS PAZARI;ACIDPASS TOPLAM;194;30,22%;77;34,22%;48;17,58%;69;47,92%;;;;;;;;;;;;
SAMSUN;KURSAD KARADAG;AGRI MERKEZ;ACIDPASS PAZARI;TRIGAST;153;23,83%;52;23,11%;77;28,21%;24;16,67%;;;;;;;;;;;;
SAMSUN;KURSAD KARADAG;AGRI MERKEZ;ACIDPASS PAZARI;TALCID;105;16,36%;59;26,22%;31;11,36%;15;10,42%;;;;;;;;;;;;
SAMSUN;KURSAD KARADAG;AGRI MERKEZ;ACIDPASS PAZARI;RENNIE;187;29,13%;34;15,11%;120;43,96%;33;22,92%;;;;;;;;;;;;
SAMSUN;KURSAD KARADAG;AGRI MERKEZ;ACIDPASS PAZARI;DIGER ACIDPASS;-;0,00%;3;1,33%;-3;-1,10%;-;0,00%;;;;;;;;;;;;
SAMSUN;KURSAD KARADAG;AGRI MERKEZ;ACIDPASS PAZARI;FAMODİN PLUS;3;0,47%;-;0,00%;-;0,00%;3;2,08%;;;;;;;;;;;;
SAMSUN;KURSAD KARADAG;AGRI MERKEZ;ACIDPASS PAZARI; ACIDPASS PAZARI TOPLAM;642;100,00%;225;100,00%;273;100,00%;144;100,00%;;;;;;;;;;;;
SAMSUN;KURSAD KARADAG;AGRI MERKEZ;MOKSİFLOKSASİN PAZARI;MOKSEFEN;43;34,68%;30;42,86%;13;30,95%;-;0,00%;;;;;;;;;;;;
SAMSUN;KURSAD KARADAG;AGRI MERKEZ;MOKSİFLOKSASİN PAZARI;AVELOX;36;29,03%;10;14,29%;15;35,71%;11;91,67%;;;;;;;;;;;;
SAMSUN;KURSAD KARADAG;AGRI MERKEZ;MOKSİFLOKSASİN PAZARI;MOXAI;34;27,42%;24;34,29%;9;21,43%;1;8,33%;;;;;;;;;;;;
SAMSUN;KURSAD KARADAG;AGRI MERKEZ;MOKSİFLOKSASİN PAZARI;DİĞER MOKSİFLOKSASİN;11;8,87%;6;8,57%;5;11,90%;-;0,00%;;;;;;;;;;;;
SAMSUN;KURSAD KARADAG;AGRI MERKEZ;MOKSİFLOKSASİN PAZARI;DİĞER LEVOFLOKSASİN;-;0,00%;-;0,00%;-;0,00%;-;0,00%;;;;;;;;;;;;
SAMSUN;KURSAD KARADAG;AGRI MERKEZ;MOKSİFLOKSASİN PAZARI;MOKSİFLOKSASİN PAZARI TOPLAM;124;100,00%;70;100,00%;42;100,00%;12;100,00%;;;;;;;;;;;;
SAMSUN;KURSAD KARADAG;AGRI MERKEZ;GRİPORT COLD PAZARI;A FERİN;2.124;57,44%;412;47,58%;550;50,41%;1.162;66,74%;;;;;;;;;;;;
SAMSUN;KURSAD KARADAG;AGRI MERKEZ;GRİPORT COLD PAZARI;GRİPORT COLD;9;5,45%;8;0,92%;1;0,09%;-;0,00%;;;;;;;;;;;;
SAMSUN;KURSAD KARADAG;AGRI MERKEZ;GRİPORT COLD PAZARI;KATARIN;210;5,68%;25;2,89%;126;11,55%;59;3,39%;;;;;;;;;;;;
SAMSUN;KURSAD KARADAG;AGRI MERKEZ;GRİPORT COLD PAZARI;NUROFEN COLD FLUE;165;4,46%;34;3,93%;33;3,02%;98;5,63%;;;;;;;;;;;;
SAMSUN;KURSAD KARADAG;AGRI MERKEZ;GRİPORT COLD PAZARI;OTHER COLD PREP;677;18,31%;306;35,33%;207;18,97%;164;9,42%;;;;;;;;;;;;
SAMSUN;KURSAD KARADAG;AGRI MERKEZ;GRİPORT COLD PAZARI;OTHER COLD PREP - VIT C;447;12,09%;78;9,01%;119;10,91%;250;14,36%;;;;;;;;;;;;
SAMSUN;KURSAD KARADAG;AGRI MERKEZ;GRİPORT COLD PAZARI;GRİBEX COLD FLUE;66;1,78%;3;0,35%;55;5,04%;8;0,46%;;;;;;;;;;;;
SAMSUN;KURSAD KARADAG;AGRI MERKEZ;GRİPORT COLD PAZARI;GRIPORT COLD PAZARI TOPLAM;3.698;100,00%;866;100,00%;1.091;100,00%;1.741;100,00%;;;;;;;;;;;;
SAMSUN;KURSAD KARADAG;AGRI MERKEZ;FAMTREC PAZARI;FAMTREC;4;6,56%;1;5,00%;1;6,25%;2;8,00%;;;;;;;;;;;;
SAMSUN;KURSAD KARADAG;AGRI MERKEZ;FAMTREC PAZARI;BRUFEN;52;85,25%;11;55,00%;15;93,75%;26;104,00%;;;;;;;;;;;;
SAMSUN;KURSAD KARADAG;AGRI MERKEZ;FAMTREC PAZARI;DİĞER FAMOTİDİN;9;14,75%;8;40,00%;-;0,00%;1;4,00%;;;;;;;;;;;;
SAMSUN;KURSAD KARADAG;AGRI MERKEZ;FAMTREC PAZARI;FAMOTİDİN PAZARI TOPLAM;61;100,00%;20;100,00%;16;100,00%;25;100,00%;;;;;;;;;;;;
SAMSUN;AYKUT DINLER;AMASYA GOYNUCEK+TASOVA;PANTAPROZOL PAZARI;PANOCER TOPLAM;139;6,40%;139;7,45%;-;0,00%;-;0,00%;;;;;;;;;;;;
SAMSUN;AYKUT DINLER;AMASYA GOYNUCEK+TASOVA;PANTAPROZOL PAZARI;PANTO;1.554;71,51%;1.511;81,02%;11;6,11%;32;25,00%;;;;;;;;;;;;
SAMSUN;AYKUT DINLER;AMASYA GOYNUCEK+TASOVA;PANTAPROZOL PAZARI;PANTACTIVE;104;4,79%;104;5,58%;-;0,00%;-;0,00%;;;;;;;;;;;;
SAMSUN;AYKUT DINLER;AMASYA GOYNUCEK+TASOVA;PANTAPROZOL PAZARI;DIGER PANTAPROZOLE;139;6,40%;77;4,13%;10;5,56%;52;40,62%;;;;;;;;;;;;
SAMSUN;AYKUT DINLER;AMASYA GOYNUCEK+TASOVA;PANTAPROZOL PAZARI;PULCET;237;10,91%;34;1,82%;159;88,33%;44;34,38%;;;;;;;;;;;;
SAMSUN;AYKUT DINLER;AMASYA GOYNUCEK+TASOVA;PANTAPROZOL PAZARI; PANTOPRAZOLE PAZARI TOPLAM;2.173;100,00%;1.865;100,00%;180;100,00%;128;100,00%;;;;;;;;;;;;
SAMSUN;AYKUT DINLER;AMASYA GOYNUCEK+TASOVA;ACIDPASS PAZARI;ACIDPASS TOPLAM;295;63,03%;39;39,00%;233;73,04%;23;46,94%;;;;;;;;;;;;
SAMSUN;AYKUT DINLER;AMASYA GOYNUCEK+TASOVA;ACIDPASS PAZARI;TRIGAST;61;13,03%;-;0,00%;61;19,12%;-;0,00%;;;;;;;;;;;;
SAMSUN;AYKUT DINLER;AMASYA GOYNUCEK+TASOVA;ACIDPASS PAZARI;TALCID;70;14,96%;45;45,00%;4;1,25%;21;42,86%;;;;;;;;;;;;
SAMSUN;AYKUT DINLER;AMASYA GOYNUCEK+TASOVA;ACIDPASS PAZARI;RENNIE;26;5,56%;-;0,00%;21;6,58%;5;10,20%;;;;;;;;;;;;
SAMSUN;AYKUT DINLER;AMASYA GOYNUCEK+TASOVA;ACIDPASS PAZARI;DIGER ACIDPASS;-;0,00%;-;0,00%;-;0,00%;-;0,00%;;;;;;;;;;;;
SAMSUN;AYKUT DINLER;AMASYA GOYNUCEK+TASOVA;ACIDPASS PAZARI;FAMODİN PLUS;16;3,42%;16;16,00%;-;0,00%;-;0,00%;;;;;;;;;;;;
SAMSUN;AYKUT DINLER;AMASYA GOYNUCEK+TASOVA;ACIDPASS PAZARI; ACIDPASS PAZARI TOPLAM;468;100,00%;100;100,00%;319;100,00%;49;100,00%;;;;;;;;;;;;
SAMSUN;AYKUT DINLER;AMASYA GOYNUCEK+TASOVA;MOKSİFLOKSASİN PAZARI;MOKSEFEN;49;36,30%;6;7,50%;30;93,75%;13;56,52%;;;;;;;;;;;;
SAMSUN;AYKUT DINLER;AMASYA GOYNUCEK+TASOVA;MOKSİFLOKSASİN PAZARI;AVELOX;40;29,63%;29;36,25%;1;3,12%;10;43,48%;;;;;;;;;;;;
SAMSUN;AYKUT DINLER;AMASYA GOYNUCEK+TASOVA;MOKSİFLOKSASİN PAZARI;MOXAI;45;33,33%;45;56,25%;-;0,00%;-;0,00%;;;;;;;;;;;;
SAMSUN;AYKUT DINLER;AMASYA GOYNUCEK+TASOVA;MOKSİFLOKSASİN PAZARI;DİĞER MOKSİFLOKSASİN;1;0,74%;-;0,00%;1;3,12%;-;0,00%;;;;;;;;;;;;
SAMSUN;AYKUT DINLER;AMASYA GOYNUCEK+TASOVA;MOKSİFLOKSASİN PAZARI;DİĞER LEVOFLOKSASİN;-;0,00%;-;0,00%;-;0,00%;-;0,00%;;;;;;;;;;;;
SAMSUN;AYKUT DINLER;AMASYA GOYNUCEK+TASOVA;MOKSİFLOKSASİN PAZARI;MOKSİFLOKSASİN PAZARI TOPLAM;135;100,00%;80;100,00%;32;100,00%;23;100,00%;;;;;;;;;;;;
SAMSUN;AYKUT DINLER;AMASYA GOYNUCEK+TASOVA;GRİPORT COLD PAZARI;A FERİN;664;48,22%;505;65,84%;148;45,40%;11;3,87%;;;;;;;;;;;;
SAMSUN;AYKUT DINLER;AMASYA GOYNUCEK+TASOVA;GRİPORT COLD PAZARI;GRİPORT COLD;101;58,05%;-;0,00%;40;12,27%;61;21,48%;;;;;;;;;;;;
SAMSUN;AYKUT DINLER;AMASYA GOYNUCEK+TASOVA;GRİPORT COLD PAZARI;KATARIN;159;11,55%;8;1,04%;71;21,78%;80;28,17%;;;;;;;;;;;;
SAMSUN;AYKUT DINLER;AMASYA GOYNUCEK+TASOVA;GRİPORT COLD PAZARI;NUROFEN COLD FLUE;174;12,64%;143;18,64%;21;6,44%;10;3,52%;;;;;;;;;;;;
SAMSUN;AYKUT DINLER;AMASYA GOYNUCEK+TASOVA;GRİPORT COLD PAZARI;OTHER COLD PREP;127;9,22%;51;6,65%;18;5,52%;58;20,42%;;;;;;;;;;;;
SAMSUN;AYKUT DINLER;AMASYA GOYNUCEK+TASOVA;GRİPORT COLD PAZARI;OTHER COLD PREP - VIT C;147;10,68%;57;7,43%;28;8,59%;62;21,83%;;;;;;;;;;;;
SAMSUN;AYKUT DINLER;AMASYA GOYNUCEK+TASOVA;GRİPORT COLD PAZARI;GRİBEX COLD FLUE;5;0,36%;3;0,39%;-;0,00%;2;0,70%;;;;;;;;;;;;
SAMSUN;AYKUT DINLER;AMASYA GOYNUCEK+TASOVA;GRİPORT COLD PAZARI;GRIPORT COLD PAZARI TOPLAM;1.377;100,00%;767;100,00%;326;100,00%;284;100,00%;;;;;;;;;;;;
SAMSUN;AYKUT DINLER;AMASYA GOYNUCEK+TASOVA;FAMTREC PAZARI;FAMTREC;4;12,50%;3;60,00%;-;0,00%;1;10,00%;;;;;;;;;;;;
SAMSUN;AYKUT DINLER;AMASYA GOYNUCEK+TASOVA;FAMTREC PAZARI;BRUFEN;64;200,00%;2;40,00%;17;100,00%;45;450,00%;;;;;;;;;;;;
SAMSUN;AYKUT DINLER;AMASYA GOYNUCEK+TASOVA;FAMTREC PAZARI;DİĞER FAMOTİDİN;35;109,38%;-;0,00%;-;0,00%;35;350,00%;;;;;;;;;;;;
SAMSUN;AYKUT DINLER;AMASYA GOYNUCEK+TASOVA;FAMTREC PAZARI;FAMOTİDİN PAZARI TOPLAM;32;100,00%;5;100,00%;17;100,00%;10;100,00%;;;;;;;;;;;;
SAMSUN;AYKUT DINLER;AMASYA ILCELER;PANTAPROZOL PAZARI;PANOCER TOPLAM;288;11,83%;84;5,85%;114;15,41%;90;34,62%;;;;;;;;;;;;
SAMSUN;AYKUT DINLER;AMASYA ILCELER;PANTAPROZOL PAZARI;PANTO;1.311;53,84%;1.215;84,67%;36;4,86%;60;23,08%;;;;;;;;;;;;
SAMSUN;AYKUT DINLER;AMASYA ILCELER;PANTAPROZOL PAZARI;PANTACTIVE;58;2,38%;-;0,00%;58;7,84%;-;0,00%;;;;;;;;;;;;
SAMSUN;AYKUT DINLER;AMASYA ILCELER;PANTAPROZOL PAZARI;DIGER PANTAPROZOLE;321;13,18%;80;5,57%;175;23,65%;66;25,38%;;;;;;;;;;;;
SAMSUN;AYKUT DINLER;AMASYA ILCELER;PANTAPROZOL PAZARI;PULCET;457;18,77%;56;3,90%;357;48,24%;44;16,92%;;;;;;;;;;;;
SAMSUN;AYKUT DINLER;AMASYA ILCELER;PANTAPROZOL PAZARI; PANTOPRAZOLE PAZARI TOPLAM;2.435;100,00%;1.435;100,00%;740;100,00%;260;100,00%;;;;;;;;;;;;
SAMSUN;AYKUT DINLER;AMASYA ILCELER;ACIDPASS PAZARI;ACIDPASS TOPLAM;170;15,60%;33;8,07%;103;34,80%;34;8,83%;;;;;;;;;;;;
SAMSUN;AYKUT DINLER;AMASYA ILCELER;ACIDPASS PAZARI;TRIGAST;160;14,68%;103;25,18%;34;11,49%;23;5,97%;;;;;;;;;;;;
SAMSUN;AYKUT DINLER;AMASYA ILCELER;ACIDPASS PAZARI;TALCID;373;34,22%;72;17,60%;37;12,50%;264;68,57%;;;;;;;;;;;;
SAMSUN;AYKUT DINLER;AMASYA ILCELER;ACIDPASS PAZARI;RENNIE;327;30,00%;155;37,90%;109;36,82%;63;16,36%;;;;;;;;;;;;
SAMSUN;AYKUT DINLER;AMASYA ILCELER;ACIDPASS PAZARI;DIGER ACIDPASS;1;0,09%;-;0,00%;-;0,00%;1;0,26%;;;;;;;;;;;;
SAMSUN;AYKUT DINLER;AMASYA ILCELER;ACIDPASS PAZARI;FAMODİN PLUS;59;5,41%;46;11,25%;13;4,39%;-;0,00%;;;;;;;;;;;;
SAMSUN;AYKUT DINLER;AMASYA ILCELER;ACIDPASS PAZARI; ACIDPASS PAZARI TOPLAM;1.090;100,00%;409;100,00%;296;100,00%;385;100,00%;;;;;;;;;;;;
SAMSUN;AYKUT DINLER;AMASYA ILCELER;MOKSİFLOKSASİN PAZARI;MOKSEFEN;-;0,00%;-;0,00%;-;0,00%;-;0,00%;;;;;;;;;;;;
SAMSUN;AYKUT DINLER;AMASYA ILCELER;MOKSİFLOKSASİN PAZARI;AVELOX;17;19,54%;7;13,46%;4;13,79%;6;100,00%;;;;;;;;;;;;
SAMSUN;AYKUT DINLER;AMASYA ILCELER;MOKSİFLOKSASİN PAZARI;MOXAI;45;51,72%;45;86,54%;-;0,00%;-;0,00%;;;;;;;;;;;;
SAMSUN;AYKUT DINLER;AMASYA ILCELER;MOKSİFLOKSASİN PAZARI;DİĞER MOKSİFLOKSASİN;25;28,74%;-;0,00%;25;86,21%;-;0,00%;;;;;;;;;;;;
SAMSUN;AYKUT DINLER;AMASYA ILCELER;MOKSİFLOKSASİN PAZARI;DİĞER LEVOFLOKSASİN;-;0,00%;-;0,00%;-;0,00%;-;0,00%;;;;;;;;;;;;
SAMSUN;AYKUT DINLER;AMASYA ILCELER;MOKSİFLOKSASİN PAZARI;MOKSİFLOKSASİN PAZARI TOPLAM;87;100,00%;52;100,00%;29;100,00%;6;100,00%;;;;;;;;;;;;
SAMSUN;AYKUT DINLER;AMASYA ILCELER;GRİPORT COLD PAZARI;A FERİN;433;21,69%;114;23,03%;169;24,04%;150;18,80%;;;;;;;;;;;;
SAMSUN;AYKUT DINLER;AMASYA ILCELER;GRİPORT COLD PAZARI;GRİPORT COLD;181;254,93%;30;6,06%;76;10,81%;75;9,40%;;;;;;;;;;;;
SAMSUN;AYKUT DINLER;AMASYA ILCELER;GRİPORT COLD PAZARI;KATARIN;197;9,87%;71;14,34%;25;3,56%;101;12,66%;;;;;;;;;;;;
SAMSUN;AYKUT DINLER;AMASYA ILCELER;GRİPORT COLD PAZARI;NUROFEN COLD FLUE;71;3,56%;5;1,01%;49;6,97%;17;2,13%;;;;;;;;;;;;
SAMSUN;AYKUT DINLER;AMASYA ILCELER;GRİPORT COLD PAZARI;OTHER COLD PREP;421;21,09%;88;17,78%;108;15,36%;225;28,20%;;;;;;;;;;;;
SAMSUN;AYKUT DINLER;AMASYA ILCELER;GRİPORT COLD PAZARI;OTHER COLD PREP - VIT C;447;22,39%;102;20,61%;135;19,20%;210;26,32%;;;;;;;;;;;;
SAMSUN;AYKUT DINLER;AMASYA ILCELER;GRİPORT COLD PAZARI;GRİBEX COLD FLUE;246;12,32%;85;17,17%;141;20,06%;20;2,51%;;;;;;;;;;;;
SAMSUN;AYKUT DINLER;AMASYA ILCELER;GRİPORT COLD PAZARI;GRIPORT COLD PAZARI TOPLAM;1.996;100,00%;495;100,00%;703;100,00%;798;100,00%;;;;;;;;;;;;
SAMSUN;AYKUT DINLER;AMASYA ILCELER;FAMTREC PAZARI;FAMTREC;3;2,08%;-;0,00%;3;7,89%;-;0,00%;;;;;;;;;;;;
SAMSUN;AYKUT DINLER;AMASYA ILCELER;FAMTREC PAZARI;BRUFEN;180;125,00%;60;100,00%;35;92,11%;85;184,78%;;;;;;;;;;;;
SAMSUN;AYKUT DINLER;AMASYA ILCELER;FAMTREC PAZARI;DİĞER FAMOTİDİN;39;27,08%;-;0,00%;-;0,00%;39;84,78%;;;;;;;;;;;;
SAMSUN;AYKUT DINLER;AMASYA ILCELER;FAMTREC PAZARI;FAMOTİDİN PAZARI TOPLAM;144;100,00%;60;100,00%;38;100,00%;46;100,00%;;;;;;;;;;;;
SAMSUN;AYKUT DINLER;AMASYA MERKEZ -1;PANTAPROZOL PAZARI;PANOCER TOPLAM;55;2,82%;13;0,78%;-;0,00%;42;22,70%;;;;;;;;;;;;
SAMSUN;AYKUT DINLER;AMASYA MERKEZ -1;PANTAPROZOL PAZARI;PANTO;1.487;76,37%;1.453;86,64%;5;5,88%;29;15,68%;;;;;;;;;;;;
SAMSUN;AYKUT DINLER;AMASYA MERKEZ -1;PANTAPROZOL PAZARI;PANTACTIVE;6;0,31%;6;0,36%;-;0,00%;-;0,00%;;;;;;;;;;;;
SAMSUN;AYKUT DINLER;AMASYA MERKEZ -1;PANTAPROZOL PAZARI;DIGER PANTAPROZOLE;326;16,74%;147;8,77%;77;90,59%;102;55,14%;;;;;;;;;;;;
SAMSUN;AYKUT DINLER;AMASYA MERKEZ -1;PANTAPROZOL PAZARI;PULCET;73;3,75%;58;3,46%;3;3,53%;12;6,49%;;;;;;;;;;;;
SAMSUN;AYKUT DINLER;AMASYA MERKEZ -1;PANTAPROZOL PAZARI; PANTOPRAZOLE PAZARI TOPLAM;1.947;100,00%;1.677;100,00%;85;100,00%;185;100,00%;;;;;;;;;;;;
SAMSUN;AYKUT DINLER;AMASYA MERKEZ -1;ACIDPASS PAZARI;ACIDPASS TOPLAM;91;24,46%;31;35,63%;60;27,78%;-;0,00%;;;;;;;;;;;;
SAMSUN;AYKUT DINLER;AMASYA MERKEZ -1;ACIDPASS PAZARI;TRIGAST;89;23,92%;4;4,60%;78;36,11%;7;10,14%;;;;;;;;;;;;
SAMSUN;AYKUT DINLER;AMASYA MERKEZ -1;ACIDPASS PAZARI;TALCID;56;15,05%;9;10,34%;26;12,04%;21;30,43%;;;;;;;;;;;;
SAMSUN;AYKUT DINLER;AMASYA MERKEZ -1;ACIDPASS PAZARI;RENNIE;115;30,91%;27;31,03%;52;24,07%;36;52,17%;;;;;;;;;;;;
SAMSUN;AYKUT DINLER;AMASYA MERKEZ -1;ACIDPASS PAZARI;DIGER ACIDPASS;2;0,54%;2;2,30%;-;0,00%;-;0,00%;;;;;;;;;;;;
SAMSUN;AYKUT DINLER;AMASYA MERKEZ -1;ACIDPASS PAZARI;FAMODİN PLUS;19;5,11%;14;16,09%;-;0,00%;5;7,25%;;;;;;;;;;;;
SAMSUN;AYKUT DINLER;AMASYA MERKEZ -1;ACIDPASS PAZARI; ACIDPASS PAZARI TOPLAM;372;100,00%;87;100,00%;216;100,00%;69;100,00%;;;;;;;;;;;;
SAMSUN;AYKUT DINLER;AMASYA MERKEZ -1;MOKSİFLOKSASİN PAZARI;MOKSEFEN;-;0,00%;-;0,00%;-;0,00%;-;0,00%;;;;;;;;;;;;
SAMSUN;AYKUT DINLER;AMASYA MERKEZ -1;MOKSİFLOKSASİN PAZARI;AVELOX;44;97,78%;26;100,00%;10;100,00%;8;88,89%;;;;;;;;;;;;
SAMSUN;AYKUT DINLER;AMASYA MERKEZ -1;MOKSİFLOKSASİN PAZARI;MOXAI;1;2,22%;-;0,00%;-;0,00%;1;11,11%;;;;;;;;;;;;
SAMSUN;AYKUT DINLER;AMASYA MERKEZ -1;MOKSİFLOKSASİN PAZARI;DİĞER MOKSİFLOKSASİN;-;0,00%;-;0,00%;-;0,00%;-;0,00%;;;;;;;;;;;;
SAMSUN;AYKUT DINLER;AMASYA MERKEZ -1;MOKSİFLOKSASİN PAZARI;DİĞER LEVOFLOKSASİN;-;0,00%;-;0,00%;-;0,00%;-;0,00%;;;;;;;;;;;;
SAMSUN;AYKUT DINLER;AMASYA MERKEZ -1;MOKSİFLOKSASİN PAZARI;MOKSİFLOKSASİN PAZARI TOPLAM;45;100,00%;26;100,00%;10;100,00%;9;100,00%;;;;;;;;;;;;
SAMSUN;AYKUT DINLER;AMASYA MERKEZ -1;GRİPORT COLD PAZARI;A FERİN;458;20,14%;55;9,95%;372;27,91%;31;7,99%;;;;;;;;;;;;
SAMSUN;AYKUT DINLER;AMASYA MERKEZ -1;GRİPORT COLD PAZARI;GRİPORT COLD;88;586,67%;46;8,32%;11;0,83%;31;7,99%;;;;;;;;;;;;
SAMSUN;AYKUT DINLER;AMASYA MERKEZ -1;GRİPORT COLD PAZARI;KATARIN;164;7,21%;44;7,96%;96;7,20%;24;6,19%;;;;;;;;;;;;
SAMSUN;AYKUT DINLER;AMASYA MERKEZ -1;GRİPORT COLD PAZARI;NUROFEN COLD FLUE;15;0,66%;12;2,17%;-;0,00%;3;0,77%;;;;;;;;;;;;
SAMSUN;AYKUT DINLER;AMASYA MERKEZ -1;GRİPORT COLD PAZARI;OTHER COLD PREP;780;34,30%;268;48,46%;341;25,58%;171;44,07%;;;;;;;;;;;;
SAMSUN;AYKUT DINLER;AMASYA MERKEZ -1;GRİPORT COLD PAZARI;OTHER COLD PREP - VIT C;304;13,37%;111;20,07%;80;6,00%;113;29,12%;;;;;;;;;;;;
SAMSUN;AYKUT DINLER;AMASYA MERKEZ -1;GRİPORT COLD PAZARI;GRİBEX COLD FLUE;465;20,45%;17;3,07%;433;32,48%;15;3,87%;;;;;;;;;;;;
SAMSUN;AYKUT DINLER;AMASYA MERKEZ -1;GRİPORT COLD PAZARI;GRIPORT COLD PAZARI TOPLAM;2.274;100,00%;553;100,00%;1.333;100,00%;388;100,00%;;;;;;;;;;;;
SAMSUN;AYKUT DINLER;AMASYA MERKEZ -1;FAMTREC PAZARI;FAMTREC;30;32,26%;8;53,33%;19;33,33%;3;14,29%;;;;;;;;;;;;
SAMSUN;AYKUT DINLER;AMASYA MERKEZ -1;FAMTREC PAZARI;BRUFEN;86;92,47%;7;46,67%;7;12,28%;72;342,86%;;;;;;;;;;;;
SAMSUN;AYKUT DINLER;AMASYA MERKEZ -1;FAMTREC PAZARI;DİĞER FAMOTİDİN;82;88,17%;-;0,00%;31;54,39%;51;242,86%;;;;;;;;;;;;
SAMSUN;AYKUT DINLER;AMASYA MERKEZ -1;FAMTREC PAZARI;FAMOTİDİN PAZARI TOPLAM;93;100,00%;15;100,00%;57;100,00%;21;100,00%;;;;;;;;;;;;
SAMSUN;AYKUT DINLER;AMASYA MERKEZ -2;PANTAPROZOL PAZARI;PANOCER TOPLAM;295;9,88%;127;6,61%;152;20,08%;16;5,18%;;;;;;;;;;;;
SAMSUN;AYKUT DINLER;AMASYA MERKEZ -2;PANTAPROZOL PAZARI;PANTO;1.361;45,58%;1.173;61,09%;123;16,25%;65;21,04%;;;;;;;;;;;;
SAMSUN;AYKUT DINLER;AMASYA MERKEZ -2;PANTAPROZOL PAZARI;PANTACTIVE;368;12,32%;344;17,92%;6;0,79%;18;5,83%;;;;;;;;;;;;
SAMSUN;AYKUT DINLER;AMASYA MERKEZ -2;PANTAPROZOL PAZARI;DIGER PANTAPROZOLE;442;14,80%;212;11,04%;77;10,17%;153;49,51%;;;;;;;;;;;;
SAMSUN;AYKUT DINLER;AMASYA MERKEZ -2;PANTAPROZOL PAZARI;PULCET;520;17,41%;64;3,33%;399;52,71%;57;18,45%;;;;;;;;;;;;
SAMSUN;AYKUT DINLER;AMASYA MERKEZ -2;PANTAPROZOL PAZARI; PANTOPRAZOLE PAZARI TOPLAM;2.986;100,00%;1.920;100,00%;757;100,00%;309;100,00%;;;;;;;;;;;;
SAMSUN;AYKUT DINLER;AMASYA MERKEZ -2;ACIDPASS PAZARI;ACIDPASS TOPLAM;102;11,94%;22;10,63%;35;9,41%;45;16,36%;;;;;;;;;;;;
SAMSUN;AYKUT DINLER;AMASYA MERKEZ -2;ACIDPASS PAZARI;TRIGAST;260;30,44%;29;14,01%;183;49,19%;48;17,45%;;;;;;;;;;;;
SAMSUN;AYKUT DINLER;AMASYA MERKEZ -2;ACIDPASS PAZARI;TALCID;203;23,77%;81;39,13%;31;8,33%;91;33,09%;;;;;;;;;;;;
SAMSUN;AYKUT DINLER;AMASYA MERKEZ -2;ACIDPASS PAZARI;RENNIE;225;26,35%;43;20,77%;111;29,84%;71;25,82%;;;;;;;;;;;;
SAMSUN;AYKUT DINLER;AMASYA MERKEZ -2;ACIDPASS PAZARI;DIGER ACIDPASS;1;0,12%;-;0,00%;-;0,00%;1;0,36%;;;;;;;;;;;;
SAMSUN;AYKUT DINLER;AMASYA MERKEZ -2;ACIDPASS PAZARI;FAMODİN PLUS;63;7,38%;32;15,46%;12;3,23%;19;6,91%;;;;;;;;;;;;
SAMSUN;AYKUT DINLER;AMASYA MERKEZ -2;ACIDPASS PAZARI; ACIDPASS PAZARI TOPLAM;854;100,00%;207;100,00%;372;100,00%;275;100,00%;;;;;;;;;;;;
SAMSUN;AYKUT DINLER;AMASYA MERKEZ -2;MOKSİFLOKSASİN PAZARI;MOKSEFEN;13;10,40%;12;30,00%;-;0,00%;1;2,04%;;;;;;;;;;;;
SAMSUN;AYKUT DINLER;AMASYA MERKEZ -2;MOKSİFLOKSASİN PAZARI;AVELOX;83;66,40%;22;55,00%;28;77,78%;33;67,35%;;;;;;;;;;;;
SAMSUN;AYKUT DINLER;AMASYA MERKEZ -2;MOKSİFLOKSASİN PAZARI;MOXAI;13;10,40%;5;12,50%;2;5,56%;6;12,24%;;;;;;;;;;;;
SAMSUN;AYKUT DINLER;AMASYA MERKEZ -2;MOKSİFLOKSASİN PAZARI;DİĞER MOKSİFLOKSASİN;12;9,60%;1;2,50%;6;16,67%;5;10,20%;;;;;;;;;;;;
SAMSUN;AYKUT DINLER;AMASYA MERKEZ -2;MOKSİFLOKSASİN PAZARI;DİĞER LEVOFLOKSASİN;4;3,20%;-;0,00%;-;0,00%;4;8,16%;;;;;;;;;;;;
SAMSUN;AYKUT DINLER;AMASYA MERKEZ -2;MOKSİFLOKSASİN PAZARI;MOKSİFLOKSASİN PAZARI TOPLAM;125;100,00%;40;100,00%;36;100,00%;49;100,00%;;;;;;;;;;;;
SAMSUN;AYKUT DINLER;AMASYA MERKEZ -2;GRİPORT COLD PAZARI;A FERİN;453;12,95%;76;12,60%;74;5,09%;303;21,01%;;;;;;;;;;;;
SAMSUN;AYKUT DINLER;AMASYA MERKEZ -2;GRİPORT COLD PAZARI;GRİPORT COLD;66;98,51%;24;3,98%;24;1,65%;18;1,25%;;;;;;;;;;;;
SAMSUN;AYKUT DINLER;AMASYA MERKEZ -2;GRİPORT COLD PAZARI;KATARIN;182;5,20%;42;6,97%;34;2,34%;106;7,35%;;;;;;;;;;;;
SAMSUN;AYKUT DINLER;AMASYA MERKEZ -2;GRİPORT COLD PAZARI;NUROFEN COLD FLUE;67;1,92%;20;3,32%;22;1,51%;25;1,73%;;;;;;;;;;;;
SAMSUN;AYKUT DINLER;AMASYA MERKEZ -2;GRİPORT COLD PAZARI;OTHER COLD PREP;1.270;36,31%;216;35,82%;414;28,49%;640;44,38%;;;;;;;;;;;;
SAMSUN;AYKUT DINLER;AMASYA MERKEZ -2;GRİPORT COLD PAZARI;OTHER COLD PREP - VIT C;841;24,04%;146;24,21%;455;31,31%;240;16,64%;;;;;;;;;;;;
SAMSUN;AYKUT DINLER;AMASYA MERKEZ -2;GRİPORT COLD PAZARI;GRİBEX COLD FLUE;619;17,70%;79;13,10%;430;29,59%;110;7,63%;;;;;;;;;;;;
SAMSUN;AYKUT DINLER;AMASYA MERKEZ -2;GRİPORT COLD PAZARI;GRIPORT COLD PAZARI TOPLAM;3.498;100,00%;603;100,00%;1.453;100,00%;1.442;100,00%;;;;;;;;;;;;
SAMSUN;AYKUT DINLER;AMASYA MERKEZ -2;FAMTREC PAZARI;FAMTREC;8;4,82%;3;4,05%;3;6,67%;2;4,26%;;;;;;;;;;;;
SAMSUN;AYKUT DINLER;AMASYA MERKEZ -2;FAMTREC PAZARI;BRUFEN;134;80,72%;46;62,16%;30;66,67%;58;123,40%;;;;;;;;;;;;
SAMSUN;AYKUT DINLER;AMASYA MERKEZ -2;FAMTREC PAZARI;DİĞER FAMOTİDİN;48;28,92%;25;33,78%;12;26,67%;11;23,40%;;;;;;;;;;;;
SAMSUN;AYKUT DINLER;AMASYA MERKEZ -2;FAMTREC PAZARI;FAMOTİDİN PAZARI TOPLAM;166;100,00%;74;100,00%;45;100,00%;47;100,00%;;;;;;;;;;;;
SAMSUN;AYKUT DINLER;AMASYA MERZIFON;PANTAPROZOL PAZARI;PANOCER TOPLAM;634;19,83%;101;7,51%;476;38,89%;57;9,08%;;;;;;;;;;;;
SAMSUN;AYKUT DINLER;AMASYA MERZIFON;PANTAPROZOL PAZARI;PANTO;1.511;47,26%;1.049;77,99%;69;5,64%;393;62,58%;;;;;;;;;;;;
SAMSUN;AYKUT DINLER;AMASYA MERZIFON;PANTAPROZOL PAZARI;PANTACTIVE;66;2,06%;12;0,89%;46;3,76%;8;1,27%;;;;;;;;;;;;
SAMSUN;AYKUT DINLER;AMASYA MERZIFON;PANTAPROZOL PAZARI;DIGER PANTAPROZOLE;221;6,91%;60;4,46%;69;5,64%;92;14,65%;;;;;;;;;;;;
SAMSUN;AYKUT DINLER;AMASYA MERZIFON;PANTAPROZOL PAZARI;PULCET;765;23,93%;123;9,14%;564;46,08%;78;12,42%;;;;;;;;;;;;
SAMSUN;AYKUT DINLER;AMASYA MERZIFON;PANTAPROZOL PAZARI; PANTOPRAZOLE PAZARI TOPLAM;3.197;100,00%;1.345;100,00%;1.224;100,00%;628;100,00%;;;;;;;;;;;;
SAMSUN;AYKUT DINLER;AMASYA MERZIFON;ACIDPASS PAZARI;ACIDPASS TOPLAM;178;20,16%;46;12,71%;99;28,05%;33;19,64%;;;;;;;;;;;;
SAMSUN;AYKUT DINLER;AMASYA MERZIFON;ACIDPASS PAZARI;TRIGAST;221;25,03%;171;47,24%;5;1,42%;45;26,79%;;;;;;;;;;;;
SAMSUN;AYKUT DINLER;AMASYA MERZIFON;ACIDPASS PAZARI;TALCID;228;25,82%;124;34,25%;97;27,48%;7;4,17%;;;;;;;;;;;;
SAMSUN;AYKUT DINLER;AMASYA MERZIFON;ACIDPASS PAZARI;RENNIE;195;22,08%;21;5,80%;104;29,46%;70;41,67%;;;;;;;;;;;;
SAMSUN;AYKUT DINLER;AMASYA MERZIFON;ACIDPASS PAZARI;DIGER ACIDPASS;3;0,34%;-;0,00%;3;0,85%;-;0,00%;;;;;;;;;;;;
SAMSUN;AYKUT DINLER;AMASYA MERZIFON;ACIDPASS PAZARI;FAMODİN PLUS;58;6,57%;-;0,00%;45;12,75%;13;7,74%;;;;;;;;;;;;
SAMSUN;AYKUT DINLER;AMASYA MERZIFON;ACIDPASS PAZARI; ACIDPASS PAZARI TOPLAM;883;100,00%;362;100,00%;353;100,00%;168;100,00%;;;;;;;;;;;;
SAMSUN;AYKUT DINLER;AMASYA MERZIFON;MOKSİFLOKSASİN PAZARI;MOKSEFEN;7;7,78%;-;0,00%;6;28,57%;1;1,92%;;;;;;;;;;;;
SAMSUN;AYKUT DINLER;AMASYA MERZIFON;MOKSİFLOKSASİN PAZARI;AVELOX;31;34,44%;11;64,71%;12;57,14%;8;15,38%;;;;;;;;;;;;
SAMSUN;AYKUT DINLER;AMASYA MERZIFON;MOKSİFLOKSASİN PAZARI;MOXAI;3;3,33%;-;0,00%;2;9,52%;1;1,92%;;;;;;;;;;;;
SAMSUN;AYKUT DINLER;AMASYA MERZIFON;MOKSİFLOKSASİN PAZARI;DİĞER MOKSİFLOKSASİN;45;50,00%;6;35,29%;1;4,76%;38;73,08%;;;;;;;;;;;;
SAMSUN;AYKUT DINLER;AMASYA MERZIFON;MOKSİFLOKSASİN PAZARI;DİĞER LEVOFLOKSASİN;4;4,44%;-;0,00%;-;0,00%;4;7,69%;;;;;;;;;;;;
SAMSUN;AYKUT DINLER;AMASYA MERZIFON;MOKSİFLOKSASİN PAZARI;MOKSİFLOKSASİN PAZARI TOPLAM;90;100,00%;17;100,00%;21;100,00%;52;100,00%;;;;;;;;;;;;
SAMSUN;AYKUT DINLER;AMASYA MERZIFON;GRİPORT COLD PAZARI;A FERİN;340;14,91%;-;0,00%;197;24,50%;143;24,49%;;;;;;;;;;;;
SAMSUN;AYKUT DINLER;AMASYA MERZIFON;GRİPORT COLD PAZARI;GRİPORT COLD;106;92,17%;38;4,26%;53;6,59%;15;2,57%;;;;;;;;;;;;
SAMSUN;AYKUT DINLER;AMASYA MERZIFON;GRİPORT COLD PAZARI;KATARIN;122;5,35%;26;2,91%;57;7,09%;39;6,68%;;;;;;;;;;;;
SAMSUN;AYKUT DINLER;AMASYA MERZIFON;GRİPORT COLD PAZARI;NUROFEN COLD FLUE;115;5,04%;75;8,40%;35;4,35%;5;0,86%;;;;;;;;;;;;
SAMSUN;AYKUT DINLER;AMASYA MERZIFON;GRİPORT COLD PAZARI;OTHER COLD PREP;947;41,52%;621;69,54%;206;25,62%;120;20,55%;;;;;;;;;;;;
SAMSUN;AYKUT DINLER;AMASYA MERZIFON;GRİPORT COLD PAZARI;OTHER COLD PREP - VIT C;565;24,77%;123;13,77%;202;25,12%;240;41,10%;;;;;;;;;;;;
SAMSUN;AYKUT DINLER;AMASYA MERZIFON;GRİPORT COLD PAZARI;GRİBEX COLD FLUE;86;3,77%;10;1,12%;54;6,72%;22;3,77%;;;;;;;;;;;;
SAMSUN;AYKUT DINLER;AMASYA MERZIFON;GRİPORT COLD PAZARI;GRIPORT COLD PAZARI TOPLAM;2.281;100,00%;893;100,00%;804;100,00%;584;100,00%;;;;;;;;;;;;
SAMSUN;AYKUT DINLER;AMASYA MERZIFON;FAMTREC PAZARI;FAMTREC;65;82,28%;20;39,22%;7;53,85%;38;253,33%;;;;;;;;;;;;
SAMSUN;AYKUT DINLER;AMASYA MERZIFON;FAMTREC PAZARI;BRUFEN;55;69,62%;29;56,86%;6;46,15%;20;133,33%;;;;;;;;;;;;
SAMSUN;AYKUT DINLER;AMASYA MERZIFON;FAMTREC PAZARI;DİĞER FAMOTİDİN;7;8,86%;2;3,92%;-;0,00%;5;33,33%;;;;;;;;;;;;
SAMSUN;AYKUT DINLER;AMASYA MERZIFON;FAMTREC PAZARI;FAMOTİDİN PAZARI TOPLAM;79;100,00%;51;100,00%;13;100,00%;15;100,00%;;;;;;;;;;;;
SAMSUN;MURAT KANDIS;ARTVIN KUZEY ILCELER;PANTAPROZOL PAZARI;PANOCER TOPLAM;612;14,29%;55;1,84%;368;42,40%;189;43,85%;;;;;;;;;;;;
SAMSUN;MURAT KANDIS;ARTVIN KUZEY ILCELER;PANTAPROZOL PAZARI;PANTO;2.768;64,64%;2.566;86,02%;64;7,37%;138;32,02%;;;;;;;;;;;;
SAMSUN;MURAT KANDIS;ARTVIN KUZEY ILCELER;PANTAPROZOL PAZARI;PANTACTIVE;16;0,37%;4;0,13%;-;0,00%;12;2,78%;;;;;;;;;;;;
SAMSUN;MURAT KANDIS;ARTVIN KUZEY ILCELER;PANTAPROZOL PAZARI;DIGER PANTAPROZOLE;475;11,09%;257;8,62%;152;17,51%;66;15,31%;;;;;;;;;;;;
SAMSUN;MURAT KANDIS;ARTVIN KUZEY ILCELER;PANTAPROZOL PAZARI;PULCET;411;9,60%;101;3,39%;284;32,72%;26;6,03%;;;;;;;;;;;;
SAMSUN;MURAT KANDIS;ARTVIN KUZEY ILCELER;PANTAPROZOL PAZARI; PANTOPRAZOLE PAZARI TOPLAM;4.282;100,00%;2.983;100,00%;868;100,00%;431;100,00%;;;;;;;;;;;;
SAMSUN;MURAT KANDIS;ARTVIN KUZEY ILCELER;ACIDPASS PAZARI;ACIDPASS TOPLAM;418;36,93%;190;55,23%;156;41,49%;72;17,48%;;;;;;;;;;;;
SAMSUN;MURAT KANDIS;ARTVIN KUZEY ILCELER;ACIDPASS PAZARI;TRIGAST;45;3,98%;8;2,33%;11;2,93%;26;6,31%;;;;;;;;;;;;
SAMSUN;MURAT KANDIS;ARTVIN KUZEY ILCELER;ACIDPASS PAZARI;TALCID;377;33,30%;68;19,77%;108;28,72%;201;48,79%;;;;;;;;;;;;
SAMSUN;MURAT KANDIS;ARTVIN KUZEY ILCELER;ACIDPASS PAZARI;RENNIE;265;23,41%;77;22,38%;81;21,54%;107;25,97%;;;;;;;;;;;;
SAMSUN;MURAT KANDIS;ARTVIN KUZEY ILCELER;ACIDPASS PAZARI;DIGER ACIDPASS;27;2,39%;1;0,29%;20;5,32%;6;1,46%;;;;;;;;;;;;
SAMSUN;MURAT KANDIS;ARTVIN KUZEY ILCELER;ACIDPASS PAZARI;FAMODİN PLUS;-;0,00%;-;0,00%;-;0,00%;-;0,00%;;;;;;;;;;;;
SAMSUN;MURAT KANDIS;ARTVIN KUZEY ILCELER;ACIDPASS PAZARI; ACIDPASS PAZARI TOPLAM;1.132;100,00%;344;100,00%;376;100,00%;412;100,00%;;;;;;;;;;;;
SAMSUN;MURAT KANDIS;ARTVIN KUZEY ILCELER;MOKSİFLOKSASİN PAZARI;MOKSEFEN;56;36,60%;56;58,33%;-;0,00%;-;0,00%;;;;;;;;;;;;
SAMSUN;MURAT KANDIS;ARTVIN KUZEY ILCELER;MOKSİFLOKSASİN PAZARI;AVELOX;80;52,29%;40;41,67%;25;80,65%;15;57,69%;;;;;;;;;;;;
SAMSUN;MURAT KANDIS;ARTVIN KUZEY ILCELER;MOKSİFLOKSASİN PAZARI;MOXAI;17;11,11%;-;0,00%;6;19,35%;11;42,31%;;;;;;;;;;;;
SAMSUN;MURAT KANDIS;ARTVIN KUZEY ILCELER;MOKSİFLOKSASİN PAZARI;DİĞER MOKSİFLOKSASİN;-;0,00%;-;0,00%;-;0,00%;-;0,00%;;;;;;;;;;;;
SAMSUN;MURAT KANDIS;ARTVIN KUZEY ILCELER;MOKSİFLOKSASİN PAZARI;DİĞER LEVOFLOKSASİN;-;0,00%;-;0,00%;-;0,00%;-;0,00%;;;;;;;;;;;;
SAMSUN;MURAT KANDIS;ARTVIN KUZEY ILCELER;MOKSİFLOKSASİN PAZARI;MOKSİFLOKSASİN PAZARI TOPLAM;153;100,00%;96;100,00%;31;100,00%;26;100,00%;;;;;;;;;;;;
SAMSUN;MURAT KANDIS;ARTVIN KUZEY ILCELER;GRİPORT COLD PAZARI;A FERİN;704;13,31%;208;16,10%;420;14,36%;76;7,08%;;;;;;;;;;;;
SAMSUN;MURAT KANDIS;ARTVIN KUZEY ILCELER;GRİPORT COLD PAZARI;GRİPORT COLD;70;4,32%;29;2,24%;2;0,07%;39;3,63%;;;;;;;;;;;;
SAMSUN;MURAT KANDIS;ARTVIN KUZEY ILCELER;GRİPORT COLD PAZARI;KATARIN;295;5,58%;95;7,35%;165;5,64%;35;3,26%;;;;;;;;;;;;
SAMSUN;MURAT KANDIS;ARTVIN KUZEY ILCELER;GRİPORT COLD PAZARI;NUROFEN COLD FLUE;1.620;30,62%;155;12,00%;1.335;45,66%;130;12,10%;;;;;;;;;;;;
SAMSUN;MURAT KANDIS;ARTVIN KUZEY ILCELER;GRİPORT COLD PAZARI;OTHER COLD PREP;946;17,88%;336;26,01%;263;8,99%;347;32,31%;;;;;;;;;;;;
SAMSUN;MURAT KANDIS;ARTVIN KUZEY ILCELER;GRİPORT COLD PAZARI;OTHER COLD PREP - VIT C;1.113;21,04%;371;28,72%;281;9,61%;461;42,92%;;;;;;;;;;;;
SAMSUN;MURAT KANDIS;ARTVIN KUZEY ILCELER;GRİPORT COLD PAZARI;GRİBEX COLD FLUE;542;10,25%;98;7,59%;458;15,66%;-14;-1,30%;;;;;;;;;;;;
SAMSUN;MURAT KANDIS;ARTVIN KUZEY ILCELER;GRİPORT COLD PAZARI;GRIPORT COLD PAZARI TOPLAM;5.290;100,00%;1.292;100,00%;2.924;100,00%;1.074;100,00%;;;;;;;;;;;;
SAMSUN;MURAT KANDIS;ARTVIN KUZEY ILCELER;FAMTREC PAZARI;FAMTREC;11;2,04%;8;2,22%;1;1,02%;2;2,50%;;;;;;;;;;;;
SAMSUN;MURAT KANDIS;ARTVIN KUZEY ILCELER;FAMTREC PAZARI;BRUFEN;631;117,29%;352;97,78%;97;98,98%;182;227,50%;;;;;;;;;;;;
SAMSUN;MURAT KANDIS;ARTVIN KUZEY ILCELER;FAMTREC PAZARI;DİĞER FAMOTİDİN;102;18,96%;-;0,00%;-;0,00%;102;127,50%;;;;;;;;;;;;
SAMSUN;MURAT KANDIS;ARTVIN KUZEY ILCELER;FAMTREC PAZARI;FAMOTİDİN PAZARI TOPLAM;538;100,00%;360;100,00%;98;100,00%;80;100,00%;;;;;;;;;;;;
SAMSUN;MURAT KANDIS;ARTVIN MERKEZ+DOGU+GUNEY;PANTAPROZOL PAZARI;PANOCER TOPLAM;602;13,00%;300;10,06%;-;0,00%;302;44,02%;;;;;;;;;;;;
SAMSUN;MURAT KANDIS;ARTVIN MERKEZ+DOGU+GUNEY;PANTAPROZOL PAZARI;PANTO;2.738;59,12%;2.596;87,06%;55;5,71%;87;12,68%;;;;;;;;;;;;
SAMSUN;MURAT KANDIS;ARTVIN MERKEZ+DOGU+GUNEY;PANTAPROZOL PAZARI;PANTACTIVE;64;1,38%;-;0,00%;6;0,62%;58;8,45%;;;;;;;;;;;;
SAMSUN;MURAT KANDIS;ARTVIN MERKEZ+DOGU+GUNEY;PANTAPROZOL PAZARI;DIGER PANTAPROZOLE;236;5,10%;17;0,57%;74;7,68%;145;21,14%;;;;;;;;;;;;
SAMSUN;MURAT KANDIS;ARTVIN MERKEZ+DOGU+GUNEY;PANTAPROZOL PAZARI;PULCET;991;21,40%;69;2,31%;828;85,98%;94;13,70%;;;;;;;;;;;;
SAMSUN;MURAT KANDIS;ARTVIN MERKEZ+DOGU+GUNEY;PANTAPROZOL PAZARI; PANTOPRAZOLE PAZARI TOPLAM;4.631;100,00%;2.982;100,00%;963;100,00%;686;100,00%;;;;;;;;;;;;
SAMSUN;MURAT KANDIS;ARTVIN MERKEZ+DOGU+GUNEY;ACIDPASS PAZARI;ACIDPASS TOPLAM;157;25,00%;11;11,22%;124;31,08%;22;16,79%;;;;;;;;;;;;
SAMSUN;MURAT KANDIS;ARTVIN MERKEZ+DOGU+GUNEY;ACIDPASS PAZARI;TRIGAST;52;8,28%;-;0,00%;28;7,02%;24;18,32%;;;;;;;;;;;;
SAMSUN;MURAT KANDIS;ARTVIN MERKEZ+DOGU+GUNEY;ACIDPASS PAZARI;TALCID;103;16,40%;60;61,22%;35;8,77%;8;6,11%;;;;;;;;;;;;
SAMSUN;MURAT KANDIS;ARTVIN MERKEZ+DOGU+GUNEY;ACIDPASS PAZARI;RENNIE;297;47,29%;22;22,45%;206;51,63%;69;52,67%;;;;;;;;;;;;
SAMSUN;MURAT KANDIS;ARTVIN MERKEZ+DOGU+GUNEY;ACIDPASS PAZARI;DIGER ACIDPASS;9;1,43%;3;3,06%;3;0,75%;3;2,29%;;;;;;;;;;;;
SAMSUN;MURAT KANDIS;ARTVIN MERKEZ+DOGU+GUNEY;ACIDPASS PAZARI;FAMODİN PLUS;10;1,59%;2;2,04%;3;0,75%;5;3,82%;;;;;;;;;;;;
SAMSUN;MURAT KANDIS;ARTVIN MERKEZ+DOGU+GUNEY;ACIDPASS PAZARI; ACIDPASS PAZARI TOPLAM;628;100,00%;98;100,00%;399;100,00%;131;100,00%;;;;;;;;;;;;
SAMSUN;MURAT KANDIS;ARTVIN MERKEZ+DOGU+GUNEY;MOKSİFLOKSASİN PAZARI;MOKSEFEN;170;79,81%;6;24,00%;157;89,71%;7;53,85%;;;;;;;;;;;;
SAMSUN;MURAT KANDIS;ARTVIN MERKEZ+DOGU+GUNEY;MOKSİFLOKSASİN PAZARI;AVELOX;42;19,72%;19;76,00%;18;10,29%;5;38,46%;;;;;;;;;;;;
SAMSUN;MURAT KANDIS;ARTVIN MERKEZ+DOGU+GUNEY;MOKSİFLOKSASİN PAZARI;MOXAI;1;0,47%;-;0,00%;-;0,00%;1;7,69%;;;;;;;;;;;;
SAMSUN;MURAT KANDIS;ARTVIN MERKEZ+DOGU+GUNEY;MOKSİFLOKSASİN PAZARI;DİĞER MOKSİFLOKSASİN;-;0,00%;-;0,00%;-;0,00%;-;0,00%;;;;;;;;;;;;
SAMSUN;MURAT KANDIS;ARTVIN MERKEZ+DOGU+GUNEY;MOKSİFLOKSASİN PAZARI;DİĞER LEVOFLOKSASİN;-;0,00%;-;0,00%;-;0,00%;-;0,00%;;;;;;;;;;;;
SAMSUN;MURAT KANDIS;ARTVIN MERKEZ+DOGU+GUNEY;MOKSİFLOKSASİN PAZARI;MOKSİFLOKSASİN PAZARI TOPLAM;213;100,00%;25;100,00%;175;100,00%;13;100,00%;;;;;;;;;;;;
SAMSUN;MURAT KANDIS;ARTVIN MERKEZ+DOGU+GUNEY;GRİPORT COLD PAZARI;A FERİN;211;8,64%;59;8,60%;73;8,33%;79;8,97%;;;;;;;;;;;;
SAMSUN;MURAT KANDIS;ARTVIN MERKEZ+DOGU+GUNEY;GRİPORT COLD PAZARI;GRİPORT COLD;78;32,37%;10;1,46%;-;0,00%;68;7,72%;;;;;;;;;;;;
SAMSUN;MURAT KANDIS;ARTVIN MERKEZ+DOGU+GUNEY;GRİPORT COLD PAZARI;KATARIN;224;9,17%;42;6,12%;120;13,70%;62;7,04%;;;;;;;;;;;;
SAMSUN;MURAT KANDIS;ARTVIN MERKEZ+DOGU+GUNEY;GRİPORT COLD PAZARI;NUROFEN COLD FLUE;241;9,86%;147;21,43%;52;5,94%;42;4,77%;;;;;;;;;;;;
SAMSUN;MURAT KANDIS;ARTVIN MERKEZ+DOGU+GUNEY;GRİPORT COLD PAZARI;OTHER COLD PREP;681;27,88%;213;31,05%;319;36,42%;149;16,91%;;;;;;;;;;;;
SAMSUN;MURAT KANDIS;ARTVIN MERKEZ+DOGU+GUNEY;GRİPORT COLD PAZARI;OTHER COLD PREP - VIT C;960;39,30%;210;30,61%;290;33,11%;460;52,21%;;;;;;;;;;;;
SAMSUN;MURAT KANDIS;ARTVIN MERKEZ+DOGU+GUNEY;GRİPORT COLD PAZARI;GRİBEX COLD FLUE;48;1,96%;5;0,73%;22;2,51%;21;2,38%;;;;;;;;;;;;
SAMSUN;MURAT KANDIS;ARTVIN MERKEZ+DOGU+GUNEY;GRİPORT COLD PAZARI;GRIPORT COLD PAZARI TOPLAM;2.443;100,00%;686;100,00%;876;100,00%;881;100,00%;;;;;;;;;;;;
SAMSUN;MURAT KANDIS;ARTVIN MERKEZ+DOGU+GUNEY;FAMTREC PAZARI;FAMTREC;52;61,18%;3;12,00%;4;13,33%;45;150,00%;;;;;;;;;;;;
SAMSUN;MURAT KANDIS;ARTVIN MERKEZ+DOGU+GUNEY;FAMTREC PAZARI;BRUFEN;107;125,88%;16;64,00%;25;83,33%;66;220,00%;;;;;;;;;;;;
SAMSUN;MURAT KANDIS;ARTVIN MERKEZ+DOGU+GUNEY;FAMTREC PAZARI;DİĞER FAMOTİDİN;43;50,59%;6;24,00%;1;3,33%;36;120,00%;;;;;;;;;;;;
SAMSUN;MURAT KANDIS;ARTVIN MERKEZ+DOGU+GUNEY;FAMTREC PAZARI;FAMOTİDİN PAZARI TOPLAM;85;100,00%;25;100,00%;30;100,00%;30;100,00%;;;;;;;;;;;;
SAMSUN;AYKUT DINLER;CORUM GUNEYBATI ILCELER;PANTAPROZOL PAZARI;PANOCER TOPLAM;355;16,64%;300;25,04%;55;6,64%;-;0,00%;;;;;;;;;;;;
SAMSUN;AYKUT DINLER;CORUM GUNEYBATI ILCELER;PANTAPROZOL PAZARI;PANTO;872;40,88%;769;64,19%;36;4,35%;67;62,62%;;;;;;;;;;;;
SAMSUN;AYKUT DINLER;CORUM GUNEYBATI ILCELER;PANTAPROZOL PAZARI;PANTACTIVE;70;3,28%;12;1,00%;46;5,56%;12;11,21%;;;;;;;;;;;;
SAMSUN;AYKUT DINLER;CORUM GUNEYBATI ILCELER;PANTAPROZOL PAZARI;DIGER PANTAPROZOLE;149;6,99%;95;7,93%;31;3,74%;23;21,50%;;;;;;;;;;;;
SAMSUN;AYKUT DINLER;CORUM GUNEYBATI ILCELER;PANTAPROZOL PAZARI;PULCET;687;32,21%;22;1,84%;660;79,71%;5;4,67%;;;;;;;;;;;;
SAMSUN;AYKUT DINLER;CORUM GUNEYBATI ILCELER;PANTAPROZOL PAZARI; PANTOPRAZOLE PAZARI TOPLAM;2.133;100,00%;1.198;100,00%;828;100,00%;107;100,00%;;;;;;;;;;;;
SAMSUN;AYKUT DINLER;CORUM GUNEYBATI ILCELER;ACIDPASS PAZARI;ACIDPASS TOPLAM;102;16,40%;34;26,56%;11;7,59%;57;16,33%;;;;;;;;;;;;
SAMSUN;AYKUT DINLER;CORUM GUNEYBATI ILCELER;ACIDPASS PAZARI;TRIGAST;83;13,34%;-;0,00%;-;0,00%;83;23,78%;;;;;;;;;;;;
SAMSUN;AYKUT DINLER;CORUM GUNEYBATI ILCELER;ACIDPASS PAZARI;TALCID;201;32,32%;52;40,62%;89;61,38%;60;17,19%;;;;;;;;;;;;
SAMSUN;AYKUT DINLER;CORUM GUNEYBATI ILCELER;ACIDPASS PAZARI;RENNIE;97;15,59%;42;32,81%;42;28,97%;13;3,72%;;;;;;;;;;;;
SAMSUN;AYKUT DINLER;CORUM GUNEYBATI ILCELER;ACIDPASS PAZARI;DIGER ACIDPASS;-;0,00%;-;0,00%;-;0,00%;-;0,00%;;;;;;;;;;;;
SAMSUN;AYKUT DINLER;CORUM GUNEYBATI ILCELER;ACIDPASS PAZARI;FAMODİN PLUS;139;22,35%;-;0,00%;3;2,07%;136;38,97%;;;;;;;;;;;;
SAMSUN;AYKUT DINLER;CORUM GUNEYBATI ILCELER;ACIDPASS PAZARI; ACIDPASS PAZARI TOPLAM;622;100,00%;128;100,00%;145;100,00%;349;100,00%;;;;;;;;;;;;
SAMSUN;AYKUT DINLER;CORUM GUNEYBATI ILCELER;MOKSİFLOKSASİN PAZARI;MOKSEFEN;30;88,24%;-;0,00%;-;0,00%;30;96,77%;;;;;;;;;;;;
SAMSUN;AYKUT DINLER;CORUM GUNEYBATI ILCELER;MOKSİFLOKSASİN PAZARI;AVELOX;3;8,82%;-;0,00%;2;100,00%;1;3,23%;;;;;;;;;;;;
SAMSUN;AYKUT DINLER;CORUM GUNEYBATI ILCELER;MOKSİFLOKSASİN PAZARI;MOXAI;-;0,00%;-;0,00%;-;0,00%;-;0,00%;;;;;;;;;;;;
SAMSUN;AYKUT DINLER;CORUM GUNEYBATI ILCELER;MOKSİFLOKSASİN PAZARI;DİĞER MOKSİFLOKSASİN;1;2,94%;1;100,00%;-;0,00%;-;0,00%;;;;;;;;;;;;
SAMSUN;AYKUT DINLER;CORUM GUNEYBATI ILCELER;MOKSİFLOKSASİN PAZARI;DİĞER LEVOFLOKSASİN;-;0,00%;-;0,00%;-;0,00%;-;0,00%;;;;;;;;;;;;
SAMSUN;AYKUT DINLER;CORUM GUNEYBATI ILCELER;MOKSİFLOKSASİN PAZARI;MOKSİFLOKSASİN PAZARI TOPLAM;34;100,00%;1;100,00%;2;100,00%;31;100,00%;;;;;;;;;;;;
SAMSUN;AYKUT DINLER;CORUM GUNEYBATI ILCELER;GRİPORT COLD PAZARI;A FERİN;840;27,97%;396;42,72%;215;15,89%;229;31,67%;;;;;;;;;;;;
SAMSUN;AYKUT DINLER;CORUM GUNEYBATI ILCELER;GRİPORT COLD PAZARI;GRİPORT COLD;71;53,79%;15;1,62%;8;0,59%;48;6,64%;;;;;;;;;;;;
SAMSUN;AYKUT DINLER;CORUM GUNEYBATI ILCELER;GRİPORT COLD PAZARI;KATARIN;167;5,56%;40;4,32%;57;4,21%;70;9,68%;;;;;;;;;;;;
SAMSUN;AYKUT DINLER;CORUM GUNEYBATI ILCELER;GRİPORT COLD PAZARI;NUROFEN COLD FLUE;132;4,40%;35;3,78%;86;6,36%;11;1,52%;;;;;;;;;;;;
SAMSUN;AYKUT DINLER;CORUM GUNEYBATI ILCELER;GRİPORT COLD PAZARI;OTHER COLD PREP;719;23,94%;246;26,54%;253;18,70%;220;30,43%;;;;;;;;;;;;
SAMSUN;AYKUT DINLER;CORUM GUNEYBATI ILCELER;GRİPORT COLD PAZARI;OTHER COLD PREP - VIT C;340;11,32%;135;14,56%;60;4,43%;145;20,06%;;;;;;;;;;;;
SAMSUN;AYKUT DINLER;CORUM GUNEYBATI ILCELER;GRİPORT COLD PAZARI;GRİBEX COLD FLUE;734;24,44%;60;6,47%;674;49,82%;-;0,00%;;;;;;;;;;;;
SAMSUN;AYKUT DINLER;CORUM GUNEYBATI ILCELER;GRİPORT COLD PAZARI;GRIPORT COLD PAZARI TOPLAM;3.003;100,00%;927;100,00%;1.353;100,00%;723;100,00%;;;;;;;;;;;;
SAMSUN;AYKUT DINLER;CORUM GUNEYBATI ILCELER;FAMTREC PAZARI;FAMTREC;17;7,36%;-;0,00%;16;12,80%;1;5,56%;;;;;;;;;;;;
SAMSUN;AYKUT DINLER;CORUM GUNEYBATI ILCELER;FAMTREC PAZARI;BRUFEN;283;122,51%;88;100,00%;109;87,20%;86;477,78%;;;;;;;;;;;;
SAMSUN;AYKUT DINLER;CORUM GUNEYBATI ILCELER;FAMTREC PAZARI;DİĞER FAMOTİDİN;68;29,44%;-;0,00%;-;0,00%;68;377,78%;;;;;;;;;;;;
SAMSUN;AYKUT DINLER;CORUM GUNEYBATI ILCELER;FAMTREC PAZARI;FAMOTİDİN PAZARI TOPLAM;231;100,00%;88;100,00%;125;100,00%;18;100,00%;;;;;;;;;;;;
SAMSUN;AYKUT DINLER;CORUM GUNEYDOGU ILCELER;PANTAPROZOL PAZARI;PANOCER TOPLAM;88;4,74%;-;0,00%;75;12,76%;13;2,97%;;;;;;;;;;;;
SAMSUN;AYKUT DINLER;CORUM GUNEYDOGU ILCELER;PANTAPROZOL PAZARI;PANTO;695;37,47%;630;76,00%;20;3,40%;45;10,27%;;;;;;;;;;;;
SAMSUN;AYKUT DINLER;CORUM GUNEYDOGU ILCELER;PANTAPROZOL PAZARI;PANTACTIVE;378;20,38%;6;0,72%;206;35,03%;166;37,90%;;;;;;;;;;;;
SAMSUN;AYKUT DINLER;CORUM GUNEYDOGU ILCELER;PANTAPROZOL PAZARI;DIGER PANTAPROZOLE;232;12,51%;159;19,18%;33;5,61%;40;9,13%;;;;;;;;;;;;
SAMSUN;AYKUT DINLER;CORUM GUNEYDOGU ILCELER;PANTAPROZOL PAZARI;PULCET;462;24,91%;34;4,10%;254;43,20%;174;39,73%;;;;;;;;;;;;
SAMSUN;AYKUT DINLER;CORUM GUNEYDOGU ILCELER;PANTAPROZOL PAZARI; PANTOPRAZOLE PAZARI TOPLAM;1.855;100,00%;829;100,00%;588;100,00%;438;100,00%;;;;;;;;;;;;
SAMSUN;AYKUT DINLER;CORUM GUNEYDOGU ILCELER;ACIDPASS PAZARI;ACIDPASS TOPLAM;90;9,55%;57;11,15%;22;12,64%;11;4,28%;;;;;;;;;;;;
SAMSUN;AYKUT DINLER;CORUM GUNEYDOGU ILCELER;ACIDPASS PAZARI;TRIGAST;56;5,94%;11;2,15%;-;0,00%;45;17,51%;;;;;;;;;;;;
SAMSUN;AYKUT DINLER;CORUM GUNEYDOGU ILCELER;ACIDPASS PAZARI;TALCID;243;25,80%;65;12,72%;42;24,14%;136;52,92%;;;;;;;;;;;;
SAMSUN;AYKUT DINLER;CORUM GUNEYDOGU ILCELER;ACIDPASS PAZARI;RENNIE;248;26,33%;97;18,98%;110;63,22%;41;15,95%;;;;;;;;;;;;
SAMSUN;AYKUT DINLER;CORUM GUNEYDOGU ILCELER;ACIDPASS PAZARI;DIGER ACIDPASS;11;1,17%;-;0,00%;-;0,00%;11;4,28%;;;;;;;;;;;;
SAMSUN;AYKUT DINLER;CORUM GUNEYDOGU ILCELER;ACIDPASS PAZARI;FAMODİN PLUS;294;31,21%;281;54,99%;-;0,00%;13;5,06%;;;;;;;;;;;;
SAMSUN;AYKUT DINLER;CORUM GUNEYDOGU ILCELER;ACIDPASS PAZARI; ACIDPASS PAZARI TOPLAM;942;100,00%;511;100,00%;174;100,00%;257;100,00%;;;;;;;;;;;;
SAMSUN;AYKUT DINLER;CORUM GUNEYDOGU ILCELER;MOKSİFLOKSASİN PAZARI;MOKSEFEN;-;0,00%;-;0,00%;-;0,00%;-;0,00%;;;;;;;;;;;;
SAMSUN;AYKUT DINLER;CORUM GUNEYDOGU ILCELER;MOKSİFLOKSASİN PAZARI;AVELOX;11;68,75%;2;100,00%;6;54,55%;3;100,00%;;;;;;;;;;;;
SAMSUN;AYKUT DINLER;CORUM GUNEYDOGU ILCELER;MOKSİFLOKSASİN PAZARI;MOXAI;-;0,00%;-;0,00%;-;0,00%;-;0,00%;;;;;;;;;;;;
SAMSUN;AYKUT DINLER;CORUM GUNEYDOGU ILCELER;MOKSİFLOKSASİN PAZARI;DİĞER MOKSİFLOKSASİN;5;31,25%;-;0,00%;5;45,45%;-;0,00%;;;;;;;;;;;;
SAMSUN;AYKUT DINLER;CORUM GUNEYDOGU ILCELER;MOKSİFLOKSASİN PAZARI;DİĞER LEVOFLOKSASİN;-;0,00%;-;0,00%;-;0,00%;-;0,00%;;;;;;;;;;;;
SAMSUN;AYKUT DINLER;CORUM GUNEYDOGU ILCELER;MOKSİFLOKSASİN PAZARI;MOKSİFLOKSASİN PAZARI TOPLAM;16;100,00%;2;100,00%;11;100,00%;3;100,00%;;;;;;;;;;;;
SAMSUN;AYKUT DINLER;CORUM GUNEYDOGU ILCELER;GRİPORT COLD PAZARI;A FERİN;1.052;49,88%;507;63,93%;169;31,18%;376;48,58%;;;;;;;;;;;;
SAMSUN;AYKUT DINLER;CORUM GUNEYDOGU ILCELER;GRİPORT COLD PAZARI;GRİPORT COLD;16;20,00%;8;1,01%;-;0,00%;8;1,03%;;;;;;;;;;;;
SAMSUN;AYKUT DINLER;CORUM GUNEYDOGU ILCELER;GRİPORT COLD PAZARI;KATARIN;79;3,75%;5;0,63%;22;4,06%;52;6,72%;;;;;;;;;;;;
SAMSUN;AYKUT DINLER;CORUM GUNEYDOGU ILCELER;GRİPORT COLD PAZARI;NUROFEN COLD FLUE;80;3,79%;10;1,26%;55;10,15%;15;1,94%;;;;;;;;;;;;
SAMSUN;AYKUT DINLER;CORUM GUNEYDOGU ILCELER;GRİPORT COLD PAZARI;OTHER COLD PREP;425;20,15%;181;22,82%;59;10,89%;185;23,90%;;;;;;;;;;;;
SAMSUN;AYKUT DINLER;CORUM GUNEYDOGU ILCELER;GRİPORT COLD PAZARI;OTHER COLD PREP - VIT C;210;9,96%;30;3,78%;55;10,15%;125;16,15%;;;;;;;;;;;;
SAMSUN;AYKUT DINLER;CORUM GUNEYDOGU ILCELER;GRİPORT COLD PAZARI;GRİBEX COLD FLUE;247;11,71%;52;6,56%;182;33,58%;13;1,68%;;;;;;;;;;;;
SAMSUN;AYKUT DINLER;CORUM GUNEYDOGU ILCELER;GRİPORT COLD PAZARI;GRIPORT COLD PAZARI TOPLAM;2.109;100,00%;793;100,00%;542;100,00%;774;100,00%;;;;;;;;;;;;
SAMSUN;AYKUT DINLER;CORUM GUNEYDOGU ILCELER;FAMTREC PAZARI;FAMTREC;-;0,00%;-;0,00%;-;0,00%;-;0,00%;;;;;;;;;;;;
SAMSUN;AYKUT DINLER;CORUM GUNEYDOGU ILCELER;FAMTREC PAZARI;BRUFEN;33;29,20%;7;18,42%;-;0,00%;26;136,84%;;;;;;;;;;;;
SAMSUN;AYKUT DINLER;CORUM GUNEYDOGU ILCELER;FAMTREC PAZARI;DİĞER FAMOTİDİN;94;83,19%;31;81,58%;56;100,00%;7;36,84%;;;;;;;;;;;;
SAMSUN;AYKUT DINLER;CORUM GUNEYDOGU ILCELER;FAMTREC PAZARI;FAMOTİDİN PAZARI TOPLAM;113;100,00%;38;100,00%;56;100,00%;19;100,00%;;;;;;;;;;;;
SAMSUN;AYKUT DINLER;CORUM KARGI+OSMANCIK;PANTAPROZOL PAZARI;PANOCER TOPLAM;224;8,41%;-;0,00%;169;16,55%;55;30,56%;;;;;;;;;;;;
SAMSUN;AYKUT DINLER;CORUM KARGI+OSMANCIK;PANTAPROZOL PAZARI;PANTO;1.175;44,09%;1.106;75,55%;40;3,92%;29;16,11%;;;;;;;;;;;;
SAMSUN;AYKUT DINLER;CORUM KARGI+OSMANCIK;PANTAPROZOL PAZARI;PANTACTIVE;64;2,40%;52;3,55%;-;0,00%;12;6,67%;;;;;;;;;;;;
SAMSUN;AYKUT DINLER;CORUM KARGI+OSMANCIK;PANTAPROZOL PAZARI;DIGER PANTAPROZOLE;330;12,38%;195;13,32%;118;11,56%;17;9,44%;;;;;;;;;;;;
SAMSUN;AYKUT DINLER;CORUM KARGI+OSMANCIK;PANTAPROZOL PAZARI;PULCET;872;32,72%;111;7,58%;694;67,97%;67;37,22%;;;;;;;;;;;;
SAMSUN;AYKUT DINLER;CORUM KARGI+OSMANCIK;PANTAPROZOL PAZARI; PANTOPRAZOLE PAZARI TOPLAM;2.665;100,00%;1.464;100,00%;1.021;100,00%;180;100,00%;;;;;;;;;;;;
SAMSUN;AYKUT DINLER;CORUM KARGI+OSMANCIK;ACIDPASS PAZARI;ACIDPASS TOPLAM;96;16,58%;35;14,83%;5;2,29%;56;44,80%;;;;;;;;;;;;
SAMSUN;AYKUT DINLER;CORUM KARGI+OSMANCIK;ACIDPASS PAZARI;TRIGAST;86;14,85%;26;11,02%;37;16,97%;23;18,40%;;;;;;;;;;;;
SAMSUN;AYKUT DINLER;CORUM KARGI+OSMANCIK;ACIDPASS PAZARI;TALCID;79;13,64%;9;3,81%;56;25,69%;14;11,20%;;;;;;;;;;;;
SAMSUN;AYKUT DINLER;CORUM KARGI+OSMANCIK;ACIDPASS PAZARI;RENNIE;172;29,71%;42;17,80%;120;55,05%;10;8,00%;;;;;;;;;;;;
SAMSUN;AYKUT DINLER;CORUM KARGI+OSMANCIK;ACIDPASS PAZARI;DIGER ACIDPASS;-;0,00%;-;0,00%;-;0,00%;-;0,00%;;;;;;;;;;;;
SAMSUN;AYKUT DINLER;CORUM KARGI+OSMANCIK;ACIDPASS PAZARI;FAMODİN PLUS;146;25,22%;124;52,54%;-;0,00%;22;17,60%;;;;;;;;;;;;
SAMSUN;AYKUT DINLER;CORUM KARGI+OSMANCIK;ACIDPASS PAZARI; ACIDPASS PAZARI TOPLAM;579;100,00%;236;100,00%;218;100,00%;125;100,00%;;;;;;;;;;;;
SAMSUN;AYKUT DINLER;CORUM KARGI+OSMANCIK;MOKSİFLOKSASİN PAZARI;MOKSEFEN;31;53,45%;-;0,00%;30;100,00%;1;4,17%;;;;;;;;;;;;
SAMSUN;AYKUT DINLER;CORUM KARGI+OSMANCIK;MOKSİFLOKSASİN PAZARI;AVELOX;11;18,97%;3;75,00%;-;0,00%;8;33,33%;;;;;;;;;;;;
SAMSUN;AYKUT DINLER;CORUM KARGI+OSMANCIK;MOKSİFLOKSASİN PAZARI;MOXAI;1;1,72%;1;25,00%;-;0,00%;-;0,00%;;;;;;;;;;;;
SAMSUN;AYKUT DINLER;CORUM KARGI+OSMANCIK;MOKSİFLOKSASİN PAZARI;DİĞER MOKSİFLOKSASİN;15;25,86%;-;0,00%;-;0,00%;15;62,50%;;;;;;;;;;;;
SAMSUN;AYKUT DINLER;CORUM KARGI+OSMANCIK;MOKSİFLOKSASİN PAZARI;DİĞER LEVOFLOKSASİN;-;0,00%;-;0,00%;-;0,00%;-;0,00%;;;;;;;;;;;;
SAMSUN;AYKUT DINLER;CORUM KARGI+OSMANCIK;MOKSİFLOKSASİN PAZARI;MOKSİFLOKSASİN PAZARI TOPLAM;58;100,00%;4;100,00%;30;100,00%;24;100,00%;;;;;;;;;;;;
SAMSUN;AYKUT DINLER;CORUM KARGI+OSMANCIK;GRİPORT COLD PAZARI;A FERİN;694;32,19%;129;29,52%;510;48,99%;55;8,11%;;;;;;;;;;;;
SAMSUN;AYKUT DINLER;CORUM KARGI+OSMANCIK;GRİPORT COLD PAZARI;GRİPORT COLD;27;16,17%;9;2,06%;9;0,86%;9;1,33%;;;;;;;;;;;;
SAMSUN;AYKUT DINLER;CORUM KARGI+OSMANCIK;GRİPORT COLD PAZARI;KATARIN;135;6,26%;31;7,09%;62;5,96%;42;6,19%;;;;;;;;;;;;
SAMSUN;AYKUT DINLER;CORUM KARGI+OSMANCIK;GRİPORT COLD PAZARI;NUROFEN COLD FLUE;167;7,75%;15;3,43%;147;14,12%;5;0,74%;;;;;;;;;;;;
SAMSUN;AYKUT DINLER;CORUM KARGI+OSMANCIK;GRİPORT COLD PAZARI;OTHER COLD PREP;568;26,35%;163;37,30%;120;11,53%;285;42,04%;;;;;;;;;;;;
SAMSUN;AYKUT DINLER;CORUM KARGI+OSMANCIK;GRİPORT COLD PAZARI;OTHER COLD PREP - VIT C;508;23,56%;90;20,59%;163;15,66%;255;37,61%;;;;;;;;;;;;
SAMSUN;AYKUT DINLER;CORUM KARGI+OSMANCIK;GRİPORT COLD PAZARI;GRİBEX COLD FLUE;57;2,64%;-;0,00%;30;2,88%;27;3,98%;;;;;;;;;;;;
SAMSUN;AYKUT DINLER;CORUM KARGI+OSMANCIK;GRİPORT COLD PAZARI;GRIPORT COLD PAZARI TOPLAM;2.156;100,00%;437;100,00%;1.041;100,00%;678;100,00%;;;;;;;;;;;;
SAMSUN;AYKUT DINLER;CORUM KARGI+OSMANCIK;FAMTREC PAZARI;FAMTREC;9;15,79%;9;37,50%;-;0,00%;-;0,00%;;;;;;;;;;;;
SAMSUN;AYKUT DINLER;CORUM KARGI+OSMANCIK;FAMTREC PAZARI;BRUFEN;66;115,79%;15;62,50%;20;100,00%;31;238,46%;;;;;;;;;;;;
SAMSUN;AYKUT DINLER;CORUM KARGI+OSMANCIK;FAMTREC PAZARI;DİĞER FAMOTİDİN;18;31,58%;-;0,00%;-;0,00%;18;138,46%;;;;;;;;;;;;
SAMSUN;AYKUT DINLER;CORUM KARGI+OSMANCIK;FAMTREC PAZARI;FAMOTİDİN PAZARI TOPLAM;57;100,00%;24;100,00%;20;100,00%;13;100,00%;;;;;;;;;;;;
SAMSUN;AYKUT DINLER;CORUM KUZEY ILCELER;PANTAPROZOL PAZARI;PANOCER TOPLAM;208;11,43%;39;3,46%;88;22,56%;81;26,82%;;;;;;;;;;;;
SAMSUN;AYKUT DINLER;CORUM KUZEY ILCELER;PANTAPROZOL PAZARI;PANTO;879;48,30%;759;67,29%;55;14,10%;65;21,52%;;;;;;;;;;;;
SAMSUN;AYKUT DINLER;CORUM KUZEY ILCELER;PANTAPROZOL PAZARI;PANTACTIVE;178;9,78%;40;3,55%;58;14,87%;80;26,49%;;;;;;;;;;;;
SAMSUN;AYKUT DINLER;CORUM KUZEY ILCELER;PANTAPROZOL PAZARI;DIGER PANTAPROZOLE;399;21,92%;259;22,96%;98;25,13%;42;13,91%;;;;;;;;;;;;
SAMSUN;AYKUT DINLER;CORUM KUZEY ILCELER;PANTAPROZOL PAZARI;PULCET;156;8,57%;31;2,75%;91;23,33%;34;11,26%;;;;;;;;;;;;
SAMSUN;AYKUT DINLER;CORUM KUZEY ILCELER;PANTAPROZOL PAZARI; PANTOPRAZOLE PAZARI TOPLAM;1.820;100,00%;1.128;100,00%;390;100,00%;302;100,00%;;;;;;;;;;;;
SAMSUN;AYKUT DINLER;CORUM KUZEY ILCELER;ACIDPASS PAZARI;ACIDPASS TOPLAM;54;18,95%;16;16,84%;24;29,27%;14;12,96%;;;;;;;;;;;;
SAMSUN;AYKUT DINLER;CORUM KUZEY ILCELER;ACIDPASS PAZARI;TRIGAST;75;26,32%;39;41,05%;7;8,54%;29;26,85%;;;;;;;;;;;;
SAMSUN;AYKUT DINLER;CORUM KUZEY ILCELER;ACIDPASS PAZARI;TALCID;71;24,91%;16;16,84%;17;20,73%;38;35,19%;;;;;;;;;;;;
SAMSUN;AYKUT DINLER;CORUM KUZEY ILCELER;ACIDPASS PAZARI;RENNIE;83;29,12%;24;25,26%;32;39,02%;27;25,00%;;;;;;;;;;;;
SAMSUN;AYKUT DINLER;CORUM KUZEY ILCELER;ACIDPASS PAZARI;DIGER ACIDPASS;-;0,00%;-;0,00%;-;0,00%;-;0,00%;;;;;;;;;;;;
SAMSUN;AYKUT DINLER;CORUM KUZEY ILCELER;ACIDPASS PAZARI;FAMODİN PLUS;2;0,70%;-;0,00%;2;2,44%;-;0,00%;;;;;;;;;;;;
SAMSUN;AYKUT DINLER;CORUM KUZEY ILCELER;ACIDPASS PAZARI; ACIDPASS PAZARI TOPLAM;285;100,00%;95;100,00%;82;100,00%;108;100,00%;;;;;;;;;;;;
SAMSUN;AYKUT DINLER;CORUM KUZEY ILCELER;MOKSİFLOKSASİN PAZARI;MOKSEFEN;6;14,29%;-;0,00%;-;0,00%;6;37,50%;;;;;;;;;;;;
SAMSUN;AYKUT DINLER;CORUM KUZEY ILCELER;MOKSİFLOKSASİN PAZARI;AVELOX;35;83,33%;12;100,00%;14;100,00%;9;56,25%;;;;;;;;;;;;
SAMSUN;AYKUT DINLER;CORUM KUZEY ILCELER;MOKSİFLOKSASİN PAZARI;MOXAI;1;2,38%;-;0,00%;-;0,00%;1;6,25%;;;;;;;;;;;;
SAMSUN;AYKUT DINLER;CORUM KUZEY ILCELER;MOKSİFLOKSASİN PAZARI;DİĞER MOKSİFLOKSASİN;-;0,00%;-;0,00%;-;0,00%;-;0,00%;;;;;;;;;;;;
SAMSUN;AYKUT DINLER;CORUM KUZEY ILCELER;MOKSİFLOKSASİN PAZARI;DİĞER LEVOFLOKSASİN;-;0,00%;-;0,00%;-;0,00%;-;0,00%;;;;;;;;;;;;
SAMSUN;AYKUT DINLER;CORUM KUZEY ILCELER;MOKSİFLOKSASİN PAZARI;MOKSİFLOKSASİN PAZARI TOPLAM;42;100,00%;12;100,00%;14;100,00%;16;100,00%;;;;;;;;;;;;
SAMSUN;AYKUT DINLER;CORUM KUZEY ILCELER;GRİPORT COLD PAZARI;A FERİN;342;36,66%;69;24,56%;38;17,12%;235;54,65%;;;;;;;;;;;;
SAMSUN;AYKUT DINLER;CORUM KUZEY ILCELER;GRİPORT COLD PAZARI;GRİPORT COLD;2;13,33%;-;0,00%;2;0,90%;-;0,00%;;;;;;;;;;;;
SAMSUN;AYKUT DINLER;CORUM KUZEY ILCELER;GRİPORT COLD PAZARI;KATARIN;104;11,15%;16;5,69%;30;13,51%;58;13,49%;;;;;;;;;;;;
SAMSUN;AYKUT DINLER;CORUM KUZEY ILCELER;GRİPORT COLD PAZARI;NUROFEN COLD FLUE;15;1,61%;-;0,00%;2;0,90%;13;3,02%;;;;;;;;;;;;
SAMSUN;AYKUT DINLER;CORUM KUZEY ILCELER;GRİPORT COLD PAZARI;OTHER COLD PREP;158;16,93%;38;13,52%;99;44,59%;21;4,88%;;;;;;;;;;;;
SAMSUN;AYKUT DINLER;CORUM KUZEY ILCELER;GRİPORT COLD PAZARI;OTHER COLD PREP - VIT C;288;30,87%;155;55,16%;30;13,51%;103;23,95%;;;;;;;;;;;;
SAMSUN;AYKUT DINLER;CORUM KUZEY ILCELER;GRİPORT COLD PAZARI;GRİBEX COLD FLUE;24;2,57%;3;1,07%;21;9,46%;-;0,00%;;;;;;;;;;;;
SAMSUN;AYKUT DINLER;CORUM KUZEY ILCELER;GRİPORT COLD PAZARI;GRIPORT COLD PAZARI TOPLAM;933;100,00%;281;100,00%;222;100,00%;430;100,00%;;;;;;;;;;;;
SAMSUN;AYKUT DINLER;CORUM KUZEY ILCELER;FAMTREC PAZARI;FAMTREC;8;25,00%;-;0,00%;-;0,00%;8;0,00%;;;;;;;;;;;;
SAMSUN;AYKUT DINLER;CORUM KUZEY ILCELER;FAMTREC PAZARI;BRUFEN;20;62,50%;14;100,00%;6;33,33%;-;0,00%;;;;;;;;;;;;
SAMSUN;AYKUT DINLER;CORUM KUZEY ILCELER;FAMTREC PAZARI;DİĞER FAMOTİDİN;12;37,50%;-;0,00%;12;66,67%;-;0,00%;;;;;;;;;;;;
SAMSUN;AYKUT DINLER;CORUM KUZEY ILCELER;FAMTREC PAZARI;FAMOTİDİN PAZARI TOPLAM;32;100,00%;14;100,00%;18;100,00%;-;0,00%;;;;;;;;;;;;
SAMSUN;AYKUT DINLER;CORUM MERKEZ -1;PANTAPROZOL PAZARI;PANOCER TOPLAM;762;18,76%;13;0,53%;355;36,49%;394;62,15%;;;;;;;;;;;;
SAMSUN;AYKUT DINLER;CORUM MERKEZ -1;PANTAPROZOL PAZARI;PANTO;2.314;56,98%;2.122;86,47%;101;10,38%;91;14,35%;;;;;;;;;;;;
SAMSUN;AYKUT DINLER;CORUM MERKEZ -1;PANTAPROZOL PAZARI;PANTACTIVE;36;0,89%;6;0,24%;18;1,85%;12;1,89%;;;;;;;;;;;;
SAMSUN;AYKUT DINLER;CORUM MERKEZ -1;PANTAPROZOL PAZARI;DIGER PANTAPROZOLE;536;13,20%;227;9,25%;210;21,58%;99;15,62%;;;;;;;;;;;;
SAMSUN;AYKUT DINLER;CORUM MERKEZ -1;PANTAPROZOL PAZARI;PULCET;413;10,17%;86;3,50%;289;29,70%;38;5,99%;;;;;;;;;;;;
SAMSUN;AYKUT DINLER;CORUM MERKEZ -1;PANTAPROZOL PAZARI; PANTOPRAZOLE PAZARI TOPLAM;4.061;100,00%;2.454;100,00%;973;100,00%;634;100,00%;;;;;;;;;;;;
SAMSUN;AYKUT DINLER;CORUM MERKEZ -1;ACIDPASS PAZARI;ACIDPASS TOPLAM;292;15,52%;138;18,60%;51;7,10%;103;24,41%;;;;;;;;;;;;
SAMSUN;AYKUT DINLER;CORUM MERKEZ -1;ACIDPASS PAZARI;TRIGAST;191;10,15%;173;23,32%;14;1,95%;4;0,95%;;;;;;;;;;;;
SAMSUN;AYKUT DINLER;CORUM MERKEZ -1;ACIDPASS PAZARI;TALCID;300;15,94%;73;9,84%;86;11,98%;141;33,41%;;;;;;;;;;;;
SAMSUN;AYKUT DINLER;CORUM MERKEZ -1;ACIDPASS PAZARI;RENNIE;651;34,59%;75;10,11%;563;78,41%;13;3,08%;;;;;;;;;;;;
SAMSUN;AYKUT DINLER;CORUM MERKEZ -1;ACIDPASS PAZARI;DIGER ACIDPASS;-;0,00%;-;0,00%;-;0,00%;-;0,00%;;;;;;;;;;;;
SAMSUN;AYKUT DINLER;CORUM MERKEZ -1;ACIDPASS PAZARI;FAMODİN PLUS;448;23,80%;283;38,14%;4;0,56%;161;38,15%;;;;;;;;;;;;
SAMSUN;AYKUT DINLER;CORUM MERKEZ -1;ACIDPASS PAZARI; ACIDPASS PAZARI TOPLAM;1.882;100,00%;742;100,00%;718;100,00%;422;100,00%;;;;;;;;;;;;
SAMSUN;AYKUT DINLER;CORUM MERKEZ -1;MOKSİFLOKSASİN PAZARI;MOKSEFEN;44;28,39%;19;32,76%;12;38,71%;13;19,70%;;;;;;;;;;;;
SAMSUN;AYKUT DINLER;CORUM MERKEZ -1;MOKSİFLOKSASİN PAZARI;AVELOX;105;67,74%;39;67,24%;13;41,94%;53;80,30%;;;;;;;;;;;;
SAMSUN;AYKUT DINLER;CORUM MERKEZ -1;MOKSİFLOKSASİN PAZARI;MOXAI;6;3,87%;-;0,00%;6;19,35%;-;0,00%;;;;;;;;;;;;
SAMSUN;AYKUT DINLER;CORUM MERKEZ -1;MOKSİFLOKSASİN PAZARI;DİĞER MOKSİFLOKSASİN;-;0,00%;-;0,00%;-;0,00%;-;0,00%;;;;;;;;;;;;
SAMSUN;AYKUT DINLER;CORUM MERKEZ -1;MOKSİFLOKSASİN PAZARI;DİĞER LEVOFLOKSASİN;-;0,00%;-;0,00%;-;0,00%;-;0,00%;;;;;;;;;;;;
SAMSUN;AYKUT DINLER;CORUM MERKEZ -1;MOKSİFLOKSASİN PAZARI;MOKSİFLOKSASİN PAZARI TOPLAM;155;100,00%;58;100,00%;31;100,00%;66;100,00%;;;;;;;;;;;;
SAMSUN;AYKUT DINLER;CORUM MERKEZ -1;GRİPORT COLD PAZARI;A FERİN;539;13,04%;192;15,42%;128;10,49%;219;13,12%;;;;;;;;;;;;
SAMSUN;AYKUT DINLER;CORUM MERKEZ -1;GRİPORT COLD PAZARI;GRİPORT COLD;116;173,13%;8;0,64%;31;2,54%;77;4,61%;;;;;;;;;;;;
SAMSUN;AYKUT DINLER;CORUM MERKEZ -1;GRİPORT COLD PAZARI;KATARIN;271;6,56%;57;4,58%;69;5,66%;145;8,69%;;;;;;;;;;;;
SAMSUN;AYKUT DINLER;CORUM MERKEZ -1;GRİPORT COLD PAZARI;NUROFEN COLD FLUE;67;1,62%;28;2,25%;20;1,64%;19;1,14%;;;;;;;;;;;;
SAMSUN;AYKUT DINLER;CORUM MERKEZ -1;GRİPORT COLD PAZARI;OTHER COLD PREP;1.444;34,93%;580;46,59%;230;18,85%;634;37,99%;;;;;;;;;;;;
SAMSUN;AYKUT DINLER;CORUM MERKEZ -1;GRİPORT COLD PAZARI;OTHER COLD PREP - VIT C;1.088;26,32%;339;27,23%;263;21,56%;486;29,12%;;;;;;;;;;;;
SAMSUN;AYKUT DINLER;CORUM MERKEZ -1;GRİPORT COLD PAZARI;GRİBEX COLD FLUE;609;14,73%;41;3,29%;479;39,26%;89;5,33%;;;;;;;;;;;;
SAMSUN;AYKUT DINLER;CORUM MERKEZ -1;GRİPORT COLD PAZARI;GRIPORT COLD PAZARI TOPLAM;4.134;100,00%;1.245;100,00%;1.220;100,00%;1.669;100,00%;;;;;;;;;;;;
SAMSUN;AYKUT DINLER;CORUM MERKEZ -1;FAMTREC PAZARI;FAMTREC;6;4,92%;-;0,00%;3;6,12%;3;9,68%;;;;;;;;;;;;
SAMSUN;AYKUT DINLER;CORUM MERKEZ -1;FAMTREC PAZARI;BRUFEN;127;104,10%;41;97,62%;28;57,14%;58;187,10%;;;;;;;;;;;;
SAMSUN;AYKUT DINLER;CORUM MERKEZ -1;FAMTREC PAZARI;DİĞER FAMOTİDİN;46;37,70%;1;2,38%;18;36,73%;27;87,10%;;;;;;;;;;;;
SAMSUN;AYKUT DINLER;CORUM MERKEZ -1;FAMTREC PAZARI;FAMOTİDİN PAZARI TOPLAM;122;100,00%;42;100,00%;49;100,00%;31;100,00%;;;;;;;;;;;;
SAMSUN;AYKUT DINLER;CORUM MERKEZ -2;PANTAPROZOL PAZARI;PANOCER TOPLAM;527;20,36%;118;10,72%;96;9,25%;313;69,71%;;;;;;;;;;;;
SAMSUN;AYKUT DINLER;CORUM MERKEZ -2;PANTAPROZOL PAZARI;PANTO;722;27,90%;653;59,31%;22;2,12%;47;10,47%;;;;;;;;;;;;
SAMSUN;AYKUT DINLER;CORUM MERKEZ -2;PANTAPROZOL PAZARI;PANTACTIVE;276;10,66%;104;9,45%;172;16,57%;-;0,00%;;;;;;;;;;;;
SAMSUN;AYKUT DINLER;CORUM MERKEZ -2;PANTAPROZOL PAZARI;DIGER PANTAPROZOLE;282;10,90%;195;17,71%;56;5,39%;31;6,90%;;;;;;;;;;;;
SAMSUN;AYKUT DINLER;CORUM MERKEZ -2;PANTAPROZOL PAZARI;PULCET;781;30,18%;31;2,82%;692;66,67%;58;12,92%;;;;;;;;;;;;
SAMSUN;AYKUT DINLER;CORUM MERKEZ -2;PANTAPROZOL PAZARI; PANTOPRAZOLE PAZARI TOPLAM;2.588;100,00%;1.101;100,00%;1.038;100,00%;449;100,00%;;;;;;;;;;;;
SAMSUN;AYKUT DINLER;CORUM MERKEZ -2;ACIDPASS PAZARI;ACIDPASS TOPLAM;227;12,55%;22;1,96%;26;19,55%;179;32,49%;;;;;;;;;;;;
SAMSUN;AYKUT DINLER;CORUM MERKEZ -2;ACIDPASS PAZARI;TRIGAST;179;9,89%;148;13,16%;7;5,26%;24;4,36%;;;;;;;;;;;;
SAMSUN;AYKUT DINLER;CORUM MERKEZ -2;ACIDPASS PAZARI;TALCID;260;14,37%;4;0,36%;27;20,30%;229;41,56%;;;;;;;;;;;;
SAMSUN;AYKUT DINLER;CORUM MERKEZ -2;ACIDPASS PAZARI;RENNIE;171;9,45%;89;7,91%;58;43,61%;24;4,36%;;;;;;;;;;;;
SAMSUN;AYKUT DINLER;CORUM MERKEZ -2;ACIDPASS PAZARI;DIGER ACIDPASS;1;0,06%;-;0,00%;1;0,75%;-;0,00%;;;;;;;;;;;;
SAMSUN;AYKUT DINLER;CORUM MERKEZ -2;ACIDPASS PAZARI;FAMODİN PLUS;971;53,68%;862;76,62%;14;10,53%;95;17,24%;;;;;;;;;;;;
SAMSUN;AYKUT DINLER;CORUM MERKEZ -2;ACIDPASS PAZARI; ACIDPASS PAZARI TOPLAM;1.809;100,00%;1.125;100,00%;133;100,00%;551;100,00%;;;;;;;;;;;;
SAMSUN;AYKUT DINLER;CORUM MERKEZ -2;MOKSİFLOKSASİN PAZARI;MOKSEFEN;42;28,77%;-;0,00%;6;13,64%;36;67,92%;;;;;;;;;;;;
SAMSUN;AYKUT DINLER;CORUM MERKEZ -2;MOKSİFLOKSASİN PAZARI;AVELOX;54;36,99%;4;8,16%;33;75,00%;17;32,08%;;;;;;;;;;;;
SAMSUN;AYKUT DINLER;CORUM MERKEZ -2;MOKSİFLOKSASİN PAZARI;MOXAI;45;30,82%;45;91,84%;-;0,00%;-;0,00%;;;;;;;;;;;;
SAMSUN;AYKUT DINLER;CORUM MERKEZ -2;MOKSİFLOKSASİN PAZARI;DİĞER MOKSİFLOKSASİN;5;3,42%;-;0,00%;5;11,36%;-;0,00%;;;;;;;;;;;;
SAMSUN;AYKUT DINLER;CORUM MERKEZ -2;MOKSİFLOKSASİN PAZARI;DİĞER LEVOFLOKSASİN;-;0,00%;-;0,00%;-;0,00%;-;0,00%;;;;;;;;;;;;
SAMSUN;AYKUT DINLER;CORUM MERKEZ -2;MOKSİFLOKSASİN PAZARI;MOKSİFLOKSASİN PAZARI TOPLAM;146;100,00%;49;100,00%;44;100,00%;53;100,00%;;;;;;;;;;;;
SAMSUN;AYKUT DINLER;CORUM MERKEZ -2;GRİPORT COLD PAZARI;A FERİN;1.273;36,87%;460;32,81%;163;17,85%;650;57,12%;;;;;;;;;;;;
SAMSUN;AYKUT DINLER;CORUM MERKEZ -2;GRİPORT COLD PAZARI;GRİPORT COLD;207;113,74%;138;9,84%;54;5,91%;15;1,32%;;;;;;;;;;;;
SAMSUN;AYKUT DINLER;CORUM MERKEZ -2;GRİPORT COLD PAZARI;KATARIN;267;7,73%;90;6,42%;64;7,01%;113;9,93%;;;;;;;;;;;;
SAMSUN;AYKUT DINLER;CORUM MERKEZ -2;GRİPORT COLD PAZARI;NUROFEN COLD FLUE;182;5,27%;47;3,35%;103;11,28%;32;2,81%;;;;;;;;;;;;
SAMSUN;AYKUT DINLER;CORUM MERKEZ -2;GRİPORT COLD PAZARI;OTHER COLD PREP;504;14,60%;230;16,41%;85;9,31%;189;16,61%;;;;;;;;;;;;
SAMSUN;AYKUT DINLER;CORUM MERKEZ -2;GRİPORT COLD PAZARI;OTHER COLD PREP - VIT C;740;21,43%;437;31,17%;175;19,17%;128;11,25%;;;;;;;;;;;;
SAMSUN;AYKUT DINLER;CORUM MERKEZ -2;GRİPORT COLD PAZARI;GRİBEX COLD FLUE;280;8,11%;-;0,00%;269;29,46%;11;0,97%;;;;;;;;;;;;
SAMSUN;AYKUT DINLER;CORUM MERKEZ -2;GRİPORT COLD PAZARI;GRIPORT COLD PAZARI TOPLAM;3.453;100,00%;1.402;100,00%;913;100,00%;1.138;100,00%;;;;;;;;;;;;
SAMSUN;AYKUT DINLER;CORUM MERKEZ -2;FAMTREC PAZARI;FAMTREC;8;8,79%;-;0,00%;8;25,81%;-;0,00%;;;;;;;;;;;;
SAMSUN;AYKUT DINLER;CORUM MERKEZ -2;FAMTREC PAZARI;BRUFEN;99;108,79%;19;100,00%;23;74,19%;57;139,02%;;;;;;;;;;;;
SAMSUN;AYKUT DINLER;CORUM MERKEZ -2;FAMTREC PAZARI;DİĞER FAMOTİDİN;16;17,58%;-;0,00%;-;0,00%;16;39,02%;;;;;;;;;;;;
SAMSUN;AYKUT DINLER;CORUM MERKEZ -2;FAMTREC PAZARI;FAMOTİDİN PAZARI TOPLAM;91;100,00%;19;100,00%;31;100,00%;41;100,00%;;;;;;;;;;;;
SAMSUN;AYKUT DINLER;CORUM MERKEZ -3;PANTAPROZOL PAZARI;PANOCER TOPLAM;1.028;23,75%;123;6,07%;117;15,25%;788;51,34%;;;;;;;;;;;;
SAMSUN;AYKUT DINLER;CORUM MERKEZ -3;PANTAPROZOL PAZARI;PANTO;2.038;47,09%;1.621;80,01%;2;0,26%;415;27,04%;;;;;;;;;;;;
SAMSUN;AYKUT DINLER;CORUM MERKEZ -3;PANTAPROZOL PAZARI;PANTACTIVE;330;7,62%;70;3,46%;190;24,77%;70;4,56%;;;;;;;;;;;;
SAMSUN;AYKUT DINLER;CORUM MERKEZ -3;PANTAPROZOL PAZARI;DIGER PANTAPROZOLE;540;12,48%;209;10,32%;168;21,90%;163;10,62%;;;;;;;;;;;;
SAMSUN;AYKUT DINLER;CORUM MERKEZ -3;PANTAPROZOL PAZARI;PULCET;392;9,06%;3;0,15%;290;37,81%;99;6,45%;;;;;;;;;;;;
SAMSUN;AYKUT DINLER;CORUM MERKEZ -3;PANTAPROZOL PAZARI; PANTOPRAZOLE PAZARI TOPLAM;4.328;100,00%;2.026;100,00%;767;100,00%;1.535;100,00%;;;;;;;;;;;;
SAMSUN;AYKUT DINLER;CORUM MERKEZ -3;ACIDPASS PAZARI;ACIDPASS TOPLAM;192;17,71%;37;10,54%;33;9,68%;122;31,12%;;;;;;;;;;;;
SAMSUN;AYKUT DINLER;CORUM MERKEZ -3;ACIDPASS PAZARI;TRIGAST;36;3,32%;17;4,84%;13;3,81%;6;1,53%;;;;;;;;;;;;
SAMSUN;AYKUT DINLER;CORUM MERKEZ -3;ACIDPASS PAZARI;TALCID;124;11,44%;10;2,85%;32;9,38%;82;20,92%;;;;;;;;;;;;
SAMSUN;AYKUT DINLER;CORUM MERKEZ -3;ACIDPASS PAZARI;RENNIE;342;31,55%;73;20,80%;239;70,09%;30;7,65%;;;;;;;;;;;;
SAMSUN;AYKUT DINLER;CORUM MERKEZ -3;ACIDPASS PAZARI;DIGER ACIDPASS;2;0,18%;1;0,28%;-;0,00%;1;0,26%;;;;;;;;;;;;
SAMSUN;AYKUT DINLER;CORUM MERKEZ -3;ACIDPASS PAZARI;FAMODİN PLUS;388;35,79%;213;60,68%;24;7,04%;151;38,52%;;;;;;;;;;;;
SAMSUN;AYKUT DINLER;CORUM MERKEZ -3;ACIDPASS PAZARI; ACIDPASS PAZARI TOPLAM;1.084;100,00%;351;100,00%;341;100,00%;392;100,00%;;;;;;;;;;;;
SAMSUN;AYKUT DINLER;CORUM MERKEZ -3;MOKSİFLOKSASİN PAZARI;MOKSEFEN;117;66,48%;13;41,94%;91;88,35%;13;30,95%;;;;;;;;;;;;
SAMSUN;AYKUT DINLER;CORUM MERKEZ -3;MOKSİFLOKSASİN PAZARI;AVELOX;46;26,14%;18;58,06%;12;11,65%;16;38,10%;;;;;;;;;;;;
SAMSUN;AYKUT DINLER;CORUM MERKEZ -3;MOKSİFLOKSASİN PAZARI;MOXAI;-;0,00%;-;0,00%;-;0,00%;-;0,00%;;;;;;;;;;;;
SAMSUN;AYKUT DINLER;CORUM MERKEZ -3;MOKSİFLOKSASİN PAZARI;DİĞER MOKSİFLOKSASİN;13;7,39%;-;0,00%;-;0,00%;13;30,95%;;;;;;;;;;;;
SAMSUN;AYKUT DINLER;CORUM MERKEZ -3;MOKSİFLOKSASİN PAZARI;DİĞER LEVOFLOKSASİN;-;0,00%;-;0,00%;-;0,00%;-;0,00%;;;;;;;;;;;;
SAMSUN;AYKUT DINLER;CORUM MERKEZ -3;MOKSİFLOKSASİN PAZARI;MOKSİFLOKSASİN PAZARI TOPLAM;176;100,00%;31;100,00%;103;100,00%;42;100,00%;;;;;;;;;;;;
SAMSUN;AYKUT DINLER;CORUM MERKEZ -3;GRİPORT COLD PAZARI;A FERİN;1.472;27,93%;896;51,46%;299;11,93%;277;27,10%;;;;;;;;;;;;
SAMSUN;AYKUT DINLER;CORUM MERKEZ -3;GRİPORT COLD PAZARI;GRİPORT COLD;211;111,05%;58;3,33%;135;5,38%;18;1,76%;;;;;;;;;;;;
SAMSUN;AYKUT DINLER;CORUM MERKEZ -3;GRİPORT COLD PAZARI;KATARIN;320;6,07%;48;2,76%;121;4,83%;151;14,77%;;;;;;;;;;;;
SAMSUN;AYKUT DINLER;CORUM MERKEZ -3;GRİPORT COLD PAZARI;NUROFEN COLD FLUE;190;3,61%;87;5,00%;75;2,99%;28;2,74%;;;;;;;;;;;;
SAMSUN;AYKUT DINLER;CORUM MERKEZ -3;GRİPORT COLD PAZARI;OTHER COLD PREP;870;16,51%;200;11,49%;436;17,39%;234;22,90%;;;;;;;;;;;;
SAMSUN;AYKUT DINLER;CORUM MERKEZ -3;GRİPORT COLD PAZARI;OTHER COLD PREP - VIT C;824;15,64%;335;19,24%;210;8,38%;279;27,30%;;;;;;;;;;;;
SAMSUN;AYKUT DINLER;CORUM MERKEZ -3;GRİPORT COLD PAZARI;GRİBEX COLD FLUE;1.383;26,24%;117;6,72%;1.231;49,10%;35;3,42%;;;;;;;;;;;;
SAMSUN;AYKUT DINLER;CORUM MERKEZ -3;GRİPORT COLD PAZARI;GRIPORT COLD PAZARI TOPLAM;5.270;100,00%;1.741;100,00%;2.507;100,00%;1.022;100,00%;;;;;;;;;;;;
SAMSUN;AYKUT DINLER;CORUM MERKEZ -3;FAMTREC PAZARI;FAMTREC;10;8,13%;4;5,41%;4;13,33%;2;10,53%;;;;;;;;;;;;
SAMSUN;AYKUT DINLER;CORUM MERKEZ -3;FAMTREC PAZARI;BRUFEN;103;83,74%;34;45,95%;26;86,67%;43;226,32%;;;;;;;;;;;;
SAMSUN;AYKUT DINLER;CORUM MERKEZ -3;FAMTREC PAZARI;DİĞER FAMOTİDİN;60;48,78%;36;48,65%;-;0,00%;24;126,32%;;;;;;;;;;;;
SAMSUN;AYKUT DINLER;CORUM MERKEZ -3;FAMTREC PAZARI;FAMOTİDİN PAZARI TOPLAM;123;100,00%;74;100,00%;30;100,00%;19;100,00%;;;;;;;;;;;;
SAMSUN;HAKAN YUMAK;ERZINCAN MERKEZ;PANTAPROZOL PAZARI;PANOCER TOPLAM;862;8,86%;511;5,99%;91;18,13%;260;37,46%;;;;;;;;;;;;
SAMSUN;HAKAN YUMAK;ERZINCAN MERKEZ;PANTAPROZOL PAZARI;PANTO;7.981;82,00%;7.779;91,12%;53;10,56%;149;21,47%;;;;;;;;;;;;
SAMSUN;HAKAN YUMAK;ERZINCAN MERKEZ;PANTAPROZOL PAZARI;PANTACTIVE;231;2,37%;57;0,67%;116;23,11%;58;8,36%;;;;;;;;;;;;
SAMSUN;HAKAN YUMAK;ERZINCAN MERKEZ;PANTAPROZOL PAZARI;DIGER PANTAPROZOLE;543;5,58%;177;2,07%;140;27,89%;226;32,56%;;;;;;;;;;;;
SAMSUN;HAKAN YUMAK;ERZINCAN MERKEZ;PANTAPROZOL PAZARI;PULCET;116;1,19%;13;0,15%;102;20,32%;1;0,14%;;;;;;;;;;;;
SAMSUN;HAKAN YUMAK;ERZINCAN MERKEZ;PANTAPROZOL PAZARI; PANTOPRAZOLE PAZARI TOPLAM;9.733;100,00%;8.537;100,00%;502;100,00%;694;100,00%;;;;;;;;;;;;
SAMSUN;HAKAN YUMAK;ERZINCAN MERKEZ;ACIDPASS PAZARI;ACIDPASS TOPLAM;180;10,73%;61;12,42%;81;12,35%;38;7,16%;;;;;;;;;;;;
SAMSUN;HAKAN YUMAK;ERZINCAN MERKEZ;ACIDPASS PAZARI;TRIGAST;181;10,79%;83;16,90%;44;6,71%;54;10,17%;;;;;;;;;;;;
SAMSUN;HAKAN YUMAK;ERZINCAN MERKEZ;ACIDPASS PAZARI;TALCID;432;25,74%;52;10,59%;32;4,88%;348;65,54%;;;;;;;;;;;;
SAMSUN;HAKAN YUMAK;ERZINCAN MERKEZ;ACIDPASS PAZARI;RENNIE;692;41,24%;108;22,00%;496;75,61%;88;16,57%;;;;;;;;;;;;
SAMSUN;HAKAN YUMAK;ERZINCAN MERKEZ;ACIDPASS PAZARI;DIGER ACIDPASS;5;0,30%;2;0,41%;-;0,00%;3;0,56%;;;;;;;;;;;;
SAMSUN;HAKAN YUMAK;ERZINCAN MERKEZ;ACIDPASS PAZARI;FAMODİN PLUS;188;11,20%;185;37,68%;3;0,46%;-;0,00%;;;;;;;;;;;;
SAMSUN;HAKAN YUMAK;ERZINCAN MERKEZ;ACIDPASS PAZARI; ACIDPASS PAZARI TOPLAM;1.678;100,00%;491;100,00%;656;100,00%;531;100,00%;;;;;;;;;;;;
SAMSUN;HAKAN YUMAK;ERZINCAN MERKEZ;MOKSİFLOKSASİN PAZARI;MOKSEFEN;44;11,17%;30;13,57%;7;5,98%;7;12,50%;;;;;;;;;;;;
SAMSUN;HAKAN YUMAK;ERZINCAN MERKEZ;MOKSİFLOKSASİN PAZARI;AVELOX;65;16,50%;5;2,26%;22;18,80%;38;67,86%;;;;;;;;;;;;
SAMSUN;HAKAN YUMAK;ERZINCAN MERKEZ;MOKSİFLOKSASİN PAZARI;MOXAI;224;56,85%;168;76,02%;56;47,86%;-;0,00%;;;;;;;;;;;;
SAMSUN;HAKAN YUMAK;ERZINCAN MERKEZ;MOKSİFLOKSASİN PAZARI;DİĞER MOKSİFLOKSASİN;61;15,48%;18;8,14%;32;27,35%;11;19,64%;;;;;;;;;;;;
SAMSUN;HAKAN YUMAK;ERZINCAN MERKEZ;MOKSİFLOKSASİN PAZARI;DİĞER LEVOFLOKSASİN;-;0,00%;-;0,00%;-;0,00%;-;0,00%;;;;;;;;;;;;
SAMSUN;HAKAN YUMAK;ERZINCAN MERKEZ;MOKSİFLOKSASİN PAZARI;MOKSİFLOKSASİN PAZARI TOPLAM;394;100,00%;221;100,00%;117;100,00%;56;100,00%;;;;;;;;;;;;
SAMSUN;HAKAN YUMAK;ERZINCAN MERKEZ;GRİPORT COLD PAZARI;A FERİN;1.355;23,78%;121;8,78%;573;22,81%;661;36,54%;;;;;;;;;;;;
SAMSUN;HAKAN YUMAK;ERZINCAN MERKEZ;GRİPORT COLD PAZARI;GRİPORT COLD;1;0,26%;1;0,07%;-;0,00%;-;0,00%;;;;;;;;;;;;
SAMSUN;HAKAN YUMAK;ERZINCAN MERKEZ;GRİPORT COLD PAZARI;KATARIN;755;13,25%;288;20,90%;332;13,22%;135;7,46%;;;;;;;;;;;;
SAMSUN;HAKAN YUMAK;ERZINCAN MERKEZ;GRİPORT COLD PAZARI;NUROFEN COLD FLUE;388;6,81%;43;3,12%;274;10,91%;71;3,92%;;;;;;;;;;;;
SAMSUN;HAKAN YUMAK;ERZINCAN MERKEZ;GRİPORT COLD PAZARI;OTHER COLD PREP;758;13,30%;219;15,89%;247;9,83%;292;16,14%;;;;;;;;;;;;
SAMSUN;HAKAN YUMAK;ERZINCAN MERKEZ;GRİPORT COLD PAZARI;OTHER COLD PREP - VIT C;1.299;22,79%;521;37,81%;262;10,43%;516;28,52%;;;;;;;;;;;;
SAMSUN;HAKAN YUMAK;ERZINCAN MERKEZ;GRİPORT COLD PAZARI;GRİBEX COLD FLUE;1.143;20,06%;185;13,43%;824;32,80%;134;7,41%;;;;;;;;;;;;
SAMSUN;HAKAN YUMAK;ERZINCAN MERKEZ;GRİPORT COLD PAZARI;GRIPORT COLD PAZARI TOPLAM;5.699;100,00%;1.378;100,00%;2.512;100,00%;1.809;100,00%;;;;;;;;;;;;
SAMSUN;HAKAN YUMAK;ERZINCAN MERKEZ;FAMTREC PAZARI;FAMTREC;-;0,00%;-;0,00%;-;0,00%;-;0,00%;;;;;;;;;;;;
SAMSUN;HAKAN YUMAK;ERZINCAN MERKEZ;FAMTREC PAZARI;BRUFEN;457;117,78%;93;76,86%;173;92,51%;191;238,75%;;;;;;;;;;;;
SAMSUN;HAKAN YUMAK;ERZINCAN MERKEZ;FAMTREC PAZARI;DİĞER FAMOTİDİN;153;39,43%;28;23,14%;14;7,49%;111;138,75%;;;;;;;;;;;;
SAMSUN;HAKAN YUMAK;ERZINCAN MERKEZ;FAMTREC PAZARI;FAMOTİDİN PAZARI TOPLAM;388;100,00%;121;100,00%;187;100,00%;80;100,00%;;;;;;;;;;;;
SAMSUN;KURSAD KARADAG;ERZURUM GUNEY ILCELER;PANTAPROZOL PAZARI;PANOCER TOPLAM;945;24,95%;529;20,14%;389;44,31%;27;9,51%;;;;;;;;;;;;
SAMSUN;KURSAD KARADAG;ERZURUM GUNEY ILCELER;PANTAPROZOL PAZARI;PANTO;1.915;50,55%;1.690;64,36%;102;11,62%;123;43,31%;;;;;;;;;;;;
SAMSUN;KURSAD KARADAG;ERZURUM GUNEY ILCELER;PANTAPROZOL PAZARI;PANTACTIVE;188;4,96%;156;5,94%;12;1,37%;20;7,04%;;;;;;;;;;;;
SAMSUN;KURSAD KARADAG;ERZURUM GUNEY ILCELER;PANTAPROZOL PAZARI;DIGER PANTAPROZOLE;404;10,67%;162;6,17%;153;17,43%;89;31,34%;;;;;;;;;;;;
SAMSUN;KURSAD KARADAG;ERZURUM GUNEY ILCELER;PANTAPROZOL PAZARI;PULCET;336;8,87%;89;3,39%;222;25,28%;25;8,80%;;;;;;;;;;;;
SAMSUN;KURSAD KARADAG;ERZURUM GUNEY ILCELER;PANTAPROZOL PAZARI; PANTOPRAZOLE PAZARI TOPLAM;3.788;100,00%;2.626;100,00%;878;100,00%;284;100,00%;;;;;;;;;;;;
SAMSUN;KURSAD KARADAG;ERZURUM GUNEY ILCELER;ACIDPASS PAZARI;ACIDPASS TOPLAM;69;11,84%;46;17,42%;13;5,49%;10;12,20%;;;;;;;;;;;;
SAMSUN;KURSAD KARADAG;ERZURUM GUNEY ILCELER;ACIDPASS PAZARI;TRIGAST;185;31,73%;131;49,62%;30;12,66%;24;29,27%;;;;;;;;;;;;
SAMSUN;KURSAD KARADAG;ERZURUM GUNEY ILCELER;ACIDPASS PAZARI;TALCID;79;13,55%;43;16,29%;14;5,91%;22;26,83%;;;;;;;;;;;;
SAMSUN;KURSAD KARADAG;ERZURUM GUNEY ILCELER;ACIDPASS PAZARI;RENNIE;247;42,37%;43;16,29%;179;75,53%;25;30,49%;;;;;;;;;;;;
SAMSUN;KURSAD KARADAG;ERZURUM GUNEY ILCELER;ACIDPASS PAZARI;DIGER ACIDPASS;3;0,51%;-;0,00%;1;0,42%;2;2,44%;;;;;;;;;;;;
SAMSUN;KURSAD KARADAG;ERZURUM GUNEY ILCELER;ACIDPASS PAZARI;FAMODİN PLUS;-;0,00%;1;0,38%;-;0,00%;-1;-1,22%;;;;;;;;;;;;
SAMSUN;KURSAD KARADAG;ERZURUM GUNEY ILCELER;ACIDPASS PAZARI; ACIDPASS PAZARI TOPLAM;583;100,00%;264;100,00%;237;100,00%;82;100,00%;;;;;;;;;;;;
SAMSUN;KURSAD KARADAG;ERZURUM GUNEY ILCELER;MOKSİFLOKSASİN PAZARI;MOKSEFEN;125;18,55%;49;68,06%;50;8,87%;26;68,42%;;;;;;;;;;;;
SAMSUN;KURSAD KARADAG;ERZURUM GUNEY ILCELER;MOKSİFLOKSASİN PAZARI;AVELOX;56;8,31%;16;22,22%;28;4,96%;12;31,58%;;;;;;;;;;;;
SAMSUN;KURSAD KARADAG;ERZURUM GUNEY ILCELER;MOKSİFLOKSASİN PAZARI;MOXAI;481;71,36%;1;1,39%;480;85,11%;-;0,00%;;;;;;;;;;;;
SAMSUN;KURSAD KARADAG;ERZURUM GUNEY ILCELER;MOKSİFLOKSASİN PAZARI;DİĞER MOKSİFLOKSASİN;12;1,78%;6;8,33%;6;1,06%;-;0,00%;;;;;;;;;;;;
SAMSUN;KURSAD KARADAG;ERZURUM GUNEY ILCELER;MOKSİFLOKSASİN PAZARI;DİĞER LEVOFLOKSASİN;-;0,00%;-;0,00%;-;0,00%;-;0,00%;;;;;;;;;;;;
SAMSUN;KURSAD KARADAG;ERZURUM GUNEY ILCELER;MOKSİFLOKSASİN PAZARI;MOKSİFLOKSASİN PAZARI TOPLAM;674;100,00%;72;100,00%;564;100,00%;38;100,00%;;;;;;;;;;;;
SAMSUN;KURSAD KARADAG;ERZURUM GUNEY ILCELER;GRİPORT COLD PAZARI;A FERİN;831;25,66%;392;30,67%;365;29,92%;74;9,99%;;;;;;;;;;;;
SAMSUN;KURSAD KARADAG;ERZURUM GUNEY ILCELER;GRİPORT COLD PAZARI;GRİPORT COLD;12;19,05%;-;0,00%;2;0,16%;10;1,35%;;;;;;;;;;;;
SAMSUN;KURSAD KARADAG;ERZURUM GUNEY ILCELER;GRİPORT COLD PAZARI;KATARIN;425;13,12%;116;9,08%;185;15,16%;124;16,73%;;;;;;;;;;;;
SAMSUN;KURSAD KARADAG;ERZURUM GUNEY ILCELER;GRİPORT COLD PAZARI;NUROFEN COLD FLUE;63;1,95%;21;1,64%;23;1,89%;19;2,56%;;;;;;;;;;;;
SAMSUN;KURSAD KARADAG;ERZURUM GUNEY ILCELER;GRİPORT COLD PAZARI;OTHER COLD PREP;767;23,68%;504;39,44%;172;14,10%;91;12,28%;;;;;;;;;;;;
SAMSUN;KURSAD KARADAG;ERZURUM GUNEY ILCELER;GRİPORT COLD PAZARI;OTHER COLD PREP - VIT C;863;26,64%;219;17,14%;266;21,80%;378;51,01%;;;;;;;;;;;;
SAMSUN;KURSAD KARADAG;ERZURUM GUNEY ILCELER;GRİPORT COLD PAZARI;GRİBEX COLD FLUE;278;8,58%;26;2,03%;207;16,97%;45;6,07%;;;;;;;;;;;;
SAMSUN;KURSAD KARADAG;ERZURUM GUNEY ILCELER;GRİPORT COLD PAZARI;GRIPORT COLD PAZARI TOPLAM;3.239;100,00%;1.278;100,00%;1.220;100,00%;741;100,00%;;;;;;;;;;;;
SAMSUN;KURSAD KARADAG;ERZURUM GUNEY ILCELER;FAMTREC PAZARI;FAMTREC;85;34,27%;42;30,88%;35;40,70%;8;30,77%;;;;;;;;;;;;
SAMSUN;KURSAD KARADAG;ERZURUM GUNEY ILCELER;FAMTREC PAZARI;BRUFEN;62;25,00%;20;14,71%;-;0,00%;42;161,54%;;;;;;;;;;;;
SAMSUN;KURSAD KARADAG;ERZURUM GUNEY ILCELER;FAMTREC PAZARI;DİĞER FAMOTİDİN;141;56,85%;74;54,41%;51;59,30%;16;61,54%;;;;;;;;;;;;
SAMSUN;KURSAD KARADAG;ERZURUM GUNEY ILCELER;FAMTREC PAZARI;FAMOTİDİN PAZARI TOPLAM;248;100,00%;136;100,00%;86;100,00%;26;100,00%;;;;;;;;;;;;
SAMSUN;KURSAD KARADAG;ERZURUM MERKEZ -1;PANTAPROZOL PAZARI;PANOCER TOPLAM;326;6,83%;313;7,87%;13;2,07%;-;0,00%;;;;;;;;;;;;
SAMSUN;KURSAD KARADAG;ERZURUM MERKEZ -1;PANTAPROZOL PAZARI;PANTO;3.605;75,58%;3.534;88,88%;45;7,17%;26;15,66%;;;;;;;;;;;;
SAMSUN;KURSAD KARADAG;ERZURUM MERKEZ -1;PANTAPROZOL PAZARI;PANTACTIVE;18;0,38%;-;0,00%;18;2,87%;-;0,00%;;;;;;;;;;;;
SAMSUN;KURSAD KARADAG;ERZURUM MERKEZ -1;PANTAPROZOL PAZARI;DIGER PANTAPROZOLE;257;5,39%;86;2,16%;45;7,17%;126;75,90%;;;;;;;;;;;;
SAMSUN;KURSAD KARADAG;ERZURUM MERKEZ -1;PANTAPROZOL PAZARI;PULCET;564;11,82%;43;1,08%;507;80,73%;14;8,43%;;;;;;;;;;;;
SAMSUN;KURSAD KARADAG;ERZURUM MERKEZ -1;PANTAPROZOL PAZARI; PANTOPRAZOLE PAZARI TOPLAM;4.770;100,00%;3.976;100,00%;628;100,00%;166;100,00%;;;;;;;;;;;;
SAMSUN;KURSAD KARADAG;ERZURUM MERKEZ -1;ACIDPASS PAZARI;ACIDPASS TOPLAM;59;13,63%;28;15,22%;25;16,13%;6;6,38%;;;;;;;;;;;;
SAMSUN;KURSAD KARADAG;ERZURUM MERKEZ -1;ACIDPASS PAZARI;TRIGAST;89;20,55%;42;22,83%;23;14,84%;24;25,53%;;;;;;;;;;;;
SAMSUN;KURSAD KARADAG;ERZURUM MERKEZ -1;ACIDPASS PAZARI;TALCID;92;21,25%;55;29,89%;28;18,06%;9;9,57%;;;;;;;;;;;;
SAMSUN;KURSAD KARADAG;ERZURUM MERKEZ -1;ACIDPASS PAZARI;RENNIE;184;42,49%;50;27,17%;79;50,97%;55;58,51%;;;;;;;;;;;;
SAMSUN;KURSAD KARADAG;ERZURUM MERKEZ -1;ACIDPASS PAZARI;DIGER ACIDPASS;9;2,08%;9;4,89%;-;0,00%;-;0,00%;;;;;;;;;;;;
SAMSUN;KURSAD KARADAG;ERZURUM MERKEZ -1;ACIDPASS PAZARI;FAMODİN PLUS;-;0,00%;-;0,00%;-;0,00%;-;0,00%;;;;;;;;;;;;
SAMSUN;KURSAD KARADAG;ERZURUM MERKEZ -1;ACIDPASS PAZARI; ACIDPASS PAZARI TOPLAM;433;100,00%;184;100,00%;155;100,00%;94;100,00%;;;;;;;;;;;;
SAMSUN;KURSAD KARADAG;ERZURUM MERKEZ -1;MOKSİFLOKSASİN PAZARI;MOKSEFEN;36;30,77%;6;25,00%;-;0,00%;30;58,82%;;;;;;;;;;;;
SAMSUN;KURSAD KARADAG;ERZURUM MERKEZ -1;MOKSİFLOKSASİN PAZARI;AVELOX;71;60,68%;17;70,83%;35;83,33%;19;37,25%;;;;;;;;;;;;
SAMSUN;KURSAD KARADAG;ERZURUM MERKEZ -1;MOKSİFLOKSASİN PAZARI;MOXAI;10;8,55%;1;4,17%;7;16,67%;2;3,92%;;;;;;;;;;;;
SAMSUN;KURSAD KARADAG;ERZURUM MERKEZ -1;MOKSİFLOKSASİN PAZARI;DİĞER MOKSİFLOKSASİN;-;0,00%;-;0,00%;-;0,00%;-;0,00%;;;;;;;;;;;;
SAMSUN;KURSAD KARADAG;ERZURUM MERKEZ -1;MOKSİFLOKSASİN PAZARI;DİĞER LEVOFLOKSASİN;-;0,00%;-;0,00%;-;0,00%;-;0,00%;;;;;;;;;;;;
SAMSUN;KURSAD KARADAG;ERZURUM MERKEZ -1;MOKSİFLOKSASİN PAZARI;MOKSİFLOKSASİN PAZARI TOPLAM;117;100,00%;24;100,00%;42;100,00%;51;100,00%;;;;;;;;;;;;
SAMSUN;KURSAD KARADAG;ERZURUM MERKEZ -1;GRİPORT COLD PAZARI;A FERİN;1.178;34,04%;52;5,71%;917;48,19%;209;32,30%;;;;;;;;;;;;
SAMSUN;KURSAD KARADAG;ERZURUM MERKEZ -1;GRİPORT COLD PAZARI;GRİPORT COLD;22;13,75%;3;0,33%;8;0,42%;11;1,70%;;;;;;;;;;;;
SAMSUN;KURSAD KARADAG;ERZURUM MERKEZ -1;GRİPORT COLD PAZARI;KATARIN;303;8,75%;105;11,53%;188;9,88%;10;1,55%;;;;;;;;;;;;
SAMSUN;KURSAD KARADAG;ERZURUM MERKEZ -1;GRİPORT COLD PAZARI;NUROFEN COLD FLUE;160;4,62%;15;1,65%;125;6,57%;20;3,09%;;;;;;;;;;;;
SAMSUN;KURSAD KARADAG;ERZURUM MERKEZ -1;GRİPORT COLD PAZARI;OTHER COLD PREP;685;19,79%;195;21,40%;333;17,50%;157;24,27%;;;;;;;;;;;;
SAMSUN;KURSAD KARADAG;ERZURUM MERKEZ -1;GRİPORT COLD PAZARI;OTHER COLD PREP - VIT C;912;26,35%;519;56,97%;171;8,99%;222;34,31%;;;;;;;;;;;;
SAMSUN;KURSAD KARADAG;ERZURUM MERKEZ -1;GRİPORT COLD PAZARI;GRİBEX COLD FLUE;201;5,81%;22;2,41%;161;8,46%;18;2,78%;;;;;;;;;;;;
SAMSUN;KURSAD KARADAG;ERZURUM MERKEZ -1;GRİPORT COLD PAZARI;GRIPORT COLD PAZARI TOPLAM;3.461;100,00%;911;100,00%;1.903;100,00%;647;100,00%;;;;;;;;;;;;
SAMSUN;KURSAD KARADAG;ERZURUM MERKEZ -1;FAMTREC PAZARI;FAMTREC;32;21,92%;3;5,77%;6;7,41%;23;176,92%;;;;;;;;;;;;
SAMSUN;KURSAD KARADAG;ERZURUM MERKEZ -1;FAMTREC PAZARI;BRUFEN;91;62,33%;26;50,00%;32;39,51%;33;253,85%;;;;;;;;;;;;
SAMSUN;KURSAD KARADAG;ERZURUM MERKEZ -1;FAMTREC PAZARI;DİĞER FAMOTİDİN;86;58,90%;23;44,23%;43;53,09%;20;153,85%;;;;;;;;;;;;
SAMSUN;KURSAD KARADAG;ERZURUM MERKEZ -1;FAMTREC PAZARI;FAMOTİDİN PAZARI TOPLAM;146;100,00%;52;100,00%;81;100,00%;13;100,00%;;;;;;;;;;;;
SAMSUN;KURSAD KARADAG;ERZURUM MERKEZ -2;PANTAPROZOL PAZARI;PANOCER TOPLAM;101;2,18%;13;0,30%;-;0,00%;88;56,41%;;;;;;;;;;;;
SAMSUN;KURSAD KARADAG;ERZURUM MERKEZ -2;PANTAPROZOL PAZARI;PANTO;4.166;89,96%;4.128;96,11%;26;14,44%;12;7,69%;;;;;;;;;;;;
SAMSUN;KURSAD KARADAG;ERZURUM MERKEZ -2;PANTAPROZOL PAZARI;PANTACTIVE;6;0,13%;-;0,00%;-;0,00%;6;3,85%;;;;;;;;;;;;
SAMSUN;KURSAD KARADAG;ERZURUM MERKEZ -2;PANTAPROZOL PAZARI;DIGER PANTAPROZOLE;187;4,04%;121;2,82%;27;15,00%;39;25,00%;;;;;;;;;;;;
SAMSUN;KURSAD KARADAG;ERZURUM MERKEZ -2;PANTAPROZOL PAZARI;PULCET;171;3,69%;33;0,77%;127;70,56%;11;7,05%;;;;;;;;;;;;
SAMSUN;KURSAD KARADAG;ERZURUM MERKEZ -2;PANTAPROZOL PAZARI; PANTOPRAZOLE PAZARI TOPLAM;4.631;100,00%;4.295;100,00%;180;100,00%;156;100,00%;;;;;;;;;;;;
SAMSUN;KURSAD KARADAG;ERZURUM MERKEZ -2;ACIDPASS PAZARI;ACIDPASS TOPLAM;91;24,66%;43;45,74%;48;20,34%;-;0,00%;;;;;;;;;;;;
SAMSUN;KURSAD KARADAG;ERZURUM MERKEZ -2;ACIDPASS PAZARI;TRIGAST;19;5,15%;19;20,21%;-;0,00%;-;0,00%;;;;;;;;;;;;
SAMSUN;KURSAD KARADAG;ERZURUM MERKEZ -2;ACIDPASS PAZARI;TALCID;28;7,59%;22;23,40%;-;0,00%;6;15,38%;;;;;;;;;;;;
SAMSUN;KURSAD KARADAG;ERZURUM MERKEZ -2;ACIDPASS PAZARI;RENNIE;227;61,52%;8;8,51%;186;78,81%;33;84,62%;;;;;;;;;;;;
SAMSUN;KURSAD KARADAG;ERZURUM MERKEZ -2;ACIDPASS PAZARI;DIGER ACIDPASS;-;0,00%;-;0,00%;-;0,00%;-;0,00%;;;;;;;;;;;;
SAMSUN;KURSAD KARADAG;ERZURUM MERKEZ -2;ACIDPASS PAZARI;FAMODİN PLUS;4;1,08%;2;2,13%;2;0,85%;-;0,00%;;;;;;;;;;;;
SAMSUN;KURSAD KARADAG;ERZURUM MERKEZ -2;ACIDPASS PAZARI; ACIDPASS PAZARI TOPLAM;369;100,00%;94;100,00%;236;100,00%;39;100,00%;;;;;;;;;;;;
SAMSUN;KURSAD KARADAG;ERZURUM MERKEZ -2;MOKSİFLOKSASİN PAZARI;MOKSEFEN;12;25,00%;12;42,86%;-;0,00%;-;0,00%;;;;;;;;;;;;
SAMSUN;KURSAD KARADAG;ERZURUM MERKEZ -2;MOKSİFLOKSASİN PAZARI;AVELOX;26;54,17%;15;53,57%;3;75,00%;8;50,00%;;;;;;;;;;;;
SAMSUN;KURSAD KARADAG;ERZURUM MERKEZ -2;MOKSİFLOKSASİN PAZARI;MOXAI;10;20,83%;1;3,57%;1;25,00%;8;50,00%;;;;;;;;;;;;
SAMSUN;KURSAD KARADAG;ERZURUM MERKEZ -2;MOKSİFLOKSASİN PAZARI;DİĞER MOKSİFLOKSASİN;-;0,00%;-;0,00%;-;0,00%;-;0,00%;;;;;;;;;;;;
SAMSUN;KURSAD KARADAG;ERZURUM MERKEZ -2;MOKSİFLOKSASİN PAZARI;DİĞER LEVOFLOKSASİN;-;0,00%;-;0,00%;-;0,00%;-;0,00%;;;;;;;;;;;;
SAMSUN;KURSAD KARADAG;ERZURUM MERKEZ -2;MOKSİFLOKSASİN PAZARI;MOKSİFLOKSASİN PAZARI TOPLAM;48;100,00%;28;100,00%;4;100,00%;16;100,00%;;;;;;;;;;;;
SAMSUN;KURSAD KARADAG;ERZURUM MERKEZ -2;GRİPORT COLD PAZARI;A FERİN;228;15,86%;16;4,00%;13;5,99%;199;24,24%;;;;;;;;;;;;
SAMSUN;KURSAD KARADAG;ERZURUM MERKEZ -2;GRİPORT COLD PAZARI;GRİPORT COLD;205;1.576,92%;130;32,50%;-;0,00%;75;9,14%;;;;;;;;;;;;
SAMSUN;KURSAD KARADAG;ERZURUM MERKEZ -2;GRİPORT COLD PAZARI;KATARIN;163;11,34%;60;15,00%;65;29,95%;38;4,63%;;;;;;;;;;;;
SAMSUN;KURSAD KARADAG;ERZURUM MERKEZ -2;GRİPORT COLD PAZARI;NUROFEN COLD FLUE;13;0,90%;7;1,75%;6;2,77%;-;0,00%;;;;;;;;;;;;
SAMSUN;KURSAD KARADAG;ERZURUM MERKEZ -2;GRİPORT COLD PAZARI;OTHER COLD PREP;415;28,86%;50;12,50%;33;15,21%;332;40,44%;;;;;;;;;;;;
SAMSUN;KURSAD KARADAG;ERZURUM MERKEZ -2;GRİPORT COLD PAZARI;OTHER COLD PREP - VIT C;386;26,84%;120;30,00%;95;43,78%;171;20,83%;;;;;;;;;;;;
SAMSUN;KURSAD KARADAG;ERZURUM MERKEZ -2;GRİPORT COLD PAZARI;GRİBEX COLD FLUE;28;1,95%;17;4,25%;5;2,30%;6;0,73%;;;;;;;;;;;;
SAMSUN;KURSAD KARADAG;ERZURUM MERKEZ -2;GRİPORT COLD PAZARI;GRIPORT COLD PAZARI TOPLAM;1.438;100,00%;400;100,00%;217;100,00%;821;100,00%;;;;;;;;;;;;
SAMSUN;KURSAD KARADAG;ERZURUM MERKEZ -2;FAMTREC PAZARI;FAMTREC;76;71,03%;56;71,79%;3;18,75%;17;130,77%;;;;;;;;;;;;
SAMSUN;KURSAD KARADAG;ERZURUM MERKEZ -2;FAMTREC PAZARI;BRUFEN;70;65,42%;22;28,21%;13;81,25%;35;269,23%;;;;;;;;;;;;
SAMSUN;KURSAD KARADAG;ERZURUM MERKEZ -2;FAMTREC PAZARI;DİĞER FAMOTİDİN;22;20,56%;-;0,00%;-;0,00%;22;169,23%;;;;;;;;;;;;
SAMSUN;KURSAD KARADAG;ERZURUM MERKEZ -2;FAMTREC PAZARI;FAMOTİDİN PAZARI TOPLAM;107;100,00%;78;100,00%;16;100,00%;13;100,00%;;;;;;;;;;;;
SAMSUN;KURSAD KARADAG;ERZURUM MERKEZ -3;PANTAPROZOL PAZARI;PANOCER TOPLAM;603;7,11%;427;6,08%;14;1,66%;162;26,38%;;;;;;;;;;;;
SAMSUN;KURSAD KARADAG;ERZURUM MERKEZ -3;PANTAPROZOL PAZARI;PANTO;6.705;79,09%;6.415;91,34%;83;9,87%;207;33,71%;;;;;;;;;;;;
SAMSUN;KURSAD KARADAG;ERZURUM MERKEZ -3;PANTAPROZOL PAZARI;PANTACTIVE;35;0,41%;23;0,33%;6;0,71%;6;0,98%;;;;;;;;;;;;
SAMSUN;KURSAD KARADAG;ERZURUM MERKEZ -3;PANTAPROZOL PAZARI;DIGER PANTAPROZOLE;346;4,08%;114;1,62%;55;6,54%;177;28,83%;;;;;;;;;;;;
SAMSUN;KURSAD KARADAG;ERZURUM MERKEZ -3;PANTAPROZOL PAZARI;PULCET;789;9,31%;44;0,63%;683;81,21%;62;10,10%;;;;;;;;;;;;
SAMSUN;KURSAD KARADAG;ERZURUM MERKEZ -3;PANTAPROZOL PAZARI; PANTOPRAZOLE PAZARI TOPLAM;8.478;100,00%;7.023;100,00%;841;100,00%;614;100,00%;;;;;;;;;;;;
SAMSUN;KURSAD KARADAG;ERZURUM MERKEZ -3;ACIDPASS PAZARI;ACIDPASS TOPLAM;81;11,04%;10;4,88%;32;10,39%;39;17,65%;;;;;;;;;;;;
SAMSUN;KURSAD KARADAG;ERZURUM MERKEZ -3;ACIDPASS PAZARI;TRIGAST;192;26,16%;58;28,29%;96;31,17%;38;17,19%;;;;;;;;;;;;
SAMSUN;KURSAD KARADAG;ERZURUM MERKEZ -3;ACIDPASS PAZARI;TALCID;122;16,62%;53;25,85%;20;6,49%;49;22,17%;;;;;;;;;;;;
SAMSUN;KURSAD KARADAG;ERZURUM MERKEZ -3;ACIDPASS PAZARI;RENNIE;337;45,91%;84;40,98%;159;51,62%;94;42,53%;;;;;;;;;;;;
SAMSUN;KURSAD KARADAG;ERZURUM MERKEZ -3;ACIDPASS PAZARI;DIGER ACIDPASS;2;0,27%;-;0,00%;1;0,32%;1;0,45%;;;;;;;;;;;;
SAMSUN;KURSAD KARADAG;ERZURUM MERKEZ -3;ACIDPASS PAZARI;FAMODİN PLUS;-;0,00%;-;0,00%;-;0,00%;-;0,00%;;;;;;;;;;;;
SAMSUN;KURSAD KARADAG;ERZURUM MERKEZ -3;ACIDPASS PAZARI; ACIDPASS PAZARI TOPLAM;734;100,00%;205;100,00%;308;100,00%;221;100,00%;;;;;;;;;;;;
SAMSUN;KURSAD KARADAG;ERZURUM MERKEZ -3;MOKSİFLOKSASİN PAZARI;MOKSEFEN;161;37,53%;32;19,75%;7;8,97%;122;64,55%;;;;;;;;;;;;
SAMSUN;KURSAD KARADAG;ERZURUM MERKEZ -3;MOKSİFLOKSASİN PAZARI;AVELOX;94;21,91%;70;43,21%;10;12,82%;14;7,41%;;;;;;;;;;;;
SAMSUN;KURSAD KARADAG;ERZURUM MERKEZ -3;MOKSİFLOKSASİN PAZARI;MOXAI;174;40,56%;60;37,04%;61;78,21%;53;28,04%;;;;;;;;;;;;
SAMSUN;KURSAD KARADAG;ERZURUM MERKEZ -3;MOKSİFLOKSASİN PAZARI;DİĞER MOKSİFLOKSASİN;-;0,00%;-;0,00%;-;0,00%;-;0,00%;;;;;;;;;;;;
SAMSUN;KURSAD KARADAG;ERZURUM MERKEZ -3;MOKSİFLOKSASİN PAZARI;DİĞER LEVOFLOKSASİN;-;0,00%;-;0,00%;-;0,00%;-;0,00%;;;;;;;;;;;;
SAMSUN;KURSAD KARADAG;ERZURUM MERKEZ -3;MOKSİFLOKSASİN PAZARI;MOKSİFLOKSASİN PAZARI TOPLAM;429;100,00%;162;100,00%;78;100,00%;189;100,00%;;;;;;;;;;;;
SAMSUN;KURSAD KARADAG;ERZURUM MERKEZ -3;GRİPORT COLD PAZARI;A FERİN;2.026;36,79%;74;8,82%;405;22,29%;1.547;54,26%;;;;;;;;;;;;
SAMSUN;KURSAD KARADAG;ERZURUM MERKEZ -3;GRİPORT COLD PAZARI;GRİPORT COLD;168;109,80%;25;2,98%;12;0,66%;131;4,59%;;;;;;;;;;;;
SAMSUN;KURSAD KARADAG;ERZURUM MERKEZ -3;GRİPORT COLD PAZARI;KATARIN;480;8,72%;261;31,11%;141;7,76%;78;2,74%;;;;;;;;;;;;
SAMSUN;KURSAD KARADAG;ERZURUM MERKEZ -3;GRİPORT COLD PAZARI;NUROFEN COLD FLUE;153;2,78%;46;5,48%;35;1,93%;72;2,53%;;;;;;;;;;;;
SAMSUN;KURSAD KARADAG;ERZURUM MERKEZ -3;GRİPORT COLD PAZARI;OTHER COLD PREP;1.087;19,74%;189;22,53%;482;26,53%;416;14,59%;;;;;;;;;;;;
SAMSUN;KURSAD KARADAG;ERZURUM MERKEZ -3;GRİPORT COLD PAZARI;OTHER COLD PREP - VIT C;1.248;22,66%;225;26,82%;641;35,28%;382;13,40%;;;;;;;;;;;;
SAMSUN;KURSAD KARADAG;ERZURUM MERKEZ -3;GRİPORT COLD PAZARI;GRİBEX COLD FLUE;345;6,26%;19;2,26%;101;5,56%;225;7,89%;;;;;;;;;;;;
SAMSUN;KURSAD KARADAG;ERZURUM MERKEZ -3;GRİPORT COLD PAZARI;GRIPORT COLD PAZARI TOPLAM;5.507;100,00%;839;100,00%;1.817;100,00%;2.851;100,00%;;;;;;;;;;;;
SAMSUN;KURSAD KARADAG;ERZURUM MERKEZ -3;FAMTREC PAZARI;FAMTREC;121;33,24%;5;3,47%;55;38,19%;61;80,26%;;;;;;;;;;;;
SAMSUN;KURSAD KARADAG;ERZURUM MERKEZ -3;FAMTREC PAZARI;BRUFEN;286;78,57%;40;27,78%;57;39,58%;189;248,68%;;;;;;;;;;;;
SAMSUN;KURSAD KARADAG;ERZURUM MERKEZ -3;FAMTREC PAZARI;DİĞER FAMOTİDİN;244;67,03%;99;68,75%;32;22,22%;113;148,68%;;;;;;;;;;;;
SAMSUN;KURSAD KARADAG;ERZURUM MERKEZ -3;FAMTREC PAZARI;FAMOTİDİN PAZARI TOPLAM;364;100,00%;144;100,00%;144;100,00%;76;100,00%;;;;;;;;;;;;
SAMSUN;YILMAZ USTA;GIRESUN BULANCAK+PIRAZIZ;PANTAPROZOL PAZARI;PANOCER TOPLAM;274;7,15%;173;6,49%;88;15,22%;13;2,21%;;;;;;;;;;;;
SAMSUN;YILMAZ USTA;GIRESUN BULANCAK+PIRAZIZ;PANTAPROZOL PAZARI;PANTO;2.556;66,72%;2.081;78,12%;125;21,63%;350;59,42%;;;;;;;;;;;;
SAMSUN;YILMAZ USTA;GIRESUN BULANCAK+PIRAZIZ;PANTAPROZOL PAZARI;PANTACTIVE;100;2,61%;18;0,68%;18;3,11%;64;10,87%;;;;;;;;;;;;
SAMSUN;YILMAZ USTA;GIRESUN BULANCAK+PIRAZIZ;PANTAPROZOL PAZARI;DIGER PANTAPROZOLE;547;14,28%;302;11,34%;142;24,57%;103;17,49%;;;;;;;;;;;;
SAMSUN;YILMAZ USTA;GIRESUN BULANCAK+PIRAZIZ;PANTAPROZOL PAZARI;PULCET;354;9,24%;90;3,38%;205;35,47%;59;10,02%;;;;;;;;;;;;
SAMSUN;YILMAZ USTA;GIRESUN BULANCAK+PIRAZIZ;PANTAPROZOL PAZARI; PANTOPRAZOLE PAZARI TOPLAM;3.831;100,00%;2.664;100,00%;578;100,00%;589;100,00%;;;;;;;;;;;;
SAMSUN;YILMAZ USTA;GIRESUN BULANCAK+PIRAZIZ;ACIDPASS PAZARI;ACIDPASS TOPLAM;313;21,65%;79;48,17%;147;22,14%;87;14,08%;;;;;;;;;;;;
SAMSUN;YILMAZ USTA;GIRESUN BULANCAK+PIRAZIZ;ACIDPASS PAZARI;TRIGAST;43;2,97%;15;9,15%;26;3,92%;2;0,32%;;;;;;;;;;;;
SAMSUN;YILMAZ USTA;GIRESUN BULANCAK+PIRAZIZ;ACIDPASS PAZARI;TALCID;553;38,24%;21;12,80%;77;11,60%;455;73,62%;;;;;;;;;;;;
SAMSUN;YILMAZ USTA;GIRESUN BULANCAK+PIRAZIZ;ACIDPASS PAZARI;RENNIE;522;36,10%;38;23,17%;411;61,90%;73;11,81%;;;;;;;;;;;;
SAMSUN;YILMAZ USTA;GIRESUN BULANCAK+PIRAZIZ;ACIDPASS PAZARI;DIGER ACIDPASS;4;0,28%;-;0,00%;3;0,45%;1;0,16%;;;;;;;;;;;;
SAMSUN;YILMAZ USTA;GIRESUN BULANCAK+PIRAZIZ;ACIDPASS PAZARI;FAMODİN PLUS;11;0,76%;11;6,71%;-;0,00%;-;0,00%;;;;;;;;;;;;
SAMSUN;YILMAZ USTA;GIRESUN BULANCAK+PIRAZIZ;ACIDPASS PAZARI; ACIDPASS PAZARI TOPLAM;1.446;100,00%;164;100,00%;664;100,00%;618;100,00%;;;;;;;;;;;;
SAMSUN;YILMAZ USTA;GIRESUN BULANCAK+PIRAZIZ;MOKSİFLOKSASİN PAZARI;MOKSEFEN;13;5,99%;-;0,00%;-;0,00%;13;25,00%;;;;;;;;;;;;
SAMSUN;YILMAZ USTA;GIRESUN BULANCAK+PIRAZIZ;MOKSİFLOKSASİN PAZARI;AVELOX;101;46,54%;49;35,77%;20;71,43%;32;61,54%;;;;;;;;;;;;
SAMSUN;YILMAZ USTA;GIRESUN BULANCAK+PIRAZIZ;MOKSİFLOKSASİN PAZARI;MOXAI;101;46,54%;88;64,23%;6;21,43%;7;13,46%;;;;;;;;;;;;
SAMSUN;YILMAZ USTA;GIRESUN BULANCAK+PIRAZIZ;MOKSİFLOKSASİN PAZARI;DİĞER MOKSİFLOKSASİN;2;0,92%;-;0,00%;2;7,14%;-;0,00%;;;;;;;;;;;;
SAMSUN;YILMAZ USTA;GIRESUN BULANCAK+PIRAZIZ;MOKSİFLOKSASİN PAZARI;DİĞER LEVOFLOKSASİN;-;0,00%;-;0,00%;-;0,00%;-;0,00%;;;;;;;;;;;;
SAMSUN;YILMAZ USTA;GIRESUN BULANCAK+PIRAZIZ;MOKSİFLOKSASİN PAZARI;MOKSİFLOKSASİN PAZARI TOPLAM;217;100,00%;137;100,00%;28;100,00%;52;100,00%;;;;;;;;;;;;
SAMSUN;YILMAZ USTA;GIRESUN BULANCAK+PIRAZIZ;GRİPORT COLD PAZARI;A FERİN;1.395;33,93%;1.128;50,54%;150;14,08%;117;14,37%;;;;;;;;;;;;
SAMSUN;YILMAZ USTA;GIRESUN BULANCAK+PIRAZIZ;GRİPORT COLD PAZARI;GRİPORT COLD;156;40,52%;140;6,27%;8;0,75%;8;0,98%;;;;;;;;;;;;
SAMSUN;YILMAZ USTA;GIRESUN BULANCAK+PIRAZIZ;GRİPORT COLD PAZARI;KATARIN;135;3,28%;21;0,94%;97;9,11%;17;2,09%;;;;;;;;;;;;
SAMSUN;YILMAZ USTA;GIRESUN BULANCAK+PIRAZIZ;GRİPORT COLD PAZARI;NUROFEN COLD FLUE;385;9,37%;28;1,25%;355;33,33%;2;0,25%;;;;;;;;;;;;
SAMSUN;YILMAZ USTA;GIRESUN BULANCAK+PIRAZIZ;GRİPORT COLD PAZARI;OTHER COLD PREP;1.597;38,85%;749;33,56%;374;35,12%;474;58,23%;;;;;;;;;;;;
SAMSUN;YILMAZ USTA;GIRESUN BULANCAK+PIRAZIZ;GRİPORT COLD PAZARI;OTHER COLD PREP - VIT C;407;9,90%;135;6,05%;76;7,14%;196;24,08%;;;;;;;;;;;;
SAMSUN;YILMAZ USTA;GIRESUN BULANCAK+PIRAZIZ;GRİPORT COLD PAZARI;GRİBEX COLD FLUE;36;0,88%;31;1,39%;5;0,47%;-;0,00%;;;;;;;;;;;;
SAMSUN;YILMAZ USTA;GIRESUN BULANCAK+PIRAZIZ;GRİPORT COLD PAZARI;GRIPORT COLD PAZARI TOPLAM;4.111;100,00%;2.232;100,00%;1.065;100,00%;814;100,00%;;;;;;;;;;;;
SAMSUN;YILMAZ USTA;GIRESUN BULANCAK+PIRAZIZ;FAMTREC PAZARI;FAMTREC;53;23,14%;25;35,71%;14;14,14%;14;23,33%;;;;;;;;;;;;
SAMSUN;YILMAZ USTA;GIRESUN BULANCAK+PIRAZIZ;FAMTREC PAZARI;BRUFEN;217;94,76%;45;64,29%;85;85,86%;87;145,00%;;;;;;;;;;;;
SAMSUN;YILMAZ USTA;GIRESUN BULANCAK+PIRAZIZ;FAMTREC PAZARI;DİĞER FAMOTİDİN;27;11,79%;-;0,00%;-;0,00%;27;45,00%;;;;;;;;;;;;
SAMSUN;YILMAZ USTA;GIRESUN BULANCAK+PIRAZIZ;FAMTREC PAZARI;FAMOTİDİN PAZARI TOPLAM;229;100,00%;70;100,00%;99;100,00%;60;100,00%;;;;;;;;;;;;
SAMSUN;GIDILMEYEN SAMSUN;GIRESUN DOGU ILCELER -1;PANTAPROZOL PAZARI;PANOCER TOPLAM;444;5,83%;90;2,14%;326;14,63%;28;2,36%;;;;;;;;;;;;
SAMSUN;GIDILMEYEN SAMSUN;GIRESUN DOGU ILCELER -1;PANTAPROZOL PAZARI;PANTO;4.211;55,29%;3.569;84,92%;108;4,85%;534;45,10%;;;;;;;;;;;;
SAMSUN;GIDILMEYEN SAMSUN;GIRESUN DOGU ILCELER -1;PANTAPROZOL PAZARI;PANTACTIVE;488;6,41%;52;1,24%;206;9,24%;230;19,43%;;;;;;;;;;;;
SAMSUN;GIDILMEYEN SAMSUN;GIRESUN DOGU ILCELER -1;PANTAPROZOL PAZARI;DIGER PANTAPROZOLE;982;12,89%;323;7,69%;381;17,09%;278;23,48%;;;;;;;;;;;;
SAMSUN;GIDILMEYEN SAMSUN;GIRESUN DOGU ILCELER -1;PANTAPROZOL PAZARI;PULCET;1.491;19,58%;169;4,02%;1.208;54,19%;114;9,63%;;;;;;;;;;;;
SAMSUN;GIDILMEYEN SAMSUN;GIRESUN DOGU ILCELER -1;PANTAPROZOL PAZARI; PANTOPRAZOLE PAZARI TOPLAM;7.616;100,00%;4.203;100,00%;2.229;100,00%;1.184;100,00%;;;;;;;;;;;;
SAMSUN;GIDILMEYEN SAMSUN;GIRESUN DOGU ILCELER -1;ACIDPASS PAZARI;ACIDPASS TOPLAM;127;6,50%;77;25,16%;5;0,47%;45;7,69%;;;;;;;;;;;;
SAMSUN;GIDILMEYEN SAMSUN;GIRESUN DOGU ILCELER -1;ACIDPASS PAZARI;TRIGAST;334;17,10%;75;24,51%;193;18,17%;66;11,28%;;;;;;;;;;;;
SAMSUN;GIDILMEYEN SAMSUN;GIRESUN DOGU ILCELER -1;ACIDPASS PAZARI;TALCID;498;25,50%;41;13,40%;28;2,64%;429;73,33%;;;;;;;;;;;;
SAMSUN;GIDILMEYEN SAMSUN;GIRESUN DOGU ILCELER -1;ACIDPASS PAZARI;RENNIE;936;47,93%;76;24,84%;828;77,97%;32;5,47%;;;;;;;;;;;;
SAMSUN;GIDILMEYEN SAMSUN;GIRESUN DOGU ILCELER -1;ACIDPASS PAZARI;DIGER ACIDPASS;3;0,15%;-;0,00%;3;0,28%;-;0,00%;;;;;;;;;;;;
SAMSUN;GIDILMEYEN SAMSUN;GIRESUN DOGU ILCELER -1;ACIDPASS PAZARI;FAMODİN PLUS;55;2,82%;37;12,09%;5;0,47%;13;2,22%;;;;;;;;;;;;
SAMSUN;GIDILMEYEN SAMSUN;GIRESUN DOGU ILCELER -1;ACIDPASS PAZARI; ACIDPASS PAZARI TOPLAM;1.953;100,00%;306;100,00%;1.062;100,00%;585;100,00%;;;;;;;;;;;;
SAMSUN;GIDILMEYEN SAMSUN;GIRESUN DOGU ILCELER -1;MOKSİFLOKSASİN PAZARI;MOKSEFEN;163;44,54%;6;5,36%;151;75,12%;6;11,32%;;;;;;;;;;;;
SAMSUN;GIDILMEYEN SAMSUN;GIRESUN DOGU ILCELER -1;MOKSİFLOKSASİN PAZARI;AVELOX;141;38,52%;59;52,68%;46;22,89%;36;67,92%;;;;;;;;;;;;
SAMSUN;GIDILMEYEN SAMSUN;GIRESUN DOGU ILCELER -1;MOKSİFLOKSASİN PAZARI;MOXAI;54;14,75%;47;41,96%;4;1,99%;3;5,66%;;;;;;;;;;;;
SAMSUN;GIDILMEYEN SAMSUN;GIRESUN DOGU ILCELER -1;MOKSİFLOKSASİN PAZARI;DİĞER MOKSİFLOKSASİN;8;2,19%;-;0,00%;-;0,00%;8;15,09%;;;;;;;;;;;;
SAMSUN;GIDILMEYEN SAMSUN;GIRESUN DOGU ILCELER -1;MOKSİFLOKSASİN PAZARI;DİĞER LEVOFLOKSASİN;-;0,00%;-;0,00%;-;0,00%;-;0,00%;;;;;;;;;;;;
SAMSUN;GIDILMEYEN SAMSUN;GIRESUN DOGU ILCELER -1;MOKSİFLOKSASİN PAZARI;MOKSİFLOKSASİN PAZARI TOPLAM;366;100,00%;112;100,00%;201;100,00%;53;100,00%;;;;;;;;;;;;
SAMSUN;GIDILMEYEN SAMSUN;GIRESUN DOGU ILCELER -1;GRİPORT COLD PAZARI;A FERİN;1.492;24,54%;507;34,73%;953;26,58%;32;3,09%;;;;;;;;;;;;
SAMSUN;GIDILMEYEN SAMSUN;GIRESUN DOGU ILCELER -1;GRİPORT COLD PAZARI;GRİPORT COLD;14;3,54%;2;0,14%;-;0,00%;12;1,16%;;;;;;;;;;;;
SAMSUN;GIDILMEYEN SAMSUN;GIRESUN DOGU ILCELER -1;GRİPORT COLD PAZARI;KATARIN;699;11,50%;156;10,68%;475;13,25%;68;6,58%;;;;;;;;;;;;
SAMSUN;GIDILMEYEN SAMSUN;GIRESUN DOGU ILCELER -1;GRİPORT COLD PAZARI;NUROFEN COLD FLUE;395;6,50%;30;2,05%;275;7,67%;90;8,70%;;;;;;;;;;;;
SAMSUN;GIDILMEYEN SAMSUN;GIRESUN DOGU ILCELER -1;GRİPORT COLD PAZARI;OTHER COLD PREP;1.468;24,14%;456;31,23%;563;15,70%;449;43,42%;;;;;;;;;;;;
SAMSUN;GIDILMEYEN SAMSUN;GIRESUN DOGU ILCELER -1;GRİPORT COLD PAZARI;OTHER COLD PREP - VIT C;825;13,57%;275;18,84%;198;5,52%;352;34,04%;;;;;;;;;;;;
SAMSUN;GIDILMEYEN SAMSUN;GIRESUN DOGU ILCELER -1;GRİPORT COLD PAZARI;GRİBEX COLD FLUE;1.187;19,52%;34;2,33%;1.122;31,29%;31;3,00%;;;;;;;;;;;;
SAMSUN;GIDILMEYEN SAMSUN;GIRESUN DOGU ILCELER -1;GRİPORT COLD PAZARI;GRIPORT COLD PAZARI TOPLAM;6.080;100,00%;1.460;100,00%;3.586;100,00%;1.034;100,00%;;;;;;;;;;;;
SAMSUN;GIDILMEYEN SAMSUN;GIRESUN DOGU ILCELER -1;FAMTREC PAZARI;FAMTREC;10;3,26%;-;0,00%;5;3,42%;5;8,33%;;;;;;;;;;;;
SAMSUN;GIDILMEYEN SAMSUN;GIRESUN DOGU ILCELER -1;FAMTREC PAZARI;BRUFEN;301;98,05%;62;61,39%;141;96,58%;98;163,33%;;;;;;;;;;;;
SAMSUN;GIDILMEYEN SAMSUN;GIRESUN DOGU ILCELER -1;FAMTREC PAZARI;DİĞER FAMOTİDİN;77;25,08%;39;38,61%;-;0,00%;38;63,33%;;;;;;;;;;;;
SAMSUN;GIDILMEYEN SAMSUN;GIRESUN DOGU ILCELER -1;FAMTREC PAZARI;FAMOTİDİN PAZARI TOPLAM;307;100,00%;101;100,00%;146;100,00%;60;100,00%;;;;;;;;;;;;
SAMSUN;HAKAN YUMAK;GIRESUN DOGU ILCELER -2;PANTAPROZOL PAZARI;PANOCER TOPLAM;16;0,47%;-;0,00%;16;2,62%;-;0,00%;;;;;;;;;;;;
SAMSUN;HAKAN YUMAK;GIRESUN DOGU ILCELER -2;PANTAPROZOL PAZARI;PANTO;2.041;59,50%;1.620;74,18%;31;5,08%;390;61,32%;;;;;;;;;;;;
SAMSUN;HAKAN YUMAK;GIRESUN DOGU ILCELER -2;PANTAPROZOL PAZARI;PANTACTIVE;88;2,57%;24;1,10%;52;8,52%;12;1,89%;;;;;;;;;;;;
SAMSUN;HAKAN YUMAK;GIRESUN DOGU ILCELER -2;PANTAPROZOL PAZARI;DIGER PANTAPROZOLE;796;23,21%;450;20,60%;192;31,48%;154;24,21%;;;;;;;;;;;;
SAMSUN;HAKAN YUMAK;GIRESUN DOGU ILCELER -2;PANTAPROZOL PAZARI;PULCET;489;14,26%;90;4,12%;319;52,30%;80;12,58%;;;;;;;;;;;;
SAMSUN;HAKAN YUMAK;GIRESUN DOGU ILCELER -2;PANTAPROZOL PAZARI; PANTOPRAZOLE PAZARI TOPLAM;3.430;100,00%;2.184;100,00%;610;100,00%;636;100,00%;;;;;;;;;;;;
SAMSUN;HAKAN YUMAK;GIRESUN DOGU ILCELER -2;ACIDPASS PAZARI;ACIDPASS TOPLAM;117;24,17%;92;47,42%;22;12,09%;3;2,78%;;;;;;;;;;;;
SAMSUN;HAKAN YUMAK;GIRESUN DOGU ILCELER -2;ACIDPASS PAZARI;TRIGAST;122;25,21%;45;23,20%;11;6,04%;66;61,11%;;;;;;;;;;;;
SAMSUN;HAKAN YUMAK;GIRESUN DOGU ILCELER -2;ACIDPASS PAZARI;TALCID;102;21,07%;10;5,15%;63;34,62%;29;26,85%;;;;;;;;;;;;
SAMSUN;HAKAN YUMAK;GIRESUN DOGU ILCELER -2;ACIDPASS PAZARI;RENNIE;134;27,69%;45;23,20%;86;47,25%;3;2,78%;;;;;;;;;;;;
SAMSUN;HAKAN YUMAK;GIRESUN DOGU ILCELER -2;ACIDPASS PAZARI;DIGER ACIDPASS;1;0,21%;-;0,00%;-;0,00%;1;0,93%;;;;;;;;;;;;
SAMSUN;HAKAN YUMAK;GIRESUN DOGU ILCELER -2;ACIDPASS PAZARI;FAMODİN PLUS;8;1,65%;2;1,03%;-;0,00%;6;5,56%;;;;;;;;;;;;
SAMSUN;HAKAN YUMAK;GIRESUN DOGU ILCELER -2;ACIDPASS PAZARI; ACIDPASS PAZARI TOPLAM;484;100,00%;194;100,00%;182;100,00%;108;100,00%;;;;;;;;;;;;
SAMSUN;HAKAN YUMAK;GIRESUN DOGU ILCELER -2;MOKSİFLOKSASİN PAZARI;MOKSEFEN;31;26,05%;30;38,96%;-;0,00%;1;5,26%;;;;;;;;;;;;
SAMSUN;HAKAN YUMAK;GIRESUN DOGU ILCELER -2;MOKSİFLOKSASİN PAZARI;AVELOX;75;63,03%;43;55,84%;17;73,91%;15;78,95%;;;;;;;;;;;;
SAMSUN;HAKAN YUMAK;GIRESUN DOGU ILCELER -2;MOKSİFLOKSASİN PAZARI;MOXAI;13;10,92%;4;5,19%;6;26,09%;3;15,79%;;;;;;;;;;;;
SAMSUN;HAKAN YUMAK;GIRESUN DOGU ILCELER -2;MOKSİFLOKSASİN PAZARI;DİĞER MOKSİFLOKSASİN;-;0,00%;-;0,00%;-;0,00%;-;0,00%;;;;;;;;;;;;
SAMSUN;HAKAN YUMAK;GIRESUN DOGU ILCELER -2;MOKSİFLOKSASİN PAZARI;DİĞER LEVOFLOKSASİN;-;0,00%;-;0,00%;-;0,00%;-;0,00%;;;;;;;;;;;;
SAMSUN;HAKAN YUMAK;GIRESUN DOGU ILCELER -2;MOKSİFLOKSASİN PAZARI;MOKSİFLOKSASİN PAZARI TOPLAM;119;100,00%;77;100,00%;23;100,00%;19;100,00%;;;;;;;;;;;;
SAMSUN;HAKAN YUMAK;GIRESUN DOGU ILCELER -2;GRİPORT COLD PAZARI;A FERİN;859;32,91%;408;49,70%;398;32,28%;53;9,53%;;;;;;;;;;;;
SAMSUN;HAKAN YUMAK;GIRESUN DOGU ILCELER -2;GRİPORT COLD PAZARI;GRİPORT COLD;2;0,77%;-;0,00%;-;0,00%;2;0,36%;;;;;;;;;;;;
SAMSUN;HAKAN YUMAK;GIRESUN DOGU ILCELER -2;GRİPORT COLD PAZARI;KATARIN;233;8,93%;25;3,05%;118;9,57%;90;16,19%;;;;;;;;;;;;
SAMSUN;HAKAN YUMAK;GIRESUN DOGU ILCELER -2;GRİPORT COLD PAZARI;NUROFEN COLD FLUE;260;9,96%;10;1,22%;250;20,28%;-;0,00%;;;;;;;;;;;;
SAMSUN;HAKAN YUMAK;GIRESUN DOGU ILCELER -2;GRİPORT COLD PAZARI;OTHER COLD PREP;477;18,28%;275;33,50%;112;9,08%;90;16,19%;;;;;;;;;;;;
SAMSUN;HAKAN YUMAK;GIRESUN DOGU ILCELER -2;GRİPORT COLD PAZARI;OTHER COLD PREP - VIT C;381;14,60%;76;9,26%;135;10,95%;170;30,58%;;;;;;;;;;;;
SAMSUN;HAKAN YUMAK;GIRESUN DOGU ILCELER -2;GRİPORT COLD PAZARI;GRİBEX COLD FLUE;398;15,25%;27;3,29%;220;17,84%;151;27,16%;;;;;;;;;;;;
SAMSUN;HAKAN YUMAK;GIRESUN DOGU ILCELER -2;GRİPORT COLD PAZARI;GRIPORT COLD PAZARI TOPLAM;2.610;100,00%;821;100,00%;1.233;100,00%;556;100,00%;;;;;;;;;;;;
SAMSUN;HAKAN YUMAK;GIRESUN DOGU ILCELER -2;FAMTREC PAZARI;FAMTREC;1;0,64%;2;2,99%;-;0,00%;-1;-4,00%;;;;;;;;;;;;
SAMSUN;HAKAN YUMAK;GIRESUN DOGU ILCELER -2;FAMTREC PAZARI;BRUFEN;200;127,39%;65;97,01%;65;100,00%;70;280,00%;;;;;;;;;;;;
SAMSUN;HAKAN YUMAK;GIRESUN DOGU ILCELER -2;FAMTREC PAZARI;DİĞER FAMOTİDİN;45;28,66%;-;0,00%;-;0,00%;45;180,00%;;;;;;;;;;;;
SAMSUN;HAKAN YUMAK;GIRESUN DOGU ILCELER -2;FAMTREC PAZARI;FAMOTİDİN PAZARI TOPLAM;157;100,00%;67;100,00%;65;100,00%;25;100,00%;;;;;;;;;;;;
SAMSUN;GIDILMEYEN SAMSUN;GIRESUN GUNEY ILCELER;PANTAPROZOL PAZARI;PANOCER TOPLAM;163;4,14%;-;0,00%;-;0,00%;163;15,66%;;;;;;;;;;;;
SAMSUN;GIDILMEYEN SAMSUN;GIRESUN GUNEY ILCELER;PANTAPROZOL PAZARI;PANTO;1.973;50,13%;1.973;94,95%;-;0,00%;-;0,00%;;;;;;;;;;;;
SAMSUN;GIDILMEYEN SAMSUN;GIRESUN GUNEY ILCELER;PANTAPROZOL PAZARI;PANTACTIVE;52;1,32%;-;0,00%;6;0,73%;46;4,42%;;;;;;;;;;;;
SAMSUN;GIDILMEYEN SAMSUN;GIRESUN GUNEY ILCELER;PANTAPROZOL PAZARI;DIGER PANTAPROZOLE;1.379;35,04%;49;2,36%;588;71,97%;742;71,28%;;;;;;;;;;;;
SAMSUN;GIDILMEYEN SAMSUN;GIRESUN GUNEY ILCELER;PANTAPROZOL PAZARI;PULCET;369;9,38%;56;2,69%;223;27,30%;90;8,65%;;;;;;;;;;;;
SAMSUN;GIDILMEYEN SAMSUN;GIRESUN GUNEY ILCELER;PANTAPROZOL PAZARI; PANTOPRAZOLE PAZARI TOPLAM;3.936;100,00%;2.078;100,00%;817;100,00%;1.041;100,00%;;;;;;;;;;;;
SAMSUN;GIDILMEYEN SAMSUN;GIRESUN GUNEY ILCELER;ACIDPASS PAZARI;ACIDPASS TOPLAM;128;24,15%;122;45,19%;5;2,81%;1;1,22%;;;;;;;;;;;;
SAMSUN;GIDILMEYEN SAMSUN;GIRESUN GUNEY ILCELER;ACIDPASS PAZARI;TRIGAST;119;22,45%;98;36,30%;21;11,80%;-;0,00%;;;;;;;;;;;;
SAMSUN;GIDILMEYEN SAMSUN;GIRESUN GUNEY ILCELER;ACIDPASS PAZARI;TALCID;46;8,68%;12;4,44%;3;1,69%;31;37,80%;;;;;;;;;;;;
SAMSUN;GIDILMEYEN SAMSUN;GIRESUN GUNEY ILCELER;ACIDPASS PAZARI;RENNIE;234;44,15%;38;14,07%;149;83,71%;47;57,32%;;;;;;;;;;;;
SAMSUN;GIDILMEYEN SAMSUN;GIRESUN GUNEY ILCELER;ACIDPASS PAZARI;DIGER ACIDPASS;-;0,00%;-;0,00%;-;0,00%;-;0,00%;;;;;;;;;;;;
SAMSUN;GIDILMEYEN SAMSUN;GIRESUN GUNEY ILCELER;ACIDPASS PAZARI;FAMODİN PLUS;3;0,57%;-;0,00%;-;0,00%;3;3,66%;;;;;;;;;;;;
SAMSUN;GIDILMEYEN SAMSUN;GIRESUN GUNEY ILCELER;ACIDPASS PAZARI; ACIDPASS PAZARI TOPLAM;530;100,00%;270;100,00%;178;100,00%;82;100,00%;;;;;;;;;;;;
SAMSUN;GIDILMEYEN SAMSUN;GIRESUN GUNEY ILCELER;MOKSİFLOKSASİN PAZARI;MOKSEFEN;102;58,29%;30;49,18%;6;20,69%;66;77,65%;;;;;;;;;;;;
SAMSUN;GIDILMEYEN SAMSUN;GIRESUN GUNEY ILCELER;MOKSİFLOKSASİN PAZARI;AVELOX;50;28,57%;31;50,82%;5;17,24%;14;16,47%;;;;;;;;;;;;
SAMSUN;GIDILMEYEN SAMSUN;GIRESUN GUNEY ILCELER;MOKSİFLOKSASİN PAZARI;MOXAI;-;0,00%;-;0,00%;-;0,00%;-;0,00%;;;;;;;;;;;;
SAMSUN;GIDILMEYEN SAMSUN;GIRESUN GUNEY ILCELER;MOKSİFLOKSASİN PAZARI;DİĞER MOKSİFLOKSASİN;23;13,14%;-;0,00%;18;62,07%;5;5,88%;;;;;;;;;;;;
SAMSUN;GIDILMEYEN SAMSUN;GIRESUN GUNEY ILCELER;MOKSİFLOKSASİN PAZARI;DİĞER LEVOFLOKSASİN;-;0,00%;-;0,00%;-;0,00%;-;0,00%;;;;;;;;;;;;
SAMSUN;GIDILMEYEN SAMSUN;GIRESUN GUNEY ILCELER;MOKSİFLOKSASİN PAZARI;MOKSİFLOKSASİN PAZARI TOPLAM;175;100,00%;61;100,00%;29;100,00%;85;100,00%;;;;;;;;;;;;
SAMSUN;GIDILMEYEN SAMSUN;GIRESUN GUNEY ILCELER;GRİPORT COLD PAZARI;A FERİN;403;23,39%;25;8,71%;167;16,90%;211;47,10%;;;;;;;;;;;;
SAMSUN;GIDILMEYEN SAMSUN;GIRESUN GUNEY ILCELER;GRİPORT COLD PAZARI;GRİPORT COLD;3;3,41%;-;0,00%;-;0,00%;3;0,67%;;;;;;;;;;;;
SAMSUN;GIDILMEYEN SAMSUN;GIRESUN GUNEY ILCELER;GRİPORT COLD PAZARI;KATARIN;151;8,76%;39;13,59%;79;8,00%;33;7,37%;;;;;;;;;;;;
SAMSUN;GIDILMEYEN SAMSUN;GIRESUN GUNEY ILCELER;GRİPORT COLD PAZARI;NUROFEN COLD FLUE;88;5,11%;2;0,70%;71;7,19%;15;3,35%;;;;;;;;;;;;
SAMSUN;GIDILMEYEN SAMSUN;GIRESUN GUNEY ILCELER;GRİPORT COLD PAZARI;OTHER COLD PREP;325;18,86%;102;35,54%;147;14,88%;76;16,96%;;;;;;;;;;;;
SAMSUN;GIDILMEYEN SAMSUN;GIRESUN GUNEY ILCELER;GRİPORT COLD PAZARI;OTHER COLD PREP - VIT C;291;16,89%;80;27,87%;116;11,74%;95;21,21%;;;;;;;;;;;;
SAMSUN;GIDILMEYEN SAMSUN;GIRESUN GUNEY ILCELER;GRİPORT COLD PAZARI;GRİBEX COLD FLUE;462;26,81%;39;13,59%;408;41,30%;15;3,35%;;;;;;;;;;;;
SAMSUN;GIDILMEYEN SAMSUN;GIRESUN GUNEY ILCELER;GRİPORT COLD PAZARI;GRIPORT COLD PAZARI TOPLAM;1.723;100,00%;287;100,00%;988;100,00%;448;100,00%;;;;;;;;;;;;
SAMSUN;GIDILMEYEN SAMSUN;GIRESUN GUNEY ILCELER;FAMTREC PAZARI;FAMTREC;1;1,75%;-;0,00%;1;2,56%;-;0,00%;;;;;;;;;;;;
SAMSUN;GIDILMEYEN SAMSUN;GIRESUN GUNEY ILCELER;FAMTREC PAZARI;BRUFEN;65;114,04%;11;100,00%;38;97,44%;16;228,57%;;;;;;;;;;;;
SAMSUN;GIDILMEYEN SAMSUN;GIRESUN GUNEY ILCELER;FAMTREC PAZARI;DİĞER FAMOTİDİN;9;15,79%;-;0,00%;-;0,00%;9;128,57%;;;;;;;;;;;;
SAMSUN;GIDILMEYEN SAMSUN;GIRESUN GUNEY ILCELER;FAMTREC PAZARI;FAMOTİDİN PAZARI TOPLAM;57;100,00%;11;100,00%;39;100,00%;7;100,00%;;;;;;;;;;;;
SAMSUN;YILMAZ USTA;GIRESUN MERKEZ -1;PANTAPROZOL PAZARI;PANOCER TOPLAM;26;2,93%;26;3,32%;-;0,00%;-;0,00%;;;;;;;;;;;;
SAMSUN;YILMAZ USTA;GIRESUN MERKEZ -1;PANTAPROZOL PAZARI;PANTO;670;75,45%;649;82,78%;5;15,62%;16;22,22%;;;;;;;;;;;;
SAMSUN;YILMAZ USTA;GIRESUN MERKEZ -1;PANTAPROZOL PAZARI;PANTACTIVE;2;0,23%;-;0,00%;-;0,00%;2;2,78%;;;;;;;;;;;;
SAMSUN;YILMAZ USTA;GIRESUN MERKEZ -1;PANTAPROZOL PAZARI;DIGER PANTAPROZOLE;115;12,95%;53;6,76%;27;84,38%;35;48,61%;;;;;;;;;;;;
SAMSUN;YILMAZ USTA;GIRESUN MERKEZ -1;PANTAPROZOL PAZARI;PULCET;75;8,45%;56;7,14%;-;0,00%;19;26,39%;;;;;;;;;;;;
SAMSUN;YILMAZ USTA;GIRESUN MERKEZ -1;PANTAPROZOL PAZARI; PANTOPRAZOLE PAZARI TOPLAM;888;100,00%;784;100,00%;32;100,00%;72;100,00%;;;;;;;;;;;;
SAMSUN;YILMAZ USTA;GIRESUN MERKEZ -1;ACIDPASS PAZARI;ACIDPASS TOPLAM;33;11,62%;22;26,51%;-;0,00%;11;20,75%;;;;;;;;;;;;
SAMSUN;YILMAZ USTA;GIRESUN MERKEZ -1;ACIDPASS PAZARI;TRIGAST;27;9,51%;17;20,48%;7;4,73%;3;5,66%;;;;;;;;;;;;
SAMSUN;YILMAZ USTA;GIRESUN MERKEZ -1;ACIDPASS PAZARI;TALCID;63;22,18%;-;0,00%;42;28,38%;21;39,62%;;;;;;;;;;;;
SAMSUN;YILMAZ USTA;GIRESUN MERKEZ -1;ACIDPASS PAZARI;RENNIE;118;41,55%;21;25,30%;97;65,54%;-;0,00%;;;;;;;;;;;;
SAMSUN;YILMAZ USTA;GIRESUN MERKEZ -1;ACIDPASS PAZARI;DIGER ACIDPASS;8;2,82%;-;0,00%;2;1,35%;6;11,32%;;;;;;;;;;;;
SAMSUN;YILMAZ USTA;GIRESUN MERKEZ -1;ACIDPASS PAZARI;FAMODİN PLUS;35;12,32%;23;27,71%;-;0,00%;12;22,64%;;;;;;;;;;;;
SAMSUN;YILMAZ USTA;GIRESUN MERKEZ -1;ACIDPASS PAZARI; ACIDPASS PAZARI TOPLAM;284;100,00%;83;100,00%;148;100,00%;53;100,00%;;;;;;;;;;;;
SAMSUN;YILMAZ USTA;GIRESUN MERKEZ -1;MOKSİFLOKSASİN PAZARI;MOKSEFEN;-;0,00%;-;0,00%;-;0,00%;-;0,00%;;;;;;;;;;;;
SAMSUN;YILMAZ USTA;GIRESUN MERKEZ -1;MOKSİFLOKSASİN PAZARI;AVELOX;16;21,92%;5;45,45%;5;8,93%;6;100,00%;;;;;;;;;;;;
SAMSUN;YILMAZ USTA;GIRESUN MERKEZ -1;MOKSİFLOKSASİN PAZARI;MOXAI;57;78,08%;6;54,55%;51;91,07%;-;0,00%;;;;;;;;;;;;
SAMSUN;YILMAZ USTA;GIRESUN MERKEZ -1;MOKSİFLOKSASİN PAZARI;DİĞER MOKSİFLOKSASİN;-;0,00%;-;0,00%;-;0,00%;-;0,00%;;;;;;;;;;;;
SAMSUN;YILMAZ USTA;GIRESUN MERKEZ -1;MOKSİFLOKSASİN PAZARI;DİĞER LEVOFLOKSASİN;-;0,00%;-;0,00%;-;0,00%;-;0,00%;;;;;;;;;;;;
SAMSUN;YILMAZ USTA;GIRESUN MERKEZ -1;MOKSİFLOKSASİN PAZARI;MOKSİFLOKSASİN PAZARI TOPLAM;73;100,00%;11;100,00%;56;100,00%;6;100,00%;;;;;;;;;;;;
SAMSUN;YILMAZ USTA;GIRESUN MERKEZ -1;GRİPORT COLD PAZARI;A FERİN;129;11,19%;116;62,37%;3;0,43%;10;3,62%;;;;;;;;;;;;
SAMSUN;YILMAZ USTA;GIRESUN MERKEZ -1;GRİPORT COLD PAZARI;GRİPORT COLD;15;2,63%;-;0,00%;15;2,17%;-;0,00%;;;;;;;;;;;;
SAMSUN;YILMAZ USTA;GIRESUN MERKEZ -1;GRİPORT COLD PAZARI;KATARIN;45;3,90%;2;1,08%;34;4,92%;9;3,26%;;;;;;;;;;;;
SAMSUN;YILMAZ USTA;GIRESUN MERKEZ -1;GRİPORT COLD PAZARI;NUROFEN COLD FLUE;571;49,52%;15;8,06%;545;78,87%;11;3,99%;;;;;;;;;;;;
SAMSUN;YILMAZ USTA;GIRESUN MERKEZ -1;GRİPORT COLD PAZARI;OTHER COLD PREP;195;16,91%;23;12,37%;71;10,27%;101;36,59%;;;;;;;;;;;;
SAMSUN;YILMAZ USTA;GIRESUN MERKEZ -1;GRİPORT COLD PAZARI;OTHER COLD PREP - VIT C;177;15,35%;23;12,37%;20;2,89%;134;48,55%;;;;;;;;;;;;
SAMSUN;YILMAZ USTA;GIRESUN MERKEZ -1;GRİPORT COLD PAZARI;GRİBEX COLD FLUE;21;1,82%;7;3,76%;3;0,43%;11;3,99%;;;;;;;;;;;;
SAMSUN;YILMAZ USTA;GIRESUN MERKEZ -1;GRİPORT COLD PAZARI;GRIPORT COLD PAZARI TOPLAM;1.153;100,00%;186;100,00%;691;100,00%;276;100,00%;;;;;;;;;;;;
SAMSUN;YILMAZ USTA;GIRESUN MERKEZ -1;FAMTREC PAZARI;FAMTREC;-;0,00%;-;0,00%;-;0,00%;-;0,00%;;;;;;;;;;;;
SAMSUN;YILMAZ USTA;GIRESUN MERKEZ -1;FAMTREC PAZARI;BRUFEN;54;158,82%;7;100,00%;9;100,00%;38;211,11%;;;;;;;;;;;;
SAMSUN;YILMAZ USTA;GIRESUN MERKEZ -1;FAMTREC PAZARI;DİĞER FAMOTİDİN;20;58,82%;-;0,00%;-;0,00%;20;111,11%;;;;;;;;;;;;
SAMSUN;YILMAZ USTA;GIRESUN MERKEZ -1;FAMTREC PAZARI;FAMOTİDİN PAZARI TOPLAM;34;100,00%;7;100,00%;9;100,00%;18;100,00%;;;;;;;;;;;;
SAMSUN;YILMAZ USTA;GIRESUN MERKEZ -2;PANTAPROZOL PAZARI;PANOCER TOPLAM;131;1,86%;17;0,38%;88;4,51%;26;4,02%;;;;;;;;;;;;
SAMSUN;YILMAZ USTA;GIRESUN MERKEZ -2;PANTAPROZOL PAZARI;PANTO;4.364;61,92%;4.041;90,81%;20;1,03%;303;46,83%;;;;;;;;;;;;
SAMSUN;YILMAZ USTA;GIRESUN MERKEZ -2;PANTAPROZOL PAZARI;PANTACTIVE;112;1,59%;76;1,71%;18;0,92%;18;2,78%;;;;;;;;;;;;
SAMSUN;YILMAZ USTA;GIRESUN MERKEZ -2;PANTAPROZOL PAZARI;DIGER PANTAPROZOLE;635;9,01%;238;5,35%;203;10,40%;194;29,98%;;;;;;;;;;;;
SAMSUN;YILMAZ USTA;GIRESUN MERKEZ -2;PANTAPROZOL PAZARI;PULCET;1.806;25,62%;78;1,75%;1.622;83,14%;106;16,38%;;;;;;;;;;;;
SAMSUN;YILMAZ USTA;GIRESUN MERKEZ -2;PANTAPROZOL PAZARI; PANTOPRAZOLE PAZARI TOPLAM;7.048;100,00%;4.450;100,00%;1.951;100,00%;647;100,00%;;;;;;;;;;;;
SAMSUN;YILMAZ USTA;GIRESUN MERKEZ -2;ACIDPASS PAZARI;ACIDPASS TOPLAM;503;25,29%;343;54,19%;122;15,29%;38;6,81%;;;;;;;;;;;;
SAMSUN;YILMAZ USTA;GIRESUN MERKEZ -2;ACIDPASS PAZARI;TRIGAST;210;10,56%;94;14,85%;55;6,89%;61;10,93%;;;;;;;;;;;;
SAMSUN;YILMAZ USTA;GIRESUN MERKEZ -2;ACIDPASS PAZARI;TALCID;537;27,00%;32;5,06%;70;8,77%;435;77,96%;;;;;;;;;;;;
SAMSUN;YILMAZ USTA;GIRESUN MERKEZ -2;ACIDPASS PAZARI;RENNIE;699;35,14%;137;21,64%;547;68,55%;15;2,69%;;;;;;;;;;;;
SAMSUN;YILMAZ USTA;GIRESUN MERKEZ -2;ACIDPASS PAZARI;DIGER ACIDPASS;4;0,20%;1;0,16%;2;0,25%;1;0,18%;;;;;;;;;;;;
SAMSUN;YILMAZ USTA;GIRESUN MERKEZ -2;ACIDPASS PAZARI;FAMODİN PLUS;36;1,81%;26;4,11%;2;0,25%;8;1,43%;;;;;;;;;;;;
SAMSUN;YILMAZ USTA;GIRESUN MERKEZ -2;ACIDPASS PAZARI; ACIDPASS PAZARI TOPLAM;1.989;100,00%;633;100,00%;798;100,00%;558;100,00%;;;;;;;;;;;;
SAMSUN;YILMAZ USTA;GIRESUN MERKEZ -2;MOKSİFLOKSASİN PAZARI;MOKSEFEN;64;4,89%;20;6,58%;43;4,63%;1;1,32%;;;;;;;;;;;;
SAMSUN;YILMAZ USTA;GIRESUN MERKEZ -2;MOKSİFLOKSASİN PAZARI;AVELOX;139;10,63%;52;17,11%;41;4,42%;46;60,53%;;;;;;;;;;;;
SAMSUN;YILMAZ USTA;GIRESUN MERKEZ -2;MOKSİFLOKSASİN PAZARI;MOXAI;1.105;84,48%;232;76,32%;844;90,95%;29;38,16%;;;;;;;;;;;;
SAMSUN;YILMAZ USTA;GIRESUN MERKEZ -2;MOKSİFLOKSASİN PAZARI;DİĞER MOKSİFLOKSASİN;-;0,00%;-;0,00%;-;0,00%;-;0,00%;;;;;;;;;;;;
SAMSUN;YILMAZ USTA;GIRESUN MERKEZ -2;MOKSİFLOKSASİN PAZARI;DİĞER LEVOFLOKSASİN;-;0,00%;-;0,00%;-;0,00%;-;0,00%;;;;;;;;;;;;
SAMSUN;YILMAZ USTA;GIRESUN MERKEZ -2;MOKSİFLOKSASİN PAZARI;MOKSİFLOKSASİN PAZARI TOPLAM;1.308;100,00%;304;100,00%;928;100,00%;76;100,00%;;;;;;;;;;;;
SAMSUN;YILMAZ USTA;GIRESUN MERKEZ -2;GRİPORT COLD PAZARI;A FERİN;1.877;34,08%;504;44,13%;882;32,36%;491;29,96%;;;;;;;;;;;;
SAMSUN;YILMAZ USTA;GIRESUN MERKEZ -2;GRİPORT COLD PAZARI;GRİPORT COLD;58;21,48%;-;0,00%;24;0,88%;34;2,07%;;;;;;;;;;;;
SAMSUN;YILMAZ USTA;GIRESUN MERKEZ -2;GRİPORT COLD PAZARI;KATARIN;452;8,21%;108;9,46%;213;7,81%;131;7,99%;;;;;;;;;;;;
SAMSUN;YILMAZ USTA;GIRESUN MERKEZ -2;GRİPORT COLD PAZARI;NUROFEN COLD FLUE;270;4,90%;75;6,57%;140;5,14%;55;3,36%;;;;;;;;;;;;
SAMSUN;YILMAZ USTA;GIRESUN MERKEZ -2;GRİPORT COLD PAZARI;OTHER COLD PREP;1.704;30,94%;321;28,11%;789;28,94%;594;36,24%;;;;;;;;;;;;
SAMSUN;YILMAZ USTA;GIRESUN MERKEZ -2;GRİPORT COLD PAZARI;OTHER COLD PREP - VIT C;519;9,42%;89;7,79%;135;4,95%;295;18,00%;;;;;;;;;;;;
SAMSUN;YILMAZ USTA;GIRESUN MERKEZ -2;GRİPORT COLD PAZARI;GRİBEX COLD FLUE;627;11,39%;45;3,94%;543;19,92%;39;2,38%;;;;;;;;;;;;
SAMSUN;YILMAZ USTA;GIRESUN MERKEZ -2;GRİPORT COLD PAZARI;GRIPORT COLD PAZARI TOPLAM;5.507;100,00%;1.142;100,00%;2.726;100,00%;1.639;100,00%;;;;;;;;;;;;
SAMSUN;YILMAZ USTA;GIRESUN MERKEZ -2;FAMTREC PAZARI;FAMTREC;-1;-0,79%;4;33,33%;-6;-8,33%;1;2,33%;;;;;;;;;;;;
SAMSUN;YILMAZ USTA;GIRESUN MERKEZ -2;FAMTREC PAZARI;BRUFEN;177;139,37%;8;66,67%;78;108,33%;91;211,63%;;;;;;;;;;;;
SAMSUN;YILMAZ USTA;GIRESUN MERKEZ -2;FAMTREC PAZARI;DİĞER FAMOTİDİN;48;37,80%;-;0,00%;-;0,00%;48;111,63%;;;;;;;;;;;;
SAMSUN;YILMAZ USTA;GIRESUN MERKEZ -2;FAMTREC PAZARI;FAMOTİDİN PAZARI TOPLAM;127;100,00%;12;100,00%;72;100,00%;43;100,00%;;;;;;;;;;;;
SAMSUN;HAKAN YUMAK;GUMUSHANE;PANTAPROZOL PAZARI;PANOCER TOPLAM;504;10,81%;355;11,16%;123;21,58%;26;2,85%;;;;;;;;;;;;
SAMSUN;HAKAN YUMAK;GUMUSHANE;PANTAPROZOL PAZARI;PANTO;3.187;68,36%;2.528;79,50%;94;16,49%;565;61,95%;;;;;;;;;;;;
SAMSUN;HAKAN YUMAK;GUMUSHANE;PANTAPROZOL PAZARI;PANTACTIVE;199;4,27%;70;2,20%;30;5,26%;99;10,86%;;;;;;;;;;;;
SAMSUN;HAKAN YUMAK;GUMUSHANE;PANTAPROZOL PAZARI;DIGER PANTAPROZOLE;498;10,68%;149;4,69%;149;26,14%;200;21,93%;;;;;;;;;;;;
SAMSUN;HAKAN YUMAK;GUMUSHANE;PANTAPROZOL PAZARI;PULCET;274;5,88%;78;2,45%;174;30,53%;22;2,41%;;;;;;;;;;;;
SAMSUN;HAKAN YUMAK;GUMUSHANE;PANTAPROZOL PAZARI; PANTOPRAZOLE PAZARI TOPLAM;4.662;100,00%;3.180;100,00%;570;100,00%;912;100,00%;;;;;;;;;;;;
SAMSUN;HAKAN YUMAK;GUMUSHANE;ACIDPASS PAZARI;ACIDPASS TOPLAM;350;30,76%;49;22,90%;253;44,15%;48;13,68%;;;;;;;;;;;;
SAMSUN;HAKAN YUMAK;GUMUSHANE;ACIDPASS PAZARI;TRIGAST;257;22,58%;45;21,03%;128;22,34%;84;23,93%;;;;;;;;;;;;
SAMSUN;HAKAN YUMAK;GUMUSHANE;ACIDPASS PAZARI;TALCID;250;21,97%;83;38,78%;39;6,81%;128;36,47%;;;;;;;;;;;;
SAMSUN;HAKAN YUMAK;GUMUSHANE;ACIDPASS PAZARI;RENNIE;268;23,55%;36;16,82%;143;24,96%;89;25,36%;;;;;;;;;;;;
SAMSUN;HAKAN YUMAK;GUMUSHANE;ACIDPASS PAZARI;DIGER ACIDPASS;9;0,79%;1;0,47%;8;1,40%;-;0,00%;;;;;;;;;;;;
SAMSUN;HAKAN YUMAK;GUMUSHANE;ACIDPASS PAZARI;FAMODİN PLUS;4;0,35%;-;0,00%;2;0,35%;2;0,57%;;;;;;;;;;;;
SAMSUN;HAKAN YUMAK;GUMUSHANE;ACIDPASS PAZARI; ACIDPASS PAZARI TOPLAM;1.138;100,00%;214;100,00%;573;100,00%;351;100,00%;;;;;;;;;;;;
SAMSUN;HAKAN YUMAK;GUMUSHANE;MOKSİFLOKSASİN PAZARI;MOKSEFEN;210;61,95%;43;56,58%;154;66,38%;13;41,94%;;;;;;;;;;;;
SAMSUN;HAKAN YUMAK;GUMUSHANE;MOKSİFLOKSASİN PAZARI;AVELOX;38;11,21%;13;17,11%;7;3,02%;18;58,06%;;;;;;;;;;;;
SAMSUN;HAKAN YUMAK;GUMUSHANE;MOKSİFLOKSASİN PAZARI;MOXAI;91;26,84%;20;26,32%;71;30,60%;-;0,00%;;;;;;;;;;;;
SAMSUN;HAKAN YUMAK;GUMUSHANE;MOKSİFLOKSASİN PAZARI;DİĞER MOKSİFLOKSASİN;-;0,00%;-;0,00%;-;0,00%;-;0,00%;;;;;;;;;;;;
SAMSUN;HAKAN YUMAK;GUMUSHANE;MOKSİFLOKSASİN PAZARI;DİĞER LEVOFLOKSASİN;-;0,00%;-;0,00%;-;0,00%;-;0,00%;;;;;;;;;;;;
SAMSUN;HAKAN YUMAK;GUMUSHANE;MOKSİFLOKSASİN PAZARI;MOKSİFLOKSASİN PAZARI TOPLAM;339;100,00%;76;100,00%;232;100,00%;31;100,00%;;;;;;;;;;;;
SAMSUN;HAKAN YUMAK;GUMUSHANE;GRİPORT COLD PAZARI;A FERİN;1.543;34,86%;613;40,92%;300;22,46%;630;39,57%;;;;;;;;;;;;
SAMSUN;HAKAN YUMAK;GUMUSHANE;GRİPORT COLD PAZARI;GRİPORT COLD;207;111,89%;3;0,20%;90;6,74%;114;7,16%;;;;;;;;;;;;
SAMSUN;HAKAN YUMAK;GUMUSHANE;GRİPORT COLD PAZARI;KATARIN;275;6,21%;68;4,54%;153;11,45%;54;3,39%;;;;;;;;;;;;
SAMSUN;HAKAN YUMAK;GUMUSHANE;GRİPORT COLD PAZARI;NUROFEN COLD FLUE;185;4,18%;82;5,47%;35;2,62%;68;4,27%;;;;;;;;;;;;
SAMSUN;HAKAN YUMAK;GUMUSHANE;GRİPORT COLD PAZARI;OTHER COLD PREP;1.173;26,50%;497;33,18%;222;16,62%;454;28,52%;;;;;;;;;;;;
SAMSUN;HAKAN YUMAK;GUMUSHANE;GRİPORT COLD PAZARI;OTHER COLD PREP - VIT C;744;16,81%;221;14,75%;271;20,28%;252;15,83%;;;;;;;;;;;;
SAMSUN;HAKAN YUMAK;GUMUSHANE;GRİPORT COLD PAZARI;GRİBEX COLD FLUE;299;6,76%;14;0,93%;265;19,84%;20;1,26%;;;;;;;;;;;;
SAMSUN;HAKAN YUMAK;GUMUSHANE;GRİPORT COLD PAZARI;GRIPORT COLD PAZARI TOPLAM;4.426;100,00%;1.498;100,00%;1.336;100,00%;1.592;100,00%;;;;;;;;;;;;
SAMSUN;HAKAN YUMAK;GUMUSHANE;FAMTREC PAZARI;FAMTREC;26;13,54%;2;4,08%;14;16,28%;10;17,54%;;;;;;;;;;;;
SAMSUN;HAKAN YUMAK;GUMUSHANE;FAMTREC PAZARI;BRUFEN;183;95,31%;47;95,92%;72;83,72%;64;112,28%;;;;;;;;;;;;
SAMSUN;HAKAN YUMAK;GUMUSHANE;FAMTREC PAZARI;DİĞER FAMOTİDİN;7;3,65%;-;0,00%;-;0,00%;7;12,28%;;;;;;;;;;;;
SAMSUN;HAKAN YUMAK;GUMUSHANE;FAMTREC PAZARI;FAMOTİDİN PAZARI TOPLAM;192;100,00%;49;100,00%;86;100,00%;57;100,00%;;;;;;;;;;;;
SAMSUN;KURSAD KARADAG;KARS ILCELER;PANTAPROZOL PAZARI;PANOCER TOPLAM;756;13,24%;313;9,13%;143;10,21%;300;33,98%;;;;;;;;;;;;
SAMSUN;KURSAD KARADAG;KARS ILCELER;PANTAPROZOL PAZARI;PANTO;3.122;54,68%;2.722;79,43%;62;4,43%;338;38,28%;;;;;;;;;;;;
SAMSUN;KURSAD KARADAG;KARS ILCELER;PANTAPROZOL PAZARI;PANTACTIVE;333;5,83%;241;7,03%;30;2,14%;62;7,02%;;;;;;;;;;;;
SAMSUN;KURSAD KARADAG;KARS ILCELER;PANTAPROZOL PAZARI;DIGER PANTAPROZOLE;337;5,90%;73;2,13%;153;10,93%;111;12,57%;;;;;;;;;;;;
SAMSUN;KURSAD KARADAG;KARS ILCELER;PANTAPROZOL PAZARI;PULCET;1.162;20,35%;78;2,28%;1.012;72,29%;72;8,15%;;;;;;;;;;;;
SAMSUN;KURSAD KARADAG;KARS ILCELER;PANTAPROZOL PAZARI; PANTOPRAZOLE PAZARI TOPLAM;5.710;100,00%;3.427;100,00%;1.400;100,00%;883;100,00%;;;;;;;;;;;;
SAMSUN;KURSAD KARADAG;KARS ILCELER;ACIDPASS PAZARI;ACIDPASS TOPLAM;62;8,06%;14;7,29%;47;11,19%;1;0,64%;;;;;;;;;;;;
SAMSUN;KURSAD KARADAG;KARS ILCELER;ACIDPASS PAZARI;TRIGAST;147;19,12%;65;33,85%;50;11,90%;32;20,38%;;;;;;;;;;;;
SAMSUN;KURSAD KARADAG;KARS ILCELER;ACIDPASS PAZARI;TALCID;145;18,86%;24;12,50%;42;10,00%;79;50,32%;;;;;;;;;;;;
SAMSUN;KURSAD KARADAG;KARS ILCELER;ACIDPASS PAZARI;RENNIE;408;53,06%;89;46,35%;274;65,24%;45;28,66%;;;;;;;;;;;;
SAMSUN;KURSAD KARADAG;KARS ILCELER;ACIDPASS PAZARI;DIGER ACIDPASS;2;0,26%;-;0,00%;2;0,48%;-;0,00%;;;;;;;;;;;;
SAMSUN;KURSAD KARADAG;KARS ILCELER;ACIDPASS PAZARI;FAMODİN PLUS;5;0,65%;-;0,00%;5;1,19%;-;0,00%;;;;;;;;;;;;
SAMSUN;KURSAD KARADAG;KARS ILCELER;ACIDPASS PAZARI; ACIDPASS PAZARI TOPLAM;769;100,00%;192;100,00%;420;100,00%;157;100,00%;;;;;;;;;;;;
SAMSUN;KURSAD KARADAG;KARS ILCELER;MOKSİFLOKSASİN PAZARI;MOKSEFEN;49;55,68%;13;48,15%;36;62,07%;-;0,00%;;;;;;;;;;;;
SAMSUN;KURSAD KARADAG;KARS ILCELER;MOKSİFLOKSASİN PAZARI;AVELOX;26;29,55%;8;29,63%;15;25,86%;3;100,00%;;;;;;;;;;;;
SAMSUN;KURSAD KARADAG;KARS ILCELER;MOKSİFLOKSASİN PAZARI;MOXAI;13;14,77%;6;22,22%;7;12,07%;-;0,00%;;;;;;;;;;;;
SAMSUN;KURSAD KARADAG;KARS ILCELER;MOKSİFLOKSASİN PAZARI;DİĞER MOKSİFLOKSASİN;-;0,00%;-;0,00%;-;0,00%;-;0,00%;;;;;;;;;;;;
SAMSUN;KURSAD KARADAG;KARS ILCELER;MOKSİFLOKSASİN PAZARI;DİĞER LEVOFLOKSASİN;-;0,00%;-;0,00%;-;0,00%;-;0,00%;;;;;;;;;;;;
SAMSUN;KURSAD KARADAG;KARS ILCELER;MOKSİFLOKSASİN PAZARI;MOKSİFLOKSASİN PAZARI TOPLAM;88;100,00%;27;100,00%;58;100,00%;3;100,00%;;;;;;;;;;;;
SAMSUN;KURSAD KARADAG;KARS ILCELER;GRİPORT COLD PAZARI;A FERİN;1.161;23,81%;55;12,76%;898;24,60%;208;26,13%;;;;;;;;;;;;
SAMSUN;KURSAD KARADAG;KARS ILCELER;GRİPORT COLD PAZARI;GRİPORT COLD;-;0,00%;-;0,00%;-;0,00%;-;0,00%;;;;;;;;;;;;
SAMSUN;KURSAD KARADAG;KARS ILCELER;GRİPORT COLD PAZARI;KATARIN;310;6,36%;75;17,40%;149;4,08%;86;10,80%;;;;;;;;;;;;
SAMSUN;KURSAD KARADAG;KARS ILCELER;GRİPORT COLD PAZARI;NUROFEN COLD FLUE;427;8,76%;45;10,44%;360;9,86%;22;2,76%;;;;;;;;;;;;
SAMSUN;KURSAD KARADAG;KARS ILCELER;GRİPORT COLD PAZARI;OTHER COLD PREP;413;8,47%;96;22,27%;162;4,44%;155;19,47%;;;;;;;;;;;;
SAMSUN;KURSAD KARADAG;KARS ILCELER;GRİPORT COLD PAZARI;OTHER COLD PREP - VIT C;1.894;38,84%;104;24,13%;1.475;40,41%;315;39,57%;;;;;;;;;;;;
SAMSUN;KURSAD KARADAG;KARS ILCELER;GRİPORT COLD PAZARI;GRİBEX COLD FLUE;672;13,78%;56;12,99%;606;16,60%;10;1,26%;;;;;;;;;;;;
SAMSUN;KURSAD KARADAG;KARS ILCELER;GRİPORT COLD PAZARI;GRIPORT COLD PAZARI TOPLAM;4.877;100,00%;431;100,00%;3.650;100,00%;796;100,00%;;;;;;;;;;;;
SAMSUN;KURSAD KARADAG;KARS ILCELER;FAMTREC PAZARI;FAMTREC;-;0,00%;-;0,00%;-;0,00%;-;0,00%;;;;;;;;;;;;
SAMSUN;KURSAD KARADAG;KARS ILCELER;FAMTREC PAZARI;BRUFEN;65;84,42%;4;40,00%;15;46,88%;46;131,43%;;;;;;;;;;;;
SAMSUN;KURSAD KARADAG;KARS ILCELER;FAMTREC PAZARI;DİĞER FAMOTİDİN;34;44,16%;6;60,00%;17;53,12%;11;31,43%;;;;;;;;;;;;
SAMSUN;KURSAD KARADAG;KARS ILCELER;FAMTREC PAZARI;FAMOTİDİN PAZARI TOPLAM;77;100,00%;10;100,00%;32;100,00%;35;100,00%;;;;;;;;;;;;
SAMSUN;KURSAD KARADAG;KARS MERKEZ;PANTAPROZOL PAZARI;PANOCER TOPLAM;520;8,08%;42;1,01%;165;14,71%;313;27,29%;;;;;;;;;;;;
SAMSUN;KURSAD KARADAG;KARS MERKEZ;PANTAPROZOL PAZARI;PANTO;3.561;55,34%;3.329;79,91%;91;8,11%;141;12,29%;;;;;;;;;;;;
SAMSUN;KURSAD KARADAG;KARS MERKEZ;PANTAPROZOL PAZARI;PANTACTIVE;244;3,79%;48;1,15%;172;15,33%;24;2,09%;;;;;;;;;;;;
SAMSUN;KURSAD KARADAG;KARS MERKEZ;PANTAPROZOL PAZARI;DIGER PANTAPROZOLE;1.027;15,96%;634;15,22%;78;6,95%;315;27,46%;;;;;;;;;;;;
SAMSUN;KURSAD KARADAG;KARS MERKEZ;PANTAPROZOL PAZARI;PULCET;1.083;16,83%;113;2,71%;616;54,90%;354;30,86%;;;;;;;;;;;;
SAMSUN;KURSAD KARADAG;KARS MERKEZ;PANTAPROZOL PAZARI; PANTOPRAZOLE PAZARI TOPLAM;6.435;100,00%;4.166;100,00%;1.122;100,00%;1.147;100,00%;;;;;;;;;;;;
SAMSUN;KURSAD KARADAG;KARS MERKEZ;ACIDPASS PAZARI;ACIDPASS TOPLAM;53;5,53%;21;11,05%;20;3,58%;12;5,71%;;;;;;;;;;;;
SAMSUN;KURSAD KARADAG;KARS MERKEZ;ACIDPASS PAZARI;TRIGAST;156;16,27%;96;50,53%;17;3,04%;43;20,48%;;;;;;;;;;;;
SAMSUN;KURSAD KARADAG;KARS MERKEZ;ACIDPASS PAZARI;TALCID;111;11,57%;29;15,26%;13;2,33%;69;32,86%;;;;;;;;;;;;
SAMSUN;KURSAD KARADAG;KARS MERKEZ;ACIDPASS PAZARI;RENNIE;603;62,88%;42;22,11%;492;88,01%;69;32,86%;;;;;;;;;;;;
SAMSUN;KURSAD KARADAG;KARS MERKEZ;ACIDPASS PAZARI;DIGER ACIDPASS;-;0,00%;-;0,00%;-;0,00%;-;0,00%;;;;;;;;;;;;
SAMSUN;KURSAD KARADAG;KARS MERKEZ;ACIDPASS PAZARI;FAMODİN PLUS;36;3,75%;2;1,05%;17;3,04%;17;8,10%;;;;;;;;;;;;
SAMSUN;KURSAD KARADAG;KARS MERKEZ;ACIDPASS PAZARI; ACIDPASS PAZARI TOPLAM;959;100,00%;190;100,00%;559;100,00%;210;100,00%;;;;;;;;;;;;
SAMSUN;KURSAD KARADAG;KARS MERKEZ;MOKSİFLOKSASİN PAZARI;MOKSEFEN;13;3,43%;-;0,00%;-;0,00%;13;20,31%;;;;;;;;;;;;
SAMSUN;KURSAD KARADAG;KARS MERKEZ;MOKSİFLOKSASİN PAZARI;AVELOX;41;10,82%;14;21,88%;21;8,37%;6;9,38%;;;;;;;;;;;;
SAMSUN;KURSAD KARADAG;KARS MERKEZ;MOKSİFLOKSASİN PAZARI;MOXAI;288;75,99%;45;70,31%;198;78,88%;45;70,31%;;;;;;;;;;;;
SAMSUN;KURSAD KARADAG;KARS MERKEZ;MOKSİFLOKSASİN PAZARI;DİĞER MOKSİFLOKSASİN;37;9,76%;5;7,81%;32;12,75%;-;0,00%;;;;;;;;;;;;
SAMSUN;KURSAD KARADAG;KARS MERKEZ;MOKSİFLOKSASİN PAZARI;DİĞER LEVOFLOKSASİN;-;0,00%;-;0,00%;-;0,00%;-;0,00%;;;;;;;;;;;;
SAMSUN;KURSAD KARADAG;KARS MERKEZ;MOKSİFLOKSASİN PAZARI;MOKSİFLOKSASİN PAZARI TOPLAM;379;100,00%;64;100,00%;251;100,00%;64;100,00%;;;;;;;;;;;;
SAMSUN;KURSAD KARADAG;KARS MERKEZ;GRİPORT COLD PAZARI;A FERİN;1.064;14,17%;71;11,58%;687;11,57%;306;31,94%;;;;;;;;;;;;
SAMSUN;KURSAD KARADAG;KARS MERKEZ;GRİPORT COLD PAZARI;GRİPORT COLD;-;0,00%;-;0,00%;-;0,00%;-;0,00%;;;;;;;;;;;;
SAMSUN;KURSAD KARADAG;KARS MERKEZ;GRİPORT COLD PAZARI;KATARIN;292;3,89%;42;6,85%;96;1,62%;154;16,08%;;;;;;;;;;;;
SAMSUN;KURSAD KARADAG;KARS MERKEZ;GRİPORT COLD PAZARI;NUROFEN COLD FLUE;531;7,07%;90;14,68%;380;6,40%;61;6,37%;;;;;;;;;;;;
SAMSUN;KURSAD KARADAG;KARS MERKEZ;GRİPORT COLD PAZARI;OTHER COLD PREP;556;7,40%;153;24,96%;172;2,90%;231;24,11%;;;;;;;;;;;;
SAMSUN;KURSAD KARADAG;KARS MERKEZ;GRİPORT COLD PAZARI;OTHER COLD PREP - VIT C;576;7,67%;117;19,09%;303;5,10%;156;16,28%;;;;;;;;;;;;
SAMSUN;KURSAD KARADAG;KARS MERKEZ;GRİPORT COLD PAZARI;GRİBEX COLD FLUE;4.492;59,81%;140;22,84%;4.302;72,42%;50;5,22%;;;;;;;;;;;;
SAMSUN;KURSAD KARADAG;KARS MERKEZ;GRİPORT COLD PAZARI;GRIPORT COLD PAZARI TOPLAM;7.511;100,00%;613;100,00%;5.940;100,00%;958;100,00%;;;;;;;;;;;;
SAMSUN;KURSAD KARADAG;KARS MERKEZ;FAMTREC PAZARI;FAMTREC;5;7,14%;4;10,81%;-;0,00%;1;3,85%;;;;;;;;;;;;
SAMSUN;KURSAD KARADAG;KARS MERKEZ;FAMTREC PAZARI;BRUFEN;70;100,00%;27;72,97%;7;100,00%;36;138,46%;;;;;;;;;;;;
SAMSUN;KURSAD KARADAG;KARS MERKEZ;FAMTREC PAZARI;DİĞER FAMOTİDİN;16;22,86%;6;16,22%;-;0,00%;10;38,46%;;;;;;;;;;;;
SAMSUN;KURSAD KARADAG;KARS MERKEZ;FAMTREC PAZARI;FAMOTİDİN PAZARI TOPLAM;70;100,00%;37;100,00%;7;100,00%;26;100,00%;;;;;;;;;;;;
SAMSUN;YILMAZ USTA;ORDU BATI ILCELER;PANTAPROZOL PAZARI;PANOCER TOPLAM;296;9,35%;81;4,70%;114;13,24%;101;17,38%;;;;;;;;;;;;
SAMSUN;YILMAZ USTA;ORDU BATI ILCELER;PANTAPROZOL PAZARI;PANTO;1.573;49,68%;1.301;75,46%;168;19,51%;104;17,90%;;;;;;;;;;;;
SAMSUN;YILMAZ USTA;ORDU BATI ILCELER;PANTAPROZOL PAZARI;PANTACTIVE;324;10,23%;24;1,39%;64;7,43%;236;40,62%;;;;;;;;;;;;
SAMSUN;YILMAZ USTA;ORDU BATI ILCELER;PANTAPROZOL PAZARI;DIGER PANTAPROZOLE;575;18,16%;250;14,50%;207;24,04%;118;20,31%;;;;;;;;;;;;
SAMSUN;YILMAZ USTA;ORDU BATI ILCELER;PANTAPROZOL PAZARI;PULCET;398;12,57%;68;3,94%;308;35,77%;22;3,79%;;;;;;;;;;;;
SAMSUN;YILMAZ USTA;ORDU BATI ILCELER;PANTAPROZOL PAZARI; PANTOPRAZOLE PAZARI TOPLAM;3.166;100,00%;1.724;100,00%;861;100,00%;581;100,00%;;;;;;;;;;;;
SAMSUN;YILMAZ USTA;ORDU BATI ILCELER;ACIDPASS PAZARI;ACIDPASS TOPLAM;47;3,73%;20;4,85%;11;2,00%;16;5,37%;;;;;;;;;;;;
SAMSUN;YILMAZ USTA;ORDU BATI ILCELER;ACIDPASS PAZARI;TRIGAST;453;35,92%;168;40,78%;212;38,48%;73;24,50%;;;;;;;;;;;;
SAMSUN;YILMAZ USTA;ORDU BATI ILCELER;ACIDPASS PAZARI;TALCID;245;19,43%;86;20,87%;31;5,63%;128;42,95%;;;;;;;;;;;;
SAMSUN;YILMAZ USTA;ORDU BATI ILCELER;ACIDPASS PAZARI;RENNIE;478;37,91%;120;29,13%;285;51,72%;73;24,50%;;;;;;;;;;;;
SAMSUN;YILMAZ USTA;ORDU BATI ILCELER;ACIDPASS PAZARI;DIGER ACIDPASS;8;0,63%;7;1,70%;-;0,00%;1;0,34%;;;;;;;;;;;;
SAMSUN;YILMAZ USTA;ORDU BATI ILCELER;ACIDPASS PAZARI;FAMODİN PLUS;30;2,38%;11;2,67%;12;2,18%;7;2,35%;;;;;;;;;;;;
SAMSUN;YILMAZ USTA;ORDU BATI ILCELER;ACIDPASS PAZARI; ACIDPASS PAZARI TOPLAM;1.261;100,00%;412;100,00%;551;100,00%;298;100,00%;;;;;;;;;;;;
SAMSUN;YILMAZ USTA;ORDU BATI ILCELER;MOKSİFLOKSASİN PAZARI;MOKSEFEN;26;14,29%;6;19,35%;19;15,32%;1;3,70%;;;;;;;;;;;;
SAMSUN;YILMAZ USTA;ORDU BATI ILCELER;MOKSİFLOKSASİN PAZARI;AVELOX;65;35,71%;14;45,16%;30;24,19%;21;77,78%;;;;;;;;;;;;
SAMSUN;YILMAZ USTA;ORDU BATI ILCELER;MOKSİFLOKSASİN PAZARI;MOXAI;71;39,01%;6;19,35%;65;52,42%;-;0,00%;;;;;;;;;;;;
SAMSUN;YILMAZ USTA;ORDU BATI ILCELER;MOKSİFLOKSASİN PAZARI;DİĞER MOKSİFLOKSASİN;20;10,99%;5;16,13%;10;8,06%;5;18,52%;;;;;;;;;;;;
SAMSUN;YILMAZ USTA;ORDU BATI ILCELER;MOKSİFLOKSASİN PAZARI;DİĞER LEVOFLOKSASİN;-;0,00%;-;0,00%;-;0,00%;-;0,00%;;;;;;;;;;;;
SAMSUN;YILMAZ USTA;ORDU BATI ILCELER;MOKSİFLOKSASİN PAZARI;MOKSİFLOKSASİN PAZARI TOPLAM;182;100,00%;31;100,00%;124;100,00%;27;100,00%;;;;;;;;;;;;
SAMSUN;YILMAZ USTA;ORDU BATI ILCELER;GRİPORT COLD PAZARI;A FERİN;1.998;46,45%;1.049;51,88%;521;36,26%;428;50,83%;;;;;;;;;;;;
SAMSUN;YILMAZ USTA;ORDU BATI ILCELER;GRİPORT COLD PAZARI;GRİPORT COLD;8;11,11%;8;0,40%;-;0,00%;-;0,00%;;;;;;;;;;;;
SAMSUN;YILMAZ USTA;ORDU BATI ILCELER;GRİPORT COLD PAZARI;KATARIN;140;3,26%;56;2,77%;30;2,09%;54;6,41%;;;;;;;;;;;;
SAMSUN;YILMAZ USTA;ORDU BATI ILCELER;GRİPORT COLD PAZARI;NUROFEN COLD FLUE;72;1,67%;20;0,99%;29;2,02%;23;2,73%;;;;;;;;;;;;
SAMSUN;YILMAZ USTA;ORDU BATI ILCELER;GRİPORT COLD PAZARI;OTHER COLD PREP;735;17,09%;468;23,15%;172;11,97%;95;11,28%;;;;;;;;;;;;
SAMSUN;YILMAZ USTA;ORDU BATI ILCELER;GRİPORT COLD PAZARI;OTHER COLD PREP - VIT C;942;21,90%;364;18,00%;389;27,07%;189;22,45%;;;;;;;;;;;;
SAMSUN;YILMAZ USTA;ORDU BATI ILCELER;GRİPORT COLD PAZARI;GRİBEX COLD FLUE;406;9,44%;57;2,82%;296;20,60%;53;6,29%;;;;;;;;;;;;
SAMSUN;YILMAZ USTA;ORDU BATI ILCELER;GRİPORT COLD PAZARI;GRIPORT COLD PAZARI TOPLAM;4.301;100,00%;2.022;100,00%;1.437;100,00%;842;100,00%;;;;;;;;;;;;
SAMSUN;YILMAZ USTA;ORDU BATI ILCELER;FAMTREC PAZARI;FAMTREC;28;7,53%;13;10,57%;6;3,09%;9;16,36%;;;;;;;;;;;;
SAMSUN;YILMAZ USTA;ORDU BATI ILCELER;FAMTREC PAZARI;BRUFEN;434;116,67%;110;89,43%;188;96,91%;136;247,27%;;;;;;;;;;;;
SAMSUN;YILMAZ USTA;ORDU BATI ILCELER;FAMTREC PAZARI;DİĞER FAMOTİDİN;81;21,77%;-;0,00%;-;0,00%;81;147,27%;;;;;;;;;;;;
SAMSUN;YILMAZ USTA;ORDU BATI ILCELER;FAMTREC PAZARI;FAMOTİDİN PAZARI TOPLAM;372;100,00%;123;100,00%;194;100,00%;55;100,00%;;;;;;;;;;;;
SAMSUN;YILMAZ USTA;ORDU DOGU ILCELER;PANTAPROZOL PAZARI;PANOCER TOPLAM;159;4,43%;52;3,35%;94;5,38%;13;4,45%;;;;;;;;;;;;
SAMSUN;YILMAZ USTA;ORDU DOGU ILCELER;PANTAPROZOL PAZARI;PANTO;1.395;38,86%;1.168;75,31%;149;8,53%;78;26,71%;;;;;;;;;;;;
SAMSUN;YILMAZ USTA;ORDU DOGU ILCELER;PANTAPROZOL PAZARI;PANTACTIVE;218;6,07%;-;0,00%;218;12,48%;-;0,00%;;;;;;;;;;;;
SAMSUN;YILMAZ USTA;ORDU DOGU ILCELER;PANTAPROZOL PAZARI;DIGER PANTAPROZOLE;506;14,09%;230;14,83%;118;6,75%;158;54,11%;;;;;;;;;;;;
SAMSUN;YILMAZ USTA;ORDU DOGU ILCELER;PANTAPROZOL PAZARI;PULCET;1.312;36,55%;101;6,51%;1.168;66,86%;43;14,73%;;;;;;;;;;;;
SAMSUN;YILMAZ USTA;ORDU DOGU ILCELER;PANTAPROZOL PAZARI; PANTOPRAZOLE PAZARI TOPLAM;3.590;100,00%;1.551;100,00%;1.747;100,00%;292;100,00%;;;;;;;;;;;;
SAMSUN;YILMAZ USTA;ORDU DOGU ILCELER;ACIDPASS PAZARI;ACIDPASS TOPLAM;197;12,12%;102;21,56%;43;8,01%;52;8,44%;;;;;;;;;;;;
SAMSUN;YILMAZ USTA;ORDU DOGU ILCELER;ACIDPASS PAZARI;TRIGAST;205;12,61%;45;9,51%;15;2,79%;145;23,54%;;;;;;;;;;;;
SAMSUN;YILMAZ USTA;ORDU DOGU ILCELER;ACIDPASS PAZARI;TALCID;521;32,04%;73;15,43%;121;22,53%;327;53,08%;;;;;;;;;;;;
SAMSUN;YILMAZ USTA;ORDU DOGU ILCELER;ACIDPASS PAZARI;RENNIE;613;37,70%;201;42,49%;352;65,55%;60;9,74%;;;;;;;;;;;;
SAMSUN;YILMAZ USTA;ORDU DOGU ILCELER;ACIDPASS PAZARI;DIGER ACIDPASS;4;0,25%;1;0,21%;2;0,37%;1;0,16%;;;;;;;;;;;;
SAMSUN;YILMAZ USTA;ORDU DOGU ILCELER;ACIDPASS PAZARI;FAMODİN PLUS;86;5,29%;51;10,78%;4;0,74%;31;5,03%;;;;;;;;;;;;
SAMSUN;YILMAZ USTA;ORDU DOGU ILCELER;ACIDPASS PAZARI; ACIDPASS PAZARI TOPLAM;1.626;100,00%;473;100,00%;537;100,00%;616;100,00%;;;;;;;;;;;;
SAMSUN;YILMAZ USTA;ORDU DOGU ILCELER;MOKSİFLOKSASİN PAZARI;MOKSEFEN;36;20,22%;6;14,63%;30;25,21%;-;0,00%;;;;;;;;;;;;
SAMSUN;YILMAZ USTA;ORDU DOGU ILCELER;MOKSİFLOKSASİN PAZARI;AVELOX;58;32,58%;32;78,05%;14;11,76%;12;66,67%;;;;;;;;;;;;
SAMSUN;YILMAZ USTA;ORDU DOGU ILCELER;MOKSİFLOKSASİN PAZARI;MOXAI;84;47,19%;3;7,32%;75;63,03%;6;33,33%;;;;;;;;;;;;
SAMSUN;YILMAZ USTA;ORDU DOGU ILCELER;MOKSİFLOKSASİN PAZARI;DİĞER MOKSİFLOKSASİN;-;0,00%;-;0,00%;-;0,00%;-;0,00%;;;;;;;;;;;;
SAMSUN;YILMAZ USTA;ORDU DOGU ILCELER;MOKSİFLOKSASİN PAZARI;DİĞER LEVOFLOKSASİN;-;0,00%;-;0,00%;-;0,00%;-;0,00%;;;;;;;;;;;;
SAMSUN;YILMAZ USTA;ORDU DOGU ILCELER;MOKSİFLOKSASİN PAZARI;MOKSİFLOKSASİN PAZARI TOPLAM;178;100,00%;41;100,00%;119;100,00%;18;100,00%;;;;;;;;;;;;
SAMSUN;YILMAZ USTA;ORDU DOGU ILCELER;GRİPORT COLD PAZARI;A FERİN;908;26,94%;442;31,71%;205;16,07%;261;37,29%;;;;;;;;;;;;
SAMSUN;YILMAZ USTA;ORDU DOGU ILCELER;GRİPORT COLD PAZARI;GRİPORT COLD;15;2,13%;-;0,00%;15;1,18%;-;0,00%;;;;;;;;;;;;
SAMSUN;YILMAZ USTA;ORDU DOGU ILCELER;GRİPORT COLD PAZARI;KATARIN;81;2,40%;38;2,73%;24;1,88%;19;2,71%;;;;;;;;;;;;
SAMSUN;YILMAZ USTA;ORDU DOGU ILCELER;GRİPORT COLD PAZARI;NUROFEN COLD FLUE;705;20,92%;128;9,18%;553;43,34%;24;3,43%;;;;;;;;;;;;
SAMSUN;YILMAZ USTA;ORDU DOGU ILCELER;GRİPORT COLD PAZARI;OTHER COLD PREP;1.063;31,54%;563;40,39%;253;19,83%;247;35,29%;;;;;;;;;;;;
SAMSUN;YILMAZ USTA;ORDU DOGU ILCELER;GRİPORT COLD PAZARI;OTHER COLD PREP - VIT C;345;10,24%;186;13,34%;52;4,08%;107;15,29%;;;;;;;;;;;;
SAMSUN;YILMAZ USTA;ORDU DOGU ILCELER;GRİPORT COLD PAZARI;GRİBEX COLD FLUE;253;7,51%;37;2,65%;174;13,64%;42;6,00%;;;;;;;;;;;;
SAMSUN;YILMAZ USTA;ORDU DOGU ILCELER;GRİPORT COLD PAZARI;GRIPORT COLD PAZARI TOPLAM;3.370;100,00%;1.394;100,00%;1.276;100,00%;700;100,00%;;;;;;;;;;;;
SAMSUN;YILMAZ USTA;ORDU DOGU ILCELER;FAMTREC PAZARI;FAMTREC;4;1,42%;-;0,00%;3;2,83%;1;1,27%;;;;;;;;;;;;
SAMSUN;YILMAZ USTA;ORDU DOGU ILCELER;FAMTREC PAZARI;BRUFEN;409;145,55%;78;81,25%;103;97,17%;228;288,61%;;;;;;;;;;;;
SAMSUN;YILMAZ USTA;ORDU DOGU ILCELER;FAMTREC PAZARI;DİĞER FAMOTİDİN;167;59,43%;18;18,75%;-;0,00%;149;188,61%;;;;;;;;;;;;
SAMSUN;YILMAZ USTA;ORDU DOGU ILCELER;FAMTREC PAZARI;FAMOTİDİN PAZARI TOPLAM;281;100,00%;96;100,00%;106;100,00%;79;100,00%;;;;;;;;;;;;
SAMSUN;YILMAZ USTA;ORDU FATSA;PANTAPROZOL PAZARI;PANOCER TOPLAM;848;14,56%;655;15,43%;123;11,47%;70;13,78%;;;;;;;;;;;;
SAMSUN;YILMAZ USTA;ORDU FATSA;PANTAPROZOL PAZARI;PANTO;3.358;57,66%;3.072;72,38%;69;6,44%;217;42,72%;;;;;;;;;;;;
SAMSUN;YILMAZ USTA;ORDU FATSA;PANTAPROZOL PAZARI;PANTACTIVE;12;0,21%;6;0,14%;6;0,56%;-;0,00%;;;;;;;;;;;;
SAMSUN;YILMAZ USTA;ORDU FATSA;PANTAPROZOL PAZARI;DIGER PANTAPROZOLE;757;13,00%;489;11,52%;164;15,30%;104;20,47%;;;;;;;;;;;;
SAMSUN;YILMAZ USTA;ORDU FATSA;PANTAPROZOL PAZARI;PULCET;849;14,58%;22;0,52%;710;66,23%;117;23,03%;;;;;;;;;;;;
SAMSUN;YILMAZ USTA;ORDU FATSA;PANTAPROZOL PAZARI; PANTOPRAZOLE PAZARI TOPLAM;5.824;100,00%;4.244;100,00%;1.072;100,00%;508;100,00%;;;;;;;;;;;;
SAMSUN;YILMAZ USTA;ORDU FATSA;ACIDPASS PAZARI;ACIDPASS TOPLAM;123;3,60%;26;1,06%;18;2,91%;79;22,83%;;;;;;;;;;;;
SAMSUN;YILMAZ USTA;ORDU FATSA;ACIDPASS PAZARI;TRIGAST;420;12,30%;239;9,75%;112;18,12%;69;19,94%;;;;;;;;;;;;
SAMSUN;YILMAZ USTA;ORDU FATSA;ACIDPASS PAZARI;TALCID;298;8,73%;136;5,55%;92;14,89%;70;20,23%;;;;;;;;;;;;
SAMSUN;YILMAZ USTA;ORDU FATSA;ACIDPASS PAZARI;RENNIE;591;17,31%;209;8,53%;335;54,21%;47;13,58%;;;;;;;;;;;;
SAMSUN;YILMAZ USTA;ORDU FATSA;ACIDPASS PAZARI;DIGER ACIDPASS;38;1,11%;-;0,00%;1;0,16%;37;10,69%;;;;;;;;;;;;
SAMSUN;YILMAZ USTA;ORDU FATSA;ACIDPASS PAZARI;FAMODİN PLUS;1.945;56,95%;1.841;75,11%;60;9,71%;44;12,72%;;;;;;;;;;;;
SAMSUN;YILMAZ USTA;ORDU FATSA;ACIDPASS PAZARI; ACIDPASS PAZARI TOPLAM;3.415;100,00%;2.451;100,00%;618;100,00%;346;100,00%;;;;;;;;;;;;
SAMSUN;YILMAZ USTA;ORDU FATSA;MOKSİFLOKSASİN PAZARI;MOKSEFEN;50;12,85%;19;10,61%;31;17,92%;-;0,00%;;;;;;;;;;;;
SAMSUN;YILMAZ USTA;ORDU FATSA;MOKSİFLOKSASİN PAZARI;AVELOX;81;20,82%;21;11,73%;33;19,08%;27;72,97%;;;;;;;;;;;;
SAMSUN;YILMAZ USTA;ORDU FATSA;MOKSİFLOKSASİN PAZARI;MOXAI;243;62,47%;134;74,86%;109;63,01%;-;0,00%;;;;;;;;;;;;
SAMSUN;YILMAZ USTA;ORDU FATSA;MOKSİFLOKSASİN PAZARI;DİĞER MOKSİFLOKSASİN;15;3,86%;5;2,79%;-;0,00%;10;27,03%;;;;;;;;;;;;
SAMSUN;YILMAZ USTA;ORDU FATSA;MOKSİFLOKSASİN PAZARI;DİĞER LEVOFLOKSASİN;-;0,00%;-;0,00%;-;0,00%;-;0,00%;;;;;;;;;;;;
SAMSUN;YILMAZ USTA;ORDU FATSA;MOKSİFLOKSASİN PAZARI;MOKSİFLOKSASİN PAZARI TOPLAM;389;100,00%;179;100,00%;173;100,00%;37;100,00%;;;;;;;;;;;;
SAMSUN;YILMAZ USTA;ORDU FATSA;GRİPORT COLD PAZARI;A FERİN;1.378;33,93%;231;30,39%;257;19,29%;890;45,20%;;;;;;;;;;;;
SAMSUN;YILMAZ USTA;ORDU FATSA;GRİPORT COLD PAZARI;GRİPORT COLD;68;20,36%;9;1,18%;16;1,20%;43;2,18%;;;;;;;;;;;;
SAMSUN;YILMAZ USTA;ORDU FATSA;GRİPORT COLD PAZARI;KATARIN;73;1,80%;10;1,32%;40;3,00%;23;1,17%;;;;;;;;;;;;
SAMSUN;YILMAZ USTA;ORDU FATSA;GRİPORT COLD PAZARI;NUROFEN COLD FLUE;334;8,22%;75;9,87%;129;9,68%;130;6,60%;;;;;;;;;;;;
SAMSUN;YILMAZ USTA;ORDU FATSA;GRİPORT COLD PAZARI;OTHER COLD PREP;1.120;27,58%;257;33,82%;393;29,50%;470;23,87%;;;;;;;;;;;;
SAMSUN;YILMAZ USTA;ORDU FATSA;GRİPORT COLD PAZARI;OTHER COLD PREP - VIT C;854;21,03%;108;14,21%;368;27,63%;378;19,20%;;;;;;;;;;;;
SAMSUN;YILMAZ USTA;ORDU FATSA;GRİPORT COLD PAZARI;GRİBEX COLD FLUE;234;5,76%;70;9,21%;129;9,68%;35;1,78%;;;;;;;;;;;;
SAMSUN;YILMAZ USTA;ORDU FATSA;GRİPORT COLD PAZARI;GRIPORT COLD PAZARI TOPLAM;4.061;100,00%;760;100,00%;1.332;100,00%;1.969;100,00%;;;;;;;;;;;;
SAMSUN;YILMAZ USTA;ORDU FATSA;FAMTREC PAZARI;FAMTREC;143;44,97%;16;10,46%;68;56,67%;59;131,11%;;;;;;;;;;;;
SAMSUN;YILMAZ USTA;ORDU FATSA;FAMTREC PAZARI;BRUFEN;335;105,35%;125;81,70%;40;33,33%;170;377,78%;;;;;;;;;;;;
SAMSUN;YILMAZ USTA;ORDU FATSA;FAMTREC PAZARI;DİĞER FAMOTİDİN;149;46,86%;12;7,84%;12;10,00%;125;277,78%;;;;;;;;;;;;
SAMSUN;YILMAZ USTA;ORDU FATSA;FAMTREC PAZARI;FAMOTİDİN PAZARI TOPLAM;318;100,00%;153;100,00%;120;100,00%;45;100,00%;;;;;;;;;;;;
SAMSUN;YILMAZ USTA;ORDU GUNEY ILCELER -1;PANTAPROZOL PAZARI;PANOCER TOPLAM;1.203;39,65%;13;1,16%;877;63,97%;313;57,64%;;;;;;;;;;;;
SAMSUN;YILMAZ USTA;ORDU GUNEY ILCELER -1;PANTAPROZOL PAZARI;PANTO;1.027;33,85%;965;86,16%;-21;-1,53%;83;15,29%;;;;;;;;;;;;
SAMSUN;YILMAZ USTA;ORDU GUNEY ILCELER -1;PANTAPROZOL PAZARI;PANTACTIVE;76;2,50%;18;1,61%;12;0,88%;46;8,47%;;;;;;;;;;;;
SAMSUN;YILMAZ USTA;ORDU GUNEY ILCELER -1;PANTAPROZOL PAZARI;DIGER PANTAPROZOLE;412;13,58%;91;8,12%;231;16,85%;90;16,57%;;;;;;;;;;;;
SAMSUN;YILMAZ USTA;ORDU GUNEY ILCELER -1;PANTAPROZOL PAZARI;PULCET;316;10,42%;33;2,95%;272;19,84%;11;2,03%;;;;;;;;;;;;
SAMSUN;YILMAZ USTA;ORDU GUNEY ILCELER -1;PANTAPROZOL PAZARI; PANTOPRAZOLE PAZARI TOPLAM;3.034;100,00%;1.120;100,00%;1.371;100,00%;543;100,00%;;;;;;;;;;;;
SAMSUN;YILMAZ USTA;ORDU GUNEY ILCELER -1;ACIDPASS PAZARI;ACIDPASS TOPLAM;167;15,42%;23;24,47%;133;19,44%;11;3,61%;;;;;;;;;;;;
SAMSUN;YILMAZ USTA;ORDU GUNEY ILCELER -1;ACIDPASS PAZARI;TRIGAST;483;44,60%;37;39,36%;299;43,71%;147;48,20%;;;;;;;;;;;;
SAMSUN;YILMAZ USTA;ORDU GUNEY ILCELER -1;ACIDPASS PAZARI;TALCID;46;4,25%;-;0,00%;31;4,53%;15;4,92%;;;;;;;;;;;;
SAMSUN;YILMAZ USTA;ORDU GUNEY ILCELER -1;ACIDPASS PAZARI;RENNIE;374;34,53%;34;36,17%;220;32,16%;120;39,34%;;;;;;;;;;;;
SAMSUN;YILMAZ USTA;ORDU GUNEY ILCELER -1;ACIDPASS PAZARI;DIGER ACIDPASS;1;0,09%;-;0,00%;1;0,15%;-;0,00%;;;;;;;;;;;;
SAMSUN;YILMAZ USTA;ORDU GUNEY ILCELER -1;ACIDPASS PAZARI;FAMODİN PLUS;12;1,11%;-;0,00%;-;0,00%;12;3,93%;;;;;;;;;;;;
SAMSUN;YILMAZ USTA;ORDU GUNEY ILCELER -1;ACIDPASS PAZARI; ACIDPASS PAZARI TOPLAM;1.083;100,00%;94;100,00%;684;100,00%;305;100,00%;;;;;;;;;;;;
SAMSUN;YILMAZ USTA;ORDU GUNEY ILCELER -1;MOKSİFLOKSASİN PAZARI;MOKSEFEN;239;92,64%;19;100,00%;128;96,97%;92;85,98%;;;;;;;;;;;;
SAMSUN;YILMAZ USTA;ORDU GUNEY ILCELER -1;MOKSİFLOKSASİN PAZARI;AVELOX;19;7,36%;-;0,00%;4;3,03%;15;14,02%;;;;;;;;;;;;
SAMSUN;YILMAZ USTA;ORDU GUNEY ILCELER -1;MOKSİFLOKSASİN PAZARI;MOXAI;-;0,00%;-;0,00%;-;0,00%;-;0,00%;;;;;;;;;;;;
SAMSUN;YILMAZ USTA;ORDU GUNEY ILCELER -1;MOKSİFLOKSASİN PAZARI;DİĞER MOKSİFLOKSASİN;-;0,00%;-;0,00%;-;0,00%;-;0,00%;;;;;;;;;;;;
SAMSUN;YILMAZ USTA;ORDU GUNEY ILCELER -1;MOKSİFLOKSASİN PAZARI;DİĞER LEVOFLOKSASİN;-;0,00%;-;0,00%;-;0,00%;-;0,00%;;;;;;;;;;;;
SAMSUN;YILMAZ USTA;ORDU GUNEY ILCELER -1;MOKSİFLOKSASİN PAZARI;MOKSİFLOKSASİN PAZARI TOPLAM;258;100,00%;19;100,00%;132;100,00%;107;100,00%;;;;;;;;;;;;
SAMSUN;YILMAZ USTA;ORDU GUNEY ILCELER -1;GRİPORT COLD PAZARI;A FERİN;1.405;31,95%;361;25,28%;574;31,25%;470;41,48%;;;;;;;;;;;;
SAMSUN;YILMAZ USTA;ORDU GUNEY ILCELER -1;GRİPORT COLD PAZARI;GRİPORT COLD;68;33,01%;50;3,50%;-;0,00%;18;1,59%;;;;;;;;;;;;
SAMSUN;YILMAZ USTA;ORDU GUNEY ILCELER -1;GRİPORT COLD PAZARI;KATARIN;90;2,05%;46;3,22%;28;1,52%;16;1,41%;;;;;;;;;;;;
SAMSUN;YILMAZ USTA;ORDU GUNEY ILCELER -1;GRİPORT COLD PAZARI;NUROFEN COLD FLUE;206;4,68%;65;4,55%;130;7,08%;11;0,97%;;;;;;;;;;;;
SAMSUN;YILMAZ USTA;ORDU GUNEY ILCELER -1;GRİPORT COLD PAZARI;OTHER COLD PREP;821;18,67%;230;16,11%;315;17,15%;276;24,36%;;;;;;;;;;;;
SAMSUN;YILMAZ USTA;ORDU GUNEY ILCELER -1;GRİPORT COLD PAZARI;OTHER COLD PREP - VIT C;872;19,83%;496;34,73%;127;6,91%;249;21,98%;;;;;;;;;;;;
SAMSUN;YILMAZ USTA;ORDU GUNEY ILCELER -1;GRİPORT COLD PAZARI;GRİBEX COLD FLUE;936;21,28%;180;12,61%;663;36,09%;93;8,21%;;;;;;;;;;;;
SAMSUN;YILMAZ USTA;ORDU GUNEY ILCELER -1;GRİPORT COLD PAZARI;GRIPORT COLD PAZARI TOPLAM;4.398;100,00%;1.428;100,00%;1.837;100,00%;1.133;100,00%;;;;;;;;;;;;
SAMSUN;YILMAZ USTA;ORDU GUNEY ILCELER -1;FAMTREC PAZARI;FAMTREC;91;50,00%;75;57,25%;16;44,44%;-;0,00%;;;;;;;;;;;;
SAMSUN;YILMAZ USTA;ORDU GUNEY ILCELER -1;FAMTREC PAZARI;BRUFEN;145;79,67%;50;38,17%;20;55,56%;75;500,00%;;;;;;;;;;;;
SAMSUN;YILMAZ USTA;ORDU GUNEY ILCELER -1;FAMTREC PAZARI;DİĞER FAMOTİDİN;66;36,26%;6;4,58%;-;0,00%;60;400,00%;;;;;;;;;;;;
SAMSUN;YILMAZ USTA;ORDU GUNEY ILCELER -1;FAMTREC PAZARI;FAMOTİDİN PAZARI TOPLAM;182;100,00%;131;100,00%;36;100,00%;15;100,00%;;;;;;;;;;;;
SAMSUN;YILMAZ USTA;ORDU MERKEZ -1;PANTAPROZOL PAZARI;PANOCER TOPLAM;127;4,07%;26;1,19%;-;0,00%;101;13,29%;;;;;;;;;;;;
SAMSUN;YILMAZ USTA;ORDU MERKEZ -1;PANTAPROZOL PAZARI;PANTO;2.573;82,47%;1.942;88,68%;70;41,18%;561;73,82%;;;;;;;;;;;;
SAMSUN;YILMAZ USTA;ORDU MERKEZ -1;PANTAPROZOL PAZARI;PANTACTIVE;18;0,58%;6;0,27%;-;0,00%;12;1,58%;;;;;;;;;;;;
SAMSUN;YILMAZ USTA;ORDU MERKEZ -1;PANTAPROZOL PAZARI;DIGER PANTAPROZOLE;327;10,48%;212;9,68%;66;38,82%;49;6,45%;;;;;;;;;;;;
SAMSUN;YILMAZ USTA;ORDU MERKEZ -1;PANTAPROZOL PAZARI;PULCET;75;2,40%;4;0,18%;34;20,00%;37;4,87%;;;;;;;;;;;;
SAMSUN;YILMAZ USTA;ORDU MERKEZ -1;PANTAPROZOL PAZARI; PANTOPRAZOLE PAZARI TOPLAM;3.120;100,00%;2.190;100,00%;170;100,00%;760;100,00%;;;;;;;;;;;;
SAMSUN;YILMAZ USTA;ORDU MERKEZ -1;ACIDPASS PAZARI;ACIDPASS TOPLAM;271;17,62%;107;14,15%;135;37,40%;29;6,89%;;;;;;;;;;;;
SAMSUN;YILMAZ USTA;ORDU MERKEZ -1;ACIDPASS PAZARI;TRIGAST;44;2,86%;16;2,12%;23;6,37%;5;1,19%;;;;;;;;;;;;
SAMSUN;YILMAZ USTA;ORDU MERKEZ -1;ACIDPASS PAZARI;TALCID;546;35,50%;193;25,53%;3;0,83%;350;83,14%;;;;;;;;;;;;
SAMSUN;YILMAZ USTA;ORDU MERKEZ -1;ACIDPASS PAZARI;RENNIE;256;16,64%;66;8,73%;178;49,31%;12;2,85%;;;;;;;;;;;;
SAMSUN;YILMAZ USTA;ORDU MERKEZ -1;ACIDPASS PAZARI;DIGER ACIDPASS;2;0,13%;1;0,13%;-;0,00%;1;0,24%;;;;;;;;;;;;
SAMSUN;YILMAZ USTA;ORDU MERKEZ -1;ACIDPASS PAZARI;FAMODİN PLUS;419;27,24%;373;49,34%;22;6,09%;24;5,70%;;;;;;;;;;;;
SAMSUN;YILMAZ USTA;ORDU MERKEZ -1;ACIDPASS PAZARI; ACIDPASS PAZARI TOPLAM;1.538;100,00%;756;100,00%;361;100,00%;421;100,00%;;;;;;;;;;;;
SAMSUN;YILMAZ USTA;ORDU MERKEZ -1;MOKSİFLOKSASİN PAZARI;MOKSEFEN;43;22,87%;30;38,96%;13;20,31%;-;0,00%;;;;;;;;;;;;
SAMSUN;YILMAZ USTA;ORDU MERKEZ -1;MOKSİFLOKSASİN PAZARI;AVELOX;93;49,47%;28;36,36%;50;78,12%;15;31,91%;;;;;;;;;;;;
SAMSUN;YILMAZ USTA;ORDU MERKEZ -1;MOKSİFLOKSASİN PAZARI;MOXAI;15;7,98%;14;18,18%;1;1,56%;-;0,00%;;;;;;;;;;;;
SAMSUN;YILMAZ USTA;ORDU MERKEZ -1;MOKSİFLOKSASİN PAZARI;DİĞER MOKSİFLOKSASİN;37;19,68%;5;6,49%;-;0,00%;32;68,09%;;;;;;;;;;;;
SAMSUN;YILMAZ USTA;ORDU MERKEZ -1;MOKSİFLOKSASİN PAZARI;DİĞER LEVOFLOKSASİN;-;0,00%;-;0,00%;-;0,00%;-;0,00%;;;;;;;;;;;;
SAMSUN;YILMAZ USTA;ORDU MERKEZ -1;MOKSİFLOKSASİN PAZARI;MOKSİFLOKSASİN PAZARI TOPLAM;188;100,00%;77;100,00%;64;100,00%;47;100,00%;;;;;;;;;;;;
SAMSUN;YILMAZ USTA;ORDU MERKEZ -1;GRİPORT COLD PAZARI;A FERİN;1.271;49,53%;564;57,49%;105;18,62%;602;58,96%;;;;;;;;;;;;
SAMSUN;YILMAZ USTA;ORDU MERKEZ -1;GRİPORT COLD PAZARI;GRİPORT COLD;4;1,72%;-;0,00%;3;0,53%;1;0,10%;;;;;;;;;;;;
SAMSUN;YILMAZ USTA;ORDU MERKEZ -1;GRİPORT COLD PAZARI;KATARIN;97;3,78%;21;2,14%;47;8,33%;29;2,84%;;;;;;;;;;;;
SAMSUN;YILMAZ USTA;ORDU MERKEZ -1;GRİPORT COLD PAZARI;NUROFEN COLD FLUE;233;9,08%;133;13,56%;84;14,89%;16;1,57%;;;;;;;;;;;;
SAMSUN;YILMAZ USTA;ORDU MERKEZ -1;GRİPORT COLD PAZARI;OTHER COLD PREP;498;19,41%;61;6,22%;237;42,02%;200;19,59%;;;;;;;;;;;;
SAMSUN;YILMAZ USTA;ORDU MERKEZ -1;GRİPORT COLD PAZARI;OTHER COLD PREP - VIT C;413;16,10%;167;17,02%;83;14,72%;163;15,96%;;;;;;;;;;;;
SAMSUN;YILMAZ USTA;ORDU MERKEZ -1;GRİPORT COLD PAZARI;GRİBEX COLD FLUE;50;1,95%;35;3,57%;5;0,89%;10;0,98%;;;;;;;;;;;;
SAMSUN;YILMAZ USTA;ORDU MERKEZ -1;GRİPORT COLD PAZARI;GRIPORT COLD PAZARI TOPLAM;2.566;100,00%;981;100,00%;564;100,00%;1.021;100,00%;;;;;;;;;;;;
SAMSUN;YILMAZ USTA;ORDU MERKEZ -1;FAMTREC PAZARI;FAMTREC;-;0,00%;-;0,00%;-;0,00%;-;0,00%;;;;;;;;;;;;
SAMSUN;YILMAZ USTA;ORDU MERKEZ -1;FAMTREC PAZARI;BRUFEN;1.270;107,08%;111;78,17%;66;89,19%;1.093;112,68%;;;;;;;;;;;;
SAMSUN;YILMAZ USTA;ORDU MERKEZ -1;FAMTREC PAZARI;DİĞER FAMOTİDİN;162;13,66%;31;21,83%;8;10,81%;123;12,68%;;;;;;;;;;;;
SAMSUN;YILMAZ USTA;ORDU MERKEZ -1;FAMTREC PAZARI;FAMOTİDİN PAZARI TOPLAM;1.186;100,00%;142;100,00%;74;100,00%;970;100,00%;;;;;;;;;;;;
SAMSUN;YILMAZ USTA;ORDU MERKEZ -2;PANTAPROZOL PAZARI;PANOCER TOPLAM;71;3,26%;-;0,00%;26;14,61%;45;8,64%;;;;;;;;;;;;
SAMSUN;YILMAZ USTA;ORDU MERKEZ -2;PANTAPROZOL PAZARI;PANTO;1.611;74,00%;1.182;79,97%;29;16,29%;400;76,78%;;;;;;;;;;;;
SAMSUN;YILMAZ USTA;ORDU MERKEZ -2;PANTAPROZOL PAZARI;PANTACTIVE;46;2,11%;-;0,00%;46;25,84%;-;0,00%;;;;;;;;;;;;
SAMSUN;YILMAZ USTA;ORDU MERKEZ -2;PANTAPROZOL PAZARI;DIGER PANTAPROZOLE;384;17,64%;284;19,22%;42;23,60%;58;11,13%;;;;;;;;;;;;
SAMSUN;YILMAZ USTA;ORDU MERKEZ -2;PANTAPROZOL PAZARI;PULCET;65;2,99%;12;0,81%;35;19,66%;18;3,45%;;;;;;;;;;;;
SAMSUN;YILMAZ USTA;ORDU MERKEZ -2;PANTAPROZOL PAZARI; PANTOPRAZOLE PAZARI TOPLAM;2.177;100,00%;1.478;100,00%;178;100,00%;521;100,00%;;;;;;;;;;;;
SAMSUN;YILMAZ USTA;ORDU MERKEZ -2;ACIDPASS PAZARI;ACIDPASS TOPLAM;66;4,89%;25;3,29%;23;8,88%;18;5,41%;;;;;;;;;;;;
SAMSUN;YILMAZ USTA;ORDU MERKEZ -2;ACIDPASS PAZARI;TRIGAST;50;3,70%;23;3,03%;14;5,41%;13;3,90%;;;;;;;;;;;;
SAMSUN;YILMAZ USTA;ORDU MERKEZ -2;ACIDPASS PAZARI;TALCID;505;37,38%;228;30,04%;8;3,09%;269;80,78%;;;;;;;;;;;;
SAMSUN;YILMAZ USTA;ORDU MERKEZ -2;ACIDPASS PAZARI;RENNIE;299;22,13%;105;13,83%;189;72,97%;5;1,50%;;;;;;;;;;;;
SAMSUN;YILMAZ USTA;ORDU MERKEZ -2;ACIDPASS PAZARI;DIGER ACIDPASS;9;0,67%;2;0,26%;3;1,16%;4;1,20%;;;;;;;;;;;;
SAMSUN;YILMAZ USTA;ORDU MERKEZ -2;ACIDPASS PAZARI;FAMODİN PLUS;422;31,24%;376;49,54%;22;8,49%;24;7,21%;;;;;;;;;;;;
SAMSUN;YILMAZ USTA;ORDU MERKEZ -2;ACIDPASS PAZARI; ACIDPASS PAZARI TOPLAM;1.351;100,00%;759;100,00%;259;100,00%;333;100,00%;;;;;;;;;;;;
SAMSUN;YILMAZ USTA;ORDU MERKEZ -2;MOKSİFLOKSASİN PAZARI;MOKSEFEN;30;50,85%;-;0,00%;-;0,00%;30;66,67%;;;;;;;;;;;;
SAMSUN;YILMAZ USTA;ORDU MERKEZ -2;MOKSİFLOKSASİN PAZARI;AVELOX;25;42,37%;-;0,00%;12;100,00%;13;28,89%;;;;;;;;;;;;
SAMSUN;YILMAZ USTA;ORDU MERKEZ -2;MOKSİFLOKSASİN PAZARI;MOXAI;4;6,78%;2;100,00%;-;0,00%;2;4,44%;;;;;;;;;;;;
SAMSUN;YILMAZ USTA;ORDU MERKEZ -2;MOKSİFLOKSASİN PAZARI;DİĞER MOKSİFLOKSASİN;-;0,00%;-;0,00%;-;0,00%;-;0,00%;;;;;;;;;;;;
SAMSUN;YILMAZ USTA;ORDU MERKEZ -2;MOKSİFLOKSASİN PAZARI;DİĞER LEVOFLOKSASİN;-;0,00%;-;0,00%;-;0,00%;-;0,00%;;;;;;;;;;;;
SAMSUN;YILMAZ USTA;ORDU MERKEZ -2;MOKSİFLOKSASİN PAZARI;MOKSİFLOKSASİN PAZARI TOPLAM;59;100,00%;2;100,00%;12;100,00%;45;100,00%;;;;;;;;;;;;
SAMSUN;YILMAZ USTA;ORDU MERKEZ -2;GRİPORT COLD PAZARI;A FERİN;1.377;39,10%;533;59,62%;147;9,83%;697;61,52%;;;;;;;;;;;;
SAMSUN;YILMAZ USTA;ORDU MERKEZ -2;GRİPORT COLD PAZARI;GRİPORT COLD;30;3,02%;4;0,45%;2;0,13%;24;2,12%;;;;;;;;;;;;
SAMSUN;YILMAZ USTA;ORDU MERKEZ -2;GRİPORT COLD PAZARI;KATARIN;56;1,59%;7;0,78%;31;2,07%;18;1,59%;;;;;;;;;;;;
SAMSUN;YILMAZ USTA;ORDU MERKEZ -2;GRİPORT COLD PAZARI;NUROFEN COLD FLUE;992;28,17%;9;1,01%;968;64,75%;15;1,32%;;;;;;;;;;;;
SAMSUN;YILMAZ USTA;ORDU MERKEZ -2;GRİPORT COLD PAZARI;OTHER COLD PREP;849;24,11%;301;33,67%;254;16,99%;294;25,95%;;;;;;;;;;;;
SAMSUN;YILMAZ USTA;ORDU MERKEZ -2;GRİPORT COLD PAZARI;OTHER COLD PREP - VIT C;144;4,09%;15;1,68%;60;4,01%;69;6,09%;;;;;;;;;;;;
SAMSUN;YILMAZ USTA;ORDU MERKEZ -2;GRİPORT COLD PAZARI;GRİBEX COLD FLUE;74;2,10%;25;2,80%;33;2,21%;16;1,41%;;;;;;;;;;;;
SAMSUN;YILMAZ USTA;ORDU MERKEZ -2;GRİPORT COLD PAZARI;GRIPORT COLD PAZARI TOPLAM;3.522;100,00%;894;100,00%;1.495;100,00%;1.133;100,00%;;;;;;;;;;;;
SAMSUN;YILMAZ USTA;ORDU MERKEZ -2;FAMTREC PAZARI;FAMTREC;12;9,23%;-;0,00%;2;2,47%;10;47,62%;;;;;;;;;;;;
SAMSUN;YILMAZ USTA;ORDU MERKEZ -2;FAMTREC PAZARI;BRUFEN;118;90,77%;22;78,57%;56;69,14%;40;190,48%;;;;;;;;;;;;
SAMSUN;YILMAZ USTA;ORDU MERKEZ -2;FAMTREC PAZARI;DİĞER FAMOTİDİN;48;36,92%;6;21,43%;23;28,40%;19;90,48%;;;;;;;;;;;;
SAMSUN;YILMAZ USTA;ORDU MERKEZ -2;FAMTREC PAZARI;FAMOTİDİN PAZARI TOPLAM;130;100,00%;28;100,00%;81;100,00%;21;100,00%;;;;;;;;;;;;
SAMSUN;YILMAZ USTA;ORDU MERKEZ -3;PANTAPROZOL PAZARI;PANOCER TOPLAM;382;9,94%;39;2,41%;302;24,24%;41;4,19%;;;;;;;;;;;;
SAMSUN;YILMAZ USTA;ORDU MERKEZ -3;PANTAPROZOL PAZARI;PANTO;2.047;53,27%;1.410;87,09%;89;7,14%;548;56,03%;;;;;;;;;;;;
SAMSUN;YILMAZ USTA;ORDU MERKEZ -3;PANTAPROZOL PAZARI;PANTACTIVE;59;1,54%;26;1,61%;7;0,56%;26;2,66%;;;;;;;;;;;;
SAMSUN;YILMAZ USTA;ORDU MERKEZ -3;PANTAPROZOL PAZARI;DIGER PANTAPROZOLE;558;14,52%;107;6,61%;123;9,87%;328;33,54%;;;;;;;;;;;;
SAMSUN;YILMAZ USTA;ORDU MERKEZ -3;PANTAPROZOL PAZARI;PULCET;797;20,74%;37;2,29%;725;58,19%;35;3,58%;;;;;;;;;;;;
SAMSUN;YILMAZ USTA;ORDU MERKEZ -3;PANTAPROZOL PAZARI; PANTOPRAZOLE PAZARI TOPLAM;3.843;100,00%;1.619;100,00%;1.246;100,00%;978;100,00%;;;;;;;;;;;;
SAMSUN;YILMAZ USTA;ORDU MERKEZ -3;ACIDPASS PAZARI;ACIDPASS TOPLAM;341;11,64%;126;9,98%;132;14,49%;83;10,99%;;;;;;;;;;;;
SAMSUN;YILMAZ USTA;ORDU MERKEZ -3;ACIDPASS PAZARI;TRIGAST;238;8,13%;138;10,93%;48;5,27%;52;6,89%;;;;;;;;;;;;
SAMSUN;YILMAZ USTA;ORDU MERKEZ -3;ACIDPASS PAZARI;TALCID;581;19,84%;27;2,14%;31;3,40%;523;69,27%;;;;;;;;;;;;
SAMSUN;YILMAZ USTA;ORDU MERKEZ -3;ACIDPASS PAZARI;RENNIE;838;28,61%;116;9,18%;664;72,89%;58;7,68%;;;;;;;;;;;;
SAMSUN;YILMAZ USTA;ORDU MERKEZ -3;ACIDPASS PAZARI;DIGER ACIDPASS;5;0,17%;3;0,24%;2;0,22%;-;0,00%;;;;;;;;;;;;
SAMSUN;YILMAZ USTA;ORDU MERKEZ -3;ACIDPASS PAZARI;FAMODİN PLUS;926;31,61%;853;67,54%;34;3,73%;39;5,17%;;;;;;;;;;;;
SAMSUN;YILMAZ USTA;ORDU MERKEZ -3;ACIDPASS PAZARI; ACIDPASS PAZARI TOPLAM;2.929;100,00%;1.263;100,00%;911;100,00%;755;100,00%;;;;;;;;;;;;
SAMSUN;YILMAZ USTA;ORDU MERKEZ -3;MOKSİFLOKSASİN PAZARI;MOKSEFEN;135;31,47%;31;15,05%;91;57,23%;13;20,31%;;;;;;;;;;;;
SAMSUN;YILMAZ USTA;ORDU MERKEZ -3;MOKSİFLOKSASİN PAZARI;AVELOX;120;27,97%;38;18,45%;35;22,01%;47;73,44%;;;;;;;;;;;;
SAMSUN;YILMAZ USTA;ORDU MERKEZ -3;MOKSİFLOKSASİN PAZARI;MOXAI;167;38,93%;135;65,53%;28;17,61%;4;6,25%;;;;;;;;;;;;
SAMSUN;YILMAZ USTA;ORDU MERKEZ -3;MOKSİFLOKSASİN PAZARI;DİĞER MOKSİFLOKSASİN;7;1,63%;2;0,97%;5;3,14%;-;0,00%;;;;;;;;;;;;
SAMSUN;YILMAZ USTA;ORDU MERKEZ -3;MOKSİFLOKSASİN PAZARI;DİĞER LEVOFLOKSASİN;-;0,00%;-;0,00%;-;0,00%;-;0,00%;;;;;;;;;;;;
SAMSUN;YILMAZ USTA;ORDU MERKEZ -3;MOKSİFLOKSASİN PAZARI;MOKSİFLOKSASİN PAZARI TOPLAM;429;100,00%;206;100,00%;159;100,00%;64;100,00%;;;;;;;;;;;;
SAMSUN;YILMAZ USTA;ORDU MERKEZ -3;GRİPORT COLD PAZARI;A FERİN;2.709;53,11%;481;42,68%;596;43,99%;1.632;62,31%;;;;;;;;;;;;
SAMSUN;YILMAZ USTA;ORDU MERKEZ -3;GRİPORT COLD PAZARI;GRİPORT COLD;73;1,43%;21;1,86%;14;1,03%;38;1,45%;;;;;;;;;;;;
SAMSUN;YILMAZ USTA;ORDU MERKEZ -3;GRİPORT COLD PAZARI;KATARIN;219;4,29%;48;4,26%;91;6,72%;80;3,05%;;;;;;;;;;;;
SAMSUN;YILMAZ USTA;ORDU MERKEZ -3;GRİPORT COLD PAZARI;NUROFEN COLD FLUE;442;8,66%;194;17,21%;105;7,75%;143;5,46%;;;;;;;;;;;;
SAMSUN;YILMAZ USTA;ORDU MERKEZ -3;GRİPORT COLD PAZARI;OTHER COLD PREP;806;15,80%;165;14,64%;249;18,38%;392;14,97%;;;;;;;;;;;;
SAMSUN;YILMAZ USTA;ORDU MERKEZ -3;GRİPORT COLD PAZARI;OTHER COLD PREP - VIT C;796;15,60%;215;19,08%;274;20,22%;307;11,72%;;;;;;;;;;;;
SAMSUN;YILMAZ USTA;ORDU MERKEZ -3;GRİPORT COLD PAZARI;GRİBEX COLD FLUE;56;1,10%;3;0,27%;26;1,92%;27;1,03%;;;;;;;;;;;;
SAMSUN;YILMAZ USTA;ORDU MERKEZ -3;GRİPORT COLD PAZARI;GRIPORT COLD PAZARI TOPLAM;5.101;100,00%;1.127;100,00%;1.355;100,00%;2.619;100,00%;;;;;;;;;;;;
SAMSUN;YILMAZ USTA;ORDU MERKEZ -3;FAMTREC PAZARI;FAMTREC;22;5,77%;-;0,00%;9;4,09%;13;43,33%;;;;;;;;;;;;
SAMSUN;YILMAZ USTA;ORDU MERKEZ -3;FAMTREC PAZARI;BRUFEN;431;113,12%;131;100,00%;201;91,36%;99;330,00%;;;;;;;;;;;;
SAMSUN;YILMAZ USTA;ORDU MERKEZ -3;FAMTREC PAZARI;DİĞER FAMOTİDİN;79;20,73%;-;0,00%;10;4,55%;69;230,00%;;;;;;;;;;;;
SAMSUN;YILMAZ USTA;ORDU MERKEZ -3;FAMTREC PAZARI;FAMOTİDİN PAZARI TOPLAM;381;100,00%;131;100,00%;220;100,00%;30;100,00%;;;;;;;;;;;;
SAMSUN;ENIS TOK;ORDU UNYE;PANTAPROZOL PAZARI;PANOCER TOPLAM;982;17,96%;448;13,24%;521;46,81%;13;1,34%;;;;;;;;;;;;
SAMSUN;ENIS TOK;ORDU UNYE;PANTAPROZOL PAZARI;PANTO;3.341;61,10%;2.530;74,76%;119;10,69%;692;71,27%;;;;;;;;;;;;
SAMSUN;ENIS TOK;ORDU UNYE;PANTAPROZOL PAZARI;PANTACTIVE;266;4,86%;58;1,71%;18;1,62%;190;19,57%;;;;;;;;;;;;
SAMSUN;ENIS TOK;ORDU UNYE;PANTAPROZOL PAZARI;DIGER PANTAPROZOLE;550;10,06%;337;9,96%;137;12,31%;76;7,83%;;;;;;;;;;;;
SAMSUN;ENIS TOK;ORDU UNYE;PANTAPROZOL PAZARI;PULCET;329;6,02%;11;0,33%;318;28,57%;-;0,00%;;;;;;;;;;;;
SAMSUN;ENIS TOK;ORDU UNYE;PANTAPROZOL PAZARI; PANTOPRAZOLE PAZARI TOPLAM;5.468;100,00%;3.384;100,00%;1.113;100,00%;971;100,00%;;;;;;;;;;;;
SAMSUN;ENIS TOK;ORDU UNYE;ACIDPASS PAZARI;ACIDPASS TOPLAM;193;6,09%;85;6,05%;82;9,66%;26;2,84%;;;;;;;;;;;;
SAMSUN;ENIS TOK;ORDU UNYE;ACIDPASS PAZARI;TRIGAST;375;11,83%;98;6,98%;172;20,26%;105;11,45%;;;;;;;;;;;;
SAMSUN;ENIS TOK;ORDU UNYE;ACIDPASS PAZARI;TALCID;524;16,52%;47;3,35%;103;12,13%;374;40,79%;;;;;;;;;;;;
SAMSUN;ENIS TOK;ORDU UNYE;ACIDPASS PAZARI;RENNIE;952;30,02%;69;4,91%;484;57,01%;399;43,51%;;;;;;;;;;;;
SAMSUN;ENIS TOK;ORDU UNYE;ACIDPASS PAZARI;DIGER ACIDPASS;4;0,13%;-;0,00%;2;0,24%;2;0,22%;;;;;;;;;;;;
SAMSUN;ENIS TOK;ORDU UNYE;ACIDPASS PAZARI;FAMODİN PLUS;1.123;35,41%;1.106;78,72%;6;0,71%;11;1,20%;;;;;;;;;;;;
SAMSUN;ENIS TOK;ORDU UNYE;ACIDPASS PAZARI; ACIDPASS PAZARI TOPLAM;3.171;100,00%;1.405;100,00%;849;100,00%;917;100,00%;;;;;;;;;;;;
SAMSUN;ENIS TOK;ORDU UNYE;MOKSİFLOKSASİN PAZARI;MOKSEFEN;62;30,10%;25;19,38%;36;64,29%;1;4,76%;;;;;;;;;;;;
SAMSUN;ENIS TOK;ORDU UNYE;MOKSİFLOKSASİN PAZARI;AVELOX;80;38,83%;46;35,66%;14;25,00%;20;95,24%;;;;;;;;;;;;
SAMSUN;ENIS TOK;ORDU UNYE;MOKSİFLOKSASİN PAZARI;MOXAI;57;27,67%;51;39,53%;6;10,71%;-;0,00%;;;;;;;;;;;;
SAMSUN;ENIS TOK;ORDU UNYE;MOKSİFLOKSASİN PAZARI;DİĞER MOKSİFLOKSASİN;7;3,40%;7;5,43%;-;0,00%;-;0,00%;;;;;;;;;;;;
SAMSUN;ENIS TOK;ORDU UNYE;MOKSİFLOKSASİN PAZARI;DİĞER LEVOFLOKSASİN;-;0,00%;-;0,00%;-;0,00%;-;0,00%;;;;;;;;;;;;
SAMSUN;ENIS TOK;ORDU UNYE;MOKSİFLOKSASİN PAZARI;MOKSİFLOKSASİN PAZARI TOPLAM;206;100,00%;129;100,00%;56;100,00%;21;100,00%;;;;;;;;;;;;
SAMSUN;ENIS TOK;ORDU UNYE;GRİPORT COLD PAZARI;A FERİN;835;12,68%;670;41,64%;27;0,71%;138;11,56%;;;;;;;;;;;;
SAMSUN;ENIS TOK;ORDU UNYE;GRİPORT COLD PAZARI;GRİPORT COLD;155;61,51%;34;2,11%;8;0,21%;113;9,46%;;;;;;;;;;;;
SAMSUN;ENIS TOK;ORDU UNYE;GRİPORT COLD PAZARI;KATARIN;214;3,25%;29;1,80%;128;3,38%;57;4,77%;;;;;;;;;;;;
SAMSUN;ENIS TOK;ORDU UNYE;GRİPORT COLD PAZARI;NUROFEN COLD FLUE;252;3,83%;31;1,93%;183;4,84%;38;3,18%;;;;;;;;;;;;
SAMSUN;ENIS TOK;ORDU UNYE;GRİPORT COLD PAZARI;OTHER COLD PREP;1.114;16,92%;418;25,98%;147;3,89%;549;45,98%;;;;;;;;;;;;
SAMSUN;ENIS TOK;ORDU UNYE;GRİPORT COLD PAZARI;OTHER COLD PREP - VIT C;537;8,15%;186;11,56%;87;2,30%;264;22,11%;;;;;;;;;;;;
SAMSUN;ENIS TOK;ORDU UNYE;GRİPORT COLD PAZARI;GRİBEX COLD FLUE;3.478;52,82%;241;14,98%;3.202;84,66%;35;2,93%;;;;;;;;;;;;
SAMSUN;ENIS TOK;ORDU UNYE;GRİPORT COLD PAZARI;GRIPORT COLD PAZARI TOPLAM;6.585;100,00%;1.609;100,00%;3.782;100,00%;1.194;100,00%;;;;;;;;;;;;
SAMSUN;ENIS TOK;ORDU UNYE;FAMTREC PAZARI;FAMTREC;60;21,66%;23;20,54%;20;14,29%;17;68,00%;;;;;;;;;;;;
SAMSUN;ENIS TOK;ORDU UNYE;FAMTREC PAZARI;BRUFEN;198;71,48%;70;62,50%;33;23,57%;95;380,00%;;;;;;;;;;;;
SAMSUN;ENIS TOK;ORDU UNYE;FAMTREC PAZARI;DİĞER FAMOTİDİN;176;63,54%;19;16,96%;87;62,14%;70;280,00%;;;;;;;;;;;;
SAMSUN;ENIS TOK;ORDU UNYE;FAMTREC PAZARI;FAMOTİDİN PAZARI TOPLAM;277;100,00%;112;100,00%;140;100,00%;25;100,00%;;;;;;;;;;;;
SAMSUN;MURAT KANDIS;RIZE BATI ILCELER;PANTAPROZOL PAZARI;PANOCER TOPLAM;302;5,12%;28;0,59%;75;10,39%;199;43,83%;;;;;;;;;;;;
SAMSUN;MURAT KANDIS;RIZE BATI ILCELER;PANTAPROZOL PAZARI;PANTO;4.421;74,88%;4.393;92,91%;12;1,66%;16;3,52%;;;;;;;;;;;;
SAMSUN;MURAT KANDIS;RIZE BATI ILCELER;PANTAPROZOL PAZARI;PANTACTIVE;18;0,30%;6;0,13%;-;0,00%;12;2,64%;;;;;;;;;;;;
SAMSUN;MURAT KANDIS;RIZE BATI ILCELER;PANTAPROZOL PAZARI;DIGER PANTAPROZOLE;599;10,15%;301;6,37%;93;12,88%;205;45,15%;;;;;;;;;;;;
SAMSUN;MURAT KANDIS;RIZE BATI ILCELER;PANTAPROZOL PAZARI;PULCET;564;9,55%;-;0,00%;542;75,07%;22;4,85%;;;;;;;;;;;;
SAMSUN;MURAT KANDIS;RIZE BATI ILCELER;PANTAPROZOL PAZARI; PANTOPRAZOLE PAZARI TOPLAM;5.904;100,00%;4.728;100,00%;722;100,00%;454;100,00%;;;;;;;;;;;;
SAMSUN;MURAT KANDIS;RIZE BATI ILCELER;ACIDPASS PAZARI;ACIDPASS TOPLAM;353;22,08%;289;74,10%;75;14,85%;-11;-1,56%;;;;;;;;;;;;
SAMSUN;MURAT KANDIS;RIZE BATI ILCELER;ACIDPASS PAZARI;TRIGAST;95;5,94%;70;17,95%;25;4,95%;-;0,00%;;;;;;;;;;;;
SAMSUN;MURAT KANDIS;RIZE BATI ILCELER;ACIDPASS PAZARI;TALCID;775;48,47%;21;5,38%;68;13,47%;686;97,44%;;;;;;;;;;;;
SAMSUN;MURAT KANDIS;RIZE BATI ILCELER;ACIDPASS PAZARI;RENNIE;365;22,83%;10;2,56%;329;65,15%;26;3,69%;;;;;;;;;;;;
SAMSUN;MURAT KANDIS;RIZE BATI ILCELER;ACIDPASS PAZARI;DIGER ACIDPASS;3;0,19%;-;0,00%;-;0,00%;3;0,43%;;;;;;;;;;;;
SAMSUN;MURAT KANDIS;RIZE BATI ILCELER;ACIDPASS PAZARI;FAMODİN PLUS;8;0,50%;-;0,00%;8;1,58%;-;0,00%;;;;;;;;;;;;
SAMSUN;MURAT KANDIS;RIZE BATI ILCELER;ACIDPASS PAZARI; ACIDPASS PAZARI TOPLAM;1.599;100,00%;390;100,00%;505;100,00%;704;100,00%;;;;;;;;;;;;
SAMSUN;MURAT KANDIS;RIZE BATI ILCELER;MOKSİFLOKSASİN PAZARI;MOKSEFEN;81;48,80%;45;66,18%;36;52,17%;-;0,00%;;;;;;;;;;;;
SAMSUN;MURAT KANDIS;RIZE BATI ILCELER;MOKSİFLOKSASİN PAZARI;AVELOX;62;37,35%;16;23,53%;23;33,33%;23;79,31%;;;;;;;;;;;;
SAMSUN;MURAT KANDIS;RIZE BATI ILCELER;MOKSİFLOKSASİN PAZARI;MOXAI;11;6,63%;2;2,94%;3;4,35%;6;20,69%;;;;;;;;;;;;
SAMSUN;MURAT KANDIS;RIZE BATI ILCELER;MOKSİFLOKSASİN PAZARI;DİĞER MOKSİFLOKSASİN;12;7,23%;5;7,35%;7;10,14%;-;0,00%;;;;;;;;;;;;
SAMSUN;MURAT KANDIS;RIZE BATI ILCELER;MOKSİFLOKSASİN PAZARI;DİĞER LEVOFLOKSASİN;-;0,00%;-;0,00%;-;0,00%;-;0,00%;;;;;;;;;;;;
SAMSUN;MURAT KANDIS;RIZE BATI ILCELER;MOKSİFLOKSASİN PAZARI;MOKSİFLOKSASİN PAZARI TOPLAM;166;100,00%;68;100,00%;69;100,00%;29;100,00%;;;;;;;;;;;;
SAMSUN;MURAT KANDIS;RIZE BATI ILCELER;GRİPORT COLD PAZARI;A FERİN;230;7,95%;17;2,10%;185;18,19%;28;2,63%;;;;;;;;;;;;
SAMSUN;MURAT KANDIS;RIZE BATI ILCELER;GRİPORT COLD PAZARI;GRİPORT COLD;15;5,88%;-;0,00%;-;0,00%;15;1,41%;;;;;;;;;;;;
SAMSUN;MURAT KANDIS;RIZE BATI ILCELER;GRİPORT COLD PAZARI;KATARIN;139;4,80%;20;2,47%;79;7,77%;40;3,76%;;;;;;;;;;;;
SAMSUN;MURAT KANDIS;RIZE BATI ILCELER;GRİPORT COLD PAZARI;NUROFEN COLD FLUE;255;8,81%;120;14,80%;65;6,39%;70;6,57%;;;;;;;;;;;;
SAMSUN;MURAT KANDIS;RIZE BATI ILCELER;GRİPORT COLD PAZARI;OTHER COLD PREP;1.196;41,34%;355;43,77%;195;19,17%;646;60,66%;;;;;;;;;;;;
SAMSUN;MURAT KANDIS;RIZE BATI ILCELER;GRİPORT COLD PAZARI;OTHER COLD PREP - VIT C;661;22,85%;265;32,68%;180;17,70%;216;20,28%;;;;;;;;;;;;
SAMSUN;MURAT KANDIS;RIZE BATI ILCELER;GRİPORT COLD PAZARI;GRİBEX COLD FLUE;397;13,72%;34;4,19%;313;30,78%;50;4,69%;;;;;;;;;;;;
SAMSUN;MURAT KANDIS;RIZE BATI ILCELER;GRİPORT COLD PAZARI;GRIPORT COLD PAZARI TOPLAM;2.893;100,00%;811;100,00%;1.017;100,00%;1.065;100,00%;;;;;;;;;;;;
SAMSUN;MURAT KANDIS;RIZE BATI ILCELER;FAMTREC PAZARI;FAMTREC;5;5,43%;1;5,26%;2;7,14%;2;4,44%;;;;;;;;;;;;
SAMSUN;MURAT KANDIS;RIZE BATI ILCELER;FAMTREC PAZARI;BRUFEN;103;111,96%;18;94,74%;20;71,43%;65;144,44%;;;;;;;;;;;;
SAMSUN;MURAT KANDIS;RIZE BATI ILCELER;FAMTREC PAZARI;DİĞER FAMOTİDİN;26;28,26%;-;0,00%;6;21,43%;20;44,44%;;;;;;;;;;;;
SAMSUN;MURAT KANDIS;RIZE BATI ILCELER;FAMTREC PAZARI;FAMOTİDİN PAZARI TOPLAM;92;100,00%;19;100,00%;28;100,00%;45;100,00%;;;;;;;;;;;;
SAMSUN;MURAT KANDIS;RIZE DOGU ILCELER;PANTAPROZOL PAZARI;PANOCER TOPLAM;428;7,04%;317;6,15%;26;7,41%;85;14,71%;;;;;;;;;;;;
SAMSUN;MURAT KANDIS;RIZE DOGU ILCELER;PANTAPROZOL PAZARI;PANTO;5.012;82,42%;4.709;91,40%;38;10,83%;265;45,85%;;;;;;;;;;;;
SAMSUN;MURAT KANDIS;RIZE DOGU ILCELER;PANTAPROZOL PAZARI;PANTACTIVE;54;0,89%;24;0,47%;12;3,42%;18;3,11%;;;;;;;;;;;;
SAMSUN;MURAT KANDIS;RIZE DOGU ILCELER;PANTAPROZOL PAZARI;DIGER PANTAPROZOLE;324;5,33%;91;1,77%;83;23,65%;150;25,95%;;;;;;;;;;;;
SAMSUN;MURAT KANDIS;RIZE DOGU ILCELER;PANTAPROZOL PAZARI;PULCET;263;4,32%;11;0,21%;192;54,70%;60;10,38%;;;;;;;;;;;;
SAMSUN;MURAT KANDIS;RIZE DOGU ILCELER;PANTAPROZOL PAZARI; PANTOPRAZOLE PAZARI TOPLAM;6.081;100,00%;5.152;100,00%;351;100,00%;578;100,00%;;;;;;;;;;;;
SAMSUN;MURAT KANDIS;RIZE DOGU ILCELER;ACIDPASS PAZARI;ACIDPASS TOPLAM;387;27,33%;268;61,75%;93;13,80%;26;8,44%;;;;;;;;;;;;
SAMSUN;MURAT KANDIS;RIZE DOGU ILCELER;ACIDPASS PAZARI;TRIGAST;59;4,17%;45;10,37%;14;2,08%;-;0,00%;;;;;;;;;;;;
SAMSUN;MURAT KANDIS;RIZE DOGU ILCELER;ACIDPASS PAZARI;TALCID;388;27,40%;73;16,82%;65;9,64%;250;81,17%;;;;;;;;;;;;
SAMSUN;MURAT KANDIS;RIZE DOGU ILCELER;ACIDPASS PAZARI;RENNIE;578;40,82%;45;10,37%;502;74,48%;31;10,06%;;;;;;;;;;;;
SAMSUN;MURAT KANDIS;RIZE DOGU ILCELER;ACIDPASS PAZARI;DIGER ACIDPASS;4;0,28%;3;0,69%;-;0,00%;1;0,32%;;;;;;;;;;;;
SAMSUN;MURAT KANDIS;RIZE DOGU ILCELER;ACIDPASS PAZARI;FAMODİN PLUS;-;0,00%;-;0,00%;-;0,00%;-;0,00%;;;;;;;;;;;;
SAMSUN;MURAT KANDIS;RIZE DOGU ILCELER;ACIDPASS PAZARI; ACIDPASS PAZARI TOPLAM;1.416;100,00%;434;100,00%;674;100,00%;308;100,00%;;;;;;;;;;;;
SAMSUN;MURAT KANDIS;RIZE DOGU ILCELER;MOKSİFLOKSASİN PAZARI;MOKSEFEN;13;11,02%;-;0,00%;-;0,00%;13;31,71%;;;;;;;;;;;;
SAMSUN;MURAT KANDIS;RIZE DOGU ILCELER;MOKSİFLOKSASİN PAZARI;AVELOX;59;50,00%;19;95,00%;12;21,05%;28;68,29%;;;;;;;;;;;;
SAMSUN;MURAT KANDIS;RIZE DOGU ILCELER;MOKSİFLOKSASİN PAZARI;MOXAI;45;38,14%;-;0,00%;45;78,95%;-;0,00%;;;;;;;;;;;;
SAMSUN;MURAT KANDIS;RIZE DOGU ILCELER;MOKSİFLOKSASİN PAZARI;DİĞER MOKSİFLOKSASİN;1;0,85%;1;5,00%;-;0,00%;-;0,00%;;;;;;;;;;;;
SAMSUN;MURAT KANDIS;RIZE DOGU ILCELER;MOKSİFLOKSASİN PAZARI;DİĞER LEVOFLOKSASİN;-;0,00%;-;0,00%;-;0,00%;-;0,00%;;;;;;;;;;;;
SAMSUN;MURAT KANDIS;RIZE DOGU ILCELER;MOKSİFLOKSASİN PAZARI;MOKSİFLOKSASİN PAZARI TOPLAM;118;100,00%;20;100,00%;57;100,00%;41;100,00%;;;;;;;;;;;;
SAMSUN;MURAT KANDIS;RIZE DOGU ILCELER;GRİPORT COLD PAZARI;A FERİN;357;7,19%;150;19,61%;196;8,89%;11;0,55%;;;;;;;;;;;;
SAMSUN;MURAT KANDIS;RIZE DOGU ILCELER;GRİPORT COLD PAZARI;GRİPORT COLD;46;3,85%;20;2,61%;-;0,00%;26;1,30%;;;;;;;;;;;;
SAMSUN;MURAT KANDIS;RIZE DOGU ILCELER;GRİPORT COLD PAZARI;KATARIN;181;3,64%;20;2,61%;62;2,81%;99;4,96%;;;;;;;;;;;;
SAMSUN;MURAT KANDIS;RIZE DOGU ILCELER;GRİPORT COLD PAZARI;NUROFEN COLD FLUE;1.196;24,08%;145;18,95%;1.041;47,21%;10;0,50%;;;;;;;;;;;;
SAMSUN;MURAT KANDIS;RIZE DOGU ILCELER;GRİPORT COLD PAZARI;OTHER COLD PREP;1.956;39,38%;215;28,10%;194;8,80%;1.547;77,47%;;;;;;;;;;;;
SAMSUN;MURAT KANDIS;RIZE DOGU ILCELER;GRİPORT COLD PAZARI;OTHER COLD PREP - VIT C;614;12,36%;115;15,03%;240;10,88%;259;12,97%;;;;;;;;;;;;
SAMSUN;MURAT KANDIS;RIZE DOGU ILCELER;GRİPORT COLD PAZARI;GRİBEX COLD FLUE;617;12,42%;100;13,07%;472;21,41%;45;2,25%;;;;;;;;;;;;
SAMSUN;MURAT KANDIS;RIZE DOGU ILCELER;GRİPORT COLD PAZARI;GRIPORT COLD PAZARI TOPLAM;4.967;100,00%;765;100,00%;2.205;100,00%;1.997;100,00%;;;;;;;;;;;;
SAMSUN;MURAT KANDIS;RIZE DOGU ILCELER;FAMTREC PAZARI;FAMTREC;3;3,95%;-;0,00%;-;0,00%;3;13,04%;;;;;;;;;;;;
SAMSUN;MURAT KANDIS;RIZE DOGU ILCELER;FAMTREC PAZARI;BRUFEN;111;146,05%;21;77,78%;26;100,00%;64;278,26%;;;;;;;;;;;;
SAMSUN;MURAT KANDIS;RIZE DOGU ILCELER;FAMTREC PAZARI;DİĞER FAMOTİDİN;47;61,84%;6;22,22%;-;0,00%;41;178,26%;;;;;;;;;;;;
SAMSUN;MURAT KANDIS;RIZE DOGU ILCELER;FAMTREC PAZARI;FAMOTİDİN PAZARI TOPLAM;76;100,00%;27;100,00%;26;100,00%;23;100,00%;;;;;;;;;;;;
SAMSUN;MURAT KANDIS;RIZE MERKEZ;PANTAPROZOL PAZARI;PANOCER TOPLAM;167;2,57%;-;0,00%;165;14,05%;2;0,39%;;;;;;;;;;;;
SAMSUN;MURAT KANDIS;RIZE MERKEZ;PANTAPROZOL PAZARI;PANTO;4.445;68,42%;4.307;89,58%;66;5,62%;72;13,98%;;;;;;;;;;;;
SAMSUN;MURAT KANDIS;RIZE MERKEZ;PANTAPROZOL PAZARI;PANTACTIVE;128;1,97%;40;0,83%;12;1,02%;76;14,76%;;;;;;;;;;;;
SAMSUN;MURAT KANDIS;RIZE MERKEZ;PANTAPROZOL PAZARI;DIGER PANTAPROZOLE;834;12,84%;289;6,01%;241;20,53%;304;59,03%;;;;;;;;;;;;
SAMSUN;MURAT KANDIS;RIZE MERKEZ;PANTAPROZOL PAZARI;PULCET;923;14,21%;172;3,58%;690;58,77%;61;11,84%;;;;;;;;;;;;
SAMSUN;MURAT KANDIS;RIZE MERKEZ;PANTAPROZOL PAZARI; PANTOPRAZOLE PAZARI TOPLAM;6.497;100,00%;4.808;100,00%;1.174;100,00%;515;100,00%;;;;;;;;;;;;
SAMSUN;MURAT KANDIS;RIZE MERKEZ;ACIDPASS PAZARI;ACIDPASS TOPLAM;730;39,18%;351;55,10%;215;38,53%;164;24,55%;;;;;;;;;;;;
SAMSUN;MURAT KANDIS;RIZE MERKEZ;ACIDPASS PAZARI;TRIGAST;6;0,32%;52;8,16%;-68;-12,19%;22;3,29%;;;;;;;;;;;;
SAMSUN;MURAT KANDIS;RIZE MERKEZ;ACIDPASS PAZARI;TALCID;552;29,63%;94;14,76%;67;12,01%;391;58,53%;;;;;;;;;;;;
SAMSUN;MURAT KANDIS;RIZE MERKEZ;ACIDPASS PAZARI;RENNIE;542;29,09%;139;21,82%;330;59,14%;73;10,93%;;;;;;;;;;;;
SAMSUN;MURAT KANDIS;RIZE MERKEZ;ACIDPASS PAZARI;DIGER ACIDPASS;21;1,13%;1;0,16%;7;1,25%;13;1,95%;;;;;;;;;;;;
SAMSUN;MURAT KANDIS;RIZE MERKEZ;ACIDPASS PAZARI;FAMODİN PLUS;12;0,64%;-;0,00%;7;1,25%;5;0,75%;;;;;;;;;;;;
SAMSUN;MURAT KANDIS;RIZE MERKEZ;ACIDPASS PAZARI; ACIDPASS PAZARI TOPLAM;1.863;100,00%;637;100,00%;558;100,00%;668;100,00%;;;;;;;;;;;;
SAMSUN;MURAT KANDIS;RIZE MERKEZ;MOKSİFLOKSASİN PAZARI;MOKSEFEN;78;12,09%;-;0,00%;78;16,02%;-;0,00%;;;;;;;;;;;;
SAMSUN;MURAT KANDIS;RIZE MERKEZ;MOKSİFLOKSASİN PAZARI;AVELOX;90;13,95%;18;12,00%;28;5,75%;44;550,00%;;;;;;;;;;;;
SAMSUN;MURAT KANDIS;RIZE MERKEZ;MOKSİFLOKSASİN PAZARI;MOXAI;472;73,18%;127;84,67%;381;78,23%;-36;-450,00%;;;;;;;;;;;;
SAMSUN;MURAT KANDIS;RIZE MERKEZ;MOKSİFLOKSASİN PAZARI;DİĞER MOKSİFLOKSASİN;5;0,78%;5;3,33%;-;0,00%;-;0,00%;;;;;;;;;;;;
SAMSUN;MURAT KANDIS;RIZE MERKEZ;MOKSİFLOKSASİN PAZARI;DİĞER LEVOFLOKSASİN;-;0,00%;-;0,00%;-;0,00%;-;0,00%;;;;;;;;;;;;
SAMSUN;MURAT KANDIS;RIZE MERKEZ;MOKSİFLOKSASİN PAZARI;MOKSİFLOKSASİN PAZARI TOPLAM;645;100,00%;150;100,00%;487;100,00%;8;100,00%;;;;;;;;;;;;
SAMSUN;MURAT KANDIS;RIZE MERKEZ;GRİPORT COLD PAZARI;A FERİN;758;14,28%;236;16,19%;487;19,89%;35;2,50%;;;;;;;;;;;;
SAMSUN;MURAT KANDIS;RIZE MERKEZ;GRİPORT COLD PAZARI;GRİPORT COLD;3;0,88%;-;0,00%;2;0,08%;1;0,07%;;;;;;;;;;;;
SAMSUN;MURAT KANDIS;RIZE MERKEZ;GRİPORT COLD PAZARI;KATARIN;785;14,79%;202;13,85%;406;16,58%;177;12,62%;;;;;;;;;;;;
SAMSUN;MURAT KANDIS;RIZE MERKEZ;GRİPORT COLD PAZARI;NUROFEN COLD FLUE;340;6,40%;92;6,31%;73;2,98%;175;12,48%;;;;;;;;;;;;
SAMSUN;MURAT KANDIS;RIZE MERKEZ;GRİPORT COLD PAZARI;OTHER COLD PREP;1.143;21,53%;473;32,44%;382;15,60%;288;20,54%;;;;;;;;;;;;
SAMSUN;MURAT KANDIS;RIZE MERKEZ;GRİPORT COLD PAZARI;OTHER COLD PREP - VIT C;1.381;26,01%;375;25,72%;307;12,54%;699;49,86%;;;;;;;;;;;;
SAMSUN;MURAT KANDIS;RIZE MERKEZ;GRİPORT COLD PAZARI;GRİBEX COLD FLUE;899;16,93%;80;5,49%;792;32,34%;27;1,93%;;;;;;;;;;;;
SAMSUN;MURAT KANDIS;RIZE MERKEZ;GRİPORT COLD PAZARI;GRIPORT COLD PAZARI TOPLAM;5.309;100,00%;1.458;100,00%;2.449;100,00%;1.402;100,00%;;;;;;;;;;;;
SAMSUN;MURAT KANDIS;RIZE MERKEZ;FAMTREC PAZARI;FAMTREC;47;21,46%;6;11,54%;17;17,89%;24;33,33%;;;;;;;;;;;;
SAMSUN;MURAT KANDIS;RIZE MERKEZ;FAMTREC PAZARI;BRUFEN;194;88,58%;46;88,46%;50;52,63%;98;136,11%;;;;;;;;;;;;
SAMSUN;MURAT KANDIS;RIZE MERKEZ;FAMTREC PAZARI;DİĞER FAMOTİDİN;54;24,66%;-;0,00%;28;29,47%;26;36,11%;;;;;;;;;;;;
SAMSUN;MURAT KANDIS;RIZE MERKEZ;FAMTREC PAZARI;FAMOTİDİN PAZARI TOPLAM;219;100,00%;52;100,00%;95;100,00%;72;100,00%;;;;;;;;;;;;
SAMSUN;ENIS TOK;SAMSUN ADALET;PANTAPROZOL PAZARI;PANOCER TOPLAM;118;5,62%;16;0,92%;31;18,79%;71;35,86%;;;;;;;;;;;;
SAMSUN;ENIS TOK;SAMSUN ADALET;PANTAPROZOL PAZARI;PANTO;1.785;85,08%;1.659;95,62%;78;47,27%;48;24,24%;;;;;;;;;;;;
SAMSUN;ENIS TOK;SAMSUN ADALET;PANTAPROZOL PAZARI;PANTACTIVE;15;0,71%;6;0,35%;9;5,45%;-;0,00%;;;;;;;;;;;;
SAMSUN;ENIS TOK;SAMSUN ADALET;PANTAPROZOL PAZARI;DIGER PANTAPROZOLE;132;6,29%;50;2,88%;27;16,36%;55;27,78%;;;;;;;;;;;;
SAMSUN;ENIS TOK;SAMSUN ADALET;PANTAPROZOL PAZARI;PULCET;48;2,29%;4;0,23%;20;12,12%;24;12,12%;;;;;;;;;;;;
SAMSUN;ENIS TOK;SAMSUN ADALET;PANTAPROZOL PAZARI; PANTOPRAZOLE PAZARI TOPLAM;2.098;100,00%;1.735;100,00%;165;100,00%;198;100,00%;;;;;;;;;;;;
SAMSUN;ENIS TOK;SAMSUN ADALET;ACIDPASS PAZARI;ACIDPASS TOPLAM;37;6,88%;13;5,33%;11;61,11%;13;4,71%;;;;;;;;;;;;
SAMSUN;ENIS TOK;SAMSUN ADALET;ACIDPASS PAZARI;TRIGAST;16;2,97%;1;0,41%;11;61,11%;4;1,45%;;;;;;;;;;;;
SAMSUN;ENIS TOK;SAMSUN ADALET;ACIDPASS PAZARI;TALCID;92;17,10%;162;66,39%;-89;-494,44%;19;6,88%;;;;;;;;;;;;
SAMSUN;ENIS TOK;SAMSUN ADALET;ACIDPASS PAZARI;RENNIE;323;60,04%;57;23,36%;56;311,11%;210;76,09%;;;;;;;;;;;;
SAMSUN;ENIS TOK;SAMSUN ADALET;ACIDPASS PAZARI;DIGER ACIDPASS;1;0,19%;-;0,00%;1;5,56%;-;0,00%;;;;;;;;;;;;
SAMSUN;ENIS TOK;SAMSUN ADALET;ACIDPASS PAZARI;FAMODİN PLUS;69;12,83%;11;4,51%;28;155,56%;30;10,87%;;;;;;;;;;;;
SAMSUN;ENIS TOK;SAMSUN ADALET;ACIDPASS PAZARI; ACIDPASS PAZARI TOPLAM;538;100,00%;244;100,00%;18;100,00%;276;100,00%;;;;;;;;;;;;
SAMSUN;ENIS TOK;SAMSUN ADALET;MOKSİFLOKSASİN PAZARI;MOKSEFEN;32;27,12%;-;0,00%;-;0,00%;32;55,17%;;;;;;;;;;;;
SAMSUN;ENIS TOK;SAMSUN ADALET;MOKSİFLOKSASİN PAZARI;AVELOX;58;49,15%;24;61,54%;17;80,95%;17;29,31%;;;;;;;;;;;;
SAMSUN;ENIS TOK;SAMSUN ADALET;MOKSİFLOKSASİN PAZARI;MOXAI;19;16,10%;10;25,64%;-;0,00%;9;15,52%;;;;;;;;;;;;
SAMSUN;ENIS TOK;SAMSUN ADALET;MOKSİFLOKSASİN PAZARI;DİĞER MOKSİFLOKSASİN;5;4,24%;5;12,82%;-;0,00%;-;0,00%;;;;;;;;;;;;
SAMSUN;ENIS TOK;SAMSUN ADALET;MOKSİFLOKSASİN PAZARI;DİĞER LEVOFLOKSASİN;4;3,39%;-;0,00%;4;19,05%;-;0,00%;;;;;;;;;;;;
SAMSUN;ENIS TOK;SAMSUN ADALET;MOKSİFLOKSASİN PAZARI;MOKSİFLOKSASİN PAZARI TOPLAM;118;100,00%;39;100,00%;21;100,00%;58;100,00%;;;;;;;;;;;;
SAMSUN;ENIS TOK;SAMSUN ADALET;GRİPORT COLD PAZARI;A FERİN;994;40,94%;85;12,76%;34;6,75%;875;69,55%;;;;;;;;;;;;
SAMSUN;ENIS TOK;SAMSUN ADALET;GRİPORT COLD PAZARI;GRİPORT COLD;2;1,92%;1;0,15%;-;0,00%;1;0,08%;;;;;;;;;;;;
SAMSUN;ENIS TOK;SAMSUN ADALET;GRİPORT COLD PAZARI;KATARIN;142;5,85%;17;2,55%;47;9,33%;78;6,20%;;;;;;;;;;;;
SAMSUN;ENIS TOK;SAMSUN ADALET;GRİPORT COLD PAZARI;NUROFEN COLD FLUE;104;4,28%;3;0,45%;71;14,09%;30;2,38%;;;;;;;;;;;;
SAMSUN;ENIS TOK;SAMSUN ADALET;GRİPORT COLD PAZARI;OTHER COLD PREP;555;22,86%;314;47,15%;140;27,78%;101;8,03%;;;;;;;;;;;;
SAMSUN;ENIS TOK;SAMSUN ADALET;GRİPORT COLD PAZARI;OTHER COLD PREP - VIT C;513;21,13%;231;34,68%;112;22,22%;170;13,51%;;;;;;;;;;;;
SAMSUN;ENIS TOK;SAMSUN ADALET;GRİPORT COLD PAZARI;GRİBEX COLD FLUE;118;4,86%;15;2,25%;100;19,84%;3;0,24%;;;;;;;;;;;;
SAMSUN;ENIS TOK;SAMSUN ADALET;GRİPORT COLD PAZARI;GRIPORT COLD PAZARI TOPLAM;2.428;100,00%;666;100,00%;504;100,00%;1.258;100,00%;;;;;;;;;;;;
SAMSUN;ENIS TOK;SAMSUN ADALET;FAMTREC PAZARI;FAMTREC;3;2,91%;-;0,00%;-;0,00%;3;18,75%;;;;;;;;;;;;
SAMSUN;ENIS TOK;SAMSUN ADALET;FAMTREC PAZARI;BRUFEN;92;89,32%;23;74,19%;28;50,00%;41;256,25%;;;;;;;;;;;;
SAMSUN;ENIS TOK;SAMSUN ADALET;FAMTREC PAZARI;DİĞER FAMOTİDİN;61;59,22%;8;25,81%;28;50,00%;25;156,25%;;;;;;;;;;;;
SAMSUN;ENIS TOK;SAMSUN ADALET;FAMTREC PAZARI;FAMOTİDİN PAZARI TOPLAM;103;100,00%;31;100,00%;56;100,00%;16;100,00%;;;;;;;;;;;;
SAMSUN;MEHMET AKIF OZGECEN;SAMSUN ALACAM+YAKAKENT;PANTAPROZOL PAZARI;PANOCER TOPLAM;164;16,70%;151;21,60%;-;0,00%;13;12,26%;;;;;;;;;;;;
SAMSUN;MEHMET AKIF OZGECEN;SAMSUN ALACAM+YAKAKENT;PANTAPROZOL PAZARI;PANTO;617;62,83%;515;73,68%;76;42,94%;26;24,53%;;;;;;;;;;;;
SAMSUN;MEHMET AKIF OZGECEN;SAMSUN ALACAM+YAKAKENT;PANTAPROZOL PAZARI;PANTACTIVE;6;0,61%;-;0,00%;-;0,00%;6;5,66%;;;;;;;;;;;;
SAMSUN;MEHMET AKIF OZGECEN;SAMSUN ALACAM+YAKAKENT;PANTAPROZOL PAZARI;DIGER PANTAPROZOLE;95;9,67%;22;3,15%;34;19,21%;39;36,79%;;;;;;;;;;;;
SAMSUN;MEHMET AKIF OZGECEN;SAMSUN ALACAM+YAKAKENT;PANTAPROZOL PAZARI;PULCET;100;10,18%;11;1,57%;67;37,85%;22;20,75%;;;;;;;;;;;;
SAMSUN;MEHMET AKIF OZGECEN;SAMSUN ALACAM+YAKAKENT;PANTAPROZOL PAZARI; PANTOPRAZOLE PAZARI TOPLAM;982;100,00%;699;100,00%;177;100,00%;106;100,00%;;;;;;;;;;;;
SAMSUN;MEHMET AKIF OZGECEN;SAMSUN ALACAM+YAKAKENT;ACIDPASS PAZARI;ACIDPASS TOPLAM;52;17,22%;47;23,04%;-;0,00%;5;14,29%;;;;;;;;;;;;
SAMSUN;MEHMET AKIF OZGECEN;SAMSUN ALACAM+YAKAKENT;ACIDPASS PAZARI;TRIGAST;55;18,21%;29;14,22%;23;36,51%;3;8,57%;;;;;;;;;;;;
SAMSUN;MEHMET AKIF OZGECEN;SAMSUN ALACAM+YAKAKENT;ACIDPASS PAZARI;TALCID;78;25,83%;42;20,59%;26;41,27%;10;28,57%;;;;;;;;;;;;
SAMSUN;MEHMET AKIF OZGECEN;SAMSUN ALACAM+YAKAKENT;ACIDPASS PAZARI;RENNIE;99;32,78%;84;41,18%;-;0,00%;15;42,86%;;;;;;;;;;;;
SAMSUN;MEHMET AKIF OZGECEN;SAMSUN ALACAM+YAKAKENT;ACIDPASS PAZARI;DIGER ACIDPASS;-;0,00%;-;0,00%;-;0,00%;-;0,00%;;;;;;;;;;;;
SAMSUN;MEHMET AKIF OZGECEN;SAMSUN ALACAM+YAKAKENT;ACIDPASS PAZARI;FAMODİN PLUS;18;5,96%;2;0,98%;14;22,22%;2;5,71%;;;;;;;;;;;;
SAMSUN;MEHMET AKIF OZGECEN;SAMSUN ALACAM+YAKAKENT;ACIDPASS PAZARI; ACIDPASS PAZARI TOPLAM;302;100,00%;204;100,00%;63;100,00%;35;100,00%;;;;;;;;;;;;
SAMSUN;MEHMET AKIF OZGECEN;SAMSUN ALACAM+YAKAKENT;MOKSİFLOKSASİN PAZARI;MOKSEFEN;19;31,67%;-;0,00%;-;0,00%;19;63,33%;;;;;;;;;;;;
SAMSUN;MEHMET AKIF OZGECEN;SAMSUN ALACAM+YAKAKENT;MOKSİFLOKSASİN PAZARI;AVELOX;13;21,67%;4;30,77%;-;0,00%;9;30,00%;;;;;;;;;;;;
SAMSUN;MEHMET AKIF OZGECEN;SAMSUN ALACAM+YAKAKENT;MOKSİFLOKSASİN PAZARI;MOXAI;13;21,67%;9;69,23%;2;11,76%;2;6,67%;;;;;;;;;;;;
SAMSUN;MEHMET AKIF OZGECEN;SAMSUN ALACAM+YAKAKENT;MOKSİFLOKSASİN PAZARI;DİĞER MOKSİFLOKSASİN;-;0,00%;-;0,00%;-;0,00%;-;0,00%;;;;;;;;;;;;
SAMSUN;MEHMET AKIF OZGECEN;SAMSUN ALACAM+YAKAKENT;MOKSİFLOKSASİN PAZARI;DİĞER LEVOFLOKSASİN;15;25,00%;-;0,00%;15;88,24%;-;0,00%;;;;;;;;;;;;
SAMSUN;MEHMET AKIF OZGECEN;SAMSUN ALACAM+YAKAKENT;MOKSİFLOKSASİN PAZARI;MOKSİFLOKSASİN PAZARI TOPLAM;60;100,00%;13;100,00%;17;100,00%;30;100,00%;;;;;;;;;;;;
SAMSUN;MEHMET AKIF OZGECEN;SAMSUN ALACAM+YAKAKENT;GRİPORT COLD PAZARI;A FERİN;666;35,13%;643;68,11%;12;1,78%;11;3,97%;;;;;;;;;;;;
SAMSUN;MEHMET AKIF OZGECEN;SAMSUN ALACAM+YAKAKENT;GRİPORT COLD PAZARI;GRİPORT COLD;151;247,54%;46;4,87%;105;15,56%;-;0,00%;;;;;;;;;;;;
SAMSUN;MEHMET AKIF OZGECEN;SAMSUN ALACAM+YAKAKENT;GRİPORT COLD PAZARI;KATARIN;35;1,85%;10;1,06%;17;2,52%;8;2,89%;;;;;;;;;;;;
SAMSUN;MEHMET AKIF OZGECEN;SAMSUN ALACAM+YAKAKENT;GRİPORT COLD PAZARI;NUROFEN COLD FLUE;61;3,22%;-;0,00%;43;6,37%;18;6,50%;;;;;;;;;;;;
SAMSUN;MEHMET AKIF OZGECEN;SAMSUN ALACAM+YAKAKENT;GRİPORT COLD PAZARI;OTHER COLD PREP;816;43,04%;222;23,52%;458;67,85%;136;49,10%;;;;;;;;;;;;
SAMSUN;MEHMET AKIF OZGECEN;SAMSUN ALACAM+YAKAKENT;GRİPORT COLD PAZARI;OTHER COLD PREP - VIT C;162;8,54%;20;2,12%;40;5,93%;102;36,82%;;;;;;;;;;;;
SAMSUN;MEHMET AKIF OZGECEN;SAMSUN ALACAM+YAKAKENT;GRİPORT COLD PAZARI;GRİBEX COLD FLUE;5;0,26%;3;0,32%;-;0,00%;2;0,72%;;;;;;;;;;;;
SAMSUN;MEHMET AKIF OZGECEN;SAMSUN ALACAM+YAKAKENT;GRİPORT COLD PAZARI;GRIPORT COLD PAZARI TOPLAM;1.896;100,00%;944;100,00%;675;100,00%;277;100,00%;;;;;;;;;;;;
SAMSUN;MEHMET AKIF OZGECEN;SAMSUN ALACAM+YAKAKENT;FAMTREC PAZARI;FAMTREC;-;0,00%;-;0,00%;-;0,00%;-;0,00%;;;;;;;;;;;;
SAMSUN;MEHMET AKIF OZGECEN;SAMSUN ALACAM+YAKAKENT;FAMTREC PAZARI;BRUFEN;66;88,00%;35;76,09%;-;0,00%;31;620,00%;;;;;;;;;;;;
SAMSUN;MEHMET AKIF OZGECEN;SAMSUN ALACAM+YAKAKENT;FAMTREC PAZARI;DİĞER FAMOTİDİN;61;81,33%;11;23,91%;24;100,00%;26;520,00%;;;;;;;;;;;;
SAMSUN;MEHMET AKIF OZGECEN;SAMSUN ALACAM+YAKAKENT;FAMTREC PAZARI;FAMOTİDİN PAZARI TOPLAM;75;100,00%;46;100,00%;24;100,00%;5;100,00%;;;;;;;;;;;;
SAMSUN;MEHMET AKIF OZGECEN;SAMSUN ATAKENT+19 MAYIS;PANTAPROZOL PAZARI;PANOCER TOPLAM;489;6,66%;55;0,89%;316;40,15%;118;30,41%;;;;;;;;;;;;
SAMSUN;MEHMET AKIF OZGECEN;SAMSUN ATAKENT+19 MAYIS;PANTAPROZOL PAZARI;PANTO;5.880;80,11%;5.674;92,04%;65;8,26%;141;36,34%;;;;;;;;;;;;
SAMSUN;MEHMET AKIF OZGECEN;SAMSUN ATAKENT+19 MAYIS;PANTAPROZOL PAZARI;PANTACTIVE;21;0,29%;6;0,10%;14;1,78%;1;0,26%;;;;;;;;;;;;
SAMSUN;MEHMET AKIF OZGECEN;SAMSUN ATAKENT+19 MAYIS;PANTAPROZOL PAZARI;DIGER PANTAPROZOLE;591;8,05%;399;6,47%;98;12,45%;94;24,23%;;;;;;;;;;;;
SAMSUN;MEHMET AKIF OZGECEN;SAMSUN ATAKENT+19 MAYIS;PANTAPROZOL PAZARI;PULCET;359;4,89%;31;0,50%;294;37,36%;34;8,76%;;;;;;;;;;;;
SAMSUN;MEHMET AKIF OZGECEN;SAMSUN ATAKENT+19 MAYIS;PANTAPROZOL PAZARI; PANTOPRAZOLE PAZARI TOPLAM;7.340;100,00%;6.165;100,00%;787;100,00%;388;100,00%;;;;;;;;;;;;
SAMSUN;MEHMET AKIF OZGECEN;SAMSUN ATAKENT+19 MAYIS;ACIDPASS PAZARI;ACIDPASS TOPLAM;490;25,79%;95;10,54%;129;31,46%;266;45,16%;;;;;;;;;;;;
SAMSUN;MEHMET AKIF OZGECEN;SAMSUN ATAKENT+19 MAYIS;ACIDPASS PAZARI;TRIGAST;81;4,26%;20;2,22%;37;9,02%;24;4,07%;;;;;;;;;;;;
SAMSUN;MEHMET AKIF OZGECEN;SAMSUN ATAKENT+19 MAYIS;ACIDPASS PAZARI;TALCID;239;12,58%;162;17,98%;44;10,73%;33;5,60%;;;;;;;;;;;;
SAMSUN;MEHMET AKIF OZGECEN;SAMSUN ATAKENT+19 MAYIS;ACIDPASS PAZARI;RENNIE;616;32,42%;260;28,86%;143;34,88%;213;36,16%;;;;;;;;;;;;
SAMSUN;MEHMET AKIF OZGECEN;SAMSUN ATAKENT+19 MAYIS;ACIDPASS PAZARI;DIGER ACIDPASS;-9;-0,47%;-20;-2,22%;4;0,98%;7;1,19%;;;;;;;;;;;;
SAMSUN;MEHMET AKIF OZGECEN;SAMSUN ATAKENT+19 MAYIS;ACIDPASS PAZARI;FAMODİN PLUS;483;25,42%;384;42,62%;53;12,93%;46;7,81%;;;;;;;;;;;;
SAMSUN;MEHMET AKIF OZGECEN;SAMSUN ATAKENT+19 MAYIS;ACIDPASS PAZARI; ACIDPASS PAZARI TOPLAM;1.900;100,00%;901;100,00%;410;100,00%;589;100,00%;;;;;;;;;;;;
SAMSUN;MEHMET AKIF OZGECEN;SAMSUN ATAKENT+19 MAYIS;MOKSİFLOKSASİN PAZARI;MOKSEFEN;111;32,84%;-;0,00%;109;76,22%;2;3,85%;;;;;;;;;;;;
SAMSUN;MEHMET AKIF OZGECEN;SAMSUN ATAKENT+19 MAYIS;MOKSİFLOKSASİN PAZARI;AVELOX;113;33,43%;47;32,87%;33;23,08%;33;63,46%;;;;;;;;;;;;
SAMSUN;MEHMET AKIF OZGECEN;SAMSUN ATAKENT+19 MAYIS;MOKSİFLOKSASİN PAZARI;MOXAI;112;33,14%;94;65,73%;1;0,70%;17;32,69%;;;;;;;;;;;;
SAMSUN;MEHMET AKIF OZGECEN;SAMSUN ATAKENT+19 MAYIS;MOKSİFLOKSASİN PAZARI;DİĞER MOKSİFLOKSASİN;2;0,59%;2;1,40%;-;0,00%;-;0,00%;;;;;;;;;;;;
SAMSUN;MEHMET AKIF OZGECEN;SAMSUN ATAKENT+19 MAYIS;MOKSİFLOKSASİN PAZARI;DİĞER LEVOFLOKSASİN;-;0,00%;-;0,00%;-;0,00%;-;0,00%;;;;;;;;;;;;
SAMSUN;MEHMET AKIF OZGECEN;SAMSUN ATAKENT+19 MAYIS;MOKSİFLOKSASİN PAZARI;MOKSİFLOKSASİN PAZARI TOPLAM;338;100,00%;143;100,00%;143;100,00%;52;100,00%;;;;;;;;;;;;
SAMSUN;MEHMET AKIF OZGECEN;SAMSUN ATAKENT+19 MAYIS;GRİPORT COLD PAZARI;A FERİN;1.025;21,93%;208;19,05%;141;11,08%;676;29,25%;;;;;;;;;;;;
SAMSUN;MEHMET AKIF OZGECEN;SAMSUN ATAKENT+19 MAYIS;GRİPORT COLD PAZARI;GRİPORT COLD;126;47,37%;43;3,94%;4;0,31%;79;3,42%;;;;;;;;;;;;
SAMSUN;MEHMET AKIF OZGECEN;SAMSUN ATAKENT+19 MAYIS;GRİPORT COLD PAZARI;KATARIN;239;5,11%;64;5,86%;113;8,88%;62;2,68%;;;;;;;;;;;;
SAMSUN;MEHMET AKIF OZGECEN;SAMSUN ATAKENT+19 MAYIS;GRİPORT COLD PAZARI;NUROFEN COLD FLUE;266;5,69%;95;8,70%;125;9,83%;46;1,99%;;;;;;;;;;;;
SAMSUN;MEHMET AKIF OZGECEN;SAMSUN ATAKENT+19 MAYIS;GRİPORT COLD PAZARI;OTHER COLD PREP;1.578;33,75%;385;35,26%;384;30,19%;809;35,01%;;;;;;;;;;;;
SAMSUN;MEHMET AKIF OZGECEN;SAMSUN ATAKENT+19 MAYIS;GRİPORT COLD PAZARI;OTHER COLD PREP - VIT C;1.412;30,20%;296;27,11%;483;37,97%;633;27,39%;;;;;;;;;;;;
SAMSUN;MEHMET AKIF OZGECEN;SAMSUN ATAKENT+19 MAYIS;GRİPORT COLD PAZARI;GRİBEX COLD FLUE;29;0,62%;1;0,09%;22;1,73%;6;0,26%;;;;;;;;;;;;
SAMSUN;MEHMET AKIF OZGECEN;SAMSUN ATAKENT+19 MAYIS;GRİPORT COLD PAZARI;GRIPORT COLD PAZARI TOPLAM;4.675;100,00%;1.092;100,00%;1.272;100,00%;2.311;100,00%;;;;;;;;;;;;
SAMSUN;MEHMET AKIF OZGECEN;SAMSUN ATAKENT+19 MAYIS;FAMTREC PAZARI;FAMTREC;32;15,46%;8;14,04%;20;21,98%;4;6,78%;;;;;;;;;;;;
SAMSUN;MEHMET AKIF OZGECEN;SAMSUN ATAKENT+19 MAYIS;FAMTREC PAZARI;BRUFEN;183;88,41%;49;85,96%;63;69,23%;71;120,34%;;;;;;;;;;;;
SAMSUN;MEHMET AKIF OZGECEN;SAMSUN ATAKENT+19 MAYIS;FAMTREC PAZARI;DİĞER FAMOTİDİN;20;9,66%;-;0,00%;8;8,79%;12;20,34%;;;;;;;;;;;;
SAMSUN;MEHMET AKIF OZGECEN;SAMSUN ATAKENT+19 MAYIS;FAMTREC PAZARI;FAMOTİDİN PAZARI TOPLAM;207;100,00%;57;100,00%;91;100,00%;59;100,00%;;;;;;;;;;;;
SAMSUN;MEHMET AKIF OZGECEN;SAMSUN ATAKUM;PANTAPROZOL PAZARI;PANOCER TOPLAM;155;4,00%;68;2,06%;77;18,64%;10;6,29%;;;;;;;;;;;;
SAMSUN;MEHMET AKIF OZGECEN;SAMSUN ATAKUM;PANTAPROZOL PAZARI;PANTO;3.284;84,68%;3.120;94,37%;110;26,63%;54;33,96%;;;;;;;;;;;;
SAMSUN;MEHMET AKIF OZGECEN;SAMSUN ATAKUM;PANTAPROZOL PAZARI;PANTACTIVE;25;0,64%;18;0,54%;7;1,69%;-;0,00%;;;;;;;;;;;;
SAMSUN;MEHMET AKIF OZGECEN;SAMSUN ATAKUM;PANTAPROZOL PAZARI;DIGER PANTAPROZOLE;224;5,78%;58;1,75%;96;23,24%;70;44,03%;;;;;;;;;;;;
SAMSUN;MEHMET AKIF OZGECEN;SAMSUN ATAKUM;PANTAPROZOL PAZARI;PULCET;190;4,90%;42;1,27%;123;29,78%;25;15,72%;;;;;;;;;;;;
SAMSUN;MEHMET AKIF OZGECEN;SAMSUN ATAKUM;PANTAPROZOL PAZARI; PANTOPRAZOLE PAZARI TOPLAM;3.878;100,00%;3.306;100,00%;413;100,00%;159;100,00%;;;;;;;;;;;;
SAMSUN;MEHMET AKIF OZGECEN;SAMSUN ATAKUM;ACIDPASS PAZARI;ACIDPASS TOPLAM;363;32,79%;43;17,84%;48;14,20%;272;51,52%;;;;;;;;;;;;
SAMSUN;MEHMET AKIF OZGECEN;SAMSUN ATAKUM;ACIDPASS PAZARI;TRIGAST;40;3,61%;3;1,24%;19;5,62%;18;3,41%;;;;;;;;;;;;
SAMSUN;MEHMET AKIF OZGECEN;SAMSUN ATAKUM;ACIDPASS PAZARI;TALCID;67;6,05%;35;14,52%;15;4,44%;17;3,22%;;;;;;;;;;;;
SAMSUN;MEHMET AKIF OZGECEN;SAMSUN ATAKUM;ACIDPASS PAZARI;RENNIE;522;47,15%;111;46,06%;210;62,13%;201;38,07%;;;;;;;;;;;;
SAMSUN;MEHMET AKIF OZGECEN;SAMSUN ATAKUM;ACIDPASS PAZARI;DIGER ACIDPASS;11;0,99%;6;2,49%;2;0,59%;3;0,57%;;;;;;;;;;;;
SAMSUN;MEHMET AKIF OZGECEN;SAMSUN ATAKUM;ACIDPASS PAZARI;FAMODİN PLUS;104;9,39%;43;17,84%;44;13,02%;17;3,22%;;;;;;;;;;;;
SAMSUN;MEHMET AKIF OZGECEN;SAMSUN ATAKUM;ACIDPASS PAZARI; ACIDPASS PAZARI TOPLAM;1.107;100,00%;241;100,00%;338;100,00%;528;100,00%;;;;;;;;;;;;
SAMSUN;MEHMET AKIF OZGECEN;SAMSUN ATAKUM;MOKSİFLOKSASİN PAZARI;MOKSEFEN;4;2,17%;-;0,00%;1;1,96%;3;6,12%;;;;;;;;;;;;
SAMSUN;MEHMET AKIF OZGECEN;SAMSUN ATAKUM;MOKSİFLOKSASİN PAZARI;AVELOX;137;74,46%;60;71,43%;39;76,47%;38;77,55%;;;;;;;;;;;;
SAMSUN;MEHMET AKIF OZGECEN;SAMSUN ATAKUM;MOKSİFLOKSASİN PAZARI;MOXAI;18;9,78%;4;4,76%;6;11,76%;8;16,33%;;;;;;;;;;;;
SAMSUN;MEHMET AKIF OZGECEN;SAMSUN ATAKUM;MOKSİFLOKSASİN PAZARI;DİĞER MOKSİFLOKSASİN;25;13,59%;20;23,81%;5;9,80%;-;0,00%;;;;;;;;;;;;
SAMSUN;MEHMET AKIF OZGECEN;SAMSUN ATAKUM;MOKSİFLOKSASİN PAZARI;DİĞER LEVOFLOKSASİN;-;0,00%;-;0,00%;-;0,00%;-;0,00%;;;;;;;;;;;;
SAMSUN;MEHMET AKIF OZGECEN;SAMSUN ATAKUM;MOKSİFLOKSASİN PAZARI;MOKSİFLOKSASİN PAZARI TOPLAM;184;100,00%;84;100,00%;51;100,00%;49;100,00%;;;;;;;;;;;;
SAMSUN;MEHMET AKIF OZGECEN;SAMSUN ATAKUM;GRİPORT COLD PAZARI;A FERİN;1.520;25,24%;80;6,72%;71;3,19%;1.369;52,57%;;;;;;;;;;;;
SAMSUN;MEHMET AKIF OZGECEN;SAMSUN ATAKUM;GRİPORT COLD PAZARI;GRİPORT COLD;82;6,32%;16;1,34%;10;0,45%;56;2,15%;;;;;;;;;;;;
SAMSUN;MEHMET AKIF OZGECEN;SAMSUN ATAKUM;GRİPORT COLD PAZARI;KATARIN;246;4,08%;46;3,86%;144;6,46%;56;2,15%;;;;;;;;;;;;
SAMSUN;MEHMET AKIF OZGECEN;SAMSUN ATAKUM;GRİPORT COLD PAZARI;NUROFEN COLD FLUE;1.297;21,53%;16;1,34%;1.166;52,33%;115;4,42%;;;;;;;;;;;;
SAMSUN;MEHMET AKIF OZGECEN;SAMSUN ATAKUM;GRİPORT COLD PAZARI;OTHER COLD PREP;1.453;24,12%;601;50,46%;585;26,26%;267;10,25%;;;;;;;;;;;;
SAMSUN;MEHMET AKIF OZGECEN;SAMSUN ATAKUM;GRİPORT COLD PAZARI;OTHER COLD PREP - VIT C;1.336;22,18%;419;35,18%;217;9,74%;700;26,88%;;;;;;;;;;;;
SAMSUN;MEHMET AKIF OZGECEN;SAMSUN ATAKUM;GRİPORT COLD PAZARI;GRİBEX COLD FLUE;89;1,48%;13;1,09%;35;1,57%;41;1,57%;;;;;;;;;;;;
SAMSUN;MEHMET AKIF OZGECEN;SAMSUN ATAKUM;GRİPORT COLD PAZARI;GRIPORT COLD PAZARI TOPLAM;6.023;100,00%;1.191;100,00%;2.228;100,00%;2.604;100,00%;;;;;;;;;;;;
SAMSUN;MEHMET AKIF OZGECEN;SAMSUN ATAKUM;FAMTREC PAZARI;FAMTREC;15;6,33%;1;2,13%;11;8,27%;3;5,26%;;;;;;;;;;;;
SAMSUN;MEHMET AKIF OZGECEN;SAMSUN ATAKUM;FAMTREC PAZARI;BRUFEN;269;113,50%;44;93,62%;114;85,71%;111;194,74%;;;;;;;;;;;;
SAMSUN;MEHMET AKIF OZGECEN;SAMSUN ATAKUM;FAMTREC PAZARI;DİĞER FAMOTİDİN;64;27,00%;2;4,26%;8;6,02%;54;94,74%;;;;;;;;;;;;
SAMSUN;MEHMET AKIF OZGECEN;SAMSUN ATAKUM;FAMTREC PAZARI;FAMOTİDİN PAZARI TOPLAM;237;100,00%;47;100,00%;133;100,00%;57;100,00%;;;;;;;;;;;;
SAMSUN;MEHMET AKIF OZGECEN;SAMSUN BAFRA;PANTAPROZOL PAZARI;PANOCER TOPLAM;834;12,90%;718;13,55%;70;10,54%;46;9,15%;;;;;;;;;;;;
SAMSUN;MEHMET AKIF OZGECEN;SAMSUN BAFRA;PANTAPROZOL PAZARI;PANTO;4.321;66,82%;4.157;78,43%;72;10,84%;92;18,29%;;;;;;;;;;;;
SAMSUN;MEHMET AKIF OZGECEN;SAMSUN BAFRA;PANTAPROZOL PAZARI;PANTACTIVE;210;3,25%;13;0,25%;25;3,77%;172;34,19%;;;;;;;;;;;;
SAMSUN;MEHMET AKIF OZGECEN;SAMSUN BAFRA;PANTAPROZOL PAZARI;DIGER PANTAPROZOLE;632;9,77%;243;4,58%;256;38,55%;133;26,44%;;;;;;;;;;;;
SAMSUN;MEHMET AKIF OZGECEN;SAMSUN BAFRA;PANTAPROZOL PAZARI;PULCET;470;7,27%;169;3,19%;241;36,30%;60;11,93%;;;;;;;;;;;;
SAMSUN;MEHMET AKIF OZGECEN;SAMSUN BAFRA;PANTAPROZOL PAZARI; PANTOPRAZOLE PAZARI TOPLAM;6.467;100,00%;5.300;100,00%;664;100,00%;503;100,00%;;;;;;;;;;;;
SAMSUN;MEHMET AKIF OZGECEN;SAMSUN BAFRA;ACIDPASS PAZARI;ACIDPASS TOPLAM;683;29,84%;91;13,98%;415;50,86%;177;21,53%;;;;;;;;;;;;
SAMSUN;MEHMET AKIF OZGECEN;SAMSUN BAFRA;ACIDPASS PAZARI;TRIGAST;342;14,94%;106;16,28%;212;25,98%;24;2,92%;;;;;;;;;;;;
SAMSUN;MEHMET AKIF OZGECEN;SAMSUN BAFRA;ACIDPASS PAZARI;TALCID;156;6,82%;41;6,30%;58;7,11%;57;6,93%;;;;;;;;;;;;
SAMSUN;MEHMET AKIF OZGECEN;SAMSUN BAFRA;ACIDPASS PAZARI;RENNIE;538;23,50%;174;26,73%;57;6,99%;307;37,35%;;;;;;;;;;;;
SAMSUN;MEHMET AKIF OZGECEN;SAMSUN BAFRA;ACIDPASS PAZARI;DIGER ACIDPASS;14;0,61%;2;0,31%;6;0,74%;6;0,73%;;;;;;;;;;;;
SAMSUN;MEHMET AKIF OZGECEN;SAMSUN BAFRA;ACIDPASS PAZARI;FAMODİN PLUS;556;24,29%;237;36,41%;68;8,33%;251;30,54%;;;;;;;;;;;;
SAMSUN;MEHMET AKIF OZGECEN;SAMSUN BAFRA;ACIDPASS PAZARI; ACIDPASS PAZARI TOPLAM;2.289;100,00%;651;100,00%;816;100,00%;822;100,00%;;;;;;;;;;;;
SAMSUN;MEHMET AKIF OZGECEN;SAMSUN BAFRA;MOKSİFLOKSASİN PAZARI;MOKSEFEN;143;17,65%;79;25,08%;19;7,39%;45;18,91%;;;;;;;;;;;;
SAMSUN;MEHMET AKIF OZGECEN;SAMSUN BAFRA;MOKSİFLOKSASİN PAZARI;AVELOX;50;6,17%;20;6,35%;8;3,11%;22;9,24%;;;;;;;;;;;;
SAMSUN;MEHMET AKIF OZGECEN;SAMSUN BAFRA;MOKSİFLOKSASİN PAZARI;MOXAI;593;73,21%;210;66,67%;230;89,49%;153;64,29%;;;;;;;;;;;;
SAMSUN;MEHMET AKIF OZGECEN;SAMSUN BAFRA;MOKSİFLOKSASİN PAZARI;DİĞER MOKSİFLOKSASİN;24;2,96%;6;1,90%;-;0,00%;18;7,56%;;;;;;;;;;;;
SAMSUN;MEHMET AKIF OZGECEN;SAMSUN BAFRA;MOKSİFLOKSASİN PAZARI;DİĞER LEVOFLOKSASİN;-;0,00%;-;0,00%;-;0,00%;-;0,00%;;;;;;;;;;;;
SAMSUN;MEHMET AKIF OZGECEN;SAMSUN BAFRA;MOKSİFLOKSASİN PAZARI;MOKSİFLOKSASİN PAZARI TOPLAM;810;100,00%;315;100,00%;257;100,00%;238;100,00%;;;;;;;;;;;;
SAMSUN;MEHMET AKIF OZGECEN;SAMSUN BAFRA;GRİPORT COLD PAZARI;A FERİN;1.220;22,33%;828;37,43%;164;8,96%;228;16,03%;;;;;;;;;;;;
SAMSUN;MEHMET AKIF OZGECEN;SAMSUN BAFRA;GRİPORT COLD PAZARI;GRİPORT COLD;81;10,67%;28;1,27%;25;1,37%;28;1,97%;;;;;;;;;;;;
SAMSUN;MEHMET AKIF OZGECEN;SAMSUN BAFRA;GRİPORT COLD PAZARI;KATARIN;291;5,33%;9;0,41%;242;13,22%;40;2,81%;;;;;;;;;;;;
SAMSUN;MEHMET AKIF OZGECEN;SAMSUN BAFRA;GRİPORT COLD PAZARI;NUROFEN COLD FLUE;759;13,89%;162;7,32%;560;30,60%;37;2,60%;;;;;;;;;;;;
SAMSUN;MEHMET AKIF OZGECEN;SAMSUN BAFRA;GRİPORT COLD PAZARI;OTHER COLD PREP;1.490;27,27%;597;26,99%;491;26,83%;402;28,27%;;;;;;;;;;;;
SAMSUN;MEHMET AKIF OZGECEN;SAMSUN BAFRA;GRİPORT COLD PAZARI;OTHER COLD PREP - VIT C;1.560;28,55%;588;26,58%;322;17,60%;650;45,71%;;;;;;;;;;;;
SAMSUN;MEHMET AKIF OZGECEN;SAMSUN BAFRA;GRİPORT COLD PAZARI;GRİBEX COLD FLUE;63;1,15%;-;0,00%;26;1,42%;37;2,60%;;;;;;;;;;;;
SAMSUN;MEHMET AKIF OZGECEN;SAMSUN BAFRA;GRİPORT COLD PAZARI;GRIPORT COLD PAZARI TOPLAM;5.464;100,00%;2.212;100,00%;1.830;100,00%;1.422;100,00%;;;;;;;;;;;;
SAMSUN;MEHMET AKIF OZGECEN;SAMSUN BAFRA;FAMTREC PAZARI;FAMTREC;2;0,45%;1;0,45%;-;0,00%;1;1,47%;;;;;;;;;;;;
SAMSUN;MEHMET AKIF OZGECEN;SAMSUN BAFRA;FAMTREC PAZARI;BRUFEN;415;93,89%;153;68,92%;141;92,76%;121;177,94%;;;;;;;;;;;;
SAMSUN;MEHMET AKIF OZGECEN;SAMSUN BAFRA;FAMTREC PAZARI;DİĞER FAMOTİDİN;132;29,86%;68;30,63%;11;7,24%;53;77,94%;;;;;;;;;;;;
SAMSUN;MEHMET AKIF OZGECEN;SAMSUN BAFRA;FAMTREC PAZARI;FAMOTİDİN PAZARI TOPLAM;442;100,00%;222;100,00%;152;100,00%;68;100,00%;;;;;;;;;;;;
SAMSUN;ENIS TOK;SAMSUN BAHCELIEVLER;PANTAPROZOL PAZARI;PANOCER TOPLAM;4;0,38%;4;0,54%;-;0,00%;-;0,00%;;;;;;;;;;;;
SAMSUN;ENIS TOK;SAMSUN BAHCELIEVLER;PANTAPROZOL PAZARI;PANTO;764;71,67%;716;96,50%;40;17,24%;8;8,70%;;;;;;;;;;;;
SAMSUN;ENIS TOK;SAMSUN BAHCELIEVLER;PANTAPROZOL PAZARI;PANTACTIVE;13;1,22%;-;0,00%;7;3,02%;6;6,52%;;;;;;;;;;;;
SAMSUN;ENIS TOK;SAMSUN BAHCELIEVLER;PANTAPROZOL PAZARI;DIGER PANTAPROZOLE;73;6,85%;10;1,35%;26;11,21%;37;40,22%;;;;;;;;;;;;
SAMSUN;ENIS TOK;SAMSUN BAHCELIEVLER;PANTAPROZOL PAZARI;PULCET;212;19,89%;12;1,62%;159;68,53%;41;44,57%;;;;;;;;;;;;
SAMSUN;ENIS TOK;SAMSUN BAHCELIEVLER;PANTAPROZOL PAZARI; PANTOPRAZOLE PAZARI TOPLAM;1.066;100,00%;742;100,00%;232;100,00%;92;100,00%;;;;;;;;;;;;
SAMSUN;ENIS TOK;SAMSUN BAHCELIEVLER;ACIDPASS PAZARI;ACIDPASS TOPLAM;59;15,65%;11;28,95%;33;16,58%;15;10,71%;;;;;;;;;;;;
SAMSUN;ENIS TOK;SAMSUN BAHCELIEVLER;ACIDPASS PAZARI;TRIGAST;8;2,12%;5;13,16%;3;1,51%;-;0,00%;;;;;;;;;;;;
SAMSUN;ENIS TOK;SAMSUN BAHCELIEVLER;ACIDPASS PAZARI;TALCID;46;12,20%;-;0,00%;21;10,55%;25;17,86%;;;;;;;;;;;;
SAMSUN;ENIS TOK;SAMSUN BAHCELIEVLER;ACIDPASS PAZARI;RENNIE;240;63,66%;21;55,26%;128;64,32%;91;65,00%;;;;;;;;;;;;
SAMSUN;ENIS TOK;SAMSUN BAHCELIEVLER;ACIDPASS PAZARI;DIGER ACIDPASS;7;1,86%;-;0,00%;1;0,50%;6;4,29%;;;;;;;;;;;;
SAMSUN;ENIS TOK;SAMSUN BAHCELIEVLER;ACIDPASS PAZARI;FAMODİN PLUS;17;4,51%;1;2,63%;13;6,53%;3;2,14%;;;;;;;;;;;;
SAMSUN;ENIS TOK;SAMSUN BAHCELIEVLER;ACIDPASS PAZARI; ACIDPASS PAZARI TOPLAM;377;100,00%;38;100,00%;199;100,00%;140;100,00%;;;;;;;;;;;;
SAMSUN;ENIS TOK;SAMSUN BAHCELIEVLER;MOKSİFLOKSASİN PAZARI;MOKSEFEN;-;0,00%;-;0,00%;-;0,00%;-;0,00%;;;;;;;;;;;;
SAMSUN;ENIS TOK;SAMSUN BAHCELIEVLER;MOKSİFLOKSASİN PAZARI;AVELOX;54;51,92%;6;54,55%;18;66,67%;30;45,45%;;;;;;;;;;;;
SAMSUN;ENIS TOK;SAMSUN BAHCELIEVLER;MOKSİFLOKSASİN PAZARI;MOXAI;17;16,35%;4;36,36%;9;33,33%;4;6,06%;;;;;;;;;;;;
SAMSUN;ENIS TOK;SAMSUN BAHCELIEVLER;MOKSİFLOKSASİN PAZARI;DİĞER MOKSİFLOKSASİN;33;31,73%;1;9,09%;-;0,00%;32;48,48%;;;;;;;;;;;;
SAMSUN;ENIS TOK;SAMSUN BAHCELIEVLER;MOKSİFLOKSASİN PAZARI;DİĞER LEVOFLOKSASİN;-;0,00%;-;0,00%;-;0,00%;-;0,00%;;;;;;;;;;;;
SAMSUN;ENIS TOK;SAMSUN BAHCELIEVLER;MOKSİFLOKSASİN PAZARI;MOKSİFLOKSASİN PAZARI TOPLAM;104;100,00%;11;100,00%;27;100,00%;66;100,00%;;;;;;;;;;;;
SAMSUN;ENIS TOK;SAMSUN BAHCELIEVLER;GRİPORT COLD PAZARI;A FERİN;352;23,48%;32;10,56%;136;23,99%;184;29,25%;;;;;;;;;;;;
SAMSUN;ENIS TOK;SAMSUN BAHCELIEVLER;GRİPORT COLD PAZARI;GRİPORT COLD;10;6,33%;-;0,00%;1;0,18%;9;1,43%;;;;;;;;;;;;
SAMSUN;ENIS TOK;SAMSUN BAHCELIEVLER;GRİPORT COLD PAZARI;KATARIN;49;3,27%;11;3,63%;25;4,41%;13;2,07%;;;;;;;;;;;;
SAMSUN;ENIS TOK;SAMSUN BAHCELIEVLER;GRİPORT COLD PAZARI;NUROFEN COLD FLUE;158;10,54%;12;3,96%;100;17,64%;46;7,31%;;;;;;;;;;;;
SAMSUN;ENIS TOK;SAMSUN BAHCELIEVLER;GRİPORT COLD PAZARI;OTHER COLD PREP;485;32,35%;158;52,15%;189;33,33%;138;21,94%;;;;;;;;;;;;
SAMSUN;ENIS TOK;SAMSUN BAHCELIEVLER;GRİPORT COLD PAZARI;OTHER COLD PREP - VIT C;411;27,42%;85;28,05%;102;17,99%;224;35,61%;;;;;;;;;;;;
SAMSUN;ENIS TOK;SAMSUN BAHCELIEVLER;GRİPORT COLD PAZARI;GRİBEX COLD FLUE;34;2,27%;5;1,65%;14;2,47%;15;2,38%;;;;;;;;;;;;
SAMSUN;ENIS TOK;SAMSUN BAHCELIEVLER;GRİPORT COLD PAZARI;GRIPORT COLD PAZARI TOPLAM;1.499;100,00%;303;100,00%;567;100,00%;629;100,00%;;;;;;;;;;;;
SAMSUN;ENIS TOK;SAMSUN BAHCELIEVLER;FAMTREC PAZARI;FAMTREC;2;2,50%;2;22,22%;-;0,00%;-;0,00%;;;;;;;;;;;;
SAMSUN;ENIS TOK;SAMSUN BAHCELIEVLER;FAMTREC PAZARI;BRUFEN;88;110,00%;6;66,67%;31;100,00%;51;127,50%;;;;;;;;;;;;
SAMSUN;ENIS TOK;SAMSUN BAHCELIEVLER;FAMTREC PAZARI;DİĞER FAMOTİDİN;12;15,00%;1;11,11%;-;0,00%;11;27,50%;;;;;;;;;;;;
SAMSUN;ENIS TOK;SAMSUN BAHCELIEVLER;FAMTREC PAZARI;FAMOTİDİN PAZARI TOPLAM;80;100,00%;9;100,00%;31;100,00%;40;100,00%;;;;;;;;;;;;
SAMSUN;MEHMET AKIF OZGECEN;SAMSUN CANIK;PANTAPROZOL PAZARI;PANOCER TOPLAM;16;0,62%;13;0,56%;3;1,66%;-;0,00%;;;;;;;;;;;;
SAMSUN;MEHMET AKIF OZGECEN;SAMSUN CANIK;PANTAPROZOL PAZARI;PANTO;2.336;89,81%;2.243;96,76%;37;20,44%;56;54,90%;;;;;;;;;;;;
SAMSUN;MEHMET AKIF OZGECEN;SAMSUN CANIK;PANTAPROZOL PAZARI;PANTACTIVE;38;1,46%;6;0,26%;30;16,57%;2;1,96%;;;;;;;;;;;;
SAMSUN;MEHMET AKIF OZGECEN;SAMSUN CANIK;PANTAPROZOL PAZARI;DIGER PANTAPROZOLE;134;5,15%;27;1,16%;76;41,99%;31;30,39%;;;;;;;;;;;;
SAMSUN;MEHMET AKIF OZGECEN;SAMSUN CANIK;PANTAPROZOL PAZARI;PULCET;77;2,96%;29;1,25%;35;19,34%;13;12,75%;;;;;;;;;;;;
SAMSUN;MEHMET AKIF OZGECEN;SAMSUN CANIK;PANTAPROZOL PAZARI; PANTOPRAZOLE PAZARI TOPLAM;2.601;100,00%;2.318;100,00%;181;100,00%;102;100,00%;;;;;;;;;;;;
SAMSUN;MEHMET AKIF OZGECEN;SAMSUN CANIK;ACIDPASS PAZARI;ACIDPASS TOPLAM;50;6,33%;8;2,37%;18;7,23%;24;11,82%;;;;;;;;;;;;
SAMSUN;MEHMET AKIF OZGECEN;SAMSUN CANIK;ACIDPASS PAZARI;TRIGAST;113;14,30%;25;7,40%;39;15,66%;49;24,14%;;;;;;;;;;;;
SAMSUN;MEHMET AKIF OZGECEN;SAMSUN CANIK;ACIDPASS PAZARI;TALCID;163;20,63%;4;1,18%;74;29,72%;85;41,87%;;;;;;;;;;;;
SAMSUN;MEHMET AKIF OZGECEN;SAMSUN CANIK;ACIDPASS PAZARI;RENNIE;312;39,49%;258;76,33%;44;17,67%;10;4,93%;;;;;;;;;;;;
SAMSUN;MEHMET AKIF OZGECEN;SAMSUN CANIK;ACIDPASS PAZARI;DIGER ACIDPASS;1;0,13%;-;0,00%;-;0,00%;1;0,49%;;;;;;;;;;;;
SAMSUN;MEHMET AKIF OZGECEN;SAMSUN CANIK;ACIDPASS PAZARI;FAMODİN PLUS;151;19,11%;43;12,72%;74;29,72%;34;16,75%;;;;;;;;;;;;
SAMSUN;MEHMET AKIF OZGECEN;SAMSUN CANIK;ACIDPASS PAZARI; ACIDPASS PAZARI TOPLAM;790;100,00%;338;100,00%;249;100,00%;203;100,00%;;;;;;;;;;;;
SAMSUN;MEHMET AKIF OZGECEN;SAMSUN CANIK;MOKSİFLOKSASİN PAZARI;MOKSEFEN;6;5,45%;-;0,00%;6;25,00%;-;0,00%;;;;;;;;;;;;
SAMSUN;MEHMET AKIF OZGECEN;SAMSUN CANIK;MOKSİFLOKSASİN PAZARI;AVELOX;68;61,82%;29;85,29%;18;75,00%;21;40,38%;;;;;;;;;;;;
SAMSUN;MEHMET AKIF OZGECEN;SAMSUN CANIK;MOKSİFLOKSASİN PAZARI;MOXAI;8;7,27%;5;14,71%;-;0,00%;3;5,77%;;;;;;;;;;;;
SAMSUN;MEHMET AKIF OZGECEN;SAMSUN CANIK;MOKSİFLOKSASİN PAZARI;DİĞER MOKSİFLOKSASİN;28;25,45%;-;0,00%;-;0,00%;28;53,85%;;;;;;;;;;;;
SAMSUN;MEHMET AKIF OZGECEN;SAMSUN CANIK;MOKSİFLOKSASİN PAZARI;DİĞER LEVOFLOKSASİN;-;0,00%;-;0,00%;-;0,00%;-;0,00%;;;;;;;;;;;;
SAMSUN;MEHMET AKIF OZGECEN;SAMSUN CANIK;MOKSİFLOKSASİN PAZARI;MOKSİFLOKSASİN PAZARI TOPLAM;110;100,00%;34;100,00%;24;100,00%;52;100,00%;;;;;;;;;;;;
SAMSUN;MEHMET AKIF OZGECEN;SAMSUN CANIK;GRİPORT COLD PAZARI;A FERİN;587;18,46%;40;6,03%;492;37,99%;55;4,50%;;;;;;;;;;;;
SAMSUN;MEHMET AKIF OZGECEN;SAMSUN CANIK;GRİPORT COLD PAZARI;GRİPORT COLD;90;53,57%;15;2,26%;45;3,47%;30;2,46%;;;;;;;;;;;;
SAMSUN;MEHMET AKIF OZGECEN;SAMSUN CANIK;GRİPORT COLD PAZARI;KATARIN;232;7,30%;65;9,80%;113;8,73%;54;4,42%;;;;;;;;;;;;
SAMSUN;MEHMET AKIF OZGECEN;SAMSUN CANIK;GRİPORT COLD PAZARI;NUROFEN COLD FLUE;168;5,28%;2;0,30%;60;4,63%;106;8,67%;;;;;;;;;;;;
SAMSUN;MEHMET AKIF OZGECEN;SAMSUN CANIK;GRİPORT COLD PAZARI;OTHER COLD PREP;1.144;35,97%;350;52,79%;262;20,23%;532;43,54%;;;;;;;;;;;;
SAMSUN;MEHMET AKIF OZGECEN;SAMSUN CANIK;GRİPORT COLD PAZARI;OTHER COLD PREP - VIT C;883;27,77%;177;26,70%;290;22,39%;416;34,04%;;;;;;;;;;;;
SAMSUN;MEHMET AKIF OZGECEN;SAMSUN CANIK;GRİPORT COLD PAZARI;GRİBEX COLD FLUE;76;2,39%;14;2,11%;33;2,55%;29;2,37%;;;;;;;;;;;;
SAMSUN;MEHMET AKIF OZGECEN;SAMSUN CANIK;GRİPORT COLD PAZARI;GRIPORT COLD PAZARI TOPLAM;3.180;100,00%;663;100,00%;1.295;100,00%;1.222;100,00%;;;;;;;;;;;;
SAMSUN;MEHMET AKIF OZGECEN;SAMSUN CANIK;FAMTREC PAZARI;FAMTREC;37;26,24%;-;0,00%;-;0,00%;37;63,79%;;;;;;;;;;;;
SAMSUN;MEHMET AKIF OZGECEN;SAMSUN CANIK;FAMTREC PAZARI;BRUFEN;143;101,42%;24;85,71%;20;36,36%;99;170,69%;;;;;;;;;;;;
SAMSUN;MEHMET AKIF OZGECEN;SAMSUN CANIK;FAMTREC PAZARI;DİĞER FAMOTİDİN;80;56,74%;4;14,29%;35;63,64%;41;70,69%;;;;;;;;;;;;
SAMSUN;MEHMET AKIF OZGECEN;SAMSUN CANIK;FAMTREC PAZARI;FAMOTİDİN PAZARI TOPLAM;141;100,00%;28;100,00%;55;100,00%;58;100,00%;;;;;;;;;;;;
SAMSUN;ENIS TOK;SAMSUN DOGU ILCELER;PANTAPROZOL PAZARI;PANOCER TOPLAM;57;1,44%;2;0,09%;33;3,21%;22;3,72%;;;;;;;;;;;;
SAMSUN;ENIS TOK;SAMSUN DOGU ILCELER;PANTAPROZOL PAZARI;PANTO;2.307;58,23%;1.926;82,20%;196;19,07%;185;31,30%;;;;;;;;;;;;
SAMSUN;ENIS TOK;SAMSUN DOGU ILCELER;PANTAPROZOL PAZARI;PANTACTIVE;351;8,86%;82;3,50%;76;7,39%;193;32,66%;;;;;;;;;;;;
SAMSUN;ENIS TOK;SAMSUN DOGU ILCELER;PANTAPROZOL PAZARI;DIGER PANTAPROZOLE;947;23,90%;311;13,27%;521;50,68%;115;19,46%;;;;;;;;;;;;
SAMSUN;ENIS TOK;SAMSUN DOGU ILCELER;PANTAPROZOL PAZARI;PULCET;300;7,57%;22;0,94%;202;19,65%;76;12,86%;;;;;;;;;;;;
SAMSUN;ENIS TOK;SAMSUN DOGU ILCELER;PANTAPROZOL PAZARI; PANTOPRAZOLE PAZARI TOPLAM;3.962;100,00%;2.343;100,00%;1.028;100,00%;591;100,00%;;;;;;;;;;;;
SAMSUN;ENIS TOK;SAMSUN DOGU ILCELER;ACIDPASS PAZARI;ACIDPASS TOPLAM;168;13,80%;68;14,72%;30;15,15%;70;12,57%;;;;;;;;;;;;
SAMSUN;ENIS TOK;SAMSUN DOGU ILCELER;ACIDPASS PAZARI;TRIGAST;166;13,64%;42;9,09%;25;12,63%;99;17,77%;;;;;;;;;;;;
SAMSUN;ENIS TOK;SAMSUN DOGU ILCELER;ACIDPASS PAZARI;TALCID;205;16,84%;33;7,14%;25;12,63%;147;26,39%;;;;;;;;;;;;
SAMSUN;ENIS TOK;SAMSUN DOGU ILCELER;ACIDPASS PAZARI;RENNIE;523;42,97%;177;38,31%;115;58,08%;231;41,47%;;;;;;;;;;;;
SAMSUN;ENIS TOK;SAMSUN DOGU ILCELER;ACIDPASS PAZARI;DIGER ACIDPASS;-36;-2,96%;-36;-7,79%;-;0,00%;-;0,00%;;;;;;;;;;;;
SAMSUN;ENIS TOK;SAMSUN DOGU ILCELER;ACIDPASS PAZARI;FAMODİN PLUS;191;15,69%;178;38,53%;3;1,52%;10;1,80%;;;;;;;;;;;;
SAMSUN;ENIS TOK;SAMSUN DOGU ILCELER;ACIDPASS PAZARI; ACIDPASS PAZARI TOPLAM;1.217;100,00%;462;100,00%;198;100,00%;557;100,00%;;;;;;;;;;;;
SAMSUN;ENIS TOK;SAMSUN DOGU ILCELER;MOKSİFLOKSASİN PAZARI;MOKSEFEN;190;62,30%;13;16,46%;134;83,23%;43;66,15%;;;;;;;;;;;;
SAMSUN;ENIS TOK;SAMSUN DOGU ILCELER;MOKSİFLOKSASİN PAZARI;AVELOX;63;20,66%;25;31,65%;18;11,18%;20;30,77%;;;;;;;;;;;;
SAMSUN;ENIS TOK;SAMSUN DOGU ILCELER;MOKSİFLOKSASİN PAZARI;MOXAI;39;12,79%;36;45,57%;2;1,24%;1;1,54%;;;;;;;;;;;;
SAMSUN;ENIS TOK;SAMSUN DOGU ILCELER;MOKSİFLOKSASİN PAZARI;DİĞER MOKSİFLOKSASİN;13;4,26%;5;6,33%;7;4,35%;1;1,54%;;;;;;;;;;;;
SAMSUN;ENIS TOK;SAMSUN DOGU ILCELER;MOKSİFLOKSASİN PAZARI;DİĞER LEVOFLOKSASİN;-;0,00%;-;0,00%;-;0,00%;-;0,00%;;;;;;;;;;;;
SAMSUN;ENIS TOK;SAMSUN DOGU ILCELER;MOKSİFLOKSASİN PAZARI;MOKSİFLOKSASİN PAZARI TOPLAM;305;100,00%;79;100,00%;161;100,00%;65;100,00%;;;;;;;;;;;;
SAMSUN;ENIS TOK;SAMSUN DOGU ILCELER;GRİPORT COLD PAZARI;A FERİN;1.926;43,48%;260;32,50%;455;26,45%;1.211;63,40%;;;;;;;;;;;;
SAMSUN;ENIS TOK;SAMSUN DOGU ILCELER;GRİPORT COLD PAZARI;GRİPORT COLD;104;25,68%;-;0,00%;33;1,92%;71;3,72%;;;;;;;;;;;;
SAMSUN;ENIS TOK;SAMSUN DOGU ILCELER;GRİPORT COLD PAZARI;KATARIN;143;3,23%;39;4,88%;79;4,59%;25;1,31%;;;;;;;;;;;;
SAMSUN;ENIS TOK;SAMSUN DOGU ILCELER;GRİPORT COLD PAZARI;NUROFEN COLD FLUE;405;9,14%;34;4,25%;347;20,17%;24;1,26%;;;;;;;;;;;;
SAMSUN;ENIS TOK;SAMSUN DOGU ILCELER;GRİPORT COLD PAZARI;OTHER COLD PREP;851;19,21%;185;23,12%;317;18,43%;349;18,27%;;;;;;;;;;;;
SAMSUN;ENIS TOK;SAMSUN DOGU ILCELER;GRİPORT COLD PAZARI;OTHER COLD PREP - VIT C;638;14,40%;142;17,75%;296;17,21%;200;10,47%;;;;;;;;;;;;
SAMSUN;ENIS TOK;SAMSUN DOGU ILCELER;GRİPORT COLD PAZARI;GRİBEX COLD FLUE;363;8,19%;140;17,50%;193;11,22%;30;1,57%;;;;;;;;;;;;
SAMSUN;ENIS TOK;SAMSUN DOGU ILCELER;GRİPORT COLD PAZARI;GRIPORT COLD PAZARI TOPLAM;4.430;100,00%;800;100,00%;1.720;100,00%;1.910;100,00%;;;;;;;;;;;;
SAMSUN;ENIS TOK;SAMSUN DOGU ILCELER;FAMTREC PAZARI;FAMTREC;47;13,70%;13;11,21%;32;17,58%;2;4,44%;;;;;;;;;;;;
SAMSUN;ENIS TOK;SAMSUN DOGU ILCELER;FAMTREC PAZARI;BRUFEN;260;75,80%;103;88,79%;91;50,00%;66;146,67%;;;;;;;;;;;;
SAMSUN;ENIS TOK;SAMSUN DOGU ILCELER;FAMTREC PAZARI;DİĞER FAMOTİDİN;80;23,32%;-;0,00%;59;32,42%;21;46,67%;;;;;;;;;;;;
SAMSUN;ENIS TOK;SAMSUN DOGU ILCELER;FAMTREC PAZARI;FAMOTİDİN PAZARI TOPLAM;343;100,00%;116;100,00%;182;100,00%;45;100,00%;;;;;;;;;;;;
SAMSUN;ENIS TOK;SAMSUN DOGU ILCELER - 2;PANTAPROZOL PAZARI;PANOCER TOPLAM;185;3,13%;26;0,67%;146;12,38%;13;1,57%;;;;;;;;;;;;
SAMSUN;ENIS TOK;SAMSUN DOGU ILCELER - 2;PANTAPROZOL PAZARI;PANTO;3.104;52,58%;2.605;66,83%;159;13,49%;340;41,16%;;;;;;;;;;;;
SAMSUN;ENIS TOK;SAMSUN DOGU ILCELER - 2;PANTAPROZOL PAZARI;PANTACTIVE;267;4,52%;103;2,64%;53;4,50%;111;13,44%;;;;;;;;;;;;
SAMSUN;ENIS TOK;SAMSUN DOGU ILCELER - 2;PANTAPROZOL PAZARI;DIGER PANTAPROZOLE;1.920;32,53%;1.074;27,55%;550;46,65%;296;35,84%;;;;;;;;;;;;
SAMSUN;ENIS TOK;SAMSUN DOGU ILCELER - 2;PANTAPROZOL PAZARI;PULCET;427;7,23%;90;2,31%;271;22,99%;66;7,99%;;;;;;;;;;;;
SAMSUN;ENIS TOK;SAMSUN DOGU ILCELER - 2;PANTAPROZOL PAZARI; PANTOPRAZOLE PAZARI TOPLAM;5.903;100,00%;3.898;100,00%;1.179;100,00%;826;100,00%;;;;;;;;;;;;
SAMSUN;ENIS TOK;SAMSUN DOGU ILCELER - 2;ACIDPASS PAZARI;ACIDPASS TOPLAM;203;8,58%;62;4,44%;59;17,10%;82;13,12%;;;;;;;;;;;;
SAMSUN;ENIS TOK;SAMSUN DOGU ILCELER - 2;ACIDPASS PAZARI;TRIGAST;95;4,02%;14;1,00%;12;3,48%;69;11,04%;;;;;;;;;;;;
SAMSUN;ENIS TOK;SAMSUN DOGU ILCELER - 2;ACIDPASS PAZARI;TALCID;290;12,26%;116;8,32%;77;22,32%;97;15,52%;;;;;;;;;;;;
SAMSUN;ENIS TOK;SAMSUN DOGU ILCELER - 2;ACIDPASS PAZARI;RENNIE;574;24,27%;211;15,13%;120;34,78%;243;38,88%;;;;;;;;;;;;
SAMSUN;ENIS TOK;SAMSUN DOGU ILCELER - 2;ACIDPASS PAZARI;DIGER ACIDPASS;8;0,34%;-;0,00%;-;0,00%;8;1,28%;;;;;;;;;;;;
SAMSUN;ENIS TOK;SAMSUN DOGU ILCELER - 2;ACIDPASS PAZARI;FAMODİN PLUS;1.195;50,53%;992;71,11%;77;22,32%;126;20,16%;;;;;;;;;;;;
SAMSUN;ENIS TOK;SAMSUN DOGU ILCELER - 2;ACIDPASS PAZARI; ACIDPASS PAZARI TOPLAM;2.365;100,00%;1.395;100,00%;345;100,00%;625;100,00%;;;;;;;;;;;;
SAMSUN;ENIS TOK;SAMSUN DOGU ILCELER - 2;MOKSİFLOKSASİN PAZARI;MOKSEFEN;68;21,86%;12;7,69%;50;41,32%;6;17,65%;;;;;;;;;;;;
SAMSUN;ENIS TOK;SAMSUN DOGU ILCELER - 2;MOKSİFLOKSASİN PAZARI;AVELOX;44;14,15%;8;5,13%;24;19,83%;12;35,29%;;;;;;;;;;;;
SAMSUN;ENIS TOK;SAMSUN DOGU ILCELER - 2;MOKSİFLOKSASİN PAZARI;MOXAI;199;63,99%;136;87,18%;47;38,84%;16;47,06%;;;;;;;;;;;;
SAMSUN;ENIS TOK;SAMSUN DOGU ILCELER - 2;MOKSİFLOKSASİN PAZARI;DİĞER MOKSİFLOKSASİN;-;0,00%;-;0,00%;-;0,00%;-;0,00%;;;;;;;;;;;;
SAMSUN;ENIS TOK;SAMSUN DOGU ILCELER - 2;MOKSİFLOKSASİN PAZARI;DİĞER LEVOFLOKSASİN;-;0,00%;-;0,00%;-;0,00%;-;0,00%;;;;;;;;;;;;
SAMSUN;ENIS TOK;SAMSUN DOGU ILCELER - 2;MOKSİFLOKSASİN PAZARI;MOKSİFLOKSASİN PAZARI TOPLAM;311;100,00%;156;100,00%;121;100,00%;34;100,00%;;;;;;;;;;;;
SAMSUN;ENIS TOK;SAMSUN DOGU ILCELER - 2;GRİPORT COLD PAZARI;A FERİN;969;17,26%;408;21,35%;348;15,20%;213;15,09%;;;;;;;;;;;;
SAMSUN;ENIS TOK;SAMSUN DOGU ILCELER - 2;GRİPORT COLD PAZARI;GRİPORT COLD;128;35,75%;35;1,83%;11;0,48%;82;5,81%;;;;;;;;;;;;
SAMSUN;ENIS TOK;SAMSUN DOGU ILCELER - 2;GRİPORT COLD PAZARI;KATARIN;485;8,64%;229;11,98%;148;6,46%;108;7,65%;;;;;;;;;;;;
SAMSUN;ENIS TOK;SAMSUN DOGU ILCELER - 2;GRİPORT COLD PAZARI;NUROFEN COLD FLUE;358;6,38%;45;2,35%;135;5,90%;178;12,61%;;;;;;;;;;;;
SAMSUN;ENIS TOK;SAMSUN DOGU ILCELER - 2;GRİPORT COLD PAZARI;OTHER COLD PREP;2.034;36,24%;787;41,18%;719;31,40%;528;37,39%;;;;;;;;;;;;
SAMSUN;ENIS TOK;SAMSUN DOGU ILCELER - 2;GRİPORT COLD PAZARI;OTHER COLD PREP - VIT C;716;12,76%;237;12,40%;259;11,31%;220;15,58%;;;;;;;;;;;;
SAMSUN;ENIS TOK;SAMSUN DOGU ILCELER - 2;GRİPORT COLD PAZARI;GRİBEX COLD FLUE;923;16,44%;170;8,90%;670;29,26%;83;5,88%;;;;;;;;;;;;
SAMSUN;ENIS TOK;SAMSUN DOGU ILCELER - 2;GRİPORT COLD PAZARI;GRIPORT COLD PAZARI TOPLAM;5.613;100,00%;1.911;100,00%;2.290;100,00%;1.412;100,00%;;;;;;;;;;;;
SAMSUN;ENIS TOK;SAMSUN DOGU ILCELER - 2;FAMTREC PAZARI;FAMTREC;105;16,18%;29;8,12%;51;19,92%;25;69,44%;;;;;;;;;;;;
SAMSUN;ENIS TOK;SAMSUN DOGU ILCELER - 2;FAMTREC PAZARI;BRUFEN;759;116,95%;323;90,48%;185;72,27%;251;697,22%;;;;;;;;;;;;
SAMSUN;ENIS TOK;SAMSUN DOGU ILCELER - 2;FAMTREC PAZARI;DİĞER FAMOTİDİN;240;36,98%;5;1,40%;20;7,81%;215;597,22%;;;;;;;;;;;;
SAMSUN;ENIS TOK;SAMSUN DOGU ILCELER - 2;FAMTREC PAZARI;FAMOTİDİN PAZARI TOPLAM;649;100,00%;357;100,00%;256;100,00%;36;100,00%;;;;;;;;;;;;
SAMSUN;ENIS TOK;SAMSUN HAVZA+KAVAK+LADIK;PANTAPROZOL PAZARI;PANOCER TOPLAM;123;2,99%;68;2,21%;42;5,50%;13;4,76%;;;;;;;;;;;;
SAMSUN;ENIS TOK;SAMSUN HAVZA+KAVAK+LADIK;PANTAPROZOL PAZARI;PANTO;2.405;58,47%;2.295;74,61%;30;3,93%;80;29,30%;;;;;;;;;;;;
SAMSUN;ENIS TOK;SAMSUN HAVZA+KAVAK+LADIK;PANTAPROZOL PAZARI;PANTACTIVE;-;0,00%;-;0,00%;-;0,00%;-;0,00%;;;;;;;;;;;;
SAMSUN;ENIS TOK;SAMSUN HAVZA+KAVAK+LADIK;PANTAPROZOL PAZARI;DIGER PANTAPROZOLE;906;22,03%;589;19,15%;204;26,70%;113;41,39%;;;;;;;;;;;;
SAMSUN;ENIS TOK;SAMSUN HAVZA+KAVAK+LADIK;PANTAPROZOL PAZARI;PULCET;679;16,51%;124;4,03%;488;63,87%;67;24,54%;;;;;;;;;;;;
SAMSUN;ENIS TOK;SAMSUN HAVZA+KAVAK+LADIK;PANTAPROZOL PAZARI; PANTOPRAZOLE PAZARI TOPLAM;4.113;100,00%;3.076;100,00%;764;100,00%;273;100,00%;;;;;;;;;;;;
SAMSUN;ENIS TOK;SAMSUN HAVZA+KAVAK+LADIK;ACIDPASS PAZARI;ACIDPASS TOPLAM;85;12,94%;61;22,59%;14;12,39%;10;3,65%;;;;;;;;;;;;
SAMSUN;ENIS TOK;SAMSUN HAVZA+KAVAK+LADIK;ACIDPASS PAZARI;TRIGAST;32;4,87%;28;10,37%;2;1,77%;2;0,73%;;;;;;;;;;;;
SAMSUN;ENIS TOK;SAMSUN HAVZA+KAVAK+LADIK;ACIDPASS PAZARI;TALCID;75;11,42%;41;15,19%;15;13,27%;19;6,93%;;;;;;;;;;;;
SAMSUN;ENIS TOK;SAMSUN HAVZA+KAVAK+LADIK;ACIDPASS PAZARI;RENNIE;336;51,14%;58;21,48%;60;53,10%;218;79,56%;;;;;;;;;;;;
SAMSUN;ENIS TOK;SAMSUN HAVZA+KAVAK+LADIK;ACIDPASS PAZARI;DIGER ACIDPASS;2;0,30%;-;0,00%;-;0,00%;2;0,73%;;;;;;;;;;;;
SAMSUN;ENIS TOK;SAMSUN HAVZA+KAVAK+LADIK;ACIDPASS PAZARI;FAMODİN PLUS;127;19,33%;82;30,37%;22;19,47%;23;8,39%;;;;;;;;;;;;
SAMSUN;ENIS TOK;SAMSUN HAVZA+KAVAK+LADIK;ACIDPASS PAZARI; ACIDPASS PAZARI TOPLAM;657;100,00%;270;100,00%;113;100,00%;274;100,00%;;;;;;;;;;;;
SAMSUN;ENIS TOK;SAMSUN HAVZA+KAVAK+LADIK;MOKSİFLOKSASİN PAZARI;MOKSEFEN;32;41,03%;-;0,00%;19;70,37%;13;54,17%;;;;;;;;;;;;
SAMSUN;ENIS TOK;SAMSUN HAVZA+KAVAK+LADIK;MOKSİFLOKSASİN PAZARI;AVELOX;38;48,72%;20;74,07%;8;29,63%;10;41,67%;;;;;;;;;;;;
SAMSUN;ENIS TOK;SAMSUN HAVZA+KAVAK+LADIK;MOKSİFLOKSASİN PAZARI;MOXAI;8;10,26%;7;25,93%;-;0,00%;1;4,17%;;;;;;;;;;;;
SAMSUN;ENIS TOK;SAMSUN HAVZA+KAVAK+LADIK;MOKSİFLOKSASİN PAZARI;DİĞER MOKSİFLOKSASİN;-;0,00%;-;0,00%;-;0,00%;-;0,00%;;;;;;;;;;;;
SAMSUN;ENIS TOK;SAMSUN HAVZA+KAVAK+LADIK;MOKSİFLOKSASİN PAZARI;DİĞER LEVOFLOKSASİN;-;0,00%;-;0,00%;-;0,00%;-;0,00%;;;;;;;;;;;;
SAMSUN;ENIS TOK;SAMSUN HAVZA+KAVAK+LADIK;MOKSİFLOKSASİN PAZARI;MOKSİFLOKSASİN PAZARI TOPLAM;78;100,00%;27;100,00%;27;100,00%;24;100,00%;;;;;;;;;;;;
SAMSUN;ENIS TOK;SAMSUN HAVZA+KAVAK+LADIK;GRİPORT COLD PAZARI;A FERİN;237;10,12%;53;11,83%;101;8,81%;83;11,11%;;;;;;;;;;;;
SAMSUN;ENIS TOK;SAMSUN HAVZA+KAVAK+LADIK;GRİPORT COLD PAZARI;GRİPORT COLD;4;1,15%;-;0,00%;-;0,00%;4;0,54%;;;;;;;;;;;;
SAMSUN;ENIS TOK;SAMSUN HAVZA+KAVAK+LADIK;GRİPORT COLD PAZARI;KATARIN;180;7,69%;47;10,49%;78;6,80%;55;7,36%;;;;;;;;;;;;
SAMSUN;ENIS TOK;SAMSUN HAVZA+KAVAK+LADIK;GRİPORT COLD PAZARI;NUROFEN COLD FLUE;349;14,90%;76;16,96%;248;21,62%;25;3,35%;;;;;;;;;;;;
SAMSUN;ENIS TOK;SAMSUN HAVZA+KAVAK+LADIK;GRİPORT COLD PAZARI;OTHER COLD PREP;501;21,39%;120;26,79%;181;15,78%;200;26,77%;;;;;;;;;;;;
SAMSUN;ENIS TOK;SAMSUN HAVZA+KAVAK+LADIK;GRİPORT COLD PAZARI;OTHER COLD PREP - VIT C;459;19,60%;78;17,41%;101;8,81%;280;37,48%;;;;;;;;;;;;
SAMSUN;ENIS TOK;SAMSUN HAVZA+KAVAK+LADIK;GRİPORT COLD PAZARI;GRİBEX COLD FLUE;612;26,13%;74;16,52%;438;38,19%;100;13,39%;;;;;;;;;;;;
SAMSUN;ENIS TOK;SAMSUN HAVZA+KAVAK+LADIK;GRİPORT COLD PAZARI;GRIPORT COLD PAZARI TOPLAM;2.342;100,00%;448;100,00%;1.147;100,00%;747;100,00%;;;;;;;;;;;;
SAMSUN;ENIS TOK;SAMSUN HAVZA+KAVAK+LADIK;FAMTREC PAZARI;FAMTREC;5;1,04%;1;0,46%;1;0,44%;3;8,33%;;;;;;;;;;;;
SAMSUN;ENIS TOK;SAMSUN HAVZA+KAVAK+LADIK;FAMTREC PAZARI;BRUFEN;314;65,28%;112;51,14%;123;54,42%;79;219,44%;;;;;;;;;;;;
SAMSUN;ENIS TOK;SAMSUN HAVZA+KAVAK+LADIK;FAMTREC PAZARI;DİĞER FAMOTİDİN;251;52,18%;106;48,40%;102;45,13%;43;119,44%;;;;;;;;;;;;
SAMSUN;ENIS TOK;SAMSUN HAVZA+KAVAK+LADIK;FAMTREC PAZARI;FAMOTİDİN PAZARI TOPLAM;481;100,00%;219;100,00%;226;100,00%;36;100,00%;;;;;;;;;;;;
SAMSUN;ENIS TOK;SAMSUN HURRIYET+ZAFER;PANTAPROZOL PAZARI;PANOCER TOPLAM;9;0,62%;7;0,58%;2;1,80%;-;0,00%;;;;;;;;;;;;
SAMSUN;ENIS TOK;SAMSUN HURRIYET+ZAFER;PANTAPROZOL PAZARI;PANTO;1.289;88,35%;1.136;94,90%;35;31,53%;118;78,15%;;;;;;;;;;;;
SAMSUN;ENIS TOK;SAMSUN HURRIYET+ZAFER;PANTAPROZOL PAZARI;PANTACTIVE;13;0,89%;7;0,58%;6;5,41%;-;0,00%;;;;;;;;;;;;
SAMSUN;ENIS TOK;SAMSUN HURRIYET+ZAFER;PANTAPROZOL PAZARI;DIGER PANTAPROZOLE;79;5,41%;25;2,09%;21;18,92%;33;21,85%;;;;;;;;;;;;
SAMSUN;ENIS TOK;SAMSUN HURRIYET+ZAFER;PANTAPROZOL PAZARI;PULCET;69;4,73%;22;1,84%;47;42,34%;-;0,00%;;;;;;;;;;;;
SAMSUN;ENIS TOK;SAMSUN HURRIYET+ZAFER;PANTAPROZOL PAZARI; PANTOPRAZOLE PAZARI TOPLAM;1.459;100,00%;1.197;100,00%;111;100,00%;151;100,00%;;;;;;;;;;;;
SAMSUN;ENIS TOK;SAMSUN HURRIYET+ZAFER;ACIDPASS PAZARI;ACIDPASS TOPLAM;40;12,99%;13;7,83%;27;45,76%;-;0,00%;;;;;;;;;;;;
SAMSUN;ENIS TOK;SAMSUN HURRIYET+ZAFER;ACIDPASS PAZARI;TRIGAST;4;1,30%;4;2,41%;-;0,00%;-;0,00%;;;;;;;;;;;;
SAMSUN;ENIS TOK;SAMSUN HURRIYET+ZAFER;ACIDPASS PAZARI;TALCID;11;3,57%;5;3,01%;-20;-33,90%;26;31,33%;;;;;;;;;;;;
SAMSUN;ENIS TOK;SAMSUN HURRIYET+ZAFER;ACIDPASS PAZARI;RENNIE;245;79,55%;144;86,75%;46;77,97%;55;66,27%;;;;;;;;;;;;
SAMSUN;ENIS TOK;SAMSUN HURRIYET+ZAFER;ACIDPASS PAZARI;DIGER ACIDPASS;1;0,32%;-;0,00%;1;1,69%;-;0,00%;;;;;;;;;;;;
SAMSUN;ENIS TOK;SAMSUN HURRIYET+ZAFER;ACIDPASS PAZARI;FAMODİN PLUS;7;2,27%;-;0,00%;5;8,47%;2;2,41%;;;;;;;;;;;;
SAMSUN;ENIS TOK;SAMSUN HURRIYET+ZAFER;ACIDPASS PAZARI; ACIDPASS PAZARI TOPLAM;308;100,00%;166;100,00%;59;100,00%;83;100,00%;;;;;;;;;;;;
SAMSUN;ENIS TOK;SAMSUN HURRIYET+ZAFER;MOKSİFLOKSASİN PAZARI;MOKSEFEN;7;13,21%;-;0,00%;-;0,00%;7;33,33%;;;;;;;;;;;;
SAMSUN;ENIS TOK;SAMSUN HURRIYET+ZAFER;MOKSİFLOKSASİN PAZARI;AVELOX;34;64,15%;5;100,00%;16;59,26%;13;61,90%;;;;;;;;;;;;
SAMSUN;ENIS TOK;SAMSUN HURRIYET+ZAFER;MOKSİFLOKSASİN PAZARI;MOXAI;6;11,32%;-;0,00%;6;22,22%;-;0,00%;;;;;;;;;;;;
SAMSUN;ENIS TOK;SAMSUN HURRIYET+ZAFER;MOKSİFLOKSASİN PAZARI;DİĞER MOKSİFLOKSASİN;6;11,32%;-;0,00%;5;18,52%;1;4,76%;;;;;;;;;;;;
SAMSUN;ENIS TOK;SAMSUN HURRIYET+ZAFER;MOKSİFLOKSASİN PAZARI;DİĞER LEVOFLOKSASİN;-;0,00%;-;0,00%;-;0,00%;-;0,00%;;;;;;;;;;;;
SAMSUN;ENIS TOK;SAMSUN HURRIYET+ZAFER;MOKSİFLOKSASİN PAZARI;MOKSİFLOKSASİN PAZARI TOPLAM;53;100,00%;5;100,00%;27;100,00%;21;100,00%;;;;;;;;;;;;
SAMSUN;ENIS TOK;SAMSUN HURRIYET+ZAFER;GRİPORT COLD PAZARI;A FERİN;550;31,79%;11;2,64%;13;3,32%;526;56,99%;;;;;;;;;;;;
SAMSUN;ENIS TOK;SAMSUN HURRIYET+ZAFER;GRİPORT COLD PAZARI;GRİPORT COLD;9;10,47%;3;0,72%;6;1,53%;-;0,00%;;;;;;;;;;;;
SAMSUN;ENIS TOK;SAMSUN HURRIYET+ZAFER;GRİPORT COLD PAZARI;KATARIN;60;3,47%;13;3,12%;22;5,63%;25;2,71%;;;;;;;;;;;;
SAMSUN;ENIS TOK;SAMSUN HURRIYET+ZAFER;GRİPORT COLD PAZARI;NUROFEN COLD FLUE;86;4,97%;17;4,09%;3;0,77%;66;7,15%;;;;;;;;;;;;
SAMSUN;ENIS TOK;SAMSUN HURRIYET+ZAFER;GRİPORT COLD PAZARI;OTHER COLD PREP;328;18,96%;161;38,70%;116;29,67%;51;5,53%;;;;;;;;;;;;
SAMSUN;ENIS TOK;SAMSUN HURRIYET+ZAFER;GRİPORT COLD PAZARI;OTHER COLD PREP - VIT C;519;30,00%;205;49,28%;70;17,90%;244;26,44%;;;;;;;;;;;;
SAMSUN;ENIS TOK;SAMSUN HURRIYET+ZAFER;GRİPORT COLD PAZARI;GRİBEX COLD FLUE;178;10,29%;6;1,44%;161;41,18%;11;1,19%;;;;;;;;;;;;
SAMSUN;ENIS TOK;SAMSUN HURRIYET+ZAFER;GRİPORT COLD PAZARI;GRIPORT COLD PAZARI TOPLAM;1.730;100,00%;416;100,00%;391;100,00%;923;100,00%;;;;;;;;;;;;
SAMSUN;ENIS TOK;SAMSUN HURRIYET+ZAFER;FAMTREC PAZARI;FAMTREC;1;1,96%;-;0,00%;1;5,56%;-;0,00%;;;;;;;;;;;;
SAMSUN;ENIS TOK;SAMSUN HURRIYET+ZAFER;FAMTREC PAZARI;BRUFEN;52;101,96%;12;100,00%;14;77,78%;26;123,81%;;;;;;;;;;;;
SAMSUN;ENIS TOK;SAMSUN HURRIYET+ZAFER;FAMTREC PAZARI;DİĞER FAMOTİDİN;8;15,69%;-;0,00%;3;16,67%;5;23,81%;;;;;;;;;;;;
SAMSUN;ENIS TOK;SAMSUN HURRIYET+ZAFER;FAMTREC PAZARI;FAMOTİDİN PAZARI TOPLAM;51;100,00%;12;100,00%;18;100,00%;21;100,00%;;;;;;;;;;;;
SAMSUN;ENIS TOK;SAMSUN ILKADIM - 2;PANTAPROZOL PAZARI;PANOCER TOPLAM;331;11,39%;13;0,75%;318;40,56%;-;0,00%;;;;;;;;;;;;
SAMSUN;ENIS TOK;SAMSUN ILKADIM - 2;PANTAPROZOL PAZARI;PANTO;1.675;57,66%;1.438;83,07%;74;9,44%;163;41,79%;;;;;;;;;;;;
SAMSUN;ENIS TOK;SAMSUN ILKADIM - 2;PANTAPROZOL PAZARI;PANTACTIVE;29;1,00%;15;0,87%;1;0,13%;13;3,33%;;;;;;;;;;;;
SAMSUN;ENIS TOK;SAMSUN ILKADIM - 2;PANTAPROZOL PAZARI;DIGER PANTAPROZOLE;485;16,70%;218;12,59%;87;11,10%;180;46,15%;;;;;;;;;;;;
SAMSUN;ENIS TOK;SAMSUN ILKADIM - 2;PANTAPROZOL PAZARI;PULCET;385;13,25%;47;2,72%;304;38,78%;34;8,72%;;;;;;;;;;;;
SAMSUN;ENIS TOK;SAMSUN ILKADIM - 2;PANTAPROZOL PAZARI; PANTOPRAZOLE PAZARI TOPLAM;2.905;100,00%;1.731;100,00%;784;100,00%;390;100,00%;;;;;;;;;;;;
SAMSUN;ENIS TOK;SAMSUN ILKADIM - 2;ACIDPASS PAZARI;ACIDPASS TOPLAM;112;9,19%;41;14,29%;28;5,41%;43;10,39%;;;;;;;;;;;;
SAMSUN;ENIS TOK;SAMSUN ILKADIM - 2;ACIDPASS PAZARI;TRIGAST;110;9,02%;40;13,94%;23;4,44%;47;11,35%;;;;;;;;;;;;
SAMSUN;ENIS TOK;SAMSUN ILKADIM - 2;ACIDPASS PAZARI;TALCID;87;7,14%;33;11,50%;23;4,44%;31;7,49%;;;;;;;;;;;;
SAMSUN;ENIS TOK;SAMSUN ILKADIM - 2;ACIDPASS PAZARI;RENNIE;872;71,53%;169;58,88%;426;82,24%;277;66,91%;;;;;;;;;;;;
SAMSUN;ENIS TOK;SAMSUN ILKADIM - 2;ACIDPASS PAZARI;DIGER ACIDPASS;-;0,00%;-;0,00%;-;0,00%;-;0,00%;;;;;;;;;;;;
SAMSUN;ENIS TOK;SAMSUN ILKADIM - 2;ACIDPASS PAZARI;FAMODİN PLUS;38;3,12%;4;1,39%;18;3,47%;16;3,86%;;;;;;;;;;;;
SAMSUN;ENIS TOK;SAMSUN ILKADIM - 2;ACIDPASS PAZARI; ACIDPASS PAZARI TOPLAM;1.219;100,00%;287;100,00%;518;100,00%;414;100,00%;;;;;;;;;;;;
SAMSUN;ENIS TOK;SAMSUN ILKADIM - 2;MOKSİFLOKSASİN PAZARI;MOKSEFEN;159;46,09%;60;50,00%;92;53,49%;7;13,21%;;;;;;;;;;;;
SAMSUN;ENIS TOK;SAMSUN ILKADIM - 2;MOKSİFLOKSASİN PAZARI;AVELOX;86;24,93%;12;10,00%;35;20,35%;39;73,58%;;;;;;;;;;;;
SAMSUN;ENIS TOK;SAMSUN ILKADIM - 2;MOKSİFLOKSASİN PAZARI;MOXAI;100;28,99%;48;40,00%;45;26,16%;7;13,21%;;;;;;;;;;;;
SAMSUN;ENIS TOK;SAMSUN ILKADIM - 2;MOKSİFLOKSASİN PAZARI;DİĞER MOKSİFLOKSASİN;-;0,00%;-;0,00%;-;0,00%;-;0,00%;;;;;;;;;;;;
SAMSUN;ENIS TOK;SAMSUN ILKADIM - 2;MOKSİFLOKSASİN PAZARI;DİĞER LEVOFLOKSASİN;-;0,00%;-;0,00%;-;0,00%;-;0,00%;;;;;;;;;;;;
SAMSUN;ENIS TOK;SAMSUN ILKADIM - 2;MOKSİFLOKSASİN PAZARI;MOKSİFLOKSASİN PAZARI TOPLAM;345;100,00%;120;100,00%;172;100,00%;53;100,00%;;;;;;;;;;;;
SAMSUN;ENIS TOK;SAMSUN ILKADIM - 2;GRİPORT COLD PAZARI;A FERİN;708;22,69%;427;34,46%;231;23,45%;50;5,58%;;;;;;;;;;;;
SAMSUN;ENIS TOK;SAMSUN ILKADIM - 2;GRİPORT COLD PAZARI;GRİPORT COLD;72;44,17%;17;1,37%;22;2,23%;33;3,68%;;;;;;;;;;;;
SAMSUN;ENIS TOK;SAMSUN ILKADIM - 2;GRİPORT COLD PAZARI;KATARIN;97;3,11%;24;1,94%;40;4,06%;33;3,68%;;;;;;;;;;;;
SAMSUN;ENIS TOK;SAMSUN ILKADIM - 2;GRİPORT COLD PAZARI;NUROFEN COLD FLUE;163;5,22%;70;5,65%;21;2,13%;72;8,04%;;;;;;;;;;;;
SAMSUN;ENIS TOK;SAMSUN ILKADIM - 2;GRİPORT COLD PAZARI;OTHER COLD PREP;1.348;43,21%;507;40,92%;430;43,65%;411;45,87%;;;;;;;;;;;;
SAMSUN;ENIS TOK;SAMSUN ILKADIM - 2;GRİPORT COLD PAZARI;OTHER COLD PREP - VIT C;632;20,26%;169;13,64%;212;21,52%;251;28,01%;;;;;;;;;;;;
SAMSUN;ENIS TOK;SAMSUN ILKADIM - 2;GRİPORT COLD PAZARI;GRİBEX COLD FLUE;100;3,21%;25;2,02%;29;2,94%;46;5,13%;;;;;;;;;;;;
SAMSUN;ENIS TOK;SAMSUN ILKADIM - 2;GRİPORT COLD PAZARI;GRIPORT COLD PAZARI TOPLAM;3.120;100,00%;1.239;100,00%;985;100,00%;896;100,00%;;;;;;;;;;;;
SAMSUN;ENIS TOK;SAMSUN ILKADIM - 2;FAMTREC PAZARI;FAMTREC;6;6,98%;-;0,00%;4;9,52%;2;11,11%;;;;;;;;;;;;
SAMSUN;ENIS TOK;SAMSUN ILKADIM - 2;FAMTREC PAZARI;BRUFEN;98;113,95%;24;92,31%;38;90,48%;36;200,00%;;;;;;;;;;;;
SAMSUN;ENIS TOK;SAMSUN ILKADIM - 2;FAMTREC PAZARI;DİĞER FAMOTİDİN;20;23,26%;2;7,69%;-;0,00%;18;100,00%;;;;;;;;;;;;
SAMSUN;ENIS TOK;SAMSUN ILKADIM - 2;FAMTREC PAZARI;FAMOTİDİN PAZARI TOPLAM;86;100,00%;26;100,00%;42;100,00%;18;100,00%;;;;;;;;;;;;
SAMSUN;MEHMET AKIF OZGECEN;SAMSUN KALE;PANTAPROZOL PAZARI;PANOCER TOPLAM;-;0,00%;-;0,00%;-;0,00%;-;0,00%;;;;;;;;;;;;
SAMSUN;MEHMET AKIF OZGECEN;SAMSUN KALE;PANTAPROZOL PAZARI;PANTO;355;87,87%;300;96,46%;-;0,00%;55;71,43%;;;;;;;;;;;;
SAMSUN;MEHMET AKIF OZGECEN;SAMSUN KALE;PANTAPROZOL PAZARI;PANTACTIVE;-;0,00%;-;0,00%;-;0,00%;-;0,00%;;;;;;;;;;;;
SAMSUN;MEHMET AKIF OZGECEN;SAMSUN KALE;PANTAPROZOL PAZARI;DIGER PANTAPROZOLE;11;2,72%;-;0,00%;-;0,00%;11;14,29%;;;;;;;;;;;;
SAMSUN;MEHMET AKIF OZGECEN;SAMSUN KALE;PANTAPROZOL PAZARI;PULCET;38;9,41%;11;3,54%;16;100,00%;11;14,29%;;;;;;;;;;;;
SAMSUN;MEHMET AKIF OZGECEN;SAMSUN KALE;PANTAPROZOL PAZARI; PANTOPRAZOLE PAZARI TOPLAM;404;100,00%;311;100,00%;16;100,00%;77;100,00%;;;;;;;;;;;;
SAMSUN;MEHMET AKIF OZGECEN;SAMSUN KALE;ACIDPASS PAZARI;ACIDPASS TOPLAM;-;0,00%;-;0,00%;-;0,00%;-;0,00%;;;;;;;;;;;;
SAMSUN;MEHMET AKIF OZGECEN;SAMSUN KALE;ACIDPASS PAZARI;TRIGAST;3;1,97%;3;13,04%;-;0,00%;-;0,00%;;;;;;;;;;;;
SAMSUN;MEHMET AKIF OZGECEN;SAMSUN KALE;ACIDPASS PAZARI;TALCID;47;30,92%;5;21,74%;21;39,62%;21;27,63%;;;;;;;;;;;;
SAMSUN;MEHMET AKIF OZGECEN;SAMSUN KALE;ACIDPASS PAZARI;RENNIE;76;50,00%;-;0,00%;21;39,62%;55;72,37%;;;;;;;;;;;;
SAMSUN;MEHMET AKIF OZGECEN;SAMSUN KALE;ACIDPASS PAZARI;DIGER ACIDPASS;-;0,00%;-;0,00%;-;0,00%;-;0,00%;;;;;;;;;;;;
SAMSUN;MEHMET AKIF OZGECEN;SAMSUN KALE;ACIDPASS PAZARI;FAMODİN PLUS;26;17,11%;15;65,22%;11;20,75%;-;0,00%;;;;;;;;;;;;
SAMSUN;MEHMET AKIF OZGECEN;SAMSUN KALE;ACIDPASS PAZARI; ACIDPASS PAZARI TOPLAM;152;100,00%;23;100,00%;53;100,00%;76;100,00%;;;;;;;;;;;;
SAMSUN;MEHMET AKIF OZGECEN;SAMSUN KALE;MOKSİFLOKSASİN PAZARI;MOKSEFEN;6;50,00%;-;0,00%;6;75,00%;-;0,00%;;;;;;;;;;;;
SAMSUN;MEHMET AKIF OZGECEN;SAMSUN KALE;MOKSİFLOKSASİN PAZARI;AVELOX;3;25,00%;3;75,00%;-;0,00%;-;0,00%;;;;;;;;;;;;
SAMSUN;MEHMET AKIF OZGECEN;SAMSUN KALE;MOKSİFLOKSASİN PAZARI;MOXAI;3;25,00%;1;25,00%;2;25,00%;-;0,00%;;;;;;;;;;;;
SAMSUN;MEHMET AKIF OZGECEN;SAMSUN KALE;MOKSİFLOKSASİN PAZARI;DİĞER MOKSİFLOKSASİN;-;0,00%;-;0,00%;-;0,00%;-;0,00%;;;;;;;;;;;;
SAMSUN;MEHMET AKIF OZGECEN;SAMSUN KALE;MOKSİFLOKSASİN PAZARI;DİĞER LEVOFLOKSASİN;-;0,00%;-;0,00%;-;0,00%;-;0,00%;;;;;;;;;;;;
SAMSUN;MEHMET AKIF OZGECEN;SAMSUN KALE;MOKSİFLOKSASİN PAZARI;MOKSİFLOKSASİN PAZARI TOPLAM;12;100,00%;4;100,00%;8;100,00%;-;0,00%;;;;;;;;;;;;
SAMSUN;MEHMET AKIF OZGECEN;SAMSUN KALE;GRİPORT COLD PAZARI;A FERİN;371;64,19%;11;17,19%;-;0,00%;360;90,68%;;;;;;;;;;;;
SAMSUN;MEHMET AKIF OZGECEN;SAMSUN KALE;GRİPORT COLD PAZARI;GRİPORT COLD;3;0,00%;1;1,56%;2;1,71%;-;0,00%;;;;;;;;;;;;
SAMSUN;MEHMET AKIF OZGECEN;SAMSUN KALE;GRİPORT COLD PAZARI;KATARIN;14;2,42%;10;15,62%;3;2,56%;1;0,25%;;;;;;;;;;;;
SAMSUN;MEHMET AKIF OZGECEN;SAMSUN KALE;GRİPORT COLD PAZARI;NUROFEN COLD FLUE;-;0,00%;-;0,00%;-;0,00%;-;0,00%;;;;;;;;;;;;
SAMSUN;MEHMET AKIF OZGECEN;SAMSUN KALE;GRİPORT COLD PAZARI;OTHER COLD PREP;110;19,03%;12;18,75%;87;74,36%;11;2,77%;;;;;;;;;;;;
SAMSUN;MEHMET AKIF OZGECEN;SAMSUN KALE;GRİPORT COLD PAZARI;OTHER COLD PREP - VIT C;80;13,84%;30;46,88%;25;21,37%;25;6,30%;;;;;;;;;;;;
SAMSUN;MEHMET AKIF OZGECEN;SAMSUN KALE;GRİPORT COLD PAZARI;GRİBEX COLD FLUE;-;0,00%;-;0,00%;-;0,00%;-;0,00%;;;;;;;;;;;;
SAMSUN;MEHMET AKIF OZGECEN;SAMSUN KALE;GRİPORT COLD PAZARI;GRIPORT COLD PAZARI TOPLAM;578;100,00%;64;100,00%;117;100,00%;397;100,00%;;;;;;;;;;;;
SAMSUN;MEHMET AKIF OZGECEN;SAMSUN KALE;FAMTREC PAZARI;FAMTREC;-;0,00%;-;0,00%;-;0,00%;-;0,00%;;;;;;;;;;;;
SAMSUN;MEHMET AKIF OZGECEN;SAMSUN KALE;FAMTREC PAZARI;BRUFEN;5;83,33%;5;83,33%;-;0,00%;-;0,00%;;;;;;;;;;;;
SAMSUN;MEHMET AKIF OZGECEN;SAMSUN KALE;FAMTREC PAZARI;DİĞER FAMOTİDİN;1;16,67%;1;16,67%;-;0,00%;-;0,00%;;;;;;;;;;;;
SAMSUN;MEHMET AKIF OZGECEN;SAMSUN KALE;FAMTREC PAZARI;FAMOTİDİN PAZARI TOPLAM;6;100,00%;6;100,00%;-;0,00%;-;0,00%;;;;;;;;;;;;
SAMSUN;MEHMET AKIF OZGECEN;SAMSUN PAZAR;PANTAPROZOL PAZARI;PANOCER TOPLAM;27;3,50%;-;0,00%;27;50,00%;-;0,00%;;;;;;;;;;;;
SAMSUN;MEHMET AKIF OZGECEN;SAMSUN PAZAR;PANTAPROZOL PAZARI;PANTO;619;80,29%;610;93,85%;1;1,85%;8;11,94%;;;;;;;;;;;;
SAMSUN;MEHMET AKIF OZGECEN;SAMSUN PAZAR;PANTAPROZOL PAZARI;PANTACTIVE;2;0,26%;-;0,00%;2;3,70%;-;0,00%;;;;;;;;;;;;
SAMSUN;MEHMET AKIF OZGECEN;SAMSUN PAZAR;PANTAPROZOL PAZARI;DIGER PANTAPROZOLE;31;4,02%;16;2,46%;1;1,85%;14;20,90%;;;;;;;;;;;;
SAMSUN;MEHMET AKIF OZGECEN;SAMSUN PAZAR;PANTAPROZOL PAZARI;PULCET;92;11,93%;24;3,69%;23;42,59%;45;67,16%;;;;;;;;;;;;
SAMSUN;MEHMET AKIF OZGECEN;SAMSUN PAZAR;PANTAPROZOL PAZARI; PANTOPRAZOLE PAZARI TOPLAM;771;100,00%;650;100,00%;54;100,00%;67;100,00%;;;;;;;;;;;;
SAMSUN;MEHMET AKIF OZGECEN;SAMSUN PAZAR;ACIDPASS PAZARI;ACIDPASS TOPLAM;-;0,00%;-;0,00%;-;0,00%;-;0,00%;;;;;;;;;;;;
SAMSUN;MEHMET AKIF OZGECEN;SAMSUN PAZAR;ACIDPASS PAZARI;TRIGAST;25;38,46%;-;0,00%;2;7,69%;23;79,31%;;;;;;;;;;;;
SAMSUN;MEHMET AKIF OZGECEN;SAMSUN PAZAR;ACIDPASS PAZARI;TALCID;34;52,31%;8;80,00%;24;92,31%;2;6,90%;;;;;;;;;;;;
SAMSUN;MEHMET AKIF OZGECEN;SAMSUN PAZAR;ACIDPASS PAZARI;RENNIE;-;0,00%;-;0,00%;-;0,00%;-;0,00%;;;;;;;;;;;;
SAMSUN;MEHMET AKIF OZGECEN;SAMSUN PAZAR;ACIDPASS PAZARI;DIGER ACIDPASS;1;1,54%;-;0,00%;-;0,00%;1;3,45%;;;;;;;;;;;;
SAMSUN;MEHMET AKIF OZGECEN;SAMSUN PAZAR;ACIDPASS PAZARI;FAMODİN PLUS;5;7,69%;2;20,00%;-;0,00%;3;10,34%;;;;;;;;;;;;
SAMSUN;MEHMET AKIF OZGECEN;SAMSUN PAZAR;ACIDPASS PAZARI; ACIDPASS PAZARI TOPLAM;65;100,00%;10;100,00%;26;100,00%;29;100,00%;;;;;;;;;;;;
SAMSUN;MEHMET AKIF OZGECEN;SAMSUN PAZAR;MOKSİFLOKSASİN PAZARI;MOKSEFEN;-;0,00%;-;0,00%;-;0,00%;-;0,00%;;;;;;;;;;;;
SAMSUN;MEHMET AKIF OZGECEN;SAMSUN PAZAR;MOKSİFLOKSASİN PAZARI;AVELOX;19;90,48%;10;83,33%;2;100,00%;7;100,00%;;;;;;;;;;;;
SAMSUN;MEHMET AKIF OZGECEN;SAMSUN PAZAR;MOKSİFLOKSASİN PAZARI;MOXAI;2;9,52%;2;16,67%;-;0,00%;-;0,00%;;;;;;;;;;;;
SAMSUN;MEHMET AKIF OZGECEN;SAMSUN PAZAR;MOKSİFLOKSASİN PAZARI;DİĞER MOKSİFLOKSASİN;-;0,00%;-;0,00%;-;0,00%;-;0,00%;;;;;;;;;;;;
SAMSUN;MEHMET AKIF OZGECEN;SAMSUN PAZAR;MOKSİFLOKSASİN PAZARI;DİĞER LEVOFLOKSASİN;-;0,00%;-;0,00%;-;0,00%;-;0,00%;;;;;;;;;;;;
SAMSUN;MEHMET AKIF OZGECEN;SAMSUN PAZAR;MOKSİFLOKSASİN PAZARI;MOKSİFLOKSASİN PAZARI TOPLAM;21;100,00%;12;100,00%;2;100,00%;7;100,00%;;;;;;;;;;;;
SAMSUN;MEHMET AKIF OZGECEN;SAMSUN PAZAR;GRİPORT COLD PAZARI;A FERİN;125;22,05%;23;29,11%;-;0,00%;102;38,06%;;;;;;;;;;;;
SAMSUN;MEHMET AKIF OZGECEN;SAMSUN PAZAR;GRİPORT COLD PAZARI;GRİPORT COLD;2;5,88%;-;0,00%;-;0,00%;2;0,75%;;;;;;;;;;;;
SAMSUN;MEHMET AKIF OZGECEN;SAMSUN PAZAR;GRİPORT COLD PAZARI;KATARIN;3;0,53%;-;0,00%;-;0,00%;3;1,12%;;;;;;;;;;;;
SAMSUN;MEHMET AKIF OZGECEN;SAMSUN PAZAR;GRİPORT COLD PAZARI;NUROFEN COLD FLUE;34;6,00%;-;0,00%;31;14,09%;3;1,12%;;;;;;;;;;;;
SAMSUN;MEHMET AKIF OZGECEN;SAMSUN PAZAR;GRİPORT COLD PAZARI;OTHER COLD PREP;248;43,74%;44;55,70%;126;57,27%;78;29,10%;;;;;;;;;;;;
SAMSUN;MEHMET AKIF OZGECEN;SAMSUN PAZAR;GRİPORT COLD PAZARI;OTHER COLD PREP - VIT C;153;26,98%;10;12,66%;63;28,64%;80;29,85%;;;;;;;;;;;;
SAMSUN;MEHMET AKIF OZGECEN;SAMSUN PAZAR;GRİPORT COLD PAZARI;GRİBEX COLD FLUE;2;0,35%;2;2,53%;-;0,00%;-;0,00%;;;;;;;;;;;;
SAMSUN;MEHMET AKIF OZGECEN;SAMSUN PAZAR;GRİPORT COLD PAZARI;GRIPORT COLD PAZARI TOPLAM;567;100,00%;79;100,00%;220;100,00%;268;100,00%;;;;;;;;;;;;
SAMSUN;MEHMET AKIF OZGECEN;SAMSUN PAZAR;FAMTREC PAZARI;FAMTREC;2;6,45%;-;0,00%;-;0,00%;2;11,11%;;;;;;;;;;;;
SAMSUN;MEHMET AKIF OZGECEN;SAMSUN PAZAR;FAMTREC PAZARI;BRUFEN;34;109,68%;-;0,00%;13;100,00%;21;116,67%;;;;;;;;;;;;
SAMSUN;MEHMET AKIF OZGECEN;SAMSUN PAZAR;FAMTREC PAZARI;DİĞER FAMOTİDİN;3;9,68%;-;0,00%;-;0,00%;3;16,67%;;;;;;;;;;;;
SAMSUN;MEHMET AKIF OZGECEN;SAMSUN PAZAR;FAMTREC PAZARI;FAMOTİDİN PAZARI TOPLAM;31;100,00%;-;0,00%;13;100,00%;18;100,00%;;;;;;;;;;;;
SAMSUN;ENIS TOK;SAMSUN RASATHANE;PANTAPROZOL PAZARI;PANOCER TOPLAM;89;2,07%;-;0,00%;1;0,13%;88;47,31%;;;;;;;;;;;;
SAMSUN;ENIS TOK;SAMSUN RASATHANE;PANTAPROZOL PAZARI;PANTO;3.127;72,59%;3.045;90,90%;39;5,05%;43;23,12%;;;;;;;;;;;;
SAMSUN;ENIS TOK;SAMSUN RASATHANE;PANTAPROZOL PAZARI;PANTACTIVE;174;4,04%;104;3,10%;56;7,25%;14;7,53%;;;;;;;;;;;;
SAMSUN;ENIS TOK;SAMSUN RASATHANE;PANTAPROZOL PAZARI;DIGER PANTAPROZOLE;408;9,47%;190;5,67%;192;24,87%;26;13,98%;;;;;;;;;;;;
SAMSUN;ENIS TOK;SAMSUN RASATHANE;PANTAPROZOL PAZARI;PULCET;510;11,84%;11;0,33%;484;62,69%;15;8,06%;;;;;;;;;;;;
SAMSUN;ENIS TOK;SAMSUN RASATHANE;PANTAPROZOL PAZARI; PANTOPRAZOLE PAZARI TOPLAM;4.308;100,00%;3.350;100,00%;772;100,00%;186;100,00%;;;;;;;;;;;;
SAMSUN;ENIS TOK;SAMSUN RASATHANE;ACIDPASS PAZARI;ACIDPASS TOPLAM;71;16,40%;7;3,00%;29;46,77%;35;25,36%;;;;;;;;;;;;
SAMSUN;ENIS TOK;SAMSUN RASATHANE;ACIDPASS PAZARI;TRIGAST;17;3,93%;4;1,72%;10;16,13%;3;2,17%;;;;;;;;;;;;
SAMSUN;ENIS TOK;SAMSUN RASATHANE;ACIDPASS PAZARI;TALCID;39;9,01%;6;2,58%;1;1,61%;32;23,19%;;;;;;;;;;;;
SAMSUN;ENIS TOK;SAMSUN RASATHANE;ACIDPASS PAZARI;RENNIE;185;42,73%;121;51,93%;15;24,19%;49;35,51%;;;;;;;;;;;;
SAMSUN;ENIS TOK;SAMSUN RASATHANE;ACIDPASS PAZARI;DIGER ACIDPASS;7;1,62%;-;0,00%;1;1,61%;6;4,35%;;;;;;;;;;;;
SAMSUN;ENIS TOK;SAMSUN RASATHANE;ACIDPASS PAZARI;FAMODİN PLUS;114;26,33%;95;40,77%;6;9,68%;13;9,42%;;;;;;;;;;;;
SAMSUN;ENIS TOK;SAMSUN RASATHANE;ACIDPASS PAZARI; ACIDPASS PAZARI TOPLAM;433;100,00%;233;100,00%;62;100,00%;138;100,00%;;;;;;;;;;;;
SAMSUN;ENIS TOK;SAMSUN RASATHANE;MOKSİFLOKSASİN PAZARI;MOKSEFEN;33;11,70%;-;0,00%;45;18,52%;-12;-52,17%;;;;;;;;;;;;
SAMSUN;ENIS TOK;SAMSUN RASATHANE;MOKSİFLOKSASİN PAZARI;AVELOX;39;13,83%;7;43,75%;15;6,17%;17;73,91%;;;;;;;;;;;;
SAMSUN;ENIS TOK;SAMSUN RASATHANE;MOKSİFLOKSASİN PAZARI;MOXAI;205;72,70%;9;56,25%;180;74,07%;16;69,57%;;;;;;;;;;;;
SAMSUN;ENIS TOK;SAMSUN RASATHANE;MOKSİFLOKSASİN PAZARI;DİĞER MOKSİFLOKSASİN;5;1,77%;-;0,00%;3;1,23%;2;8,70%;;;;;;;;;;;;
SAMSUN;ENIS TOK;SAMSUN RASATHANE;MOKSİFLOKSASİN PAZARI;DİĞER LEVOFLOKSASİN;-;0,00%;-;0,00%;-;0,00%;-;0,00%;;;;;;;;;;;;
SAMSUN;ENIS TOK;SAMSUN RASATHANE;MOKSİFLOKSASİN PAZARI;MOKSİFLOKSASİN PAZARI TOPLAM;282;100,00%;16;100,00%;243;100,00%;23;100,00%;;;;;;;;;;;;
SAMSUN;ENIS TOK;SAMSUN RASATHANE;GRİPORT COLD PAZARI;A FERİN;1.152;32,02%;526;54,85%;478;30,96%;148;13,52%;;;;;;;;;;;;
SAMSUN;ENIS TOK;SAMSUN RASATHANE;GRİPORT COLD PAZARI;GRİPORT COLD;15;5,70%;15;1,56%;-;0,00%;-;0,00%;;;;;;;;;;;;
SAMSUN;ENIS TOK;SAMSUN RASATHANE;GRİPORT COLD PAZARI;KATARIN;166;4,61%;31;3,23%;52;3,37%;83;7,58%;;;;;;;;;;;;
SAMSUN;ENIS TOK;SAMSUN RASATHANE;GRİPORT COLD PAZARI;NUROFEN COLD FLUE;263;7,31%;40;4,17%;195;12,63%;28;2,56%;;;;;;;;;;;;
SAMSUN;ENIS TOK;SAMSUN RASATHANE;GRİPORT COLD PAZARI;OTHER COLD PREP;772;21,46%;224;23,36%;178;11,53%;370;33,79%;;;;;;;;;;;;
SAMSUN;ENIS TOK;SAMSUN RASATHANE;GRİPORT COLD PAZARI;OTHER COLD PREP - VIT C;756;21,01%;120;12,51%;228;14,77%;408;37,26%;;;;;;;;;;;;
SAMSUN;ENIS TOK;SAMSUN RASATHANE;GRİPORT COLD PAZARI;GRİBEX COLD FLUE;474;13,17%;3;0,31%;413;26,75%;58;5,30%;;;;;;;;;;;;
SAMSUN;ENIS TOK;SAMSUN RASATHANE;GRİPORT COLD PAZARI;GRIPORT COLD PAZARI TOPLAM;3.598;100,00%;959;100,00%;1.544;100,00%;1.095;100,00%;;;;;;;;;;;;
SAMSUN;ENIS TOK;SAMSUN RASATHANE;FAMTREC PAZARI;FAMTREC;2;1,18%;1;1,54%;1;1,35%;-;0,00%;;;;;;;;;;;;
SAMSUN;ENIS TOK;SAMSUN RASATHANE;FAMTREC PAZARI;BRUFEN;149;88,17%;50;76,92%;26;35,14%;73;243,33%;;;;;;;;;;;;
SAMSUN;ENIS TOK;SAMSUN RASATHANE;FAMTREC PAZARI;DİĞER FAMOTİDİN;104;61,54%;14;21,54%;47;63,51%;43;143,33%;;;;;;;;;;;;
SAMSUN;ENIS TOK;SAMSUN RASATHANE;FAMTREC PAZARI;FAMOTİDİN PAZARI TOPLAM;169;100,00%;65;100,00%;74;100,00%;30;100,00%;;;;;;;;;;;;
SAMSUN;ENIS TOK;SAMSUN TERME;PANTAPROZOL PAZARI;PANOCER TOPLAM;720;20,58%;326;14,78%;339;40,45%;55;12,11%;;;;;;;;;;;;
SAMSUN;ENIS TOK;SAMSUN TERME;PANTAPROZOL PAZARI;PANTO;1.665;47,60%;1.493;67,68%;36;4,30%;136;29,96%;;;;;;;;;;;;
SAMSUN;ENIS TOK;SAMSUN TERME;PANTAPROZOL PAZARI;PANTACTIVE;135;3,86%;20;0,91%;36;4,30%;79;17,40%;;;;;;;;;;;;
SAMSUN;ENIS TOK;SAMSUN TERME;PANTAPROZOL PAZARI;DIGER PANTAPROZOLE;828;23,67%;367;16,64%;314;37,47%;147;32,38%;;;;;;;;;;;;
SAMSUN;ENIS TOK;SAMSUN TERME;PANTAPROZOL PAZARI;PULCET;150;4,29%;-;0,00%;113;13,48%;37;8,15%;;;;;;;;;;;;
SAMSUN;ENIS TOK;SAMSUN TERME;PANTAPROZOL PAZARI; PANTOPRAZOLE PAZARI TOPLAM;3.498;100,00%;2.206;100,00%;838;100,00%;454;100,00%;;;;;;;;;;;;
SAMSUN;ENIS TOK;SAMSUN TERME;ACIDPASS PAZARI;ACIDPASS TOPLAM;54;3,93%;13;1,81%;-;0,00%;41;10,57%;;;;;;;;;;;;
SAMSUN;ENIS TOK;SAMSUN TERME;ACIDPASS PAZARI;TRIGAST;92;6,70%;23;3,20%;40;14,93%;29;7,47%;;;;;;;;;;;;
SAMSUN;ENIS TOK;SAMSUN TERME;ACIDPASS PAZARI;TALCID;542;39,45%;327;45,54%;29;10,82%;186;47,94%;;;;;;;;;;;;
SAMSUN;ENIS TOK;SAMSUN TERME;ACIDPASS PAZARI;RENNIE;364;26,49%;63;8,77%;170;63,43%;131;33,76%;;;;;;;;;;;;
SAMSUN;ENIS TOK;SAMSUN TERME;ACIDPASS PAZARI;DIGER ACIDPASS;3;0,22%;-;0,00%;3;1,12%;-;0,00%;;;;;;;;;;;;
SAMSUN;ENIS TOK;SAMSUN TERME;ACIDPASS PAZARI;FAMODİN PLUS;319;23,22%;292;40,67%;26;9,70%;1;0,26%;;;;;;;;;;;;
SAMSUN;ENIS TOK;SAMSUN TERME;ACIDPASS PAZARI; ACIDPASS PAZARI TOPLAM;1.374;100,00%;718;100,00%;268;100,00%;388;100,00%;;;;;;;;;;;;
SAMSUN;ENIS TOK;SAMSUN TERME;MOKSİFLOKSASİN PAZARI;MOKSEFEN;38;17,12%;6;3,43%;32;76,19%;-;0,00%;;;;;;;;;;;;
SAMSUN;ENIS TOK;SAMSUN TERME;MOKSİFLOKSASİN PAZARI;AVELOX;24;10,81%;9;5,14%;10;23,81%;5;100,00%;;;;;;;;;;;;
SAMSUN;ENIS TOK;SAMSUN TERME;MOKSİFLOKSASİN PAZARI;MOXAI;160;72,07%;160;91,43%;-;0,00%;-;0,00%;;;;;;;;;;;;
SAMSUN;ENIS TOK;SAMSUN TERME;MOKSİFLOKSASİN PAZARI;DİĞER MOKSİFLOKSASİN;-;0,00%;-;0,00%;-;0,00%;-;0,00%;;;;;;;;;;;;
SAMSUN;ENIS TOK;SAMSUN TERME;MOKSİFLOKSASİN PAZARI;DİĞER LEVOFLOKSASİN;-;0,00%;-;0,00%;-;0,00%;-;0,00%;;;;;;;;;;;;
SAMSUN;ENIS TOK;SAMSUN TERME;MOKSİFLOKSASİN PAZARI;MOKSİFLOKSASİN PAZARI TOPLAM;222;100,00%;175;100,00%;42;100,00%;5;100,00%;;;;;;;;;;;;
SAMSUN;ENIS TOK;SAMSUN TERME;GRİPORT COLD PAZARI;A FERİN;1.098;41,37%;43;8,27%;631;49,41%;424;49,47%;;;;;;;;;;;;
SAMSUN;ENIS TOK;SAMSUN TERME;GRİPORT COLD PAZARI;GRİPORT COLD;18;14,52%;-;0,00%;-;0,00%;18;2,10%;;;;;;;;;;;;
SAMSUN;ENIS TOK;SAMSUN TERME;GRİPORT COLD PAZARI;KATARIN;106;3,99%;30;5,77%;28;2,19%;48;5,60%;;;;;;;;;;;;
SAMSUN;ENIS TOK;SAMSUN TERME;GRİPORT COLD PAZARI;NUROFEN COLD FLUE;124;4,67%;89;17,12%;27;2,11%;8;0,93%;;;;;;;;;;;;
SAMSUN;ENIS TOK;SAMSUN TERME;GRİPORT COLD PAZARI;OTHER COLD PREP;885;33,35%;196;37,69%;416;32,58%;273;31,86%;;;;;;;;;;;;
SAMSUN;ENIS TOK;SAMSUN TERME;GRİPORT COLD PAZARI;OTHER COLD PREP - VIT C;251;9,46%;136;26,15%;63;4,93%;52;6,07%;;;;;;;;;;;;
SAMSUN;ENIS TOK;SAMSUN TERME;GRİPORT COLD PAZARI;GRİBEX COLD FLUE;172;6,48%;26;5,00%;112;8,77%;34;3,97%;;;;;;;;;;;;
SAMSUN;ENIS TOK;SAMSUN TERME;GRİPORT COLD PAZARI;GRIPORT COLD PAZARI TOPLAM;2.654;100,00%;520;100,00%;1.277;100,00%;857;100,00%;;;;;;;;;;;;
SAMSUN;ENIS TOK;SAMSUN TERME;FAMTREC PAZARI;FAMTREC;57;33,93%;17;37,78%;40;37,04%;-;0,00%;;;;;;;;;;;;
SAMSUN;ENIS TOK;SAMSUN TERME;FAMTREC PAZARI;BRUFEN;120;71,43%;28;62,22%;50;46,30%;42;280,00%;;;;;;;;;;;;
SAMSUN;ENIS TOK;SAMSUN TERME;FAMTREC PAZARI;DİĞER FAMOTİDİN;45;26,79%;-;0,00%;18;16,67%;27;180,00%;;;;;;;;;;;;
SAMSUN;ENIS TOK;SAMSUN TERME;FAMTREC PAZARI;FAMOTİDİN PAZARI TOPLAM;168;100,00%;45;100,00%;108;100,00%;15;100,00%;;;;;;;;;;;;
SAMSUN;MEHMET AKIF OZGECEN;SAMSUN ULUGAZI;PANTAPROZOL PAZARI;PANOCER TOPLAM;-;0,00%;-;0,00%;-;0,00%;-;0,00%;;;;;;;;;;;;
SAMSUN;MEHMET AKIF OZGECEN;SAMSUN ULUGAZI;PANTAPROZOL PAZARI;PANTO;114;65,14%;74;87,06%;17;29,82%;23;69,70%;;;;;;;;;;;;
SAMSUN;MEHMET AKIF OZGECEN;SAMSUN ULUGAZI;PANTAPROZOL PAZARI;PANTACTIVE;40;22,86%;-;0,00%;40;70,18%;-;0,00%;;;;;;;;;;;;
SAMSUN;MEHMET AKIF OZGECEN;SAMSUN ULUGAZI;PANTAPROZOL PAZARI;DIGER PANTAPROZOLE;10;5,71%;-;0,00%;-;0,00%;10;30,30%;;;;;;;;;;;;
SAMSUN;MEHMET AKIF OZGECEN;SAMSUN ULUGAZI;PANTAPROZOL PAZARI;PULCET;11;6,29%;11;12,94%;-;0,00%;-;0,00%;;;;;;;;;;;;
SAMSUN;MEHMET AKIF OZGECEN;SAMSUN ULUGAZI;PANTAPROZOL PAZARI; PANTOPRAZOLE PAZARI TOPLAM;175;100,00%;85;100,00%;57;100,00%;33;100,00%;;;;;;;;;;;;
SAMSUN;MEHMET AKIF OZGECEN;SAMSUN ULUGAZI;ACIDPASS PAZARI;ACIDPASS TOPLAM;6;4,26%;2;8,70%;2;2,60%;2;4,88%;;;;;;;;;;;;
SAMSUN;MEHMET AKIF OZGECEN;SAMSUN ULUGAZI;ACIDPASS PAZARI;TRIGAST;31;21,99%;5;21,74%;23;29,87%;3;7,32%;;;;;;;;;;;;
SAMSUN;MEHMET AKIF OZGECEN;SAMSUN ULUGAZI;ACIDPASS PAZARI;TALCID;36;25,53%;5;21,74%;31;40,26%;-;0,00%;;;;;;;;;;;;
SAMSUN;MEHMET AKIF OZGECEN;SAMSUN ULUGAZI;ACIDPASS PAZARI;RENNIE;57;40,43%;-;0,00%;21;27,27%;36;87,80%;;;;;;;;;;;;
SAMSUN;MEHMET AKIF OZGECEN;SAMSUN ULUGAZI;ACIDPASS PAZARI;DIGER ACIDPASS;11;7,80%;11;47,83%;-;0,00%;-;0,00%;;;;;;;;;;;;
SAMSUN;MEHMET AKIF OZGECEN;SAMSUN ULUGAZI;ACIDPASS PAZARI;FAMODİN PLUS;-;0,00%;-;0,00%;-;0,00%;-;0,00%;;;;;;;;;;;;
SAMSUN;MEHMET AKIF OZGECEN;SAMSUN ULUGAZI;ACIDPASS PAZARI; ACIDPASS PAZARI TOPLAM;141;100,00%;23;100,00%;77;100,00%;41;100,00%;;;;;;;;;;;;
SAMSUN;MEHMET AKIF OZGECEN;SAMSUN ULUGAZI;MOKSİFLOKSASİN PAZARI;MOKSEFEN;-;0,00%;-;0,00%;-;0,00%;-;0,00%;;;;;;;;;;;;
SAMSUN;MEHMET AKIF OZGECEN;SAMSUN ULUGAZI;MOKSİFLOKSASİN PAZARI;AVELOX;5;71,43%;-;0,00%;3;100,00%;2;50,00%;;;;;;;;;;;;
SAMSUN;MEHMET AKIF OZGECEN;SAMSUN ULUGAZI;MOKSİFLOKSASİN PAZARI;MOXAI;-;0,00%;-;0,00%;-;0,00%;-;0,00%;;;;;;;;;;;;
SAMSUN;MEHMET AKIF OZGECEN;SAMSUN ULUGAZI;MOKSİFLOKSASİN PAZARI;DİĞER MOKSİFLOKSASİN;2;28,57%;-;0,00%;-;0,00%;2;50,00%;;;;;;;;;;;;
SAMSUN;MEHMET AKIF OZGECEN;SAMSUN ULUGAZI;MOKSİFLOKSASİN PAZARI;DİĞER LEVOFLOKSASİN;-;0,00%;-;0,00%;-;0,00%;-;0,00%;;;;;;;;;;;;
SAMSUN;MEHMET AKIF OZGECEN;SAMSUN ULUGAZI;MOKSİFLOKSASİN PAZARI;MOKSİFLOKSASİN PAZARI TOPLAM;7;100,00%;-;0,00%;3;100,00%;4;100,00%;;;;;;;;;;;;
SAMSUN;MEHMET AKIF OZGECEN;SAMSUN ULUGAZI;GRİPORT COLD PAZARI;A FERİN;35;16,91%;22;45,83%;-;0,00%;13;13,13%;;;;;;;;;;;;
SAMSUN;MEHMET AKIF OZGECEN;SAMSUN ULUGAZI;GRİPORT COLD PAZARI;GRİPORT COLD;-;0,00%;-;0,00%;-;0,00%;-;0,00%;;;;;;;;;;;;
SAMSUN;MEHMET AKIF OZGECEN;SAMSUN ULUGAZI;GRİPORT COLD PAZARI;KATARIN;10;4,83%;-;0,00%;2;3,33%;8;8,08%;;;;;;;;;;;;
SAMSUN;MEHMET AKIF OZGECEN;SAMSUN ULUGAZI;GRİPORT COLD PAZARI;NUROFEN COLD FLUE;21;10,14%;5;10,42%;14;23,33%;2;2,02%;;;;;;;;;;;;
SAMSUN;MEHMET AKIF OZGECEN;SAMSUN ULUGAZI;GRİPORT COLD PAZARI;OTHER COLD PREP;73;35,27%;18;37,50%;-;0,00%;55;55,56%;;;;;;;;;;;;
SAMSUN;MEHMET AKIF OZGECEN;SAMSUN ULUGAZI;GRİPORT COLD PAZARI;OTHER COLD PREP - VIT C;59;28,50%;3;6,25%;37;61,67%;19;19,19%;;;;;;;;;;;;
SAMSUN;MEHMET AKIF OZGECEN;SAMSUN ULUGAZI;GRİPORT COLD PAZARI;GRİBEX COLD FLUE;9;4,35%;-;0,00%;7;11,67%;2;2,02%;;;;;;;;;;;;
SAMSUN;MEHMET AKIF OZGECEN;SAMSUN ULUGAZI;GRİPORT COLD PAZARI;GRIPORT COLD PAZARI TOPLAM;207;100,00%;48;100,00%;60;100,00%;99;100,00%;;;;;;;;;;;;
SAMSUN;MEHMET AKIF OZGECEN;SAMSUN ULUGAZI;FAMTREC PAZARI;FAMTREC;-;0,00%;-;0,00%;-;0,00%;-;0,00%;;;;;;;;;;;;
SAMSUN;MEHMET AKIF OZGECEN;SAMSUN ULUGAZI;FAMTREC PAZARI;BRUFEN;9;42,86%;2;100,00%;7;36,84%;-;0,00%;;;;;;;;;;;;
SAMSUN;MEHMET AKIF OZGECEN;SAMSUN ULUGAZI;FAMTREC PAZARI;DİĞER FAMOTİDİN;12;57,14%;-;0,00%;12;63,16%;-;0,00%;;;;;;;;;;;;
SAMSUN;MEHMET AKIF OZGECEN;SAMSUN ULUGAZI;FAMTREC PAZARI;FAMOTİDİN PAZARI TOPLAM;21;100,00%;2;100,00%;19;100,00%;-;0,00%;;;;;;;;;;;;
SAMSUN;MEHMET AKIF OZGECEN;SAMSUN VEZIRKOPRU;PANTAPROZOL PAZARI;PANOCER TOPLAM;159;9,53%;-;0,00%;75;14,76%;84;29,58%;;;;;;;;;;;;
SAMSUN;MEHMET AKIF OZGECEN;SAMSUN VEZIRKOPRU;PANTAPROZOL PAZARI;PANTO;685;41,04%;621;70,81%;29;5,71%;35;12,32%;;;;;;;;;;;;
SAMSUN;MEHMET AKIF OZGECEN;SAMSUN VEZIRKOPRU;PANTAPROZOL PAZARI;PANTACTIVE;52;3,12%;6;0,68%;46;9,06%;-;0,00%;;;;;;;;;;;;
SAMSUN;MEHMET AKIF OZGECEN;SAMSUN VEZIRKOPRU;PANTAPROZOL PAZARI;DIGER PANTAPROZOLE;703;42,12%;249;28,39%;313;61,61%;141;49,65%;;;;;;;;;;;;
SAMSUN;MEHMET AKIF OZGECEN;SAMSUN VEZIRKOPRU;PANTAPROZOL PAZARI;PULCET;70;4,19%;1;0,11%;45;8,86%;24;8,45%;;;;;;;;;;;;
SAMSUN;MEHMET AKIF OZGECEN;SAMSUN VEZIRKOPRU;PANTAPROZOL PAZARI; PANTOPRAZOLE PAZARI TOPLAM;1.669;100,00%;877;100,00%;508;100,00%;284;100,00%;;;;;;;;;;;;
SAMSUN;MEHMET AKIF OZGECEN;SAMSUN VEZIRKOPRU;ACIDPASS PAZARI;ACIDPASS TOPLAM;166;43,12%;14;9,93%;93;67,39%;59;55,66%;;;;;;;;;;;;
SAMSUN;MEHMET AKIF OZGECEN;SAMSUN VEZIRKOPRU;ACIDPASS PAZARI;TRIGAST;13;3,38%;-;0,00%;11;7,97%;2;1,89%;;;;;;;;;;;;
SAMSUN;MEHMET AKIF OZGECEN;SAMSUN VEZIRKOPRU;ACIDPASS PAZARI;TALCID;79;20,52%;42;29,79%;21;15,22%;16;15,09%;;;;;;;;;;;;
SAMSUN;MEHMET AKIF OZGECEN;SAMSUN VEZIRKOPRU;ACIDPASS PAZARI;RENNIE;126;32,73%;84;59,57%;13;9,42%;29;27,36%;;;;;;;;;;;;
SAMSUN;MEHMET AKIF OZGECEN;SAMSUN VEZIRKOPRU;ACIDPASS PAZARI;DIGER ACIDPASS;1;0,26%;1;0,71%;-;0,00%;-;0,00%;;;;;;;;;;;;
SAMSUN;MEHMET AKIF OZGECEN;SAMSUN VEZIRKOPRU;ACIDPASS PAZARI;FAMODİN PLUS;-;0,00%;-;0,00%;-;0,00%;-;0,00%;;;;;;;;;;;;
SAMSUN;MEHMET AKIF OZGECEN;SAMSUN VEZIRKOPRU;ACIDPASS PAZARI; ACIDPASS PAZARI TOPLAM;385;100,00%;141;100,00%;138;100,00%;106;100,00%;;;;;;;;;;;;
SAMSUN;MEHMET AKIF OZGECEN;SAMSUN VEZIRKOPRU;MOKSİFLOKSASİN PAZARI;MOKSEFEN;31;45,59%;12;36,36%;19;65,52%;-;0,00%;;;;;;;;;;;;
SAMSUN;MEHMET AKIF OZGECEN;SAMSUN VEZIRKOPRU;MOKSİFLOKSASİN PAZARI;AVELOX;8;11,76%;4;12,12%;4;13,79%;-;0,00%;;;;;;;;;;;;
SAMSUN;MEHMET AKIF OZGECEN;SAMSUN VEZIRKOPRU;MOKSİFLOKSASİN PAZARI;MOXAI;12;17,65%;6;18,18%;-;0,00%;6;100,00%;;;;;;;;;;;;
SAMSUN;MEHMET AKIF OZGECEN;SAMSUN VEZIRKOPRU;MOKSİFLOKSASİN PAZARI;DİĞER MOKSİFLOKSASİN;17;25,00%;11;33,33%;6;20,69%;-;0,00%;;;;;;;;;;;;
SAMSUN;MEHMET AKIF OZGECEN;SAMSUN VEZIRKOPRU;MOKSİFLOKSASİN PAZARI;DİĞER LEVOFLOKSASİN;-;0,00%;-;0,00%;-;0,00%;-;0,00%;;;;;;;;;;;;
SAMSUN;MEHMET AKIF OZGECEN;SAMSUN VEZIRKOPRU;MOKSİFLOKSASİN PAZARI;MOKSİFLOKSASİN PAZARI TOPLAM;68;100,00%;33;100,00%;29;100,00%;6;100,00%;;;;;;;;;;;;
SAMSUN;MEHMET AKIF OZGECEN;SAMSUN VEZIRKOPRU;GRİPORT COLD PAZARI;A FERİN;994;37,09%;471;62,88%;487;43,29%;36;4,47%;;;;;;;;;;;;
SAMSUN;MEHMET AKIF OZGECEN;SAMSUN VEZIRKOPRU;GRİPORT COLD PAZARI;GRİPORT COLD;15;3,72%;12;1,60%;1;0,09%;2;0,25%;;;;;;;;;;;;
SAMSUN;MEHMET AKIF OZGECEN;SAMSUN VEZIRKOPRU;GRİPORT COLD PAZARI;KATARIN;189;7,05%;31;4,14%;18;1,60%;140;17,37%;;;;;;;;;;;;
SAMSUN;MEHMET AKIF OZGECEN;SAMSUN VEZIRKOPRU;GRİPORT COLD PAZARI;NUROFEN COLD FLUE;403;15,04%;10;1,34%;295;26,22%;98;12,16%;;;;;;;;;;;;
SAMSUN;MEHMET AKIF OZGECEN;SAMSUN VEZIRKOPRU;GRİPORT COLD PAZARI;OTHER COLD PREP;593;22,13%;87;11,62%;192;17,07%;314;38,96%;;;;;;;;;;;;
SAMSUN;MEHMET AKIF OZGECEN;SAMSUN VEZIRKOPRU;GRİPORT COLD PAZARI;OTHER COLD PREP - VIT C;486;18,13%;138;18,42%;132;11,73%;216;26,80%;;;;;;;;;;;;
SAMSUN;MEHMET AKIF OZGECEN;SAMSUN VEZIRKOPRU;GRİPORT COLD PAZARI;GRİBEX COLD FLUE;-;0,00%;-;0,00%;-;0,00%;-;0,00%;;;;;;;;;;;;
SAMSUN;MEHMET AKIF OZGECEN;SAMSUN VEZIRKOPRU;GRİPORT COLD PAZARI;GRIPORT COLD PAZARI TOPLAM;2.680;100,00%;749;100,00%;1.125;100,00%;806;100,00%;;;;;;;;;;;;
SAMSUN;MEHMET AKIF OZGECEN;SAMSUN VEZIRKOPRU;FAMTREC PAZARI;FAMTREC;134;26,64%;32;23,88%;40;12,62%;62;119,23%;;;;;;;;;;;;
SAMSUN;MEHMET AKIF OZGECEN;SAMSUN VEZIRKOPRU;FAMTREC PAZARI;BRUFEN;196;38,97%;68;50,75%;55;17,35%;73;140,38%;;;;;;;;;;;;
SAMSUN;MEHMET AKIF OZGECEN;SAMSUN VEZIRKOPRU;FAMTREC PAZARI;DİĞER FAMOTİDİN;277;55,07%;34;25,37%;222;70,03%;21;40,38%;;;;;;;;;;;;
SAMSUN;MEHMET AKIF OZGECEN;SAMSUN VEZIRKOPRU;FAMTREC PAZARI;FAMOTİDİN PAZARI TOPLAM;503;100,00%;134;100,00%;317;100,00%;52;100,00%;;;;;;;;;;;;
SAMSUN;MEHMET AKIF OZGECEN;SINOP DOGU-BATI ILCELER;PANTAPROZOL PAZARI;PANOCER TOPLAM;270;6,60%;146;5,49%;27;2,65%;97;23,60%;;;;;;;;;;;;
SAMSUN;MEHMET AKIF OZGECEN;SINOP DOGU-BATI ILCELER;PANTAPROZOL PAZARI;PANTO;2.074;50,73%;1.961;73,75%;52;5,11%;61;14,84%;;;;;;;;;;;;
SAMSUN;MEHMET AKIF OZGECEN;SINOP DOGU-BATI ILCELER;PANTAPROZOL PAZARI;PANTACTIVE;54;1,32%;6;0,23%;18;1,77%;30;7,30%;;;;;;;;;;;;
SAMSUN;MEHMET AKIF OZGECEN;SINOP DOGU-BATI ILCELER;PANTAPROZOL PAZARI;DIGER PANTAPROZOLE;1.241;30,36%;471;17,71%;558;54,81%;212;51,58%;;;;;;;;;;;;
SAMSUN;MEHMET AKIF OZGECEN;SINOP DOGU-BATI ILCELER;PANTAPROZOL PAZARI;PULCET;449;10,98%;75;2,82%;363;35,66%;11;2,68%;;;;;;;;;;;;
SAMSUN;MEHMET AKIF OZGECEN;SINOP DOGU-BATI ILCELER;PANTAPROZOL PAZARI; PANTOPRAZOLE PAZARI TOPLAM;4.088;100,00%;2.659;100,00%;1.018;100,00%;411;100,00%;;;;;;;;;;;;
SAMSUN;MEHMET AKIF OZGECEN;SINOP DOGU-BATI ILCELER;ACIDPASS PAZARI;ACIDPASS TOPLAM;178;20,99%;34;8,90%;101;47,20%;43;17,06%;;;;;;;;;;;;
SAMSUN;MEHMET AKIF OZGECEN;SINOP DOGU-BATI ILCELER;ACIDPASS PAZARI;TRIGAST;110;12,97%;40;10,47%;47;21,96%;23;9,13%;;;;;;;;;;;;
SAMSUN;MEHMET AKIF OZGECEN;SINOP DOGU-BATI ILCELER;ACIDPASS PAZARI;TALCID;169;19,93%;38;9,95%;33;15,42%;98;38,89%;;;;;;;;;;;;
SAMSUN;MEHMET AKIF OZGECEN;SINOP DOGU-BATI ILCELER;ACIDPASS PAZARI;RENNIE;197;23,23%;104;27,23%;20;9,35%;73;28,97%;;;;;;;;;;;;
SAMSUN;MEHMET AKIF OZGECEN;SINOP DOGU-BATI ILCELER;ACIDPASS PAZARI;DIGER ACIDPASS;5;0,59%;4;1,05%;-;0,00%;1;0,40%;;;;;;;;;;;;
SAMSUN;MEHMET AKIF OZGECEN;SINOP DOGU-BATI ILCELER;ACIDPASS PAZARI;FAMODİN PLUS;189;22,29%;162;42,41%;13;6,07%;14;5,56%;;;;;;;;;;;;
SAMSUN;MEHMET AKIF OZGECEN;SINOP DOGU-BATI ILCELER;ACIDPASS PAZARI; ACIDPASS PAZARI TOPLAM;848;100,00%;382;100,00%;214;100,00%;252;100,00%;;;;;;;;;;;;
SAMSUN;MEHMET AKIF OZGECEN;SINOP DOGU-BATI ILCELER;MOKSİFLOKSASİN PAZARI;MOKSEFEN;43;28,86%;-;0,00%;30;33,33%;13;65,00%;;;;;;;;;;;;
SAMSUN;MEHMET AKIF OZGECEN;SINOP DOGU-BATI ILCELER;MOKSİFLOKSASİN PAZARI;AVELOX;73;48,99%;24;61,54%;42;46,67%;7;35,00%;;;;;;;;;;;;
SAMSUN;MEHMET AKIF OZGECEN;SINOP DOGU-BATI ILCELER;MOKSİFLOKSASİN PAZARI;MOXAI;5;3,36%;-;0,00%;5;5,56%;-;0,00%;;;;;;;;;;;;
SAMSUN;MEHMET AKIF OZGECEN;SINOP DOGU-BATI ILCELER;MOKSİFLOKSASİN PAZARI;DİĞER MOKSİFLOKSASİN;13;8,72%;-;0,00%;13;14,44%;-;0,00%;;;;;;;;;;;;
SAMSUN;MEHMET AKIF OZGECEN;SINOP DOGU-BATI ILCELER;MOKSİFLOKSASİN PAZARI;DİĞER LEVOFLOKSASİN;15;10,07%;15;38,46%;-;0,00%;-;0,00%;;;;;;;;;;;;
SAMSUN;MEHMET AKIF OZGECEN;SINOP DOGU-BATI ILCELER;MOKSİFLOKSASİN PAZARI;MOKSİFLOKSASİN PAZARI TOPLAM;149;100,00%;39;100,00%;90;100,00%;20;100,00%;;;;;;;;;;;;
SAMSUN;MEHMET AKIF OZGECEN;SINOP DOGU-BATI ILCELER;GRİPORT COLD PAZARI;A FERİN;470;16,56%;117;10,90%;320;22,42%;33;9,76%;;;;;;;;;;;;
SAMSUN;MEHMET AKIF OZGECEN;SINOP DOGU-BATI ILCELER;GRİPORT COLD PAZARI;GRİPORT COLD;84;29,79%;38;3,54%;18;1,26%;28;8,28%;;;;;;;;;;;;
SAMSUN;MEHMET AKIF OZGECEN;SINOP DOGU-BATI ILCELER;GRİPORT COLD PAZARI;KATARIN;216;7,61%;100;9,32%;49;3,43%;67;19,82%;;;;;;;;;;;;
SAMSUN;MEHMET AKIF OZGECEN;SINOP DOGU-BATI ILCELER;GRİPORT COLD PAZARI;NUROFEN COLD FLUE;282;9,94%;18;1,68%;255;17,87%;9;2,66%;;;;;;;;;;;;
SAMSUN;MEHMET AKIF OZGECEN;SINOP DOGU-BATI ILCELER;GRİPORT COLD PAZARI;OTHER COLD PREP;889;31,32%;317;29,54%;477;33,43%;95;28,11%;;;;;;;;;;;;
SAMSUN;MEHMET AKIF OZGECEN;SINOP DOGU-BATI ILCELER;GRİPORT COLD PAZARI;OTHER COLD PREP - VIT C;791;27,87%;448;41,75%;258;18,08%;85;25,15%;;;;;;;;;;;;
SAMSUN;MEHMET AKIF OZGECEN;SINOP DOGU-BATI ILCELER;GRİPORT COLD PAZARI;GRİBEX COLD FLUE;106;3,74%;35;3,26%;50;3,50%;21;6,21%;;;;;;;;;;;;
SAMSUN;MEHMET AKIF OZGECEN;SINOP DOGU-BATI ILCELER;GRİPORT COLD PAZARI;GRIPORT COLD PAZARI TOPLAM;2.838;100,00%;1.073;100,00%;1.427;100,00%;338;100,00%;;;;;;;;;;;;
SAMSUN;MEHMET AKIF OZGECEN;SINOP DOGU-BATI ILCELER;FAMTREC PAZARI;FAMTREC;3;0,89%;-;0,00%;1;0,58%;2;3,08%;;;;;;;;;;;;
SAMSUN;MEHMET AKIF OZGECEN;SINOP DOGU-BATI ILCELER;FAMTREC PAZARI;BRUFEN;315;93,47%;67;67,00%;146;84,88%;102;156,92%;;;;;;;;;;;;
SAMSUN;MEHMET AKIF OZGECEN;SINOP DOGU-BATI ILCELER;FAMTREC PAZARI;DİĞER FAMOTİDİN;95;28,19%;33;33,00%;25;14,53%;37;56,92%;;;;;;;;;;;;
SAMSUN;MEHMET AKIF OZGECEN;SINOP DOGU-BATI ILCELER;FAMTREC PAZARI;FAMOTİDİN PAZARI TOPLAM;337;100,00%;100;100,00%;172;100,00%;65;100,00%;;;;;;;;;;;;
SAMSUN;GIDILMEYEN SAMSUN;SINOP GUNEY ILCELER;PANTAPROZOL PAZARI;PANOCER TOPLAM;214;5,29%;78;2,58%;68;13,96%;68;12,69%;;;;;;;;;;;;
SAMSUN;GIDILMEYEN SAMSUN;SINOP GUNEY ILCELER;PANTAPROZOL PAZARI;PANTO;2.420;59,77%;2.272;75,08%;51;10,47%;97;18,10%;;;;;;;;;;;;
SAMSUN;GIDILMEYEN SAMSUN;SINOP GUNEY ILCELER;PANTAPROZOL PAZARI;PANTACTIVE;198;4,89%;82;2,71%;24;4,93%;92;17,16%;;;;;;;;;;;;
SAMSUN;GIDILMEYEN SAMSUN;SINOP GUNEY ILCELER;PANTAPROZOL PAZARI;DIGER PANTAPROZOLE;864;21,34%;476;15,73%;144;29,57%;244;45,52%;;;;;;;;;;;;
SAMSUN;GIDILMEYEN SAMSUN;SINOP GUNEY ILCELER;PANTAPROZOL PAZARI;PULCET;353;8,72%;118;3,90%;200;41,07%;35;6,53%;;;;;;;;;;;;
SAMSUN;GIDILMEYEN SAMSUN;SINOP GUNEY ILCELER;PANTAPROZOL PAZARI; PANTOPRAZOLE PAZARI TOPLAM;4.049;100,00%;3.026;100,00%;487;100,00%;536;100,00%;;;;;;;;;;;;
SAMSUN;GIDILMEYEN SAMSUN;SINOP GUNEY ILCELER;ACIDPASS PAZARI;ACIDPASS TOPLAM;51;9,92%;12;21,43%;26;8,31%;13;8,97%;;;;;;;;;;;;
SAMSUN;GIDILMEYEN SAMSUN;SINOP GUNEY ILCELER;ACIDPASS PAZARI;TRIGAST;20;3,89%;14;25,00%;6;1,92%;-;0,00%;;;;;;;;;;;;
SAMSUN;GIDILMEYEN SAMSUN;SINOP GUNEY ILCELER;ACIDPASS PAZARI;TALCID;101;19,65%;2;3,57%;78;24,92%;21;14,48%;;;;;;;;;;;;
SAMSUN;GIDILMEYEN SAMSUN;SINOP GUNEY ILCELER;ACIDPASS PAZARI;RENNIE;324;63,04%;25;44,64%;203;64,86%;96;66,21%;;;;;;;;;;;;
SAMSUN;GIDILMEYEN SAMSUN;SINOP GUNEY ILCELER;ACIDPASS PAZARI;DIGER ACIDPASS;-;0,00%;-;0,00%;-;0,00%;-;0,00%;;;;;;;;;;;;
SAMSUN;GIDILMEYEN SAMSUN;SINOP GUNEY ILCELER;ACIDPASS PAZARI;FAMODİN PLUS;18;3,50%;3;5,36%;-;0,00%;15;10,34%;;;;;;;;;;;;
SAMSUN;GIDILMEYEN SAMSUN;SINOP GUNEY ILCELER;ACIDPASS PAZARI; ACIDPASS PAZARI TOPLAM;514;100,00%;56;100,00%;313;100,00%;145;100,00%;;;;;;;;;;;;
SAMSUN;GIDILMEYEN SAMSUN;SINOP GUNEY ILCELER;MOKSİFLOKSASİN PAZARI;MOKSEFEN;137;77,40%;26;81,25%;91;84,26%;20;54,05%;;;;;;;;;;;;
SAMSUN;GIDILMEYEN SAMSUN;SINOP GUNEY ILCELER;MOKSİFLOKSASİN PAZARI;AVELOX;26;14,69%;6;18,75%;8;7,41%;12;32,43%;;;;;;;;;;;;
SAMSUN;GIDILMEYEN SAMSUN;SINOP GUNEY ILCELER;MOKSİFLOKSASİN PAZARI;MOXAI;9;5,08%;-;0,00%;4;3,70%;5;13,51%;;;;;;;;;;;;
SAMSUN;GIDILMEYEN SAMSUN;SINOP GUNEY ILCELER;MOKSİFLOKSASİN PAZARI;DİĞER MOKSİFLOKSASİN;5;2,82%;-;0,00%;5;4,63%;-;0,00%;;;;;;;;;;;;
SAMSUN;GIDILMEYEN SAMSUN;SINOP GUNEY ILCELER;MOKSİFLOKSASİN PAZARI;DİĞER LEVOFLOKSASİN;-;0,00%;-;0,00%;-;0,00%;-;0,00%;;;;;;;;;;;;
SAMSUN;GIDILMEYEN SAMSUN;SINOP GUNEY ILCELER;MOKSİFLOKSASİN PAZARI;MOKSİFLOKSASİN PAZARI TOPLAM;177;100,00%;32;100,00%;108;100,00%;37;100,00%;;;;;;;;;;;;
SAMSUN;GIDILMEYEN SAMSUN;SINOP GUNEY ILCELER;GRİPORT COLD PAZARI;A FERİN;118;9,01%;25;6,78%;81;17,80%;12;2,47%;;;;;;;;;;;;
SAMSUN;GIDILMEYEN SAMSUN;SINOP GUNEY ILCELER;GRİPORT COLD PAZARI;GRİPORT COLD;-;0,00%;-;0,00%;-;0,00%;-;0,00%;;;;;;;;;;;;
SAMSUN;GIDILMEYEN SAMSUN;SINOP GUNEY ILCELER;GRİPORT COLD PAZARI;KATARIN;227;17,33%;63;17,07%;55;12,09%;109;22,43%;;;;;;;;;;;;
SAMSUN;GIDILMEYEN SAMSUN;SINOP GUNEY ILCELER;GRİPORT COLD PAZARI;NUROFEN COLD FLUE;229;17,48%;96;26,02%;101;22,20%;32;6,58%;;;;;;;;;;;;
SAMSUN;GIDILMEYEN SAMSUN;SINOP GUNEY ILCELER;GRİPORT COLD PAZARI;OTHER COLD PREP;357;27,25%;76;20,60%;90;19,78%;191;39,30%;;;;;;;;;;;;
SAMSUN;GIDILMEYEN SAMSUN;SINOP GUNEY ILCELER;GRİPORT COLD PAZARI;OTHER COLD PREP - VIT C;343;26,18%;108;29,27%;93;20,44%;142;29,22%;;;;;;;;;;;;
SAMSUN;GIDILMEYEN SAMSUN;SINOP GUNEY ILCELER;GRİPORT COLD PAZARI;GRİBEX COLD FLUE;36;2,75%;1;0,27%;35;7,69%;-;0,00%;;;;;;;;;;;;
SAMSUN;GIDILMEYEN SAMSUN;SINOP GUNEY ILCELER;GRİPORT COLD PAZARI;GRIPORT COLD PAZARI TOPLAM;1.310;100,00%;369;100,00%;455;100,00%;486;100,00%;;;;;;;;;;;;
SAMSUN;GIDILMEYEN SAMSUN;SINOP GUNEY ILCELER;FAMTREC PAZARI;FAMTREC;6;1,52%;-;0,00%;3;0,84%;3;37,50%;;;;;;;;;;;;
SAMSUN;GIDILMEYEN SAMSUN;SINOP GUNEY ILCELER;FAMTREC PAZARI;BRUFEN;82;20,76%;18;62,07%;35;9,78%;29;362,50%;;;;;;;;;;;;
SAMSUN;GIDILMEYEN SAMSUN;SINOP GUNEY ILCELER;FAMTREC PAZARI;DİĞER FAMOTİDİN;352;89,11%;11;37,93%;320;89,39%;21;262,50%;;;;;;;;;;;;
SAMSUN;GIDILMEYEN SAMSUN;SINOP GUNEY ILCELER;FAMTREC PAZARI;FAMOTİDİN PAZARI TOPLAM;395;100,00%;29;100,00%;358;100,00%;8;100,00%;;;;;;;;;;;;
SAMSUN;MEHMET AKIF OZGECEN;SINOP MERKEZ;PANTAPROZOL PAZARI;PANOCER TOPLAM;217;10,18%;4;0,30%;101;19,73%;112;37,71%;;;;;;;;;;;;
SAMSUN;MEHMET AKIF OZGECEN;SINOP MERKEZ;PANTAPROZOL PAZARI;PANTO;1.126;52,81%;1.048;79,21%;56;10,94%;22;7,41%;;;;;;;;;;;;
SAMSUN;MEHMET AKIF OZGECEN;SINOP MERKEZ;PANTAPROZOL PAZARI;PANTACTIVE;27;1,27%;12;0,91%;-;0,00%;15;5,05%;;;;;;;;;;;;
SAMSUN;MEHMET AKIF OZGECEN;SINOP MERKEZ;PANTAPROZOL PAZARI;DIGER PANTAPROZOLE;373;17,50%;174;13,15%;125;24,41%;74;24,92%;;;;;;;;;;;;
SAMSUN;MEHMET AKIF OZGECEN;SINOP MERKEZ;PANTAPROZOL PAZARI;PULCET;389;18,25%;85;6,42%;230;44,92%;74;24,92%;;;;;;;;;;;;
SAMSUN;MEHMET AKIF OZGECEN;SINOP MERKEZ;PANTAPROZOL PAZARI; PANTOPRAZOLE PAZARI TOPLAM;2.132;100,00%;1.323;100,00%;512;100,00%;297;100,00%;;;;;;;;;;;;
SAMSUN;MEHMET AKIF OZGECEN;SINOP MERKEZ;ACIDPASS PAZARI;ACIDPASS TOPLAM;181;22,02%;40;19,70%;97;35,79%;44;12,64%;;;;;;;;;;;;
SAMSUN;MEHMET AKIF OZGECEN;SINOP MERKEZ;ACIDPASS PAZARI;TRIGAST;25;3,04%;4;1,97%;-;0,00%;21;6,03%;;;;;;;;;;;;
SAMSUN;MEHMET AKIF OZGECEN;SINOP MERKEZ;ACIDPASS PAZARI;TALCID;100;12,17%;33;16,26%;36;13,28%;31;8,91%;;;;;;;;;;;;
SAMSUN;MEHMET AKIF OZGECEN;SINOP MERKEZ;ACIDPASS PAZARI;RENNIE;348;42,34%;47;23,15%;137;50,55%;164;47,13%;;;;;;;;;;;;
SAMSUN;MEHMET AKIF OZGECEN;SINOP MERKEZ;ACIDPASS PAZARI;DIGER ACIDPASS;3;0,36%;1;0,49%;2;0,74%;-;0,00%;;;;;;;;;;;;
SAMSUN;MEHMET AKIF OZGECEN;SINOP MERKEZ;ACIDPASS PAZARI;FAMODİN PLUS;165;20,07%;78;38,42%;-1;-0,37%;88;25,29%;;;;;;;;;;;;
SAMSUN;MEHMET AKIF OZGECEN;SINOP MERKEZ;ACIDPASS PAZARI; ACIDPASS PAZARI TOPLAM;822;100,00%;203;100,00%;271;100,00%;348;100,00%;;;;;;;;;;;;
SAMSUN;MEHMET AKIF OZGECEN;SINOP MERKEZ;MOKSİFLOKSASİN PAZARI;MOKSEFEN;36;52,17%;-;0,00%;30;81,08%;6;42,86%;;;;;;;;;;;;
SAMSUN;MEHMET AKIF OZGECEN;SINOP MERKEZ;MOKSİFLOKSASİN PAZARI;AVELOX;33;47,83%;18;100,00%;7;18,92%;8;57,14%;;;;;;;;;;;;
SAMSUN;MEHMET AKIF OZGECEN;SINOP MERKEZ;MOKSİFLOKSASİN PAZARI;MOXAI;-;0,00%;-;0,00%;-;0,00%;-;0,00%;;;;;;;;;;;;
SAMSUN;MEHMET AKIF OZGECEN;SINOP MERKEZ;MOKSİFLOKSASİN PAZARI;DİĞER MOKSİFLOKSASİN;-;0,00%;-;0,00%;-;0,00%;-;0,00%;;;;;;;;;;;;
SAMSUN;MEHMET AKIF OZGECEN;SINOP MERKEZ;MOKSİFLOKSASİN PAZARI;DİĞER LEVOFLOKSASİN;-;0,00%;-;0,00%;-;0,00%;-;0,00%;;;;;;;;;;;;
SAMSUN;MEHMET AKIF OZGECEN;SINOP MERKEZ;MOKSİFLOKSASİN PAZARI;MOKSİFLOKSASİN PAZARI TOPLAM;69;100,00%;18;100,00%;37;100,00%;14;100,00%;;;;;;;;;;;;
SAMSUN;MEHMET AKIF OZGECEN;SINOP MERKEZ;GRİPORT COLD PAZARI;A FERİN;360;8,78%;163;15,90%;119;5,79%;78;7,66%;;;;;;;;;;;;
SAMSUN;MEHMET AKIF OZGECEN;SINOP MERKEZ;GRİPORT COLD PAZARI;GRİPORT COLD;146;10,74%;53;5,17%;90;4,38%;3;0,29%;;;;;;;;;;;;
SAMSUN;MEHMET AKIF OZGECEN;SINOP MERKEZ;GRİPORT COLD PAZARI;KATARIN;194;4,73%;61;5,95%;96;4,67%;37;3,63%;;;;;;;;;;;;
SAMSUN;MEHMET AKIF OZGECEN;SINOP MERKEZ;GRİPORT COLD PAZARI;NUROFEN COLD FLUE;1.360;33,17%;150;14,63%;930;45,21%;280;27,50%;;;;;;;;;;;;
SAMSUN;MEHMET AKIF OZGECEN;SINOP MERKEZ;GRİPORT COLD PAZARI;OTHER COLD PREP;1.182;28,83%;400;39,02%;393;19,11%;389;38,21%;;;;;;;;;;;;
SAMSUN;MEHMET AKIF OZGECEN;SINOP MERKEZ;GRİPORT COLD PAZARI;OTHER COLD PREP - VIT C;801;19,54%;192;18,73%;394;19,15%;215;21,12%;;;;;;;;;;;;
SAMSUN;MEHMET AKIF OZGECEN;SINOP MERKEZ;GRİPORT COLD PAZARI;GRİBEX COLD FLUE;57;1,39%;6;0,59%;35;1,70%;16;1,57%;;;;;;;;;;;;
SAMSUN;MEHMET AKIF OZGECEN;SINOP MERKEZ;GRİPORT COLD PAZARI;GRIPORT COLD PAZARI TOPLAM;4.100;100,00%;1.025;100,00%;2.057;100,00%;1.018;100,00%;;;;;;;;;;;;
SAMSUN;MEHMET AKIF OZGECEN;SINOP MERKEZ;FAMTREC PAZARI;FAMTREC;-;0,00%;-;0,00%;-;0,00%;-;0,00%;;;;;;;;;;;;
SAMSUN;MEHMET AKIF OZGECEN;SINOP MERKEZ;FAMTREC PAZARI;BRUFEN;93;92,08%;15;100,00%;20;39,22%;58;165,71%;;;;;;;;;;;;
SAMSUN;MEHMET AKIF OZGECEN;SINOP MERKEZ;FAMTREC PAZARI;DİĞER FAMOTİDİN;54;53,47%;-;0,00%;31;60,78%;23;65,71%;;;;;;;;;;;;
SAMSUN;MEHMET AKIF OZGECEN;SINOP MERKEZ;FAMTREC PAZARI;FAMOTİDİN PAZARI TOPLAM;101;100,00%;15;100,00%;51;100,00%;35;100,00%;;;;;;;;;;;;
SAMSUN;SAMET CETIN;SIVAS MERKEZ -1;PANTAPROZOL PAZARI;PANOCER TOPLAM;574;31,64%;561;32,60%;13;20,00%;-;0,00%;;;;;;;;;;;;
SAMSUN;SAMET CETIN;SIVAS MERKEZ -1;PANTAPROZOL PAZARI;PANTO;980;54,02%;960;55,78%;5;7,69%;15;53,57%;;;;;;;;;;;;
SAMSUN;SAMET CETIN;SIVAS MERKEZ -1;PANTAPROZOL PAZARI;PANTACTIVE;6;0,33%;6;0,35%;-;0,00%;-;0,00%;;;;;;;;;;;;
SAMSUN;SAMET CETIN;SIVAS MERKEZ -1;PANTAPROZOL PAZARI;DIGER PANTAPROZOLE;207;11,41%;180;10,46%;24;36,92%;3;10,71%;;;;;;;;;;;;
SAMSUN;SAMET CETIN;SIVAS MERKEZ -1;PANTAPROZOL PAZARI;PULCET;47;2,59%;14;0,81%;23;35,38%;10;35,71%;;;;;;;;;;;;
SAMSUN;SAMET CETIN;SIVAS MERKEZ -1;PANTAPROZOL PAZARI; PANTOPRAZOLE PAZARI TOPLAM;1.814;100,00%;1.721;100,00%;65;100,00%;28;100,00%;;;;;;;;;;;;
SAMSUN;SAMET CETIN;SIVAS MERKEZ -1;ACIDPASS PAZARI;ACIDPASS TOPLAM;8;2,01%;3;2,38%;2;2,60%;3;1,53%;;;;;;;;;;;;
SAMSUN;SAMET CETIN;SIVAS MERKEZ -1;ACIDPASS PAZARI;TRIGAST;58;14,54%;11;8,73%;34;44,16%;13;6,63%;;;;;;;;;;;;
SAMSUN;SAMET CETIN;SIVAS MERKEZ -1;ACIDPASS PAZARI;TALCID;245;61,40%;44;34,92%;21;27,27%;180;91,84%;;;;;;;;;;;;
SAMSUN;SAMET CETIN;SIVAS MERKEZ -1;ACIDPASS PAZARI;RENNIE;21;5,26%;21;16,67%;-;0,00%;-;0,00%;;;;;;;;;;;;
SAMSUN;SAMET CETIN;SIVAS MERKEZ -1;ACIDPASS PAZARI;DIGER ACIDPASS;1;0,25%;-;0,00%;1;1,30%;-;0,00%;;;;;;;;;;;;
SAMSUN;SAMET CETIN;SIVAS MERKEZ -1;ACIDPASS PAZARI;FAMODİN PLUS;66;16,54%;47;37,30%;19;24,68%;-;0,00%;;;;;;;;;;;;
SAMSUN;SAMET CETIN;SIVAS MERKEZ -1;ACIDPASS PAZARI; ACIDPASS PAZARI TOPLAM;399;100,00%;126;100,00%;77;100,00%;196;100,00%;;;;;;;;;;;;
SAMSUN;SAMET CETIN;SIVAS MERKEZ -1;MOKSİFLOKSASİN PAZARI;MOKSEFEN;-;0,00%;-;0,00%;-;0,00%;-;0,00%;;;;;;;;;;;;
SAMSUN;SAMET CETIN;SIVAS MERKEZ -1;MOKSİFLOKSASİN PAZARI;AVELOX;14;48,28%;11;100,00%;3;25,00%;-;0,00%;;;;;;;;;;;;
SAMSUN;SAMET CETIN;SIVAS MERKEZ -1;MOKSİFLOKSASİN PAZARI;MOXAI;8;27,59%;-;0,00%;2;16,67%;6;100,00%;;;;;;;;;;;;
SAMSUN;SAMET CETIN;SIVAS MERKEZ -1;MOKSİFLOKSASİN PAZARI;DİĞER MOKSİFLOKSASİN;-;0,00%;-;0,00%;-;0,00%;-;0,00%;;;;;;;;;;;;
SAMSUN;SAMET CETIN;SIVAS MERKEZ -1;MOKSİFLOKSASİN PAZARI;DİĞER LEVOFLOKSASİN;7;24,14%;-;0,00%;7;58,33%;-;0,00%;;;;;;;;;;;;
SAMSUN;SAMET CETIN;SIVAS MERKEZ -1;MOKSİFLOKSASİN PAZARI;MOKSİFLOKSASİN PAZARI TOPLAM;29;100,00%;11;100,00%;12;100,00%;6;100,00%;;;;;;;;;;;;
SAMSUN;SAMET CETIN;SIVAS MERKEZ -1;GRİPORT COLD PAZARI;A FERİN;442;48,95%;55;18,90%;382;79,75%;5;3,76%;;;;;;;;;;;;
SAMSUN;SAMET CETIN;SIVAS MERKEZ -1;GRİPORT COLD PAZARI;GRİPORT COLD;-;0,00%;-;0,00%;-;0,00%;-;0,00%;;;;;;;;;;;;
SAMSUN;SAMET CETIN;SIVAS MERKEZ -1;GRİPORT COLD PAZARI;KATARIN;55;6,09%;15;5,15%;5;1,04%;35;26,32%;;;;;;;;;;;;
SAMSUN;SAMET CETIN;SIVAS MERKEZ -1;GRİPORT COLD PAZARI;NUROFEN COLD FLUE;8;0,89%;3;1,03%;5;1,04%;-;0,00%;;;;;;;;;;;;
SAMSUN;SAMET CETIN;SIVAS MERKEZ -1;GRİPORT COLD PAZARI;OTHER COLD PREP;216;23,92%;138;47,42%;38;7,93%;40;30,08%;;;;;;;;;;;;
SAMSUN;SAMET CETIN;SIVAS MERKEZ -1;GRİPORT COLD PAZARI;OTHER COLD PREP - VIT C;123;13,62%;65;22,34%;5;1,04%;53;39,85%;;;;;;;;;;;;
SAMSUN;SAMET CETIN;SIVAS MERKEZ -1;GRİPORT COLD PAZARI;GRİBEX COLD FLUE;59;6,53%;15;5,15%;44;9,19%;-;0,00%;;;;;;;;;;;;
SAMSUN;SAMET CETIN;SIVAS MERKEZ -1;GRİPORT COLD PAZARI;GRIPORT COLD PAZARI TOPLAM;903;100,00%;291;100,00%;479;100,00%;133;100,00%;;;;;;;;;;;;
SAMSUN;SAMET CETIN;SIVAS MERKEZ -1;FAMTREC PAZARI;FAMTREC;-;0,00%;-;0,00%;-;0,00%;-;0,00%;;;;;;;;;;;;
SAMSUN;SAMET CETIN;SIVAS MERKEZ -1;FAMTREC PAZARI;BRUFEN;97;173,21%;20;100,00%;16;100,00%;61;305,00%;;;;;;;;;;;;
SAMSUN;SAMET CETIN;SIVAS MERKEZ -1;FAMTREC PAZARI;DİĞER FAMOTİDİN;41;73,21%;-;0,00%;-;0,00%;41;205,00%;;;;;;;;;;;;
SAMSUN;SAMET CETIN;SIVAS MERKEZ -1;FAMTREC PAZARI;FAMOTİDİN PAZARI TOPLAM;56;100,00%;20;100,00%;16;100,00%;20;100,00%;;;;;;;;;;;;
SAMSUN;SAMET CETIN;SIVAS MERKEZ -2;PANTAPROZOL PAZARI;PANOCER TOPLAM;422;7,88%;155;3,59%;124;27,49%;143;24,28%;;;;;;;;;;;;
SAMSUN;SAMET CETIN;SIVAS MERKEZ -2;PANTAPROZOL PAZARI;PANTO;4.340;81,03%;4.040;93,61%;81;17,96%;219;37,18%;;;;;;;;;;;;
SAMSUN;SAMET CETIN;SIVAS MERKEZ -2;PANTAPROZOL PAZARI;PANTACTIVE;72;1,34%;24;0,56%;36;7,98%;12;2,04%;;;;;;;;;;;;
SAMSUN;SAMET CETIN;SIVAS MERKEZ -2;PANTAPROZOL PAZARI;DIGER PANTAPROZOLE;371;6,93%;73;1,69%;123;27,27%;175;29,71%;;;;;;;;;;;;
SAMSUN;SAMET CETIN;SIVAS MERKEZ -2;PANTAPROZOL PAZARI;PULCET;151;2,82%;24;0,56%;87;19,29%;40;6,79%;;;;;;;;;;;;
SAMSUN;SAMET CETIN;SIVAS MERKEZ -2;PANTAPROZOL PAZARI; PANTOPRAZOLE PAZARI TOPLAM;5.356;100,00%;4.316;100,00%;451;100,00%;589;100,00%;;;;;;;;;;;;
SAMSUN;SAMET CETIN;SIVAS MERKEZ -2;ACIDPASS PAZARI;ACIDPASS TOPLAM;182;10,42%;101;12,74%;28;6,97%;53;9,62%;;;;;;;;;;;;
SAMSUN;SAMET CETIN;SIVAS MERKEZ -2;ACIDPASS PAZARI;TRIGAST;361;20,68%;39;4,92%;71;17,66%;251;45,55%;;;;;;;;;;;;
SAMSUN;SAMET CETIN;SIVAS MERKEZ -2;ACIDPASS PAZARI;TALCID;111;6,36%;52;6,56%;45;11,19%;14;2,54%;;;;;;;;;;;;
SAMSUN;SAMET CETIN;SIVAS MERKEZ -2;ACIDPASS PAZARI;RENNIE;442;25,32%;101;12,74%;210;52,24%;131;23,77%;;;;;;;;;;;;
SAMSUN;SAMET CETIN;SIVAS MERKEZ -2;ACIDPASS PAZARI;DIGER ACIDPASS;23;1,32%;9;1,13%;14;3,48%;-;0,00%;;;;;;;;;;;;
SAMSUN;SAMET CETIN;SIVAS MERKEZ -2;ACIDPASS PAZARI;FAMODİN PLUS;627;35,91%;491;61,92%;34;8,46%;102;18,51%;;;;;;;;;;;;
SAMSUN;SAMET CETIN;SIVAS MERKEZ -2;ACIDPASS PAZARI; ACIDPASS PAZARI TOPLAM;1.746;100,00%;793;100,00%;402;100,00%;551;100,00%;;;;;;;;;;;;
SAMSUN;SAMET CETIN;SIVAS MERKEZ -2;MOKSİFLOKSASİN PAZARI;MOKSEFEN;123;16,33%;115;23,47%;2;1,68%;6;4,17%;;;;;;;;;;;;
SAMSUN;SAMET CETIN;SIVAS MERKEZ -2;MOKSİFLOKSASİN PAZARI;AVELOX;51;6,77%;19;3,88%;10;8,40%;22;15,28%;;;;;;;;;;;;
SAMSUN;SAMET CETIN;SIVAS MERKEZ -2;MOKSİFLOKSASİN PAZARI;MOXAI;430;57,10%;323;65,92%;107;89,92%;-;0,00%;;;;;;;;;;;;
SAMSUN;SAMET CETIN;SIVAS MERKEZ -2;MOKSİFLOKSASİN PAZARI;DİĞER MOKSİFLOKSASİN;149;19,79%;33;6,73%;-;0,00%;116;80,56%;;;;;;;;;;;;
SAMSUN;SAMET CETIN;SIVAS MERKEZ -2;MOKSİFLOKSASİN PAZARI;DİĞER LEVOFLOKSASİN;-;0,00%;-;0,00%;-;0,00%;-;0,00%;;;;;;;;;;;;
SAMSUN;SAMET CETIN;SIVAS MERKEZ -2;MOKSİFLOKSASİN PAZARI;MOKSİFLOKSASİN PAZARI TOPLAM;753;100,00%;490;100,00%;119;100,00%;144;100,00%;;;;;;;;;;;;
SAMSUN;SAMET CETIN;SIVAS MERKEZ -2;GRİPORT COLD PAZARI;A FERİN;484;13,11%;201;27,80%;110;5,92%;173;15,59%;;;;;;;;;;;;
SAMSUN;SAMET CETIN;SIVAS MERKEZ -2;GRİPORT COLD PAZARI;GRİPORT COLD;107;44,21%;5;0,69%;93;5,00%;9;0,81%;;;;;;;;;;;;
SAMSUN;SAMET CETIN;SIVAS MERKEZ -2;GRİPORT COLD PAZARI;KATARIN;311;8,42%;41;5,67%;125;6,72%;145;13,06%;;;;;;;;;;;;
SAMSUN;SAMET CETIN;SIVAS MERKEZ -2;GRİPORT COLD PAZARI;NUROFEN COLD FLUE;242;6,55%;30;4,15%;193;10,38%;19;1,71%;;;;;;;;;;;;
SAMSUN;SAMET CETIN;SIVAS MERKEZ -2;GRİPORT COLD PAZARI;OTHER COLD PREP;823;22,29%;214;29,60%;369;19,85%;240;21,62%;;;;;;;;;;;;
SAMSUN;SAMET CETIN;SIVAS MERKEZ -2;GRİPORT COLD PAZARI;OTHER COLD PREP - VIT C;955;25,87%;220;30,43%;260;13,99%;475;42,79%;;;;;;;;;;;;
SAMSUN;SAMET CETIN;SIVAS MERKEZ -2;GRİPORT COLD PAZARI;GRİBEX COLD FLUE;770;20,86%;12;1,66%;709;38,14%;49;4,41%;;;;;;;;;;;;
SAMSUN;SAMET CETIN;SIVAS MERKEZ -2;GRİPORT COLD PAZARI;GRIPORT COLD PAZARI TOPLAM;3.692;100,00%;723;100,00%;1.859;100,00%;1.110;100,00%;;;;;;;;;;;;
SAMSUN;SAMET CETIN;SIVAS MERKEZ -2;FAMTREC PAZARI;FAMTREC;18;3,81%;8;4,55%;10;6,10%;-;0,00%;;;;;;;;;;;;
SAMSUN;SAMET CETIN;SIVAS MERKEZ -2;FAMTREC PAZARI;BRUFEN;615;130,30%;145;82,39%;105;64,02%;365;276,52%;;;;;;;;;;;;
SAMSUN;SAMET CETIN;SIVAS MERKEZ -2;FAMTREC PAZARI;DİĞER FAMOTİDİN;305;64,62%;23;13,07%;49;29,88%;233;176,52%;;;;;;;;;;;;
SAMSUN;SAMET CETIN;SIVAS MERKEZ -2;FAMTREC PAZARI;FAMOTİDİN PAZARI TOPLAM;472;100,00%;176;100,00%;164;100,00%;132;100,00%;;;;;;;;;;;;
SAMSUN;SAMET CETIN;SIVAS MERKEZ -3;PANTAPROZOL PAZARI;PANOCER TOPLAM;142;5,05%;13;0,52%;129;51,81%;-;0,00%;;;;;;;;;;;;
SAMSUN;SAMET CETIN;SIVAS MERKEZ -3;PANTAPROZOL PAZARI;PANTO;2.521;89,68%;2.435;97,83%;46;18,47%;40;54,79%;;;;;;;;;;;;
SAMSUN;SAMET CETIN;SIVAS MERKEZ -3;PANTAPROZOL PAZARI;PANTACTIVE;58;2,06%;-;0,00%;52;20,88%;6;8,22%;;;;;;;;;;;;
SAMSUN;SAMET CETIN;SIVAS MERKEZ -3;PANTAPROZOL PAZARI;DIGER PANTAPROZOLE;79;2,81%;41;1,65%;16;6,43%;22;30,14%;;;;;;;;;;;;
SAMSUN;SAMET CETIN;SIVAS MERKEZ -3;PANTAPROZOL PAZARI;PULCET;11;0,39%;-;0,00%;6;2,41%;5;6,85%;;;;;;;;;;;;
SAMSUN;SAMET CETIN;SIVAS MERKEZ -3;PANTAPROZOL PAZARI; PANTOPRAZOLE PAZARI TOPLAM;2.811;100,00%;2.489;100,00%;249;100,00%;73;100,00%;;;;;;;;;;;;
SAMSUN;SAMET CETIN;SIVAS MERKEZ -3;ACIDPASS PAZARI;ACIDPASS TOPLAM;312;19,87%;34;4,80%;255;44,27%;23;8,07%;;;;;;;;;;;;
SAMSUN;SAMET CETIN;SIVAS MERKEZ -3;ACIDPASS PAZARI;TRIGAST;237;15,10%;206;29,05%;14;2,43%;17;5,96%;;;;;;;;;;;;
SAMSUN;SAMET CETIN;SIVAS MERKEZ -3;ACIDPASS PAZARI;TALCID;263;16,75%;5;0,71%;29;5,03%;229;80,35%;;;;;;;;;;;;
SAMSUN;SAMET CETIN;SIVAS MERKEZ -3;ACIDPASS PAZARI;RENNIE;327;20,83%;47;6,63%;276;47,92%;4;1,40%;;;;;;;;;;;;
SAMSUN;SAMET CETIN;SIVAS MERKEZ -3;ACIDPASS PAZARI;DIGER ACIDPASS;1;0,06%;-;0,00%;-;0,00%;1;0,35%;;;;;;;;;;;;
SAMSUN;SAMET CETIN;SIVAS MERKEZ -3;ACIDPASS PAZARI;FAMODİN PLUS;430;27,39%;417;58,82%;2;0,35%;11;3,86%;;;;;;;;;;;;
SAMSUN;SAMET CETIN;SIVAS MERKEZ -3;ACIDPASS PAZARI; ACIDPASS PAZARI TOPLAM;1.570;100,00%;709;100,00%;576;100,00%;285;100,00%;;;;;;;;;;;;
SAMSUN;SAMET CETIN;SIVAS MERKEZ -3;MOKSİFLOKSASİN PAZARI;MOKSEFEN;132;75,00%;30;81,08%;-;0,00%;102;85,71%;;;;;;;;;;;;
SAMSUN;SAMET CETIN;SIVAS MERKEZ -3;MOKSİFLOKSASİN PAZARI;AVELOX;25;14,20%;3;8,11%;5;25,00%;17;14,29%;;;;;;;;;;;;
SAMSUN;SAMET CETIN;SIVAS MERKEZ -3;MOKSİFLOKSASİN PAZARI;MOXAI;4;2,27%;4;10,81%;-;0,00%;-;0,00%;;;;;;;;;;;;
SAMSUN;SAMET CETIN;SIVAS MERKEZ -3;MOKSİFLOKSASİN PAZARI;DİĞER MOKSİFLOKSASİN;-;0,00%;-;0,00%;-;0,00%;-;0,00%;;;;;;;;;;;;
SAMSUN;SAMET CETIN;SIVAS MERKEZ -3;MOKSİFLOKSASİN PAZARI;DİĞER LEVOFLOKSASİN;15;8,52%;-;0,00%;15;75,00%;-;0,00%;;;;;;;;;;;;
SAMSUN;SAMET CETIN;SIVAS MERKEZ -3;MOKSİFLOKSASİN PAZARI;MOKSİFLOKSASİN PAZARI TOPLAM;176;100,00%;37;100,00%;20;100,00%;119;100,00%;;;;;;;;;;;;
SAMSUN;SAMET CETIN;SIVAS MERKEZ -3;GRİPORT COLD PAZARI;A FERİN;1.641;59,14%;12;2,48%;1.593;80,25%;36;11,73%;;;;;;;;;;;;
SAMSUN;SAMET CETIN;SIVAS MERKEZ -3;GRİPORT COLD PAZARI;GRİPORT COLD;37;86,05%;15;3,11%;22;1,11%;-;0,00%;;;;;;;;;;;;
SAMSUN;SAMET CETIN;SIVAS MERKEZ -3;GRİPORT COLD PAZARI;KATARIN;74;2,67%;19;3,93%;17;0,86%;38;12,38%;;;;;;;;;;;;
SAMSUN;SAMET CETIN;SIVAS MERKEZ -3;GRİPORT COLD PAZARI;NUROFEN COLD FLUE;43;1,55%;1;0,21%;77;3,88%;-35;-11,40%;;;;;;;;;;;;
SAMSUN;SAMET CETIN;SIVAS MERKEZ -3;GRİPORT COLD PAZARI;OTHER COLD PREP;603;21,73%;283;58,59%;188;9,47%;132;43,00%;;;;;;;;;;;;
SAMSUN;SAMET CETIN;SIVAS MERKEZ -3;GRİPORT COLD PAZARI;OTHER COLD PREP - VIT C;297;10,70%;110;22,77%;51;2,57%;136;44,30%;;;;;;;;;;;;
SAMSUN;SAMET CETIN;SIVAS MERKEZ -3;GRİPORT COLD PAZARI;GRİBEX COLD FLUE;80;2,88%;43;8,90%;37;1,86%;-;0,00%;;;;;;;;;;;;
SAMSUN;SAMET CETIN;SIVAS MERKEZ -3;GRİPORT COLD PAZARI;GRIPORT COLD PAZARI TOPLAM;2.775;100,00%;483;100,00%;1.985;100,00%;307;100,00%;;;;;;;;;;;;
SAMSUN;SAMET CETIN;SIVAS MERKEZ -3;FAMTREC PAZARI;FAMTREC;-;0,00%;-;0,00%;-;0,00%;-;0,00%;;;;;;;;;;;;
SAMSUN;SAMET CETIN;SIVAS MERKEZ -3;FAMTREC PAZARI;BRUFEN;114;70,37%;32;34,78%;45;88,24%;37;194,74%;;;;;;;;;;;;
SAMSUN;SAMET CETIN;SIVAS MERKEZ -3;FAMTREC PAZARI;DİĞER FAMOTİDİN;84;51,85%;60;65,22%;6;11,76%;18;94,74%;;;;;;;;;;;;
SAMSUN;SAMET CETIN;SIVAS MERKEZ -3;FAMTREC PAZARI;FAMOTİDİN PAZARI TOPLAM;162;100,00%;92;100,00%;51;100,00%;19;100,00%;;;;;;;;;;;;
SAMSUN;SAMET CETIN;SIVAS MERKEZ -4;PANTAPROZOL PAZARI;PANOCER TOPLAM;788;12,42%;68;1,69%;407;55,98%;313;19,53%;;;;;;;;;;;;
SAMSUN;SAMET CETIN;SIVAS MERKEZ -4;PANTAPROZOL PAZARI;PANTO;4.676;73,68%;3.623;90,21%;133;18,29%;920;57,39%;;;;;;;;;;;;
SAMSUN;SAMET CETIN;SIVAS MERKEZ -4;PANTAPROZOL PAZARI;PANTACTIVE;202;3,18%;18;0,45%;18;2,48%;166;10,36%;;;;;;;;;;;;
SAMSUN;SAMET CETIN;SIVAS MERKEZ -4;PANTAPROZOL PAZARI;DIGER PANTAPROZOLE;508;8,01%;267;6,65%;81;11,14%;160;9,98%;;;;;;;;;;;;
SAMSUN;SAMET CETIN;SIVAS MERKEZ -4;PANTAPROZOL PAZARI;PULCET;172;2,71%;40;1,00%;88;12,10%;44;2,74%;;;;;;;;;;;;
SAMSUN;SAMET CETIN;SIVAS MERKEZ -4;PANTAPROZOL PAZARI; PANTOPRAZOLE PAZARI TOPLAM;6.346;100,00%;4.016;100,00%;727;100,00%;1.603;100,00%;;;;;;;;;;;;
SAMSUN;SAMET CETIN;SIVAS MERKEZ -4;ACIDPASS PAZARI;ACIDPASS TOPLAM;128;5,09%;66;6,80%;22;2,97%;40;4,98%;;;;;;;;;;;;
SAMSUN;SAMET CETIN;SIVAS MERKEZ -4;ACIDPASS PAZARI;TRIGAST;541;21,51%;129;13,29%;198;26,76%;214;26,62%;;;;;;;;;;;;
SAMSUN;SAMET CETIN;SIVAS MERKEZ -4;ACIDPASS PAZARI;TALCID;422;16,78%;103;10,61%;63;8,51%;256;31,84%;;;;;;;;;;;;
SAMSUN;SAMET CETIN;SIVAS MERKEZ -4;ACIDPASS PAZARI;RENNIE;548;21,79%;98;10,09%;331;44,73%;119;14,80%;;;;;;;;;;;;
SAMSUN;SAMET CETIN;SIVAS MERKEZ -4;ACIDPASS PAZARI;DIGER ACIDPASS;7;0,28%;-;0,00%;5;0,68%;2;0,25%;;;;;;;;;;;;
SAMSUN;SAMET CETIN;SIVAS MERKEZ -4;ACIDPASS PAZARI;FAMODİN PLUS;869;34,55%;575;59,22%;121;16,35%;173;21,52%;;;;;;;;;;;;
SAMSUN;SAMET CETIN;SIVAS MERKEZ -4;ACIDPASS PAZARI; ACIDPASS PAZARI TOPLAM;2.515;100,00%;971;100,00%;740;100,00%;804;100,00%;;;;;;;;;;;;
SAMSUN;SAMET CETIN;SIVAS MERKEZ -4;MOKSİFLOKSASİN PAZARI;MOKSEFEN;56;14,62%;6;4,23%;-;0,00%;50;38,17%;;;;;;;;;;;;
SAMSUN;SAMET CETIN;SIVAS MERKEZ -4;MOKSİFLOKSASİN PAZARI;AVELOX;85;22,19%;30;21,13%;19;17,27%;36;27,48%;;;;;;;;;;;;
SAMSUN;SAMET CETIN;SIVAS MERKEZ -4;MOKSİFLOKSASİN PAZARI;MOXAI;185;48,30%;75;52,82%;80;72,73%;30;22,90%;;;;;;;;;;;;
SAMSUN;SAMET CETIN;SIVAS MERKEZ -4;MOKSİFLOKSASİN PAZARI;DİĞER MOKSİFLOKSASİN;42;10,97%;31;21,83%;11;10,00%;-;0,00%;;;;;;;;;;;;
SAMSUN;SAMET CETIN;SIVAS MERKEZ -4;MOKSİFLOKSASİN PAZARI;DİĞER LEVOFLOKSASİN;15;3,92%;-;0,00%;-;0,00%;15;11,45%;;;;;;;;;;;;
SAMSUN;SAMET CETIN;SIVAS MERKEZ -4;MOKSİFLOKSASİN PAZARI;MOKSİFLOKSASİN PAZARI TOPLAM;383;100,00%;142;100,00%;110;100,00%;131;100,00%;;;;;;;;;;;;
SAMSUN;SAMET CETIN;SIVAS MERKEZ -4;GRİPORT COLD PAZARI;A FERİN;1.568;25,99%;908;34,79%;567;26,26%;93;7,36%;;;;;;;;;;;;
SAMSUN;SAMET CETIN;SIVAS MERKEZ -4;GRİPORT COLD PAZARI;GRİPORT COLD;82;109,33%;48;1,84%;16;0,74%;18;1,42%;;;;;;;;;;;;
SAMSUN;SAMET CETIN;SIVAS MERKEZ -4;GRİPORT COLD PAZARI;KATARIN;539;8,93%;64;2,45%;333;15,42%;142;11,23%;;;;;;;;;;;;
SAMSUN;SAMET CETIN;SIVAS MERKEZ -4;GRİPORT COLD PAZARI;NUROFEN COLD FLUE;75;1,24%;16;0,61%;43;1,99%;16;1,27%;;;;;;;;;;;;
SAMSUN;SAMET CETIN;SIVAS MERKEZ -4;GRİPORT COLD PAZARI;OTHER COLD PREP;1.465;24,28%;795;30,46%;330;15,28%;340;26,90%;;;;;;;;;;;;
SAMSUN;SAMET CETIN;SIVAS MERKEZ -4;GRİPORT COLD PAZARI;OTHER COLD PREP - VIT C;1.675;27,76%;699;26,78%;387;17,93%;589;46,60%;;;;;;;;;;;;
SAMSUN;SAMET CETIN;SIVAS MERKEZ -4;GRİPORT COLD PAZARI;GRİBEX COLD FLUE;629;10,43%;80;3,07%;483;22,37%;66;5,22%;;;;;;;;;;;;
SAMSUN;SAMET CETIN;SIVAS MERKEZ -4;GRİPORT COLD PAZARI;GRIPORT COLD PAZARI TOPLAM;6.033;100,00%;2.610;100,00%;2.159;100,00%;1.264;100,00%;;;;;;;;;;;;
SAMSUN;SAMET CETIN;SIVAS MERKEZ -4;FAMTREC PAZARI;FAMTREC;-;0,00%;-;0,00%;-;0,00%;-;0,00%;;;;;;;;;;;;
SAMSUN;SAMET CETIN;SIVAS MERKEZ -4;FAMTREC PAZARI;BRUFEN;563;126,23%;172;90,05%;209;98,58%;182;423,26%;;;;;;;;;;;;
SAMSUN;SAMET CETIN;SIVAS MERKEZ -4;FAMTREC PAZARI;DİĞER FAMOTİDİN;161;36,10%;19;9,95%;3;1,42%;139;323,26%;;;;;;;;;;;;
SAMSUN;SAMET CETIN;SIVAS MERKEZ -4;FAMTREC PAZARI;FAMOTİDİN PAZARI TOPLAM;446;100,00%;191;100,00%;212;100,00%;43;100,00%;;;;;;;;;;;;
SAMSUN;SAMET CETIN;TOKAT BATI ILCELER;PANTAPROZOL PAZARI;PANOCER TOPLAM;960;21,71%;499;20,98%;122;8,41%;339;57,36%;;;;;;;;;;;;
SAMSUN;SAMET CETIN;TOKAT BATI ILCELER;PANTAPROZOL PAZARI;PANTO;1.890;42,75%;1.716;72,13%;75;5,17%;99;16,75%;;;;;;;;;;;;
SAMSUN;SAMET CETIN;TOKAT BATI ILCELER;PANTAPROZOL PAZARI;PANTACTIVE;190;4,30%;12;0,50%;172;11,85%;6;1,02%;;;;;;;;;;;;
SAMSUN;SAMET CETIN;TOKAT BATI ILCELER;PANTAPROZOL PAZARI;DIGER PANTAPROZOLE;301;6,81%;61;2,56%;123;8,48%;117;19,80%;;;;;;;;;;;;
SAMSUN;SAMET CETIN;TOKAT BATI ILCELER;PANTAPROZOL PAZARI;PULCET;1.080;24,43%;91;3,83%;959;66,09%;30;5,08%;;;;;;;;;;;;
SAMSUN;SAMET CETIN;TOKAT BATI ILCELER;PANTAPROZOL PAZARI; PANTOPRAZOLE PAZARI TOPLAM;4.421;100,00%;2.379;100,00%;1.451;100,00%;591;100,00%;;;;;;;;;;;;
SAMSUN;SAMET CETIN;TOKAT BATI ILCELER;ACIDPASS PAZARI;ACIDPASS TOPLAM;251;26,84%;30;16,04%;220;48,57%;1;0,34%;;;;;;;;;;;;
SAMSUN;SAMET CETIN;TOKAT BATI ILCELER;ACIDPASS PAZARI;TRIGAST;116;12,41%;1;0,53%;95;20,97%;20;6,78%;;;;;;;;;;;;
SAMSUN;SAMET CETIN;TOKAT BATI ILCELER;ACIDPASS PAZARI;TALCID;374;40,00%;105;56,15%;52;11,48%;217;73,56%;;;;;;;;;;;;
SAMSUN;SAMET CETIN;TOKAT BATI ILCELER;ACIDPASS PAZARI;RENNIE;159;17,01%;48;25,67%;70;15,45%;41;13,90%;;;;;;;;;;;;
SAMSUN;SAMET CETIN;TOKAT BATI ILCELER;ACIDPASS PAZARI;DIGER ACIDPASS;-;0,00%;-;0,00%;-;0,00%;-;0,00%;;;;;;;;;;;;
SAMSUN;SAMET CETIN;TOKAT BATI ILCELER;ACIDPASS PAZARI;FAMODİN PLUS;35;3,74%;3;1,60%;16;3,53%;16;5,42%;;;;;;;;;;;;
SAMSUN;SAMET CETIN;TOKAT BATI ILCELER;ACIDPASS PAZARI; ACIDPASS PAZARI TOPLAM;935;100,00%;187;100,00%;453;100,00%;295;100,00%;;;;;;;;;;;;
SAMSUN;SAMET CETIN;TOKAT BATI ILCELER;MOKSİFLOKSASİN PAZARI;MOKSEFEN;43;7,88%;43;13,27%;-;0,00%;-;0,00%;;;;;;;;;;;;
SAMSUN;SAMET CETIN;TOKAT BATI ILCELER;MOKSİFLOKSASİN PAZARI;AVELOX;11;2,01%;9;2,78%;-;0,00%;2;100,00%;;;;;;;;;;;;
SAMSUN;SAMET CETIN;TOKAT BATI ILCELER;MOKSİFLOKSASİN PAZARI;MOXAI;467;85,53%;272;83,95%;195;88,64%;-;0,00%;;;;;;;;;;;;
SAMSUN;SAMET CETIN;TOKAT BATI ILCELER;MOKSİFLOKSASİN PAZARI;DİĞER MOKSİFLOKSASİN;25;4,58%;-;0,00%;25;11,36%;-;0,00%;;;;;;;;;;;;
SAMSUN;SAMET CETIN;TOKAT BATI ILCELER;MOKSİFLOKSASİN PAZARI;DİĞER LEVOFLOKSASİN;-;0,00%;-;0,00%;-;0,00%;-;0,00%;;;;;;;;;;;;
SAMSUN;SAMET CETIN;TOKAT BATI ILCELER;MOKSİFLOKSASİN PAZARI;MOKSİFLOKSASİN PAZARI TOPLAM;546;100,00%;324;100,00%;220;100,00%;2;100,00%;;;;;;;;;;;;
SAMSUN;SAMET CETIN;TOKAT BATI ILCELER;GRİPORT COLD PAZARI;A FERİN;574;20,92%;351;38,49%;85;6,39%;138;27,49%;;;;;;;;;;;;
SAMSUN;SAMET CETIN;TOKAT BATI ILCELER;GRİPORT COLD PAZARI;GRİPORT COLD;-;0,00%;-;0,00%;-;0,00%;-;0,00%;;;;;;;;;;;;
SAMSUN;SAMET CETIN;TOKAT BATI ILCELER;GRİPORT COLD PAZARI;KATARIN;207;7,54%;66;7,24%;106;7,97%;35;6,97%;;;;;;;;;;;;
SAMSUN;SAMET CETIN;TOKAT BATI ILCELER;GRİPORT COLD PAZARI;NUROFEN COLD FLUE;89;3,24%;8;0,88%;62;4,66%;19;3,78%;;;;;;;;;;;;
SAMSUN;SAMET CETIN;TOKAT BATI ILCELER;GRİPORT COLD PAZARI;OTHER COLD PREP;588;21,43%;347;38,05%;123;9,25%;118;23,51%;;;;;;;;;;;;
SAMSUN;SAMET CETIN;TOKAT BATI ILCELER;GRİPORT COLD PAZARI;OTHER COLD PREP - VIT C;519;18,91%;121;13,27%;227;17,07%;171;34,06%;;;;;;;;;;;;
SAMSUN;SAMET CETIN;TOKAT BATI ILCELER;GRİPORT COLD PAZARI;GRİBEX COLD FLUE;767;27,95%;19;2,08%;727;54,66%;21;4,18%;;;;;;;;;;;;
SAMSUN;SAMET CETIN;TOKAT BATI ILCELER;GRİPORT COLD PAZARI;GRIPORT COLD PAZARI TOPLAM;2.744;100,00%;912;100,00%;1.330;100,00%;502;100,00%;;;;;;;;;;;;
SAMSUN;SAMET CETIN;TOKAT BATI ILCELER;FAMTREC PAZARI;FAMTREC;10;2,03%;8;11,76%;-;0,00%;2;9,09%;;;;;;;;;;;;
SAMSUN;SAMET CETIN;TOKAT BATI ILCELER;FAMTREC PAZARI;BRUFEN;640;130,08%;54;79,41%;402;100,00%;184;836,36%;;;;;;;;;;;;
SAMSUN;SAMET CETIN;TOKAT BATI ILCELER;FAMTREC PAZARI;DİĞER FAMOTİDİN;168;34,15%;6;8,82%;-;0,00%;162;736,36%;;;;;;;;;;;;
SAMSUN;SAMET CETIN;TOKAT BATI ILCELER;FAMTREC PAZARI;FAMOTİDİN PAZARI TOPLAM;492;100,00%;68;100,00%;402;100,00%;22;100,00%;;;;;;;;;;;;
SAMSUN;SAMET CETIN;TOKAT DOGU ILCELER;PANTAPROZOL PAZARI;PANOCER TOPLAM;410;5,55%;276;4,75%;103;10,22%;31;5,44%;;;;;;;;;;;;
SAMSUN;SAMET CETIN;TOKAT DOGU ILCELER;PANTAPROZOL PAZARI;PANTO;5.396;72,98%;5.192;89,27%;25;2,48%;179;31,40%;;;;;;;;;;;;
SAMSUN;SAMET CETIN;TOKAT DOGU ILCELER;PANTAPROZOL PAZARI;PANTACTIVE;133;1,80%;66;1,13%;36;3,57%;31;5,44%;;;;;;;;;;;;
SAMSUN;SAMET CETIN;TOKAT DOGU ILCELER;PANTAPROZOL PAZARI;DIGER PANTAPROZOLE;648;8,76%;179;3,08%;316;31,35%;153;26,84%;;;;;;;;;;;;
SAMSUN;SAMET CETIN;TOKAT DOGU ILCELER;PANTAPROZOL PAZARI;PULCET;807;10,91%;103;1,77%;528;52,38%;176;30,88%;;;;;;;;;;;;
SAMSUN;SAMET CETIN;TOKAT DOGU ILCELER;PANTAPROZOL PAZARI; PANTOPRAZOLE PAZARI TOPLAM;7.394;100,00%;5.816;100,00%;1.008;100,00%;570;100,00%;;;;;;;;;;;;
SAMSUN;SAMET CETIN;TOKAT DOGU ILCELER;ACIDPASS PAZARI;ACIDPASS TOPLAM;201;26,04%;92;56,10%;57;14,65%;52;23,74%;;;;;;;;;;;;
SAMSUN;SAMET CETIN;TOKAT DOGU ILCELER;ACIDPASS PAZARI;TRIGAST;45;5,83%;-;0,00%;16;4,11%;29;13,24%;;;;;;;;;;;;
SAMSUN;SAMET CETIN;TOKAT DOGU ILCELER;ACIDPASS PAZARI;TALCID;242;31,35%;45;27,44%;99;25,45%;98;44,75%;;;;;;;;;;;;
SAMSUN;SAMET CETIN;TOKAT DOGU ILCELER;ACIDPASS PAZARI;RENNIE;265;34,33%;27;16,46%;205;52,70%;33;15,07%;;;;;;;;;;;;
SAMSUN;SAMET CETIN;TOKAT DOGU ILCELER;ACIDPASS PAZARI;DIGER ACIDPASS;1;0,13%;-;0,00%;-;0,00%;1;0,46%;;;;;;;;;;;;
SAMSUN;SAMET CETIN;TOKAT DOGU ILCELER;ACIDPASS PAZARI;FAMODİN PLUS;18;2,33%;-;0,00%;12;3,08%;6;2,74%;;;;;;;;;;;;
SAMSUN;SAMET CETIN;TOKAT DOGU ILCELER;ACIDPASS PAZARI; ACIDPASS PAZARI TOPLAM;772;100,00%;164;100,00%;389;100,00%;219;100,00%;;;;;;;;;;;;
SAMSUN;SAMET CETIN;TOKAT DOGU ILCELER;MOKSİFLOKSASİN PAZARI;MOKSEFEN;91;21,26%;91;73,39%;-;0,00%;-;0,00%;;;;;;;;;;;;
SAMSUN;SAMET CETIN;TOKAT DOGU ILCELER;MOKSİFLOKSASİN PAZARI;AVELOX;41;9,58%;18;14,52%;20;6,76%;3;37,50%;;;;;;;;;;;;
SAMSUN;SAMET CETIN;TOKAT DOGU ILCELER;MOKSİFLOKSASİN PAZARI;MOXAI;286;66,82%;10;8,06%;276;93,24%;-;0,00%;;;;;;;;;;;;
SAMSUN;SAMET CETIN;TOKAT DOGU ILCELER;MOKSİFLOKSASİN PAZARI;DİĞER MOKSİFLOKSASİN;5;1,17%;-;0,00%;-;0,00%;5;62,50%;;;;;;;;;;;;
SAMSUN;SAMET CETIN;TOKAT DOGU ILCELER;MOKSİFLOKSASİN PAZARI;DİĞER LEVOFLOKSASİN;5;1,17%;5;4,03%;-;0,00%;-;0,00%;;;;;;;;;;;;
SAMSUN;SAMET CETIN;TOKAT DOGU ILCELER;MOKSİFLOKSASİN PAZARI;MOKSİFLOKSASİN PAZARI TOPLAM;428;100,00%;124;100,00%;296;100,00%;8;100,00%;;;;;;;;;;;;
SAMSUN;SAMET CETIN;TOKAT DOGU ILCELER;GRİPORT COLD PAZARI;A FERİN;1.748;36,90%;1.249;49,43%;267;20,71%;232;25,19%;;;;;;;;;;;;
SAMSUN;SAMET CETIN;TOKAT DOGU ILCELER;GRİPORT COLD PAZARI;GRİPORT COLD;39;6,91%;-;0,00%;36;2,79%;3;0,33%;;;;;;;;;;;;
SAMSUN;SAMET CETIN;TOKAT DOGU ILCELER;GRİPORT COLD PAZARI;KATARIN;486;10,26%;109;4,31%;172;13,34%;205;22,26%;;;;;;;;;;;;
SAMSUN;SAMET CETIN;TOKAT DOGU ILCELER;GRİPORT COLD PAZARI;NUROFEN COLD FLUE;564;11,91%;136;5,38%;310;24,05%;118;12,81%;;;;;;;;;;;;
SAMSUN;SAMET CETIN;TOKAT DOGU ILCELER;GRİPORT COLD PAZARI;OTHER COLD PREP;1.275;26,92%;895;35,42%;219;16,99%;161;17,48%;;;;;;;;;;;;
SAMSUN;SAMET CETIN;TOKAT DOGU ILCELER;GRİPORT COLD PAZARI;OTHER COLD PREP - VIT C;585;12,35%;135;5,34%;254;19,71%;196;21,28%;;;;;;;;;;;;
SAMSUN;SAMET CETIN;TOKAT DOGU ILCELER;GRİPORT COLD PAZARI;GRİBEX COLD FLUE;40;0,84%;3;0,12%;31;2,40%;6;0,65%;;;;;;;;;;;;
SAMSUN;SAMET CETIN;TOKAT DOGU ILCELER;GRİPORT COLD PAZARI;GRIPORT COLD PAZARI TOPLAM;4.737;100,00%;2.527;100,00%;1.289;100,00%;921;100,00%;;;;;;;;;;;;
SAMSUN;SAMET CETIN;TOKAT DOGU ILCELER;FAMTREC PAZARI;FAMTREC;121;41,58%;54;60,00%;41;37,27%;26;28,57%;;;;;;;;;;;;
SAMSUN;SAMET CETIN;TOKAT DOGU ILCELER;FAMTREC PAZARI;BRUFEN;218;74,91%;26;28,89%;56;50,91%;136;149,45%;;;;;;;;;;;;
SAMSUN;SAMET CETIN;TOKAT DOGU ILCELER;FAMTREC PAZARI;DİĞER FAMOTİDİN;68;23,37%;10;11,11%;13;11,82%;45;49,45%;;;;;;;;;;;;
SAMSUN;SAMET CETIN;TOKAT DOGU ILCELER;FAMTREC PAZARI;FAMOTİDİN PAZARI TOPLAM;291;100,00%;90;100,00%;110;100,00%;91;100,00%;;;;;;;;;;;;
SAMSUN;SAMET CETIN;TOKAT ERBAA;PANTAPROZOL PAZARI;PANOCER TOPLAM;587;9,93%;103;2,24%;453;42,50%;31;12,35%;;;;;;;;;;;;
SAMSUN;SAMET CETIN;TOKAT ERBAA;PANTAPROZOL PAZARI;PANTO;4.518;76,42%;4.363;94,95%;69;6,47%;86;34,26%;;;;;;;;;;;;
SAMSUN;SAMET CETIN;TOKAT ERBAA;PANTAPROZOL PAZARI;PANTACTIVE;28;0,47%;6;0,13%;8;0,75%;14;5,58%;;;;;;;;;;;;
SAMSUN;SAMET CETIN;TOKAT ERBAA;PANTAPROZOL PAZARI;DIGER PANTAPROZOLE;172;2,91%;76;1,65%;11;1,03%;85;33,86%;;;;;;;;;;;;
SAMSUN;SAMET CETIN;TOKAT ERBAA;PANTAPROZOL PAZARI;PULCET;607;10,27%;47;1,02%;525;49,25%;35;13,94%;;;;;;;;;;;;
SAMSUN;SAMET CETIN;TOKAT ERBAA;PANTAPROZOL PAZARI; PANTOPRAZOLE PAZARI TOPLAM;5.912;100,00%;4.595;100,00%;1.066;100,00%;251;100,00%;;;;;;;;;;;;
SAMSUN;SAMET CETIN;TOKAT ERBAA;ACIDPASS PAZARI;ACIDPASS TOPLAM;141;29,94%;26;26,00%;45;22,73%;70;40,46%;;;;;;;;;;;;
SAMSUN;SAMET CETIN;TOKAT ERBAA;ACIDPASS PAZARI;TRIGAST;31;6,58%;2;2,00%;25;12,63%;4;2,31%;;;;;;;;;;;;
SAMSUN;SAMET CETIN;TOKAT ERBAA;ACIDPASS PAZARI;TALCID;104;22,08%;17;17,00%;49;24,75%;38;21,97%;;;;;;;;;;;;
SAMSUN;SAMET CETIN;TOKAT ERBAA;ACIDPASS PAZARI;RENNIE;124;26,33%;28;28,00%;68;34,34%;28;16,18%;;;;;;;;;;;;
SAMSUN;SAMET CETIN;TOKAT ERBAA;ACIDPASS PAZARI;DIGER ACIDPASS;1;0,21%;1;1,00%;-;0,00%;-;0,00%;;;;;;;;;;;;
SAMSUN;SAMET CETIN;TOKAT ERBAA;ACIDPASS PAZARI;FAMODİN PLUS;70;14,86%;26;26,00%;11;5,56%;33;19,08%;;;;;;;;;;;;
SAMSUN;SAMET CETIN;TOKAT ERBAA;ACIDPASS PAZARI; ACIDPASS PAZARI TOPLAM;471;100,00%;100;100,00%;198;100,00%;173;100,00%;;;;;;;;;;;;
SAMSUN;SAMET CETIN;TOKAT ERBAA;MOKSİFLOKSASİN PAZARI;MOKSEFEN;104;36,75%;-;0,00%;85;39,72%;19;43,18%;;;;;;;;;;;;
SAMSUN;SAMET CETIN;TOKAT ERBAA;MOKSİFLOKSASİN PAZARI;AVELOX;55;19,43%;25;100,00%;9;4,21%;21;47,73%;;;;;;;;;;;;
SAMSUN;SAMET CETIN;TOKAT ERBAA;MOKSİFLOKSASİN PAZARI;MOXAI;123;43,46%;-;0,00%;120;56,07%;3;6,82%;;;;;;;;;;;;
SAMSUN;SAMET CETIN;TOKAT ERBAA;MOKSİFLOKSASİN PAZARI;DİĞER MOKSİFLOKSASİN;1;0,35%;-;0,00%;-;0,00%;1;2,27%;;;;;;;;;;;;
SAMSUN;SAMET CETIN;TOKAT ERBAA;MOKSİFLOKSASİN PAZARI;DİĞER LEVOFLOKSASİN;-;0,00%;-;0,00%;-;0,00%;-;0,00%;;;;;;;;;;;;
SAMSUN;SAMET CETIN;TOKAT ERBAA;MOKSİFLOKSASİN PAZARI;MOKSİFLOKSASİN PAZARI TOPLAM;283;100,00%;25;100,00%;214;100,00%;44;100,00%;;;;;;;;;;;;
SAMSUN;SAMET CETIN;TOKAT ERBAA;GRİPORT COLD PAZARI;A FERİN;922;36,87%;80;16,13%;696;60,26%;146;17,18%;;;;;;;;;;;;
SAMSUN;SAMET CETIN;TOKAT ERBAA;GRİPORT COLD PAZARI;GRİPORT COLD;373;14,91%;175;35,28%;237;20,52%;-39;-4,59%;;;;;;;;;;;;
SAMSUN;SAMET CETIN;TOKAT ERBAA;GRİPORT COLD PAZARI;KATARIN;126;5,04%;50;10,08%;15;1,30%;61;7,18%;;;;;;;;;;;;
SAMSUN;SAMET CETIN;TOKAT ERBAA;GRİPORT COLD PAZARI;NUROFEN COLD FLUE;63;2,52%;15;3,02%;30;2,60%;18;2,12%;;;;;;;;;;;;
SAMSUN;SAMET CETIN;TOKAT ERBAA;GRİPORT COLD PAZARI;OTHER COLD PREP;301;12,04%;69;13,91%;106;9,18%;126;14,82%;;;;;;;;;;;;
SAMSUN;SAMET CETIN;TOKAT ERBAA;GRİPORT COLD PAZARI;OTHER COLD PREP - VIT C;597;23,87%;55;11,09%;22;1,90%;520;61,18%;;;;;;;;;;;;
SAMSUN;SAMET CETIN;TOKAT ERBAA;GRİPORT COLD PAZARI;GRİBEX COLD FLUE;119;4,76%;52;10,48%;49;4,24%;18;2,12%;;;;;;;;;;;;
SAMSUN;SAMET CETIN;TOKAT ERBAA;GRİPORT COLD PAZARI;GRIPORT COLD PAZARI TOPLAM;2.501;100,00%;496;100,00%;1.155;100,00%;850;100,00%;;;;;;;;;;;;
SAMSUN;SAMET CETIN;TOKAT ERBAA;FAMTREC PAZARI;FAMTREC;-;0,00%;-;0,00%;-;0,00%;-;0,00%;;;;;;;;;;;;
SAMSUN;SAMET CETIN;TOKAT ERBAA;FAMTREC PAZARI;BRUFEN;194;149,23%;15;34,88%;61;91,04%;118;590,00%;;;;;;;;;;;;
SAMSUN;SAMET CETIN;TOKAT ERBAA;FAMTREC PAZARI;DİĞER FAMOTİDİN;132;101,54%;28;65,12%;6;8,96%;98;490,00%;;;;;;;;;;;;
SAMSUN;SAMET CETIN;TOKAT ERBAA;FAMTREC PAZARI;FAMOTİDİN PAZARI TOPLAM;130;100,00%;43;100,00%;67;100,00%;20;100,00%;;;;;;;;;;;;
SAMSUN;SAMET CETIN;TOKAT MERKEZ -1;PANTAPROZOL PAZARI;PANOCER TOPLAM;1.094;16,31%;372;9,11%;352;22,42%;370;35,10%;;;;;;;;;;;;
SAMSUN;SAMET CETIN;TOKAT MERKEZ -1;PANTAPROZOL PAZARI;PANTO;3.924;58,51%;3.344;81,90%;75;4,78%;505;47,91%;;;;;;;;;;;;
SAMSUN;SAMET CETIN;TOKAT MERKEZ -1;PANTAPROZOL PAZARI;PANTACTIVE;62;0,92%;42;1,03%;13;0,83%;7;0,66%;;;;;;;;;;;;
SAMSUN;SAMET CETIN;TOKAT MERKEZ -1;PANTAPROZOL PAZARI;DIGER PANTAPROZOLE;464;6,92%;269;6,59%;68;4,33%;127;12,05%;;;;;;;;;;;;
SAMSUN;SAMET CETIN;TOKAT MERKEZ -1;PANTAPROZOL PAZARI;PULCET;1.163;17,34%;56;1,37%;1.062;67,64%;45;4,27%;;;;;;;;;;;;
SAMSUN;SAMET CETIN;TOKAT MERKEZ -1;PANTAPROZOL PAZARI; PANTOPRAZOLE PAZARI TOPLAM;6.707;100,00%;4.083;100,00%;1.570;100,00%;1.054;100,00%;;;;;;;;;;;;
SAMSUN;SAMET CETIN;TOKAT MERKEZ -1;ACIDPASS PAZARI;ACIDPASS TOPLAM;270;19,44%;68;23,21%;67;9,56%;135;34,18%;;;;;;;;;;;;
SAMSUN;SAMET CETIN;TOKAT MERKEZ -1;ACIDPASS PAZARI;TRIGAST;44;3,17%;7;2,39%;15;2,14%;22;5,57%;;;;;;;;;;;;
SAMSUN;SAMET CETIN;TOKAT MERKEZ -1;ACIDPASS PAZARI;TALCID;243;17,49%;25;8,53%;60;8,56%;158;40,00%;;;;;;;;;;;;
SAMSUN;SAMET CETIN;TOKAT MERKEZ -1;ACIDPASS PAZARI;RENNIE;741;53,35%;134;45,73%;545;77,75%;62;15,70%;;;;;;;;;;;;
SAMSUN;SAMET CETIN;TOKAT MERKEZ -1;ACIDPASS PAZARI;DIGER ACIDPASS;7;0,50%;2;0,68%;2;0,29%;3;0,76%;;;;;;;;;;;;
SAMSUN;SAMET CETIN;TOKAT MERKEZ -1;ACIDPASS PAZARI;FAMODİN PLUS;84;6,05%;57;19,45%;12;1,71%;15;3,80%;;;;;;;;;;;;
SAMSUN;SAMET CETIN;TOKAT MERKEZ -1;ACIDPASS PAZARI; ACIDPASS PAZARI TOPLAM;1.389;100,00%;293;100,00%;701;100,00%;395;100,00%;;;;;;;;;;;;
SAMSUN;SAMET CETIN;TOKAT MERKEZ -1;MOKSİFLOKSASİN PAZARI;MOKSEFEN;19;6,74%;6;17,14%;-;0,00%;13;14,44%;;;;;;;;;;;;
SAMSUN;SAMET CETIN;TOKAT MERKEZ -1;MOKSİFLOKSASİN PAZARI;AVELOX;44;15,60%;7;20,00%;7;4,46%;30;33,33%;;;;;;;;;;;;
SAMSUN;SAMET CETIN;TOKAT MERKEZ -1;MOKSİFLOKSASİN PAZARI;MOXAI;199;70,57%;2;5,71%;150;95,54%;47;52,22%;;;;;;;;;;;;
SAMSUN;SAMET CETIN;TOKAT MERKEZ -1;MOKSİFLOKSASİN PAZARI;DİĞER MOKSİFLOKSASİN;20;7,09%;20;57,14%;-;0,00%;-;0,00%;;;;;;;;;;;;
SAMSUN;SAMET CETIN;TOKAT MERKEZ -1;MOKSİFLOKSASİN PAZARI;DİĞER LEVOFLOKSASİN;-;0,00%;-;0,00%;-;0,00%;-;0,00%;;;;;;;;;;;;
SAMSUN;SAMET CETIN;TOKAT MERKEZ -1;MOKSİFLOKSASİN PAZARI;MOKSİFLOKSASİN PAZARI TOPLAM;282;100,00%;35;100,00%;157;100,00%;90;100,00%;;;;;;;;;;;;
SAMSUN;SAMET CETIN;TOKAT MERKEZ -1;GRİPORT COLD PAZARI;A FERİN;2.189;29,45%;1.000;47,33%;321;9,71%;868;43,08%;;;;;;;;;;;;
SAMSUN;SAMET CETIN;TOKAT MERKEZ -1;GRİPORT COLD PAZARI;GRİPORT COLD;-;0,00%;-;0,00%;-;0,00%;-;0,00%;;;;;;;;;;;;
SAMSUN;SAMET CETIN;TOKAT MERKEZ -1;GRİPORT COLD PAZARI;KATARIN;221;2,97%;35;1,66%;146;4,42%;40;1,99%;;;;;;;;;;;;
SAMSUN;SAMET CETIN;TOKAT MERKEZ -1;GRİPORT COLD PAZARI;NUROFEN COLD FLUE;318;4,28%;21;0,99%;242;7,32%;55;2,73%;;;;;;;;;;;;
SAMSUN;SAMET CETIN;TOKAT MERKEZ -1;GRİPORT COLD PAZARI;OTHER COLD PREP;1.769;23,80%;607;28,73%;578;17,48%;584;28,98%;;;;;;;;;;;;
SAMSUN;SAMET CETIN;TOKAT MERKEZ -1;GRİPORT COLD PAZARI;OTHER COLD PREP - VIT C;1.251;16,83%;310;14,67%;493;14,91%;448;22,23%;;;;;;;;;;;;
SAMSUN;SAMET CETIN;TOKAT MERKEZ -1;GRİPORT COLD PAZARI;GRİBEX COLD FLUE;1.686;22,68%;140;6,63%;1.526;46,16%;20;0,99%;;;;;;;;;;;;
SAMSUN;SAMET CETIN;TOKAT MERKEZ -1;GRİPORT COLD PAZARI;GRIPORT COLD PAZARI TOPLAM;7.434;100,00%;2.113;100,00%;3.306;100,00%;2.015;100,00%;;;;;;;;;;;;
SAMSUN;SAMET CETIN;TOKAT MERKEZ -1;FAMTREC PAZARI;FAMTREC;17;5,14%;1;0,68%;3;2,13%;13;30,95%;;;;;;;;;;;;
SAMSUN;SAMET CETIN;TOKAT MERKEZ -1;FAMTREC PAZARI;BRUFEN;378;114,20%;116;78,38%;120;85,11%;142;338,10%;;;;;;;;;;;;
SAMSUN;SAMET CETIN;TOKAT MERKEZ -1;FAMTREC PAZARI;DİĞER FAMOTİDİN;149;45,02%;31;20,95%;18;12,77%;100;238,10%;;;;;;;;;;;;
SAMSUN;SAMET CETIN;TOKAT MERKEZ -1;FAMTREC PAZARI;FAMOTİDİN PAZARI TOPLAM;331;100,00%;148;100,00%;141;100,00%;42;100,00%;;;;;;;;;;;;
SAMSUN;SAMET CETIN;TOKAT MERKEZ -2;PANTAPROZOL PAZARI;PANOCER TOPLAM;501;23,36%;356;30,72%;88;14,13%;57;15,70%;;;;;;;;;;;;
SAMSUN;SAMET CETIN;TOKAT MERKEZ -2;PANTAPROZOL PAZARI;PANTO;1.020;47,55%;729;62,90%;30;4,82%;261;71,90%;;;;;;;;;;;;
SAMSUN;SAMET CETIN;TOKAT MERKEZ -2;PANTAPROZOL PAZARI;PANTACTIVE;15;0,70%;6;0,52%;3;0,48%;6;1,65%;;;;;;;;;;;;
SAMSUN;SAMET CETIN;TOKAT MERKEZ -2;PANTAPROZOL PAZARI;DIGER PANTAPROZOLE;132;6,15%;12;1,04%;81;13,00%;39;10,74%;;;;;;;;;;;;
SAMSUN;SAMET CETIN;TOKAT MERKEZ -2;PANTAPROZOL PAZARI;PULCET;477;22,24%;56;4,83%;421;67,58%;-;0,00%;;;;;;;;;;;;
SAMSUN;SAMET CETIN;TOKAT MERKEZ -2;PANTAPROZOL PAZARI; PANTOPRAZOLE PAZARI TOPLAM;2.145;100,00%;1.159;100,00%;623;100,00%;363;100,00%;;;;;;;;;;;;
SAMSUN;SAMET CETIN;TOKAT MERKEZ -2;ACIDPASS PAZARI;ACIDPASS TOPLAM;30;12,00%;18;32,14%;10;11,24%;2;1,90%;;;;;;;;;;;;
SAMSUN;SAMET CETIN;TOKAT MERKEZ -2;ACIDPASS PAZARI;TRIGAST;19;7,60%;6;10,71%;8;8,99%;5;4,76%;;;;;;;;;;;;
SAMSUN;SAMET CETIN;TOKAT MERKEZ -2;ACIDPASS PAZARI;TALCID;60;24,00%;10;17,86%;30;33,71%;20;19,05%;;;;;;;;;;;;
SAMSUN;SAMET CETIN;TOKAT MERKEZ -2;ACIDPASS PAZARI;RENNIE;119;47,60%;22;39,29%;35;39,33%;62;59,05%;;;;;;;;;;;;
SAMSUN;SAMET CETIN;TOKAT MERKEZ -2;ACIDPASS PAZARI;DIGER ACIDPASS;13;5,20%;-;0,00%;1;1,12%;12;11,43%;;;;;;;;;;;;
SAMSUN;SAMET CETIN;TOKAT MERKEZ -2;ACIDPASS PAZARI;FAMODİN PLUS;9;3,60%;-;0,00%;5;5,62%;4;3,81%;;;;;;;;;;;;
SAMSUN;SAMET CETIN;TOKAT MERKEZ -2;ACIDPASS PAZARI; ACIDPASS PAZARI TOPLAM;250;100,00%;56;100,00%;89;100,00%;105;100,00%;;;;;;;;;;;;
SAMSUN;SAMET CETIN;TOKAT MERKEZ -2;MOKSİFLOKSASİN PAZARI;MOKSEFEN;6;16,67%;-;0,00%;-;0,00%;6;100,00%;;;;;;;;;;;;
SAMSUN;SAMET CETIN;TOKAT MERKEZ -2;MOKSİFLOKSASİN PAZARI;AVELOX;18;50,00%;8;57,14%;10;62,50%;-;0,00%;;;;;;;;;;;;
SAMSUN;SAMET CETIN;TOKAT MERKEZ -2;MOKSİFLOKSASİN PAZARI;MOXAI;1;2,78%;-;0,00%;1;6,25%;-;0,00%;;;;;;;;;;;;
SAMSUN;SAMET CETIN;TOKAT MERKEZ -2;MOKSİFLOKSASİN PAZARI;DİĞER MOKSİFLOKSASİN;11;30,56%;6;42,86%;5;31,25%;-;0,00%;;;;;;;;;;;;
SAMSUN;SAMET CETIN;TOKAT MERKEZ -2;MOKSİFLOKSASİN PAZARI;DİĞER LEVOFLOKSASİN;-;0,00%;-;0,00%;-;0,00%;-;0,00%;;;;;;;;;;;;
SAMSUN;SAMET CETIN;TOKAT MERKEZ -2;MOKSİFLOKSASİN PAZARI;MOKSİFLOKSASİN PAZARI TOPLAM;36;100,00%;14;100,00%;16;100,00%;6;100,00%;;;;;;;;;;;;
SAMSUN;SAMET CETIN;TOKAT MERKEZ -2;GRİPORT COLD PAZARI;A FERİN;494;28,39%;404;46,28%;60;13,57%;30;7,06%;;;;;;;;;;;;
SAMSUN;SAMET CETIN;TOKAT MERKEZ -2;GRİPORT COLD PAZARI;GRİPORT COLD;123;148,19%;-;0,00%;8;1,81%;115;27,06%;;;;;;;;;;;;
SAMSUN;SAMET CETIN;TOKAT MERKEZ -2;GRİPORT COLD PAZARI;KATARIN;109;6,26%;28;3,21%;51;11,54%;30;7,06%;;;;;;;;;;;;
SAMSUN;SAMET CETIN;TOKAT MERKEZ -2;GRİPORT COLD PAZARI;NUROFEN COLD FLUE;83;4,77%;20;2,29%;53;11,99%;10;2,35%;;;;;;;;;;;;
SAMSUN;SAMET CETIN;TOKAT MERKEZ -2;GRİPORT COLD PAZARI;OTHER COLD PREP;506;29,08%;269;30,81%;107;24,21%;130;30,59%;;;;;;;;;;;;
SAMSUN;SAMET CETIN;TOKAT MERKEZ -2;GRİPORT COLD PAZARI;OTHER COLD PREP - VIT C;345;19,83%;136;15,58%;119;26,92%;90;21,18%;;;;;;;;;;;;
SAMSUN;SAMET CETIN;TOKAT MERKEZ -2;GRİPORT COLD PAZARI;GRİBEX COLD FLUE;80;4,60%;16;1,83%;44;9,95%;20;4,71%;;;;;;;;;;;;
SAMSUN;SAMET CETIN;TOKAT MERKEZ -2;GRİPORT COLD PAZARI;GRIPORT COLD PAZARI TOPLAM;1.740;100,00%;873;100,00%;442;100,00%;425;100,00%;;;;;;;;;;;;
SAMSUN;SAMET CETIN;TOKAT MERKEZ -2;FAMTREC PAZARI;FAMTREC;2;2,04%;2;5,00%;-;0,00%;-;0,00%;;;;;;;;;;;;
SAMSUN;SAMET CETIN;TOKAT MERKEZ -2;FAMTREC PAZARI;BRUFEN;121;123,47%;38;95,00%;20;71,43%;63;210,00%;;;;;;;;;;;;
SAMSUN;SAMET CETIN;TOKAT MERKEZ -2;FAMTREC PAZARI;DİĞER FAMOTİDİN;41;41,84%;-;0,00%;8;28,57%;33;110,00%;;;;;;;;;;;;
SAMSUN;SAMET CETIN;TOKAT MERKEZ -2;FAMTREC PAZARI;FAMOTİDİN PAZARI TOPLAM;98;100,00%;40;100,00%;28;100,00%;30;100,00%;;;;;;;;;;;;
SAMSUN;SAMET CETIN;TOKAT TURHAL;PANTAPROZOL PAZARI;PANOCER TOPLAM;456;14,25%;375;14,95%;55;11,51%;26;12,09%;;;;;;;;;;;;
SAMSUN;SAMET CETIN;TOKAT TURHAL;PANTAPROZOL PAZARI;PANTO;2.052;64,10%;1.977;78,83%;35;7,32%;40;18,60%;;;;;;;;;;;;
SAMSUN;SAMET CETIN;TOKAT TURHAL;PANTAPROZOL PAZARI;PANTACTIVE;18;0,56%;6;0,24%;-;0,00%;12;5,58%;;;;;;;;;;;;
SAMSUN;SAMET CETIN;TOKAT TURHAL;PANTAPROZOL PAZARI;DIGER PANTAPROZOLE;224;7,00%;72;2,87%;103;21,55%;49;22,79%;;;;;;;;;;;;
SAMSUN;SAMET CETIN;TOKAT TURHAL;PANTAPROZOL PAZARI;PULCET;451;14,09%;78;3,11%;285;59,62%;88;40,93%;;;;;;;;;;;;
SAMSUN;SAMET CETIN;TOKAT TURHAL;PANTAPROZOL PAZARI; PANTOPRAZOLE PAZARI TOPLAM;3.201;100,00%;2.508;100,00%;478;100,00%;215;100,00%;;;;;;;;;;;;
SAMSUN;SAMET CETIN;TOKAT TURHAL;ACIDPASS PAZARI;ACIDPASS TOPLAM;68;25,66%;28;31,46%;26;33,77%;14;14,14%;;;;;;;;;;;;
SAMSUN;SAMET CETIN;TOKAT TURHAL;ACIDPASS PAZARI;TRIGAST;51;19,25%;31;34,83%;3;3,90%;17;17,17%;;;;;;;;;;;;
SAMSUN;SAMET CETIN;TOKAT TURHAL;ACIDPASS PAZARI;TALCID;107;40,38%;26;29,21%;30;38,96%;51;51,52%;;;;;;;;;;;;
SAMSUN;SAMET CETIN;TOKAT TURHAL;ACIDPASS PAZARI;RENNIE;32;12,08%;2;2,25%;13;16,88%;17;17,17%;;;;;;;;;;;;
SAMSUN;SAMET CETIN;TOKAT TURHAL;ACIDPASS PAZARI;DIGER ACIDPASS;-;0,00%;-;0,00%;-;0,00%;-;0,00%;;;;;;;;;;;;
SAMSUN;SAMET CETIN;TOKAT TURHAL;ACIDPASS PAZARI;FAMODİN PLUS;7;2,64%;2;2,25%;5;6,49%;-;0,00%;;;;;;;;;;;;
SAMSUN;SAMET CETIN;TOKAT TURHAL;ACIDPASS PAZARI; ACIDPASS PAZARI TOPLAM;265;100,00%;89;100,00%;77;100,00%;99;100,00%;;;;;;;;;;;;
SAMSUN;SAMET CETIN;TOKAT TURHAL;MOKSİFLOKSASİN PAZARI;MOKSEFEN;79;30,15%;6;3,70%;30;68,18%;43;76,79%;;;;;;;;;;;;
SAMSUN;SAMET CETIN;TOKAT TURHAL;MOKSİFLOKSASİN PAZARI;AVELOX;38;14,50%;14;8,64%;11;25,00%;13;23,21%;;;;;;;;;;;;
SAMSUN;SAMET CETIN;TOKAT TURHAL;MOKSİFLOKSASİN PAZARI;MOXAI;138;52,67%;135;83,33%;3;6,82%;-;0,00%;;;;;;;;;;;;
SAMSUN;SAMET CETIN;TOKAT TURHAL;MOKSİFLOKSASİN PAZARI;DİĞER MOKSİFLOKSASİN;7;2,67%;7;4,32%;-;0,00%;-;0,00%;;;;;;;;;;;;
SAMSUN;SAMET CETIN;TOKAT TURHAL;MOKSİFLOKSASİN PAZARI;DİĞER LEVOFLOKSASİN;-;0,00%;-;0,00%;-;0,00%;-;0,00%;;;;;;;;;;;;
SAMSUN;SAMET CETIN;TOKAT TURHAL;MOKSİFLOKSASİN PAZARI;MOKSİFLOKSASİN PAZARI TOPLAM;262;100,00%;162;100,00%;44;100,00%;56;100,00%;;;;;;;;;;;;
SAMSUN;SAMET CETIN;TOKAT TURHAL;GRİPORT COLD PAZARI;A FERİN;521;20,96%;36;8,18%;38;3,56%;447;45,66%;;;;;;;;;;;;
SAMSUN;SAMET CETIN;TOKAT TURHAL;GRİPORT COLD PAZARI;GRİPORT COLD;-;0,00%;-;0,00%;-;0,00%;-;0,00%;;;;;;;;;;;;
SAMSUN;SAMET CETIN;TOKAT TURHAL;GRİPORT COLD PAZARI;KATARIN;403;16,21%;195;44,32%;90;8,43%;118;12,05%;;;;;;;;;;;;
SAMSUN;SAMET CETIN;TOKAT TURHAL;GRİPORT COLD PAZARI;NUROFEN COLD FLUE;604;24,30%;17;3,86%;572;53,61%;15;1,53%;;;;;;;;;;;;
SAMSUN;SAMET CETIN;TOKAT TURHAL;GRİPORT COLD PAZARI;OTHER COLD PREP;626;25,18%;105;23,86%;300;28,12%;221;22,57%;;;;;;;;;;;;
SAMSUN;SAMET CETIN;TOKAT TURHAL;GRİPORT COLD PAZARI;OTHER COLD PREP - VIT C;287;11,54%;87;19,77%;57;5,34%;143;14,61%;;;;;;;;;;;;
SAMSUN;SAMET CETIN;TOKAT TURHAL;GRİPORT COLD PAZARI;GRİBEX COLD FLUE;45;1,81%;-;0,00%;10;0,94%;35;3,58%;;;;;;;;;;;;
SAMSUN;SAMET CETIN;TOKAT TURHAL;GRİPORT COLD PAZARI;GRIPORT COLD PAZARI TOPLAM;2.486;100,00%;440;100,00%;1.067;100,00%;979;100,00%;;;;;;;;;;;;
SAMSUN;SAMET CETIN;TOKAT TURHAL;FAMTREC PAZARI;FAMTREC;-;0,00%;-;0,00%;-;0,00%;-;0,00%;;;;;;;;;;;;
SAMSUN;SAMET CETIN;TOKAT TURHAL;FAMTREC PAZARI;BRUFEN;178;95,70%;21;77,78%;37;54,41%;120;131,87%;;;;;;;;;;;;
SAMSUN;SAMET CETIN;TOKAT TURHAL;FAMTREC PAZARI;DİĞER FAMOTİDİN;66;35,48%;6;22,22%;31;45,59%;29;31,87%;;;;;;;;;;;;
SAMSUN;SAMET CETIN;TOKAT TURHAL;FAMTREC PAZARI;FAMOTİDİN PAZARI TOPLAM;186;100,00%;27;100,00%;68;100,00%;91;100,00%;;;;;;;;;;;;
SAMSUN;HAKAN YUMAK;TRABZON AKCAABAT;PANTAPROZOL PAZARI;PANOCER TOPLAM;544;5,35%;397;4,62%;88;12,94%;59;6,60%;;;;;;;;;;;;
SAMSUN;HAKAN YUMAK;TRABZON AKCAABAT;PANTAPROZOL PAZARI;PANTO;8.307;81,69%;7.673;89,27%;8;1,18%;626;70,02%;;;;;;;;;;;;
SAMSUN;HAKAN YUMAK;TRABZON AKCAABAT;PANTAPROZOL PAZARI;PANTACTIVE;370;3,64%;190;2,21%;98;14,41%;82;9,17%;;;;;;;;;;;;
SAMSUN;HAKAN YUMAK;TRABZON AKCAABAT;PANTAPROZOL PAZARI;DIGER PANTAPROZOLE;598;5,88%;221;2,57%;317;46,62%;60;6,71%;;;;;;;;;;;;
SAMSUN;HAKAN YUMAK;TRABZON AKCAABAT;PANTAPROZOL PAZARI;PULCET;350;3,44%;114;1,33%;169;24,85%;67;7,49%;;;;;;;;;;;;
SAMSUN;HAKAN YUMAK;TRABZON AKCAABAT;PANTAPROZOL PAZARI; PANTOPRAZOLE PAZARI TOPLAM;10.169;100,00%;8.595;100,00%;680;100,00%;894;100,00%;;;;;;;;;;;;
SAMSUN;HAKAN YUMAK;TRABZON AKCAABAT;ACIDPASS PAZARI;ACIDPASS TOPLAM;334;16,53%;33;10,68%;276;35,80%;25;2,66%;;;;;;;;;;;;
SAMSUN;HAKAN YUMAK;TRABZON AKCAABAT;ACIDPASS PAZARI;TRIGAST;133;6,58%;12;3,88%;63;8,17%;58;6,17%;;;;;;;;;;;;
SAMSUN;HAKAN YUMAK;TRABZON AKCAABAT;ACIDPASS PAZARI;TALCID;215;10,64%;106;34,30%;21;2,72%;88;9,36%;;;;;;;;;;;;
SAMSUN;HAKAN YUMAK;TRABZON AKCAABAT;ACIDPASS PAZARI;RENNIE;964;47,72%;123;39,81%;394;51,10%;447;47,55%;;;;;;;;;;;;
SAMSUN;HAKAN YUMAK;TRABZON AKCAABAT;ACIDPASS PAZARI;DIGER ACIDPASS;5;0,25%;-;0,00%;4;0,52%;1;0,11%;;;;;;;;;;;;
SAMSUN;HAKAN YUMAK;TRABZON AKCAABAT;ACIDPASS PAZARI;FAMODİN PLUS;369;18,27%;35;11,33%;13;1,69%;321;34,15%;;;;;;;;;;;;
SAMSUN;HAKAN YUMAK;TRABZON AKCAABAT;ACIDPASS PAZARI; ACIDPASS PAZARI TOPLAM;2.020;100,00%;309;100,00%;771;100,00%;940;100,00%;;;;;;;;;;;;
SAMSUN;HAKAN YUMAK;TRABZON AKCAABAT;MOKSİFLOKSASİN PAZARI;MOKSEFEN;121;18,14%;-;0,00%;36;12,29%;85;41,26%;;;;;;;;;;;;
SAMSUN;HAKAN YUMAK;TRABZON AKCAABAT;MOKSİFLOKSASİN PAZARI;AVELOX;120;17,99%;24;14,29%;69;23,55%;27;13,11%;;;;;;;;;;;;
SAMSUN;HAKAN YUMAK;TRABZON AKCAABAT;MOKSİFLOKSASİN PAZARI;MOXAI;420;62,97%;144;85,71%;182;62,12%;94;45,63%;;;;;;;;;;;;
SAMSUN;HAKAN YUMAK;TRABZON AKCAABAT;MOKSİFLOKSASİN PAZARI;DİĞER MOKSİFLOKSASİN;6;0,90%;-;0,00%;6;2,05%;-;0,00%;;;;;;;;;;;;
SAMSUN;HAKAN YUMAK;TRABZON AKCAABAT;MOKSİFLOKSASİN PAZARI;DİĞER LEVOFLOKSASİN;-;0,00%;-;0,00%;-;0,00%;-;0,00%;;;;;;;;;;;;
SAMSUN;HAKAN YUMAK;TRABZON AKCAABAT;MOKSİFLOKSASİN PAZARI;MOKSİFLOKSASİN PAZARI TOPLAM;667;100,00%;168;100,00%;293;100,00%;206;100,00%;;;;;;;;;;;;
SAMSUN;HAKAN YUMAK;TRABZON AKCAABAT;GRİPORT COLD PAZARI;A FERİN;1.257;25,70%;180;15,89%;608;27,57%;469;30,20%;;;;;;;;;;;;
SAMSUN;HAKAN YUMAK;TRABZON AKCAABAT;GRİPORT COLD PAZARI;GRİPORT COLD;225;56,25%;8;0,71%;186;8,44%;31;2,00%;;;;;;;;;;;;
SAMSUN;HAKAN YUMAK;TRABZON AKCAABAT;GRİPORT COLD PAZARI;KATARIN;171;3,50%;71;6,27%;51;2,31%;49;3,16%;;;;;;;;;;;;
SAMSUN;HAKAN YUMAK;TRABZON AKCAABAT;GRİPORT COLD PAZARI;NUROFEN COLD FLUE;400;8,18%;80;7,06%;242;10,98%;78;5,02%;;;;;;;;;;;;
SAMSUN;HAKAN YUMAK;TRABZON AKCAABAT;GRİPORT COLD PAZARI;OTHER COLD PREP;1.206;24,66%;576;50,84%;275;12,47%;355;22,86%;;;;;;;;;;;;
SAMSUN;HAKAN YUMAK;TRABZON AKCAABAT;GRİPORT COLD PAZARI;OTHER COLD PREP - VIT C;1.288;26,33%;198;17,48%;528;23,95%;562;36,19%;;;;;;;;;;;;
SAMSUN;HAKAN YUMAK;TRABZON AKCAABAT;GRİPORT COLD PAZARI;GRİBEX COLD FLUE;344;7,03%;20;1,77%;315;14,29%;9;0,58%;;;;;;;;;;;;
SAMSUN;HAKAN YUMAK;TRABZON AKCAABAT;GRİPORT COLD PAZARI;GRIPORT COLD PAZARI TOPLAM;4.891;100,00%;1.133;100,00%;2.205;100,00%;1.553;100,00%;;;;;;;;;;;;
SAMSUN;HAKAN YUMAK;TRABZON AKCAABAT;FAMTREC PAZARI;FAMTREC;127;29,95%;39;21,43%;50;24,75%;38;95,00%;;;;;;;;;;;;
SAMSUN;HAKAN YUMAK;TRABZON AKCAABAT;FAMTREC PAZARI;BRUFEN;378;89,15%;99;54,40%;145;71,78%;134;335,00%;;;;;;;;;;;;
SAMSUN;HAKAN YUMAK;TRABZON AKCAABAT;FAMTREC PAZARI;DİĞER FAMOTİDİN;145;34,20%;44;24,18%;7;3,47%;94;235,00%;;;;;;;;;;;;
SAMSUN;HAKAN YUMAK;TRABZON AKCAABAT;FAMTREC PAZARI;FAMOTİDİN PAZARI TOPLAM;424;100,00%;182;100,00%;202;100,00%;40;100,00%;;;;;;;;;;;;
SAMSUN;HAKAN YUMAK;TRABZON BATI ILCELER - 2;PANTAPROZOL PAZARI;PANOCER TOPLAM;545;10,33%;81;2,25%;321;38,12%;143;17,02%;;;;;;;;;;;;
SAMSUN;HAKAN YUMAK;TRABZON BATI ILCELER - 2;PANTAPROZOL PAZARI;PANTO;2.940;55,71%;2.593;72,13%;162;19,24%;185;22,02%;;;;;;;;;;;;
SAMSUN;HAKAN YUMAK;TRABZON BATI ILCELER - 2;PANTAPROZOL PAZARI;PANTACTIVE;254;4,81%;18;0,50%;46;5,46%;190;22,62%;;;;;;;;;;;;
SAMSUN;HAKAN YUMAK;TRABZON BATI ILCELER - 2;PANTAPROZOL PAZARI;DIGER PANTAPROZOLE;1.068;20,24%;762;21,20%;220;26,13%;86;10,24%;;;;;;;;;;;;
SAMSUN;HAKAN YUMAK;TRABZON BATI ILCELER - 2;PANTAPROZOL PAZARI;PULCET;470;8,91%;141;3,92%;93;11,05%;236;28,10%;;;;;;;;;;;;
SAMSUN;HAKAN YUMAK;TRABZON BATI ILCELER - 2;PANTAPROZOL PAZARI; PANTOPRAZOLE PAZARI TOPLAM;5.277;100,00%;3.595;100,00%;842;100,00%;840;100,00%;;;;;;;;;;;;
SAMSUN;HAKAN YUMAK;TRABZON BATI ILCELER - 2;ACIDPASS PAZARI;ACIDPASS TOPLAM;118;5,41%;16;1,06%;26;6,82%;76;26,86%;;;;;;;;;;;;
SAMSUN;HAKAN YUMAK;TRABZON BATI ILCELER - 2;ACIDPASS PAZARI;TRIGAST;123;5,64%;17;1,12%;46;12,07%;60;21,20%;;;;;;;;;;;;
SAMSUN;HAKAN YUMAK;TRABZON BATI ILCELER - 2;ACIDPASS PAZARI;TALCID;162;7,43%;25;1,65%;85;22,31%;52;18,37%;;;;;;;;;;;;
SAMSUN;HAKAN YUMAK;TRABZON BATI ILCELER - 2;ACIDPASS PAZARI;RENNIE;329;15,09%;86;5,67%;163;42,78%;80;28,27%;;;;;;;;;;;;
SAMSUN;HAKAN YUMAK;TRABZON BATI ILCELER - 2;ACIDPASS PAZARI;DIGER ACIDPASS;-;0,00%;-;0,00%;-;0,00%;-;0,00%;;;;;;;;;;;;
SAMSUN;HAKAN YUMAK;TRABZON BATI ILCELER - 2;ACIDPASS PAZARI;FAMODİN PLUS;1.448;66,42%;1.372;90,50%;61;16,01%;15;5,30%;;;;;;;;;;;;
SAMSUN;HAKAN YUMAK;TRABZON BATI ILCELER - 2;ACIDPASS PAZARI; ACIDPASS PAZARI TOPLAM;2.180;100,00%;1.516;100,00%;381;100,00%;283;100,00%;;;;;;;;;;;;
SAMSUN;HAKAN YUMAK;TRABZON BATI ILCELER - 2;MOKSİFLOKSASİN PAZARI;MOKSEFEN;88;46,32%;13;24,07%;42;48,84%;33;66,00%;;;;;;;;;;;;
SAMSUN;HAKAN YUMAK;TRABZON BATI ILCELER - 2;MOKSİFLOKSASİN PAZARI;AVELOX;99;52,11%;38;70,37%;44;51,16%;17;34,00%;;;;;;;;;;;;
SAMSUN;HAKAN YUMAK;TRABZON BATI ILCELER - 2;MOKSİFLOKSASİN PAZARI;MOXAI;3;1,58%;3;5,56%;-;0,00%;-;0,00%;;;;;;;;;;;;
SAMSUN;HAKAN YUMAK;TRABZON BATI ILCELER - 2;MOKSİFLOKSASİN PAZARI;DİĞER MOKSİFLOKSASİN;-;0,00%;-;0,00%;-;0,00%;-;0,00%;;;;;;;;;;;;
SAMSUN;HAKAN YUMAK;TRABZON BATI ILCELER - 2;MOKSİFLOKSASİN PAZARI;DİĞER LEVOFLOKSASİN;-;0,00%;-;0,00%;-;0,00%;-;0,00%;;;;;;;;;;;;
SAMSUN;HAKAN YUMAK;TRABZON BATI ILCELER - 2;MOKSİFLOKSASİN PAZARI;MOKSİFLOKSASİN PAZARI TOPLAM;190;100,00%;54;100,00%;86;100,00%;50;100,00%;;;;;;;;;;;;
SAMSUN;HAKAN YUMAK;TRABZON BATI ILCELER - 2;GRİPORT COLD PAZARI;A FERİN;1.430;40,92%;339;33,43%;962;67,65%;129;12,18%;;;;;;;;;;;;
SAMSUN;HAKAN YUMAK;TRABZON BATI ILCELER - 2;GRİPORT COLD PAZARI;GRİPORT COLD;8;4,49%;-;0,00%;-;0,00%;8;0,76%;;;;;;;;;;;;
SAMSUN;HAKAN YUMAK;TRABZON BATI ILCELER - 2;GRİPORT COLD PAZARI;KATARIN;326;9,33%;92;9,07%;108;7,59%;126;11,90%;;;;;;;;;;;;
SAMSUN;HAKAN YUMAK;TRABZON BATI ILCELER - 2;GRİPORT COLD PAZARI;NUROFEN COLD FLUE;178;5,09%;15;1,48%;50;3,52%;113;10,67%;;;;;;;;;;;;
SAMSUN;HAKAN YUMAK;TRABZON BATI ILCELER - 2;GRİPORT COLD PAZARI;OTHER COLD PREP;1.072;30,67%;463;45,66%;195;13,71%;414;39,09%;;;;;;;;;;;;
SAMSUN;HAKAN YUMAK;TRABZON BATI ILCELER - 2;GRİPORT COLD PAZARI;OTHER COLD PREP - VIT C;461;13,19%;96;9,47%;111;7,81%;254;23,98%;;;;;;;;;;;;
SAMSUN;HAKAN YUMAK;TRABZON BATI ILCELER - 2;GRİPORT COLD PAZARI;GRİBEX COLD FLUE;20;0,57%;9;0,89%;-4;-0,28%;15;1,42%;;;;;;;;;;;;
SAMSUN;HAKAN YUMAK;TRABZON BATI ILCELER - 2;GRİPORT COLD PAZARI;GRIPORT COLD PAZARI TOPLAM;3.495;100,00%;1.014;100,00%;1.422;100,00%;1.059;100,00%;;;;;;;;;;;;
SAMSUN;HAKAN YUMAK;TRABZON BATI ILCELER - 2;FAMTREC PAZARI;FAMTREC;6;1,90%;5;3,76%;1;0,70%;-;0,00%;;;;;;;;;;;;
SAMSUN;HAKAN YUMAK;TRABZON BATI ILCELER - 2;FAMTREC PAZARI;BRUFEN;408;129,11%;128;96,24%;141;99,30%;139;339,02%;;;;;;;;;;;;
SAMSUN;HAKAN YUMAK;TRABZON BATI ILCELER - 2;FAMTREC PAZARI;DİĞER FAMOTİDİN;98;31,01%;-;0,00%;-;0,00%;98;239,02%;;;;;;;;;;;;
SAMSUN;HAKAN YUMAK;TRABZON BATI ILCELER - 2;FAMTREC PAZARI;FAMOTİDİN PAZARI TOPLAM;316;100,00%;133;100,00%;142;100,00%;41;100,00%;;;;;;;;;;;;
SAMSUN;MURAT KANDIS;TRABZON DOGU ILCELER - 2;PANTAPROZOL PAZARI;PANOCER TOPLAM;44;0,60%;14;0,30%;29;1,48%;1;0,14%;;;;;;;;;;;;
SAMSUN;MURAT KANDIS;TRABZON DOGU ILCELER - 2;PANTAPROZOL PAZARI;PANTO;4.847;66,13%;4.362;93,44%;107;5,48%;378;53,39%;;;;;;;;;;;;
SAMSUN;MURAT KANDIS;TRABZON DOGU ILCELER - 2;PANTAPROZOL PAZARI;PANTACTIVE;334;4,56%;58;1,24%;58;2,97%;218;30,79%;;;;;;;;;;;;
SAMSUN;MURAT KANDIS;TRABZON DOGU ILCELER - 2;PANTAPROZOL PAZARI;DIGER PANTAPROZOLE;350;4,78%;120;2,57%;141;7,22%;89;12,57%;;;;;;;;;;;;
SAMSUN;MURAT KANDIS;TRABZON DOGU ILCELER - 2;PANTAPROZOL PAZARI;PULCET;1.754;23,93%;114;2,44%;1.618;82,85%;22;3,11%;;;;;;;;;;;;
SAMSUN;MURAT KANDIS;TRABZON DOGU ILCELER - 2;PANTAPROZOL PAZARI; PANTOPRAZOLE PAZARI TOPLAM;7.329;100,00%;4.668;100,00%;1.953;100,00%;708;100,00%;;;;;;;;;;;;
SAMSUN;MURAT KANDIS;TRABZON DOGU ILCELER - 2;ACIDPASS PAZARI;ACIDPASS TOPLAM;75;3,68%;27;2,66%;27;5,57%;21;3,92%;;;;;;;;;;;;
SAMSUN;MURAT KANDIS;TRABZON DOGU ILCELER - 2;ACIDPASS PAZARI;TRIGAST;170;8,35%;31;3,05%;74;15,26%;65;12,13%;;;;;;;;;;;;
SAMSUN;MURAT KANDIS;TRABZON DOGU ILCELER - 2;ACIDPASS PAZARI;TALCID;538;26,41%;153;15,06%;216;44,54%;169;31,53%;;;;;;;;;;;;
SAMSUN;MURAT KANDIS;TRABZON DOGU ILCELER - 2;ACIDPASS PAZARI;RENNIE;549;26,95%;315;31,00%;153;31,55%;81;15,11%;;;;;;;;;;;;
SAMSUN;MURAT KANDIS;TRABZON DOGU ILCELER - 2;ACIDPASS PAZARI;DIGER ACIDPASS;9;0,44%;4;0,39%;3;0,62%;2;0,37%;;;;;;;;;;;;
SAMSUN;MURAT KANDIS;TRABZON DOGU ILCELER - 2;ACIDPASS PAZARI;FAMODİN PLUS;696;34,17%;486;47,83%;12;2,47%;198;36,94%;;;;;;;;;;;;
SAMSUN;MURAT KANDIS;TRABZON DOGU ILCELER - 2;ACIDPASS PAZARI; ACIDPASS PAZARI TOPLAM;2.037;100,00%;1.016;100,00%;485;100,00%;536;100,00%;;;;;;;;;;;;
SAMSUN;MURAT KANDIS;TRABZON DOGU ILCELER - 2;MOKSİFLOKSASİN PAZARI;MOKSEFEN;43;13,07%;43;35,83%;-;0,00%;-;0,00%;;;;;;;;;;;;
SAMSUN;MURAT KANDIS;TRABZON DOGU ILCELER - 2;MOKSİFLOKSASİN PAZARI;AVELOX;70;21,28%;27;22,50%;33;17,10%;10;62,50%;;;;;;;;;;;;
SAMSUN;MURAT KANDIS;TRABZON DOGU ILCELER - 2;MOKSİFLOKSASİN PAZARI;MOXAI;216;65,65%;50;41,67%;160;82,90%;6;37,50%;;;;;;;;;;;;
SAMSUN;MURAT KANDIS;TRABZON DOGU ILCELER - 2;MOKSİFLOKSASİN PAZARI;DİĞER MOKSİFLOKSASİN;-;0,00%;-;0,00%;-;0,00%;-;0,00%;;;;;;;;;;;;
SAMSUN;MURAT KANDIS;TRABZON DOGU ILCELER - 2;MOKSİFLOKSASİN PAZARI;DİĞER LEVOFLOKSASİN;-;0,00%;-;0,00%;-;0,00%;-;0,00%;;;;;;;;;;;;
SAMSUN;MURAT KANDIS;TRABZON DOGU ILCELER - 2;MOKSİFLOKSASİN PAZARI;MOKSİFLOKSASİN PAZARI TOPLAM;329;100,00%;120;100,00%;193;100,00%;16;100,00%;;;;;;;;;;;;
SAMSUN;MURAT KANDIS;TRABZON DOGU ILCELER - 2;GRİPORT COLD PAZARI;A FERİN;1.938;30,95%;518;35,36%;1.016;29,30%;404;30,38%;;;;;;;;;;;;
SAMSUN;MURAT KANDIS;TRABZON DOGU ILCELER - 2;GRİPORT COLD PAZARI;GRİPORT COLD;9;1,71%;3;0,20%;4;0,12%;2;0,15%;;;;;;;;;;;;
SAMSUN;MURAT KANDIS;TRABZON DOGU ILCELER - 2;GRİPORT COLD PAZARI;KATARIN;137;2,19%;65;4,44%;57;1,64%;15;1,13%;;;;;;;;;;;;
SAMSUN;MURAT KANDIS;TRABZON DOGU ILCELER - 2;GRİPORT COLD PAZARI;NUROFEN COLD FLUE;526;8,40%;125;8,53%;331;9,55%;70;5,26%;;;;;;;;;;;;
SAMSUN;MURAT KANDIS;TRABZON DOGU ILCELER - 2;GRİPORT COLD PAZARI;OTHER COLD PREP;1.201;19,18%;435;29,69%;248;7,15%;518;38,95%;;;;;;;;;;;;
SAMSUN;MURAT KANDIS;TRABZON DOGU ILCELER - 2;GRİPORT COLD PAZARI;OTHER COLD PREP - VIT C;766;12,23%;254;17,34%;206;5,94%;306;23,01%;;;;;;;;;;;;
SAMSUN;MURAT KANDIS;TRABZON DOGU ILCELER - 2;GRİPORT COLD PAZARI;GRİBEX COLD FLUE;1.685;26,91%;65;4,44%;1.605;46,29%;15;1,13%;;;;;;;;;;;;
SAMSUN;MURAT KANDIS;TRABZON DOGU ILCELER - 2;GRİPORT COLD PAZARI;GRIPORT COLD PAZARI TOPLAM;6.262;100,00%;1.465;100,00%;3.467;100,00%;1.330;100,00%;;;;;;;;;;;;
SAMSUN;MURAT KANDIS;TRABZON DOGU ILCELER - 2;FAMTREC PAZARI;FAMTREC;2;0,21%;-;0,00%;-;0,00%;2;0,24%;;;;;;;;;;;;
SAMSUN;MURAT KANDIS;TRABZON DOGU ILCELER - 2;FAMTREC PAZARI;BRUFEN;988;101,65%;49;96,08%;43;54,43%;896;106,41%;;;;;;;;;;;;
SAMSUN;MURAT KANDIS;TRABZON DOGU ILCELER - 2;FAMTREC PAZARI;DİĞER FAMOTİDİN;92;9,47%;2;3,92%;36;45,57%;54;6,41%;;;;;;;;;;;;
SAMSUN;MURAT KANDIS;TRABZON DOGU ILCELER - 2;FAMTREC PAZARI;FAMOTİDİN PAZARI TOPLAM;972;100,00%;51;100,00%;79;100,00%;842;100,00%;;;;;;;;;;;;
SAMSUN;MURAT KANDIS;TRABZON DOGU ILCELER -1;PANTAPROZOL PAZARI;PANOCER TOPLAM;198;6,52%;88;4,91%;55;7,27%;55;11,27%;;;;;;;;;;;;
SAMSUN;MURAT KANDIS;TRABZON DOGU ILCELER -1;PANTAPROZOL PAZARI;PANTO;1.648;54,28%;1.410;78,73%;112;14,80%;126;25,82%;;;;;;;;;;;;
SAMSUN;MURAT KANDIS;TRABZON DOGU ILCELER -1;PANTAPROZOL PAZARI;PANTACTIVE;43;1,42%;25;1,40%;-;0,00%;18;3,69%;;;;;;;;;;;;
SAMSUN;MURAT KANDIS;TRABZON DOGU ILCELER -1;PANTAPROZOL PAZARI;DIGER PANTAPROZOLE;662;21,81%;172;9,60%;346;45,71%;144;29,51%;;;;;;;;;;;;
SAMSUN;MURAT KANDIS;TRABZON DOGU ILCELER -1;PANTAPROZOL PAZARI;PULCET;485;15,97%;96;5,36%;244;32,23%;145;29,71%;;;;;;;;;;;;
SAMSUN;MURAT KANDIS;TRABZON DOGU ILCELER -1;PANTAPROZOL PAZARI; PANTOPRAZOLE PAZARI TOPLAM;3.036;100,00%;1.791;100,00%;757;100,00%;488;100,00%;;;;;;;;;;;;
SAMSUN;MURAT KANDIS;TRABZON DOGU ILCELER -1;ACIDPASS PAZARI;ACIDPASS TOPLAM;233;19,55%;103;43,28%;77;19,20%;53;9,58%;;;;;;;;;;;;
SAMSUN;MURAT KANDIS;TRABZON DOGU ILCELER -1;ACIDPASS PAZARI;TRIGAST;41;3,44%;1;0,42%;27;6,73%;13;2,35%;;;;;;;;;;;;
SAMSUN;MURAT KANDIS;TRABZON DOGU ILCELER -1;ACIDPASS PAZARI;TALCID;565;47,40%;50;21,01%;99;24,69%;416;75,23%;;;;;;;;;;;;
SAMSUN;MURAT KANDIS;TRABZON DOGU ILCELER -1;ACIDPASS PAZARI;RENNIE;330;27,68%;79;33,19%;183;45,64%;68;12,30%;;;;;;;;;;;;
SAMSUN;MURAT KANDIS;TRABZON DOGU ILCELER -1;ACIDPASS PAZARI;DIGER ACIDPASS;-;0,00%;-;0,00%;-;0,00%;-;0,00%;;;;;;;;;;;;
SAMSUN;MURAT KANDIS;TRABZON DOGU ILCELER -1;ACIDPASS PAZARI;FAMODİN PLUS;23;1,93%;5;2,10%;15;3,74%;3;0,54%;;;;;;;;;;;;
SAMSUN;MURAT KANDIS;TRABZON DOGU ILCELER -1;ACIDPASS PAZARI; ACIDPASS PAZARI TOPLAM;1.192;100,00%;238;100,00%;401;100,00%;553;100,00%;;;;;;;;;;;;
SAMSUN;MURAT KANDIS;TRABZON DOGU ILCELER -1;MOKSİFLOKSASİN PAZARI;MOKSEFEN;80;22,35%;37;51,39%;13;7,22%;30;28,30%;;;;;;;;;;;;
SAMSUN;MURAT KANDIS;TRABZON DOGU ILCELER -1;MOKSİFLOKSASİN PAZARI;AVELOX;45;12,57%;29;40,28%;8;4,44%;8;7,55%;;;;;;;;;;;;
SAMSUN;MURAT KANDIS;TRABZON DOGU ILCELER -1;MOKSİFLOKSASİN PAZARI;MOXAI;230;64,25%;3;4,17%;159;88,33%;68;64,15%;;;;;;;;;;;;
SAMSUN;MURAT KANDIS;TRABZON DOGU ILCELER -1;MOKSİFLOKSASİN PAZARI;DİĞER MOKSİFLOKSASİN;3;0,84%;3;4,17%;-;0,00%;-;0,00%;;;;;;;;;;;;
SAMSUN;MURAT KANDIS;TRABZON DOGU ILCELER -1;MOKSİFLOKSASİN PAZARI;DİĞER LEVOFLOKSASİN;-;0,00%;-;0,00%;-;0,00%;-;0,00%;;;;;;;;;;;;
SAMSUN;MURAT KANDIS;TRABZON DOGU ILCELER -1;MOKSİFLOKSASİN PAZARI;MOKSİFLOKSASİN PAZARI TOPLAM;358;100,00%;72;100,00%;180;100,00%;106;100,00%;;;;;;;;;;;;
SAMSUN;MURAT KANDIS;TRABZON DOGU ILCELER -1;GRİPORT COLD PAZARI;A FERİN;725;28,88%;256;27,56%;166;18,51%;303;44,30%;;;;;;;;;;;;
SAMSUN;MURAT KANDIS;TRABZON DOGU ILCELER -1;GRİPORT COLD PAZARI;GRİPORT COLD;5;4,35%;-;0,00%;3;0,33%;2;0,29%;;;;;;;;;;;;
SAMSUN;MURAT KANDIS;TRABZON DOGU ILCELER -1;GRİPORT COLD PAZARI;KATARIN;157;6,25%;63;6,78%;73;8,14%;21;3,07%;;;;;;;;;;;;
SAMSUN;MURAT KANDIS;TRABZON DOGU ILCELER -1;GRİPORT COLD PAZARI;NUROFEN COLD FLUE;115;4,58%;64;6,89%;31;3,46%;20;2,92%;;;;;;;;;;;;
SAMSUN;MURAT KANDIS;TRABZON DOGU ILCELER -1;GRİPORT COLD PAZARI;OTHER COLD PREP;817;32,55%;340;36,60%;343;38,24%;134;19,59%;;;;;;;;;;;;
SAMSUN;MURAT KANDIS;TRABZON DOGU ILCELER -1;GRİPORT COLD PAZARI;OTHER COLD PREP - VIT C;609;24,26%;189;20,34%;235;26,20%;185;27,05%;;;;;;;;;;;;
SAMSUN;MURAT KANDIS;TRABZON DOGU ILCELER -1;GRİPORT COLD PAZARI;GRİBEX COLD FLUE;82;3,27%;17;1,83%;46;5,13%;19;2,78%;;;;;;;;;;;;
SAMSUN;MURAT KANDIS;TRABZON DOGU ILCELER -1;GRİPORT COLD PAZARI;GRIPORT COLD PAZARI TOPLAM;2.510;100,00%;929;100,00%;897;100,00%;684;100,00%;;;;;;;;;;;;
SAMSUN;MURAT KANDIS;TRABZON DOGU ILCELER -1;FAMTREC PAZARI;FAMTREC;-;0,00%;-;0,00%;-;0,00%;-;0,00%;;;;;;;;;;;;
SAMSUN;MURAT KANDIS;TRABZON DOGU ILCELER -1;FAMTREC PAZARI;BRUFEN;71;71,00%;31;86,11%;15;34,88%;25;119,05%;;;;;;;;;;;;
SAMSUN;MURAT KANDIS;TRABZON DOGU ILCELER -1;FAMTREC PAZARI;DİĞER FAMOTİDİN;37;37,00%;5;13,89%;28;65,12%;4;19,05%;;;;;;;;;;;;
SAMSUN;MURAT KANDIS;TRABZON DOGU ILCELER -1;FAMTREC PAZARI;FAMOTİDİN PAZARI TOPLAM;100;100,00%;36;100,00%;43;100,00%;21;100,00%;;;;;;;;;;;;
SAMSUN;HAKAN YUMAK;TRABZON DUZKOY+MACKA;PANTAPROZOL PAZARI;PANOCER TOPLAM;26;1,21%;13;0,68%;13;8,07%;-;0,00%;;;;;;;;;;;;
SAMSUN;HAKAN YUMAK;TRABZON DUZKOY+MACKA;PANTAPROZOL PAZARI;PANTO;1.690;78,60%;1.721;90,15%;-49;-30,43%;18;22,50%;;;;;;;;;;;;
SAMSUN;HAKAN YUMAK;TRABZON DUZKOY+MACKA;PANTAPROZOL PAZARI;PANTACTIVE;24;1,12%;6;0,31%;12;7,45%;6;7,50%;;;;;;;;;;;;
SAMSUN;HAKAN YUMAK;TRABZON DUZKOY+MACKA;PANTAPROZOL PAZARI;DIGER PANTAPROZOLE;165;7,67%;79;4,14%;41;25,47%;45;56,25%;;;;;;;;;;;;
SAMSUN;HAKAN YUMAK;TRABZON DUZKOY+MACKA;PANTAPROZOL PAZARI;PULCET;245;11,40%;90;4,71%;144;89,44%;11;13,75%;;;;;;;;;;;;
SAMSUN;HAKAN YUMAK;TRABZON DUZKOY+MACKA;PANTAPROZOL PAZARI; PANTOPRAZOLE PAZARI TOPLAM;2.150;100,00%;1.909;100,00%;161;100,00%;80;100,00%;;;;;;;;;;;;
SAMSUN;HAKAN YUMAK;TRABZON DUZKOY+MACKA;ACIDPASS PAZARI;ACIDPASS TOPLAM;67;14,19%;34;13,13%;26;12,87%;7;63,64%;;;;;;;;;;;;
SAMSUN;HAKAN YUMAK;TRABZON DUZKOY+MACKA;ACIDPASS PAZARI;TRIGAST;3;0,64%;3;1,16%;-;0,00%;-;0,00%;;;;;;;;;;;;
SAMSUN;HAKAN YUMAK;TRABZON DUZKOY+MACKA;ACIDPASS PAZARI;TALCID;186;39,41%;165;63,71%;21;10,40%;-;0,00%;;;;;;;;;;;;
SAMSUN;HAKAN YUMAK;TRABZON DUZKOY+MACKA;ACIDPASS PAZARI;RENNIE;170;36,02%;21;8,11%;149;73,76%;-;0,00%;;;;;;;;;;;;
SAMSUN;HAKAN YUMAK;TRABZON DUZKOY+MACKA;ACIDPASS PAZARI;DIGER ACIDPASS;3;0,64%;-;0,00%;1;0,50%;2;18,18%;;;;;;;;;;;;
SAMSUN;HAKAN YUMAK;TRABZON DUZKOY+MACKA;ACIDPASS PAZARI;FAMODİN PLUS;43;9,11%;36;13,90%;5;2,48%;2;18,18%;;;;;;;;;;;;
SAMSUN;HAKAN YUMAK;TRABZON DUZKOY+MACKA;ACIDPASS PAZARI; ACIDPASS PAZARI TOPLAM;472;100,00%;259;100,00%;202;100,00%;11;100,00%;;;;;;;;;;;;
SAMSUN;HAKAN YUMAK;TRABZON DUZKOY+MACKA;MOKSİFLOKSASİN PAZARI;MOKSEFEN;30;55,56%;-;0,00%;30;90,91%;-;0,00%;;;;;;;;;;;;
SAMSUN;HAKAN YUMAK;TRABZON DUZKOY+MACKA;MOKSİFLOKSASİN PAZARI;AVELOX;24;44,44%;13;100,00%;3;9,09%;8;100,00%;;;;;;;;;;;;
SAMSUN;HAKAN YUMAK;TRABZON DUZKOY+MACKA;MOKSİFLOKSASİN PAZARI;MOXAI;-;0,00%;-;0,00%;-;0,00%;-;0,00%;;;;;;;;;;;;
SAMSUN;HAKAN YUMAK;TRABZON DUZKOY+MACKA;MOKSİFLOKSASİN PAZARI;DİĞER MOKSİFLOKSASİN;-;0,00%;-;0,00%;-;0,00%;-;0,00%;;;;;;;;;;;;
SAMSUN;HAKAN YUMAK;TRABZON DUZKOY+MACKA;MOKSİFLOKSASİN PAZARI;DİĞER LEVOFLOKSASİN;-;0,00%;-;0,00%;-;0,00%;-;0,00%;;;;;;;;;;;;
SAMSUN;HAKAN YUMAK;TRABZON DUZKOY+MACKA;MOKSİFLOKSASİN PAZARI;MOKSİFLOKSASİN PAZARI TOPLAM;54;100,00%;13;100,00%;33;100,00%;8;100,00%;;;;;;;;;;;;
SAMSUN;HAKAN YUMAK;TRABZON DUZKOY+MACKA;GRİPORT COLD PAZARI;A FERİN;440;27,28%;109;28,09%;294;27,79%;37;22,16%;;;;;;;;;;;;
SAMSUN;HAKAN YUMAK;TRABZON DUZKOY+MACKA;GRİPORT COLD PAZARI;GRİPORT COLD;10;26,32%;-;0,00%;8;0,76%;2;1,20%;;;;;;;;;;;;
SAMSUN;HAKAN YUMAK;TRABZON DUZKOY+MACKA;GRİPORT COLD PAZARI;KATARIN;18;1,12%;10;2,58%;2;0,19%;6;3,59%;;;;;;;;;;;;
SAMSUN;HAKAN YUMAK;TRABZON DUZKOY+MACKA;GRİPORT COLD PAZARI;NUROFEN COLD FLUE;38;2,36%;28;7,22%;-;0,00%;10;5,99%;;;;;;;;;;;;
SAMSUN;HAKAN YUMAK;TRABZON DUZKOY+MACKA;GRİPORT COLD PAZARI;OTHER COLD PREP;226;14,01%;156;40,21%;13;1,23%;57;34,13%;;;;;;;;;;;;
SAMSUN;HAKAN YUMAK;TRABZON DUZKOY+MACKA;GRİPORT COLD PAZARI;OTHER COLD PREP - VIT C;319;19,78%;75;19,33%;189;17,86%;55;32,93%;;;;;;;;;;;;
SAMSUN;HAKAN YUMAK;TRABZON DUZKOY+MACKA;GRİPORT COLD PAZARI;GRİBEX COLD FLUE;562;34,84%;10;2,58%;552;52,17%;-;0,00%;;;;;;;;;;;;
SAMSUN;HAKAN YUMAK;TRABZON DUZKOY+MACKA;GRİPORT COLD PAZARI;GRIPORT COLD PAZARI TOPLAM;1.613;100,00%;388;100,00%;1.058;100,00%;167;100,00%;;;;;;;;;;;;
SAMSUN;HAKAN YUMAK;TRABZON DUZKOY+MACKA;FAMTREC PAZARI;FAMTREC;-;0,00%;-;0,00%;-;0,00%;-;0,00%;;;;;;;;;;;;
SAMSUN;HAKAN YUMAK;TRABZON DUZKOY+MACKA;FAMTREC PAZARI;BRUFEN;32;145,45%;-;0,00%;7;100,00%;25;166,67%;;;;;;;;;;;;
SAMSUN;HAKAN YUMAK;TRABZON DUZKOY+MACKA;FAMTREC PAZARI;DİĞER FAMOTİDİN;10;45,45%;-;0,00%;-;0,00%;10;66,67%;;;;;;;;;;;;
SAMSUN;HAKAN YUMAK;TRABZON DUZKOY+MACKA;FAMTREC PAZARI;FAMOTİDİN PAZARI TOPLAM;22;100,00%;-;0,00%;7;100,00%;15;100,00%;;;;;;;;;;;;
SAMSUN;GIDILMEYEN SAMSUN;TRABZON K.BASI+SURMENE;PANTAPROZOL PAZARI;PANOCER TOPLAM;13;0,92%;-;0,00%;-;0,00%;13;44,83%;;;;;;;;;;;;
SAMSUN;GIDILMEYEN SAMSUN;TRABZON K.BASI+SURMENE;PANTAPROZOL PAZARI;PANTO;975;69,00%;956;91,66%;10;2,93%;9;31,03%;;;;;;;;;;;;
SAMSUN;GIDILMEYEN SAMSUN;TRABZON K.BASI+SURMENE;PANTAPROZOL PAZARI;PANTACTIVE;6;0,42%;6;0,58%;-;0,00%;-;0,00%;;;;;;;;;;;;
SAMSUN;GIDILMEYEN SAMSUN;TRABZON K.BASI+SURMENE;PANTAPROZOL PAZARI;DIGER PANTAPROZOLE;110;7,78%;67;6,42%;36;10,56%;7;24,14%;;;;;;;;;;;;
SAMSUN;GIDILMEYEN SAMSUN;TRABZON K.BASI+SURMENE;PANTAPROZOL PAZARI;PULCET;309;21,87%;14;1,34%;295;86,51%;-;0,00%;;;;;;;;;;;;
SAMSUN;GIDILMEYEN SAMSUN;TRABZON K.BASI+SURMENE;PANTAPROZOL PAZARI; PANTOPRAZOLE PAZARI TOPLAM;1.413;100,00%;1.043;100,00%;341;100,00%;29;100,00%;;;;;;;;;;;;
SAMSUN;GIDILMEYEN SAMSUN;TRABZON K.BASI+SURMENE;ACIDPASS PAZARI;ACIDPASS TOPLAM;19;4,15%;14;6,33%;-;0,00%;5;7,14%;;;;;;;;;;;;
SAMSUN;GIDILMEYEN SAMSUN;TRABZON K.BASI+SURMENE;ACIDPASS PAZARI;TRIGAST;45;9,83%;-;0,00%;-;0,00%;45;64,29%;;;;;;;;;;;;
SAMSUN;GIDILMEYEN SAMSUN;TRABZON K.BASI+SURMENE;ACIDPASS PAZARI;TALCID;206;44,98%;165;74,66%;21;12,57%;20;28,57%;;;;;;;;;;;;
SAMSUN;GIDILMEYEN SAMSUN;TRABZON K.BASI+SURMENE;ACIDPASS PAZARI;RENNIE;186;40,61%;42;19,00%;144;86,23%;-;0,00%;;;;;;;;;;;;
SAMSUN;GIDILMEYEN SAMSUN;TRABZON K.BASI+SURMENE;ACIDPASS PAZARI;DIGER ACIDPASS;-;0,00%;-;0,00%;-;0,00%;-;0,00%;;;;;;;;;;;;
SAMSUN;GIDILMEYEN SAMSUN;TRABZON K.BASI+SURMENE;ACIDPASS PAZARI;FAMODİN PLUS;2;0,44%;-;0,00%;2;1,20%;-;0,00%;;;;;;;;;;;;
SAMSUN;GIDILMEYEN SAMSUN;TRABZON K.BASI+SURMENE;ACIDPASS PAZARI; ACIDPASS PAZARI TOPLAM;458;100,00%;221;100,00%;167;100,00%;70;100,00%;;;;;;;;;;;;
SAMSUN;GIDILMEYEN SAMSUN;TRABZON K.BASI+SURMENE;MOKSİFLOKSASİN PAZARI;MOKSEFEN;19;37,25%;6;27,27%;13;50,00%;-;0,00%;;;;;;;;;;;;
SAMSUN;GIDILMEYEN SAMSUN;TRABZON K.BASI+SURMENE;MOKSİFLOKSASİN PAZARI;AVELOX;32;62,75%;16;72,73%;13;50,00%;3;100,00%;;;;;;;;;;;;
SAMSUN;GIDILMEYEN SAMSUN;TRABZON K.BASI+SURMENE;MOKSİFLOKSASİN PAZARI;MOXAI;-;0,00%;-;0,00%;-;0,00%;-;0,00%;;;;;;;;;;;;
SAMSUN;GIDILMEYEN SAMSUN;TRABZON K.BASI+SURMENE;MOKSİFLOKSASİN PAZARI;DİĞER MOKSİFLOKSASİN;-;0,00%;-;0,00%;-;0,00%;-;0,00%;;;;;;;;;;;;
SAMSUN;GIDILMEYEN SAMSUN;TRABZON K.BASI+SURMENE;MOKSİFLOKSASİN PAZARI;DİĞER LEVOFLOKSASİN;-;0,00%;-;0,00%;-;0,00%;-;0,00%;;;;;;;;;;;;
SAMSUN;GIDILMEYEN SAMSUN;TRABZON K.BASI+SURMENE;MOKSİFLOKSASİN PAZARI;MOKSİFLOKSASİN PAZARI TOPLAM;51;100,00%;22;100,00%;26;100,00%;3;100,00%;;;;;;;;;;;;
SAMSUN;GIDILMEYEN SAMSUN;TRABZON K.BASI+SURMENE;GRİPORT COLD PAZARI;A FERİN;152;10,48%;38;19,90%;22;6,41%;92;10,04%;;;;;;;;;;;;
SAMSUN;GIDILMEYEN SAMSUN;TRABZON K.BASI+SURMENE;GRİPORT COLD PAZARI;GRİPORT COLD;2;1,38%;-;0,00%;-;0,00%;2;0,22%;;;;;;;;;;;;
SAMSUN;GIDILMEYEN SAMSUN;TRABZON K.BASI+SURMENE;GRİPORT COLD PAZARI;KATARIN;47;3,24%;17;8,90%;15;4,37%;15;1,64%;;;;;;;;;;;;
SAMSUN;GIDILMEYEN SAMSUN;TRABZON K.BASI+SURMENE;GRİPORT COLD PAZARI;NUROFEN COLD FLUE;145;10,00%;10;5,24%;130;37,90%;5;0,55%;;;;;;;;;;;;
SAMSUN;GIDILMEYEN SAMSUN;TRABZON K.BASI+SURMENE;GRİPORT COLD PAZARI;OTHER COLD PREP;780;53,79%;30;15,71%;71;20,70%;679;74,13%;;;;;;;;;;;;
SAMSUN;GIDILMEYEN SAMSUN;TRABZON K.BASI+SURMENE;GRİPORT COLD PAZARI;OTHER COLD PREP - VIT C;312;21,52%;91;47,64%;100;29,15%;121;13,21%;;;;;;;;;;;;
SAMSUN;GIDILMEYEN SAMSUN;TRABZON K.BASI+SURMENE;GRİPORT COLD PAZARI;GRİBEX COLD FLUE;12;0,83%;5;2,62%;5;1,46%;2;0,22%;;;;;;;;;;;;
SAMSUN;GIDILMEYEN SAMSUN;TRABZON K.BASI+SURMENE;GRİPORT COLD PAZARI;GRIPORT COLD PAZARI TOPLAM;1.450;100,00%;191;100,00%;343;100,00%;916;100,00%;;;;;;;;;;;;
SAMSUN;GIDILMEYEN SAMSUN;TRABZON K.BASI+SURMENE;FAMTREC PAZARI;FAMTREC;-;0,00%;-;0,00%;-;0,00%;-;0,00%;;;;;;;;;;;;
SAMSUN;GIDILMEYEN SAMSUN;TRABZON K.BASI+SURMENE;FAMTREC PAZARI;BRUFEN;50;92,59%;10;62,50%;15;53,57%;25;250,00%;;;;;;;;;;;;
SAMSUN;GIDILMEYEN SAMSUN;TRABZON K.BASI+SURMENE;FAMTREC PAZARI;DİĞER FAMOTİDİN;34;62,96%;6;37,50%;13;46,43%;15;150,00%;;;;;;;;;;;;
SAMSUN;GIDILMEYEN SAMSUN;TRABZON K.BASI+SURMENE;FAMTREC PAZARI;FAMOTİDİN PAZARI TOPLAM;54;100,00%;16;100,00%;28;100,00%;10;100,00%;;;;;;;;;;;;
SAMSUN;MURAT KANDIS;TRABZON MERKEZ -1;PANTAPROZOL PAZARI;PANOCER TOPLAM;470;7,73%;105;2,38%;352;29,02%;13;2,86%;;;;;;;;;;;;
SAMSUN;MURAT KANDIS;TRABZON MERKEZ -1;PANTAPROZOL PAZARI;PANTO;4.102;67,42%;4.051;91,73%;23;1,90%;28;6,15%;;;;;;;;;;;;
SAMSUN;MURAT KANDIS;TRABZON MERKEZ -1;PANTAPROZOL PAZARI;PANTACTIVE;244;4,01%;20;0,45%;52;4,29%;172;37,80%;;;;;;;;;;;;
SAMSUN;MURAT KANDIS;TRABZON MERKEZ -1;PANTAPROZOL PAZARI;DIGER PANTAPROZOLE;476;7,82%;149;3,37%;218;17,97%;109;23,96%;;;;;;;;;;;;
SAMSUN;MURAT KANDIS;TRABZON MERKEZ -1;PANTAPROZOL PAZARI;PULCET;792;13,02%;91;2,06%;568;46,83%;133;29,23%;;;;;;;;;;;;
SAMSUN;MURAT KANDIS;TRABZON MERKEZ -1;PANTAPROZOL PAZARI; PANTOPRAZOLE PAZARI TOPLAM;6.084;100,00%;4.416;100,00%;1.213;100,00%;455;100,00%;;;;;;;;;;;;
SAMSUN;MURAT KANDIS;TRABZON MERKEZ -1;ACIDPASS PAZARI;ACIDPASS TOPLAM;175;8,15%;32;3,73%;66;14,57%;77;9,21%;;;;;;;;;;;;
SAMSUN;MURAT KANDIS;TRABZON MERKEZ -1;ACIDPASS PAZARI;TRIGAST;234;10,89%;47;5,47%;60;13,25%;127;15,19%;;;;;;;;;;;;
SAMSUN;MURAT KANDIS;TRABZON MERKEZ -1;ACIDPASS PAZARI;TALCID;575;26,77%;199;23,17%;88;19,43%;288;34,45%;;;;;;;;;;;;
SAMSUN;MURAT KANDIS;TRABZON MERKEZ -1;ACIDPASS PAZARI;RENNIE;634;29,52%;152;17,70%;246;54,30%;236;28,23%;;;;;;;;;;;;
SAMSUN;MURAT KANDIS;TRABZON MERKEZ -1;ACIDPASS PAZARI;DIGER ACIDPASS;7;0,33%;1;0,12%;-;0,00%;6;0,72%;;;;;;;;;;;;
SAMSUN;MURAT KANDIS;TRABZON MERKEZ -1;ACIDPASS PAZARI;FAMODİN PLUS;523;24,35%;428;49,83%;-7;-1,55%;102;12,20%;;;;;;;;;;;;
SAMSUN;MURAT KANDIS;TRABZON MERKEZ -1;ACIDPASS PAZARI; ACIDPASS PAZARI TOPLAM;2.148;100,00%;859;100,00%;453;100,00%;836;100,00%;;;;;;;;;;;;
SAMSUN;MURAT KANDIS;TRABZON MERKEZ -1;MOKSİFLOKSASİN PAZARI;MOKSEFEN;219;30,89%;170;45,21%;-;0,00%;49;37,69%;;;;;;;;;;;;
SAMSUN;MURAT KANDIS;TRABZON MERKEZ -1;MOKSİFLOKSASİN PAZARI;AVELOX;201;28,35%;58;15,43%;67;33,00%;76;58,46%;;;;;;;;;;;;
SAMSUN;MURAT KANDIS;TRABZON MERKEZ -1;MOKSİFLOKSASİN PAZARI;MOXAI;289;40,76%;148;39,36%;136;67,00%;5;3,85%;;;;;;;;;;;;
SAMSUN;MURAT KANDIS;TRABZON MERKEZ -1;MOKSİFLOKSASİN PAZARI;DİĞER MOKSİFLOKSASİN;-;0,00%;-;0,00%;-;0,00%;-;0,00%;;;;;;;;;;;;
SAMSUN;MURAT KANDIS;TRABZON MERKEZ -1;MOKSİFLOKSASİN PAZARI;DİĞER LEVOFLOKSASİN;-;0,00%;-;0,00%;-;0,00%;-;0,00%;;;;;;;;;;;;
SAMSUN;MURAT KANDIS;TRABZON MERKEZ -1;MOKSİFLOKSASİN PAZARI;MOKSİFLOKSASİN PAZARI TOPLAM;709;100,00%;376;100,00%;203;100,00%;130;100,00%;;;;;;;;;;;;
SAMSUN;MURAT KANDIS;TRABZON MERKEZ -1;GRİPORT COLD PAZARI;A FERİN;1.136;24,00%;513;35,87%;384;15,47%;239;29,11%;;;;;;;;;;;;
SAMSUN;MURAT KANDIS;TRABZON MERKEZ -1;GRİPORT COLD PAZARI;GRİPORT COLD;8;0,98%;1;0,07%;5;0,20%;2;0,24%;;;;;;;;;;;;
SAMSUN;MURAT KANDIS;TRABZON MERKEZ -1;GRİPORT COLD PAZARI;KATARIN;412;8,70%;122;8,53%;221;8,90%;69;8,40%;;;;;;;;;;;;
SAMSUN;MURAT KANDIS;TRABZON MERKEZ -1;GRİPORT COLD PAZARI;NUROFEN COLD FLUE;815;17,22%;303;21,19%;865;34,84%;-353;-43,00%;;;;;;;;;;;;
SAMSUN;MURAT KANDIS;TRABZON MERKEZ -1;GRİPORT COLD PAZARI;OTHER COLD PREP;1.171;24,74%;303;21,19%;382;15,38%;486;59,20%;;;;;;;;;;;;
SAMSUN;MURAT KANDIS;TRABZON MERKEZ -1;GRİPORT COLD PAZARI;OTHER COLD PREP - VIT C;778;16,43%;160;11,19%;242;9,75%;376;45,80%;;;;;;;;;;;;
SAMSUN;MURAT KANDIS;TRABZON MERKEZ -1;GRİPORT COLD PAZARI;GRİBEX COLD FLUE;414;8,75%;28;1,96%;384;15,47%;2;0,24%;;;;;;;;;;;;
SAMSUN;MURAT KANDIS;TRABZON MERKEZ -1;GRİPORT COLD PAZARI;GRIPORT COLD PAZARI TOPLAM;4.734;100,00%;1.430;100,00%;2.483;100,00%;821;100,00%;;;;;;;;;;;;
SAMSUN;MURAT KANDIS;TRABZON MERKEZ -1;FAMTREC PAZARI;FAMTREC;9;7,50%;7;10,00%;1;4,76%;1;3,45%;;;;;;;;;;;;
SAMSUN;MURAT KANDIS;TRABZON MERKEZ -1;FAMTREC PAZARI;BRUFEN;119;99,17%;35;50,00%;14;66,67%;70;241,38%;;;;;;;;;;;;
SAMSUN;MURAT KANDIS;TRABZON MERKEZ -1;FAMTREC PAZARI;DİĞER FAMOTİDİN;75;62,50%;28;40,00%;6;28,57%;41;141,38%;;;;;;;;;;;;
SAMSUN;MURAT KANDIS;TRABZON MERKEZ -1;FAMTREC PAZARI;FAMOTİDİN PAZARI TOPLAM;120;100,00%;70;100,00%;21;100,00%;29;100,00%;;;;;;;;;;;;
SAMSUN;MURAT KANDIS;TRABZON MERKEZ -2;PANTAPROZOL PAZARI;PANOCER TOPLAM;698;19,43%;-;0,00%;698;65,54%;-;0,00%;;;;;;;;;;;;
SAMSUN;MURAT KANDIS;TRABZON MERKEZ -2;PANTAPROZOL PAZARI;PANTO;1.720;47,88%;1.358;77,64%;39;3,66%;323;41,52%;;;;;;;;;;;;
SAMSUN;MURAT KANDIS;TRABZON MERKEZ -2;PANTAPROZOL PAZARI;PANTACTIVE;97;2,70%;80;4,57%;17;1,60%;-;0,00%;;;;;;;;;;;;
SAMSUN;MURAT KANDIS;TRABZON MERKEZ -2;PANTAPROZOL PAZARI;DIGER PANTAPROZOLE;755;21,02%;236;13,49%;54;5,07%;465;59,77%;;;;;;;;;;;;
SAMSUN;MURAT KANDIS;TRABZON MERKEZ -2;PANTAPROZOL PAZARI;PULCET;322;8,96%;75;4,29%;257;24,13%;-10;-1,29%;;;;;;;;;;;;
SAMSUN;MURAT KANDIS;TRABZON MERKEZ -2;PANTAPROZOL PAZARI; PANTOPRAZOLE PAZARI TOPLAM;3.592;100,00%;1.749;100,00%;1.065;100,00%;778;100,00%;;;;;;;;;;;;
SAMSUN;MURAT KANDIS;TRABZON MERKEZ -2;ACIDPASS PAZARI;ACIDPASS TOPLAM;91;12,93%;23;15,97%;28;12,39%;40;11,98%;;;;;;;;;;;;
SAMSUN;MURAT KANDIS;TRABZON MERKEZ -2;ACIDPASS PAZARI;TRIGAST;56;7,95%;27;18,75%;28;12,39%;1;0,30%;;;;;;;;;;;;
SAMSUN;MURAT KANDIS;TRABZON MERKEZ -2;ACIDPASS PAZARI;TALCID;203;28,84%;13;9,03%;80;35,40%;110;32,93%;;;;;;;;;;;;
SAMSUN;MURAT KANDIS;TRABZON MERKEZ -2;ACIDPASS PAZARI;RENNIE;287;40,77%;36;25,00%;86;38,05%;165;49,40%;;;;;;;;;;;;
SAMSUN;MURAT KANDIS;TRABZON MERKEZ -2;ACIDPASS PAZARI;DIGER ACIDPASS;1;0,14%;-;0,00%;-;0,00%;1;0,30%;;;;;;;;;;;;
SAMSUN;MURAT KANDIS;TRABZON MERKEZ -2;ACIDPASS PAZARI;FAMODİN PLUS;66;9,38%;45;31,25%;4;1,77%;17;5,09%;;;;;;;;;;;;
SAMSUN;MURAT KANDIS;TRABZON MERKEZ -2;ACIDPASS PAZARI; ACIDPASS PAZARI TOPLAM;704;100,00%;144;100,00%;226;100,00%;334;100,00%;;;;;;;;;;;;
SAMSUN;MURAT KANDIS;TRABZON MERKEZ -2;MOKSİFLOKSASİN PAZARI;MOKSEFEN;117;41,79%;6;35,29%;111;56,06%;-;0,00%;;;;;;;;;;;;
SAMSUN;MURAT KANDIS;TRABZON MERKEZ -2;MOKSİFLOKSASİN PAZARI;AVELOX;39;13,93%;5;29,41%;14;7,07%;20;30,77%;;;;;;;;;;;;
SAMSUN;MURAT KANDIS;TRABZON MERKEZ -2;MOKSİFLOKSASİN PAZARI;MOXAI;124;44,29%;6;35,29%;73;36,87%;45;69,23%;;;;;;;;;;;;
SAMSUN;MURAT KANDIS;TRABZON MERKEZ -2;MOKSİFLOKSASİN PAZARI;DİĞER MOKSİFLOKSASİN;-;0,00%;-;0,00%;-;0,00%;-;0,00%;;;;;;;;;;;;
SAMSUN;MURAT KANDIS;TRABZON MERKEZ -2;MOKSİFLOKSASİN PAZARI;DİĞER LEVOFLOKSASİN;-;0,00%;-;0,00%;-;0,00%;-;0,00%;;;;;;;;;;;;
SAMSUN;MURAT KANDIS;TRABZON MERKEZ -2;MOKSİFLOKSASİN PAZARI;MOKSİFLOKSASİN PAZARI TOPLAM;280;100,00%;17;100,00%;198;100,00%;65;100,00%;;;;;;;;;;;;
SAMSUN;MURAT KANDIS;TRABZON MERKEZ -2;GRİPORT COLD PAZARI;A FERİN;700;25,52%;3;1,02%;320;20,49%;377;42,50%;;;;;;;;;;;;
SAMSUN;MURAT KANDIS;TRABZON MERKEZ -2;GRİPORT COLD PAZARI;GRİPORT COLD;16;1,81%;-;0,00%;-7;-0,45%;23;2,59%;;;;;;;;;;;;
SAMSUN;MURAT KANDIS;TRABZON MERKEZ -2;GRİPORT COLD PAZARI;KATARIN;260;9,48%;36;12,24%;156;9,99%;68;7,67%;;;;;;;;;;;;
SAMSUN;MURAT KANDIS;TRABZON MERKEZ -2;GRİPORT COLD PAZARI;NUROFEN COLD FLUE;882;32,15%;67;22,79%;799;51,15%;16;1,80%;;;;;;;;;;;;
SAMSUN;MURAT KANDIS;TRABZON MERKEZ -2;GRİPORT COLD PAZARI;OTHER COLD PREP;483;17,61%;103;35,03%;175;11,20%;205;23,11%;;;;;;;;;;;;
SAMSUN;MURAT KANDIS;TRABZON MERKEZ -2;GRİPORT COLD PAZARI;OTHER COLD PREP - VIT C;360;13,12%;70;23,81%;110;7,04%;180;20,29%;;;;;;;;;;;;
SAMSUN;MURAT KANDIS;TRABZON MERKEZ -2;GRİPORT COLD PAZARI;GRİBEX COLD FLUE;42;1,53%;15;5,10%;9;0,58%;18;2,03%;;;;;;;;;;;;
SAMSUN;MURAT KANDIS;TRABZON MERKEZ -2;GRİPORT COLD PAZARI;GRIPORT COLD PAZARI TOPLAM;2.743;100,00%;294;100,00%;1.562;100,00%;887;100,00%;;;;;;;;;;;;
SAMSUN;MURAT KANDIS;TRABZON MERKEZ -2;FAMTREC PAZARI;FAMTREC;4;36,36%;2;28,57%;-;0,00%;2;25,00%;;;;;;;;;;;;
SAMSUN;MURAT KANDIS;TRABZON MERKEZ -2;FAMTREC PAZARI;BRUFEN;21;190,91%;-;0,00%;8;-200,00%;13;162,50%;;;;;;;;;;;;
SAMSUN;MURAT KANDIS;TRABZON MERKEZ -2;FAMTREC PAZARI;DİĞER FAMOTİDİN;-2;-18,18%;5;71,43%;-12;300,00%;5;62,50%;;;;;;;;;;;;
SAMSUN;MURAT KANDIS;TRABZON MERKEZ -2;FAMTREC PAZARI;FAMOTİDİN PAZARI TOPLAM;11;100,00%;7;100,00%;-4;100,00%;8;100,00%;;;;;;;;;;;;
SAMSUN;HAKAN YUMAK;TRABZON MERKEZ -3;PANTAPROZOL PAZARI;PANOCER TOPLAM;378;4,81%;13;0,19%;352;58,96%;13;5,14%;;;;;;;;;;;;
SAMSUN;HAKAN YUMAK;TRABZON MERKEZ -3;PANTAPROZOL PAZARI;PANTO;6.781;86,32%;6.634;94,69%;44;7,37%;103;40,71%;;;;;;;;;;;;
SAMSUN;HAKAN YUMAK;TRABZON MERKEZ -3;PANTAPROZOL PAZARI;PANTACTIVE;66;0,84%;20;0,29%;-;0,00%;46;18,18%;;;;;;;;;;;;
SAMSUN;HAKAN YUMAK;TRABZON MERKEZ -3;PANTAPROZOL PAZARI;DIGER PANTAPROZOLE;431;5,49%;272;3,88%;87;14,57%;72;28,46%;;;;;;;;;;;;
SAMSUN;HAKAN YUMAK;TRABZON MERKEZ -3;PANTAPROZOL PAZARI;PULCET;200;2,55%;67;0,96%;114;19,10%;19;7,51%;;;;;;;;;;;;
SAMSUN;HAKAN YUMAK;TRABZON MERKEZ -3;PANTAPROZOL PAZARI; PANTOPRAZOLE PAZARI TOPLAM;7.856;100,00%;7.006;100,00%;597;100,00%;253;100,00%;;;;;;;;;;;;
SAMSUN;HAKAN YUMAK;TRABZON MERKEZ -3;ACIDPASS PAZARI;ACIDPASS TOPLAM;113;6,63%;26;3,20%;30;7,73%;57;11,29%;;;;;;;;;;;;
SAMSUN;HAKAN YUMAK;TRABZON MERKEZ -3;ACIDPASS PAZARI;TRIGAST;288;16,89%;85;10,47%;79;20,36%;124;24,55%;;;;;;;;;;;;
SAMSUN;HAKAN YUMAK;TRABZON MERKEZ -3;ACIDPASS PAZARI;TALCID;338;19,82%;50;6,16%;32;8,25%;256;50,69%;;;;;;;;;;;;
SAMSUN;HAKAN YUMAK;TRABZON MERKEZ -3;ACIDPASS PAZARI;RENNIE;798;46,80%;512;63,05%;233;60,05%;53;10,50%;;;;;;;;;;;;
SAMSUN;HAKAN YUMAK;TRABZON MERKEZ -3;ACIDPASS PAZARI;DIGER ACIDPASS;15;0,88%;2;0,25%;-;0,00%;13;2,57%;;;;;;;;;;;;
SAMSUN;HAKAN YUMAK;TRABZON MERKEZ -3;ACIDPASS PAZARI;FAMODİN PLUS;153;8,97%;137;16,87%;14;3,61%;2;0,40%;;;;;;;;;;;;
SAMSUN;HAKAN YUMAK;TRABZON MERKEZ -3;ACIDPASS PAZARI; ACIDPASS PAZARI TOPLAM;1.705;100,00%;812;100,00%;388;100,00%;505;100,00%;;;;;;;;;;;;
SAMSUN;HAKAN YUMAK;TRABZON MERKEZ -3;MOKSİFLOKSASİN PAZARI;MOKSEFEN;14;7,87%;-;0,00%;13;18,57%;1;2,94%;;;;;;;;;;;;
SAMSUN;HAKAN YUMAK;TRABZON MERKEZ -3;MOKSİFLOKSASİN PAZARI;AVELOX;113;63,48%;28;37,84%;54;77,14%;31;91,18%;;;;;;;;;;;;
SAMSUN;HAKAN YUMAK;TRABZON MERKEZ -3;MOKSİFLOKSASİN PAZARI;MOXAI;51;28,65%;46;62,16%;3;4,29%;2;5,88%;;;;;;;;;;;;
SAMSUN;HAKAN YUMAK;TRABZON MERKEZ -3;MOKSİFLOKSASİN PAZARI;DİĞER MOKSİFLOKSASİN;-;0,00%;-;0,00%;-;0,00%;-;0,00%;;;;;;;;;;;;
SAMSUN;HAKAN YUMAK;TRABZON MERKEZ -3;MOKSİFLOKSASİN PAZARI;DİĞER LEVOFLOKSASİN;-;0,00%;-;0,00%;-;0,00%;-;0,00%;;;;;;;;;;;;
SAMSUN;HAKAN YUMAK;TRABZON MERKEZ -3;MOKSİFLOKSASİN PAZARI;MOKSİFLOKSASİN PAZARI TOPLAM;178;100,00%;74;100,00%;70;100,00%;34;100,00%;;;;;;;;;;;;
SAMSUN;HAKAN YUMAK;TRABZON MERKEZ -3;GRİPORT COLD PAZARI;A FERİN;1.512;30,54%;485;41,52%;319;22,42%;708;30,00%;;;;;;;;;;;;
SAMSUN;HAKAN YUMAK;TRABZON MERKEZ -3;GRİPORT COLD PAZARI;GRİPORT COLD;210;68,85%;58;4,97%;65;4,57%;87;3,69%;;;;;;;;;;;;
SAMSUN;HAKAN YUMAK;TRABZON MERKEZ -3;GRİPORT COLD PAZARI;KATARIN;266;5,37%;65;5,57%;105;7,38%;96;4,07%;;;;;;;;;;;;
SAMSUN;HAKAN YUMAK;TRABZON MERKEZ -3;GRİPORT COLD PAZARI;NUROFEN COLD FLUE;305;6,16%;22;1,88%;120;8,43%;163;6,91%;;;;;;;;;;;;
SAMSUN;HAKAN YUMAK;TRABZON MERKEZ -3;GRİPORT COLD PAZARI;OTHER COLD PREP;1.353;27,33%;273;23,37%;311;21,86%;769;32,58%;;;;;;;;;;;;
SAMSUN;HAKAN YUMAK;TRABZON MERKEZ -3;GRİPORT COLD PAZARI;OTHER COLD PREP - VIT C;1.070;21,61%;237;20,29%;309;21,71%;524;22,20%;;;;;;;;;;;;
SAMSUN;HAKAN YUMAK;TRABZON MERKEZ -3;GRİPORT COLD PAZARI;GRİBEX COLD FLUE;235;4,75%;28;2,40%;194;13,63%;13;0,55%;;;;;;;;;;;;
SAMSUN;HAKAN YUMAK;TRABZON MERKEZ -3;GRİPORT COLD PAZARI;GRIPORT COLD PAZARI TOPLAM;4.951;100,00%;1.168;100,00%;1.423;100,00%;2.360;100,00%;;;;;;;;;;;;
SAMSUN;HAKAN YUMAK;TRABZON MERKEZ -3;FAMTREC PAZARI;FAMTREC;4;3,20%;1;2,63%;1;3,85%;2;3,28%;;;;;;;;;;;;
SAMSUN;HAKAN YUMAK;TRABZON MERKEZ -3;FAMTREC PAZARI;BRUFEN;132;105,60%;29;76,32%;13;50,00%;90;147,54%;;;;;;;;;;;;
SAMSUN;HAKAN YUMAK;TRABZON MERKEZ -3;FAMTREC PAZARI;DİĞER FAMOTİDİN;49;39,20%;8;21,05%;12;46,15%;29;47,54%;;;;;;;;;;;;
SAMSUN;HAKAN YUMAK;TRABZON MERKEZ -3;FAMTREC PAZARI;FAMOTİDİN PAZARI TOPLAM;125;100,00%;38;100,00%;26;100,00%;61;100,00%;;;;;;;;;;;;
SAMSUN;HAKAN YUMAK;TRABZON MERKEZ -4;PANTAPROZOL PAZARI;PANOCER TOPLAM;249;5,60%;223;7,68%;26;2,09%;-;0,00%;;;;;;;;;;;;
SAMSUN;HAKAN YUMAK;TRABZON MERKEZ -4;PANTAPROZOL PAZARI;PANTO;2.589;58,23%;2.488;85,73%;23;1,85%;78;26,09%;;;;;;;;;;;;
SAMSUN;HAKAN YUMAK;TRABZON MERKEZ -4;PANTAPROZOL PAZARI;PANTACTIVE;96;2,16%;12;0,41%;20;1,61%;64;21,40%;;;;;;;;;;;;
SAMSUN;HAKAN YUMAK;TRABZON MERKEZ -4;PANTAPROZOL PAZARI;DIGER PANTAPROZOLE;629;14,15%;107;3,69%;423;33,98%;99;33,11%;;;;;;;;;;;;
SAMSUN;HAKAN YUMAK;TRABZON MERKEZ -4;PANTAPROZOL PAZARI;PULCET;883;19,86%;72;2,48%;753;60,48%;58;19,40%;;;;;;;;;;;;
SAMSUN;HAKAN YUMAK;TRABZON MERKEZ -4;PANTAPROZOL PAZARI; PANTOPRAZOLE PAZARI TOPLAM;4.446;100,00%;2.902;100,00%;1.245;100,00%;299;100,00%;;;;;;;;;;;;
SAMSUN;HAKAN YUMAK;TRABZON MERKEZ -4;ACIDPASS PAZARI;ACIDPASS TOPLAM;107;14,44%;45;20,45%;47;15,46%;15;6,91%;;;;;;;;;;;;
SAMSUN;HAKAN YUMAK;TRABZON MERKEZ -4;ACIDPASS PAZARI;TRIGAST;138;18,62%;7;3,18%;90;29,61%;41;18,89%;;;;;;;;;;;;
SAMSUN;HAKAN YUMAK;TRABZON MERKEZ -4;ACIDPASS PAZARI;TALCID;178;24,02%;67;30,45%;48;15,79%;63;29,03%;;;;;;;;;;;;
SAMSUN;HAKAN YUMAK;TRABZON MERKEZ -4;ACIDPASS PAZARI;RENNIE;219;29,55%;47;21,36%;89;29,28%;83;38,25%;;;;;;;;;;;;
SAMSUN;HAKAN YUMAK;TRABZON MERKEZ -4;ACIDPASS PAZARI;DIGER ACIDPASS;17;2,29%;2;0,91%;4;1,32%;11;5,07%;;;;;;;;;;;;
SAMSUN;HAKAN YUMAK;TRABZON MERKEZ -4;ACIDPASS PAZARI;FAMODİN PLUS;82;11,07%;52;23,64%;26;8,55%;4;1,84%;;;;;;;;;;;;
SAMSUN;HAKAN YUMAK;TRABZON MERKEZ -4;ACIDPASS PAZARI; ACIDPASS PAZARI TOPLAM;741;100,00%;220;100,00%;304;100,00%;217;100,00%;;;;;;;;;;;;
SAMSUN;HAKAN YUMAK;TRABZON MERKEZ -4;MOKSİFLOKSASİN PAZARI;MOKSEFEN;70;30,30%;7;8,86%;31;35,23%;32;50,00%;;;;;;;;;;;;
SAMSUN;HAKAN YUMAK;TRABZON MERKEZ -4;MOKSİFLOKSASİN PAZARI;AVELOX;148;64,07%;63;79,75%;54;61,36%;31;48,44%;;;;;;;;;;;;
SAMSUN;HAKAN YUMAK;TRABZON MERKEZ -4;MOKSİFLOKSASİN PAZARI;MOXAI;13;5,63%;9;11,39%;3;3,41%;1;1,56%;;;;;;;;;;;;
SAMSUN;HAKAN YUMAK;TRABZON MERKEZ -4;MOKSİFLOKSASİN PAZARI;DİĞER MOKSİFLOKSASİN;-;0,00%;-;0,00%;-;0,00%;-;0,00%;;;;;;;;;;;;
SAMSUN;HAKAN YUMAK;TRABZON MERKEZ -4;MOKSİFLOKSASİN PAZARI;DİĞER LEVOFLOKSASİN;-;0,00%;-;0,00%;-;0,00%;-;0,00%;;;;;;;;;;;;
SAMSUN;HAKAN YUMAK;TRABZON MERKEZ -4;MOKSİFLOKSASİN PAZARI;MOKSİFLOKSASİN PAZARI TOPLAM;231;100,00%;79;100,00%;88;100,00%;64;100,00%;;;;;;;;;;;;
SAMSUN;HAKAN YUMAK;TRABZON MERKEZ -4;GRİPORT COLD PAZARI;A FERİN;748;21,18%;114;14,20%;553;26,64%;81;12,40%;;;;;;;;;;;;
SAMSUN;HAKAN YUMAK;TRABZON MERKEZ -4;GRİPORT COLD PAZARI;GRİPORT COLD;10;0,89%;-;0,00%;2;0,10%;8;1,23%;;;;;;;;;;;;
SAMSUN;HAKAN YUMAK;TRABZON MERKEZ -4;GRİPORT COLD PAZARI;KATARIN;137;3,88%;22;2,74%;60;2,89%;55;8,42%;;;;;;;;;;;;
SAMSUN;HAKAN YUMAK;TRABZON MERKEZ -4;GRİPORT COLD PAZARI;NUROFEN COLD FLUE;1.124;31,82%;248;30,88%;868;41,81%;8;1,23%;;;;;;;;;;;;
SAMSUN;HAKAN YUMAK;TRABZON MERKEZ -4;GRİPORT COLD PAZARI;OTHER COLD PREP;782;22,14%;231;28,77%;375;18,06%;176;26,95%;;;;;;;;;;;;
SAMSUN;HAKAN YUMAK;TRABZON MERKEZ -4;GRİPORT COLD PAZARI;OTHER COLD PREP - VIT C;662;18,74%;174;21,67%;176;8,48%;312;47,78%;;;;;;;;;;;;
SAMSUN;HAKAN YUMAK;TRABZON MERKEZ -4;GRİPORT COLD PAZARI;GRİBEX COLD FLUE;69;1,95%;14;1,74%;42;2,02%;13;1,99%;;;;;;;;;;;;
SAMSUN;HAKAN YUMAK;TRABZON MERKEZ -4;GRİPORT COLD PAZARI;GRIPORT COLD PAZARI TOPLAM;3.532;100,00%;803;100,00%;2.076;100,00%;653;100,00%;;;;;;;;;;;;
SAMSUN;HAKAN YUMAK;TRABZON MERKEZ -4;FAMTREC PAZARI;FAMTREC;6;5,26%;6;31,58%;-;0,00%;-;0,00%;;;;;;;;;;;;
SAMSUN;HAKAN YUMAK;TRABZON MERKEZ -4;FAMTREC PAZARI;BRUFEN;146;128,07%;13;68,42%;10;76,92%;123;150,00%;;;;;;;;;;;;
SAMSUN;HAKAN YUMAK;TRABZON MERKEZ -4;FAMTREC PAZARI;DİĞER FAMOTİDİN;44;38,60%;-;0,00%;3;23,08%;41;50,00%;;;;;;;;;;;;
SAMSUN;HAKAN YUMAK;TRABZON MERKEZ -4;FAMTREC PAZARI;FAMOTİDİN PAZARI TOPLAM;114;100,00%;19;100,00%;13;100,00%;82;100,00%;;;;;;;;;;;;
