Tarih;Ana Depo;Depo;GLN;Kontak Adı;Kontak Brick;Ürün;Form;Satış Adet;Satış MF;Toplam Satış;Toplam Tutar;İade
1.06.2026;SELÇUK ECZA DEPOSU;SELÇUK TRABZON;8,68E+12;UMUT ECZANESİ;TRABZON AKCAABAT;PANOCER;Panocer 40 mg 28 Enterik Kaplı Tablet;500;409;909;52.656;
19.06.2026;SELÇUK ECZA DEPOSU;SELÇUK TRABZON;8,68E+12;DENİZ ECZANESİ;ARTVIN KUZEY ILCELER;PANOCER;Panocer 40 mg 28 Enterik Kaplı Tablet;330;270;600;34.753;
1.06.2026;SELÇUK ECZA DEPOSU;SELÇUK TRABZON;8,68E+12;UMUT ECZANESİ;TRABZON AKCAABAT;ACİDPASS;Acidpass 10/800/165 mg 12 Çiğneme Tablet;300;120;420;33.670;
30.06.2026;SELÇUK ECZA DEPOSU;SELÇUK TRABZON;8,68E+12;DOSMA ECZANESİ;RIZE MERKEZ;GRİPORT COLD;Griport Cold 20 Film Kaplı Tablet;300;200;500;25.245;
10.06.2026;ALLIANCE HEALTHCARE;AH SAMSUN;8,68E+12;ÖMÜR ECZANESİ;AMASYA ILCELER;PANOCER;Panocer 40 mg 28 Enterik Kaplı Tablet;165;135;300;17.377;
10.06.2026;ALLIANCE HEALTHCARE;AH SAMSUN;8,68E+12;KIZIKLI ECZANESİ;AMASYA ILCELER;PANOCER;Panocer 40 mg 28 Enterik Kaplı Tablet;165;135;300;17.377;
3.06.2026;ALLIANCE HEALTHCARE;AH SAMSUN;8,68E+12;GONCA ECZANESİ;AMASYA MERKEZ -1;PANOCER;Panocer 40 mg 28 Enterik Kaplı Tablet;165;135;300;17.377;
2.06.2026;SELÇUK ECZA DEPOSU;SELÇUK TRABZON;8,68E+12;ÖZCAN ECZANESİ;ARTVIN MERKEZ+DOGU+GUNEY;PANOCER;Panocer 40 mg 28 Enterik Kaplı Tablet;165;135;300;17.377;
2.06.2026;SELÇUK ECZA DEPOSU;SELÇUK TRABZON;8,68E+12;ÖZLEM ECZANESİ;ARTVIN KUZEY ILCELER;PANOCER;Panocer 40 mg 28 Enterik Kaplı Tablet;165;135;300;17.377;
2.06.2026;ALLIANCE HEALTHCARE;AH TRABZON;8,68E+12;KOÇAK ECZANESİ;ARTVIN MERKEZ+DOGU+GUNEY;PANOCER;Panocer 40 mg 28 Enterik Kaplı Tablet;165;135;300;17.377;
4.06.2026;SELÇUK ECZA DEPOSU;SELÇUK TRABZON;8,68E+12;CEBECİ ECZANESİ;ARTVIN KUZEY ILCELER;PANOCER;Panocer 40 mg 28 Enterik Kaplı Tablet;165;135;300;17.377;
1.06.2026;ALLIANCE HEALTHCARE;AH SAMSUN;8,68E+12;DERMAN ECZANESİ;CORUM GUNEYBATI ILCELER;PANOCER;Panocer 40 mg 28 Enterik Kaplı Tablet;165;135;300;17.377;
1.06.2026;ALLIANCE HEALTHCARE;AH SAMSUN;8,68E+12;ERAY ECZANESİ;CORUM MERKEZ -3;PANOCER;Panocer 40 mg 28 Enterik Kaplı Tablet;165;135;300;17.377;
9.06.2026;ALLIANCE HEALTHCARE;AH SAMSUN;8,68E+12;DEFNE ECZANESİ;CORUM GUNEYBATI ILCELER;PANOCER;Panocer 40 mg 28 Enterik Kaplı Tablet;165;135;300;17.377;
1.06.2026;ALLIANCE HEALTHCARE;AH SAMSUN;8,68E+12;AKMAN ECZANESİ;CORUM MERKEZ -2;PANOCER;Panocer 40 mg 28 Enterik Kaplı Tablet;165;135;300;17.377;
16.06.2026;NEVZAT ECZA DEPOSU;NEVZAT SAMSUN;8,68E+12;ARZUM ECZANESİ;CORUM GUNEYBATI ILCELER;PANOCER;Panocer 40 mg 28 Enterik Kaplı Tablet;165;135;300;17.377;
1.06.2026;SELÇUK ECZA DEPOSU;SELÇUK ERZURUM;8,68E+12;LOKMAN HEKİM ECZANESİ;ERZINCAN ILCELER;PANOCER;Panocer 40 mg 28 Enterik Kaplı Tablet;165;135;300;17.377;
24.06.2026;SELÇUK ECZA DEPOSU;SELÇUK ERZURUM;8,68E+12;FATİH ECZANESİ;ERZURUM KUZEY ILCELER;PANOCER;Panocer 40 mg 28 Enterik Kaplı Tablet;165;135;300;17.377;
11.06.2026;SELÇUK ECZA DEPOSU;SELÇUK ERZURUM;8,68E+12;AHSEN ECZANESİ;ERZINCAN MERKEZ;PANOCER;Panocer 40 mg 28 Enterik Kaplı Tablet;165;135;300;17.377;
19.06.2026;SELÇUK ECZA DEPOSU;SELÇUK ERZURUM;8,68E+12;TEKMAN ECZANESİ;ERZURUM GUNEY ILCELER;PANOCER;Panocer 40 mg 28 Enterik Kaplı Tablet;165;135;300;17.377;
29.06.2026;SELÇUK ECZA DEPOSU;SELÇUK ERZURUM;8,68E+12;ZEHRA ECZANESİ;ERZURUM GUNEY ILCELER;PANOCER;Panocer 40 mg 28 Enterik Kaplı Tablet;165;135;300;17.377;
12.06.2026;SELÇUK ECZA DEPOSU;SELÇUK TRABZON;8,68E+12;ŞEBİN ECZANESİ;GIRESUN GUNEY ILCELER;PANOCER;Panocer 40 mg 28 Enterik Kaplı Tablet;165;135;300;17.377;
30.06.2026;SELÇUK ECZA DEPOSU;SELÇUK TRABZON;8,68E+12;AYŞEGÜL ECZANESİ;GIRESUN DOGU ILCELER -1;PANOCER;Panocer 40 mg 28 Enterik Kaplı Tablet;165;135;300;17.377;
23.06.2026;ALLIANCE HEALTHCARE;AH TRABZON;8,68E+12;ŞİFA ECZANESİ;GUMUSHANE;PANOCER;Panocer 40 mg 28 Enterik Kaplı Tablet;165;135;300;17.377;
11.06.2026;ALLIANCE HEALTHCARE;AH TRABZON;8,68E+12;ŞİFA ECZANESİ;GUMUSHANE;PANOCER;Panocer 40 mg 28 Enterik Kaplı Tablet;165;135;300;17.377;
2.06.2026;SELÇUK ECZA DEPOSU;SELÇUK TRABZON;8,68E+12;KOVANLIK ECZANESİ;GIRESUN BULANCAK+PIRAZIZ;PANOCER;Panocer 40 mg 28 Enterik Kaplı Tablet;165;135;300;17.377;
19.06.2026;SELÇUK ECZA DEPOSU;SELÇUK ERZURUM;8,68E+12;KAĞIZMAN ECZANESİ;KARS ILCELER;PANOCER;Panocer 40 mg 28 Enterik Kaplı Tablet;165;135;300;17.377;
1.06.2026;NEVZAT ECZA DEPOSU;NEVZAT TRABZON;8,68E+12;SAĞLIK ECZANESİ;ORDU GUNEY ILCELER -1;PANOCER;Panocer 40 mg 28 Enterik Kaplı Tablet;165;135;300;17.377;
18.06.2026;SELÇUK ECZA DEPOSU;SELÇUK SAMSUN;8,68E+12;EMİR ECZANESİ;ORDU GUNEY ILCELER -1;PANOCER;Panocer 40 mg 28 Enterik Kaplı Tablet;165;135;300;17.377;
12.06.2026;ALLIANCE HEALTHCARE;AH ORDU;8,68E+12;HAYAT ECZANESİ;ORDU GUNEY ILCELER -1;PANOCER;Panocer 40 mg 28 Enterik Kaplı Tablet;165;135;300;17.377;
12.06.2026;SELÇUK ECZA DEPOSU;SELÇUK SAMSUN;8,68E+12;ASYA ECZANESİ;ORDU MERKEZ -2;PANOCER;Panocer 40 mg 28 Enterik Kaplı Tablet;165;135;300;17.377;
4.06.2026;ALLIANCE HEALTHCARE;AH ORDU;8,68E+12;ÖZLEM ECZANESİ;ORDU UNYE;PANOCER;Panocer 40 mg 28 Enterik Kaplı Tablet;165;135;300;17.377;
17.06.2026;SELÇUK ECZA DEPOSU;SELÇUK TRABZON;8,68E+12;BİZİM ECZANESİ;RIZE DOGU ILCELER;PANOCER;Panocer 40 mg 28 Enterik Kaplı Tablet;165;135;300;17.377;
30.06.2026;ALLIANCE HEALTHCARE;AH TRABZON;8,68E+12;BARIŞ ECZANESİ;RIZE DOGU ILCELER;PANOCER;Panocer 40 mg 28 Enterik Kaplı Tablet;165;135;300;17.377;
23.06.2026;ALLIANCE HEALTHCARE;AH TRABZON;8,68E+12;SERKAN ECZANESİ;RIZE MERKEZ;PANOCER;Panocer 40 mg 28 Enterik Kaplı Tablet;165;135;300;17.377;
2.06.2026;ALLIANCE HEALTHCARE;AH SAMSUN;8,68E+12;ZAFER ECZANESİ;SAMSUN BAFRA;PANOCER;Panocer 40 mg 28 Enterik Kaplı Tablet;165;135;300;17.377;
11.06.2026;ALLIANCE HEALTHCARE;AH SAMSUN;8,68E+12;DOĞAN ECZANESİ;SAMSUN VEZIRKOPRU;PANOCER;Panocer 40 mg 28 Enterik Kaplı Tablet;165;135;300;17.377;
12.06.2026;SELÇUK ECZA DEPOSU;SELÇUK SAMSUN;8,68E+12;ANADOLU ECZANESİ;SAMSUN BAHCELIEVLER;PANOCER;Panocer 40 mg 28 Enterik Kaplı Tablet;165;135;300;17.377;
26.06.2026;SELÇUK ECZA DEPOSU;SELÇUK SAMSUN;8,68E+12;DİDEM ECZANESİ;SAMSUN BAFRA;PANOCER;Panocer 40 mg 28 Enterik Kaplı Tablet;165;135;300;17.377;
12.06.2026;SELÇUK ECZA DEPOSU;SELÇUK SAMSUN;8,68E+12;ALPER ECZANESİ;SAMSUN CANIK;PANOCER;Panocer 40 mg 28 Enterik Kaplı Tablet;165;135;300;17.377;
2.06.2026;ALLIANCE HEALTHCARE;AH SAMSUN;8,68E+12;GÜLİSTAN ECZANESİ;SAMSUN BAFRA;PANOCER;Panocer 40 mg 28 Enterik Kaplı Tablet;165;135;300;17.377;
23.06.2026;ALLIANCE HEALTHCARE;AH SAMSUN;8,68E+12;GÜLŞAH ECZANESİ;SAMSUN ALACAM+YAKAKENT;PANOCER;Panocer 40 mg 28 Enterik Kaplı Tablet;165;135;300;17.377;
17.06.2026;ALLIANCE HEALTHCARE;AH SAMSUN;8,68E+12;OYA ECZANESİ;SAMSUN HAVZA+KAVAK+LADIK;PANOCER;Panocer 40 mg 28 Enterik Kaplı Tablet;165;135;300;17.377;
12.06.2026;SELÇUK ECZA DEPOSU;SELÇUK SAMSUN;8,68E+12;KALKANCA ECZANESİ;SAMSUN ILKADIM - 2;PANOCER;Panocer 40 mg 28 Enterik Kaplı Tablet;165;135;300;17.377;
12.06.2026;SELÇUK ECZA DEPOSU;SELÇUK SAMSUN;8,68E+12;İNCİ ECZANESİ;SINOP MERKEZ;PANOCER;Panocer 40 mg 28 Enterik Kaplı Tablet;165;135;300;17.377;
4.06.2026;SELÇUK ECZA DEPOSU;SELÇUK SAMSUN;8,68E+12;BAYGÜNEŞ ECZANESİ;SIVAS MERKEZ -4;PANOCER;Panocer 40 mg 28 Enterik Kaplı Tablet;165;135;300;17.377;
30.06.2026;SELÇUK ECZA DEPOSU;SELÇUK SAMSUN;8,68E+12;YUNUS EMRE ECZANESİ;SIVAS MERKEZ -4;PANOCER;Panocer 40 mg 28 Enterik Kaplı Tablet;165;135;300;17.377;
12.06.2026;SELÇUK ECZA DEPOSU;SELÇUK SAMSUN;8,68E+12;ŞİFA ECZANESİ;TOKAT ERBAA;PANOCER;Panocer 40 mg 28 Enterik Kaplı Tablet;165;135;300;17.377;
26.06.2026;SELÇUK ECZA DEPOSU;SELÇUK SAMSUN;8,68E+12;MERKEZ ECZANESİ;TOKAT DOGU ILCELER;PANOCER;Panocer 40 mg 28 Enterik Kaplı Tablet;165;135;300;17.377;
2.06.2026;SELÇUK ECZA DEPOSU;SELÇUK TRABZON;8,68E+12;PINAR ECZANESİ;TRABZON DUZKOY+MACKA;PANOCER;Panocer 40 mg 28 Enterik Kaplı Tablet;165;135;300;17.377;
12.06.2026;SELÇUK ECZA DEPOSU;SELÇUK SAMSUN;8,68E+12;BİZİM ECZANESİ;TOKAT TURHAL;PANOCER;Panocer 40 mg 28 Enterik Kaplı Tablet;165;135;300;17.377;
25.06.2026;ALLIANCE HEALTHCARE;AH SAMSUN;8,68E+12;KARDELEN ECZANESİ;TOKAT MERKEZ -1;PANOCER;Panocer 40 mg 28 Enterik Kaplı Tablet;165;135;300;17.377;
24.06.2026;ALLIANCE HEALTHCARE;AH SAMSUN;8,68E+12;HAYAT ECZANESİ;TOKAT MERKEZ -1;PANOCER;Panocer 40 mg 28 Enterik Kaplı Tablet;165;135;300;17.377;
4.06.2026;ALLIANCE HEALTHCARE;AH SAMSUN;8,68E+12;LOKMAN ECZANESİ;TOKAT DOGU ILCELER;PANOCER;Panocer 40 mg 28 Enterik Kaplı Tablet;165;135;300;17.377;
12.06.2026;SELÇUK ECZA DEPOSU;SELÇUK SAMSUN;8,68E+12;BURAK ECZANESİ;TOKAT TURHAL;PANOCER;Panocer 40 mg 28 Enterik Kaplı Tablet;165;135;300;17.377;
12.06.2026;SELÇUK ECZA DEPOSU;SELÇUK SAMSUN;8,68E+12;BEYAZ ECZANESİ;TOKAT TURHAL;PANOCER;Panocer 40 mg 28 Enterik Kaplı Tablet;165;135;300;17.377;
12.06.2026;SELÇUK ECZA DEPOSU;SELÇUK SAMSUN;8,68E+12;BALCI ECZANESİ;TOKAT ERBAA;PANOCER;Panocer 40 mg 28 Enterik Kaplı Tablet;165;135;300;17.377;
12.06.2026;SELÇUK ECZA DEPOSU;SELÇUK SAMSUN;8,68E+12;ADIBELLİ ECZANESİ;TOKAT BATI ILCELER;PANOCER;Panocer 40 mg 28 Enterik Kaplı Tablet;165;135;300;17.377;
17.06.2026;NEVZAT ECZA DEPOSU;NEVZAT TRABZON;8,68E+12;HÜRRİYET ECZANESİ;TRABZON DOGU ILCELER - 2;PANOCER;Panocer 40 mg 28 Enterik Kaplı Tablet;165;135;300;17.377;
17.06.2026;SELÇUK ECZA DEPOSU;SELÇUK TRABZON;8,68E+12;DEVA ECZANESİ;RIZE BATI ILCELER;PANOCER;Panocer 40 mg 28 Enterik Kaplı Tablet;165;135;300;17.377;
12.06.2026;SELÇUK ECZA DEPOSU;SELÇUK SAMSUN;8,68E+12;IRMAK ECZANESİ;ORDU DOGU ILCELER;PANOCER;Panocer 40 mg 28 Enterik Kaplı Tablet;165;135;300;17.377;
30.06.2026;ALLIANCE HEALTHCARE;AH ORDU;8,68E+12;SERDAROĞLU ECZANESİ;ORDU MERKEZ -1;PANOCER;Panocer 40 mg 28 Enterik Kaplı Tablet;165;135;300;17.377;
30.06.2026;ALLIANCE HEALTHCARE;AH ORDU;8,68E+12;NİLÜFER ECZANESİ;ORDU MERKEZ -3;PANOCER;Panocer 40 mg 28 Enterik Kaplı Tablet;165;135;300;17.377;
17.06.2026;ALLIANCE HEALTHCARE;AH SAMSUN;8,68E+12;SIHHAT ECZANESİ;SAMSUN TERME;PANOCER;Panocer 40 mg 28 Enterik Kaplı Tablet;165;135;300;17.377;
3.06.2026;SELÇUK ECZA DEPOSU;SELÇUK TRABZON;8,68E+12;BAYRAK ECZANESİ;TRABZON DOGU ILCELER - 2;PANOCER;Panocer 40 mg 28 Enterik Kaplı Tablet;165;135;300;17.377;
17.06.2026;ALLIANCE HEALTHCARE;AH SAMSUN;8,68E+12;ÖZKAN ECZANESİ;CORUM GUNEYDOGU ILCELER;PANOCER;Panocer 40 mg 28 Enterik Kaplı Tablet;165;135;300;17.377;
1.06.2026;SELÇUK ECZA DEPOSU;SELÇUK SAMSUN;8,68E+12;ŞİFA ECZANESİ;CORUM KUZEY ILCELER;PANOCER;Panocer 40 mg 28 Enterik Kaplı Tablet;165;135;300;17.377;
1.06.2026;NEVZAT ECZA DEPOSU;NEVZAT ERZURUM;8,68E+12;ESRA ECZANESİ;ERZINCAN MERKEZ;PANOCER;Panocer 40 mg 28 Enterik Kaplı Tablet;165;135;300;17.377;
3.06.2026;ALLIANCE HEALTHCARE;AH TRABZON;8,68E+12;SAĞLIK ECZANESİ;GUMUSHANE;PANOCER;Panocer 40 mg 28 Enterik Kaplı Tablet;165;135;300;17.377;
11.06.2026;SELÇUK ECZA DEPOSU;SELÇUK TRABZON;8,68E+12;KALKANDERE ECZANESİ;RIZE BATI ILCELER;PANOCER;Panocer 40 mg 28 Enterik Kaplı Tablet;165;135;300;17.377;
26.06.2026;ALLIANCE HEALTHCARE;AH TRABZON;8,68E+12;EROGLU ECZANESI;RIZE BATI ILCELER;PANOCER;Panocer 40 mg 28 Enterik Kaplı Tablet;165;135;300;17.377;
12.06.2026;SELÇUK ECZA DEPOSU;SELÇUK SAMSUN;8,68E+12;YILMAZ ECZANESİ;ORDU MERKEZ -1;PANOCER;Panocer 40 mg 28 Enterik Kaplı Tablet;165;135;300;17.377;
26.06.2026;SELÇUK ECZA DEPOSU;SELÇUK TRABZON;8,68E+12;IŞIL ECZANESİ;RIZE DOGU ILCELER;PANOCER;Panocer 40 mg 28 Enterik Kaplı Tablet;165;135;300;17.377;
17.06.2026;SELÇUK ECZA DEPOSU;SELÇUK SAMSUN;8,68E+12;BURUNUCU ECZANESI;ORDU UNYE;PANOCER;Panocer 40 mg 28 Enterik Kaplı Tablet;165;135;300;17.377;
16.06.2026;SELÇUK ECZA DEPOSU;SELÇUK TRABZON;8,68E+12;KURT ECZANESİ;GIRESUN GUNEY ILCELER;PANOCER;Panocer 40 mg 28 Enterik Kaplı Tablet;165;135;300;17.377;
25.06.2026;SELÇUK ECZA DEPOSU;SELÇUK TRABZON;8,68E+12;SAĞLIK ECZANESİ;TRABZON AKCAABAT;PANOCER;Panocer 40 mg 28 Enterik Kaplı Tablet;165;135;300;17.377;
26.06.2026;SELÇUK ECZA DEPOSU;SELÇUK SAMSUN;8,68E+12;ÜNİVERSİTE ECZANESİ;SIVAS MERKEZ -4;PANOCER;Panocer 40 mg 28 Enterik Kaplı Tablet;165;135;300;17.377;
12.06.2026;SELÇUK ECZA DEPOSU;SELÇUK SAMSUN;8,68E+12;ÜNİVERSİTE ECZANESİ;SIVAS MERKEZ -4;PANOCER;Panocer 40 mg 28 Enterik Kaplı Tablet;165;135;300;17.377;
10.06.2026;SELÇUK ECZA DEPOSU;SELÇUK ERZURUM;8,68E+12;FATİH ECZANESİ;ERZURUM MERKEZ -2;PANOCER;Panocer 40 mg 28 Enterik Kaplı Tablet;165;135;300;17.377;
1.06.2026;ALLIANCE HEALTHCARE;AH TRABZON;8,68E+12;ŞİFA ECZANESİ;RIZE BATI ILCELER;PANOCER;Panocer 40 mg 28 Enterik Kaplı Tablet;165;135;300;17.377;
4.06.2026;ALLIANCE HEALTHCARE;AH ORDU;8,68E+12;HAYAT ECZANESİ;ORDU FATSA;PANOCER;Panocer 40 mg 28 Enterik Kaplı Tablet;165;135;300;17.377;
24.06.2026;SELÇUK ECZA DEPOSU;SELÇUK TRABZON;8,68E+12;SARP ECZANESİ;ARTVIN KUZEY ILCELER;PANOCER;Panocer 40 mg 28 Enterik Kaplı Tablet;165;135;300;17.377;
2.06.2026;ALLIANCE HEALTHCARE;AH SAMSUN;8,68E+12;GÜL ECZANESİ;CORUM MERKEZ -3;PANOCER;Panocer 40 mg 28 Enterik Kaplı Tablet;165;135;300;17.377;
19.06.2026;SELÇUK ECZA DEPOSU;SELÇUK TRABZON;8,68E+12;HAYAT ECZANESİ;RIZE DOGU ILCELER;PANOCER;Panocer 40 mg 28 Enterik Kaplı Tablet;165;135;300;17.377;
26.06.2026;SELÇUK ECZA DEPOSU;SELÇUK SAMSUN;8,68E+12;KARACALAR ECZANESİ;SIVAS GUNEY ILCELER;PANOCER;Panocer 40 mg 28 Enterik Kaplı Tablet;165;135;300;17.377;
26.06.2026;SELÇUK ECZA DEPOSU;SELÇUK ERZURUM;8,68E+12;SULTAN ECZANESİ;AGRI DIYADIN+D.BEYAZIT;PANOCER;Panocer 40 mg 28 Enterik Kaplı Tablet;165;135;300;17.377;
1.06.2026;ALLIANCE HEALTHCARE;AH TRABZON;8,68E+12;SAĞLIK ECZANESİ;GUMUSHANE;PANOCER;Panocer 40 mg 28 Enterik Kaplı Tablet;165;135;300;17.377;
29.06.2026;SELÇUK ECZA DEPOSU;SELÇUK ERZURUM;8,68E+12;NADİR ECZANESİ;AGRI MERKEZ;PANOCER;Panocer 40 mg 28 Enterik Kaplı Tablet;165;135;300;17.377;
10.06.2026;ALLIANCE HEALTHCARE;AH TRABZON;8,68E+12;FAKÜLTE ECZANESİ;TRABZON MERKEZ -3;PANOCER;Panocer 40 mg 28 Enterik Kaplı Tablet;165;135;300;17.377;
10.06.2026;SELÇUK ECZA DEPOSU;SELÇUK TRABZON;8,68E+12;MERKEZ ECZANESİ;TRABZON DUZKOY+MACKA;PANOCER;Panocer 40 mg 28 Enterik Kaplı Tablet;165;135;300;17.377;
3.06.2026;SELÇUK ECZA DEPOSU;SELÇUK ERZURUM;8,68E+12;KRAL ECZANESİ;AGRI MERKEZ;PANOCER;Panocer 40 mg 28 Enterik Kaplı Tablet;165;135;300;17.377;
1.06.2026;SELÇUK ECZA DEPOSU;SELÇUK TRABZON;8,68E+12;DENİZ ECZANESİ;ARTVIN MERKEZ+DOGU+GUNEY;PANOCER;Panocer 40 mg 28 Enterik Kaplı Tablet;165;135;300;17.377;
26.06.2026;SELÇUK ECZA DEPOSU;SELÇUK TRABZON;8,68E+12;HAYAT PINARI;TRABZON AKCAABAT;PANOCER;Panocer 40 mg 28 Enterik Kaplı Tablet;165;135;300;17.377;
19.06.2026;SELÇUK ECZA DEPOSU;SELÇUK TRABZON;8,68E+12;EMRE ECZANESİ;GUMUSHANE;PANOCER;Panocer 40 mg 28 Enterik Kaplı Tablet;165;135;300;17.377;
10.06.2026;SELÇUK ECZA DEPOSU;SELÇUK ERZURUM;8,68E+12;OKTAY VURAL ECZANESİ;AGRI ILCELER;PANOCER;Panocer 40 mg 28 Enterik Kaplı Tablet;165;135;300;17.377;
1.06.2026;ALLIANCE HEALTHCARE;AH TRABZON;8,68E+12;MAÇKA ECZANESİ;TRABZON DUZKOY+MACKA;PANOCER;Panocer 40 mg 28 Enterik Kaplı Tablet;165;135;300;17.377;
25.06.2026;ALLIANCE HEALTHCARE;AH SAMSUN;8,68E+12;EMRE ECZANESİ;CORUM GUNEYBATI ILCELER;PANOCER;Panocer 40 mg 28 Enterik Kaplı Tablet;165;135;300;17.377;
2.06.2026;ALLIANCE HEALTHCARE;AH SAMSUN;8,68E+12;AYSEGUL ECZANESI;TOKAT MERKEZ -1;PANOCER;Panocer 40 mg 28 Enterik Kaplı Tablet;165;135;300;17.377;
2.06.2026;SELÇUK ECZA DEPOSU;SELÇUK SAMSUN;8,68E+12;VEFA ECZANESI RESADIYE;TOKAT BATI ILCELER;PANOCER;Panocer 40 mg 28 Enterik Kaplı Tablet;165;135;300;17.377;
3.06.2026;ALLIANCE HEALTHCARE;AH TRABZON;8,68E+12;MORDUT ECZANESİ;GUMUSHANE;PANOCER;Panocer 40 mg 28 Enterik Kaplı Tablet;165;135;300;17.377;
12.06.2026;ALLIANCE HEALTHCARE;AH TRABZON;8,68E+12;MORDUT ECZANESİ;GUMUSHANE;PANOCER;Panocer 40 mg 28 Enterik Kaplı Tablet;165;135;300;17.377;
17.06.2026;ALLIANCE HEALTHCARE;AH TRABZON;8,68E+12;ŞİRAN ECZANESİ;GUMUSHANE;PANOCER;Panocer 40 mg 28 Enterik Kaplı Tablet;165;135;300;17.377;
3.06.2026;ALLIANCE HEALTHCARE;AH SAMSUN;8,68E+12;ÖZLEM ECZANESİ;AMASYA MERKEZ -1;ACİDPASS;Acidpass 10/800/165 mg 12 Çiğneme Tablet;150;60;210;16.835;
24.06.2026;ALLIANCE HEALTHCARE;AH SAMSUN;8,68E+12;MERVE ECZANESİ;AMASYA MERZIFON;ACİDPASS;Acidpass 10/800/165 mg 12 Çiğneme Tablet;150;60;210;16.835;
26.06.2026;SELÇUK ECZA DEPOSU;SELÇUK SAMSUN;8,68E+12;DERMAN ECZANESİ;CORUM GUNEYBATI ILCELER;ACİDPASS;Acidpass 10/800/165 mg 12 Çiğneme Tablet;150;60;210;16.835;
2.06.2026;SELÇUK ECZA DEPOSU;SELÇUK ERZURUM;8,68E+12;NURAN ECZANESİ;ERZURUM MERKEZ -3;ACİDPASS;Acidpass 10/800/165 mg 12 Çiğneme Tablet;150;60;210;16.835;
3.06.2026;ALLIANCE HEALTHCARE;AH ORDU;8,68E+12;KINA ECZANESİ;ORDU GUNEY ILCELER -1;ACİDPASS;Acidpass 10/800/165 mg 12 Çiğneme Tablet;150;60;210;16.835;
24.06.2026;ALLIANCE HEALTHCARE;AH ORDU;8,68E+12;ONUR ECZANESİ;ORDU MERKEZ -3;ACİDPASS;Acidpass 10/800/165 mg 12 Çiğneme Tablet;150;60;210;16.835;
24.06.2026;NEVZAT ECZA DEPOSU;NEVZAT TRABZON;8,68E+12;ASYA ECZANESİ;ORDU MERKEZ -2;ACİDPASS;Acidpass 10/800/165 mg 12 Çiğneme Tablet;150;60;210;16.835;
3.06.2026;SELÇUK ECZA DEPOSU;SELÇUK SAMSUN;8,68E+12;NUR ECZANESİ;ORDU GUNEY ILCELER -1;ACİDPASS;Acidpass 10/800/165 mg 12 Çiğneme Tablet;150;60;210;16.835;
30.06.2026;ALLIANCE HEALTHCARE;AH TRABZON;8,68E+12;BARIŞ ECZANESİ;RIZE DOGU ILCELER;ACİDPASS;Acidpass 10/800/165 mg 12 Çiğneme Tablet;150;60;210;16.835;
19.06.2026;ALLIANCE HEALTHCARE;AH TRABZON;8,68E+12;FINDIKLI ECZANESİ;RIZE DOGU ILCELER;ACİDPASS;Acidpass 10/800/165 mg 12 Çiğneme Tablet;150;60;210;16.835;
30.06.2026;SELÇUK ECZA DEPOSU;SELÇUK TRABZON;8,68E+12;PINAR ECZANESİ;RIZE BATI ILCELER;ACİDPASS;Acidpass 10/800/165 mg 12 Çiğneme Tablet;150;60;210;16.835;
16.06.2026;ALLIANCE HEALTHCARE;AH SAMSUN;8,68E+12;KARADENİZ ECZANESİ;SAMSUN TERME;ACİDPASS;Acidpass 10/800/165 mg 12 Çiğneme Tablet;150;60;210;16.835;
1.06.2026;ALLIANCE HEALTHCARE;AH TRABZON;8,68E+12;DİLANUR ECZANESİ;TRABZON AKCAABAT;ACİDPASS;Acidpass 10/800/165 mg 12 Çiğneme Tablet;150;60;210;16.835;
23.06.2026;ALLIANCE HEALTHCARE;AH TRABZON;8,68E+12;BAŞAK ECZANESİ;TRABZON AKCAABAT;ACİDPASS;Acidpass 10/800/165 mg 12 Çiğneme Tablet;150;60;210;16.835;
26.06.2026;SELÇUK ECZA DEPOSU;SELÇUK TRABZON;8,68E+12;UMUT ECZANESİ;TRABZON AKCAABAT;ACİDPASS;Acidpass 10/800/165 mg 12 Çiğneme Tablet;150;60;210;16.835;
2.06.2026;SELÇUK ECZA DEPOSU;SELÇUK TRABZON;8,68E+12;ÜSKÜT ECZANESİ;RIZE BATI ILCELER;ACİDPASS;Acidpass 10/800/165 mg 12 Çiğneme Tablet;150;60;210;16.835;
25.06.2026;ALLIANCE HEALTHCARE;AH SAMSUN;8,68E+12;GÜNEŞ ECZANESİ;SAMSUN VEZIRKOPRU;ACİDPASS;Acidpass 10/800/165 mg 12 Çiğneme Tablet;150;60;210;16.835;
3.06.2026;ALLIANCE HEALTHCARE;AH TRABZON;8,68E+12;EROGLU ECZANESI;RIZE BATI ILCELER;ACİDPASS;Acidpass 10/800/165 mg 12 Çiğneme Tablet;150;60;210;16.835;
1.06.2026;ALLIANCE HEALTHCARE;AH TRABZON;8,68E+12;ŞİFA ECZANESİ;RIZE BATI ILCELER;ACİDPASS;Acidpass 10/800/165 mg 12 Çiğneme Tablet;150;60;210;16.835;
3.06.2026;SELÇUK ECZA DEPOSU;SELÇUK SAMSUN;8,68E+12;YILMAZ ECZANESİ;AMASYA ILCELER;ACİDPASS;Acidpass 10/800/165 mg 12 Çiğneme Tablet;150;60;210;16.835;
1.06.2026;SELÇUK ECZA DEPOSU;SELÇUK TRABZON;8,68E+12;DOSMA ECZANESİ;RIZE MERKEZ;ACİDPASS;Acidpass 10/800/165 mg 12 Çiğneme Tablet;150;60;210;16.835;
29.06.2026;SELÇUK ECZA DEPOSU;SELÇUK TRABZON;8,68E+12;DOSMA ECZANESİ;RIZE MERKEZ;ACİDPASS;Acidpass 10/800/165 mg 12 Çiğneme Tablet;150;60;210;16.835;
5.06.2026;SELÇUK ECZA DEPOSU;SELÇUK TRABZON;8,68E+12;UMUT ECZANESİ;TRABZON AKCAABAT;GRİPORT COLD;Griport Cold 20 Film Kaplı Tablet;150;100;250;12.623;
3.06.2026;ALLIANCE HEALTHCARE;AH SAMSUN;8,68E+12;ÖZLEM ECZANESİ;AMASYA MERKEZ -1;GRİPORT COLD;Griport Cold 20 Film Kaplı Tablet;120;80;200;10.098;
19.06.2026;SELÇUK ECZA DEPOSU;SELÇUK SAMSUN;8,68E+12;SÜHA ECZANESİ;SIVAS MERKEZ -4;PANOCER;Panocer 40 mg 28 Enterik Kaplı Tablet;120;72;192;12.638;
24.06.2026;ALLIANCE HEALTHCARE;AH ORDU;8,68E+12;BOZTEKKE ECZANESİ;GIRESUN MERKEZ -2;ACİDPASS;Acidpass 10/800/165 mg 12 Çiğneme Tablet;100;35;135;11.223;
1.06.2026;SELÇUK ECZA DEPOSU;SELÇUK TRABZON;8,68E+12;DEVA ECZANESİ;RIZE MERKEZ;ACİDPASS;Acidpass 10/800/165 mg 12 Çiğneme Tablet;100;35;135;11.223;
29.06.2026;SELÇUK ECZA DEPOSU;SELÇUK TRABZON;8,68E+12;ÇAKIROĞLU ECZANESİ;RIZE MERKEZ;ACİDPASS;Acidpass 10/800/165 mg 12 Çiğneme Tablet;100;35;135;11.223;
12.06.2026;ALLIANCE HEALTHCARE;AH SAMSUN;8,68E+12;DOĞAN ECZANESİ;SAMSUN VEZIRKOPRU;ACİDPASS;Acidpass 10/800/165 mg 12 Çiğneme Tablet;100;35;135;11.223;
1.06.2026;ALLIANCE HEALTHCARE;AH SAMSUN;8,68E+12;GÜMÜŞ ECZANESİ;SAMSUN TERME;ACİDPASS;Acidpass 10/800/165 mg 12 Çiğneme Tablet;100;35;135;11.223;
26.06.2026;SELÇUK ECZA DEPOSU;SELÇUK SAMSUN;8,68E+12;HİKMET ECZANESİ;SIVAS MERKEZ -3;ACİDPASS;Acidpass 10/800/165 mg 12 Çiğneme Tablet;100;35;135;11.223;
3.06.2026;SELÇUK ECZA DEPOSU;SELÇUK SAMSUN;8,68E+12;BİZİM ECZANESİ;TOKAT TURHAL;ACİDPASS;Acidpass 10/800/165 mg 12 Çiğneme Tablet;100;35;135;11.223;
19.06.2026;SELÇUK ECZA DEPOSU;SELÇUK TRABZON;8,68E+12;TANJANT ECZANESİ;TRABZON MERKEZ -2;ACİDPASS;Acidpass 10/800/165 mg 12 Çiğneme Tablet;100;30;130;11.223;
19.06.2026;SELÇUK ECZA DEPOSU;SELÇUK TRABZON;8,68E+12;ÖZTUNA ECZANESİ;TRABZON MERKEZ -1;ACİDPASS;Acidpass 10/800/165 mg 12 Çiğneme Tablet;100;30;130;11.223;
1.06.2026;ALLIANCE HEALTHCARE;AH ORDU;8,68E+12;ÇÖREK OTU ECZANESİ;ORDU FATSA;ACİDPASS;Acidpass 10/800/165 mg 12 Çiğneme Tablet;100;35;135;11.223;
3.06.2026;SELÇUK ECZA DEPOSU;SELÇUK SAMSUN;8,68E+12;GÜLFER ECZANESİ;AMASYA MERZIFON;ACİDPASS;Acidpass 10/800/165 mg 12 Çiğneme Tablet;100;35;135;11.223;
2.06.2026;ALLIANCE HEALTHCARE;AH ORDU;8,68E+12;ÖZLEM ECZANESİ;ORDU GUNEY ILCELER -1;ACİDPASS;Acidpass 10/800/165 mg 12 Çiğneme Tablet;100;35;135;11.223;
29.06.2026;ALLIANCE HEALTHCARE;AH TRABZON;8,68E+12;VEFA ECZANESİ;TRABZON MERKEZ -3;PANOCER;Panocer 40 mg 14 Enterik Kaplı Tablet;100;60;160;8.090;
3.06.2026;ALLIANCE HEALTHCARE;AH ORDU;8,68E+12;BUŞRA ECZANESİ;ORDU FATSA;PANOCER;Panocer 40 mg 14 Enterik Kaplı Tablet;100;60;160;8.090;
19.06.2026;SELÇUK ECZA DEPOSU;SELÇUK TRABZON;8,68E+12;ÖMER ECZANESİ;ARTVIN MERKEZ+DOGU+GUNEY;PANOCER;Panocer 40 mg 28 Enterik Kaplı Tablet;100;60;160;10.531;
25.06.2026;ALLIANCE HEALTHCARE;AH SAMSUN;8,68E+12;ÖZÇETİN ECZANESİ;CORUM MERKEZ -1;PANOCER;Panocer 40 mg 28 Enterik Kaplı Tablet;100;60;160;10.531;
3.06.2026;SELÇUK ECZA DEPOSU;SELÇUK ERZURUM;8,68E+12;DENİZ ECZANESİ;ERZINCAN MERKEZ;PANOCER;Panocer 40 mg 28 Enterik Kaplı Tablet;100;60;160;10.531;
24.06.2026;ALLIANCE HEALTHCARE;AH TRABZON;8,68E+12;VERESELİ KARACA ECZANESİ;GUMUSHANE;PANOCER;Panocer 40 mg 28 Enterik Kaplı Tablet;100;60;160;10.531;
4.06.2026;ALLIANCE HEALTHCARE;AH TRABZON;8,68E+12;GİRİFTİNOĞLU ECZANESİ;GUMUSHANE;PANOCER;Panocer 40 mg 28 Enterik Kaplı Tablet;100;60;160;10.531;
12.06.2026;NEVZAT ECZA DEPOSU;NEVZAT TRABZON;8,68E+12;BİZİM ECZANESİ;ORDU GUNEY ILCELER -1;PANOCER;Panocer 40 mg 28 Enterik Kaplı Tablet;100;60;160;10.531;
12.06.2026;ALLIANCE HEALTHCARE;AH ORDU;8,68E+12;GÜRGENTEPE ECZANESİ;ORDU GUNEY ILCELER -1;PANOCER;Panocer 40 mg 28 Enterik Kaplı Tablet;100;60;160;10.531;
2.06.2026;SELÇUK ECZA DEPOSU;SELÇUK SAMSUN;8,68E+12;NUR ECZANESİ;ORDU GUNEY ILCELER -1;PANOCER;Panocer 40 mg 28 Enterik Kaplı Tablet;100;60;160;10.531;
12.06.2026;NEVZAT ECZA DEPOSU;NEVZAT SAMSUN;8,68E+12;SAKARLI ECZANESİ;SAMSUN TERME;PANOCER;Panocer 40 mg 28 Enterik Kaplı Tablet;100;60;160;10.531;
4.06.2026;ALLIANCE HEALTHCARE;AH SAMSUN;8,68E+12;ARZU ECZANESİ;SAMSUN VEZIRKOPRU;PANOCER;Panocer 40 mg 28 Enterik Kaplı Tablet;100;60;160;10.531;
2.06.2026;ALLIANCE HEALTHCARE;AH SAMSUN;8,68E+12;ÇAĞDAŞ ECZANESİ;TOKAT ERBAA;PANOCER;Panocer 40 mg 28 Enterik Kaplı Tablet;100;60;160;10.531;
1.06.2026;ALLIANCE HEALTHCARE;AH TRABZON;8,68E+12;GÖKHAN ECZANESİ;TRABZON AKCAABAT;PANOCER;Panocer 40 mg 28 Enterik Kaplı Tablet;100;60;160;10.531;
16.06.2026;NEVZAT ECZA DEPOSU;NEVZAT TRABZON;8,68E+12;HÜRRİYET ECZANESİ;TRABZON DOGU ILCELER - 2;PANOCER;Panocer 40 mg 28 Enterik Kaplı Tablet;100;60;160;10.531;
29.06.2026;SELÇUK ECZA DEPOSU;SELÇUK TRABZON;8,68E+12;ENİS ECZANESİ;TRABZON MERKEZ -1;PANOCER;Panocer 40 mg 28 Enterik Kaplı Tablet;100;60;160;10.531;
2.06.2026;ALLIANCE HEALTHCARE;AH SAMSUN;8,68E+12;GÖKMEN ECZANESİ;CORUM MERKEZ -1;PANOCER;Panocer 40 mg 28 Enterik Kaplı Tablet;100;60;160;10.531;
16.06.2026;ALLIANCE HEALTHCARE;AH SAMSUN;8,68E+12;ÇİÇEK ECZANESİ;TOKAT ERBAA;PANOCER;Panocer 40 mg 28 Enterik Kaplı Tablet;100;60;160;10.531;
29.06.2026;SELÇUK ECZA DEPOSU;SELÇUK TRABZON;8,68E+12;HİLAL ECZANESİ;TRABZON DOGU ILCELER - 2;PANOCER;Panocer 40 mg 28 Enterik Kaplı Tablet;100;60;160;10.531;
30.06.2026;SELÇUK ECZA DEPOSU;SELÇUK ERZURUM;8,68E+12;KARAHAN ECZANESİ;ERZURUM KUZEY ILCELER;PANOCER;Panocer 40 mg 28 Enterik Kaplı Tablet;100;60;160;10.531;
10.06.2026;ALLIANCE HEALTHCARE;AH TRABZON;8,68E+12;ŞAVŞAT ECZANESİ;ARTVIN MERKEZ+DOGU+GUNEY;PANOCER;Panocer 40 mg 28 Enterik Kaplı Tablet;100;60;160;10.531;
2.06.2026;SELÇUK ECZA DEPOSU;SELÇUK ERZURUM;8,68E+12;CAN FIRAT ECZANESİ;ERZINCAN MERKEZ;PANOCER;Panocer 40 mg 28 Enterik Kaplı Tablet;100;60;160;10.531;
1.06.2026;SELÇUK ECZA DEPOSU;SELÇUK ERZURUM;8,68E+12;ALTINKENT ECZANESİ;ERZINCAN ILCELER;PANOCER;Panocer 40 mg 28 Enterik Kaplı Tablet;100;60;160;10.531;
26.06.2026;ALLIANCE HEALTHCARE;AH TRABZON;8,68E+12;AYLİN KESKİN ECZANESİ;ARTVIN MERKEZ+DOGU+GUNEY;PANOCER;Panocer 40 mg 28 Enterik Kaplı Tablet;100;60;160;10.531;
10.06.2026;SELÇUK ECZA DEPOSU;SELÇUK ERZURUM;8,68E+12;ÖMER FARUK ECZANESİ;ERZURUM KUZEY ILCELER;PANOCER;Panocer 40 mg 28 Enterik Kaplı Tablet;100;60;160;10.531;
1.06.2026;ALLIANCE HEALTHCARE;AH SAMSUN;8,68E+12;YAĞMUR ECZANESİ;CORUM MERKEZ -3;PANOCER;Panocer 40 mg 28 Enterik Kaplı Tablet;100;60;160;10.531;
22.06.2026;ALLIANCE HEALTHCARE;AH SAMSUN;8,68E+12;BOĞAZKALE ECZANESİ;CORUM GUNEYBATI ILCELER;GRİPORT COLD;Griport Cold 20 Film Kaplı Tablet;60;40;100;5.049;
29.06.2026;SELÇUK ECZA DEPOSU;SELÇUK ERZURUM;8,68E+12;SÜPHAN ECZANESİ;ERZURUM MERKEZ -3;GRİPORT COLD;Griport Cold 20 Film Kaplı Tablet;60;40;100;5.049;
1.06.2026;SELÇUK ECZA DEPOSU;SELÇUK ERZURUM;8,68E+12;ŞEKER ECZANESİ;ERZURUM MERKEZ -3;GRİPORT COLD;Griport Cold 20 Film Kaplı Tablet;60;40;100;5.049;
1.06.2026;SELÇUK ECZA DEPOSU;SELÇUK ERZURUM;8,68E+12;YILDIZKENT KAVŞAK ECZANESİ;ERZURUM MERKEZ -3;GRİPORT COLD;Griport Cold 20 Film Kaplı Tablet;60;40;100;5.049;
10.06.2026;ALLIANCE HEALTHCARE;AH SAMSUN;8,68E+12;ÖNCEL ECZANESİ;SINOP DOGU-BATI ILCELER;GRİPORT COLD;Griport Cold 20 Film Kaplı Tablet;60;40;100;5.049;
3.06.2026;ALLIANCE HEALTHCARE;AH TRABZON;8,68E+12;ALPER ECZANESİ;TRABZON MERKEZ -3;GRİPORT COLD;Griport Cold 20 Film Kaplı Tablet;60;40;100;5.049;
3.06.2026;NEVZAT ECZA DEPOSU;NEVZAT SAMSUN;8,68E+12;GÖKMEN ECZANESİ;CORUM MERKEZ -1;GRİPORT COLD;Griport Cold 20 Film Kaplı Tablet;60;40;100;5.049;
18.06.2026;SELÇUK ECZA DEPOSU;SELÇUK SAMSUN;8,68E+12;TEKİN ECZANESİ;ORDU UNYE;GRİPORT COLD;Griport Cold 20 Film Kaplı Tablet;60;40;100;5.049;
4.06.2026;ALLIANCE HEALTHCARE;AH SAMSUN;8,68E+12;GÜNEŞ ECZANESİ;SAMSUN VEZIRKOPRU;GRİPORT COLD;Griport Cold 20 Film Kaplı Tablet;60;40;100;5.049;
25.06.2026;NEVZAT ECZA DEPOSU;NEVZAT TRABZON;8,68E+12;BİZİM ECZANESİ;TRABZON AKCAABAT;GRİPORT COLD;Griport Cold 20 Film Kaplı Tablet;60;40;100;5.049;
2.06.2026;ALLIANCE HEALTHCARE;AH ORDU;8,68E+12;FIRAT ECZANESİ;ORDU MERKEZ -3;GRİPORT COLD;Griport Cold 20 Film Kaplı Tablet;60;40;100;5.049;
11.06.2026;ALLIANCE HEALTHCARE;AH SAMSUN;8,68E+12;MURAT ECZANESİ;CORUM MERKEZ -1;GRİPORT COLD;Griport Cold 20 Film Kaplı Tablet;60;40;100;5.049;
12.06.2026;SELÇUK ECZA DEPOSU;SELÇUK SAMSUN;8,68E+12;ERCAN ECZANESİ;AMASYA MERZIFON;ACİDPASS;Acidpass 10/800/165 mg 12 Çiğneme Tablet;50;10;60;5.612;
2.06.2026;ALLIANCE HEALTHCARE;AH SAMSUN;8,68E+12;CİVEK ECZANESİ;AMASYA MERZIFON;ACİDPASS;Acidpass 10/800/165 mg 12 Çiğneme Tablet;50;15;65;5.612;
1.06.2026;ALLIANCE HEALTHCARE;AH SAMSUN;8,68E+12;CİVEK ECZANESİ;AMASYA MERZIFON;ACİDPASS;Acidpass 10/800/165 mg 12 Çiğneme Tablet;50;15;65;5.612;
19.06.2026;SELÇUK ECZA DEPOSU;SELÇUK TRABZON;8,68E+12;HALK ECZANESİ;ARTVIN KUZEY ILCELER;ACİDPASS;Acidpass 10/800/165 mg 12 Çiğneme Tablet;50;10;60;5.612;
25.06.2026;ALLIANCE HEALTHCARE;AH TRABZON;8,68E+12;SAĞLIK ECZANESİ;ARTVIN MERKEZ+DOGU+GUNEY;ACİDPASS;Acidpass 10/800/165 mg 12 Çiğneme Tablet;50;15;65;5.612;
12.06.2026;SELÇUK ECZA DEPOSU;SELÇUK TRABZON;8,68E+12;SAĞLIK ECZANESİ;ARTVIN KUZEY ILCELER;ACİDPASS;Acidpass 10/800/165 mg 12 Çiğneme Tablet;50;10;60;5.612;
3.06.2026;SELÇUK ECZA DEPOSU;SELÇUK TRABZON;8,68E+12;CEBECİ ECZANESİ;ARTVIN KUZEY ILCELER;ACİDPASS;Acidpass 10/800/165 mg 12 Çiğneme Tablet;50;15;65;5.612;
10.06.2026;SELÇUK ECZA DEPOSU;SELÇUK SAMSUN;8,68E+12;DERMAN ECZANESİ;CORUM GUNEYBATI ILCELER;ACİDPASS;Acidpass 10/800/165 mg 12 Çiğneme Tablet;50;10;60;5.612;
3.06.2026;ALLIANCE HEALTHCARE;AH SAMSUN;8,68E+12;BOĞAZKALE ECZANESİ;CORUM GUNEYBATI ILCELER;ACİDPASS;Acidpass 10/800/165 mg 12 Çiğneme Tablet;50;15;65;5.612;
17.06.2026;NEVZAT ECZA DEPOSU;NEVZAT SAMSUN;8,68E+12;OSMANCIK ECZANESİ;CORUM KARGI+OSMANCIK;ACİDPASS;Acidpass 10/800/165 mg 12 Çiğneme Tablet;50;10;60;5.612;
10.06.2026;ALLIANCE HEALTHCARE;AH SAMSUN;8,68E+12;MİMAR SİNAN ECZANESİ;CORUM MERKEZ -3;ACİDPASS;Acidpass 10/800/165 mg 12 Çiğneme Tablet;50;10;60;5.612;
1.06.2026;ALLIANCE HEALTHCARE;AH SAMSUN;8,68E+12;HEKİMOĞLU ECZANESİ;CORUM GUNEYBATI ILCELER;ACİDPASS;Acidpass 10/800/165 mg 12 Çiğneme Tablet;50;15;65;5.612;
25.06.2026;ALLIANCE HEALTHCARE;AH SAMSUN;8,68E+12;BULUT ECZANESİ;CORUM MERKEZ -2;ACİDPASS;Acidpass 10/800/165 mg 12 Çiğneme Tablet;50;15;65;5.612;
10.06.2026;ALLIANCE HEALTHCARE;AH SAMSUN;8,68E+12;KUBATLAR ECZANESİ;CORUM MERKEZ -2;ACİDPASS;Acidpass 10/800/165 mg 12 Çiğneme Tablet;50;10;60;5.612;
11.06.2026;ALLIANCE HEALTHCARE;AH SAMSUN;8,68E+12;KALENDER ECZANESİ;CORUM MERKEZ -2;ACİDPASS;Acidpass 10/800/165 mg 12 Çiğneme Tablet;50;10;60;5.612;
1.06.2026;SELÇUK ECZA DEPOSU;SELÇUK ERZURUM;8,68E+12;ZEHRA ECZANESİ;ERZURUM GUNEY ILCELER;ACİDPASS;Acidpass 10/800/165 mg 12 Çiğneme Tablet;50;15;65;5.612;
1.06.2026;ALLIANCE HEALTHCARE;AH ORDU;8,68E+12;DEVA ECZANESİ;GIRESUN DOGU ILCELER -1;ACİDPASS;Acidpass 10/800/165 mg 12 Çiğneme Tablet;50;15;65;5.612;
23.06.2026;ALLIANCE HEALTHCARE;AH TRABZON;8,68E+12;ŞİFA ECZANESİ;GUMUSHANE;ACİDPASS;Acidpass 10/800/165 mg 12 Çiğneme Tablet;50;15;65;5.612;
1.06.2026;ALLIANCE HEALTHCARE;AH ORDU;8,68E+12;ÇOTANAK ECZANESİ;GIRESUN MERKEZ -1;ACİDPASS;Acidpass 10/800/165 mg 12 Çiğneme Tablet;50;15;65;5.612;
11.06.2026;SELÇUK ECZA DEPOSU;SELÇUK TRABZON;8,68E+12;FERİDUNOĞLU ECZANESİ;GIRESUN MERKEZ -1;ACİDPASS;Acidpass 10/800/165 mg 12 Çiğneme Tablet;50;10;60;5.612;
5.06.2026;ALLIANCE HEALTHCARE;AH ORDU;8,68E+12;PİRAZİZ ECZANESİ;GIRESUN BULANCAK+PIRAZIZ;ACİDPASS;Acidpass 10/800/165 mg 12 Çiğneme Tablet;50;15;65;5.612;
2.06.2026;ALLIANCE HEALTHCARE;AH ORDU;8,68E+12;TUĞBA ECZANESİ;GIRESUN MERKEZ -2;ACİDPASS;Acidpass 10/800/165 mg 12 Çiğneme Tablet;50;15;65;5.612;
17.06.2026;ALLIANCE HEALTHCARE;AH ORDU;8,68E+12;İLGİ ECZANESİ;GIRESUN BULANCAK+PIRAZIZ;ACİDPASS;Acidpass 10/800/165 mg 12 Çiğneme Tablet;50;10;60;5.612;
11.06.2026;ALLIANCE HEALTHCARE;AH ORDU;8,68E+12;ESRA ECZANESİ;ORDU FATSA;ACİDPASS;Acidpass 10/800/165 mg 12 Çiğneme Tablet;50;10;60;5.612;
30.06.2026;ALLIANCE HEALTHCARE;AH ORDU;8,68E+12;SAĞLIK ECZANESİ;ORDU GUNEY ILCELER -1;ACİDPASS;Acidpass 10/800/165 mg 12 Çiğneme Tablet;50;15;65;5.612;
1.06.2026;NEVZAT ECZA DEPOSU;NEVZAT TRABZON;8,68E+12;SAĞLIK ECZANESİ;ORDU GUNEY ILCELER -1;ACİDPASS;Acidpass 10/800/165 mg 12 Çiğneme Tablet;50;15;65;5.612;
18.06.2026;SELÇUK ECZA DEPOSU;SELÇUK SAMSUN;8,68E+12;EMİR ECZANESİ;ORDU GUNEY ILCELER -1;ACİDPASS;Acidpass 10/800/165 mg 12 Çiğneme Tablet;50;10;60;5.612;
11.06.2026;NEVZAT ECZA DEPOSU;NEVZAT TRABZON;8,68E+12;BİZİM ECZANESİ;ORDU GUNEY ILCELER -1;ACİDPASS;Acidpass 10/800/165 mg 12 Çiğneme Tablet;50;10;60;5.612;
12.06.2026;ALLIANCE HEALTHCARE;AH ORDU;8,68E+12;HAYAT ECZANESİ;ORDU GUNEY ILCELER -1;ACİDPASS;Acidpass 10/800/165 mg 12 Çiğneme Tablet;50;10;60;5.612;
26.06.2026;ALLIANCE HEALTHCARE;AH ORDU;8,68E+12;BOŞCU ECZANESİ;ORDU UNYE;ACİDPASS;Acidpass 10/800/165 mg 12 Çiğneme Tablet;50;15;65;5.612;
25.06.2026;NEVZAT ECZA DEPOSU;NEVZAT TRABZON;8,68E+12;ÜMİT ECZANESİ;ORDU GUNEY ILCELER -1;ACİDPASS;Acidpass 10/800/165 mg 12 Çiğneme Tablet;50;15;65;5.612;
2.06.2026;SELÇUK ECZA DEPOSU;SELÇUK SAMSUN;8,68E+12;DURU ECZANESİ;ORDU MERKEZ -3;ACİDPASS;Acidpass 10/800/165 mg 12 Çiğneme Tablet;50;15;65;5.612;
2.06.2026;ALLIANCE HEALTHCARE;AH ORDU;8,68E+12;GÜNAYDIN ECZANESİ;ORDU MERKEZ -3;ACİDPASS;Acidpass 10/800/165 mg 12 Çiğneme Tablet;50;15;65;5.612;
4.06.2026;ALLIANCE HEALTHCARE;AH ORDU;8,68E+12;DOKUZ EYLÜL ECZANESİ;ORDU UNYE;ACİDPASS;Acidpass 10/800/165 mg 12 Çiğneme Tablet;50;15;65;5.612;
18.06.2026;ALLIANCE HEALTHCARE;AH ORDU;8,68E+12;FATMA ECZANESİ;ORDU BATI ILCELER;ACİDPASS;Acidpass 10/800/165 mg 12 Çiğneme Tablet;50;10;60;5.612;
4.06.2026;SELÇUK ECZA DEPOSU;SELÇUK TRABZON;8,68E+12;KARADENİZ ECZANESİ;RIZE MERKEZ;ACİDPASS;Acidpass 10/800/165 mg 12 Çiğneme Tablet;50;15;65;5.612;
24.06.2026;SELÇUK ECZA DEPOSU;SELÇUK TRABZON;8,68E+12;ŞİFA ECZANESİ;RIZE BATI ILCELER;ACİDPASS;Acidpass 10/800/165 mg 12 Çiğneme Tablet;50;15;65;5.612;
12.06.2026;SELÇUK ECZA DEPOSU;SELÇUK TRABZON;8,68E+12;ARDEŞEN ECZANESİ;RIZE DOGU ILCELER;ACİDPASS;Acidpass 10/800/165 mg 12 Çiğneme Tablet;50;10;60;5.612;
24.06.2026;SELÇUK ECZA DEPOSU;SELÇUK TRABZON;8,68E+12;AVCI ECZANESİ;RIZE MERKEZ;ACİDPASS;Acidpass 10/800/165 mg 12 Çiğneme Tablet;50;15;65;5.612;
1.06.2026;SELÇUK ECZA DEPOSU;SELÇUK TRABZON;8,68E+12;MERKEZ ECZANESİ;RIZE BATI ILCELER;ACİDPASS;Acidpass 10/800/165 mg 12 Çiğneme Tablet;50;15;65;5.612;
11.06.2026;ALLIANCE HEALTHCARE;AH TRABZON;8,68E+12;İMREN ECZANESİ;RIZE MERKEZ;ACİDPASS;Acidpass 10/800/165 mg 12 Çiğneme Tablet;50;10;60;5.612;
23.06.2026;ALLIANCE HEALTHCARE;AH TRABZON;8,68E+12;SERKAN ECZANESİ;RIZE MERKEZ;ACİDPASS;Acidpass 10/800/165 mg 12 Çiğneme Tablet;50;15;65;5.612;
4.06.2026;ALLIANCE HEALTHCARE;AH SAMSUN;8,68E+12;ARZU ECZANESİ;SAMSUN VEZIRKOPRU;ACİDPASS;Acidpass 10/800/165 mg 12 Çiğneme Tablet;50;15;65;5.612;
25.06.2026;NEVZAT ECZA DEPOSU;NEVZAT SAMSUN;8,68E+12;ÇINAR ECZANESİ;SAMSUN VEZIRKOPRU;ACİDPASS;Acidpass 10/800/165 mg 12 Çiğneme Tablet;50;15;65;5.612;
25.06.2026;NEVZAT ECZA DEPOSU;NEVZAT SAMSUN;8,68E+12;ÇINAR ECZANESİ;SAMSUN VEZIRKOPRU;ACİDPASS;Acidpass 10/800/165 mg 12 Çiğneme Tablet;50;7;57;5.612;
26.06.2026;ALLIANCE HEALTHCARE;AH SAMSUN;8,68E+12;BURCU ECZANESİ;SAMSUN TERME;ACİDPASS;Acidpass 10/800/165 mg 12 Çiğneme Tablet;50;15;65;5.612;
25.06.2026;ALLIANCE HEALTHCARE;AH SAMSUN;8,68E+12;PELİN ECZANESİ;SAMSUN VEZIRKOPRU;ACİDPASS;Acidpass 10/800/165 mg 12 Çiğneme Tablet;50;15;65;5.612;
12.06.2026;SELÇUK ECZA DEPOSU;SELÇUK SAMSUN;8,68E+12;GÜMÜŞ ECZANESİ;SAMSUN ATAKUM;ACİDPASS;Acidpass 10/800/165 mg 12 Çiğneme Tablet;50;10;60;5.612;
2.06.2026;SELÇUK ECZA DEPOSU;SELÇUK SAMSUN;8,68E+12;ARDA ECZANESİ;SAMSUN HURRIYET+ZAFER;ACİDPASS;Acidpass 10/800/165 mg 12 Çiğneme Tablet;50;15;65;5.612;
18.06.2026;NEVZAT ECZA DEPOSU;NEVZAT SAMSUN;8,68E+12;REİS ECZANESİ;SAMSUN BAFRA;ACİDPASS;Acidpass 10/800/165 mg 12 Çiğneme Tablet;50;10;60;5.612;
12.06.2026;ALLIANCE HEALTHCARE;AH SAMSUN;8,68E+12;SAĞLIK ECZANESİ;SAMSUN VEZIRKOPRU;ACİDPASS;Acidpass 10/800/165 mg 12 Çiğneme Tablet;50;10;60;5.612;
2.06.2026;ALLIANCE HEALTHCARE;AH SAMSUN;8,68E+12;BOLAT ECZANESİ;SAMSUN ATAKENT+19 MAYIS;ACİDPASS;Acidpass 10/800/165 mg 12 Çiğneme Tablet;50;15;65;5.612;
12.06.2026;ALLIANCE HEALTHCARE;AH SAMSUN;8,68E+12;MERKEZ ECZANESİ;TOKAT DOGU ILCELER;ACİDPASS;Acidpass 10/800/165 mg 12 Çiğneme Tablet;50;10;60;5.612;
12.06.2026;SELÇUK ECZA DEPOSU;SELÇUK SAMSUN;8,68E+12;EMAY ECZANESİ;TOKAT MERKEZ -1;ACİDPASS;Acidpass 10/800/165 mg 12 Çiğneme Tablet;50;10;60;5.612;
24.06.2026;NEVZAT ECZA DEPOSU;NEVZAT SAMSUN;8,68E+12;BURCU ECZANESİ;TOKAT ERBAA;ACİDPASS;Acidpass 10/800/165 mg 12 Çiğneme Tablet;50;15;65;5.612;
19.06.2026;SELÇUK ECZA DEPOSU;SELÇUK TRABZON;8,68E+12;TANJANT ECZANESİ;TRABZON MERKEZ -2;ACİDPASS;Acidpass 10/800/165 mg 12 Çiğneme Tablet;50;30;80;5.612;
10.06.2026;ALLIANCE HEALTHCARE;AH TRABZON;8,68E+12;ÇAĞLAR ECZANESİ;TRABZON BATI ILCELER - 2;ACİDPASS;Acidpass 10/800/165 mg 12 Çiğneme Tablet;50;10;60;5.612;
23.06.2026;NEVZAT ECZA DEPOSU;NEVZAT TRABZON;8,68E+12;SEBAT ECZANESİ;TRABZON AKCAABAT;ACİDPASS;Acidpass 10/800/165 mg 12 Çiğneme Tablet;50;15;65;5.612;
1.06.2026;ALLIANCE HEALTHCARE;AH TRABZON;8,68E+12;GÖKHAN ECZANESİ;TRABZON AKCAABAT;ACİDPASS;Acidpass 10/800/165 mg 12 Çiğneme Tablet;50;15;65;5.612;
3.06.2026;SELÇUK ECZA DEPOSU;SELÇUK TRABZON;8,68E+12;SAĞLIK ECZANESİ;TRABZON DOGU ILCELER -1;ACİDPASS;Acidpass 10/800/165 mg 12 Çiğneme Tablet;50;15;65;5.612;
25.06.2026;ALLIANCE HEALTHCARE;AH TRABZON;8,68E+12;EBRU ECZANESİ;TRABZON AKCAABAT;ACİDPASS;Acidpass 10/800/165 mg 12 Çiğneme Tablet;50;15;65;5.612;
5.06.2026;SELÇUK ECZA DEPOSU;SELÇUK TRABZON;8,68E+12;GENÇER ECZANESİ;TRABZON AKCAABAT;ACİDPASS;Acidpass 10/800/165 mg 12 Çiğneme Tablet;50;15;65;5.612;
16.06.2026;SELÇUK ECZA DEPOSU;SELÇUK TRABZON;8,68E+12;GENÇER ECZANESİ;TRABZON AKCAABAT;ACİDPASS;Acidpass 10/800/165 mg 12 Çiğneme Tablet;50;10;60;5.612;
29.06.2026;SELÇUK ECZA DEPOSU;SELÇUK TRABZON;8,68E+12;ENİS ECZANESİ;TRABZON MERKEZ -1;ACİDPASS;Acidpass 10/800/165 mg 12 Çiğneme Tablet;50;15;65;5.612;
26.06.2026;SELÇUK ECZA DEPOSU;SELÇUK TRABZON;8,68E+12;AHSEN ECZANESİ;GIRESUN MERKEZ -2;ACİDPASS;Acidpass 10/800/165 mg 12 Çiğneme Tablet;50;15;65;5.612;
26.06.2026;SELÇUK ECZA DEPOSU;SELÇUK SAMSUN;8,68E+12;TOPALOĞLU ECZANESİ;ORDU FATSA;ACİDPASS;Acidpass 10/800/165 mg 12 Çiğneme Tablet;50;15;65;5.612;
10.06.2026;SELÇUK ECZA DEPOSU;SELÇUK SAMSUN;8,68E+12;BESTE ECZANESİ;ORDU FATSA;ACİDPASS;Acidpass 10/800/165 mg 12 Çiğneme Tablet;50;10;60;5.612;
17.06.2026;NEVZAT ECZA DEPOSU;NEVZAT TRABZON;8,68E+12;CÖMERT ECZANESİ;ORDU GUNEY ILCELER -1;ACİDPASS;Acidpass 10/800/165 mg 12 Çiğneme Tablet;50;10;60;5.612;
1.06.2026;SELÇUK ECZA DEPOSU;SELÇUK TRABZON;8,68E+12;YENİ ÖZTÜRK ECZANESİ;RIZE BATI ILCELER;ACİDPASS;Acidpass 10/800/165 mg 12 Çiğneme Tablet;50;15;65;5.612;
23.06.2026;SELÇUK ECZA DEPOSU;SELÇUK TRABZON;8,68E+12;DALYAN ECZANESİ;RIZE MERKEZ;ACİDPASS;Acidpass 10/800/165 mg 12 Çiğneme Tablet;50;15;65;5.612;
12.06.2026;NEVZAT ECZA DEPOSU;NEVZAT SAMSUN;8,68E+12;BAHÇELER ECZANESİ;SAMSUN BAFRA;ACİDPASS;Acidpass 10/800/165 mg 12 Çiğneme Tablet;50;10;60;5.612;
1.06.2026;SELÇUK ECZA DEPOSU;SELÇUK TRABZON;8,68E+12;SÖĞÜTLÜ ECZANESİ;TRABZON AKCAABAT;ACİDPASS;Acidpass 10/800/165 mg 12 Çiğneme Tablet;50;15;65;5.612;
4.06.2026;SELÇUK ECZA DEPOSU;SELÇUK SAMSUN;8,68E+12;DOĞA ECZANESİ;SIVAS MERKEZ -4;ACİDPASS;Acidpass 10/800/165 mg 12 Çiğneme Tablet;50;15;65;5.612;
4.06.2026;SELÇUK ECZA DEPOSU;SELÇUK SAMSUN;8,68E+12;DOĞA ECZANESİ;SIVAS MERKEZ -4;ACİDPASS;Acidpass 10/800/165 mg 12 Çiğneme Tablet;50;15;65;5.612;
4.06.2026;ALLIANCE HEALTHCARE;AH SAMSUN;8,68E+12;FARUK ECZANESİ;SAMSUN RASATHANE;ACİDPASS;Acidpass 10/800/165 mg 12 Çiğneme Tablet;50;15;65;5.612;
24.06.2026;SELÇUK ECZA DEPOSU;SELÇUK TRABZON;8,68E+12;KALKANDERE ECZANESİ;RIZE BATI ILCELER;ACİDPASS;Acidpass 10/800/165 mg 12 Çiğneme Tablet;50;15;65;5.612;
16.06.2026;ALLIANCE HEALTHCARE;AH SAMSUN;8,68E+12;AYBİKE ECZANESİ;TOKAT TURHAL;ACİDPASS;Acidpass 10/800/165 mg 12 Çiğneme Tablet;50;10;60;5.612;
30.06.2026;SELÇUK ECZA DEPOSU;SELÇUK TRABZON;8,68E+12;SİNEM ECZANESİ;TRABZON AKCAABAT;ACİDPASS;Acidpass 10/800/165 mg 12 Çiğneme Tablet;50;15;65;5.612;
16.06.2026;SELÇUK ECZA DEPOSU;SELÇUK TRABZON;8,68E+12;IŞIL ECZANESİ;RIZE DOGU ILCELER;ACİDPASS;Acidpass 10/800/165 mg 12 Çiğneme Tablet;50;10;60;5.612;
26.06.2026;SELÇUK ECZA DEPOSU;SELÇUK TRABZON;8,68E+12;KUTLAY ECZANESİ;GIRESUN MERKEZ -2;ACİDPASS;Acidpass 10/800/165 mg 12 Çiğneme Tablet;50;15;65;5.612;
23.06.2026;NEVZAT ECZA DEPOSU;NEVZAT TRABZON;8,68E+12;ELİF ECZANESİ;TRABZON AKCAABAT;ACİDPASS;Acidpass 10/800/165 mg 12 Çiğneme Tablet;50;15;65;5.612;
24.06.2026;ALLIANCE HEALTHCARE;AH SAMSUN;8,68E+12;ESENTEPE ECZANESİ;SAMSUN VEZIRKOPRU;ACİDPASS;Acidpass 10/800/165 mg 12 Çiğneme Tablet;50;15;65;5.612;
26.06.2026;SELÇUK ECZA DEPOSU;SELÇUK TRABZON;8,68E+12;SELİN ECZANESİ;ARTVIN KUZEY ILCELER;ACİDPASS;Acidpass 10/800/165 mg 12 Çiğneme Tablet;50;15;65;5.612;
26.06.2026;SELÇUK ECZA DEPOSU;SELÇUK TRABZON;8,68E+12;CEM ECZANESİ;GIRESUN MERKEZ -2;ACİDPASS;Acidpass 10/800/165 mg 12 Çiğneme Tablet;50;15;65;5.612;
1.06.2026;ALLIANCE HEALTHCARE;AH ORDU;8,68E+12;HAYAT ECZANESİ;ORDU FATSA;ACİDPASS;Acidpass 10/800/165 mg 12 Çiğneme Tablet;50;15;65;5.612;
24.06.2026;SELÇUK ECZA DEPOSU;SELÇUK TRABZON;8,68E+12;SARP ECZANESİ;ARTVIN KUZEY ILCELER;ACİDPASS;Acidpass 10/800/165 mg 12 Çiğneme Tablet;50;15;65;5.612;
1.06.2026;ALLIANCE HEALTHCARE;AH SAMSUN;8,68E+12;ORTACAMİ ECZANESİ;SAMSUN VEZIRKOPRU;ACİDPASS;Acidpass 10/800/165 mg 12 Çiğneme Tablet;50;15;65;5.612;
2.06.2026;SELÇUK ECZA DEPOSU;SELÇUK SAMSUN;8,68E+12;CEBECİ ECZANESİ;SAMSUN VEZIRKOPRU;ACİDPASS;Acidpass 10/800/165 mg 12 Çiğneme Tablet;50;15;65;5.612;
10.06.2026;ALLIANCE HEALTHCARE;AH ORDU;8,68E+12;YENİ ÇAMOLUK ECZANESİ;GIRESUN GUNEY ILCELER;ACİDPASS;Acidpass 10/800/165 mg 12 Çiğneme Tablet;50;10;60;5.612;
23.06.2026;ALLIANCE HEALTHCARE;AH SAMSUN;8,68E+12;ATLAS ECZANESİ;CORUM MERKEZ -1;ACİDPASS;Acidpass 10/800/165 mg 12 Çiğneme Tablet;50;15;65;5.612;
1.06.2026;SELÇUK ECZA DEPOSU;SELÇUK TRABZON;8,68E+12;DENİZ ECZANESİ;ARTVIN MERKEZ+DOGU+GUNEY;ACİDPASS;Acidpass 10/800/165 mg 12 Çiğneme Tablet;50;15;65;5.612;
23.06.2026;ALLIANCE HEALTHCARE;AH TRABZON;8,68E+12;KARADUMAN ECZANESİ;TRABZON AKCAABAT;ACİDPASS;Acidpass 10/800/165 mg 12 Çiğneme Tablet;50;15;65;5.612;
2.06.2026;ALLIANCE HEALTHCARE;AH ORDU;8,68E+12;AHSEN ECZANESİ;ORDU MERKEZ -1;ACİDPASS;Acidpass 10/800/165 mg 12 Çiğneme Tablet;50;15;65;5.612;
2.06.2026;SELÇUK ECZA DEPOSU;SELÇUK TRABZON;8,68E+12;NİSANUR ECZANESİ;GIRESUN MERKEZ -2;ACİDPASS;Acidpass 10/800/165 mg 12 Çiğneme Tablet;50;15;65;5.612;
26.06.2026;ALLIANCE HEALTHCARE;AH TRABZON;8,68E+12;ŞİRAN ECZANESİ;GUMUSHANE;ACİDPASS;Acidpass 10/800/165 mg 12 Çiğneme Tablet;50;15;65;5.612;
16.06.2026;SELÇUK ECZA DEPOSU;SELÇUK TRABZON;8,68E+12;GENÇER ECZANESİ;TRABZON AKCAABAT;MOKSEFEN;Moksefen 400 mg 7 Film Tablet;50;25;75;7.450;
11.06.2026;SELÇUK ECZA DEPOSU;SELÇUK TRABZON;8,68E+12;UMUT ECZANESİ;TRABZON AKCAABAT;MOKSEFEN;Moksefen 400 mg 7 Film Tablet;50;25;75;7.450;
26.06.2026;SELÇUK ECZA DEPOSU;SELÇUK TRABZON;8,68E+12;UMUT ECZANESİ;TRABZON AKCAABAT;MOKSEFEN;Moksefen 400 mg 7 Film Tablet;50;25;75;7.450;
26.06.2026;SELÇUK ECZA DEPOSU;SELÇUK TRABZON;8,68E+12;FANUS ECZANESİ;TRABZON MERKEZ -3;MOKSEFEN;Moksefen 400 mg 7 Film Tablet;50;25;75;7.450;
10.06.2026;SELÇUK ECZA DEPOSU;SELÇUK SAMSUN;8,68E+12;ÖZNUR ECZANESİ;AMASYA ILCELER;PANOCER;Panocer 40 mg 28 Enterik Kaplı Tablet;50;25;75;5.266;
4.06.2026;SELÇUK ECZA DEPOSU;SELÇUK SAMSUN;8,68E+12;CANLI ECZANESİ;AMASYA MERKEZ -2;PANOCER;Panocer 40 mg 28 Enterik Kaplı Tablet;50;25;75;5.266;
2.06.2026;SELÇUK ECZA DEPOSU;SELÇUK TRABZON;8,68E+12;SERHAT ECZANESİ;ARTVIN MERKEZ+DOGU+GUNEY;PANOCER;Panocer 40 mg 28 Enterik Kaplı Tablet;50;25;75;5.266;
19.06.2026;SELÇUK ECZA DEPOSU;SELÇUK SAMSUN;8,68E+12;KARAOĞLU ECZANESİ;CORUM MERKEZ -1;PANOCER;Panocer 40 mg 28 Enterik Kaplı Tablet;50;25;75;5.266;
16.06.2026;SELÇUK ECZA DEPOSU;SELÇUK SAMSUN;8,68E+12;KAFKAS ECZANESİ;CORUM GUNEYDOGU ILCELER;PANOCER;Panocer 40 mg 28 Enterik Kaplı Tablet;50;25;75;5.266;
3.06.2026;ALLIANCE HEALTHCARE;AH SAMSUN;8,68E+12;DANACI ECZANESİ;CORUM GUNEYDOGU ILCELER;PANOCER;Panocer 40 mg 28 Enterik Kaplı Tablet;50;25;75;5.266;
12.06.2026;SELÇUK ECZA DEPOSU;SELÇUK SAMSUN;8,68E+12;FİKRİ KARTAL ECZANESİ;CORUM KUZEY ILCELER;PANOCER;Panocer 40 mg 28 Enterik Kaplı Tablet;50;25;75;5.266;
17.06.2026;NEVZAT ECZA DEPOSU;NEVZAT SAMSUN;8,68E+12;HEKİMOĞLU ECZANESİ;CORUM GUNEYBATI ILCELER;PANOCER;Panocer 40 mg 28 Enterik Kaplı Tablet;50;25;75;5.266;
19.06.2026;ALLIANCE HEALTHCARE;AH SAMSUN;8,68E+12;BAYRAK ECZANESİ;CORUM GUNEYDOGU ILCELER;PANOCER;Panocer 40 mg 28 Enterik Kaplı Tablet;50;25;75;5.266;
11.06.2026;ALLIANCE HEALTHCARE;AH SAMSUN;8,68E+12;KALENDER ECZANESİ;CORUM MERKEZ -2;PANOCER;Panocer 40 mg 28 Enterik Kaplı Tablet;50;25;75;5.266;
12.06.2026;SELÇUK ECZA DEPOSU;SELÇUK SAMSUN;8,68E+12;İKBAL ECZANESİ;CORUM MERKEZ -3;PANOCER;Panocer 40 mg 28 Enterik Kaplı Tablet;50;25;75;5.266;
24.06.2026;SELÇUK ECZA DEPOSU;SELÇUK ERZURUM;8,68E+12;EMRAH ECZANESİ;ERZINCAN ILCELER;PANOCER;Panocer 40 mg 28 Enterik Kaplı Tablet;50;25;75;5.266;
3.06.2026;SELÇUK ECZA DEPOSU;SELÇUK ERZURUM;8,68E+12;ÖZGE ECZANESİ;ERZINCAN MERKEZ;PANOCER;Panocer 40 mg 28 Enterik Kaplı Tablet;50;25;75;5.266;
16.06.2026;NEVZAT ECZA DEPOSU;NEVZAT ERZURUM;8,68E+12;HİZMET ECZANESİ;ERZINCAN MERKEZ;PANOCER;Panocer 40 mg 28 Enterik Kaplı Tablet;50;25;75;5.266;
2.06.2026;SELÇUK ECZA DEPOSU;SELÇUK ERZURUM;8,68E+12;YENİ BÖLGE ECZANESİ;ERZURUM MERKEZ -3;PANOCER;Panocer 40 mg 28 Enterik Kaplı Tablet;50;25;75;5.266;
16.06.2026;SELÇUK ECZA DEPOSU;SELÇUK ERZURUM;8,68E+12;HİLAL ECZANESİ;ERZURUM GUNEY ILCELER;PANOCER;Panocer 40 mg 28 Enterik Kaplı Tablet;50;25;75;5.266;
29.06.2026;SELÇUK ECZA DEPOSU;SELÇUK ERZURUM;8,68E+12;SÜPHAN ECZANESİ;ERZURUM MERKEZ -3;PANOCER;Panocer 40 mg 28 Enterik Kaplı Tablet;50;25;75;5.266;
23.06.2026;NEVZAT ECZA DEPOSU;NEVZAT ERZURUM;8,68E+12;ÇAĞRI ECZANESİ;ERZURUM KUZEY ILCELER;PANOCER;Panocer 40 mg 28 Enterik Kaplı Tablet;50;25;75;5.266;
12.06.2026;ALLIANCE HEALTHCARE;AH ORDU;8,68E+12;ÇITLAK ECZANESİ;GIRESUN DOGU ILCELER -1;PANOCER;Panocer 40 mg 28 Enterik Kaplı Tablet;50;25;75;5.266;
4.06.2026;ALLIANCE HEALTHCARE;AH TRABZON;8,68E+12;GÜMÜŞHANE ECZANESİ;GUMUSHANE;PANOCER;Panocer 40 mg 28 Enterik Kaplı Tablet;50;25;75;5.266;
24.06.2026;NEVZAT ECZA DEPOSU;NEVZAT TRABZON;8,68E+12;ÖZDEMİR ECZANESİ;GIRESUN BULANCAK+PIRAZIZ;PANOCER;Panocer 40 mg 28 Enterik Kaplı Tablet;50;25;75;5.266;
1.06.2026;NEVZAT ECZA DEPOSU;NEVZAT ERZURUM;8,68E+12;AKIN ECZANESİ;KARS ILCELER;PANOCER;Panocer 40 mg 28 Enterik Kaplı Tablet;50;25;75;5.266;
11.06.2026;SELÇUK ECZA DEPOSU;SELÇUK SAMSUN;8,68E+12;NOKTA ECZANESİ;ORDU FATSA;PANOCER;Panocer 40 mg 28 Enterik Kaplı Tablet;50;25;75;5.266;
3.06.2026;NEVZAT ECZA DEPOSU;NEVZAT TRABZON;8,68E+12;MELTEM ECZANESİ;ORDU FATSA;PANOCER;Panocer 40 mg 28 Enterik Kaplı Tablet;50;25;75;5.266;
3.06.2026;SELÇUK ECZA DEPOSU;SELÇUK SAMSUN;8,68E+12;SAĞLIK ECZANESİ;ORDU BATI ILCELER;PANOCER;Panocer 40 mg 28 Enterik Kaplı Tablet;50;25;75;5.266;
4.06.2026;ALLIANCE HEALTHCARE;AH ORDU;8,68E+12;ÖZLEM ECZANESİ;ORDU UNYE;PANOCER;Panocer 40 mg 28 Enterik Kaplı Tablet;50;25;75;5.266;
1.06.2026;ALLIANCE HEALTHCARE;AH ORDU;8,68E+12;ORAL ECZANESİ;ORDU UNYE;PANOCER;Panocer 40 mg 28 Enterik Kaplı Tablet;50;25;75;5.266;
26.06.2026;SELÇUK ECZA DEPOSU;SELÇUK SAMSUN;8,68E+12;İLKÜVEZ ECZANESİ;ORDU BATI ILCELER;PANOCER;Panocer 40 mg 28 Enterik Kaplı Tablet;50;25;75;5.266;
29.06.2026;SELÇUK ECZA DEPOSU;SELÇUK TRABZON;8,68E+12;ÇAKIROĞLU ECZANESİ;RIZE MERKEZ;PANOCER;Panocer 40 mg 28 Enterik Kaplı Tablet;50;25;75;5.266;
30.06.2026;ALLIANCE HEALTHCARE;AH TRABZON;8,68E+12;ÖMÜR ECZANESİ;RIZE MERKEZ;PANOCER;Panocer 40 mg 28 Enterik Kaplı Tablet;50;25;75;5.266;
2.06.2026;SELÇUK ECZA DEPOSU;SELÇUK TRABZON;8,68E+12;ÖZTÜRK ECZANESİ;RIZE BATI ILCELER;PANOCER;Panocer 40 mg 28 Enterik Kaplı Tablet;50;25;75;5.266;
10.06.2026;SELÇUK ECZA DEPOSU;SELÇUK TRABZON;8,68E+12;DERMAN ECZANESİ;RIZE MERKEZ;PANOCER;Panocer 40 mg 28 Enterik Kaplı Tablet;50;25;75;5.266;
3.06.2026;ALLIANCE HEALTHCARE;AH TRABZON;8,68E+12;SEVGİ ECZANESİ;RIZE MERKEZ;PANOCER;Panocer 40 mg 28 Enterik Kaplı Tablet;50;25;75;5.266;
2.06.2026;SELÇUK ECZA DEPOSU;SELÇUK TRABZON;8,68E+12;ÇAYELİ ECZANESİ;RIZE BATI ILCELER;PANOCER;Panocer 40 mg 28 Enterik Kaplı Tablet;50;25;75;5.266;
24.06.2026;ALLIANCE HEALTHCARE;AH TRABZON;8,68E+12;ÇAMLIBEL ECZANESİ;RIZE MERKEZ;PANOCER;Panocer 40 mg 28 Enterik Kaplı Tablet;50;25;75;5.266;
29.06.2026;ALLIANCE HEALTHCARE;AH TRABZON;8,68E+12;İSMAİLOĞLU ECZANESİ;RIZE MERKEZ;PANOCER;Panocer 40 mg 28 Enterik Kaplı Tablet;50;25;75;5.266;
23.06.2026;SELÇUK ECZA DEPOSU;SELÇUK TRABZON;8,68E+12;DERMAN ECZANESİ;RIZE DOGU ILCELER;PANOCER;Panocer 40 mg 28 Enterik Kaplı Tablet;50;25;75;5.266;
12.06.2026;SELÇUK ECZA DEPOSU;SELÇUK TRABZON;8,68E+12;LOKMAN HEKİM ECZANESİ;RIZE MERKEZ;PANOCER;Panocer 40 mg 28 Enterik Kaplı Tablet;50;25;75;5.266;
26.06.2026;SELÇUK ECZA DEPOSU;SELÇUK SAMSUN;8,68E+12;ERDOĞAN ECZANESİ;SINOP GUNEY ILCELER;PANOCER;Panocer 40 mg 28 Enterik Kaplı Tablet;50;25;75;5.266;
26.06.2026;SELÇUK ECZA DEPOSU;SELÇUK SAMSUN;8,68E+12;YENİ ECZANESİ;SAMSUN ALACAM+YAKAKENT;PANOCER;Panocer 40 mg 28 Enterik Kaplı Tablet;50;25;75;5.266;
2.06.2026;ALLIANCE HEALTHCARE;AH SAMSUN;8,68E+12;ELİF ECZANESİ;SAMSUN BAFRA;PANOCER;Panocer 40 mg 28 Enterik Kaplı Tablet;50;25;75;5.266;
1.06.2026;NEVZAT ECZA DEPOSU;NEVZAT SAMSUN;8,68E+12;YASEMİN ECZANESİ;SAMSUN BAFRA;PANOCER;Panocer 40 mg 28 Enterik Kaplı Tablet;50;25;75;5.266;
24.06.2026;ALLIANCE HEALTHCARE;AH SAMSUN;8,68E+12;ÇAĞLAR ECZANESİ;SINOP DOGU-BATI ILCELER;PANOCER;Panocer 40 mg 28 Enterik Kaplı Tablet;50;25;75;5.266;
12.06.2026;SELÇUK ECZA DEPOSU;SELÇUK SAMSUN;8,68E+12;İNCİ ECZANESİ;SINOP MERKEZ;PANOCER;Panocer 40 mg 28 Enterik Kaplı Tablet;50;25;75;5.266;
23.06.2026;SELÇUK ECZA DEPOSU;SELÇUK SAMSUN;8,68E+12;EKİN ECZANESİ;SINOP DOGU-BATI ILCELER;PANOCER;Panocer 40 mg 28 Enterik Kaplı Tablet;50;25;75;5.266;
16.06.2026;SELÇUK ECZA DEPOSU;SELÇUK SAMSUN;8,68E+12;ÜNAL ECZANESİ;SIVAS MERKEZ -3;PANOCER;Panocer 40 mg 28 Enterik Kaplı Tablet;50;25;75;5.266;
2.06.2026;SELÇUK ECZA DEPOSU;SELÇUK SAMSUN;8,68E+12;TİMURBOĞA ECZANESİ;SIVAS MERKEZ -2;PANOCER;Panocer 40 mg 28 Enterik Kaplı Tablet;50;25;75;5.266;
16.06.2026;NEVZAT ECZA DEPOSU;NEVZAT SAMSUN;8,68E+12;ŞİFA ECZANESİ;TOKAT DOGU ILCELER;PANOCER;Panocer 40 mg 28 Enterik Kaplı Tablet;50;25;75;5.266;
11.06.2026;SELÇUK ECZA DEPOSU;SELÇUK SAMSUN;8,68E+12;ALMUS ECZANESİ;TOKAT DOGU ILCELER;PANOCER;Panocer 40 mg 28 Enterik Kaplı Tablet;50;25;75;5.266;
3.06.2026;ALLIANCE HEALTHCARE;AH SAMSUN;8,68E+12;AKSOY ECZANESİ;TOKAT TURHAL;PANOCER;Panocer 40 mg 28 Enterik Kaplı Tablet;50;25;75;5.266;
12.06.2026;SELÇUK ECZA DEPOSU;SELÇUK SAMSUN;8,68E+12;NİLÜFER ECZANESİ;TOKAT MERKEZ -1;PANOCER;Panocer 40 mg 28 Enterik Kaplı Tablet;50;25;75;5.266;
26.06.2026;SELÇUK ECZA DEPOSU;SELÇUK SAMSUN;8,68E+12;ASLI ECZANESİ;TOKAT MERKEZ -1;PANOCER;Panocer 40 mg 28 Enterik Kaplı Tablet;50;25;75;5.266;
10.06.2026;ALLIANCE HEALTHCARE;AH SAMSUN;8,68E+12;KOCATÜRK ECZANESİ;TOKAT BATI ILCELER;PANOCER;Panocer 40 mg 28 Enterik Kaplı Tablet;50;25;75;5.266;
1.06.2026;NEVZAT ECZA DEPOSU;NEVZAT SAMSUN;8,68E+12;TUĞLUOĞLU ECZANESİ;TOKAT BATI ILCELER;PANOCER;Panocer 40 mg 28 Enterik Kaplı Tablet;50;25;75;5.266;
4.06.2026;SELÇUK ECZA DEPOSU;SELÇUK SAMSUN;8,68E+12;AKSOY ECZANESİ;TOKAT DOGU ILCELER;PANOCER;Panocer 40 mg 28 Enterik Kaplı Tablet;50;25;75;5.266;
19.06.2026;SELÇUK ECZA DEPOSU;SELÇUK TRABZON;8,68E+12;ÇAĞLA ECZANESİ;TRABZON MERKEZ -3;PANOCER;Panocer 40 mg 28 Enterik Kaplı Tablet;50;25;75;5.266;
23.06.2026;ALLIANCE HEALTHCARE;AH TRABZON;8,68E+12;ÇAYKARA ECZANESİ;TRABZON DOGU ILCELER -1;PANOCER;Panocer 40 mg 28 Enterik Kaplı Tablet;50;25;75;5.266;
10.06.2026;SELÇUK ECZA DEPOSU;SELÇUK TRABZON;8,68E+12;YAVUZ ECZANESİ;TRABZON AKCAABAT;PANOCER;Panocer 40 mg 28 Enterik Kaplı Tablet;50;25;75;5.266;
1.06.2026;ALLIANCE HEALTHCARE;AH TRABZON;8,68E+12;TUĞBA ECZANESİ;TRABZON AKCAABAT;PANOCER;Panocer 40 mg 28 Enterik Kaplı Tablet;50;25;75;5.266;
3.06.2026;ALLIANCE HEALTHCARE;AH SAMSUN;8,68E+12;ÖZTÜRK ECZANESİ;CORUM MERKEZ -1;PANOCER;Panocer 40 mg 28 Enterik Kaplı Tablet;50;25;75;5.266;
4.06.2026;SELÇUK ECZA DEPOSU;SELÇUK ERZURUM;8,68E+12;SEVGİ ECZANESİ;ERZURUM MERKEZ -2;PANOCER;Panocer 40 mg 28 Enterik Kaplı Tablet;50;25;75;5.266;
24.06.2026;ALLIANCE HEALTHCARE;AH TRABZON;8,68E+12;HUZUR ECZANESİ;GUMUSHANE;PANOCER;Panocer 40 mg 28 Enterik Kaplı Tablet;50;25;75;5.266;
11.06.2026;ALLIANCE HEALTHCARE;AH TRABZON;8,68E+12;BÜYÜK ECZANESİ;RIZE DOGU ILCELER;PANOCER;Panocer 40 mg 28 Enterik Kaplı Tablet;50;25;75;5.266;
26.06.2026;SELÇUK ECZA DEPOSU;SELÇUK TRABZON;8,68E+12;YENİ ÖZTÜRK ECZANESİ;RIZE BATI ILCELER;PANOCER;Panocer 40 mg 28 Enterik Kaplı Tablet;50;25;75;5.266;
25.06.2026;ALLIANCE HEALTHCARE;AH SAMSUN;8,68E+12;BALIKÇIOĞLU ECZANESİ;SAMSUN VEZIRKOPRU;PANOCER;Panocer 40 mg 28 Enterik Kaplı Tablet;50;25;75;5.266;
12.06.2026;NEVZAT ECZA DEPOSU;NEVZAT SAMSUN;8,68E+12;BAHÇELER ECZANESİ;SAMSUN BAFRA;PANOCER;Panocer 40 mg 28 Enterik Kaplı Tablet;50;25;75;5.266;
1.06.2026;NEVZAT ECZA DEPOSU;NEVZAT SAMSUN;8,68E+12;ÇAĞRI ECZANESİ;TOKAT MERKEZ -2;PANOCER;Panocer 40 mg 28 Enterik Kaplı Tablet;50;25;75;5.266;
11.06.2026;ALLIANCE HEALTHCARE;AH SAMSUN;8,68E+12;CANDEMİR ECZANESİ;TOKAT BATI ILCELER;PANOCER;Panocer 40 mg 28 Enterik Kaplı Tablet;50;25;75;5.266;
1.06.2026;ALLIANCE HEALTHCARE;AH TRABZON;8,68E+12;ŞAVŞAT ECZANESİ;ARTVIN MERKEZ+DOGU+GUNEY;PANOCER;Panocer 40 mg 28 Enterik Kaplı Tablet;50;25;75;5.266;
10.06.2026;ALLIANCE HEALTHCARE;AH ORDU;8,68E+12;BAYŞU ECZANESİ;ORDU FATSA;PANOCER;Panocer 40 mg 28 Enterik Kaplı Tablet;50;25;75;5.266;
24.06.2026;ALLIANCE HEALTHCARE;AH ORDU;8,68E+12;FIRAT ECZANESİ;ORDU MERKEZ -3;PANOCER;Panocer 40 mg 28 Enterik Kaplı Tablet;50;25;75;5.266;
1.06.2026;SELÇUK ECZA DEPOSU;SELÇUK TRABZON;8,68E+12;SİNEM ECZANESİ;TRABZON AKCAABAT;PANOCER;Panocer 40 mg 28 Enterik Kaplı Tablet;50;25;75;5.266;
1.06.2026;SELÇUK ECZA DEPOSU;SELÇUK TRABZON;8,68E+12;UZUN ECZANESİ;ARTVIN KUZEY ILCELER;PANOCER;Panocer 40 mg 28 Enterik Kaplı Tablet;50;25;75;5.266;
1.06.2026;NEVZAT ECZA DEPOSU;NEVZAT ERZURUM;8,68E+12;MENGÜCELİ ECZANESİ;ERZINCAN MERKEZ;PANOCER;Panocer 40 mg 28 Enterik Kaplı Tablet;50;25;75;5.266;
25.06.2026;SELÇUK ECZA DEPOSU;SELÇUK ERZURUM;8,68E+12;PINAR ECZANESİ;ERZURUM MERKEZ -2;PANOCER;Panocer 40 mg 28 Enterik Kaplı Tablet;50;25;75;5.266;
10.06.2026;ALLIANCE HEALTHCARE;AH TRABZON;8,68E+12;VEFA ECZANESİ;RIZE BATI ILCELER;PANOCER;Panocer 40 mg 28 Enterik Kaplı Tablet;50;25;75;5.266;
3.06.2026;SELÇUK ECZA DEPOSU;SELÇUK SAMSUN;8,68E+12;GÜLFER ECZANESİ;AMASYA MERZIFON;PANOCER;Panocer 40 mg 28 Enterik Kaplı Tablet;50;25;75;5.266;
29.06.2026;SELÇUK ECZA DEPOSU;SELÇUK ERZURUM;8,68E+12;REFAHİYE ECZANESİ;ERZINCAN ILCELER;PANOCER;Panocer 40 mg 28 Enterik Kaplı Tablet;50;25;75;5.266;
26.06.2026;SELÇUK ECZA DEPOSU;SELÇUK ERZURUM;8,68E+12;KÜBRA NUR ECZANESİ;ERZINCAN ILCELER;PANOCER;Panocer 40 mg 28 Enterik Kaplı Tablet;50;25;75;5.266;
12.06.2026;SELÇUK ECZA DEPOSU;SELÇUK SAMSUN;8,68E+12;LOKMAN ECZANESİ;SIVAS GUNEY ILCELER;PANOCER;Panocer 40 mg 28 Enterik Kaplı Tablet;50;25;75;5.266;
26.06.2026;SELÇUK ECZA DEPOSU;SELÇUK ERZURUM;8,68E+12;CEREN ECZANESİ;ERZINCAN MERKEZ;PANOCER;Panocer 40 mg 28 Enterik Kaplı Tablet;50;25;75;5.266;
25.06.2026;SELÇUK ECZA DEPOSU;SELÇUK ERZURUM;8,68E+12;FATMA ECZANESİ;ERZINCAN ILCELER;PANOCER;Panocer 40 mg 28 Enterik Kaplı Tablet;50;25;75;5.266;
1.06.2026;ALLIANCE HEALTHCARE;AH SAMSUN;8,68E+12;ÖZGE ECZANESİ;CORUM MERKEZ -2;PANOCER;Panocer 40 mg 28 Enterik Kaplı Tablet;50;25;75;5.266;
1.06.2026;ALLIANCE HEALTHCARE;AH SAMSUN;8,68E+12;MİLÖNÜ ECZANESİ;CORUM MERKEZ -2;PANOCER;Panocer 40 mg 28 Enterik Kaplı Tablet;50;25;75;5.266;
16.06.2026;ALLIANCE HEALTHCARE;AH ORDU;8,68E+12;DERMAN ECZANESİ;ORDU FATSA;PANOCER;Panocer 40 mg 28 Enterik Kaplı Tablet;50;25;75;5.266;
1.06.2026;ALLIANCE HEALTHCARE;AH TRABZON;8,68E+12;ÇINAR ECZANESİ;GUMUSHANE;PANOCER;Panocer 40 mg 28 Enterik Kaplı Tablet;50;25;75;5.266;
5.06.2026;ALLIANCE HEALTHCARE;AH TRABZON;8,68E+12;SILA ECZANESİ;TRABZON AKCAABAT;PANOCER;Panocer 40 mg 28 Enterik Kaplı Tablet;50;25;75;5.266;
1.06.2026;SELÇUK ECZA DEPOSU;SELÇUK SAMSUN;8,68E+12;ZİLE ECZANESİ;TOKAT BATI ILCELER;PANOCER;Panocer 40 mg 28 Enterik Kaplı Tablet;50;25;75;5.266;
17.06.2026;ALLIANCE HEALTHCARE;AH SAMSUN;8,68E+12;EGE ECZANESİ;TOKAT DOGU ILCELER;PANOCER;Panocer 40 mg 28 Enterik Kaplı Tablet;50;25;75;5.266;
12.06.2026;ALLIANCE HEALTHCARE;AH ORDU;8,68E+12;YENİ ÇAMOLUK ECZANESİ;GIRESUN GUNEY ILCELER;PANOCER;Panocer 40 mg 28 Enterik Kaplı Tablet;50;25;75;5.266;
1.06.2026;NEVZAT ECZA DEPOSU;NEVZAT ERZURUM;8,68E+12;ÇİĞDEM ECZANESİ;ERZURUM GUNEY ILCELER;PANOCER;Panocer 40 mg 28 Enterik Kaplı Tablet;50;25;75;5.266;
3.06.2026;SELÇUK ECZA DEPOSU;SELÇUK ERZURUM;8,68E+12;MERKEZ ECZANESİ;ERZINCAN MERKEZ;PANOCER;Panocer 40 mg 28 Enterik Kaplı Tablet;50;25;75;5.266;
16.06.2026;SELÇUK ECZA DEPOSU;SELÇUK SAMSUN;8,68E+12;HİTİT ECZANESİ;CORUM MERKEZ -3;PANOCER;Panocer 40 mg 28 Enterik Kaplı Tablet;50;25;75;5.266;
16.06.2026;ALLIANCE HEALTHCARE;AH SAMSUN;8,68E+12;TEMİZ ECZANESİ;TOKAT ERBAA;PANOCER;Panocer 40 mg 28 Enterik Kaplı Tablet;50;25;75;5.266;
2.06.2026;ALLIANCE HEALTHCARE;AH ORDU;8,68E+12;ÖZLEM ECZANESİ;ORDU GUNEY ILCELER -1;PANOCER;Panocer 40 mg 28 Enterik Kaplı Tablet;50;25;75;5.266;
17.06.2026;ALLIANCE HEALTHCARE;AH SAMSUN;8,68E+12;KESKİN ECZANESİ;SAMSUN DOGU ILCELER - 2;PANOCER;Panocer 40 mg 28 Enterik Kaplı Tablet;50;25;75;5.266;
1.06.2026;NEVZAT ECZA DEPOSU;NEVZAT ERZURUM;8,68E+12;ŞİFA ECZANESİ;AGRI DIYADIN+D.BEYAZIT;PANOCER;Panocer 40 mg 28 Enterik Kaplı Tablet;50;25;75;5.266;
23.06.2026;ALLIANCE HEALTHCARE;AH ORDU;8,68E+12;BUŞRA ECZANESİ;ORDU FATSA;PANOCER;Panocer 40 mg 28 Enterik Kaplı Tablet;50;25;75;5.266;
24.06.2026;SELÇUK ECZA DEPOSU;SELÇUK SAMSUN;8,68E+12;SENA ECZANESİ;SIVAS DOGU ILCELER;PANOCER;Panocer 40 mg 28 Enterik Kaplı Tablet;50;25;75;5.266;
26.06.2026;SELÇUK ECZA DEPOSU;SELÇUK SAMSUN;8,68E+12;YENİ GERZE ECZANESİ;SINOP DOGU-BATI ILCELER;PANOCER;Panocer 40 mg 28 Enterik Kaplı Tablet;50;25;75;5.266;
1.06.2026;SELÇUK ECZA DEPOSU;SELÇUK ERZURUM;8,68E+12;MAHMUTPAŞA ECZANESİ ;AGRI ILCELER;PANOCER;Panocer 40 mg 28 Enterik Kaplı Tablet;50;20;70;5.266;
1.06.2026;SELÇUK ECZA DEPOSU;SELÇUK ERZURUM;8,68E+12;MAHMUTPAŞA ECZANESİ ;AGRI ILCELER;PANOCER;Panocer 40 mg 28 Enterik Kaplı Tablet;50;25;75;5.266;
26.06.2026;SELÇUK ECZA DEPOSU;SELÇUK TRABZON;8,68E+12;NİSANUR ECZANESİ;GIRESUN MERKEZ -2;PANOCER;Panocer 40 mg 28 Enterik Kaplı Tablet;50;25;75;5.266;
10.06.2026;ALLIANCE HEALTHCARE;AH SAMSUN;8,68E+12;CANSUYU ECZANESİ;TOKAT DOGU ILCELER;PANOCER;Panocer 40 mg 28 Enterik Kaplı Tablet;50;25;75;5.266;
23.06.2026;SELÇUK ECZA DEPOSU;SELÇUK ERZURUM;8,68E+12;MEHTAP BUZ ECZ.KAGIZMAN;KARS ILCELER;PANOCER;Panocer 40 mg 28 Enterik Kaplı Tablet;50;25;75;5.266;
18.06.2026;SELÇUK ECZA DEPOSU;SELÇUK SAMSUN;8,68E+12;CEREN ECZANESI TURHAL;TOKAT BATI ILCELER;PANOCER;Panocer 40 mg 28 Enterik Kaplı Tablet;50;25;75;5.266;
10.06.2026;SELÇUK ECZA DEPOSU;SELÇUK TRABZON;8,68E+12;HALK ECZANESİ;ARTVIN KUZEY ILCELER;MOKSEFEN;Moksefen 400 mg 7 Film Tablet;40;20;60;5.960;
23.06.2026;SELÇUK ECZA DEPOSU;SELÇUK SAMSUN;8,68E+12;DİDEM ECZANESİ;SAMSUN BAFRA;MOKSEFEN;Moksefen 400 mg 7 Film Tablet;40;20;60;5.960;
26.06.2026;SELÇUK ECZA DEPOSU;SELÇUK SAMSUN;8,68E+12;ÇELİK ECZANESİ;ORDU UNYE;ACİDPASS;Acidpass 10/800/165 mg 12 Çiğneme Tablet;30;4;34;3.367;
10.06.2026;SELÇUK ECZA DEPOSU;SELÇUK SAMSUN;8,68E+12;ERCAN ECZANESİ;AMASYA MERZIFON;GRİPORT COLD;Griport Cold 20 Film Kaplı Tablet;30;15;45;2.525;
2.06.2026;NEVZAT ECZA DEPOSU;NEVZAT SAMSUN;8,68E+12;HEKİMOĞLU ECZANESİ;CORUM GUNEYBATI ILCELER;GRİPORT COLD;Griport Cold 20 Film Kaplı Tablet;30;15;45;2.525;
4.06.2026;ALLIANCE HEALTHCARE;AH SAMSUN;8,68E+12;PINAR ECZANESİ;CORUM MERKEZ -2;GRİPORT COLD;Griport Cold 20 Film Kaplı Tablet;30;15;45;2.525;
16.06.2026;ALLIANCE HEALTHCARE;AH SAMSUN;8,68E+12;ALBAYRAK ECZANESİ;CORUM MERKEZ -1;GRİPORT COLD;Griport Cold 20 Film Kaplı Tablet;30;15;45;2.525;
16.06.2026;NEVZAT ECZA DEPOSU;NEVZAT ERZURUM;8,68E+12;ŞENOL ECZANESİ;ERZURUM KUZEY ILCELER;GRİPORT COLD;Griport Cold 20 Film Kaplı Tablet;30;15;45;2.525;
1.06.2026;SELÇUK ECZA DEPOSU;SELÇUK ERZURUM;8,68E+12;BAYRAMOĞLU ECZANESİ;ERZURUM MERKEZ -1;GRİPORT COLD;Griport Cold 20 Film Kaplı Tablet;30;15;45;2.525;
12.06.2026;ALLIANCE HEALTHCARE;AH ORDU;8,68E+12;ZAFER ECZANESİ;GIRESUN BULANCAK+PIRAZIZ;GRİPORT COLD;Griport Cold 20 Film Kaplı Tablet;30;15;45;2.525;
10.06.2026;NEVZAT ECZA DEPOSU;NEVZAT TRABZON;8,68E+12;YAMANER ECZANESİ;ORDU UNYE;GRİPORT COLD;Griport Cold 20 Film Kaplı Tablet;30;15;45;2.525;
2.06.2026;ALLIANCE HEALTHCARE;AH SAMSUN;8,68E+12;YILMAZ ECZANESİ;SAMSUN ALACAM+YAKAKENT;GRİPORT COLD;Griport Cold 20 Film Kaplı Tablet;30;15;45;2.525;
25.06.2026;ALLIANCE HEALTHCARE;AH SAMSUN;8,68E+12;BOLAT ECZANESİ;SAMSUN ATAKENT+19 MAYIS;GRİPORT COLD;Griport Cold 20 Film Kaplı Tablet;30;15;45;2.525;
10.06.2026;SELÇUK ECZA DEPOSU;SELÇUK SAMSUN;8,68E+12;YAVUZ ECZANESİ;SINOP DOGU-BATI ILCELER;GRİPORT COLD;Griport Cold 20 Film Kaplı Tablet;30;15;45;2.525;
17.06.2026;SELÇUK ECZA DEPOSU;SELÇUK SAMSUN;8,68E+12;ARIKAN ECZANESİ;SIVAS MERKEZ -2;GRİPORT COLD;Griport Cold 20 Film Kaplı Tablet;30;15;45;2.525;
9.06.2026;ALLIANCE HEALTHCARE;AH TRABZON;8,68E+12;YILDIZ ECZANESİ;TRABZON AKCAABAT;GRİPORT COLD;Griport Cold 20 Film Kaplı Tablet;30;15;45;2.525;
25.06.2026;ALLIANCE HEALTHCARE;AH TRABZON;8,68E+12;TUĞBA ECZANESİ;TRABZON AKCAABAT;GRİPORT COLD;Griport Cold 20 Film Kaplı Tablet;30;15;45;2.525;
17.06.2026;SELÇUK ECZA DEPOSU;SELÇUK TRABZON;8,68E+12;IŞIL ECZANESİ;RIZE DOGU ILCELER;GRİPORT COLD;Griport Cold 20 Film Kaplı Tablet;30;15;45;2.525;
23.06.2026;ALLIANCE HEALTHCARE;AH SAMSUN;8,68E+12;KARSLI ECZANESİ;CORUM MERKEZ -1;GRİPORT COLD;Griport Cold 20 Film Kaplı Tablet;30;15;45;2.525;
16.06.2026;SELÇUK ECZA DEPOSU;SELÇUK SAMSUN;8,68E+12;SÜNBÜLCÜ ECZANESİ;CORUM MERKEZ -3;GRİPORT COLD;Griport Cold 20 Film Kaplı Tablet;30;15;45;2.525;
3.06.2026;ALLIANCE HEALTHCARE;AH SAMSUN;8,68E+12;ATLAS ECZANESİ;CORUM MERKEZ -1;GRİPORT COLD;Griport Cold 20 Film Kaplı Tablet;30;15;45;2.525;
2.06.2026;SELÇUK ECZA DEPOSU;SELÇUK TRABZON;8,68E+12;NİSANUR ECZANESİ;GIRESUN MERKEZ -2;GRİPORT COLD;Griport Cold 20 Film Kaplı Tablet;30;15;45;2.525;
11.06.2026;ALLIANCE HEALTHCARE;AH ORDU;8,68E+12;DOMAÇ ECZANESİ;GIRESUN DOGU ILCELER -1;MOKSEFEN;Moksefen 400 mg 7 Film Tablet;30;15;45;4.470;
18.06.2026;ALLIANCE HEALTHCARE;AH TRABZON;8,68E+12;DEVA ECZANESİ;GUMUSHANE;MOKSEFEN;Moksefen 400 mg 7 Film Tablet;30;15;45;4.470;
29.06.2026;ALLIANCE HEALTHCARE;AH TRABZON;8,68E+12;SEVGİ ECZANESİ;RIZE MERKEZ;MOKSEFEN;Moksefen 400 mg 7 Film Tablet;30;15;45;4.470;
12.06.2026;SELÇUK ECZA DEPOSU;SELÇUK TRABZON;8,68E+12;YALI ECZANESİ;RIZE MERKEZ;MOKSEFEN;Moksefen 400 mg 7 Film Tablet;30;15;45;4.470;
12.06.2026;SELÇUK ECZA DEPOSU;SELÇUK SAMSUN;8,68E+12;ESRA ECZANESİ;SINOP GUNEY ILCELER;MOKSEFEN;Moksefen 400 mg 7 Film Tablet;30;15;45;4.470;
26.06.2026;ALLIANCE HEALTHCARE;AH SAMSUN;8,68E+12;SANDIKÇI ECZANESİ;SAMSUN BAFRA;MOKSEFEN;Moksefen 400 mg 7 Film Tablet;30;15;45;4.470;
11.06.2026;SELÇUK ECZA DEPOSU;SELÇUK ERZURUM;8,68E+12;İREM ECZANESİ;KARS MERKEZ;MOKSEFEN;Moksefen 400 mg 7 Film Tablet;30;15;45;4.470;
2.06.2026;NEVZAT ECZA DEPOSU;NEVZAT ERZURUM;8,68E+12;ŞÜKRAN ECZANESİ;AGRI MERKEZ;PANOCER;Panocer 40 mg 28 Enterik Kaplı Tablet;30;12;42;3.159;
2.06.2026;SELÇUK ECZA DEPOSU;SELÇUK ERZURUM;8,68E+12;EMEK ECZANESİ;AGRI ILCELER;PANOCER;Panocer 40 mg 28 Enterik Kaplı Tablet;30;12;42;3.159;
12.06.2026;SELÇUK ECZA DEPOSU;SELÇUK ERZURUM;8,68E+12;NEFES ECZANESİ;AGRI DIYADIN+D.BEYAZIT;PANOCER;Panocer 40 mg 28 Enterik Kaplı Tablet;30;12;42;3.159;
22.06.2026;ALLIANCE HEALTHCARE;AH SAMSUN;8,68E+12;SAĞLIK ECZANESİ;AMASYA MERZIFON;PANOCER;Panocer 40 mg 28 Enterik Kaplı Tablet;30;12;42;3.159;
3.06.2026;ALLIANCE HEALTHCARE;AH SAMSUN;8,68E+12;FATİH ECZANESİ;AMASYA MERKEZ -2;PANOCER;Panocer 40 mg 28 Enterik Kaplı Tablet;30;12;42;3.159;
11.06.2026;SELÇUK ECZA DEPOSU;SELÇUK SAMSUN;8,68E+12;BERRİN ECZANESİ;AMASYA MERZIFON;PANOCER;Panocer 40 mg 28 Enterik Kaplı Tablet;30;12;42;3.159;
29.06.2026;SELÇUK ECZA DEPOSU;SELÇUK SAMSUN;8,68E+12;BOZDOĞAN ECZANESİ;CORUM MERKEZ -3;PANOCER;Panocer 40 mg 28 Enterik Kaplı Tablet;30;12;42;3.159;
1.06.2026;ALLIANCE HEALTHCARE;AH SAMSUN;8,68E+12;ÇAĞLI ECZANESİ;CORUM MERKEZ -1;PANOCER;Panocer 40 mg 28 Enterik Kaplı Tablet;30;12;42;3.159;
22.06.2026;ALLIANCE HEALTHCARE;AH SAMSUN;8,68E+12;BARIŞ ECZANESİ;CORUM KUZEY ILCELER;PANOCER;Panocer 40 mg 28 Enterik Kaplı Tablet;30;12;42;3.159;
19.06.2026;ALLIANCE HEALTHCARE;AH SAMSUN;8,68E+12;HİCRET ECZANESİ;CORUM GUNEYDOGU ILCELER;PANOCER;Panocer 40 mg 28 Enterik Kaplı Tablet;30;12;42;3.159;
11.06.2026;ALLIANCE HEALTHCARE;AH SAMSUN;8,68E+12;ESRA ECZANESİ;CORUM KARGI+OSMANCIK;PANOCER;Panocer 40 mg 28 Enterik Kaplı Tablet;30;12;42;3.159;
1.06.2026;ALLIANCE HEALTHCARE;AH SAMSUN;8,68E+12;DERMAN ECZANESİ;CORUM MERKEZ -1;PANOCER;Panocer 40 mg 28 Enterik Kaplı Tablet;30;12;42;3.159;
23.06.2026;ALLIANCE HEALTHCARE;AH SAMSUN;8,68E+12;BOĞAZKALE ECZANESİ;CORUM GUNEYBATI ILCELER;PANOCER;Panocer 40 mg 28 Enterik Kaplı Tablet;30;12;42;3.159;
18.06.2026;NEVZAT ECZA DEPOSU;NEVZAT SAMSUN;8,68E+12;BÜLBÜLOĞLU ECZANESİ;CORUM MERKEZ -2;PANOCER;Panocer 40 mg 28 Enterik Kaplı Tablet;30;12;42;3.159;
30.06.2026;NEVZAT ECZA DEPOSU;NEVZAT SAMSUN;8,68E+12;MERKEZ ECZANESİ;CORUM KARGI+OSMANCIK;PANOCER;Panocer 40 mg 28 Enterik Kaplı Tablet;30;12;42;3.159;
15.06.2026;SELÇUK ECZA DEPOSU;SELÇUK SAMSUN;8,68E+12;ÖNAL ECZANESİ;CORUM MERKEZ -2;PANOCER;Panocer 40 mg 28 Enterik Kaplı Tablet;30;12;42;3.159;
4.06.2026;ALLIANCE HEALTHCARE;AH SAMSUN;8,68E+12;ŞAHİN ECZANESİ;CORUM MERKEZ -3;PANOCER;Panocer 40 mg 28 Enterik Kaplı Tablet;30;12;42;3.159;
6.06.2026;ALLIANCE HEALTHCARE;AH SAMSUN;8,68E+12;HEKİMOĞLU ECZANESİ;CORUM GUNEYBATI ILCELER;PANOCER;Panocer 40 mg 28 Enterik Kaplı Tablet;30;12;42;3.159;
22.06.2026;ALLIANCE HEALTHCARE;AH SAMSUN;8,68E+12;SAĞLIK ECZANESİ;CORUM MERKEZ -2;PANOCER;Panocer 40 mg 28 Enterik Kaplı Tablet;30;12;42;3.159;
1.06.2026;ALLIANCE HEALTHCARE;AH SAMSUN;8,68E+12;SAĞLIK ECZANESİ;CORUM MERKEZ -2;PANOCER;Panocer 40 mg 28 Enterik Kaplı Tablet;30;12;42;3.159;
26.06.2026;SELÇUK ECZA DEPOSU;SELÇUK ERZURUM;8,68E+12;KEMALİYE ŞİFA ECZANESİ;ERZINCAN ILCELER;PANOCER;Panocer 40 mg 28 Enterik Kaplı Tablet;30;12;42;3.159;
2.06.2026;SELÇUK ECZA DEPOSU;SELÇUK ERZURUM;8,68E+12;GAZİ ECZANESİ;ERZINCAN MERKEZ;PANOCER;Panocer 40 mg 28 Enterik Kaplı Tablet;30;12;42;3.159;
23.06.2026;SELÇUK ECZA DEPOSU;SELÇUK ERZURUM;8,68E+12;MERKEZ RESULOĞULLARI ECZANESİ;ERZURUM GUNEY ILCELER;PANOCER;Panocer 40 mg 28 Enterik Kaplı Tablet;30;12;42;3.159;
9.06.2026;NEVZAT ECZA DEPOSU;NEVZAT ERZURUM;8,68E+12;GÜL ECZANESİ;ERZINCAN MERKEZ;PANOCER;Panocer 40 mg 28 Enterik Kaplı Tablet;30;12;42;3.159;
2.06.2026;SELÇUK ECZA DEPOSU;SELÇUK ERZURUM;8,68E+12;ÇİÇEK ECZANESİ;ERZINCAN MERKEZ;PANOCER;Panocer 40 mg 28 Enterik Kaplı Tablet;30;12;42;3.159;
22.06.2026;SELÇUK ECZA DEPOSU;SELÇUK ERZURUM;8,68E+12;YENİ BÖLGE ECZANESİ;ERZURUM MERKEZ -3;PANOCER;Panocer 40 mg 28 Enterik Kaplı Tablet;30;12;42;3.159;
12.06.2026;SELÇUK ECZA DEPOSU;SELÇUK ERZURUM;8,68E+12;YENİ BÖLGE ECZANESİ;ERZURUM MERKEZ -3;PANOCER;Panocer 40 mg 28 Enterik Kaplı Tablet;30;12;42;3.159;
10.06.2026;SELÇUK ECZA DEPOSU;SELÇUK SAMSUN;8,68E+12;VARİNLİ ECZANESİ;CORUM MERKEZ -1;PANOCER;Panocer 40 mg 28 Enterik Kaplı Tablet;30;12;42;3.159;
3.06.2026;SELÇUK ECZA DEPOSU;SELÇUK TRABZON;8,68E+12;KÜRTÜN SİMGE ECZANESİ;GUMUSHANE;PANOCER;Panocer 40 mg 28 Enterik Kaplı Tablet;30;12;42;3.159;
30.06.2026;ALLIANCE HEALTHCARE;AH TRABZON;8,68E+12;ÖZTÜRK ECZANESİ;GUMUSHANE;PANOCER;Panocer 40 mg 28 Enterik Kaplı Tablet;30;12;42;3.159;
8.06.2026;ALLIANCE HEALTHCARE;AH TRABZON;8,68E+12;ÖZTÜRK ECZANESİ;GUMUSHANE;PANOCER;Panocer 40 mg 28 Enterik Kaplı Tablet;30;12;42;3.159;
1.06.2026;ALLIANCE HEALTHCARE;AH TRABZON;8,68E+12;GİRİFTİNOĞLU ECZANESİ;GUMUSHANE;PANOCER;Panocer 40 mg 28 Enterik Kaplı Tablet;30;12;42;3.159;
15.06.2026;ALLIANCE HEALTHCARE;AH TRABZON;8,68E+12;GİRİFTİNOĞLU ECZANESİ;GUMUSHANE;PANOCER;Panocer 40 mg 28 Enterik Kaplı Tablet;30;12;42;3.159;
11.06.2026;ALLIANCE HEALTHCARE;AH TRABZON;8,68E+12;HAYAT ECZANESİ;GUMUSHANE;PANOCER;Panocer 40 mg 28 Enterik Kaplı Tablet;30;12;42;3.159;
3.06.2026;SELÇUK ECZA DEPOSU;SELÇUK TRABZON;8,68E+12;YÜCE ECZANESİ;GUMUSHANE;PANOCER;Panocer 40 mg 28 Enterik Kaplı Tablet;30;12;42;3.159;
22.06.2026;ALLIANCE HEALTHCARE;AH ORDU;8,68E+12;DERMAN ECZANESİ;GIRESUN DOGU ILCELER -2;PANOCER;Panocer 40 mg 28 Enterik Kaplı Tablet;30;12;42;3.159;
11.06.2026;ALLIANCE HEALTHCARE;AH ORDU;8,68E+12;BOZTEKKE ECZANESİ;GIRESUN MERKEZ -2;PANOCER;Panocer 40 mg 28 Enterik Kaplı Tablet;30;12;42;3.159;
24.06.2026;ALLIANCE HEALTHCARE;AH ORDU;8,68E+12;ZAFER ECZANESİ;GIRESUN BULANCAK+PIRAZIZ;PANOCER;Panocer 40 mg 28 Enterik Kaplı Tablet;30;12;42;3.159;
9.06.2026;ALLIANCE HEALTHCARE;AH ORDU;8,68E+12;MÜGE ECZANESİ;GIRESUN BULANCAK+PIRAZIZ;PANOCER;Panocer 40 mg 28 Enterik Kaplı Tablet;30;12;42;3.159;
16.06.2026;NEVZAT ECZA DEPOSU;NEVZAT ERZURUM;8,68E+12;ARAS ECZANESİ;KARS ILCELER;PANOCER;Panocer 40 mg 28 Enterik Kaplı Tablet;30;12;42;3.159;
4.06.2026;ALLIANCE HEALTHCARE;AH ORDU;8,68E+12;ŞİFA ECZANESİ;ORDU MERKEZ -3;PANOCER;Panocer 40 mg 28 Enterik Kaplı Tablet;30;12;42;3.159;
1.06.2026;NEVZAT ECZA DEPOSU;NEVZAT TRABZON;8,68E+12;SENA ECZANESİ;ORDU FATSA;PANOCER;Panocer 40 mg 28 Enterik Kaplı Tablet;30;12;42;3.159;
9.06.2026;ALLIANCE HEALTHCARE;AH ORDU;8,68E+12;EZGİ ECZANESİ;ORDU MERKEZ -3;PANOCER;Panocer 40 mg 28 Enterik Kaplı Tablet;30;12;42;3.159;
6.06.2026;ALLIANCE HEALTHCARE;AH ORDU;8,68E+12;MERKEZ ECZANESİ;ORDU MERKEZ -1;PANOCER;Panocer 40 mg 28 Enterik Kaplı Tablet;30;12;42;3.159;
18.06.2026;NEVZAT ECZA DEPOSU;NEVZAT TRABZON;8,68E+12;KANAAT ECZANESİ;ORDU FATSA;PANOCER;Panocer 40 mg 28 Enterik Kaplı Tablet;30;12;42;3.159;
4.06.2026;ALLIANCE HEALTHCARE;AH ORDU;8,68E+12;YILMAZ ECZANESİ;ORDU UNYE;PANOCER;Panocer 40 mg 28 Enterik Kaplı Tablet;30;12;42;3.159;
23.06.2026;SELÇUK ECZA DEPOSU;SELÇUK SAMSUN;8,68E+12;KARDELEN ECZANESİ;ORDU FATSA;PANOCER;Panocer 40 mg 28 Enterik Kaplı Tablet;30;12;42;3.159;
15.06.2026;SELÇUK ECZA DEPOSU;SELÇUK SAMSUN;8,68E+12;TİYALOĞLU ECZANESİ;ORDU UNYE;PANOCER;Panocer 40 mg 28 Enterik Kaplı Tablet;30;12;42;3.159;
25.06.2026;NEVZAT ECZA DEPOSU;NEVZAT TRABZON;8,68E+12;ÜMİT ECZANESİ;ORDU GUNEY ILCELER -1;PANOCER;Panocer 40 mg 28 Enterik Kaplı Tablet;30;12;42;3.159;
10.06.2026;ALLIANCE HEALTHCARE;AH ORDU;8,68E+12;ÖZTEKİN ECZANESİ;ORDU DOGU ILCELER;PANOCER;Panocer 40 mg 28 Enterik Kaplı Tablet;30;12;42;3.159;
4.06.2026;ALLIANCE HEALTHCARE;AH ORDU;8,68E+12;ORHAN ECZANESİ;ORDU FATSA;PANOCER;Panocer 40 mg 28 Enterik Kaplı Tablet;30;12;42;3.159;
10.06.2026;SELÇUK ECZA DEPOSU;SELÇUK SAMSUN;8,68E+12;İLKÜVEZ ECZANESİ;ORDU BATI ILCELER;PANOCER;Panocer 40 mg 28 Enterik Kaplı Tablet;30;12;42;3.159;
7.06.2026;SELÇUK ECZA DEPOSU;SELÇUK SAMSUN;8,68E+12;SOYSAL ECZANESİ;ORDU UNYE;PANOCER;Panocer 40 mg 28 Enterik Kaplı Tablet;30;12;42;3.159;
5.06.2026;SELÇUK ECZA DEPOSU;SELÇUK SAMSUN;8,68E+12;SOYSAL ECZANESİ;ORDU UNYE;PANOCER;Panocer 40 mg 28 Enterik Kaplı Tablet;30;12;42;3.159;
1.06.2026;ALLIANCE HEALTHCARE;AH ORDU;8,68E+12;ÖZBEK ECZANESİ;ORDU DOGU ILCELER;PANOCER;Panocer 40 mg 28 Enterik Kaplı Tablet;30;12;42;3.159;
24.06.2026;SELÇUK ECZA DEPOSU;SELÇUK SAMSUN;8,68E+12;ANADOLU ECZANESİ;ORDU BATI ILCELER;PANOCER;Panocer 40 mg 28 Enterik Kaplı Tablet;30;12;42;3.159;
8.06.2026;ALLIANCE HEALTHCARE;AH ORDU;8,68E+12;DOKUZ EYLÜL ECZANESİ;ORDU UNYE;PANOCER;Panocer 40 mg 28 Enterik Kaplı Tablet;30;12;42;3.159;
24.06.2026;SELÇUK ECZA DEPOSU;SELÇUK SAMSUN;8,68E+12;GÜLYALI ECZANESİ;ORDU DOGU ILCELER;PANOCER;Panocer 40 mg 28 Enterik Kaplı Tablet;30;12;42;3.159;
1.06.2026;SELÇUK ECZA DEPOSU;SELÇUK TRABZON;8,68E+12;ÇAKIROĞLU ECZANESİ;RIZE MERKEZ;PANOCER;Panocer 40 mg 28 Enterik Kaplı Tablet;30;12;42;3.159;
4.06.2026;SELÇUK ECZA DEPOSU;SELÇUK TRABZON;8,68E+12;KARADENİZ ECZANESİ;RIZE MERKEZ;PANOCER;Panocer 40 mg 28 Enterik Kaplı Tablet;30;12;42;3.159;
19.06.2026;SELÇUK ECZA DEPOSU;SELÇUK TRABZON;8,68E+12;FAKÜLTE ECZANESİ;RIZE MERKEZ;PANOCER;Panocer 40 mg 28 Enterik Kaplı Tablet;30;12;42;3.159;
12.06.2026;SELÇUK ECZA DEPOSU;SELÇUK TRABZON;8,68E+12;ÇAMLIHEMŞİN ECZANESİ;RIZE BATI ILCELER;PANOCER;Panocer 40 mg 28 Enterik Kaplı Tablet;30;12;42;3.159;
12.06.2026;SELÇUK ECZA DEPOSU;SELÇUK TRABZON;8,68E+12;GÜNDOĞDU ECZANESİ;RIZE MERKEZ;PANOCER;Panocer 40 mg 28 Enterik Kaplı Tablet;30;12;42;3.159;
11.06.2026;SELÇUK ECZA DEPOSU;SELÇUK TRABZON;8,68E+12;MERKEZ ECZANESİ;RIZE BATI ILCELER;PANOCER;Panocer 40 mg 28 Enterik Kaplı Tablet;30;12;42;3.159;
23.06.2026;SELÇUK ECZA DEPOSU;SELÇUK TRABZON;8,68E+12;KÜÇÜKVAR ECZANESİ;RIZE MERKEZ;PANOCER;Panocer 40 mg 28 Enterik Kaplı Tablet;30;12;42;3.159;
2.06.2026;SELÇUK ECZA DEPOSU;SELÇUK SAMSUN;8,68E+12;ÇINAR ECZANESİ;SAMSUN BAFRA;PANOCER;Panocer 40 mg 28 Enterik Kaplı Tablet;30;12;42;3.159;
3.06.2026;SELÇUK ECZA DEPOSU;SELÇUK SAMSUN;8,68E+12;DENİZ ECZANESİ;SAMSUN BAFRA;PANOCER;Panocer 40 mg 28 Enterik Kaplı Tablet;30;12;42;3.159;
2.06.2026;ALLIANCE HEALTHCARE;AH SAMSUN;8,68E+12;BEŞYOL ECZANESİ;SAMSUN BAFRA;PANOCER;Panocer 40 mg 28 Enterik Kaplı Tablet;30;12;42;3.159;
19.06.2026;NEVZAT ECZA DEPOSU;NEVZAT SAMSUN;8,68E+12;ALTINKAYA ECZANESİ;SAMSUN BAFRA;PANOCER;Panocer 40 mg 28 Enterik Kaplı Tablet;30;12;42;3.159;
18.06.2026;SELÇUK ECZA DEPOSU;SELÇUK SAMSUN;8,68E+12;MERKEZ ECZANESİ;SAMSUN HAVZA+KAVAK+LADIK;PANOCER;Panocer 40 mg 28 Enterik Kaplı Tablet;30;12;42;3.159;
10.06.2026;SELÇUK ECZA DEPOSU;SELÇUK SAMSUN;8,68E+12;ALAÇAM ECZANESİ;SAMSUN ALACAM+YAKAKENT;PANOCER;Panocer 40 mg 28 Enterik Kaplı Tablet;30;12;42;3.159;
12.06.2026;SELÇUK ECZA DEPOSU;SELÇUK SAMSUN;8,68E+12;SAĞLIK ECZANESİ;SAMSUN BAFRA;PANOCER;Panocer 40 mg 28 Enterik Kaplı Tablet;30;12;42;3.159;
18.06.2026;SELÇUK ECZA DEPOSU;SELÇUK SAMSUN;8,68E+12;UGUR ECZANESİ;SAMSUN BAFRA;PANOCER;Panocer 40 mg 28 Enterik Kaplı Tablet;30;12;42;3.159;
1.06.2026;ALLIANCE HEALTHCARE;AH SAMSUN;8,68E+12;BARAN ECZANESİ;SAMSUN VEZIRKOPRU;PANOCER;Panocer 40 mg 28 Enterik Kaplı Tablet;30;12;42;3.159;
26.06.2026;ALLIANCE HEALTHCARE;AH SAMSUN;8,68E+12;YEŞİLIRMAK ECZANESİ;SAMSUN DOGU ILCELER - 2;PANOCER;Panocer 40 mg 28 Enterik Kaplı Tablet;30;12;42;3.159;
16.06.2026;NEVZAT ECZA DEPOSU;NEVZAT SAMSUN;8,68E+12;ÇAĞDAŞ ECZANESİ;SAMSUN DOGU ILCELER - 2;PANOCER;Panocer 40 mg 28 Enterik Kaplı Tablet;30;12;42;3.159;
18.06.2026;ALLIANCE HEALTHCARE;AH SAMSUN;8,68E+12;SEDA ECZANESİ;SAMSUN HAVZA+KAVAK+LADIK;PANOCER;Panocer 40 mg 28 Enterik Kaplı Tablet;30;12;42;3.159;
29.06.2026;ALLIANCE HEALTHCARE;AH SAMSUN;8,68E+12;YENİ ECZANESİ;SAMSUN VEZIRKOPRU;PANOCER;Panocer 40 mg 28 Enterik Kaplı Tablet;30;12;42;3.159;
24.06.2026;ALLIANCE HEALTHCARE;AH SAMSUN;8,68E+12;GAMZE ECZANESİ;SAMSUN ALACAM+YAKAKENT;PANOCER;Panocer 40 mg 28 Enterik Kaplı Tablet;30;12;42;3.159;
17.06.2026;SELÇUK ECZA DEPOSU;SELÇUK SAMSUN;8,68E+12;ANADOLU ECZANESİ;SIVAS GUNEY ILCELER;PANOCER;Panocer 40 mg 28 Enterik Kaplı Tablet;30;12;42;3.159;
15.06.2026;SELÇUK ECZA DEPOSU;SELÇUK SAMSUN;8,68E+12;SUBAŞILAR ECZANESİ;SIVAS BATI ILCELER;PANOCER;Panocer 40 mg 28 Enterik Kaplı Tablet;30;12;42;3.159;
2.06.2026;ALLIANCE HEALTHCARE;AH SAMSUN;8,68E+12;YILMAZ ECZANESİ;SAMSUN ALACAM+YAKAKENT;PANOCER;Panocer 40 mg 28 Enterik Kaplı Tablet;30;12;42;3.159;
2.06.2026;ALLIANCE HEALTHCARE;AH SAMSUN;8,68E+12;ÇEVRE ECZANESİ;SAMSUN HURRIYET+ZAFER;PANOCER;Panocer 40 mg 28 Enterik Kaplı Tablet;30;12;42;3.159;
1.06.2026;ALLIANCE HEALTHCARE;AH SAMSUN;8,68E+12;BANKALAR ECZANESİ;SAMSUN RASATHANE;PANOCER;Panocer 40 mg 28 Enterik Kaplı Tablet;30;12;42;3.159;
16.06.2026;NEVZAT ECZA DEPOSU;NEVZAT SAMSUN;8,68E+12;ONUR ECZANESİ;SAMSUN HAVZA+KAVAK+LADIK;PANOCER;Panocer 40 mg 28 Enterik Kaplı Tablet;30;12;42;3.159;
10.06.2026;ALLIANCE HEALTHCARE;AH SAMSUN;8,68E+12;DEMİR ECZANESİ;SINOP MERKEZ;PANOCER;Panocer 40 mg 28 Enterik Kaplı Tablet;30;12;42;3.159;
8.06.2026;SELÇUK ECZA DEPOSU;SELÇUK SAMSUN;8,68E+12;EKİN ECZANESİ;SINOP DOGU-BATI ILCELER;PANOCER;Panocer 40 mg 28 Enterik Kaplı Tablet;30;12;42;3.159;
4.06.2026;SELÇUK ECZA DEPOSU;SELÇUK SAMSUN;8,68E+12;BAYGÜNEŞ ECZANESİ;SIVAS MERKEZ -4;PANOCER;Panocer 40 mg 28 Enterik Kaplı Tablet;30;12;42;3.159;
10.06.2026;ALLIANCE HEALTHCARE;AH SAMSUN;8,68E+12;GÜVEN ECZANESİ;SINOP DOGU-BATI ILCELER;PANOCER;Panocer 40 mg 28 Enterik Kaplı Tablet;30;12;42;3.159;
23.06.2026;SELÇUK ECZA DEPOSU;SELÇUK SAMSUN;8,68E+12;ŞİMŞEK ECZANESİ;SINOP MERKEZ;PANOCER;Panocer 40 mg 28 Enterik Kaplı Tablet;30;12;42;3.159;
9.06.2026;SELÇUK ECZA DEPOSU;SELÇUK SAMSUN;8,68E+12;ANIL ECZANESİ;SIVAS MERKEZ -2;PANOCER;Panocer 40 mg 28 Enterik Kaplı Tablet;30;12;42;3.159;
9.06.2026;SELÇUK ECZA DEPOSU;SELÇUK SAMSUN;8,68E+12;TOLGA ECZANESİ;SIVAS MERKEZ -2;PANOCER;Panocer 40 mg 28 Enterik Kaplı Tablet;30;12;42;3.159;
22.06.2026;NEVZAT ECZA DEPOSU;NEVZAT SAMSUN;8,68E+12;YENİŞEHİR ECZANESİ;SIVAS MERKEZ -4;PANOCER;Panocer 40 mg 28 Enterik Kaplı Tablet;30;12;42;3.159;
29.06.2026;NEVZAT ECZA DEPOSU;NEVZAT SAMSUN;8,68E+12;EREN ECZANESİ;SIVAS MERKEZ -1;PANOCER;Panocer 40 mg 28 Enterik Kaplı Tablet;30;12;42;3.159;
19.06.2026;SELÇUK ECZA DEPOSU;SELÇUK SAMSUN;8,68E+12;MEHMETOĞLU ECZANESİ;TOKAT DOGU ILCELER;PANOCER;Panocer 40 mg 28 Enterik Kaplı Tablet;30;12;42;3.159;
4.06.2026;ALLIANCE HEALTHCARE;AH SAMSUN;8,68E+12;GÖKDERE ECZANESİ;TOKAT MERKEZ -1;PANOCER;Panocer 40 mg 28 Enterik Kaplı Tablet;30;12;42;3.159;
25.06.2026;SELÇUK ECZA DEPOSU;SELÇUK TRABZON;8,68E+12;SERRA NUR ECZANESİ;TRABZON MERKEZ -1;PANOCER;Panocer 40 mg 28 Enterik Kaplı Tablet;30;12;42;3.159;
25.06.2026;ALLIANCE HEALTHCARE;AH SAMSUN;8,68E+12;FIRAT ECZANESİ;TOKAT BATI ILCELER;PANOCER;Panocer 40 mg 28 Enterik Kaplı Tablet;30;12;42;3.159;
16.06.2026;ALLIANCE HEALTHCARE;AH SAMSUN;8,68E+12;HIZIR ECZANESİ;TOKAT TURHAL;PANOCER;Panocer 40 mg 28 Enterik Kaplı Tablet;30;12;42;3.159;
30.06.2026;ALLIANCE HEALTHCARE;AH SAMSUN;8,68E+12;GÖKHAN ECZANESİ;TOKAT DOGU ILCELER;PANOCER;Panocer 40 mg 28 Enterik Kaplı Tablet;30;12;42;3.159;
4.06.2026;ALLIANCE HEALTHCARE;AH SAMSUN;8,68E+12;GÖKHAN ECZANESİ;TOKAT DOGU ILCELER;PANOCER;Panocer 40 mg 28 Enterik Kaplı Tablet;30;12;42;3.159;
20.06.2026;ALLIANCE HEALTHCARE;AH SAMSUN;8,68E+12;EREK ECZANESİ;TOKAT ERBAA;PANOCER;Panocer 40 mg 28 Enterik Kaplı Tablet;30;12;42;3.159;
16.06.2026;NEVZAT ECZA DEPOSU;NEVZAT SAMSUN;8,68E+12;FAZİLET ECZANESİ;TOKAT TURHAL;PANOCER;Panocer 40 mg 28 Enterik Kaplı Tablet;30;12;42;3.159;
8.06.2026;SELÇUK ECZA DEPOSU;SELÇUK SAMSUN;8,68E+12;YALÇIN ECZANESİ;TOKAT DOGU ILCELER;PANOCER;Panocer 40 mg 28 Enterik Kaplı Tablet;30;12;42;3.159;
1.06.2026;ALLIANCE HEALTHCARE;AH SAMSUN;8,68E+12;DENİZ ECZANESİ;TOKAT TURHAL;PANOCER;Panocer 40 mg 28 Enterik Kaplı Tablet;30;12;42;3.159;
8.06.2026;SELÇUK ECZA DEPOSU;SELÇUK SAMSUN;8,68E+12;BAKLACI ECZANESİ;TOKAT TURHAL;PANOCER;Panocer 40 mg 28 Enterik Kaplı Tablet;30;12;42;3.159;
29.06.2026;NEVZAT ECZA DEPOSU;NEVZAT TRABZON;8,68E+12;ZEKİ ECZANESİ;TRABZON BATI ILCELER - 2;PANOCER;Panocer 40 mg 28 Enterik Kaplı Tablet;30;12;42;3.159;
4.06.2026;NEVZAT ECZA DEPOSU;NEVZAT TRABZON;8,68E+12;OKAN ECZANESİ;TRABZON BATI ILCELER - 2;PANOCER;Panocer 40 mg 28 Enterik Kaplı Tablet;30;12;42;3.159;
1.06.2026;SELÇUK ECZA DEPOSU;SELÇUK TRABZON;8,68E+12;HALK ECZANESİ;TRABZON DOGU ILCELER -1;PANOCER;Panocer 40 mg 28 Enterik Kaplı Tablet;30;12;42;3.159;
19.06.2026;SELÇUK ECZA DEPOSU;SELÇUK TRABZON;8,68E+12;ENİS ECZANESİ;TRABZON MERKEZ -1;PANOCER;Panocer 40 mg 28 Enterik Kaplı Tablet;30;12;42;3.159;
24.06.2026;ALLIANCE HEALTHCARE;AH TRABZON;8,68E+12;RIZA ECZANESİ;TRABZON DOGU ILCELER -1;PANOCER;Panocer 40 mg 28 Enterik Kaplı Tablet;30;12;42;3.159;
2.06.2026;NEVZAT ECZA DEPOSU;NEVZAT TRABZON;8,68E+12;BAŞKAN ECZANESİ;TRABZON BATI ILCELER - 2;PANOCER;Panocer 40 mg 28 Enterik Kaplı Tablet;30;12;42;3.159;
1.06.2026;ALLIANCE HEALTHCARE;AH TRABZON;8,68E+12;RIZA ECZANESİ;TRABZON DOGU ILCELER -1;PANOCER;Panocer 40 mg 28 Enterik Kaplı Tablet;30;12;42;3.159;
29.06.2026;SELÇUK ECZA DEPOSU;SELÇUK TRABZON;8,68E+12;MERKEZ ECZANESİ;TRABZON DUZKOY+MACKA;PANOCER;Panocer 40 mg 28 Enterik Kaplı Tablet;30;12;42;3.159;
25.06.2026;NEVZAT ECZA DEPOSU;NEVZAT SAMSUN;8,68E+12;HAYAT ECZANESİ;AMASYA ILCELER;PANOCER;Panocer 40 mg 28 Enterik Kaplı Tablet;30;12;42;3.159;
13.06.2026;ALLIANCE HEALTHCARE;AH SAMSUN;8,68E+12;UYSAL ECZANESİ;CORUM MERKEZ -3;PANOCER;Panocer 40 mg 28 Enterik Kaplı Tablet;30;12;42;3.159;
16.06.2026;NEVZAT ECZA DEPOSU;NEVZAT SAMSUN;8,68E+12;YÜKSEL ECZANESİ;CORUM KUZEY ILCELER;PANOCER;Panocer 40 mg 28 Enterik Kaplı Tablet;30;12;42;3.159;
26.06.2026;SELÇUK ECZA DEPOSU;SELÇUK SAMSUN;8,68E+12;ECEM ECZANESİ;CORUM GUNEYBATI ILCELER;PANOCER;Panocer 40 mg 28 Enterik Kaplı Tablet;30;12;42;3.159;
22.06.2026;ALLIANCE HEALTHCARE;AH SAMSUN;8,68E+12;İNAL ECZANESİ;CORUM GUNEYDOGU ILCELER;PANOCER;Panocer 40 mg 28 Enterik Kaplı Tablet;30;12;42;3.159;
30.06.2026;SELÇUK ECZA DEPOSU;SELÇUK SAMSUN;8,68E+12;MERT ECZANESİ;SIVAS BATI ILCELER;PANOCER;Panocer 40 mg 28 Enterik Kaplı Tablet;30;12;42;3.159;
10.06.2026;ALLIANCE HEALTHCARE;AH ORDU;8,68E+12;UZMAN ECZANESİ;ORDU BATI ILCELER;PANOCER;Panocer 40 mg 28 Enterik Kaplı Tablet;30;12;42;3.159;
10.06.2026;ALLIANCE HEALTHCARE;AH SAMSUN;8,68E+12;HAYAT ECZANESİ;SAMSUN BAFRA;PANOCER;Panocer 40 mg 28 Enterik Kaplı Tablet;30;12;42;3.159;
1.06.2026;NEVZAT ECZA DEPOSU;NEVZAT SAMSUN;8,68E+12;CANDEMİR ECZANESİ;TOKAT BATI ILCELER;PANOCER;Panocer 40 mg 28 Enterik Kaplı Tablet;30;12;42;3.159;
1.06.2026;ALLIANCE HEALTHCARE;AH TRABZON;8,68E+12;GÜL ECZANESİ;TRABZON AKCAABAT;PANOCER;Panocer 40 mg 28 Enterik Kaplı Tablet;30;12;42;3.159;
5.06.2026;NEVZAT ECZA DEPOSU;NEVZAT TRABZON;8,68E+12;DURU ECZANESİ;TRABZON MERKEZ -1;PANOCER;Panocer 40 mg 28 Enterik Kaplı Tablet;30;12;42;3.159;
11.06.2026;NEVZAT ECZA DEPOSU;NEVZAT ERZURUM;8,68E+12;KARAHAN ECZANESİ;ERZURUM KUZEY ILCELER;PANOCER;Panocer 40 mg 28 Enterik Kaplı Tablet;30;12;42;3.159;
1.06.2026;SELÇUK ECZA DEPOSU;SELÇUK TRABZON;8,68E+12;SÖĞÜTLÜ ECZANESİ;TRABZON AKCAABAT;PANOCER;Panocer 40 mg 28 Enterik Kaplı Tablet;30;12;42;3.159;
7.06.2026;SELÇUK ECZA DEPOSU;SELÇUK SAMSUN;8,68E+12;ÖZKAN ECZANESİ;CORUM GUNEYDOGU ILCELER;PANOCER;Panocer 40 mg 28 Enterik Kaplı Tablet;30;12;42;3.159;
9.06.2026;SELÇUK ECZA DEPOSU;SELÇUK SAMSUN;8,68E+12;MİMAR SİNAN ECZANESİ;SAMSUN ATAKUM;PANOCER;Panocer 40 mg 28 Enterik Kaplı Tablet;30;12;42;3.159;
2.06.2026;SELÇUK ECZA DEPOSU;SELÇUK TRABZON;8,68E+12;DEVA ECZANESİ;GIRESUN DOGU ILCELER -2;PANOCER;Panocer 40 mg 28 Enterik Kaplı Tablet;30;12;42;3.159;
11.06.2026;SELÇUK ECZA DEPOSU;SELÇUK TRABZON;8,68E+12;BÜŞRA ECZANESİ;GIRESUN DOGU ILCELER -1;PANOCER;Panocer 40 mg 28 Enterik Kaplı Tablet;30;12;42;3.159;
5.06.2026;ALLIANCE HEALTHCARE;AH ORDU;8,68E+12;ALTINORDU ECZANESİ;ORDU MERKEZ -1;PANOCER;Panocer 40 mg 28 Enterik Kaplı Tablet;30;12;42;3.159;
2.06.2026;ALLIANCE HEALTHCARE;AH ORDU;8,68E+12;FIRAT ECZANESİ;ORDU MERKEZ -3;PANOCER;Panocer 40 mg 28 Enterik Kaplı Tablet;30;12;42;3.159;
25.06.2026;SELÇUK ECZA DEPOSU;SELÇUK TRABZON;8,68E+12;GİZEM ECZANESİ;TRABZON MERKEZ -4;PANOCER;Panocer 40 mg 28 Enterik Kaplı Tablet;30;12;42;3.159;
3.06.2026;SELÇUK ECZA DEPOSU;SELÇUK SAMSUN;8,68E+12;SAĞLIK ECZANESİ ;SIVAS MERKEZ -4;PANOCER;Panocer 40 mg 28 Enterik Kaplı Tablet;30;12;42;3.159;
30.06.2026;ALLIANCE HEALTHCARE;AH SAMSUN;8,68E+12;MEYDAN ECZANESİ;TOKAT ERBAA;PANOCER;Panocer 40 mg 28 Enterik Kaplı Tablet;30;12;42;3.159;
23.06.2026;SELÇUK ECZA DEPOSU;SELÇUK SAMSUN;8,68E+12;TUĞRA ECZANESİ;SIVAS MERKEZ -4;PANOCER;Panocer 40 mg 28 Enterik Kaplı Tablet;30;12;42;3.159;
22.06.2026;SELÇUK ECZA DEPOSU;SELÇUK ERZURUM;8,68E+12;KONAK ECZANESİ;AGRI MERKEZ;PANOCER;Panocer 40 mg 28 Enterik Kaplı Tablet;30;12;42;3.159;
18.06.2026;SELÇUK ECZA DEPOSU;SELÇUK SAMSUN;8,68E+12;NİHAL ECZANESİ;SINOP MERKEZ;PANOCER;Panocer 40 mg 28 Enterik Kaplı Tablet;30;12;42;3.159;
11.06.2026;ALLIANCE HEALTHCARE;AH SAMSUN;8,68E+12;AYÇAM ECZANESİ;CORUM MERKEZ -3;PANOCER;Panocer 40 mg 28 Enterik Kaplı Tablet;30;12;42;3.159;
3.06.2026;NEVZAT ECZA DEPOSU;NEVZAT ERZURUM;8,68E+12;DÜNYA ECZANESİ;ERZINCAN MERKEZ;PANOCER;Panocer 40 mg 28 Enterik Kaplı Tablet;30;12;42;3.159;
22.06.2026;NEVZAT ECZA DEPOSU;NEVZAT ERZURUM;8,68E+12;ENBİYA ECZANESİ;KARS MERKEZ;PANOCER;Panocer 40 mg 28 Enterik Kaplı Tablet;30;12;42;3.159;
1.06.2026;NEVZAT ECZA DEPOSU;NEVZAT ERZURUM;8,68E+12;MERKEZ ECZANESİ;ERZURUM GUNEY ILCELER;PANOCER;Panocer 40 mg 28 Enterik Kaplı Tablet;30;12;42;3.159;
19.06.2026;SELÇUK ECZA DEPOSU;SELÇUK TRABZON;8,68E+12;KİBAROĞLU ECZANESİ;RIZE DOGU ILCELER;PANOCER;Panocer 40 mg 28 Enterik Kaplı Tablet;30;12;42;3.159;
3.06.2026;SELÇUK ECZA DEPOSU;SELÇUK SAMSUN;8,68E+12;TOPRAK ECZANESİ;SIVAS DOGU ILCELER;PANOCER;Panocer 40 mg 28 Enterik Kaplı Tablet;30;12;42;3.159;
2.06.2026;SELÇUK ECZA DEPOSU;SELÇUK TRABZON;8,68E+12;GÜLBAHAR ECZANESİ;RIZE MERKEZ;PANOCER;Panocer 40 mg 28 Enterik Kaplı Tablet;30;12;42;3.159;
21.06.2026;SELÇUK ECZA DEPOSU;SELÇUK SAMSUN;8,68E+12;ERGÜN ECZANESİ;SIVAS MERKEZ -4;PANOCER;Panocer 40 mg 28 Enterik Kaplı Tablet;30;12;42;3.159;
12.06.2026;SELÇUK ECZA DEPOSU;SELÇUK SAMSUN;8,68E+12;AYBÜKE ECZANESİ;SIVAS MERKEZ -4;PANOCER;Panocer 40 mg 28 Enterik Kaplı Tablet;30;12;42;3.159;
8.06.2026;SELÇUK ECZA DEPOSU;SELÇUK SAMSUN;8,68E+12;CANAN ECZANESİ;SAMSUN BAHCELIEVLER;PANOCER;Panocer 40 mg 28 Enterik Kaplı Tablet;30;12;42;3.159;
5.06.2026;SELÇUK ECZA DEPOSU;SELÇUK ERZURUM;8,68E+12;ŞİFA ECZANESİ;ERZURUM GUNEY ILCELER;PANOCER;Panocer 40 mg 28 Enterik Kaplı Tablet;30;12;42;3.159;
23.06.2026;ALLIANCE HEALTHCARE;AH ORDU;8,68E+12;AKKUŞ ECZANESİ;ORDU BATI ILCELER;PANOCER;Panocer 40 mg 28 Enterik Kaplı Tablet;30;12;42;3.159;
19.06.2026;ALLIANCE HEALTHCARE;AH SAMSUN;8,68E+12;YENİ HAVZA ECZANESİ;SAMSUN HAVZA+KAVAK+LADIK;PANOCER;Panocer 40 mg 28 Enterik Kaplı Tablet;30;12;42;3.159;
17.06.2026;NEVZAT ECZA DEPOSU;NEVZAT ERZURUM;8,68E+12;ÇAT ECZANESİ;ERZURUM GUNEY ILCELER;PANOCER;Panocer 40 mg 28 Enterik Kaplı Tablet;30;12;42;3.159;
16.06.2026;SELÇUK ECZA DEPOSU;SELÇUK SAMSUN;8,68E+12;ECZANE İLGİ;TOKAT DOGU ILCELER;PANOCER;Panocer 40 mg 28 Enterik Kaplı Tablet;30;12;42;3.159;
27.06.2026;NEVZAT ECZA DEPOSU;NEVZAT ERZURUM;8,68E+12;ZEHRA ECZANESİ;ERZINCAN MERKEZ;PANOCER;Panocer 40 mg 28 Enterik Kaplı Tablet;30;12;42;3.159;
3.06.2026;ALLIANCE HEALTHCARE;AH TRABZON;8,68E+12;BURCU ECZANESİ;TRABZON MERKEZ -2;PANOCER;Panocer 40 mg 28 Enterik Kaplı Tablet;30;12;42;3.159;
4.06.2026;SELÇUK ECZA DEPOSU;SELÇUK TRABZON;8,68E+12;MERVE ECZANESİ;TRABZON DOGU ILCELER - 2;PANOCER;Panocer 40 mg 28 Enterik Kaplı Tablet;30;12;42;3.159;
3.06.2026;ALLIANCE HEALTHCARE;AH SAMSUN;8,68E+12;KOZLUK ECZANESİ;SAMSUN TERME;PANOCER;Panocer 40 mg 28 Enterik Kaplı Tablet;30;12;42;3.159;
9.06.2026;SELÇUK ECZA DEPOSU;SELÇUK ERZURUM;8,68E+12;GÜVEN ECZANESİ;ERZINCAN ILCELER;PANOCER;Panocer 40 mg 28 Enterik Kaplı Tablet;30;12;42;3.159;
11.06.2026;SELÇUK ECZA DEPOSU;SELÇUK SAMSUN;8,68E+12;MERKEZ ECZANESİ;TOKAT ERBAA;PANOCER;Panocer 40 mg 28 Enterik Kaplı Tablet;30;12;42;3.159;
23.06.2026;NEVZAT ECZA DEPOSU;NEVZAT SAMSUN;8,68E+12;DOĞU ECZANESİ;SAMSUN DOGU ILCELER - 2;PANOCER;Panocer 40 mg 28 Enterik Kaplı Tablet;30;12;42;3.159;
8.06.2026;NEVZAT ECZA DEPOSU;NEVZAT ERZURUM;8,68E+12;OKTAY VURAL ECZANESİ;AGRI ILCELER;PANOCER;Panocer 40 mg 28 Enterik Kaplı Tablet;30;12;42;3.159;
30.06.2026;SELÇUK ECZA DEPOSU;SELÇUK TRABZON;8,68E+12;KARADUMAN ECZANESİ;TRABZON AKCAABAT;PANOCER;Panocer 40 mg 28 Enterik Kaplı Tablet;30;12;42;3.159;
1.06.2026;SELÇUK ECZA DEPOSU;SELÇUK SAMSUN;8,68E+12;DERMAN ECZANESİ GÜRÜN;SIVAS GUNEY ILCELER;PANOCER;Panocer 40 mg 28 Enterik Kaplı Tablet;30;12;42;3.159;
5.06.2026;ALLIANCE HEALTHCARE;AH ORDU;8,68E+12;BUŞRA ECZANESİ;ORDU FATSA;PANOCER;Panocer 40 mg 28 Enterik Kaplı Tablet;30;12;42;3.159;
26.06.2026;SELÇUK ECZA DEPOSU;SELÇUK ERZURUM;8,68E+12;GERCEK ECZANESİ;KARS ILCELER;PANOCER;Panocer 40 mg 28 Enterik Kaplı Tablet;30;12;42;3.159;
18.06.2026;SELÇUK ECZA DEPOSU;SELÇUK ERZURUM;8,68E+12;SARI ECZANESİ;AGRI ILCELER;PANOCER;Panocer 40 mg 28 Enterik Kaplı Tablet;30;12;42;3.159;
9.06.2026;SELÇUK ECZA DEPOSU;SELÇUK ERZURUM;8,68E+12;FIRAT ECZANESİ;ERZURUM GUNEY ILCELER;PANOCER;Panocer 40 mg 28 Enterik Kaplı Tablet;30;12;42;3.159;
25.06.2026;SELÇUK ECZA DEPOSU;SELÇUK TRABZON;8,68E+12;HAN ECZANESİ;TRABZON MERKEZ -4;PANOCER;Panocer 40 mg 28 Enterik Kaplı Tablet;30;12;42;3.159;
16.06.2026;NEVZAT ECZA DEPOSU;NEVZAT SAMSUN;8,68E+12;ÖMÜR ECZANESİ;AMASYA ILCELER;ACİDPASS;Acidpass 10/800/165 mg 12 Çiğneme Tablet;20;3;23;2.245;
15.06.2026;SELÇUK ECZA DEPOSU;SELÇUK SAMSUN;8,68E+12;KILIÇ ECZANESİ;AMASYA GOYNUCEK+TASOVA;ACİDPASS;Acidpass 10/800/165 mg 12 Çiğneme Tablet;20;3;23;2.245;
2.06.2026;NEVZAT ECZA DEPOSU;NEVZAT SAMSUN;8,68E+12;SAĞLIK ECZANESİ;AMASYA MERZIFON;ACİDPASS;Acidpass 10/800/165 mg 12 Çiğneme Tablet;20;3;23;2.245;
3.06.2026;SELÇUK ECZA DEPOSU;SELÇUK SAMSUN;8,68E+12;ERCAN ECZANESİ;AMASYA MERZIFON;ACİDPASS;Acidpass 10/800/165 mg 12 Çiğneme Tablet;20;3;23;2.245;
25.06.2026;ALLIANCE HEALTHCARE;AH SAMSUN;8,68E+12;KEREM ECZANESİ;AMASYA MERZIFON;ACİDPASS;Acidpass 10/800/165 mg 12 Çiğneme Tablet;20;3;23;2.245;
18.06.2026;ALLIANCE HEALTHCARE;AH SAMSUN;8,68E+12;ŞİFA ECZANESİ;AMASYA MERKEZ -2;ACİDPASS;Acidpass 10/800/165 mg 12 Çiğneme Tablet;20;3;23;2.245;
1.06.2026;ALLIANCE HEALTHCARE;AH SAMSUN;8,68E+12;HAZNECİ ECZANESİ;AMASYA MERZIFON;ACİDPASS;Acidpass 10/800/165 mg 12 Çiğneme Tablet;20;3;23;2.245;
29.06.2026;ALLIANCE HEALTHCARE;AH SAMSUN;8,68E+12;GONCA ECZANESİ;AMASYA MERKEZ -1;ACİDPASS;Acidpass 10/800/165 mg 12 Çiğneme Tablet;20;3;23;2.245;
9.06.2026;ALLIANCE HEALTHCARE;AH SAMSUN;8,68E+12;İSTANBUL ECZANESİ;AMASYA MERZIFON;ACİDPASS;Acidpass 10/800/165 mg 12 Çiğneme Tablet;20;3;23;2.245;
19.06.2026;SELÇUK ECZA DEPOSU;SELÇUK TRABZON;8,68E+12;ÖMER ECZANESİ;ARTVIN MERKEZ+DOGU+GUNEY;ACİDPASS;Acidpass 10/800/165 mg 12 Çiğneme Tablet;20;3;23;2.245;
2.06.2026;SELÇUK ECZA DEPOSU;SELÇUK TRABZON;8,68E+12;UMUT ECZANESİ;ARTVIN MERKEZ+DOGU+GUNEY;ACİDPASS;Acidpass 10/800/165 mg 12 Çiğneme Tablet;20;3;23;2.245;
9.06.2026;ALLIANCE HEALTHCARE;AH TRABZON;8,68E+12;SAĞLIK ECZANESİ;ARTVIN MERKEZ+DOGU+GUNEY;ACİDPASS;Acidpass 10/800/165 mg 12 Çiğneme Tablet;20;3;23;2.245;
18.06.2026;SELÇUK ECZA DEPOSU;SELÇUK TRABZON;8,68E+12;MERKEZ ECZANESİ;ARTVIN MERKEZ+DOGU+GUNEY;ACİDPASS;Acidpass 10/800/165 mg 12 Çiğneme Tablet;20;3;23;2.245;
30.06.2026;SELÇUK ECZA DEPOSU;SELÇUK TRABZON;8,68E+12;VATAN ECZANESİ;ARTVIN KUZEY ILCELER;ACİDPASS;Acidpass 10/800/165 mg 12 Çiğneme Tablet;20;3;23;2.245;
2.06.2026;SELÇUK ECZA DEPOSU;SELÇUK TRABZON;8,68E+12;ÖZCAN ECZANESİ;ARTVIN MERKEZ+DOGU+GUNEY;ACİDPASS;Acidpass 10/800/165 mg 12 Çiğneme Tablet;20;3;23;2.245;
8.06.2026;ALLIANCE HEALTHCARE;AH TRABZON;8,68E+12;ARHAVİ ECZANESİ;ARTVIN KUZEY ILCELER;ACİDPASS;Acidpass 10/800/165 mg 12 Çiğneme Tablet;20;3;23;2.245;
2.06.2026;ALLIANCE HEALTHCARE;AH SAMSUN;8,68E+12;BOZDOĞAN ECZANESİ;CORUM MERKEZ -3;ACİDPASS;Acidpass 10/800/165 mg 12 Çiğneme Tablet;20;3;23;2.245;
8.06.2026;SELÇUK ECZA DEPOSU;SELÇUK SAMSUN;8,68E+12;HAYAT ECZANESİ;CORUM GUNEYDOGU ILCELER;ACİDPASS;Acidpass 10/800/165 mg 12 Çiğneme Tablet;20;3;23;2.245;
26.06.2026;SELÇUK ECZA DEPOSU;SELÇUK SAMSUN;8,68E+12;YÜKSEL ECZANESİ;CORUM MERKEZ -3;ACİDPASS;Acidpass 10/800/165 mg 12 Çiğneme Tablet;20;3;23;2.245;
12.06.2026;SELÇUK ECZA DEPOSU;SELÇUK SAMSUN;8,68E+12;ÇAĞLAR ECZANESİ;CORUM GUNEYBATI ILCELER;ACİDPASS;Acidpass 10/800/165 mg 12 Çiğneme Tablet;20;3;23;2.245;
29.06.2026;NEVZAT ECZA DEPOSU;NEVZAT SAMSUN;8,68E+12;MERKEZ ECZANESİ;CORUM KARGI+OSMANCIK;ACİDPASS;Acidpass 10/800/165 mg 12 Çiğneme Tablet;20;3;23;2.245;
12.06.2026;SELÇUK ECZA DEPOSU;SELÇUK SAMSUN;8,68E+12;FATİH ECZANESİ;CORUM MERKEZ -1;ACİDPASS;Acidpass 10/800/165 mg 12 Çiğneme Tablet;20;3;23;2.245;
4.06.2026;NEVZAT ECZA DEPOSU;NEVZAT SAMSUN;8,68E+12;ŞİFA ECZANESİ;CORUM KARGI+OSMANCIK;ACİDPASS;Acidpass 10/800/165 mg 12 Çiğneme Tablet;20;3;23;2.245;
26.06.2026;SELÇUK ECZA DEPOSU;SELÇUK SAMSUN;8,68E+12;ÖZDEN ECZANESİ;CORUM KUZEY ILCELER;ACİDPASS;Acidpass 10/800/165 mg 12 Çiğneme Tablet;20;3;23;2.245;
12.06.2026;SELÇUK ECZA DEPOSU;SELÇUK SAMSUN;8,68E+12;ALBAYRAK ECZANESİ;CORUM MERKEZ -1;ACİDPASS;Acidpass 10/800/165 mg 12 Çiğneme Tablet;20;3;23;2.245;
2.06.2026;NEVZAT ECZA DEPOSU;NEVZAT SAMSUN;8,68E+12;ARZUM ECZANESİ;CORUM GUNEYBATI ILCELER;ACİDPASS;Acidpass 10/800/165 mg 12 Çiğneme Tablet;20;3;23;2.245;
1.06.2026;SELÇUK ECZA DEPOSU;SELÇUK SAMSUN;8,68E+12;ARZUM ECZANESİ;CORUM GUNEYBATI ILCELER;ACİDPASS;Acidpass 10/800/165 mg 12 Çiğneme Tablet;20;3;23;2.245;
26.06.2026;SELÇUK ECZA DEPOSU;SELÇUK SAMSUN;8,68E+12;BAYRAK ECZANESİ;CORUM GUNEYDOGU ILCELER;ACİDPASS;Acidpass 10/800/165 mg 12 Çiğneme Tablet;20;3;23;2.245;
9.06.2026;SELÇUK ECZA DEPOSU;SELÇUK ERZURUM;8,68E+12;İNCİ  ECZANESİ;ERZINCAN MERKEZ;ACİDPASS;Acidpass 10/800/165 mg 12 Çiğneme Tablet;20;3;23;2.245;
17.06.2026;SELÇUK ECZA DEPOSU;SELÇUK ERZURUM;8,68E+12;BURAK ECZANESİ;ERZINCAN MERKEZ;ACİDPASS;Acidpass 10/800/165 mg 12 Çiğneme Tablet;20;3;23;2.245;
10.06.2026;SELÇUK ECZA DEPOSU;SELÇUK ERZURUM;8,68E+12;AYGÜN ECZANESİ;ERZURUM MERKEZ -3;ACİDPASS;Acidpass 10/800/165 mg 12 Çiğneme Tablet;20;3;23;2.245;
1.06.2026;SELÇUK ECZA DEPOSU;SELÇUK TRABZON;8,68E+12;HOTMANOĞLU ECZANESİ;GIRESUN DOGU ILCELER -1;ACİDPASS;Acidpass 10/800/165 mg 12 Çiğneme Tablet;20;3;23;2.245;
3.06.2026;SELÇUK ECZA DEPOSU;SELÇUK TRABZON;8,68E+12;KEŞAP ECZANESİ;GIRESUN DOGU ILCELER -1;ACİDPASS;Acidpass 10/800/165 mg 12 Çiğneme Tablet;20;3;23;2.245;
24.06.2026;ALLIANCE HEALTHCARE;AH TRABZON;8,68E+12;ÖZKAN ECZANESİ;GUMUSHANE;ACİDPASS;Acidpass 10/800/165 mg 12 Çiğneme Tablet;20;3;23;2.245;
24.06.2026;ALLIANCE HEALTHCARE;AH TRABZON;8,68E+12;VERESELİ KARACA ECZANESİ;GUMUSHANE;ACİDPASS;Acidpass 10/800/165 mg 12 Çiğneme Tablet;20;3;23;2.245;
24.06.2026;ALLIANCE HEALTHCARE;AH ORDU;8,68E+12;YEŞİM ECZANESİ;GIRESUN MERKEZ -2;ACİDPASS;Acidpass 10/800/165 mg 12 Çiğneme Tablet;20;3;23;2.245;
1.06.2026;ALLIANCE HEALTHCARE;AH ORDU;8,68E+12;EVREN ECZANESİ;GIRESUN DOGU ILCELER -2;ACİDPASS;Acidpass 10/800/165 mg 12 Çiğneme Tablet;20;3;23;2.245;
26.06.2026;NEVZAT ECZA DEPOSU;NEVZAT TRABZON;8,68E+12;GÖKÇE ECZANESİ;GIRESUN MERKEZ -2;ACİDPASS;Acidpass 10/800/165 mg 12 Çiğneme Tablet;20;3;23;2.245;
8.06.2026;NEVZAT ECZA DEPOSU;NEVZAT TRABZON;8,68E+12;GÖKÇE ECZANESİ;GIRESUN MERKEZ -2;ACİDPASS;Acidpass 10/800/165 mg 12 Çiğneme Tablet;20;3;23;2.245;
11.06.2026;SELÇUK ECZA DEPOSU;SELÇUK TRABZON;8,68E+12;ÇAĞIN ECZANESİ;GIRESUN BULANCAK+PIRAZIZ;ACİDPASS;Acidpass 10/800/165 mg 12 Çiğneme Tablet;20;3;23;2.245;
24.06.2026;NEVZAT ECZA DEPOSU;NEVZAT TRABZON;8,68E+12;ÖZDEMİR ECZANESİ;GIRESUN BULANCAK+PIRAZIZ;ACİDPASS;Acidpass 10/800/165 mg 12 Çiğneme Tablet;20;3;23;2.245;
3.06.2026;ALLIANCE HEALTHCARE;AH ORDU;8,68E+12;MÜGE ECZANESİ;GIRESUN BULANCAK+PIRAZIZ;ACİDPASS;Acidpass 10/800/165 mg 12 Çiğneme Tablet;20;3;23;2.245;
3.06.2026;SELÇUK ECZA DEPOSU;SELÇUK ERZURUM;8,68E+12;ŞİFA ECZANESİ;KARS ILCELER;ACİDPASS;Acidpass 10/800/165 mg 12 Çiğneme Tablet;20;3;23;2.245;
21.06.2026;ALLIANCE HEALTHCARE;AH ORDU;8,68E+12;ŞAFAK ECZANESİ;ORDU DOGU ILCELER;ACİDPASS;Acidpass 10/800/165 mg 12 Çiğneme Tablet;20;3;23;2.245;
1.06.2026;SELÇUK ECZA DEPOSU;SELÇUK SAMSUN;8,68E+12;ADA ECZANESİ;ORDU UNYE;ACİDPASS;Acidpass 10/800/165 mg 12 Çiğneme Tablet;20;3;23;2.245;
26.06.2026;SELÇUK ECZA DEPOSU;SELÇUK SAMSUN;8,68E+12;ÇINAR ECZANESİ;ORDU FATSA;ACİDPASS;Acidpass 10/800/165 mg 12 Çiğneme Tablet;20;3;23;2.245;
26.06.2026;SELÇUK ECZA DEPOSU;SELÇUK SAMSUN;8,68E+12;ULUS ECZANESİ;ORDU MERKEZ -3;ACİDPASS;Acidpass 10/800/165 mg 12 Çiğneme Tablet;20;3;23;2.245;
5.06.2026;SELÇUK ECZA DEPOSU;SELÇUK SAMSUN;8,68E+12;HAYAT ECZANESİ;ORDU GUNEY ILCELER -1;ACİDPASS;Acidpass 10/800/165 mg 12 Çiğneme Tablet;20;3;23;2.245;
5.06.2026;ALLIANCE HEALTHCARE;AH ORDU;8,68E+12;ONUR ECZANESİ;ORDU MERKEZ -3;ACİDPASS;Acidpass 10/800/165 mg 12 Çiğneme Tablet;20;3;23;2.245;
1.06.2026;NEVZAT ECZA DEPOSU;NEVZAT TRABZON;8,68E+12;SAĞLIK ECZANESİ;ORDU DOGU ILCELER;ACİDPASS;Acidpass 10/800/165 mg 12 Çiğneme Tablet;20;3;23;2.245;
24.06.2026;ALLIANCE HEALTHCARE;AH ORDU;8,68E+12;TELCİOĞLU ECZANESİ;ORDU UNYE;ACİDPASS;Acidpass 10/800/165 mg 12 Çiğneme Tablet;20;3;23;2.245;
22.06.2026;ALLIANCE HEALTHCARE;AH ORDU;8,68E+12;ARDA ECZANESİ;ORDU MERKEZ -3;ACİDPASS;Acidpass 10/800/165 mg 12 Çiğneme Tablet;20;3;23;2.245;
29.06.2026;ALLIANCE HEALTHCARE;AH ORDU;8,68E+12;TÜLİN ECZANESİ;ORDU MERKEZ -2;ACİDPASS;Acidpass 10/800/165 mg 12 Çiğneme Tablet;20;3;23;2.245;
4.06.2026;ALLIANCE HEALTHCARE;AH ORDU;8,68E+12;ÖZTEKİN ECZANESİ;ORDU DOGU ILCELER;ACİDPASS;Acidpass 10/800/165 mg 12 Çiğneme Tablet;20;3;23;2.245;
17.06.2026;NEVZAT ECZA DEPOSU;NEVZAT TRABZON;8,68E+12;ÖMÜR ECZANESİ;ORDU MERKEZ -2;ACİDPASS;Acidpass 10/800/165 mg 12 Çiğneme Tablet;20;3;23;2.245;
12.06.2026;ALLIANCE HEALTHCARE;AH ORDU;8,68E+12;MESUDİYE ECZANESİ;ORDU DOGU ILCELER;ACİDPASS;Acidpass 10/800/165 mg 12 Çiğneme Tablet;20;3;23;2.245;
5.06.2026;NEVZAT ECZA DEPOSU;NEVZAT TRABZON;8,68E+12;AKAR ECZANESİ;ORDU FATSA;ACİDPASS;Acidpass 10/800/165 mg 12 Çiğneme Tablet;20;3;23;2.245;
25.06.2026;ALLIANCE HEALTHCARE;AH ORDU;8,68E+12;CEBECİ ECZANESİ;ORDU DOGU ILCELER;ACİDPASS;Acidpass 10/800/165 mg 12 Çiğneme Tablet;20;3;23;2.245;
3.06.2026;ALLIANCE HEALTHCARE;AH ORDU;8,68E+12;YASEMİN ECZANESİ;ORDU UNYE;ACİDPASS;Acidpass 10/800/165 mg 12 Çiğneme Tablet;20;3;23;2.245;
30.06.2026;SELÇUK ECZA DEPOSU;SELÇUK SAMSUN;8,68E+12;TAN ECZANESİ;ORDU UNYE;ACİDPASS;Acidpass 10/800/165 mg 12 Çiğneme Tablet;20;3;23;2.245;
5.06.2026;SELÇUK ECZA DEPOSU;SELÇUK SAMSUN;8,68E+12;İYİ ECZANESİ;ORDU FATSA;ACİDPASS;Acidpass 10/800/165 mg 12 Çiğneme Tablet;20;3;23;2.245;
15.06.2026;SELÇUK ECZA DEPOSU;SELÇUK SAMSUN;8,68E+12;HALK ECZANESİ;ORDU GUNEY ILCELER -1;ACİDPASS;Acidpass 10/800/165 mg 12 Çiğneme Tablet;20;3;23;2.245;
1.06.2026;ALLIANCE HEALTHCARE;AH ORDU;8,68E+12;DOKUZ EYLÜL ECZANESİ;ORDU UNYE;ACİDPASS;Acidpass 10/800/165 mg 12 Çiğneme Tablet;20;3;23;2.245;
1.06.2026;ALLIANCE HEALTHCARE;AH ORDU;8,68E+12;DOKUZ EYLÜL ECZANESİ;ORDU UNYE;ACİDPASS;Acidpass 10/800/165 mg 12 Çiğneme Tablet;20;3;23;2.245;
22.06.2026;SELÇUK ECZA DEPOSU;SELÇUK SAMSUN;8,68E+12;GÜNDOĞDU ECZANESİ;ORDU MERKEZ -3;ACİDPASS;Acidpass 10/800/165 mg 12 Çiğneme Tablet;20;3;23;2.245;
3.06.2026;SELÇUK ECZA DEPOSU;SELÇUK SAMSUN;8,68E+12;KARADENİZ ECZANESİ;ORDU DOGU ILCELER;ACİDPASS;Acidpass 10/800/165 mg 12 Çiğneme Tablet;20;3;23;2.245;
3.06.2026;ALLIANCE HEALTHCARE;AH TRABZON;8,68E+12;SAĞLIK ECZANESİ;RIZE DOGU ILCELER;ACİDPASS;Acidpass 10/800/165 mg 12 Çiğneme Tablet;20;3;23;2.245;
2.06.2026;SELÇUK ECZA DEPOSU;SELÇUK TRABZON;8,68E+12;KARADENİZ ECZANESİ;RIZE DOGU ILCELER;ACİDPASS;Acidpass 10/800/165 mg 12 Çiğneme Tablet;20;3;23;2.245;
1.06.2026;SELÇUK ECZA DEPOSU;SELÇUK TRABZON;8,68E+12;YENİ ECZANE;RIZE MERKEZ;ACİDPASS;Acidpass 10/800/165 mg 12 Çiğneme Tablet;20;3;23;2.245;
1.06.2026;SELÇUK ECZA DEPOSU;SELÇUK TRABZON;8,68E+12;İYİDERE ECZANESİ;RIZE BATI ILCELER;ACİDPASS;Acidpass 10/800/165 mg 12 Çiğneme Tablet;20;3;23;2.245;
2.06.2026;SELÇUK ECZA DEPOSU;SELÇUK TRABZON;8,68E+12;ÖZTÜRK ECZANESİ;RIZE BATI ILCELER;ACİDPASS;Acidpass 10/800/165 mg 12 Çiğneme Tablet;20;3;23;2.245;
25.06.2026;SELÇUK ECZA DEPOSU;SELÇUK TRABZON;8,68E+12;ŞİFA ECZANESİ;RIZE MERKEZ;ACİDPASS;Acidpass 10/800/165 mg 12 Çiğneme Tablet;20;3;23;2.245;
9.06.2026;SELÇUK ECZA DEPOSU;SELÇUK TRABZON;8,68E+12;GÜNEYSU SERDAR ECZANESİ;RIZE BATI ILCELER;ACİDPASS;Acidpass 10/800/165 mg 12 Çiğneme Tablet;20;3;23;2.245;
26.06.2026;ALLIANCE HEALTHCARE;AH TRABZON;8,68E+12;GÜNDOĞDU ECZANESİ;RIZE MERKEZ;ACİDPASS;Acidpass 10/800/165 mg 12 Çiğneme Tablet;20;3;23;2.245;
22.06.2026;SELÇUK ECZA DEPOSU;SELÇUK TRABZON;8,68E+12;ÇAMLIBEL ECZANESİ;RIZE MERKEZ;ACİDPASS;Acidpass 10/800/165 mg 12 Çiğneme Tablet;20;3;23;2.245;
8.06.2026;ALLIANCE HEALTHCARE;AH TRABZON;8,68E+12;İSMAİLOĞLU ECZANESİ;RIZE MERKEZ;ACİDPASS;Acidpass 10/800/165 mg 12 Çiğneme Tablet;20;3;23;2.245;
1.06.2026;ALLIANCE HEALTHCARE;AH TRABZON;8,68E+12;HAYAT ECZANESİ;RIZE MERKEZ;ACİDPASS;Acidpass 10/800/165 mg 12 Çiğneme Tablet;20;3;23;2.245;
9.06.2026;ALLIANCE HEALTHCARE;AH SAMSUN;8,68E+12;DÜNYA ECZANESİ;SAMSUN ILKADIM - 2;ACİDPASS;Acidpass 10/800/165 mg 12 Çiğneme Tablet;20;3;23;2.245;
29.06.2026;NEVZAT ECZA DEPOSU;NEVZAT SAMSUN;8,68E+12;FATİH ECZANESİ;SAMSUN VEZIRKOPRU;ACİDPASS;Acidpass 10/800/165 mg 12 Çiğneme Tablet;20;3;23;2.245;
4.06.2026;NEVZAT ECZA DEPOSU;NEVZAT SAMSUN;8,68E+12;GÜLDEN ECZANESİ;SAMSUN VEZIRKOPRU;ACİDPASS;Acidpass 10/800/165 mg 12 Çiğneme Tablet;20;3;23;2.245;
25.06.2026;ALLIANCE HEALTHCARE;AH SAMSUN;8,68E+12;SEVİNÇ ECZANESİ;SAMSUN ATAKUM;ACİDPASS;Acidpass 10/800/165 mg 12 Çiğneme Tablet;20;3;23;2.245;
1.06.2026;SELÇUK ECZA DEPOSU;SELÇUK SAMSUN;8,68E+12;ERGİN ECZANESİ;SAMSUN VEZIRKOPRU;ACİDPASS;Acidpass 10/800/165 mg 12 Çiğneme Tablet;20;3;23;2.245;
25.06.2026;SELÇUK ECZA DEPOSU;SELÇUK SAMSUN;8,68E+12;SEDEF ECZANESİ;SAMSUN ILKADIM - 2;ACİDPASS;Acidpass 10/800/165 mg 12 Çiğneme Tablet;20;3;23;2.245;
11.06.2026;ALLIANCE HEALTHCARE;AH SAMSUN;8,68E+12;SAĞLIK ECZANESİ;SAMSUN BAFRA;ACİDPASS;Acidpass 10/800/165 mg 12 Çiğneme Tablet;20;3;23;2.245;
1.06.2026;ALLIANCE HEALTHCARE;AH SAMSUN;8,68E+12;FULYA ECZANESİ;SAMSUN ILKADIM - 2;ACİDPASS;Acidpass 10/800/165 mg 12 Çiğneme Tablet;20;3;23;2.245;
11.06.2026;SELÇUK ECZA DEPOSU;SELÇUK SAMSUN;8,68E+12;SAĞLIK ECZANESİ;SAMSUN BAFRA;ACİDPASS;Acidpass 10/800/165 mg 12 Çiğneme Tablet;20;3;23;2.245;
4.06.2026;ALLIANCE HEALTHCARE;AH SAMSUN;8,68E+12;RÜYA ECZANESİ;SINOP GUNEY ILCELER;ACİDPASS;Acidpass 10/800/165 mg 12 Çiğneme Tablet;20;3;23;2.245;
4.06.2026;ALLIANCE HEALTHCARE;AH SAMSUN;8,68E+12;STAD ECZANESİ;SAMSUN DOGU ILCELER - 2;ACİDPASS;Acidpass 10/800/165 mg 12 Çiğneme Tablet;20;3;23;2.245;
26.06.2026;NEVZAT ECZA DEPOSU;NEVZAT SAMSUN;8,68E+12;ELİF ECZANESİ;SAMSUN BAFRA;ACİDPASS;Acidpass 10/800/165 mg 12 Çiğneme Tablet;20;3;23;2.245;
2.06.2026;ALLIANCE HEALTHCARE;AH SAMSUN;8,68E+12;MEYDAN DİLEK ECZANESİ;SAMSUN KALE;ACİDPASS;Acidpass 10/800/165 mg 12 Çiğneme Tablet;20;3;23;2.245;
6.06.2026;ALLIANCE HEALTHCARE;AH SAMSUN;8,68E+12;ANADOLU ECZANESİ;SAMSUN TERME;ACİDPASS;Acidpass 10/800/165 mg 12 Çiğneme Tablet;20;3;23;2.245;
19.06.2026;ALLIANCE HEALTHCARE;AH SAMSUN;8,68E+12;OYA ECZANESİ;SAMSUN HAVZA+KAVAK+LADIK;ACİDPASS;Acidpass 10/800/165 mg 12 Çiğneme Tablet;20;3;23;2.245;
27.06.2026;SELÇUK ECZA DEPOSU;SELÇUK SAMSUN;8,68E+12;YENİ ECZANESİ;SAMSUN VEZIRKOPRU;ACİDPASS;Acidpass 10/800/165 mg 12 Çiğneme Tablet;20;3;23;2.245;
16.06.2026;ALLIANCE HEALTHCARE;AH SAMSUN;8,68E+12;AHENK ECZANESİ;SAMSUN BAFRA;ACİDPASS;Acidpass 10/800/165 mg 12 Çiğneme Tablet;20;3;23;2.245;
4.06.2026;ALLIANCE HEALTHCARE;AH SAMSUN;8,68E+12;PELİN ECZANESİ;SAMSUN VEZIRKOPRU;ACİDPASS;Acidpass 10/800/165 mg 12 Çiğneme Tablet;20;3;23;2.245;
10.06.2026;SELÇUK ECZA DEPOSU;SELÇUK SAMSUN;8,68E+12;ESRA ECZANESİ;SAMSUN ATAKENT+19 MAYIS;ACİDPASS;Acidpass 10/800/165 mg 12 Çiğneme Tablet;20;3;23;2.245;
29.06.2026;ALLIANCE HEALTHCARE;AH SAMSUN;8,68E+12;DEVA ECZANESİ;SAMSUN VEZIRKOPRU;ACİDPASS;Acidpass 10/800/165 mg 12 Çiğneme Tablet;20;3;23;2.245;
15.06.2026;ALLIANCE HEALTHCARE;AH SAMSUN;8,68E+12;DEVA ECZANESİ;SAMSUN VEZIRKOPRU;ACİDPASS;Acidpass 10/800/165 mg 12 Çiğneme Tablet;20;3;23;2.245;
4.06.2026;ALLIANCE HEALTHCARE;AH SAMSUN;8,68E+12;DEVA ECZANESİ;SAMSUN VEZIRKOPRU;ACİDPASS;Acidpass 10/800/165 mg 12 Çiğneme Tablet;20;3;23;2.245;
17.06.2026;ALLIANCE HEALTHCARE;AH SAMSUN;8,68E+12;PAPATYA ECZANESİ;SAMSUN RASATHANE;ACİDPASS;Acidpass 10/800/165 mg 12 Çiğneme Tablet;20;3;23;2.245;
2.06.2026;ALLIANCE HEALTHCARE;AH SAMSUN;8,68E+12;SAĞLIK ECZANESİ;SAMSUN VEZIRKOPRU;ACİDPASS;Acidpass 10/800/165 mg 12 Çiğneme Tablet;20;3;23;2.245;
3.06.2026;ALLIANCE HEALTHCARE;AH SAMSUN;8,68E+12;PARK ECZANESİ;SAMSUN VEZIRKOPRU;ACİDPASS;Acidpass 10/800/165 mg 12 Çiğneme Tablet;20;3;23;2.245;
18.06.2026;ALLIANCE HEALTHCARE;AH SAMSUN;8,68E+12;AKBULUT ECZANESİ;SAMSUN DOGU ILCELER - 2;ACİDPASS;Acidpass 10/800/165 mg 12 Çiğneme Tablet;20;3;23;2.245;
10.06.2026;ALLIANCE HEALTHCARE;AH SAMSUN;8,68E+12;KADIFEKALE ECZANESİ;SAMSUN ILKADIM - 2;ACİDPASS;Acidpass 10/800/165 mg 12 Çiğneme Tablet;20;3;23;2.245;
19.06.2026;SELÇUK ECZA DEPOSU;SELÇUK SAMSUN;8,68E+12;BENEK ECZANESİ;SAMSUN RASATHANE;ACİDPASS;Acidpass 10/800/165 mg 12 Çiğneme Tablet;20;3;23;2.245;
19.06.2026;NEVZAT ECZA DEPOSU;NEVZAT SAMSUN;8,68E+12;FERHAT ECZANESİ;SIVAS MERKEZ -3;ACİDPASS;Acidpass 10/800/165 mg 12 Çiğneme Tablet;20;3;23;2.245;
16.06.2026;SELÇUK ECZA DEPOSU;SELÇUK SAMSUN;8,68E+12;ANIL ECZANESİ;SIVAS MERKEZ -2;ACİDPASS;Acidpass 10/800/165 mg 12 Çiğneme Tablet;20;3;23;2.245;
16.06.2026;SELÇUK ECZA DEPOSU;SELÇUK SAMSUN;8,68E+12;ANIL ECZANESİ;SIVAS MERKEZ -2;ACİDPASS;Acidpass 10/800/165 mg 12 Çiğneme Tablet;20;3;23;2.245;
23.06.2026;SELÇUK ECZA DEPOSU;SELÇUK SAMSUN;8,68E+12;HİKMET ECZANESİ;SIVAS MERKEZ -3;ACİDPASS;Acidpass 10/800/165 mg 12 Çiğneme Tablet;20;3;23;2.245;
18.06.2026;SELÇUK ECZA DEPOSU;SELÇUK SAMSUN;8,68E+12;HİKMET ECZANESİ;SIVAS MERKEZ -3;ACİDPASS;Acidpass 10/800/165 mg 12 Çiğneme Tablet;20;3;23;2.245;
8.06.2026;SELÇUK ECZA DEPOSU;SELÇUK SAMSUN;8,68E+12;BAŞAK ECZANESİ;SIVAS MERKEZ -2;ACİDPASS;Acidpass 10/800/165 mg 12 Çiğneme Tablet;20;3;23;2.245;
10.06.2026;ALLIANCE HEALTHCARE;AH SAMSUN;8,68E+12;SARAY ECZANESİ;TOKAT BATI ILCELER;ACİDPASS;Acidpass 10/800/165 mg 12 Çiğneme Tablet;20;3;23;2.245;
15.06.2026;ALLIANCE HEALTHCARE;AH SAMSUN;8,68E+12;DUYGU ECZANESİ;TOKAT ERBAA;ACİDPASS;Acidpass 10/800/165 mg 12 Çiğneme Tablet;20;3;23;2.245;
24.06.2026;ALLIANCE HEALTHCARE;AH SAMSUN;8,68E+12;YARAMIŞ ECZANESİ;TOKAT DOGU ILCELER;ACİDPASS;Acidpass 10/800/165 mg 12 Çiğneme Tablet;20;3;23;2.245;
5.06.2026;ALLIANCE HEALTHCARE;AH SAMSUN;8,68E+12;DİLARA ECZANESİ;TOKAT TURHAL;ACİDPASS;Acidpass 10/800/165 mg 12 Çiğneme Tablet;20;3;23;2.245;
5.06.2026;SELÇUK ECZA DEPOSU;SELÇUK SAMSUN;8,68E+12;SEÇİL ECZANESİ;TOKAT TURHAL;ACİDPASS;Acidpass 10/800/165 mg 12 Çiğneme Tablet;20;3;23;2.245;
19.06.2026;SELÇUK ECZA DEPOSU;SELÇUK TRABZON;8,68E+12;ŞAHİN ECZANESİ;TRABZON DOGU ILCELER - 2;ACİDPASS;Acidpass 10/800/165 mg 12 Çiğneme Tablet;20;3;23;2.245;
8.06.2026;ALLIANCE HEALTHCARE;AH TRABZON;8,68E+12;KUNDURACILAR ECZANESİ;TRABZON MERKEZ -4;ACİDPASS;Acidpass 10/800/165 mg 12 Çiğneme Tablet;20;3;23;2.245;
4.06.2026;SELÇUK ECZA DEPOSU;SELÇUK TRABZON;8,68E+12;ÇİĞDEM ECZANESİ;TRABZON BATI ILCELER - 2;ACİDPASS;Acidpass 10/800/165 mg 12 Çiğneme Tablet;20;3;23;2.245;
10.06.2026;ALLIANCE HEALTHCARE;AH TRABZON;8,68E+12;DERYA ECZANESİ;TRABZON MERKEZ -4;ACİDPASS;Acidpass 10/800/165 mg 12 Çiğneme Tablet;20;3;23;2.245;
1.06.2026;SELÇUK ECZA DEPOSU;SELÇUK TRABZON;8,68E+12;DERYA ECZANESİ;TRABZON MERKEZ -4;ACİDPASS;Acidpass 10/800/165 mg 12 Çiğneme Tablet;20;3;23;2.245;
26.06.2026;SELÇUK ECZA DEPOSU;SELÇUK TRABZON;8,68E+12;BEŞİKDÜZÜ ECZANESİ;TRABZON BATI ILCELER - 2;ACİDPASS;Acidpass 10/800/165 mg 12 Çiğneme Tablet;20;3;23;2.245;
30.06.2026;ALLIANCE HEALTHCARE;AH TRABZON;8,68E+12;YURDUM ECZANESİ;TRABZON MERKEZ -4;ACİDPASS;Acidpass 10/800/165 mg 12 Çiğneme Tablet;20;3;23;2.245;
25.06.2026;ALLIANCE HEALTHCARE;AH TRABZON;8,68E+12;UZUN ECZANESİ;TRABZON DOGU ILCELER - 2;ACİDPASS;Acidpass 10/800/165 mg 12 Çiğneme Tablet;20;3;23;2.245;
11.06.2026;ALLIANCE HEALTHCARE;AH SAMSUN;8,68E+12;HAYAT ECZANESİ;AMASYA ILCELER;ACİDPASS;Acidpass 10/800/165 mg 12 Çiğneme Tablet;20;3;23;2.245;
15.06.2026;ALLIANCE HEALTHCARE;AH SAMSUN;8,68E+12;UYSAL ECZANESİ;CORUM MERKEZ -3;ACİDPASS;Acidpass 10/800/165 mg 12 Çiğneme Tablet;20;3;23;2.245;
8.06.2026;SELÇUK ECZA DEPOSU;SELÇUK SAMSUN;8,68E+12;DEVA ECZANESİ;CORUM MERKEZ -2;ACİDPASS;Acidpass 10/800/165 mg 12 Çiğneme Tablet;20;3;23;2.245;
5.06.2026;ALLIANCE HEALTHCARE;AH SAMSUN;8,68E+12;GÖKMEN ECZANESİ;CORUM MERKEZ -1;ACİDPASS;Acidpass 10/800/165 mg 12 Çiğneme Tablet;20;3;23;2.245;
26.06.2026;SELÇUK ECZA DEPOSU;SELÇUK SAMSUN;8,68E+12;İNAL ECZANESİ;CORUM GUNEYDOGU ILCELER;ACİDPASS;Acidpass 10/800/165 mg 12 Çiğneme Tablet;20;3;23;2.245;
1.06.2026;SELÇUK ECZA DEPOSU;SELÇUK ERZURUM;8,68E+12;KAYAKYOLU ECZANESİ;ERZURUM MERKEZ -3;ACİDPASS;Acidpass 10/800/165 mg 12 Çiğneme Tablet;20;3;23;2.245;
19.06.2026;SELÇUK ECZA DEPOSU;SELÇUK TRABZON;8,68E+12;HÜLYA ECZANESİ;GIRESUN MERKEZ -2;ACİDPASS;Acidpass 10/800/165 mg 12 Çiğneme Tablet;20;3;23;2.245;
19.06.2026;SELÇUK ECZA DEPOSU;SELÇUK TRABZON;8,68E+12;KUMYALI ECZANESİ;GIRESUN MERKEZ -2;ACİDPASS;Acidpass 10/800/165 mg 12 Çiğneme Tablet;20;3;23;2.245;
22.06.2026;NEVZAT ECZA DEPOSU;NEVZAT TRABZON;8,68E+12;AHSEN ECZANESİ;GIRESUN MERKEZ -2;ACİDPASS;Acidpass 10/800/165 mg 12 Çiğneme Tablet;20;3;23;2.245;
8.06.2026;SELÇUK ECZA DEPOSU;SELÇUK SAMSUN;8,68E+12;BESTE ECZANESİ;ORDU FATSA;ACİDPASS;Acidpass 10/800/165 mg 12 Çiğneme Tablet;20;3;23;2.245;
4.06.2026;ALLIANCE HEALTHCARE;AH TRABZON;8,68E+12;BÜYÜK ECZANESİ;RIZE DOGU ILCELER;ACİDPASS;Acidpass 10/800/165 mg 12 Çiğneme Tablet;20;3;23;2.245;
5.06.2026;ALLIANCE HEALTHCARE;AH TRABZON;8,68E+12;SAĞLIK ECZANESİ;RIZE DOGU ILCELER;ACİDPASS;Acidpass 10/800/165 mg 12 Çiğneme Tablet;20;3;23;2.245;
8.06.2026;NEVZAT ECZA DEPOSU;NEVZAT TRABZON;8,68E+12;TALİP ECZANESİ;TRABZON AKCAABAT;ACİDPASS;Acidpass 10/800/165 mg 12 Çiğneme Tablet;20;3;23;2.245;
29.06.2026;SELÇUK ECZA DEPOSU;SELÇUK TRABZON;8,68E+12;HİLAL ECZANESİ;TRABZON DOGU ILCELER - 2;ACİDPASS;Acidpass 10/800/165 mg 12 Çiğneme Tablet;20;3;23;2.245;
18.06.2026;SELÇUK ECZA DEPOSU;SELÇUK TRABZON;8,68E+12;DURU ECZANESİ;TRABZON MERKEZ -1;ACİDPASS;Acidpass 10/800/165 mg 12 Çiğneme Tablet;20;3;23;2.245;
4.06.2026;SELÇUK ECZA DEPOSU;SELÇUK TRABZON;8,68E+12;AKYILDIZ ECZANESİ;GIRESUN MERKEZ -2;ACİDPASS;Acidpass 10/800/165 mg 12 Çiğneme Tablet;20;3;23;2.245;
1.06.2026;SELÇUK ECZA DEPOSU;SELÇUK SAMSUN;8,68E+12;OKAN ECZANESİ;ORDU DOGU ILCELER;ACİDPASS;Acidpass 10/800/165 mg 12 Çiğneme Tablet;20;3;23;2.245;
16.06.2026;ALLIANCE HEALTHCARE;AH TRABZON;8,68E+12;ŞAVŞAT ECZANESİ;ARTVIN MERKEZ+DOGU+GUNEY;ACİDPASS;Acidpass 10/800/165 mg 12 Çiğneme Tablet;20;3;23;2.245;
12.06.2026;SELÇUK ECZA DEPOSU;SELÇUK ERZURUM;8,68E+12;CAN FIRAT ECZANESİ;ERZINCAN MERKEZ;ACİDPASS;Acidpass 10/800/165 mg 12 Çiğneme Tablet;20;3;23;2.245;
3.06.2026;SELÇUK ECZA DEPOSU;SELÇUK TRABZON;8,68E+12;KALKANDERE ECZANESİ;RIZE BATI ILCELER;ACİDPASS;Acidpass 10/800/165 mg 12 Çiğneme Tablet;20;3;23;2.245;
15.06.2026;ALLIANCE HEALTHCARE;AH SAMSUN;8,68E+12;SABUNCU ECZANESİ;SAMSUN TERME;ACİDPASS;Acidpass 10/800/165 mg 12 Çiğneme Tablet;20;3;23;2.245;
1.06.2026;NEVZAT ECZA DEPOSU;NEVZAT TRABZON;8,68E+12;DOĞA ECZANESİ;TRABZON MERKEZ -3;ACİDPASS;Acidpass 10/800/165 mg 12 Çiğneme Tablet;20;3;23;2.245;
24.06.2026;SELÇUK ECZA DEPOSU;SELÇUK TRABZON;8,68E+12;CANDAN ECZANESİ;GIRESUN BULANCAK+PIRAZIZ;ACİDPASS;Acidpass 10/800/165 mg 12 Çiğneme Tablet;20;3;23;2.245;
24.06.2026;SELÇUK ECZA DEPOSU;SELÇUK SAMSUN;8,68E+12;HATİPOĞLU ECZANESİ;AMASYA ILCELER;ACİDPASS;Acidpass 10/800/165 mg 12 Çiğneme Tablet;20;3;23;2.245;
2.06.2026;ALLIANCE HEALTHCARE;AH ORDU;8,68E+12;FIRAT ECZANESİ;ORDU MERKEZ -3;ACİDPASS;Acidpass 10/800/165 mg 12 Çiğneme Tablet;20;3;23;2.245;
24.06.2026;ALLIANCE HEALTHCARE;AH ORDU;8,68E+12;FIRAT ECZANESİ;ORDU MERKEZ -3;ACİDPASS;Acidpass 10/800/165 mg 12 Çiğneme Tablet;20;3;23;2.245;
20.06.2026;NEVZAT ECZA DEPOSU;NEVZAT ERZURUM;8,68E+12;KAHRAMANLAR ECZANESİ;ERZURUM MERKEZ -2;ACİDPASS;Acidpass 10/800/165 mg 12 Çiğneme Tablet;20;3;23;2.245;
17.06.2026;SELÇUK ECZA DEPOSU;SELÇUK SAMSUN;8,68E+12;KUZEY ECZANESİ;ORDU FATSA;ACİDPASS;Acidpass 10/800/165 mg 12 Çiğneme Tablet;20;3;23;2.245;
3.06.2026;ALLIANCE HEALTHCARE;AH SAMSUN;8,68E+12;ORGANİK ECZANESİ;SAMSUN ATAKUM;ACİDPASS;Acidpass 10/800/165 mg 12 Çiğneme Tablet;20;3;23;2.245;
17.06.2026;ALLIANCE HEALTHCARE;AH SAMSUN;8,68E+12;AMİSOS ECZANESİ;SAMSUN ILKADIM - 2;ACİDPASS;Acidpass 10/800/165 mg 12 Çiğneme Tablet;20;3;23;2.245;
10.06.2026;SELÇUK ECZA DEPOSU;SELÇUK TRABZON;8,68E+12;KURT ECZANESİ;GIRESUN GUNEY ILCELER;ACİDPASS;Acidpass 10/800/165 mg 12 Çiğneme Tablet;20;3;23;2.245;
11.06.2026;SELÇUK ECZA DEPOSU;SELÇUK SAMSUN;8,68E+12;MERKEZ ECZANESİ;SAMSUN HURRIYET+ZAFER;ACİDPASS;Acidpass 10/800/165 mg 12 Çiğneme Tablet;20;3;23;2.245;
19.06.2026;SELÇUK ECZA DEPOSU;SELÇUK TRABZON;8,68E+12;NURDENİZ ECZANESİ;ARTVIN MERKEZ+DOGU+GUNEY;ACİDPASS;Acidpass 10/800/165 mg 12 Çiğneme Tablet;20;3;23;2.245;
23.06.2026;ALLIANCE HEALTHCARE;AH ORDU;8,68E+12;AŞKAN ECZANESİ;ORDU MERKEZ -3;ACİDPASS;Acidpass 10/800/165 mg 12 Çiğneme Tablet;20;3;23;2.245;
16.06.2026;SELÇUK ECZA DEPOSU;SELÇUK SAMSUN;8,68E+12;SERAY ECZANESİ;SINOP DOGU-BATI ILCELER;ACİDPASS;Acidpass 10/800/165 mg 12 Çiğneme Tablet;20;3;23;2.245;
3.06.2026;ALLIANCE HEALTHCARE;AH TRABZON;8,68E+12;AĞASAR ECZANESİ;TRABZON MERKEZ -1;ACİDPASS;Acidpass 10/800/165 mg 12 Çiğneme Tablet;20;3;23;2.245;
3.06.2026;SELÇUK ECZA DEPOSU;SELÇUK TRABZON;8,68E+12;CEM ECZANESİ;GIRESUN MERKEZ -2;ACİDPASS;Acidpass 10/800/165 mg 12 Çiğneme Tablet;20;3;23;2.245;
23.06.2026;ALLIANCE HEALTHCARE;AH TRABZON;8,68E+12;KİBAROĞLU ECZANESİ;RIZE DOGU ILCELER;ACİDPASS;Acidpass 10/800/165 mg 12 Çiğneme Tablet;20;3;23;2.245;
10.06.2026;SELÇUK ECZA DEPOSU;SELÇUK TRABZON;8,68E+12;ŞİFA ECZANESİ;TRABZON K.BASI+SURMENE;ACİDPASS;Acidpass 10/800/165 mg 12 Çiğneme Tablet;20;3;23;2.245;
5.06.2026;ALLIANCE HEALTHCARE;AH TRABZON;8,68E+12;ÇINAR ECZANESİ;GUMUSHANE;ACİDPASS;Acidpass 10/800/165 mg 12 Çiğneme Tablet;20;3;23;2.245;
1.06.2026;SELÇUK ECZA DEPOSU;SELÇUK TRABZON;8,68E+12;FURKAN BUCAN ECZANESİ;RIZE DOGU ILCELER;ACİDPASS;Acidpass 10/800/165 mg 12 Çiğneme Tablet;20;3;23;2.245;
16.06.2026;SELÇUK ECZA DEPOSU;SELÇUK SAMSUN;8,68E+12;EGE ECZANESİ;TOKAT DOGU ILCELER;ACİDPASS;Acidpass 10/800/165 mg 12 Çiğneme Tablet;20;3;23;2.245;
1.06.2026;SELÇUK ECZA DEPOSU;SELÇUK ERZURUM;8,68E+12;BEYOĞLU ECZANESİ;ERZURUM GUNEY ILCELER;ACİDPASS;Acidpass 10/800/165 mg 12 Çiğneme Tablet;20;3;23;2.245;
26.06.2026;SELÇUK ECZA DEPOSU;SELÇUK SAMSUN;8,68E+12;FERAH ECZANESİ;CORUM MERKEZ -3;ACİDPASS;Acidpass 10/800/165 mg 12 Çiğneme Tablet;20;3;23;2.245;
2.06.2026;ALLIANCE HEALTHCARE;AH ORDU;8,68E+12;DEFNE ECZANESİ;GIRESUN MERKEZ -2;ACİDPASS;Acidpass 10/800/165 mg 12 Çiğneme Tablet;20;3;23;2.245;
12.06.2026;NEVZAT ECZA DEPOSU;NEVZAT ERZURUM;8,68E+12;TEBESSÜM ECZANESİ;ERZURUM MERKEZ -1;ACİDPASS;Acidpass 10/800/165 mg 12 Çiğneme Tablet;20;3;23;2.245;
12.06.2026;SELÇUK ECZA DEPOSU;SELÇUK TRABZON;8,68E+12;GÜNEŞ ECZANESİ;RIZE BATI ILCELER;ACİDPASS;Acidpass 10/800/165 mg 12 Çiğneme Tablet;20;3;23;2.245;
9.06.2026;SELÇUK ECZA DEPOSU;SELÇUK SAMSUN;8,68E+12;GELİNCİK ECZANESİ;SINOP MERKEZ;ACİDPASS;Acidpass 10/800/165 mg 12 Çiğneme Tablet;20;3;23;2.245;
3.06.2026;SELÇUK ECZA DEPOSU;SELÇUK ERZURUM;8,68E+12;ŞİFA ECZANESİ;ERZINCAN MERKEZ;ACİDPASS;Acidpass 10/800/165 mg 12 Çiğneme Tablet;20;3;23;2.245;
25.06.2026;SELÇUK ECZA DEPOSU;SELÇUK TRABZON;8,68E+12;MERVE ECZANESİ;TRABZON DOGU ILCELER - 2;ACİDPASS;Acidpass 10/800/165 mg 12 Çiğneme Tablet;20;3;23;2.245;
19.06.2026;SELÇUK ECZA DEPOSU;SELÇUK TRABZON;8,68E+12;ZEYTÜL ECZANESİ;ARTVIN KUZEY ILCELER;ACİDPASS;Acidpass 10/800/165 mg 12 Çiğneme Tablet;20;3;23;2.245;
1.06.2026;SELÇUK ECZA DEPOSU;SELÇUK TRABZON;8,68E+12;ZEYTÜL ECZANESİ;ARTVIN KUZEY ILCELER;ACİDPASS;Acidpass 10/800/165 mg 12 Çiğneme Tablet;20;3;23;2.245;
9.06.2026;ALLIANCE HEALTHCARE;AH SAMSUN;8,68E+12;ÇÖLGEÇEN ECZANESİ;SAMSUN ATAKUM;ACİDPASS;Acidpass 10/800/165 mg 12 Çiğneme Tablet;20;3;23;2.245;
17.06.2026;SELÇUK ECZA DEPOSU;SELÇUK SAMSUN;8,68E+12;DEMİR ECZANESİ;TOKAT MERKEZ -1;ACİDPASS;Acidpass 10/800/165 mg 12 Çiğneme Tablet;20;3;23;2.245;
23.06.2026;ALLIANCE HEALTHCARE;AH TRABZON;8,68E+12;MAÇKA ECZANESİ;TRABZON DUZKOY+MACKA;ACİDPASS;Acidpass 10/800/165 mg 12 Çiğneme Tablet;20;3;23;2.245;
23.06.2026;ALLIANCE HEALTHCARE;AH ORDU;8,68E+12;AKSU ECZANESİ;ORDU MERKEZ -3;ACİDPASS;Acidpass 10/800/165 mg 12 Çiğneme Tablet;20;3;23;2.245;
3.06.2026;ALLIANCE HEALTHCARE;AH ORDU;8,68E+12;BUŞRA ECZANESİ;ORDU FATSA;ACİDPASS;Acidpass 10/800/165 mg 12 Çiğneme Tablet;20;3;23;2.245;
1.06.2026;ALLIANCE HEALTHCARE;AH SAMSUN;8,68E+12;AYSEGUL ECZANESI;TOKAT MERKEZ -1;ACİDPASS;Acidpass 10/800/165 mg 12 Çiğneme Tablet;20;3;23;2.245;
12.06.2026;SELÇUK ECZA DEPOSU;SELÇUK TRABZON;8,68E+12;MÜKAFAT ECZANESİ;TRABZON AKCAABAT;ACİDPASS;Acidpass 10/800/165 mg 12 Çiğneme Tablet;20;3;23;2.245;
1.06.2026;ALLIANCE HEALTHCARE;AH SAMSUN;8,68E+12;HEKIMOGLU ECZANESI;CORUM MERKEZ -3;ACİDPASS;Acidpass 10/800/165 mg 12 Çiğneme Tablet;20;3;23;2.245;
1.06.2026;SELÇUK ECZA DEPOSU;SELÇUK ERZURUM;8,68E+12;GOKNUR ECZ.YAKUTIYE;ERZURUM GUNEY ILCELER;ACİDPASS;Acidpass 10/800/165 mg 12 Çiğneme Tablet;20;3;23;2.245;
23.06.2026;ALLIANCE HEALTHCARE;AH SAMSUN;8,68E+12;CANSUYU ECZANESİ;TOKAT DOGU ILCELER;ACİDPASS;Acidpass 10/800/165 mg 12 Çiğneme Tablet;20;3;23;2.245;
25.06.2026;SELÇUK ECZA DEPOSU;SELÇUK TRABZON;8,68E+12;HAN ECZANESİ;TRABZON MERKEZ -4;ACİDPASS;Acidpass 10/800/165 mg 12 Çiğneme Tablet;20;3;23;2.245;
17.06.2026;ALLIANCE HEALTHCARE;AH TRABZON;8,68E+12;ŞİRAN ECZANESİ;GUMUSHANE;ACİDPASS;Acidpass 10/800/165 mg 12 Çiğneme Tablet;20;3;23;2.245;
1.06.2026;SELÇUK ECZA DEPOSU;SELÇUK ERZURUM;8,68E+12;KAYAKYOLU ECZANESİ;ERZURUM MERKEZ -3;GRİPORT COLD;Griport Cold 20 Film Kaplı Tablet;20;6;26;1.683;
1.06.2026;ALLIANCE HEALTHCARE;AH ORDU;8,68E+12;KUMYALI ECZANESİ;GIRESUN MERKEZ -2;GRİPORT COLD;Griport Cold 20 Film Kaplı Tablet;20;6;26;1.683;
18.06.2026;ALLIANCE HEALTHCARE;AH TRABZON;8,68E+12;MORDUT ECZANESİ;GUMUSHANE;GRİPORT COLD;Griport Cold 20 Film Kaplı Tablet;20;6;26;1.683;
22.06.2026;ALLIANCE HEALTHCARE;AH SAMSUN;8,68E+12;CİVEK ECZANESİ;AMASYA MERZIFON;MOKSEFEN;Moksefen 400 mg 7 Film Tablet;20;10;30;2.980;
8.06.2026;ALLIANCE HEALTHCARE;AH TRABZON;8,68E+12;SAĞLIK ECZANESİ;ARTVIN MERKEZ+DOGU+GUNEY;MOKSEFEN;Moksefen 400 mg 7 Film Tablet;20;10;30;2.980;
12.06.2026;SELÇUK ECZA DEPOSU;SELÇUK TRABZON;8,68E+12;SAĞLIK ECZANESİ;ARTVIN KUZEY ILCELER;MOKSEFEN;Moksefen 400 mg 7 Film Tablet;20;10;30;2.980;
23.06.2026;SELÇUK ECZA DEPOSU;SELÇUK TRABZON;8,68E+12;ÖZCAN ECZANESİ;ARTVIN MERKEZ+DOGU+GUNEY;MOKSEFEN;Moksefen 400 mg 7 Film Tablet;20;10;30;2.980;
15.06.2026;ALLIANCE HEALTHCARE;AH TRABZON;8,68E+12;YAĞMUR ECZANESİ;ARTVIN MERKEZ+DOGU+GUNEY;MOKSEFEN;Moksefen 400 mg 7 Film Tablet;20;10;30;2.980;
4.06.2026;SELÇUK ECZA DEPOSU;SELÇUK TRABZON;8,68E+12;CEBECİ ECZANESİ;ARTVIN KUZEY ILCELER;MOKSEFEN;Moksefen 400 mg 7 Film Tablet;20;10;30;2.980;
22.06.2026;ALLIANCE HEALTHCARE;AH SAMSUN;8,68E+12;DAMLA ECZANESİ;CORUM MERKEZ -3;MOKSEFEN;Moksefen 400 mg 7 Film Tablet;20;10;30;2.980;
24.06.2026;NEVZAT ECZA DEPOSU;NEVZAT SAMSUN;8,68E+12;HEKİMOĞLU ECZANESİ;CORUM GUNEYBATI ILCELER;MOKSEFEN;Moksefen 400 mg 7 Film Tablet;20;10;30;2.980;
10.06.2026;ALLIANCE HEALTHCARE;AH SAMSUN;8,68E+12;YASEMİN ECZANESİ;CORUM MERKEZ -3;MOKSEFEN;Moksefen 400 mg 7 Film Tablet;20;10;30;2.980;
18.06.2026;SELÇUK ECZA DEPOSU;SELÇUK ERZURUM;8,68E+12;MERKEZ RESULOĞULLARI ECZANESİ;ERZURUM GUNEY ILCELER;MOKSEFEN;Moksefen 400 mg 7 Film Tablet;20;10;30;2.980;
12.06.2026;SELÇUK ECZA DEPOSU;SELÇUK ERZURUM;8,68E+12;TEKMAN ECZANESİ;ERZURUM GUNEY ILCELER;MOKSEFEN;Moksefen 400 mg 7 Film Tablet;20;10;30;2.980;
10.06.2026;SELÇUK ECZA DEPOSU;SELÇUK ERZURUM;8,68E+12;ŞİFA ECZANESİ;ERZURUM KUZEY ILCELER;MOKSEFEN;Moksefen 400 mg 7 Film Tablet;20;10;30;2.980;
1.06.2026;SELÇUK ECZA DEPOSU;SELÇUK ERZURUM;8,68E+12;ZEHRA ECZANESİ;ERZURUM GUNEY ILCELER;MOKSEFEN;Moksefen 400 mg 7 Film Tablet;20;10;30;2.980;
2.06.2026;SELÇUK ECZA DEPOSU;SELÇUK TRABZON;8,68E+12;ŞEBİN ECZANESİ;GIRESUN GUNEY ILCELER;MOKSEFEN;Moksefen 400 mg 7 Film Tablet;20;10;30;2.980;
10.06.2026;SELÇUK ECZA DEPOSU;SELÇUK TRABZON;8,68E+12;KEŞAP ECZANESİ;GIRESUN DOGU ILCELER -1;MOKSEFEN;Moksefen 400 mg 7 Film Tablet;20;10;30;2.980;
26.06.2026;SELÇUK ECZA DEPOSU;SELÇUK TRABZON;8,68E+12;İLKER ECZANESİ;GIRESUN DOGU ILCELER -1;MOKSEFEN;Moksefen 400 mg 7 Film Tablet;20;10;30;2.980;
23.06.2026;ALLIANCE HEALTHCARE;AH TRABZON;8,68E+12;ÖZKAN ECZANESİ;GUMUSHANE;MOKSEFEN;Moksefen 400 mg 7 Film Tablet;20;10;30;2.980;
16.06.2026;NEVZAT ECZA DEPOSU;NEVZAT TRABZON;8,68E+12;DUROĞLU ECZANESİ;GIRESUN MERKEZ -2;MOKSEFEN;Moksefen 400 mg 7 Film Tablet;20;10;30;2.980;
2.06.2026;ALLIANCE HEALTHCARE;AH ORDU;8,68E+12;BALLICA ECZANESİ;GIRESUN BULANCAK+PIRAZIZ;MOKSEFEN;Moksefen 400 mg 7 Film Tablet;20;10;30;2.980;
26.06.2026;SELÇUK ECZA DEPOSU;SELÇUK TRABZON;8,68E+12;PİRAZİZ ECZANESİ;GIRESUN BULANCAK+PIRAZIZ;MOKSEFEN;Moksefen 400 mg 7 Film Tablet;20;10;30;2.980;
23.06.2026;SELÇUK ECZA DEPOSU;SELÇUK ERZURUM;8,68E+12;NİDA ECZANESİ;KARS MERKEZ;MOKSEFEN;Moksefen 400 mg 7 Film Tablet;20;10;30;2.980;
26.06.2026;SELÇUK ECZA DEPOSU;SELÇUK SAMSUN;8,68E+12;UĞUR ECZANESİ;ORDU BATI ILCELER;MOKSEFEN;Moksefen 400 mg 7 Film Tablet;20;10;30;2.980;
30.06.2026;ALLIANCE HEALTHCARE;AH ORDU;8,68E+12;SAĞLIK ECZANESİ;ORDU GUNEY ILCELER -1;MOKSEFEN;Moksefen 400 mg 7 Film Tablet;20;10;30;2.980;
15.06.2026;NEVZAT ECZA DEPOSU;NEVZAT TRABZON;8,68E+12;EMİR ECZANESİ;ORDU GUNEY ILCELER -1;MOKSEFEN;Moksefen 400 mg 7 Film Tablet;20;10;30;2.980;
30.06.2026;NEVZAT ECZA DEPOSU;NEVZAT TRABZON;8,68E+12;BİZİM ECZANESİ;ORDU GUNEY ILCELER -1;MOKSEFEN;Moksefen 400 mg 7 Film Tablet;20;10;30;2.980;
1.06.2026;ALLIANCE HEALTHCARE;AH ORDU;8,68E+12;GÜRGENTEPE ECZANESİ;ORDU GUNEY ILCELER -1;MOKSEFEN;Moksefen 400 mg 7 Film Tablet;20;10;30;2.980;
16.06.2026;ALLIANCE HEALTHCARE;AH ORDU;8,68E+12;UFUK ECZANESİ;ORDU MERKEZ -1;MOKSEFEN;Moksefen 400 mg 7 Film Tablet;20;10;30;2.980;
19.06.2026;SELÇUK ECZA DEPOSU;SELÇUK SAMSUN;8,68E+12;KOÇAK ECZANESİ;ORDU MERKEZ -3;MOKSEFEN;Moksefen 400 mg 7 Film Tablet;20;10;30;2.980;
1.06.2026;SELÇUK ECZA DEPOSU;SELÇUK SAMSUN;8,68E+12;KOÇAK ECZANESİ;ORDU MERKEZ -3;MOKSEFEN;Moksefen 400 mg 7 Film Tablet;20;10;30;2.980;
26.06.2026;SELÇUK ECZA DEPOSU;SELÇUK TRABZON;8,68E+12;BAYRAKTAR ECZANESİ;RIZE BATI ILCELER;MOKSEFEN;Moksefen 400 mg 7 Film Tablet;20;10;30;2.980;
16.06.2026;ALLIANCE HEALTHCARE;AH TRABZON;8,68E+12;KAÇKAR ECZANESİ;RIZE DOGU ILCELER;MOKSEFEN;Moksefen 400 mg 7 Film Tablet;20;10;30;2.980;
24.06.2026;ALLIANCE HEALTHCARE;AH TRABZON;8,68E+12;BARIŞ ECZANESİ;RIZE DOGU ILCELER;MOKSEFEN;Moksefen 400 mg 7 Film Tablet;20;10;30;2.980;
4.06.2026;SELÇUK ECZA DEPOSU;SELÇUK TRABZON;8,68E+12;KARADENİZ ECZANESİ;RIZE MERKEZ;MOKSEFEN;Moksefen 400 mg 7 Film Tablet;20;10;30;2.980;
28.06.2026;ALLIANCE HEALTHCARE;AH TRABZON;8,68E+12;FINDIKLI ECZANESİ;RIZE DOGU ILCELER;MOKSEFEN;Moksefen 400 mg 7 Film Tablet;20;10;30;2.980;
26.06.2026;ALLIANCE HEALTHCARE;AH TRABZON;8,68E+12;FINDIKLI ECZANESİ;RIZE DOGU ILCELER;MOKSEFEN;Moksefen 400 mg 7 Film Tablet;20;10;30;2.980;
23.06.2026;SELÇUK ECZA DEPOSU;SELÇUK TRABZON;8,68E+12;DUYGU ECZANESİ;RIZE MERKEZ;MOKSEFEN;Moksefen 400 mg 7 Film Tablet;20;10;30;2.980;
2.06.2026;SELÇUK ECZA DEPOSU;SELÇUK TRABZON;8,68E+12;DENİZ ECZANESİ;RIZE DOGU ILCELER;MOKSEFEN;Moksefen 400 mg 7 Film Tablet;20;10;30;2.980;
19.06.2026;SELÇUK ECZA DEPOSU;SELÇUK TRABZON;8,68E+12;ARDEŞEN ECZANESİ;RIZE DOGU ILCELER;MOKSEFEN;Moksefen 400 mg 7 Film Tablet;20;10;30;2.980;
1.06.2026;SELÇUK ECZA DEPOSU;SELÇUK TRABZON;8,68E+12;AVCI ECZANESİ;RIZE MERKEZ;MOKSEFEN;Moksefen 400 mg 7 Film Tablet;20;10;30;2.980;
26.06.2026;ALLIANCE HEALTHCARE;AH TRABZON;8,68E+12;KARADENİZ ECZANESİ;RIZE DOGU ILCELER;MOKSEFEN;Moksefen 400 mg 7 Film Tablet;20;10;30;2.980;
12.06.2026;ALLIANCE HEALTHCARE;AH TRABZON;8,68E+12;SERKAN ECZANESİ;RIZE MERKEZ;MOKSEFEN;Moksefen 400 mg 7 Film Tablet;20;10;30;2.980;
16.06.2026;SELÇUK ECZA DEPOSU;SELÇUK TRABZON;8,68E+12;ANADOLU ECZANESİ;RIZE MERKEZ;MOKSEFEN;Moksefen 400 mg 7 Film Tablet;20;10;30;2.980;
3.06.2026;ALLIANCE HEALTHCARE;AH SAMSUN;8,68E+12;YILDIZ ECZANESİ;SAMSUN DOGU ILCELER;MOKSEFEN;Moksefen 400 mg 7 Film Tablet;20;10;30;2.980;
2.06.2026;ALLIANCE HEALTHCARE;AH SAMSUN;8,68E+12;ZAFER ECZANESİ;SAMSUN BAFRA;MOKSEFEN;Moksefen 400 mg 7 Film Tablet;20;10;30;2.980;
2.06.2026;ALLIANCE HEALTHCARE;AH SAMSUN;8,68E+12;GÜNEŞ ECZANESİ;SAMSUN CANIK;MOKSEFEN;Moksefen 400 mg 7 Film Tablet;20;10;30;2.980;
12.06.2026;SELÇUK ECZA DEPOSU;SELÇUK SAMSUN;8,68E+12;DERMAN ECZANESİ;SINOP GUNEY ILCELER;MOKSEFEN;Moksefen 400 mg 7 Film Tablet;20;10;30;2.980;
5.06.2026;SELÇUK ECZA DEPOSU;SELÇUK SAMSUN;8,68E+12;ŞEYMA ECZANESİ;SIVAS GUNEY ILCELER;MOKSEFEN;Moksefen 400 mg 7 Film Tablet;20;10;30;2.980;
15.06.2026;SELÇUK ECZA DEPOSU;SELÇUK SAMSUN;8,68E+12;CEDİT ECZANESİ;SAMSUN DOGU ILCELER;MOKSEFEN;Moksefen 400 mg 7 Film Tablet;20;10;30;2.980;
26.06.2026;SELÇUK ECZA DEPOSU;SELÇUK SAMSUN;8,68E+12;BİLGE ECZANESİ;SAMSUN CANIK;MOKSEFEN;Moksefen 400 mg 7 Film Tablet;20;10;30;2.980;
22.06.2026;ALLIANCE HEALTHCARE;AH SAMSUN;8,68E+12;BAYRAK ECZANESİ;SAMSUN ALACAM+YAKAKENT;MOKSEFEN;Moksefen 400 mg 7 Film Tablet;20;10;30;2.980;
1.06.2026;SELÇUK ECZA DEPOSU;SELÇUK SAMSUN;8,68E+12;GÜMÜŞ ECZANESİ;SAMSUN ATAKUM;MOKSEFEN;Moksefen 400 mg 7 Film Tablet;20;10;30;2.980;
11.06.2026;SELÇUK ECZA DEPOSU;SELÇUK SAMSUN;8,68E+12;EMRE ECZANESİ;SIVAS DOGU ILCELER;MOKSEFEN;Moksefen 400 mg 7 Film Tablet;20;10;30;2.980;
29.06.2026;SELÇUK ECZA DEPOSU;SELÇUK SAMSUN;8,68E+12;DİVRİĞİ ECZANESİ;SIVAS GUNEY ILCELER;MOKSEFEN;Moksefen 400 mg 7 Film Tablet;20;10;30;2.980;
26.06.2026;SELÇUK ECZA DEPOSU;SELÇUK SAMSUN;8,68E+12;YILMAZ ECZANESİ;SAMSUN ALACAM+YAKAKENT;MOKSEFEN;Moksefen 400 mg 7 Film Tablet;20;10;30;2.980;
2.06.2026;SELÇUK ECZA DEPOSU;SELÇUK SAMSUN;8,68E+12;YENİ EMEK ECZANESİ;SIVAS MERKEZ -4;MOKSEFEN;Moksefen 400 mg 7 Film Tablet;20;10;30;2.980;
10.06.2026;SELÇUK ECZA DEPOSU;SELÇUK SAMSUN;8,68E+12;SEZGİ ECZANESİ;SIVAS MERKEZ -4;MOKSEFEN;Moksefen 400 mg 7 Film Tablet;20;10;30;2.980;
4.06.2026;NEVZAT ECZA DEPOSU;NEVZAT TRABZON;8,68E+12;ÖZEN ECZANESİ;TRABZON DOGU ILCELER - 2;MOKSEFEN;Moksefen 400 mg 7 Film Tablet;20;10;30;2.980;
12.06.2026;SELÇUK ECZA DEPOSU;SELÇUK TRABZON;8,68E+12;PINAR ECZANESİ;TRABZON DUZKOY+MACKA;MOKSEFEN;Moksefen 400 mg 7 Film Tablet;20;10;30;2.980;
23.06.2026;SELÇUK ECZA DEPOSU;SELÇUK SAMSUN;8,68E+12;YÖRE ECZANESİ;TOKAT BATI ILCELER;MOKSEFEN;Moksefen 400 mg 7 Film Tablet;20;10;30;2.980;
10.06.2026;ALLIANCE HEALTHCARE;AH SAMSUN;8,68E+12;EREK ECZANESİ;TOKAT ERBAA;MOKSEFEN;Moksefen 400 mg 7 Film Tablet;20;10;30;2.980;
18.06.2026;SELÇUK ECZA DEPOSU;SELÇUK SAMSUN;8,68E+12;BURAK ECZANESİ;TOKAT TURHAL;MOKSEFEN;Moksefen 400 mg 7 Film Tablet;20;10;30;2.980;
11.06.2026;SELÇUK ECZA DEPOSU;SELÇUK SAMSUN;8,68E+12;DOĞRU ECZANESİ;TOKAT MERKEZ -1;MOKSEFEN;Moksefen 400 mg 7 Film Tablet;20;10;30;2.980;
23.06.2026;NEVZAT ECZA DEPOSU;NEVZAT TRABZON;8,68E+12;ZEKİ ECZANESİ;TRABZON BATI ILCELER - 2;MOKSEFEN;Moksefen 400 mg 7 Film Tablet;20;10;30;2.980;
4.06.2026;SELÇUK ECZA DEPOSU;SELÇUK TRABZON;8,68E+12;SEÇKİN ECZANESİ;TRABZON MERKEZ -1;MOKSEFEN;Moksefen 400 mg 7 Film Tablet;20;10;30;2.980;
7.06.2026;NEVZAT ECZA DEPOSU;NEVZAT TRABZON;8,68E+12;HAYAT ECZANESİ;TRABZON BATI ILCELER - 2;MOKSEFEN;Moksefen 400 mg 7 Film Tablet;20;10;30;2.980;
19.06.2026;NEVZAT ECZA DEPOSU;NEVZAT TRABZON;8,68E+12;TONYA ECZANESİ;TRABZON BATI ILCELER - 2;MOKSEFEN;Moksefen 400 mg 7 Film Tablet;20;10;30;2.980;
3.06.2026;NEVZAT ECZA DEPOSU;NEVZAT TRABZON;8,68E+12;TONYA ECZANESİ;TRABZON BATI ILCELER - 2;MOKSEFEN;Moksefen 400 mg 7 Film Tablet;20;10;30;2.980;
29.06.2026;SELÇUK ECZA DEPOSU;SELÇUK TRABZON;8,68E+12;ÇİĞDEM ECZANESİ;TRABZON BATI ILCELER - 2;MOKSEFEN;Moksefen 400 mg 7 Film Tablet;20;10;30;2.980;
12.06.2026;SELÇUK ECZA DEPOSU;SELÇUK TRABZON;8,68E+12;VOLKAN ECZANESİ;TRABZON BATI ILCELER - 2;MOKSEFEN;Moksefen 400 mg 7 Film Tablet;20;10;30;2.980;
8.06.2026;ALLIANCE HEALTHCARE;AH TRABZON;8,68E+12;ÇAYKARA ECZANESİ;TRABZON DOGU ILCELER -1;MOKSEFEN;Moksefen 400 mg 7 Film Tablet;20;10;30;2.980;
23.06.2026;ALLIANCE HEALTHCARE;AH TRABZON;8,68E+12;KOZA ECZANESİ;TRABZON AKCAABAT;MOKSEFEN;Moksefen 400 mg 7 Film Tablet;20;10;30;2.980;
24.06.2026;ALLIANCE HEALTHCARE;AH TRABZON;8,68E+12;RIZA ECZANESİ;TRABZON DOGU ILCELER -1;MOKSEFEN;Moksefen 400 mg 7 Film Tablet;20;10;30;2.980;
1.06.2026;ALLIANCE HEALTHCARE;AH TRABZON;8,68E+12;MERKEZ ECZANESİ;TRABZON BATI ILCELER - 2;MOKSEFEN;Moksefen 400 mg 7 Film Tablet;20;10;30;2.980;
2.06.2026;ALLIANCE HEALTHCARE;AH TRABZON;8,68E+12;GÖKÇE ECZANESİ;TRABZON BATI ILCELER - 2;MOKSEFEN;Moksefen 400 mg 7 Film Tablet;20;10;30;2.980;
10.06.2026;SELÇUK ECZA DEPOSU;SELÇUK TRABZON;8,68E+12;KİSARNA ECZANESİ;TRABZON MERKEZ -1;MOKSEFEN;Moksefen 400 mg 7 Film Tablet;20;10;30;2.980;
11.06.2026;ALLIANCE HEALTHCARE;AH SAMSUN;8,68E+12;SAĞLIK ECZANESİ;AMASYA GOYNUCEK+TASOVA;MOKSEFEN;Moksefen 400 mg 7 Film Tablet;20;10;30;2.980;
18.06.2026;ALLIANCE HEALTHCARE;AH SAMSUN;8,68E+12;ALAFOĞLU ECZANESİ;CORUM GUNEYBATI ILCELER;MOKSEFEN;Moksefen 400 mg 7 Film Tablet;20;10;30;2.980;
1.06.2026;SELÇUK ECZA DEPOSU;SELÇUK SAMSUN;8,68E+12;GÜVEN ECZANESİ;CORUM MERKEZ -3;MOKSEFEN;Moksefen 400 mg 7 Film Tablet;20;10;30;2.980;
24.06.2026;SELÇUK ECZA DEPOSU;SELÇUK ERZURUM;8,68E+12;VERESELİ MURAT ECZANESİ;ERZURUM GUNEY ILCELER;MOKSEFEN;Moksefen 400 mg 7 Film Tablet;20;10;30;2.980;
12.06.2026;NEVZAT ECZA DEPOSU;NEVZAT ERZURUM;8,68E+12;SEVGİ ECZANESİ;ERZURUM MERKEZ -2;MOKSEFEN;Moksefen 400 mg 7 Film Tablet;20;10;30;2.980;
4.06.2026;ALLIANCE HEALTHCARE;AH ORDU;8,68E+12;GİZEM ECZANESİ;GIRESUN MERKEZ -2;MOKSEFEN;Moksefen 400 mg 7 Film Tablet;20;10;30;2.980;
30.06.2026;SELÇUK ECZA DEPOSU;SELÇUK SAMSUN;8,68E+12;BESTE ECZANESİ;ORDU FATSA;MOKSEFEN;Moksefen 400 mg 7 Film Tablet;20;10;30;2.980;
26.06.2026;ALLIANCE HEALTHCARE;AH ORDU;8,68E+12;CÖMERT ECZANESİ;ORDU GUNEY ILCELER -1;MOKSEFEN;Moksefen 400 mg 7 Film Tablet;20;10;30;2.980;
25.06.2026;SELÇUK ECZA DEPOSU;SELÇUK SAMSUN;8,68E+12;SERDAROĞLU ECZANESİ;ORDU MERKEZ -1;MOKSEFEN;Moksefen 400 mg 7 Film Tablet;20;10;30;2.980;
4.06.2026;ALLIANCE HEALTHCARE;AH SAMSUN;8,68E+12;YENİ SUBAŞI ECZANESİ;SAMSUN PAZAR;MOKSEFEN;Moksefen 400 mg 7 Film Tablet;20;10;30;2.980;
1.06.2026;ALLIANCE HEALTHCARE;AH SAMSUN;8,68E+12;SUBAŞI ECZANESİ;SAMSUN ATAKUM;MOKSEFEN;Moksefen 400 mg 7 Film Tablet;20;10;30;2.980;
16.06.2026;SELÇUK ECZA DEPOSU;SELÇUK SAMSUN;8,68E+12;ÇATALÇAM ECZANESİ;SAMSUN ATAKENT+19 MAYIS;MOKSEFEN;Moksefen 400 mg 7 Film Tablet;20;10;30;2.980;
29.06.2026;SELÇUK ECZA DEPOSU;SELÇUK TRABZON;8,68E+12;AKÇAABAT ECZANESİ;TRABZON AKCAABAT;MOKSEFEN;Moksefen 400 mg 7 Film Tablet;20;10;30;2.980;
15.06.2026;ALLIANCE HEALTHCARE;AH TRABZON;8,68E+12;BÜYÜK ECZANESİ;TRABZON DOGU ILCELER -1;MOKSEFEN;Moksefen 400 mg 7 Film Tablet;20;10;30;2.980;
26.06.2026;ALLIANCE HEALTHCARE;AH TRABZON;8,68E+12;LİVANE ECZANESİ;ARTVIN MERKEZ+DOGU+GUNEY;MOKSEFEN;Moksefen 400 mg 7 Film Tablet;20;10;30;2.980;
10.06.2026;ALLIANCE HEALTHCARE;AH TRABZON;8,68E+12;ŞAVŞAT ECZANESİ;ARTVIN MERKEZ+DOGU+GUNEY;MOKSEFEN;Moksefen 400 mg 7 Film Tablet;20;10;30;2.980;
4.06.2026;ALLIANCE HEALTHCARE;AH SAMSUN;8,68E+12;ATAKUM ARAŞTIRMA ECZANESİ;SAMSUN ATAKUM;MOKSEFEN;Moksefen 400 mg 7 Film Tablet;20;10;30;2.980;
15.06.2026;NEVZAT ECZA DEPOSU;NEVZAT SAMSUN;8,68E+12;YENİ HASTANE ECZANESİ;SAMSUN DOGU ILCELER - 2;MOKSEFEN;Moksefen 400 mg 7 Film Tablet;20;10;30;2.980;
18.06.2026;NEVZAT ECZA DEPOSU;NEVZAT TRABZON;8,68E+12;ŞİFA ECZANESİ;ORDU BATI ILCELER;MOKSEFEN;Moksefen 400 mg 7 Film Tablet;20;10;30;2.980;
16.06.2026;SELÇUK ECZA DEPOSU;SELÇUK TRABZON;8,68E+12;PERA ECZANESİ;RIZE DOGU ILCELER;MOKSEFEN;Moksefen 400 mg 7 Film Tablet;20;10;30;2.980;
5.06.2026;SELÇUK ECZA DEPOSU;SELÇUK TRABZON;8,68E+12;KURT ECZANESİ;GIRESUN GUNEY ILCELER;MOKSEFEN;Moksefen 400 mg 7 Film Tablet;20;10;30;2.980;
12.06.2026;SELÇUK ECZA DEPOSU;SELÇUK ERZURUM;8,68E+12;PASİNLER ECZANESİ;ERZURUM GUNEY ILCELER;MOKSEFEN;Moksefen 400 mg 7 Film Tablet;20;10;30;2.980;
22.06.2026;SELÇUK ECZA DEPOSU;SELÇUK SAMSUN;8,68E+12;ELİF ECZANESİ;ORDU FATSA;MOKSEFEN;Moksefen 400 mg 7 Film Tablet;20;10;30;2.980;
11.06.2026;SELÇUK ECZA DEPOSU;SELÇUK TRABZON;8,68E+12;CEM ECZANESİ;GIRESUN MERKEZ -2;MOKSEFEN;Moksefen 400 mg 7 Film Tablet;20;10;30;2.980;
25.06.2026;ALLIANCE HEALTHCARE;AH SAMSUN;8,68E+12;MURAT ECZANESİ;CORUM MERKEZ -1;MOKSEFEN;Moksefen 400 mg 7 Film Tablet;20;10;30;2.980;
25.06.2026;SELÇUK ECZA DEPOSU;SELÇUK SAMSUN;8,68E+12;BÜŞRA ECZANESİ;SIVAS GUNEY ILCELER;MOKSEFEN;Moksefen 400 mg 7 Film Tablet;20;10;30;2.980;
4.06.2026;ALLIANCE HEALTHCARE;AH ORDU;8,68E+12;YENİ ÇAMOLUK ECZANESİ;GIRESUN GUNEY ILCELER;MOKSEFEN;Moksefen 400 mg 7 Film Tablet;20;10;30;2.980;
2.06.2026;ALLIANCE HEALTHCARE;AH TRABZON;8,68E+12;SENA ECZANESİ;TRABZON AKCAABAT;MOKSEFEN;Moksefen 400 mg 7 Film Tablet;20;10;30;2.980;
3.06.2026;SELÇUK ECZA DEPOSU;SELÇUK TRABZON;8,68E+12;ÖZYİĞİT ECZANESİ;TRABZON K.BASI+SURMENE;MOKSEFEN;Moksefen 400 mg 7 Film Tablet;20;10;30;2.980;
19.06.2026;SELÇUK ECZA DEPOSU;SELÇUK TRABZON;8,68E+12;AKOLUK ECZANESİ;TRABZON MERKEZ -3;MOKSEFEN;Moksefen 400 mg 7 Film Tablet;20;10;30;2.980;
5.06.2026;SELÇUK ECZA DEPOSU;SELÇUK TRABZON;8,68E+12;MERKEZ ECZANESİ;TRABZON DUZKOY+MACKA;MOKSEFEN;Moksefen 400 mg 7 Film Tablet;20;10;30;2.980;
10.06.2026;SELÇUK ECZA DEPOSU;SELÇUK TRABZON;8,68E+12;DENİZ ECZANESİ;ARTVIN MERKEZ+DOGU+GUNEY;MOKSEFEN;Moksefen 400 mg 7 Film Tablet;20;10;30;2.980;
1.06.2026;SELÇUK ECZA DEPOSU;SELÇUK SAMSUN;8,68E+12;BACACI ECZANESI;ORDU GUNEY ILCELER -1;MOKSEFEN;Moksefen 400 mg 7 Film Tablet;20;10;30;2.980;
12.06.2026;SELÇUK ECZA DEPOSU;SELÇUK TRABZON;8,68E+12;KARADUMAN ECZANESİ;TRABZON AKCAABAT;MOKSEFEN;Moksefen 400 mg 7 Film Tablet;20;10;30;2.980;
8.06.2026;SELÇUK ECZA DEPOSU;SELÇUK ERZURUM;8,68E+12;TORTUM ECZANESİ;ERZURUM KUZEY ILCELER;MOKSEFEN;Moksefen 400 mg 7 Film Tablet;20;10;30;2.980;
3.06.2026;ALLIANCE HEALTHCARE;AH ORDU;8,68E+12;BUŞRA ECZANESİ;ORDU FATSA;MOKSEFEN;Moksefen 400 mg 7 Film Tablet;20;10;30;2.980;
1.06.2026;ALLIANCE HEALTHCARE;AH SAMSUN;8,68E+12;DUYAR ECZANESİ;CORUM MERKEZ -2;MOKSEFEN;Moksefen 400 mg 7 Film Tablet;20;10;30;2.980;
18.06.2026;SELÇUK ECZA DEPOSU;SELÇUK ERZURUM;8,68E+12;YENI HALK ECAZANESİ;AGRI DIYADIN+D.BEYAZIT;MOKSEFEN;Moksefen 400 mg 7 Film Tablet;20;10;30;2.980;
4.06.2026;SELÇUK ECZA DEPOSU;SELÇUK SAMSUN;8,68E+12;YAKACIK ECZANESİ;ORDU GUNEY ILCELER -1;MOKSEFEN;Moksefen 400 mg 7 Film Tablet;20;10;30;2.980;
29.06.2026;ALLIANCE HEALTHCARE;AH SAMSUN;8,68E+12;YENİ ŞİFA ECZANESİ;SAMSUN DOGU ILCELER - 2;MOKSEFEN;Moksefen 400 mg 7 Film Tablet;20;10;30;2.980;
12.06.2026;ALLIANCE HEALTHCARE;AH TRABZON;8,68E+12;MORDUT ECZANESİ;GUMUSHANE;MOKSEFEN;Moksefen 400 mg 7 Film Tablet;20;10;30;2.980;
18.06.2026;ALLIANCE HEALTHCARE;AH TRABZON;8,68E+12;MORDUT ECZANESİ;GUMUSHANE;MOKSEFEN;Moksefen 400 mg 7 Film Tablet;20;10;30;2.980;
17.06.2026;ALLIANCE HEALTHCARE;AH TRABZON;8,68E+12;ŞİRAN ECZANESİ;GUMUSHANE;MOKSEFEN;Moksefen 400 mg 7 Film Tablet;20;10;30;2.980;
23.06.2026;SELÇUK ECZA DEPOSU;SELÇUK SAMSUN;8,68E+12;ÖMÜR ECZANESİ;AMASYA ILCELER;GRİPORT COLD;Griport Cold 20 Film Kaplı Tablet;12;4;16;1.010;
4.06.2026;NEVZAT ECZA DEPOSU;NEVZAT SAMSUN;8,68E+12;ÖMÜR ECZANESİ;AMASYA ILCELER;GRİPORT COLD;Griport Cold 20 Film Kaplı Tablet;12;4;16;1.010;
5.06.2026;ALLIANCE HEALTHCARE;AH SAMSUN;8,68E+12;DOĞANER ECZANESİ;AMASYA MERZIFON;GRİPORT COLD;Griport Cold 20 Film Kaplı Tablet;12;4;16;1.010;
26.06.2026;SELÇUK ECZA DEPOSU;SELÇUK TRABZON;8,68E+12;ÖMER ECZANESİ;ARTVIN MERKEZ+DOGU+GUNEY;GRİPORT COLD;Griport Cold 20 Film Kaplı Tablet;12;4;16;1.010;
4.06.2026;SELÇUK ECZA DEPOSU;SELÇUK SAMSUN;8,68E+12;BOZDOĞAN ECZANESİ;CORUM MERKEZ -3;GRİPORT COLD;Griport Cold 20 Film Kaplı Tablet;12;4;16;1.010;
5.06.2026;SELÇUK ECZA DEPOSU;SELÇUK SAMSUN;8,68E+12;ESER ECZANESİ;CORUM MERKEZ -1;GRİPORT COLD;Griport Cold 20 Film Kaplı Tablet;12;4;16;1.010;
3.06.2026;ALLIANCE HEALTHCARE;AH SAMSUN;8,68E+12;ESRA ECZANESİ;CORUM KARGI+OSMANCIK;GRİPORT COLD;Griport Cold 20 Film Kaplı Tablet;12;4;16;1.010;
17.06.2026;SELÇUK ECZA DEPOSU;SELÇUK SAMSUN;8,68E+12;ÇAĞLAR ECZANESİ;CORUM GUNEYBATI ILCELER;GRİPORT COLD;Griport Cold 20 Film Kaplı Tablet;12;4;16;1.010;
16.06.2026;NEVZAT ECZA DEPOSU;NEVZAT SAMSUN;8,68E+12;ERMAN ECZANESİ;CORUM MERKEZ -1;GRİPORT COLD;Griport Cold 20 Film Kaplı Tablet;12;4;16;1.010;
4.06.2026;NEVZAT ECZA DEPOSU;NEVZAT SAMSUN;8,68E+12;ERMAN ECZANESİ;CORUM MERKEZ -1;GRİPORT COLD;Griport Cold 20 Film Kaplı Tablet;12;4;16;1.010;
21.06.2026;SELÇUK ECZA DEPOSU;SELÇUK SAMSUN;8,68E+12;ERMAN ECZANESİ;CORUM MERKEZ -1;GRİPORT COLD;Griport Cold 20 Film Kaplı Tablet;12;4;16;1.010;
11.06.2026;ALLIANCE HEALTHCARE;AH SAMSUN;8,68E+12;GÜNEŞ ECZANESİ;CORUM MERKEZ -2;GRİPORT COLD;Griport Cold 20 Film Kaplı Tablet;12;4;16;1.010;
22.06.2026;SELÇUK ECZA DEPOSU;SELÇUK SAMSUN;8,68E+12;YÜKSEL ECZANESİ;CORUM MERKEZ -3;GRİPORT COLD;Griport Cold 20 Film Kaplı Tablet;12;4;16;1.010;
22.06.2026;SELÇUK ECZA DEPOSU;SELÇUK SAMSUN;8,68E+12;YÜKSEL ECZANESİ;CORUM MERKEZ -3;GRİPORT COLD;Griport Cold 20 Film Kaplı Tablet;12;4;16;1.010;
29.06.2026;SELÇUK ECZA DEPOSU;SELÇUK SAMSUN;8,68E+12;AKMAN ECZANESİ;CORUM MERKEZ -2;GRİPORT COLD;Griport Cold 20 Film Kaplı Tablet;12;4;16;1.010;
16.06.2026;SELÇUK ECZA DEPOSU;SELÇUK SAMSUN;8,68E+12;SAĞLIK ECZANESİ;CORUM MERKEZ -2;GRİPORT COLD;Griport Cold 20 Film Kaplı Tablet;12;4;16;1.010;
3.06.2026;ALLIANCE HEALTHCARE;AH SAMSUN;8,68E+12;EĞİTİM ECZANESİ;CORUM MERKEZ -1;GRİPORT COLD;Griport Cold 20 Film Kaplı Tablet;12;4;16;1.010;
15.06.2026;SELÇUK ECZA DEPOSU;SELÇUK SAMSUN;8,68E+12;SÖNMEZ ECZANESİ;CORUM MERKEZ -2;GRİPORT COLD;Griport Cold 20 Film Kaplı Tablet;12;4;16;1.010;
16.06.2026;NEVZAT ECZA DEPOSU;NEVZAT SAMSUN;8,68E+12;KALENDER ECZANESİ;CORUM MERKEZ -2;GRİPORT COLD;Griport Cold 20 Film Kaplı Tablet;12;4;16;1.010;
26.06.2026;SELÇUK ECZA DEPOSU;SELÇUK ERZURUM;8,68E+12;TURGUT ECZANESİ;ERZURUM MERKEZ -3;GRİPORT COLD;Griport Cold 20 Film Kaplı Tablet;12;4;16;1.010;
10.06.2026;NEVZAT ECZA DEPOSU;NEVZAT ERZURUM;8,68E+12;YENİ BÖLGE ECZANESİ;ERZURUM MERKEZ -3;GRİPORT COLD;Griport Cold 20 Film Kaplı Tablet;12;4;16;1.010;
17.06.2026;SELÇUK ECZA DEPOSU;SELÇUK ERZURUM;8,68E+12;SÜPHAN ECZANESİ;ERZURUM MERKEZ -3;GRİPORT COLD;Griport Cold 20 Film Kaplı Tablet;12;4;16;1.010;
21.06.2026;SELÇUK ECZA DEPOSU;SELÇUK ERZURUM;8,68E+12;ERENLER ECZANESİ;ERZURUM MERKEZ -1;GRİPORT COLD;Griport Cold 20 Film Kaplı Tablet;12;4;16;1.010;
16.06.2026;SELÇUK ECZA DEPOSU;SELÇUK ERZURUM;8,68E+12;DOĞU ECZANESİ;ERZURUM MERKEZ -1;GRİPORT COLD;Griport Cold 20 Film Kaplı Tablet;12;4;16;1.010;
3.06.2026;SELÇUK ECZA DEPOSU;SELÇUK ERZURUM;8,68E+12;ŞÜHEDA ECZANESİ;ERZURUM MERKEZ -2;GRİPORT COLD;Griport Cold 20 Film Kaplı Tablet;12;4;16;1.010;
20.06.2026;NEVZAT ECZA DEPOSU;NEVZAT ERZURUM;8,68E+12;BAYSAL ECZANESİ;ERZURUM MERKEZ -1;GRİPORT COLD;Griport Cold 20 Film Kaplı Tablet;12;4;16;1.010;
21.06.2026;SELÇUK ECZA DEPOSU;SELÇUK ERZURUM;8,68E+12;SEFA ECZANESİ;ERZURUM MERKEZ -3;GRİPORT COLD;Griport Cold 20 Film Kaplı Tablet;12;4;16;1.010;
8.06.2026;SELÇUK ECZA DEPOSU;SELÇUK ERZURUM;8,68E+12;BİZİM ECZANESİ;ERZURUM MERKEZ -3;GRİPORT COLD;Griport Cold 20 Film Kaplı Tablet;12;4;16;1.010;
13.06.2026;SELÇUK ECZA DEPOSU;SELÇUK ERZURUM;8,68E+12;HİLALKENT ECZANESİ;ERZURUM MERKEZ -1;GRİPORT COLD;Griport Cold 20 Film Kaplı Tablet;12;4;16;1.010;
5.06.2026;SELÇUK ECZA DEPOSU;SELÇUK ERZURUM;8,68E+12;GEZ ECZANESİ;ERZURUM MERKEZ -1;GRİPORT COLD;Griport Cold 20 Film Kaplı Tablet;12;4;16;1.010;
1.06.2026;ALLIANCE HEALTHCARE;AH TRABZON;8,68E+12;HAYAT ECZANESİ;GUMUSHANE;GRİPORT COLD;Griport Cold 20 Film Kaplı Tablet;12;4;16;1.010;
2.06.2026;ALLIANCE HEALTHCARE;AH ORDU;8,68E+12;GÖKALP ECZANESİ;GIRESUN MERKEZ -2;GRİPORT COLD;Griport Cold 20 Film Kaplı Tablet;12;4;16;1.010;
12.06.2026;ALLIANCE HEALTHCARE;AH ORDU;8,68E+12;BEKTAŞOĞLU ECZANESİ;GIRESUN MERKEZ -1;GRİPORT COLD;Griport Cold 20 Film Kaplı Tablet;12;4;16;1.010;
25.06.2026;ALLIANCE HEALTHCARE;AH ORDU;8,68E+12;ŞİFA ECZANESİ;ORDU MERKEZ -3;GRİPORT COLD;Griport Cold 20 Film Kaplı Tablet;12;4;16;1.010;
5.06.2026;NEVZAT ECZA DEPOSU;NEVZAT TRABZON;8,68E+12;SENA ECZANESİ;ORDU FATSA;GRİPORT COLD;Griport Cold 20 Film Kaplı Tablet;12;4;16;1.010;
17.06.2026;NEVZAT ECZA DEPOSU;NEVZAT TRABZON;8,68E+12;TİYALOĞLU ECZANESİ;ORDU UNYE;GRİPORT COLD;Griport Cold 20 Film Kaplı Tablet;12;4;16;1.010;
2.06.2026;SELÇUK ECZA DEPOSU;SELÇUK SAMSUN;8,68E+12;DURU ECZANESİ;ORDU MERKEZ -3;GRİPORT COLD;Griport Cold 20 Film Kaplı Tablet;12;4;16;1.010;
28.06.2026;ALLIANCE HEALTHCARE;AH TRABZON;8,68E+12;FINDIKLI ECZANESİ;RIZE DOGU ILCELER;GRİPORT COLD;Griport Cold 20 Film Kaplı Tablet;12;4;16;1.010;
1.06.2026;ALLIANCE HEALTHCARE;AH SAMSUN;8,68E+12;LİMAN ECZANESİ;SAMSUN ATAKUM;GRİPORT COLD;Griport Cold 20 Film Kaplı Tablet;12;4;16;1.010;
18.06.2026;ALLIANCE HEALTHCARE;AH SAMSUN;8,68E+12;DERMAN ECZANESİ;SAMSUN BAFRA;GRİPORT COLD;Griport Cold 20 Film Kaplı Tablet;12;4;16;1.010;
1.06.2026;SELÇUK ECZA DEPOSU;SELÇUK SAMSUN;8,68E+12;MERVE ECZANESİ;SINOP DOGU-BATI ILCELER;GRİPORT COLD;Griport Cold 20 Film Kaplı Tablet;12;4;16;1.010;
16.06.2026;SELÇUK ECZA DEPOSU;SELÇUK SAMSUN;8,68E+12;ANIL ECZANESİ;SIVAS MERKEZ -2;GRİPORT COLD;Griport Cold 20 Film Kaplı Tablet;12;4;16;1.010;
18.06.2026;SELÇUK ECZA DEPOSU;SELÇUK SAMSUN;8,68E+12;ASLAN ECZANESİ;SIVAS MERKEZ -4;GRİPORT COLD;Griport Cold 20 Film Kaplı Tablet;12;4;16;1.010;
8.06.2026;SELÇUK ECZA DEPOSU;SELÇUK SAMSUN;8,68E+12;AKIN ECZANESİ;SIVAS MERKEZ -2;GRİPORT COLD;Griport Cold 20 Film Kaplı Tablet;12;4;16;1.010;
5.06.2026;ALLIANCE HEALTHCARE;AH TRABZON;8,68E+12;AKAR ECZANESİ;TRABZON DOGU ILCELER - 2;GRİPORT COLD;Griport Cold 20 Film Kaplı Tablet;12;4;16;1.010;
10.06.2026;ALLIANCE HEALTHCARE;AH SAMSUN;8,68E+12;DUYGU ECZANESİ;TOKAT ERBAA;GRİPORT COLD;Griport Cold 20 Film Kaplı Tablet;12;4;16;1.010;
25.06.2026;SELÇUK ECZA DEPOSU;SELÇUK SAMSUN;8,68E+12;LOKMAN ECZANESİ;TOKAT ERBAA;GRİPORT COLD;Griport Cold 20 Film Kaplı Tablet;12;4;16;1.010;
18.06.2026;ALLIANCE HEALTHCARE;AH SAMSUN;8,68E+12;HAKAN ECZANESİ;TOKAT ERBAA;GRİPORT COLD;Griport Cold 20 Film Kaplı Tablet;12;4;16;1.010;
26.06.2026;ALLIANCE HEALTHCARE;AH TRABZON;8,68E+12;NUHOĞLU ECZANESİ;TRABZON AKCAABAT;GRİPORT COLD;Griport Cold 20 Film Kaplı Tablet;12;4;16;1.010;
26.06.2026;SELÇUK ECZA DEPOSU;SELÇUK TRABZON;8,68E+12;GÜNER ECZANESİ;TRABZON AKCAABAT;GRİPORT COLD;Griport Cold 20 Film Kaplı Tablet;12;4;16;1.010;
24.06.2026;SELÇUK ECZA DEPOSU;SELÇUK TRABZON;8,68E+12;ÖMÜR ECZANESİ;GIRESUN MERKEZ -2;GRİPORT COLD;Griport Cold 20 Film Kaplı Tablet;12;4;16;1.010;
23.06.2026;ALLIANCE HEALTHCARE;AH TRABZON;8,68E+12;MERKEZ ECZANESİ;GUMUSHANE;GRİPORT COLD;Griport Cold 20 Film Kaplı Tablet;12;4;16;1.010;
11.06.2026;ALLIANCE HEALTHCARE;AH TRABZON;8,68E+12;EYLÜL ECZANESİ;GUMUSHANE;GRİPORT COLD;Griport Cold 20 Film Kaplı Tablet;12;4;16;1.010;
25.06.2026;ALLIANCE HEALTHCARE;AH SAMSUN;8,68E+12;CAN ECZANESİ;SAMSUN ATAKENT+19 MAYIS;GRİPORT COLD;Griport Cold 20 Film Kaplı Tablet;12;4;16;1.010;
5.06.2026;NEVZAT ECZA DEPOSU;NEVZAT TRABZON;8,68E+12;FARABİ ECZANESİ;TRABZON MERKEZ -3;GRİPORT COLD;Griport Cold 20 Film Kaplı Tablet;12;4;16;1.010;
15.06.2026;NEVZAT ECZA DEPOSU;NEVZAT SAMSUN;8,68E+12;DAMLA ECZANESİ;SAMSUN ATAKENT+19 MAYIS;GRİPORT COLD;Griport Cold 20 Film Kaplı Tablet;12;4;16;1.010;
5.06.2026;NEVZAT ECZA DEPOSU;NEVZAT TRABZON;8,68E+12;ÜNİVERSİTE ECZANESİ;TRABZON MERKEZ -3;GRİPORT COLD;Griport Cold 20 Film Kaplı Tablet;12;4;16;1.010;
7.06.2026;ALLIANCE HEALTHCARE;AH TRABZON;8,68E+12;SAĞLIK ECZANESİ;GUMUSHANE;GRİPORT COLD;Griport Cold 20 Film Kaplı Tablet;12;4;16;1.010;
11.06.2026;NEVZAT ECZA DEPOSU;NEVZAT SAMSUN;8,68E+12;HASKÖY NALAN ECZANESİ;SAMSUN CANIK;GRİPORT COLD;Griport Cold 20 Film Kaplı Tablet;12;4;16;1.010;
14.06.2026;SELÇUK ECZA DEPOSU;SELÇUK ERZURUM;8,68E+12;UZUN ECZANESİ;ERZURUM MERKEZ -3;GRİPORT COLD;Griport Cold 20 Film Kaplı Tablet;12;4;16;1.010;
14.06.2026;SELÇUK ECZA DEPOSU;SELÇUK ERZURUM;8,68E+12;UZUN ECZANESİ;ERZURUM MERKEZ -3;GRİPORT COLD;Griport Cold 20 Film Kaplı Tablet;12;4;16;1.010;
1.06.2026;SELÇUK ECZA DEPOSU;SELÇUK ERZURUM;8,68E+12;DADAŞKENT ECZANESİ;ERZURUM KUZEY ILCELER;GRİPORT COLD;Griport Cold 20 Film Kaplı Tablet;12;4;16;1.010;
3.06.2026;SELÇUK ECZA DEPOSU;SELÇUK ERZURUM;8,68E+12;ÖZPOLAT ECZANESİ;ERZURUM KUZEY ILCELER;GRİPORT COLD;Griport Cold 20 Film Kaplı Tablet;12;4;16;1.010;
12.06.2026;NEVZAT ECZA DEPOSU;NEVZAT ERZURUM;8,68E+12;DERMAN ECZANESİ;ERZURUM MERKEZ -3;GRİPORT COLD;Griport Cold 20 Film Kaplı Tablet;12;4;16;1.010;
20.06.2026;SELÇUK ECZA DEPOSU;SELÇUK ERZURUM;8,68E+12;FATİH ECZANESİ;ERZURUM MERKEZ -2;GRİPORT COLD;Griport Cold 20 Film Kaplı Tablet;12;4;16;1.010;
21.06.2026;SELÇUK ECZA DEPOSU;SELÇUK SAMSUN;8,68E+12;SERHAT KANTAR ECZANESİ;CORUM MERKEZ -3;GRİPORT COLD;Griport Cold 20 Film Kaplı Tablet;12;4;16;1.010;
6.06.2026;ALLIANCE HEALTHCARE;AH TRABZON;8,68E+12;KİBAROĞLU ECZANESİ;RIZE DOGU ILCELER;GRİPORT COLD;Griport Cold 20 Film Kaplı Tablet;12;4;16;1.010;
6.06.2026;ALLIANCE HEALTHCARE;AH ORDU;8,68E+12;DOĞA ECZANESİ;GIRESUN MERKEZ -2;GRİPORT COLD;Griport Cold 20 Film Kaplı Tablet;12;4;16;1.010;
18.06.2026;ALLIANCE HEALTHCARE;AH SAMSUN;8,68E+12;MİLÖNÜ ECZANESİ;CORUM MERKEZ -2;GRİPORT COLD;Griport Cold 20 Film Kaplı Tablet;12;4;16;1.010;
5.06.2026;SELÇUK ECZA DEPOSU;SELÇUK ERZURUM;8,68E+12;KÜÇÜKBEY ECZANESİ;ERZURUM MERKEZ -3;GRİPORT COLD;Griport Cold 20 Film Kaplı Tablet;12;4;16;1.010;
9.06.2026;SELÇUK ECZA DEPOSU;SELÇUK TRABZON;8,68E+12;FURKAN BUCAN ECZANESİ;RIZE DOGU ILCELER;GRİPORT COLD;Griport Cold 20 Film Kaplı Tablet;12;4;16;1.010;
18.06.2026;SELÇUK ECZA DEPOSU;SELÇUK TRABZON;8,68E+12;GÜNEŞ ECZANESİ;RIZE BATI ILCELER;GRİPORT COLD;Griport Cold 20 Film Kaplı Tablet;12;4;16;1.010;
5.06.2026;SELÇUK ECZA DEPOSU;SELÇUK TRABZON;8,68E+12;MERVE ECZANESİ;TRABZON DOGU ILCELER - 2;GRİPORT COLD;Griport Cold 20 Film Kaplı Tablet;12;4;16;1.010;
4.06.2026;SELÇUK ECZA DEPOSU;SELÇUK TRABZON;8,68E+12;YAREN ECZANESİ;GUMUSHANE;GRİPORT COLD;Griport Cold 20 Film Kaplı Tablet;12;4;16;1.010;
10.06.2026;SELÇUK ECZA DEPOSU;SELÇUK SAMSUN;8,68E+12;AKASYA ECZANESİ;SIVAS MERKEZ -4;GRİPORT COLD;Griport Cold 20 Film Kaplı Tablet;12;4;16;1.010;
2.06.2026;NEVZAT ECZA DEPOSU;NEVZAT SAMSUN;8,68E+12;EKİN ECZANESİ;CORUM MERKEZ -2;GRİPORT COLD;Griport Cold 20 Film Kaplı Tablet;12;4;16;1.010;
11.06.2026;SELÇUK ECZA DEPOSU;SELÇUK SAMSUN;8,68E+12;ALİBABA ECZANESİ;SIVAS MERKEZ -2;GRİPORT COLD;Griport Cold 20 Film Kaplı Tablet;12;4;16;1.010;
2.06.2026;SELÇUK ECZA DEPOSU;SELÇUK ERZURUM;8,68E+12;BETÜL ECZANESİ;ERZURUM MERKEZ -3;GRİPORT COLD;Griport Cold 20 Film Kaplı Tablet;12;4;16;1.010;
12.06.2026;ALLIANCE HEALTHCARE;AH TRABZON;8,68E+12;MORDUT ECZANESİ;GUMUSHANE;GRİPORT COLD;Griport Cold 20 Film Kaplı Tablet;12;4;16;1.010;
1.06.2026;ALLIANCE HEALTHCARE;AH SAMSUN;8,68E+12;TEKNECİ ECZANESİ;AMASYA MERZIFON;ACİDPASS;Acidpass 10/800/165 mg 12 Çiğneme Tablet;11;1;12;1.235;
8.06.2026;ALLIANCE HEALTHCARE;AH SAMSUN;8,68E+12;RASATHANE ECZANESİ;SAMSUN HURRIYET+ZAFER;PANOCER;Panocer 40 mg 28 Enterik Kaplı Tablet;11;3;14;1.158;
2.06.2026;SELÇUK ECZA DEPOSU;SELÇUK ERZURUM;8,68E+12;BEYZADE ECZANESİ;AGRI ILCELER;ACİDPASS;Acidpass 10/800/165 mg 12 Çiğneme Tablet;10;1;11;1.122;
10.06.2026;ALLIANCE HEALTHCARE;AH ORDU;8,68E+12;SAHİL ECZANESİ;ORDU FATSA;ACİDPASS;Acidpass 10/800/165 mg 12 Çiğneme Tablet;10;1;11;1.122;
25.06.2026;SELÇUK ECZA DEPOSU;SELÇUK ERZURUM;8,68E+12;DİLAN ECZANESİ;AGRI DIYADIN+D.BEYAZIT;ACİDPASS;Acidpass 10/800/165 mg 12 Çiğneme Tablet;10;1;11;1.122;
3.06.2026;SELÇUK ECZA DEPOSU;SELÇUK ERZURUM;8,68E+12;YAŞAM ECZANESİ;AGRI MERKEZ;ACİDPASS;Acidpass 10/800/165 mg 12 Çiğneme Tablet;10;1;11;1.122;
12.06.2026;SELÇUK ECZA DEPOSU;SELÇUK ERZURUM;8,68E+12;IŞIK ECZANESİ;AGRI ILCELER;ACİDPASS;Acidpass 10/800/165 mg 12 Çiğneme Tablet;10;1;11;1.122;
8.06.2026;SELÇUK ECZA DEPOSU;SELÇUK ERZURUM;8,68E+12;ZARİF ECZANESİ;AGRI MERKEZ;ACİDPASS;Acidpass 10/800/165 mg 12 Çiğneme Tablet;10;1;11;1.122;
10.06.2026;ALLIANCE HEALTHCARE;AH SAMSUN;8,68E+12;ÖMÜR ECZANESİ;AMASYA ILCELER;ACİDPASS;Acidpass 10/800/165 mg 12 Çiğneme Tablet;10;1;11;1.122;
29.06.2026;ALLIANCE HEALTHCARE;AH SAMSUN;8,68E+12;AYDINLAR ECZANESİ;AMASYA GOYNUCEK+TASOVA;ACİDPASS;Acidpass 10/800/165 mg 12 Çiğneme Tablet;10;1;11;1.122;
10.06.2026;ALLIANCE HEALTHCARE;AH SAMSUN;8,68E+12;KÜBRA ECZANESİ;AMASYA MERKEZ -1;ACİDPASS;Acidpass 10/800/165 mg 12 Çiğneme Tablet;10;1;11;1.122;
19.06.2026;ALLIANCE HEALTHCARE;AH SAMSUN;8,68E+12;KÜBRA ECZANESİ;AMASYA MERKEZ -1;ACİDPASS;Acidpass 10/800/165 mg 12 Çiğneme Tablet;10;1;11;1.122;
1.06.2026;NEVZAT ECZA DEPOSU;NEVZAT SAMSUN;8,68E+12;ÖMÜR ECZANESİ;AMASYA ILCELER;ACİDPASS;Acidpass 10/800/165 mg 12 Çiğneme Tablet;10;1;11;1.122;
4.06.2026;ALLIANCE HEALTHCARE;AH SAMSUN;8,68E+12;FATİH ECZANESİ;AMASYA MERKEZ -2;ACİDPASS;Acidpass 10/800/165 mg 12 Çiğneme Tablet;10;1;11;1.122;
1.06.2026;NEVZAT ECZA DEPOSU;NEVZAT SAMSUN;8,68E+12;ŞİFA ECZANESİ;AMASYA ILCELER;ACİDPASS;Acidpass 10/800/165 mg 12 Çiğneme Tablet;10;1;11;1.122;
30.06.2026;ALLIANCE HEALTHCARE;AH SAMSUN;8,68E+12;ERCAN ECZANESİ;AMASYA MERZIFON;ACİDPASS;Acidpass 10/800/165 mg 12 Çiğneme Tablet;10;1;11;1.122;
1.06.2026;NEVZAT ECZA DEPOSU;NEVZAT SAMSUN;8,68E+12;ŞİFA ECZANESİ;AMASYA ILCELER;ACİDPASS;Acidpass 10/800/165 mg 12 Çiğneme Tablet;10;1;11;1.122;
19.06.2026;ALLIANCE HEALTHCARE;AH SAMSUN;8,68E+12;FATİH ECZANESİ;AMASYA MERKEZ -2;ACİDPASS;Acidpass 10/800/165 mg 12 Çiğneme Tablet;10;1;11;1.122;
25.06.2026;NEVZAT ECZA DEPOSU;NEVZAT SAMSUN;8,68E+12;ÇELİK ECZANESİ;AMASYA MERZIFON;ACİDPASS;Acidpass 10/800/165 mg 12 Çiğneme Tablet;10;1;11;1.122;
11.06.2026;ALLIANCE HEALTHCARE;AH SAMSUN;8,68E+12;KEREM ECZANESİ;AMASYA MERZIFON;ACİDPASS;Acidpass 10/800/165 mg 12 Çiğneme Tablet;10;1;11;1.122;
1.06.2026;ALLIANCE HEALTHCARE;AH SAMSUN;8,68E+12;KEREM ECZANESİ;AMASYA MERZIFON;ACİDPASS;Acidpass 10/800/165 mg 12 Çiğneme Tablet;10;1;11;1.122;
4.06.2026;ALLIANCE HEALTHCARE;AH SAMSUN;8,68E+12;SARAÇOĞLU ECZANESİ;AMASYA MERKEZ -2;ACİDPASS;Acidpass 10/800/165 mg 12 Çiğneme Tablet;10;1;11;1.122;
12.06.2026;SELÇUK ECZA DEPOSU;SELÇUK SAMSUN;8,68E+12;HAZNECİ ECZANESİ;AMASYA MERZIFON;ACİDPASS;Acidpass 10/800/165 mg 12 Çiğneme Tablet;10;1;11;1.122;
1.06.2026;SELÇUK ECZA DEPOSU;SELÇUK SAMSUN;8,68E+12;SAĞLIK ECZANESİ;AMASYA MERKEZ -1;ACİDPASS;Acidpass 10/800/165 mg 12 Çiğneme Tablet;10;1;11;1.122;
2.06.2026;SELÇUK ECZA DEPOSU;SELÇUK SAMSUN;8,68E+12;MUTLU ECZANESİ;AMASYA ILCELER;ACİDPASS;Acidpass 10/800/165 mg 12 Çiğneme Tablet;10;1;11;1.122;
25.06.2026;SELÇUK ECZA DEPOSU;SELÇUK SAMSUN;8,68E+12;BERRİN ECZANESİ;AMASYA MERZIFON;ACİDPASS;Acidpass 10/800/165 mg 12 Çiğneme Tablet;10;1;11;1.122;
29.06.2026;NEVZAT ECZA DEPOSU;NEVZAT SAMSUN;8,68E+12;YENİ ECZANESİ;AMASYA MERZIFON;ACİDPASS;Acidpass 10/800/165 mg 12 Çiğneme Tablet;10;1;11;1.122;
12.06.2026;NEVZAT ECZA DEPOSU;NEVZAT SAMSUN;8,68E+12;YENİ ECZANESİ;AMASYA MERZIFON;ACİDPASS;Acidpass 10/800/165 mg 12 Çiğneme Tablet;10;1;11;1.122;
8.06.2026;SELÇUK ECZA DEPOSU;SELÇUK SAMSUN;8,68E+12;TEKNECİ ECZANESİ;AMASYA MERZIFON;ACİDPASS;Acidpass 10/800/165 mg 12 Çiğneme Tablet;10;1;11;1.122;
17.06.2026;ALLIANCE HEALTHCARE;AH SAMSUN;8,68E+12;BESTE ECZANESİ;AMASYA MERKEZ -2;ACİDPASS;Acidpass 10/800/165 mg 12 Çiğneme Tablet;10;1;11;1.122;
12.06.2026;SELÇUK ECZA DEPOSU;SELÇUK SAMSUN;8,68E+12;ÖZLEM ECZANESİ;AMASYA ILCELER;ACİDPASS;Acidpass 10/800/165 mg 12 Çiğneme Tablet;10;1;11;1.122;
19.06.2026;ALLIANCE HEALTHCARE;AH SAMSUN;8,68E+12;SAYGIN ECZANESİ;AMASYA MERKEZ -2;ACİDPASS;Acidpass 10/800/165 mg 12 Çiğneme Tablet;10;1;11;1.122;
5.06.2026;SELÇUK ECZA DEPOSU;SELÇUK TRABZON;8,68E+12;ÇAMLICA ECZANESİ;ARTVIN MERKEZ+DOGU+GUNEY;ACİDPASS;Acidpass 10/800/165 mg 12 Çiğneme Tablet;10;1;11;1.122;
4.06.2026;ALLIANCE HEALTHCARE;AH TRABZON;8,68E+12;ÖZIŞIK ECZANESİ;ARTVIN MERKEZ+DOGU+GUNEY;ACİDPASS;Acidpass 10/800/165 mg 12 Çiğneme Tablet;10;1;11;1.122;
23.06.2026;ALLIANCE HEALTHCARE;AH TRABZON;8,68E+12;MELTEM ECZANESİ;ARTVIN MERKEZ+DOGU+GUNEY;ACİDPASS;Acidpass 10/800/165 mg 12 Çiğneme Tablet;10;1;11;1.122;
4.06.2026;SELÇUK ECZA DEPOSU;SELÇUK TRABZON;8,68E+12;HAYAT ECZANESİ;ARTVIN KUZEY ILCELER;ACİDPASS;Acidpass 10/800/165 mg 12 Çiğneme Tablet;10;1;11;1.122;
16.06.2026;ALLIANCE HEALTHCARE;AH TRABZON;8,68E+12;TURNA ECZANESİ;ARTVIN KUZEY ILCELER;ACİDPASS;Acidpass 10/800/165 mg 12 Çiğneme Tablet;10;1;11;1.122;
26.06.2026;SELÇUK ECZA DEPOSU;SELÇUK TRABZON;8,68E+12;TURNA ECZANESİ;ARTVIN KUZEY ILCELER;ACİDPASS;Acidpass 10/800/165 mg 12 Çiğneme Tablet;10;1;11;1.122;
17.06.2026;SELÇUK ECZA DEPOSU;SELÇUK TRABZON;8,68E+12;HAKAN ECZANESİ;ARTVIN MERKEZ+DOGU+GUNEY;ACİDPASS;Acidpass 10/800/165 mg 12 Çiğneme Tablet;10;1;11;1.122;
12.06.2026;ALLIANCE HEALTHCARE;AH TRABZON;8,68E+12;YASEMİN ECZANESİ;ARTVIN KUZEY ILCELER;ACİDPASS;Acidpass 10/800/165 mg 12 Çiğneme Tablet;10;1;11;1.122;
2.06.2026;SELÇUK ECZA DEPOSU;SELÇUK TRABZON;8,68E+12;SERHAT ECZANESİ;ARTVIN MERKEZ+DOGU+GUNEY;ACİDPASS;Acidpass 10/800/165 mg 12 Çiğneme Tablet;10;1;11;1.122;
29.06.2026;SELÇUK ECZA DEPOSU;SELÇUK TRABZON;8,68E+12;SERHAT ECZANESİ;ARTVIN MERKEZ+DOGU+GUNEY;ACİDPASS;Acidpass 10/800/165 mg 12 Çiğneme Tablet;10;1;11;1.122;
11.06.2026;ALLIANCE HEALTHCARE;AH TRABZON;8,68E+12;KOÇAK ECZANESİ;ARTVIN MERKEZ+DOGU+GUNEY;ACİDPASS;Acidpass 10/800/165 mg 12 Çiğneme Tablet;10;1;11;1.122;
15.06.2026;SELÇUK ECZA DEPOSU;SELÇUK TRABZON;8,68E+12;AYÇA ECZANESİ;ARTVIN KUZEY ILCELER;ACİDPASS;Acidpass 10/800/165 mg 12 Çiğneme Tablet;10;1;11;1.122;
25.06.2026;ALLIANCE HEALTHCARE;AH TRABZON;8,68E+12;YAĞMUR ECZANESİ;ARTVIN MERKEZ+DOGU+GUNEY;ACİDPASS;Acidpass 10/800/165 mg 12 Çiğneme Tablet;10;1;11;1.122;
3.06.2026;SELÇUK ECZA DEPOSU;SELÇUK TRABZON;8,68E+12;BAYRAKTAR ECZANESİ;ARTVIN KUZEY ILCELER;ACİDPASS;Acidpass 10/800/165 mg 12 Çiğneme Tablet;10;1;11;1.122;
1.06.2026;SELÇUK ECZA DEPOSU;SELÇUK TRABZON;8,68E+12;BAYRAKTAR ECZANESİ;ARTVIN KUZEY ILCELER;ACİDPASS;Acidpass 10/800/165 mg 12 Çiğneme Tablet;10;1;11;1.122;
12.06.2026;SELÇUK ECZA DEPOSU;SELÇUK TRABZON;8,68E+12;JÜLİDE NAZLI ECZANESİ;ARTVIN KUZEY ILCELER;ACİDPASS;Acidpass 10/800/165 mg 12 Çiğneme Tablet;10;1;11;1.122;
22.06.2026;ALLIANCE HEALTHCARE;AH SAMSUN;8,68E+12;BİLGE ECZANESİ;CORUM MERKEZ -2;ACİDPASS;Acidpass 10/800/165 mg 12 Çiğneme Tablet;10;1;11;1.122;
26.06.2026;ALLIANCE HEALTHCARE;AH SAMSUN;8,68E+12;ÇAĞLI ECZANESİ;CORUM MERKEZ -1;ACİDPASS;Acidpass 10/800/165 mg 12 Çiğneme Tablet;10;1;11;1.122;
8.06.2026;ALLIANCE HEALTHCARE;AH SAMSUN;8,68E+12;ÇAĞLI ECZANESİ;CORUM MERKEZ -1;ACİDPASS;Acidpass 10/800/165 mg 12 Çiğneme Tablet;10;1;11;1.122;
26.06.2026;SELÇUK ECZA DEPOSU;SELÇUK SAMSUN;8,68E+12;FUNDA ÜNAL ECZANESİ;CORUM KUZEY ILCELER;ACİDPASS;Acidpass 10/800/165 mg 12 Çiğneme Tablet;10;1;11;1.122;
5.06.2026;ALLIANCE HEALTHCARE;AH SAMSUN;8,68E+12;ESER ECZANESİ;CORUM MERKEZ -1;ACİDPASS;Acidpass 10/800/165 mg 12 Çiğneme Tablet;10;1;11;1.122;
1.06.2026;ALLIANCE HEALTHCARE;AH SAMSUN;8,68E+12;HİCRET ECZANESİ;CORUM GUNEYDOGU ILCELER;ACİDPASS;Acidpass 10/800/165 mg 12 Çiğneme Tablet;10;1;11;1.122;
10.06.2026;SELÇUK ECZA DEPOSU;SELÇUK SAMSUN;8,68E+12;ELİF ECZANESİ;CORUM MERKEZ -1;ACİDPASS;Acidpass 10/800/165 mg 12 Çiğneme Tablet;10;1;11;1.122;
12.06.2026;SELÇUK ECZA DEPOSU;SELÇUK SAMSUN;8,68E+12;BÜYÜK ECZANESİ;CORUM MERKEZ -2;ACİDPASS;Acidpass 10/800/165 mg 12 Çiğneme Tablet;10;1;11;1.122;
2.06.2026;SELÇUK ECZA DEPOSU;SELÇUK SAMSUN;8,68E+12;KAFKAS ECZANESİ;CORUM GUNEYDOGU ILCELER;ACİDPASS;Acidpass 10/800/165 mg 12 Çiğneme Tablet;10;1;11;1.122;
8.06.2026;SELÇUK ECZA DEPOSU;SELÇUK SAMSUN;8,68E+12;KARAKAŞLI ECZANESİ;CORUM MERKEZ -2;ACİDPASS;Acidpass 10/800/165 mg 12 Çiğneme Tablet;10;1;11;1.122;
26.06.2026;SELÇUK ECZA DEPOSU;SELÇUK SAMSUN;8,68E+12;KAFKAS ECZANESİ;CORUM GUNEYDOGU ILCELER;ACİDPASS;Acidpass 10/800/165 mg 12 Çiğneme Tablet;10;1;11;1.122;
23.06.2026;NEVZAT ECZA DEPOSU;NEVZAT SAMSUN;8,68E+12;ENGİNİN ECZANESİ;CORUM GUNEYDOGU ILCELER;ACİDPASS;Acidpass 10/800/165 mg 12 Çiğneme Tablet;10;1;11;1.122;
8.06.2026;SELÇUK ECZA DEPOSU;SELÇUK SAMSUN;8,68E+12;ENGİNİN ECZANESİ;CORUM GUNEYDOGU ILCELER;ACİDPASS;Acidpass 10/800/165 mg 12 Çiğneme Tablet;10;1;11;1.122;
15.06.2026;SELÇUK ECZA DEPOSU;SELÇUK SAMSUN;8,68E+12;HABOĞLU ECZANESİ;CORUM MERKEZ -2;ACİDPASS;Acidpass 10/800/165 mg 12 Çiğneme Tablet;10;1;11;1.122;
8.06.2026;SELÇUK ECZA DEPOSU;SELÇUK SAMSUN;8,68E+12;GÜNAYDIN ECZANESİ;CORUM MERKEZ -3;ACİDPASS;Acidpass 10/800/165 mg 12 Çiğneme Tablet;10;1;11;1.122;
15.06.2026;ALLIANCE HEALTHCARE;AH SAMSUN;8,68E+12;ŞAHİN ECZANESİ;CORUM MERKEZ -3;ACİDPASS;Acidpass 10/800/165 mg 12 Çiğneme Tablet;10;1;11;1.122;
21.06.2026;NEVZAT ECZA DEPOSU;NEVZAT SAMSUN;8,68E+12;GÜNEŞ ECZANESİ;CORUM MERKEZ -2;ACİDPASS;Acidpass 10/800/165 mg 12 Çiğneme Tablet;10;1;11;1.122;
25.06.2026;ALLIANCE HEALTHCARE;AH SAMSUN;8,68E+12;AKMAN ECZANESİ;CORUM MERKEZ -2;ACİDPASS;Acidpass 10/800/165 mg 12 Çiğneme Tablet;10;1;11;1.122;
5.06.2026;SELÇUK ECZA DEPOSU;SELÇUK SAMSUN;8,68E+12;LEBLEBİCİOĞLU ECZANESİ;CORUM MERKEZ -1;ACİDPASS;Acidpass 10/800/165 mg 12 Çiğneme Tablet;10;1;11;1.122;
26.06.2026;SELÇUK ECZA DEPOSU;SELÇUK SAMSUN;8,68E+12;ÖNAL ECZANESİ;CORUM MERKEZ -2;ACİDPASS;Acidpass 10/800/165 mg 12 Çiğneme Tablet;10;1;11;1.122;
3.06.2026;SELÇUK ECZA DEPOSU;SELÇUK SAMSUN;8,68E+12;ÖNAL ECZANESİ;CORUM MERKEZ -2;ACİDPASS;Acidpass 10/800/165 mg 12 Çiğneme Tablet;10;1;11;1.122;
1.06.2026;NEVZAT ECZA DEPOSU;NEVZAT SAMSUN;8,68E+12;GAZİ ECZANESİ;CORUM MERKEZ -1;ACİDPASS;Acidpass 10/800/165 mg 12 Çiğneme Tablet;10;1;11;1.122;
3.06.2026;NEVZAT ECZA DEPOSU;NEVZAT SAMSUN;8,68E+12;YASEMİN ECZANESİ;CORUM MERKEZ -3;ACİDPASS;Acidpass 10/800/165 mg 12 Çiğneme Tablet;10;1;11;1.122;
25.06.2026;ALLIANCE HEALTHCARE;AH SAMSUN;8,68E+12;SEVİNÇ ECZANESİ;CORUM MERKEZ -2;ACİDPASS;Acidpass 10/800/165 mg 12 Çiğneme Tablet;10;1;11;1.122;
3.06.2026;ALLIANCE HEALTHCARE;AH SAMSUN;8,68E+12;YAREN ECZANESİ;CORUM MERKEZ -2;ACİDPASS;Acidpass 10/800/165 mg 12 Çiğneme Tablet;10;1;11;1.122;
24.06.2026;SELÇUK ECZA DEPOSU;SELÇUK ERZURUM;8,68E+12;ÇAYIRLI ECZANESİ;ERZINCAN ILCELER;ACİDPASS;Acidpass 10/800/165 mg 12 Çiğneme Tablet;10;1;11;1.122;
5.06.2026;SELÇUK ECZA DEPOSU;SELÇUK ERZURUM;8,68E+12;FERİT ECZANESİ;ERZINCAN MERKEZ;ACİDPASS;Acidpass 10/800/165 mg 12 Çiğneme Tablet;10;1;11;1.122;
8.06.2026;NEVZAT ECZA DEPOSU;NEVZAT ERZURUM;8,68E+12;HİZMET ECZANESİ;ERZINCAN MERKEZ;ACİDPASS;Acidpass 10/800/165 mg 12 Çiğneme Tablet;10;1;11;1.122;
3.06.2026;SELÇUK ECZA DEPOSU;SELÇUK ERZURUM;8,68E+12;DENİZ ECZANESİ;ERZINCAN MERKEZ;ACİDPASS;Acidpass 10/800/165 mg 12 Çiğneme Tablet;10;1;11;1.122;
10.06.2026;SELÇUK ECZA DEPOSU;SELÇUK ERZURUM;8,68E+12;ÇİÇEK ECZANESİ;ERZINCAN MERKEZ;ACİDPASS;Acidpass 10/800/165 mg 12 Çiğneme Tablet;10;1;11;1.122;
3.06.2026;SELÇUK ECZA DEPOSU;SELÇUK ERZURUM;8,68E+12;YENİ BÖLGE ECZANESİ;ERZURUM MERKEZ -3;ACİDPASS;Acidpass 10/800/165 mg 12 Çiğneme Tablet;10;1;11;1.122;
24.06.2026;SELÇUK ECZA DEPOSU;SELÇUK ERZURUM;8,68E+12;YENİ BÖLGE ECZANESİ;ERZURUM MERKEZ -3;ACİDPASS;Acidpass 10/800/165 mg 12 Çiğneme Tablet;10;1;11;1.122;
8.06.2026;NEVZAT ECZA DEPOSU;NEVZAT ERZURUM;8,68E+12;BAHAR ECZANESİ;ERZURUM MERKEZ -1;ACİDPASS;Acidpass 10/800/165 mg 12 Çiğneme Tablet;10;1;11;1.122;
10.06.2026;NEVZAT ECZA DEPOSU;NEVZAT ERZURUM;8,68E+12;ÇAĞRI ECZANESİ;ERZURUM KUZEY ILCELER;ACİDPASS;Acidpass 10/800/165 mg 12 Çiğneme Tablet;10;1;11;1.122;
19.06.2026;SELÇUK ECZA DEPOSU;SELÇUK ERZURUM;8,68E+12;HİLALKENT ECZANESİ;ERZURUM MERKEZ -1;ACİDPASS;Acidpass 10/800/165 mg 12 Çiğneme Tablet;10;1;11;1.122;
9.06.2026;SELÇUK ECZA DEPOSU;SELÇUK ERZURUM;8,68E+12;DADAŞ ECZANESİ;ERZURUM MERKEZ -3;ACİDPASS;Acidpass 10/800/165 mg 12 Çiğneme Tablet;10;1;11;1.122;
11.06.2026;ALLIANCE HEALTHCARE;AH ORDU;8,68E+12;KARADENİZ ECZANESİ;GIRESUN DOGU ILCELER -1;ACİDPASS;Acidpass 10/800/165 mg 12 Çiğneme Tablet;10;1;11;1.122;
10.06.2026;ALLIANCE HEALTHCARE;AH ORDU;8,68E+12;KARADENİZ ECZANESİ;GIRESUN DOGU ILCELER -1;ACİDPASS;Acidpass 10/800/165 mg 12 Çiğneme Tablet;10;1;11;1.122;
18.06.2026;SELÇUK ECZA DEPOSU;SELÇUK TRABZON;8,68E+12;ERAY ECZANESİ;GIRESUN DOGU ILCELER -1;ACİDPASS;Acidpass 10/800/165 mg 12 Çiğneme Tablet;10;1;11;1.122;
23.06.2026;SELÇUK ECZA DEPOSU;SELÇUK TRABZON;8,68E+12;NİSAN ECZANESİ;GIRESUN GUNEY ILCELER;ACİDPASS;Acidpass 10/800/165 mg 12 Çiğneme Tablet;10;1;11;1.122;
5.06.2026;SELÇUK ECZA DEPOSU;SELÇUK TRABZON;8,68E+12;NİSAN ECZANESİ;GIRESUN GUNEY ILCELER;ACİDPASS;Acidpass 10/800/165 mg 12 Çiğneme Tablet;10;1;11;1.122;
3.06.2026;ALLIANCE HEALTHCARE;AH ORDU;8,68E+12;AYDIN ECZANESİ;GIRESUN DOGU ILCELER -1;ACİDPASS;Acidpass 10/800/165 mg 12 Çiğneme Tablet;10;1;11;1.122;
4.06.2026;SELÇUK ECZA DEPOSU;SELÇUK TRABZON;8,68E+12;AYDIN ECZANESİ;GIRESUN DOGU ILCELER -1;ACİDPASS;Acidpass 10/800/165 mg 12 Çiğneme Tablet;10;1;11;1.122;
11.06.2026;ALLIANCE HEALTHCARE;AH ORDU;8,68E+12;DERMAN ECZANESİ;GIRESUN GUNEY ILCELER;ACİDPASS;Acidpass 10/800/165 mg 12 Çiğneme Tablet;10;1;11;1.122;
24.06.2026;ALLIANCE HEALTHCARE;AH TRABZON;8,68E+12;IŞIK ECZANESİ;GUMUSHANE;ACİDPASS;Acidpass 10/800/165 mg 12 Çiğneme Tablet;10;1;11;1.122;
7.06.2026;ALLIANCE HEALTHCARE;AH TRABZON;8,68E+12;IŞIK ECZANESİ;GUMUSHANE;ACİDPASS;Acidpass 10/800/165 mg 12 Çiğneme Tablet;10;1;11;1.122;
29.06.2026;SELÇUK ECZA DEPOSU;SELÇUK TRABZON;8,68E+12;ŞİFA ECZANESİ;GUMUSHANE;ACİDPASS;Acidpass 10/800/165 mg 12 Çiğneme Tablet;10;1;11;1.122;
15.06.2026;SELÇUK ECZA DEPOSU;SELÇUK TRABZON;8,68E+12;ŞİFA ECZANESİ;GUMUSHANE;ACİDPASS;Acidpass 10/800/165 mg 12 Çiğneme Tablet;10;1;11;1.122;
1.06.2026;ALLIANCE HEALTHCARE;AH TRABZON;8,68E+12;HAYAT ECZANESİ;GUMUSHANE;ACİDPASS;Acidpass 10/800/165 mg 12 Çiğneme Tablet;10;1;11;1.122;
19.06.2026;ALLIANCE HEALTHCARE;AH TRABZON;8,68E+12;HAYAT ECZANESİ;GUMUSHANE;ACİDPASS;Acidpass 10/800/165 mg 12 Çiğneme Tablet;10;1;11;1.122;
8.06.2026;NEVZAT ECZA DEPOSU;NEVZAT TRABZON;8,68E+12;KONAK ECZANESİ;GIRESUN DOGU ILCELER -2;ACİDPASS;Acidpass 10/800/165 mg 12 Çiğneme Tablet;10;1;11;1.122;
1.06.2026;ALLIANCE HEALTHCARE;AH ORDU;8,68E+12;DERMAN ECZANESİ;GIRESUN DOGU ILCELER -2;ACİDPASS;Acidpass 10/800/165 mg 12 Çiğneme Tablet;10;1;11;1.122;
1.06.2026;NEVZAT ECZA DEPOSU;NEVZAT TRABZON;8,68E+12;BİLGİ ECZANESİ;GIRESUN MERKEZ -1;ACİDPASS;Acidpass 10/800/165 mg 12 Çiğneme Tablet;10;1;11;1.122;
1.06.2026;SELÇUK ECZA DEPOSU;SELÇUK TRABZON;8,68E+12;MELİS ECZANESİ;GIRESUN BULANCAK+PIRAZIZ;ACİDPASS;Acidpass 10/800/165 mg 12 Çiğneme Tablet;10;1;11;1.122;
3.06.2026;SELÇUK ECZA DEPOSU;SELÇUK TRABZON;8,68E+12;MELİS ECZANESİ;GIRESUN BULANCAK+PIRAZIZ;ACİDPASS;Acidpass 10/800/165 mg 12 Çiğneme Tablet;10;1;11;1.122;
23.06.2026;ALLIANCE HEALTHCARE;AH ORDU;8,68E+12;ŞAFAK ECZANESİ;GIRESUN DOGU ILCELER -2;ACİDPASS;Acidpass 10/800/165 mg 12 Çiğneme Tablet;10;1;11;1.122;
26.06.2026;SELÇUK ECZA DEPOSU;SELÇUK TRABZON;8,68E+12;GÖKHAN ECZANESİ;GIRESUN MERKEZ -2;ACİDPASS;Acidpass 10/800/165 mg 12 Çiğneme Tablet;10;1;11;1.122;
20.06.2026;SELÇUK ECZA DEPOSU;SELÇUK TRABZON;8,68E+12;DERYA ECZANESİ;GIRESUN MERKEZ -2;ACİDPASS;Acidpass 10/800/165 mg 12 Çiğneme Tablet;10;1;11;1.122;
5.06.2026;SELÇUK ECZA DEPOSU;SELÇUK TRABZON;8,68E+12;MEYDAN ECZANESİ;GIRESUN MERKEZ -2;ACİDPASS;Acidpass 10/800/165 mg 12 Çiğneme Tablet;10;1;11;1.122;
1.06.2026;SELÇUK ECZA DEPOSU;SELÇUK TRABZON;8,68E+12;VERESELİ HAYAT ECZANESİ;GIRESUN BULANCAK+PIRAZIZ;ACİDPASS;Acidpass 10/800/165 mg 12 Çiğneme Tablet;10;1;11;1.122;
3.06.2026;ALLIANCE HEALTHCARE;AH ORDU;8,68E+12;IŞIK ECZANESİ;GIRESUN MERKEZ -2;ACİDPASS;Acidpass 10/800/165 mg 12 Çiğneme Tablet;10;1;11;1.122;
12.06.2026;SELÇUK ECZA DEPOSU;SELÇUK TRABZON;8,68E+12;KARACA ECZANESİ;GIRESUN MERKEZ -2;ACİDPASS;Acidpass 10/800/165 mg 12 Çiğneme Tablet;10;1;11;1.122;
12.06.2026;SELÇUK ECZA DEPOSU;SELÇUK TRABZON;8,68E+12;NESLİHAN ECZANESİ;GIRESUN MERKEZ -2;ACİDPASS;Acidpass 10/800/165 mg 12 Çiğneme Tablet;10;1;11;1.122;
8.06.2026;NEVZAT ECZA DEPOSU;NEVZAT TRABZON;8,68E+12;ÖZDEMİR ECZANESİ;GIRESUN BULANCAK+PIRAZIZ;ACİDPASS;Acidpass 10/800/165 mg 12 Çiğneme Tablet;10;1;11;1.122;
18.06.2026;NEVZAT ECZA DEPOSU;NEVZAT TRABZON;8,68E+12;ÖZDEMİR ECZANESİ;GIRESUN BULANCAK+PIRAZIZ;ACİDPASS;Acidpass 10/800/165 mg 12 Çiğneme Tablet;10;1;11;1.122;
22.06.2026;NEVZAT ECZA DEPOSU;NEVZAT TRABZON;8,68E+12;ÖZDEMİR ECZANESİ;GIRESUN BULANCAK+PIRAZIZ;ACİDPASS;Acidpass 10/800/165 mg 12 Çiğneme Tablet;10;1;11;1.122;
20.06.2026;SELÇUK ECZA DEPOSU;SELÇUK TRABZON;8,68E+12;ARSLAN ECZANESİ;GIRESUN BULANCAK+PIRAZIZ;ACİDPASS;Acidpass 10/800/165 mg 12 Çiğneme Tablet;10;1;11;1.122;
8.06.2026;SELÇUK ECZA DEPOSU;SELÇUK TRABZON;8,68E+12;VERESELİ HAYAT ECZANESİ;GIRESUN BULANCAK+PIRAZIZ;ACİDPASS;Acidpass 10/800/165 mg 12 Çiğneme Tablet;10;1;11;1.122;
12.06.2026;SELÇUK ECZA DEPOSU;SELÇUK TRABZON;8,68E+12;VERESELİ HAYAT ECZANESİ;GIRESUN BULANCAK+PIRAZIZ;ACİDPASS;Acidpass 10/800/165 mg 12 Çiğneme Tablet;10;1;11;1.122;
24.06.2026;SELÇUK ECZA DEPOSU;SELÇUK TRABZON;8,68E+12;VERESELİ HAYAT ECZANESİ;GIRESUN BULANCAK+PIRAZIZ;ACİDPASS;Acidpass 10/800/165 mg 12 Çiğneme Tablet;10;1;11;1.122;
16.06.2026;NEVZAT ECZA DEPOSU;NEVZAT TRABZON;8,68E+12;BULANCAK ECZANESİ;GIRESUN BULANCAK+PIRAZIZ;ACİDPASS;Acidpass 10/800/165 mg 12 Çiğneme Tablet;10;1;11;1.122;
15.06.2026;ALLIANCE HEALTHCARE;AH ORDU;8,68E+12;ŞÜKRAN ECZANESİ;GIRESUN DOGU ILCELER -2;ACİDPASS;Acidpass 10/800/165 mg 12 Çiğneme Tablet;10;1;11;1.122;
26.06.2026;SELÇUK ECZA DEPOSU;SELÇUK TRABZON;8,68E+12;EBRU ECZANESİ;GIRESUN MERKEZ -2;ACİDPASS;Acidpass 10/800/165 mg 12 Çiğneme Tablet;10;1;11;1.122;
12.06.2026;ALLIANCE HEALTHCARE;AH ORDU;8,68E+12;BEKTAŞOĞLU ECZANESİ;GIRESUN MERKEZ -1;ACİDPASS;Acidpass 10/800/165 mg 12 Çiğneme Tablet;10;1;11;1.122;
29.06.2026;SELÇUK ECZA DEPOSU;SELÇUK SAMSUN;8,68E+12;SU ECZANESİ;ORDU GUNEY ILCELER -1;ACİDPASS;Acidpass 10/800/165 mg 12 Çiğneme Tablet;10;1;11;1.122;
5.06.2026;ALLIANCE HEALTHCARE;AH ORDU;8,68E+12;ŞAFAK ECZANESİ;ORDU DOGU ILCELER;ACİDPASS;Acidpass 10/800/165 mg 12 Çiğneme Tablet;10;1;11;1.122;
15.06.2026;ALLIANCE HEALTHCARE;AH ORDU;8,68E+12;DİLA ECZANESİ;ORDU BATI ILCELER;ACİDPASS;Acidpass 10/800/165 mg 12 Çiğneme Tablet;10;1;11;1.122;
5.06.2026;SELÇUK ECZA DEPOSU;SELÇUK SAMSUN;8,68E+12;YAMANER ECZANESİ;ORDU UNYE;ACİDPASS;Acidpass 10/800/165 mg 12 Çiğneme Tablet;10;1;11;1.122;
15.06.2026;ALLIANCE HEALTHCARE;AH ORDU;8,68E+12;MERKEZ ECZANESİ;ORDU UNYE;ACİDPASS;Acidpass 10/800/165 mg 12 Çiğneme Tablet;10;1;11;1.122;
18.06.2026;ALLIANCE HEALTHCARE;AH ORDU;8,68E+12;KEREM ECZANESİ;ORDU FATSA;ACİDPASS;Acidpass 10/800/165 mg 12 Çiğneme Tablet;10;1;11;1.122;
1.06.2026;NEVZAT ECZA DEPOSU;NEVZAT TRABZON;8,68E+12;TEZEL ECZANESİ;ORDU UNYE;ACİDPASS;Acidpass 10/800/165 mg 12 Çiğneme Tablet;10;1;11;1.122;
1.06.2026;NEVZAT ECZA DEPOSU;NEVZAT TRABZON;8,68E+12;DERMAN ECZANESİ;ORDU MERKEZ -1;ACİDPASS;Acidpass 10/800/165 mg 12 Çiğneme Tablet;10;1;11;1.122;
15.06.2026;NEVZAT ECZA DEPOSU;NEVZAT TRABZON;8,68E+12;TUBA ECZANESİ;ORDU MERKEZ -3;ACİDPASS;Acidpass 10/800/165 mg 12 Çiğneme Tablet;10;1;11;1.122;
23.06.2026;NEVZAT ECZA DEPOSU;NEVZAT TRABZON;8,68E+12;SENA ECZANESİ;ORDU FATSA;ACİDPASS;Acidpass 10/800/165 mg 12 Çiğneme Tablet;10;1;11;1.122;
4.06.2026;NEVZAT ECZA DEPOSU;NEVZAT TRABZON;8,68E+12;SENA ECZANESİ;ORDU FATSA;ACİDPASS;Acidpass 10/800/165 mg 12 Çiğneme Tablet;10;1;11;1.122;
15.06.2026;SELÇUK ECZA DEPOSU;SELÇUK SAMSUN;8,68E+12;KOÇ ECZANESİ;ORDU FATSA;ACİDPASS;Acidpass 10/800/165 mg 12 Çiğneme Tablet;10;1;11;1.122;
2.06.2026;ALLIANCE HEALTHCARE;AH ORDU;8,68E+12;UĞUR ECZANESİ;ORDU MERKEZ -1;ACİDPASS;Acidpass 10/800/165 mg 12 Çiğneme Tablet;10;1;11;1.122;
5.06.2026;ALLIANCE HEALTHCARE;AH ORDU;8,68E+12;DOLUNAY ECZANESİ;ORDU FATSA;ACİDPASS;Acidpass 10/800/165 mg 12 Çiğneme Tablet;10;1;11;1.122;
16.06.2026;NEVZAT ECZA DEPOSU;NEVZAT TRABZON;8,68E+12;ÇAMAŞ ECZANESİ;ORDU GUNEY ILCELER -1;ACİDPASS;Acidpass 10/800/165 mg 12 Çiğneme Tablet;10;1;11;1.122;
3.06.2026;NEVZAT ECZA DEPOSU;NEVZAT TRABZON;8,68E+12;ÇAMAŞ ECZANESİ;ORDU GUNEY ILCELER -1;ACİDPASS;Acidpass 10/800/165 mg 12 Çiğneme Tablet;10;1;11;1.122;
8.06.2026;SELÇUK ECZA DEPOSU;SELÇUK SAMSUN;8,68E+12;ÇAĞLA ECZANESİ;ORDU DOGU ILCELER;ACİDPASS;Acidpass 10/800/165 mg 12 Çiğneme Tablet;10;1;11;1.122;
23.06.2026;ALLIANCE HEALTHCARE;AH ORDU;8,68E+12;HAYAT ECZANESİ;ORDU GUNEY ILCELER -1;ACİDPASS;Acidpass 10/800/165 mg 12 Çiğneme Tablet;10;1;11;1.122;
16.06.2026;ALLIANCE HEALTHCARE;AH ORDU;8,68E+12;HAZEL ECZANESİ;ORDU BATI ILCELER;ACİDPASS;Acidpass 10/800/165 mg 12 Çiğneme Tablet;10;1;11;1.122;
16.06.2026;ALLIANCE HEALTHCARE;AH ORDU;8,68E+12;HAZEL ECZANESİ;ORDU BATI ILCELER;ACİDPASS;Acidpass 10/800/165 mg 12 Çiğneme Tablet;10;1;11;1.122;
1.06.2026;NEVZAT ECZA DEPOSU;NEVZAT TRABZON;8,68E+12;KANAAT ECZANESİ;ORDU FATSA;ACİDPASS;Acidpass 10/800/165 mg 12 Çiğneme Tablet;10;1;11;1.122;
17.06.2026;NEVZAT ECZA DEPOSU;NEVZAT TRABZON;8,68E+12;KANAAT ECZANESİ;ORDU FATSA;ACİDPASS;Acidpass 10/800/165 mg 12 Çiğneme Tablet;10;1;11;1.122;
15.06.2026;NEVZAT ECZA DEPOSU;NEVZAT TRABZON;8,68E+12;KUYUMCUOĞLU ECZANESİ;ORDU UNYE;ACİDPASS;Acidpass 10/800/165 mg 12 Çiğneme Tablet;10;1;11;1.122;
12.06.2026;NEVZAT ECZA DEPOSU;NEVZAT TRABZON;8,68E+12;KARAMANOĞLU ECZANESİ;ORDU MERKEZ -2;ACİDPASS;Acidpass 10/800/165 mg 12 Çiğneme Tablet;10;1;11;1.122;
22.06.2026;SELÇUK ECZA DEPOSU;SELÇUK SAMSUN;8,68E+12;KARDELEN ECZANESİ;ORDU FATSA;ACİDPASS;Acidpass 10/800/165 mg 12 Çiğneme Tablet;10;1;11;1.122;
1.06.2026;ALLIANCE HEALTHCARE;AH ORDU;8,68E+12;NUR ECZANESİ;ORDU MERKEZ -3;ACİDPASS;Acidpass 10/800/165 mg 12 Çiğneme Tablet;10;1;11;1.122;
5.06.2026;SELÇUK ECZA DEPOSU;SELÇUK SAMSUN;8,68E+12;TİYALOĞLU ECZANESİ;ORDU UNYE;ACİDPASS;Acidpass 10/800/165 mg 12 Çiğneme Tablet;10;1;11;1.122;
1.06.2026;ALLIANCE HEALTHCARE;AH ORDU;8,68E+12;ULUBEY ECZANESİ;ORDU DOGU ILCELER;ACİDPASS;Acidpass 10/800/165 mg 12 Çiğneme Tablet;10;1;11;1.122;
15.06.2026;SELÇUK ECZA DEPOSU;SELÇUK SAMSUN;8,68E+12;YENİ ECZANESİ;ORDU MERKEZ -2;ACİDPASS;Acidpass 10/800/165 mg 12 Çiğneme Tablet;10;1;11;1.122;
26.06.2026;NEVZAT ECZA DEPOSU;NEVZAT TRABZON;8,68E+12;YENİ ECZANESİ;ORDU MERKEZ -2;ACİDPASS;Acidpass 10/800/165 mg 12 Çiğneme Tablet;10;1;11;1.122;
8.06.2026;ALLIANCE HEALTHCARE;AH ORDU;8,68E+12;ORDU ECZANESİ;ORDU MERKEZ -2;ACİDPASS;Acidpass 10/800/165 mg 12 Çiğneme Tablet;10;1;11;1.122;
12.06.2026;ALLIANCE HEALTHCARE;AH ORDU;8,68E+12;TÜLİN ECZANESİ;ORDU MERKEZ -2;ACİDPASS;Acidpass 10/800/165 mg 12 Çiğneme Tablet;10;1;11;1.122;
2.06.2026;NEVZAT ECZA DEPOSU;NEVZAT TRABZON;8,68E+12;ÖMÜR ECZANESİ;ORDU MERKEZ -2;ACİDPASS;Acidpass 10/800/165 mg 12 Çiğneme Tablet;10;1;11;1.122;
1.06.2026;ALLIANCE HEALTHCARE;AH ORDU;8,68E+12;MESUDİYE ECZANESİ;ORDU DOGU ILCELER;ACİDPASS;Acidpass 10/800/165 mg 12 Çiğneme Tablet;10;1;11;1.122;
3.06.2026;ALLIANCE HEALTHCARE;AH ORDU;8,68E+12;ÖZLEM ECZANESİ;ORDU UNYE;ACİDPASS;Acidpass 10/800/165 mg 12 Çiğneme Tablet;10;1;11;1.122;
18.06.2026;ALLIANCE HEALTHCARE;AH ORDU;8,68E+12;ÖZLEM ECZANESİ;ORDU UNYE;ACİDPASS;Acidpass 10/800/165 mg 12 Çiğneme Tablet;10;1;11;1.122;
21.06.2026;NEVZAT ECZA DEPOSU;NEVZAT TRABZON;8,68E+12;DİRİM ECZANESİ;ORDU MERKEZ -3;ACİDPASS;Acidpass 10/800/165 mg 12 Çiğneme Tablet;10;1;11;1.122;
1.06.2026;ALLIANCE HEALTHCARE;AH ORDU;8,68E+12;HALK ECZANESİ;ORDU BATI ILCELER;ACİDPASS;Acidpass 10/800/165 mg 12 Çiğneme Tablet;10;1;11;1.122;
2.06.2026;SELÇUK ECZA DEPOSU;SELÇUK SAMSUN;8,68E+12;AB-I HAYAT ECZANESİ;ORDU FATSA;ACİDPASS;Acidpass 10/800/165 mg 12 Çiğneme Tablet;10;1;11;1.122;
23.06.2026;NEVZAT ECZA DEPOSU;NEVZAT TRABZON;8,68E+12;SOYSAL ECZANESİ;ORDU UNYE;ACİDPASS;Acidpass 10/800/165 mg 12 Çiğneme Tablet;10;1;11;1.122;
15.06.2026;SELÇUK ECZA DEPOSU;SELÇUK SAMSUN;8,68E+12;KÖROĞLU ECZANESİ;ORDU MERKEZ -3;ACİDPASS;Acidpass 10/800/165 mg 12 Çiğneme Tablet;10;1;11;1.122;
16.06.2026;ALLIANCE HEALTHCARE;AH ORDU;8,68E+12;ÖZBEK ECZANESİ;ORDU DOGU ILCELER;ACİDPASS;Acidpass 10/800/165 mg 12 Çiğneme Tablet;10;1;11;1.122;
19.06.2026;ALLIANCE HEALTHCARE;AH ORDU;8,68E+12;ŞAHİN ECZANESİ;ORDU DOGU ILCELER;ACİDPASS;Acidpass 10/800/165 mg 12 Çiğneme Tablet;10;1;11;1.122;
3.06.2026;ALLIANCE HEALTHCARE;AH ORDU;8,68E+12;ŞAHİN ECZANESİ;ORDU DOGU ILCELER;ACİDPASS;Acidpass 10/800/165 mg 12 Çiğneme Tablet;10;1;11;1.122;
23.06.2026;SELÇUK ECZA DEPOSU;SELÇUK SAMSUN;8,68E+12;LOKMAN ECZANESİ;ORDU FATSA;ACİDPASS;Acidpass 10/800/165 mg 12 Çiğneme Tablet;10;1;11;1.122;
10.06.2026;ALLIANCE HEALTHCARE;AH ORDU;8,68E+12;AKGÜL ECZANESİ;ORDU UNYE;ACİDPASS;Acidpass 10/800/165 mg 12 Çiğneme Tablet;10;1;11;1.122;
19.06.2026;SELÇUK ECZA DEPOSU;SELÇUK SAMSUN;8,68E+12;ANADOLU ECZANESİ;ORDU BATI ILCELER;ACİDPASS;Acidpass 10/800/165 mg 12 Çiğneme Tablet;10;1;11;1.122;
6.06.2026;SELÇUK ECZA DEPOSU;SELÇUK SAMSUN;8,68E+12;HALK ECZANESİ;ORDU GUNEY ILCELER -1;ACİDPASS;Acidpass 10/800/165 mg 12 Çiğneme Tablet;10;1;11;1.122;
9.06.2026;ALLIANCE HEALTHCARE;AH ORDU;8,68E+12;BÜYÜK ECZANESİ;ORDU MERKEZ -2;ACİDPASS;Acidpass 10/800/165 mg 12 Çiğneme Tablet;10;1;11;1.122;
3.06.2026;ALLIANCE HEALTHCARE;AH ORDU;8,68E+12;SARIKAYA ECZANESİ;ORDU UNYE;ACİDPASS;Acidpass 10/800/165 mg 12 Çiğneme Tablet;10;1;11;1.122;
2.06.2026;SELÇUK ECZA DEPOSU;SELÇUK SAMSUN;8,68E+12;GÜLYALI ECZANESİ;ORDU DOGU ILCELER;ACİDPASS;Acidpass 10/800/165 mg 12 Çiğneme Tablet;10;1;11;1.122;
8.06.2026;SELÇUK ECZA DEPOSU;SELÇUK SAMSUN;8,68E+12;HAYAT ECZANESİ;ORDU BATI ILCELER;ACİDPASS;Acidpass 10/800/165 mg 12 Çiğneme Tablet;10;1;11;1.122;
2.06.2026;SELÇUK ECZA DEPOSU;SELÇUK SAMSUN;8,68E+12;FATMA ECZANESİ;ORDU BATI ILCELER;ACİDPASS;Acidpass 10/800/165 mg 12 Çiğneme Tablet;10;1;11;1.122;
17.06.2026;ALLIANCE HEALTHCARE;AH ORDU;8,68E+12;KAYAHAN ECZANESİ;ORDU MERKEZ -1;ACİDPASS;Acidpass 10/800/165 mg 12 Çiğneme Tablet;10;1;11;1.122;
23.06.2026;ALLIANCE HEALTHCARE;AH TRABZON;8,68E+12;KÜBRA ECZANESİ;RIZE MERKEZ;ACİDPASS;Acidpass 10/800/165 mg 12 Çiğneme Tablet;10;1;11;1.122;
23.06.2026;SELÇUK ECZA DEPOSU;SELÇUK TRABZON;8,68E+12;SAHİL ECZANESİ;RIZE MERKEZ;ACİDPASS;Acidpass 10/800/165 mg 12 Çiğneme Tablet;10;1;11;1.122;
12.06.2026;SELÇUK ECZA DEPOSU;SELÇUK TRABZON;8,68E+12;KÜBRA ECZANESİ;RIZE MERKEZ;ACİDPASS;Acidpass 10/800/165 mg 12 Çiğneme Tablet;10;1;11;1.122;
23.06.2026;NEVZAT ECZA DEPOSU;NEVZAT TRABZON;8,68E+12;PAZAR ECZANESİ;RIZE DOGU ILCELER;ACİDPASS;Acidpass 10/800/165 mg 12 Çiğneme Tablet;10;1;11;1.122;
12.06.2026;SELÇUK ECZA DEPOSU;SELÇUK TRABZON;8,68E+12;ÇAMLIHEMŞİN ECZANESİ;RIZE BATI ILCELER;ACİDPASS;Acidpass 10/800/165 mg 12 Çiğneme Tablet;10;1;11;1.122;
26.06.2026;SELÇUK ECZA DEPOSU;SELÇUK TRABZON;8,68E+12;ÇAMLIHEMŞİN ECZANESİ;RIZE BATI ILCELER;ACİDPASS;Acidpass 10/800/165 mg 12 Çiğneme Tablet;10;1;11;1.122;
12.06.2026;SELÇUK ECZA DEPOSU;SELÇUK TRABZON;8,68E+12;BİLSEL ECZANESİ;RIZE MERKEZ;ACİDPASS;Acidpass 10/800/165 mg 12 Çiğneme Tablet;10;1;11;1.122;
8.06.2026;SELÇUK ECZA DEPOSU;SELÇUK TRABZON;8,68E+12;BİLSEL ECZANESİ;RIZE MERKEZ;ACİDPASS;Acidpass 10/800/165 mg 12 Çiğneme Tablet;10;1;11;1.122;
5.06.2026;SELÇUK ECZA DEPOSU;SELÇUK TRABZON;8,68E+12;ÇAMLIBEL ECZANESİ;RIZE MERKEZ;ACİDPASS;Acidpass 10/800/165 mg 12 Çiğneme Tablet;10;1;11;1.122;
12.06.2026;ALLIANCE HEALTHCARE;AH TRABZON;8,68E+12;HASTANELER ECZANESİ;RIZE MERKEZ;ACİDPASS;Acidpass 10/800/165 mg 12 Çiğneme Tablet;10;1;11;1.122;
12.06.2026;SELÇUK ECZA DEPOSU;SELÇUK TRABZON;8,68E+12;DERMAN ECZANESİ;RIZE DOGU ILCELER;ACİDPASS;Acidpass 10/800/165 mg 12 Çiğneme Tablet;10;1;11;1.122;
11.06.2026;ALLIANCE HEALTHCARE;AH TRABZON;8,68E+12;HALK ECZANESİ;RIZE DOGU ILCELER;ACİDPASS;Acidpass 10/800/165 mg 12 Çiğneme Tablet;10;1;11;1.122;
9.06.2026;ALLIANCE HEALTHCARE;AH TRABZON;8,68E+12;SERKAN ECZANESİ;RIZE MERKEZ;ACİDPASS;Acidpass 10/800/165 mg 12 Çiğneme Tablet;10;1;11;1.122;
10.06.2026;SELÇUK ECZA DEPOSU;SELÇUK TRABZON;8,68E+12;USTA ECZANESİ;RIZE MERKEZ;ACİDPASS;Acidpass 10/800/165 mg 12 Çiğneme Tablet;10;1;11;1.122;
16.06.2026;SELÇUK ECZA DEPOSU;SELÇUK TRABZON;8,68E+12;FATİH ECZANESİ;RIZE MERKEZ;ACİDPASS;Acidpass 10/800/165 mg 12 Çiğneme Tablet;10;1;11;1.122;
2.06.2026;NEVZAT ECZA DEPOSU;NEVZAT SAMSUN;8,68E+12;UYSAL ECZANESİ;SAMSUN RASATHANE;ACİDPASS;Acidpass 10/800/165 mg 12 Çiğneme Tablet;10;1;11;1.122;
1.06.2026;SELÇUK ECZA DEPOSU;SELÇUK SAMSUN;8,68E+12;DÜNYA ECZANESİ;SAMSUN ILKADIM - 2;ACİDPASS;Acidpass 10/800/165 mg 12 Çiğneme Tablet;10;1;11;1.122;
29.06.2026;NEVZAT ECZA DEPOSU;NEVZAT SAMSUN;8,68E+12;GAZİLER ECZANESİ;SAMSUN PAZAR;ACİDPASS;Acidpass 10/800/165 mg 12 Çiğneme Tablet;10;1;11;1.122;
18.06.2026;ALLIANCE HEALTHCARE;AH SAMSUN;8,68E+12;BULVAR ECZANESİ;SAMSUN RASATHANE;ACİDPASS;Acidpass 10/800/165 mg 12 Çiğneme Tablet;10;1;11;1.122;
22.06.2026;ALLIANCE HEALTHCARE;AH SAMSUN;8,68E+12;BAŞALAN ECZANESİ;SAMSUN CANIK;ACİDPASS;Acidpass 10/800/165 mg 12 Çiğneme Tablet;10;1;11;1.122;
9.06.2026;ALLIANCE HEALTHCARE;AH SAMSUN;8,68E+12;DÖRTYOL ECZANESİ;SAMSUN HAVZA+KAVAK+LADIK;ACİDPASS;Acidpass 10/800/165 mg 12 Çiğneme Tablet;10;1;11;1.122;
23.06.2026;ALLIANCE HEALTHCARE;AH SAMSUN;8,68E+12;GÜLTER ECZANESİ;SAMSUN HAVZA+KAVAK+LADIK;ACİDPASS;Acidpass 10/800/165 mg 12 Çiğneme Tablet;10;1;11;1.122;
20.06.2026;NEVZAT ECZA DEPOSU;NEVZAT SAMSUN;8,68E+12;MURAT ECZANESİ;SAMSUN ADALET;ACİDPASS;Acidpass 10/800/165 mg 12 Çiğneme Tablet;10;1;11;1.122;
12.06.2026;ALLIANCE HEALTHCARE;AH SAMSUN;8,68E+12;FAKÜLTE ECZANESİ;SAMSUN ATAKENT+19 MAYIS;ACİDPASS;Acidpass 10/800/165 mg 12 Çiğneme Tablet;10;1;11;1.122;
19.06.2026;ALLIANCE HEALTHCARE;AH SAMSUN;8,68E+12;GÜNEŞ ECZANESİ;SAMSUN CANIK;ACİDPASS;Acidpass 10/800/165 mg 12 Çiğneme Tablet;10;1;11;1.122;
2.06.2026;ALLIANCE HEALTHCARE;AH SAMSUN;8,68E+12;BEŞYOL ECZANESİ;SAMSUN BAFRA;ACİDPASS;Acidpass 10/800/165 mg 12 Çiğneme Tablet;10;1;11;1.122;
15.06.2026;ALLIANCE HEALTHCARE;AH SAMSUN;8,68E+12;AMASYA ECZANESİ;SAMSUN ATAKENT+19 MAYIS;ACİDPASS;Acidpass 10/800/165 mg 12 Çiğneme Tablet;10;1;11;1.122;
3.06.2026;ALLIANCE HEALTHCARE;AH SAMSUN;8,68E+12;CEDİT ECZANESİ;SAMSUN ILKADIM - 2;ACİDPASS;Acidpass 10/800/165 mg 12 Çiğneme Tablet;10;1;11;1.122;
17.06.2026;ALLIANCE HEALTHCARE;AH SAMSUN;8,68E+12;CEDİT ECZANESİ;SAMSUN ILKADIM - 2;ACİDPASS;Acidpass 10/800/165 mg 12 Çiğneme Tablet;10;1;11;1.122;
26.06.2026;SELÇUK ECZA DEPOSU;SELÇUK SAMSUN;8,68E+12;ERDOĞAN ECZANESİ;SINOP GUNEY ILCELER;ACİDPASS;Acidpass 10/800/165 mg 12 Çiğneme Tablet;10;1;11;1.122;
26.06.2026;SELÇUK ECZA DEPOSU;SELÇUK SAMSUN;8,68E+12;YENİ ECZANESİ;SAMSUN ALACAM+YAKAKENT;ACİDPASS;Acidpass 10/800/165 mg 12 Çiğneme Tablet;10;1;11;1.122;
23.06.2026;ALLIANCE HEALTHCARE;AH SAMSUN;8,68E+12;REİS ECZANESİ;SAMSUN ADALET;ACİDPASS;Acidpass 10/800/165 mg 12 Çiğneme Tablet;10;1;11;1.122;
14.06.2026;ALLIANCE HEALTHCARE;AH SAMSUN;8,68E+12;KAPLICALAR ECZANESİ;SAMSUN HAVZA+KAVAK+LADIK;ACİDPASS;Acidpass 10/800/165 mg 12 Çiğneme Tablet;10;1;11;1.122;
15.06.2026;NEVZAT ECZA DEPOSU;NEVZAT SAMSUN;8,68E+12;TUNA ECZANESİ;SAMSUN BAFRA;ACİDPASS;Acidpass 10/800/165 mg 12 Çiğneme Tablet;10;1;11;1.122;
16.06.2026;ALLIANCE HEALTHCARE;AH SAMSUN;8,68E+12;BARAN ECZANESİ;SAMSUN VEZIRKOPRU;ACİDPASS;Acidpass 10/800/165 mg 12 Çiğneme Tablet;10;1;11;1.122;
3.06.2026;ALLIANCE HEALTHCARE;AH SAMSUN;8,68E+12;BARAN ECZANESİ;SAMSUN VEZIRKOPRU;ACİDPASS;Acidpass 10/800/165 mg 12 Çiğneme Tablet;10;1;11;1.122;
25.06.2026;ALLIANCE HEALTHCARE;AH SAMSUN;8,68E+12;BARAN ECZANESİ;SAMSUN VEZIRKOPRU;ACİDPASS;Acidpass 10/800/165 mg 12 Çiğneme Tablet;10;1;11;1.122;
10.06.2026;SELÇUK ECZA DEPOSU;SELÇUK SAMSUN;8,68E+12;ANADOLU ECZANESİ;SAMSUN BAHCELIEVLER;ACİDPASS;Acidpass 10/800/165 mg 12 Çiğneme Tablet;10;1;11;1.122;
15.06.2026;NEVZAT ECZA DEPOSU;NEVZAT SAMSUN;8,68E+12;ELİF ECZANESİ;SAMSUN BAFRA;ACİDPASS;Acidpass 10/800/165 mg 12 Çiğneme Tablet;10;1;11;1.122;
8.06.2026;ALLIANCE HEALTHCARE;AH SAMSUN;8,68E+12;LADİK ELİF ECZANESİ;SAMSUN HAVZA+KAVAK+LADIK;ACİDPASS;Acidpass 10/800/165 mg 12 Çiğneme Tablet;10;1;11;1.122;
12.06.2026;ALLIANCE HEALTHCARE;AH SAMSUN;8,68E+12;SOĞUKSU ECZANESİ;SAMSUN CANIK;ACİDPASS;Acidpass 10/800/165 mg 12 Çiğneme Tablet;10;1;11;1.122;
15.06.2026;ALLIANCE HEALTHCARE;AH SAMSUN;8,68E+12;KOCAMAN ECZANESİ;SAMSUN TERME;ACİDPASS;Acidpass 10/800/165 mg 12 Çiğneme Tablet;10;1;11;1.122;
20.06.2026;ALLIANCE HEALTHCARE;AH SAMSUN;8,68E+12;AKA ECZANESİ;SAMSUN PAZAR;ACİDPASS;Acidpass 10/800/165 mg 12 Çiğneme Tablet;10;1;11;1.122;
9.06.2026;ALLIANCE HEALTHCARE;AH SAMSUN;8,68E+12;ALVER ECZANESİ;SAMSUN DOGU ILCELER - 2;ACİDPASS;Acidpass 10/800/165 mg 12 Çiğneme Tablet;10;1;11;1.122;
4.06.2026;SELÇUK ECZA DEPOSU;SELÇUK SAMSUN;8,68E+12;ÇAPA ECZANESİ;SAMSUN KALE;ACİDPASS;Acidpass 10/800/165 mg 12 Çiğneme Tablet;10;1;11;1.122;
8.06.2026;SELÇUK ECZA DEPOSU;SELÇUK SAMSUN;8,68E+12;DİDEM ECZANESİ;SAMSUN BAFRA;ACİDPASS;Acidpass 10/800/165 mg 12 Çiğneme Tablet;10;1;11;1.122;
3.06.2026;SELÇUK ECZA DEPOSU;SELÇUK SAMSUN;8,68E+12;AYKANAT ECZANESİ;SAMSUN ATAKUM;ACİDPASS;Acidpass 10/800/165 mg 12 Çiğneme Tablet;10;1;11;1.122;
18.06.2026;NEVZAT ECZA DEPOSU;NEVZAT SAMSUN;8,68E+12;YENİ HAYAT ECZANESİ;SAMSUN DOGU ILCELER - 2;ACİDPASS;Acidpass 10/800/165 mg 12 Çiğneme Tablet;10;1;11;1.122;
1.06.2026;NEVZAT ECZA DEPOSU;NEVZAT SAMSUN;8,68E+12;ULUS ECZANESİ;SAMSUN BAHCELIEVLER;ACİDPASS;Acidpass 10/800/165 mg 12 Çiğneme Tablet;10;1;11;1.122;
24.06.2026;ALLIANCE HEALTHCARE;AH SAMSUN;8,68E+12;GÜLŞAH ECZANESİ;SAMSUN ALACAM+YAKAKENT;ACİDPASS;Acidpass 10/800/165 mg 12 Çiğneme Tablet;10;1;11;1.122;
9.06.2026;ALLIANCE HEALTHCARE;AH SAMSUN;8,68E+12;GÜLŞAH ECZANESİ;SAMSUN ALACAM+YAKAKENT;ACİDPASS;Acidpass 10/800/165 mg 12 Çiğneme Tablet;10;1;11;1.122;
10.06.2026;ALLIANCE HEALTHCARE;AH SAMSUN;8,68E+12;MESKENLER ECZANESİ;SAMSUN DOGU ILCELER;ACİDPASS;Acidpass 10/800/165 mg 12 Çiğneme Tablet;10;1;11;1.122;
16.06.2026;ALLIANCE HEALTHCARE;AH SAMSUN;8,68E+12;ANIL ECZANESİ;SAMSUN BAHCELIEVLER;ACİDPASS;Acidpass 10/800/165 mg 12 Çiğneme Tablet;10;1;11;1.122;
2.06.2026;NEVZAT ECZA DEPOSU;NEVZAT SAMSUN;8,68E+12;MERKEZ ECZANESİ;SAMSUN VEZIRKOPRU;ACİDPASS;Acidpass 10/800/165 mg 12 Çiğneme Tablet;10;1;11;1.122;
8.06.2026;NEVZAT ECZA DEPOSU;NEVZAT SAMSUN;8,68E+12;MERKEZ ECZANESİ;SAMSUN VEZIRKOPRU;ACİDPASS;Acidpass 10/800/165 mg 12 Çiğneme Tablet;10;1;11;1.122;
19.06.2026;NEVZAT ECZA DEPOSU;NEVZAT SAMSUN;8,68E+12;MERKEZ ECZANESİ;SAMSUN VEZIRKOPRU;ACİDPASS;Acidpass 10/800/165 mg 12 Çiğneme Tablet;10;1;11;1.122;
1.06.2026;ALLIANCE HEALTHCARE;AH SAMSUN;8,68E+12;DEĞİRMENBAŞI ECZANESİ;SAMSUN DOGU ILCELER - 2;ACİDPASS;Acidpass 10/800/165 mg 12 Çiğneme Tablet;10;1;11;1.122;
3.06.2026;ALLIANCE HEALTHCARE;AH SAMSUN;8,68E+12;YENİ ECZANESİ;SAMSUN VEZIRKOPRU;ACİDPASS;Acidpass 10/800/165 mg 12 Çiğneme Tablet;10;1;11;1.122;
18.06.2026;SELÇUK ECZA DEPOSU;SELÇUK SAMSUN;8,68E+12;YENİ ECZANESİ;SAMSUN VEZIRKOPRU;ACİDPASS;Acidpass 10/800/165 mg 12 Çiğneme Tablet;10;1;11;1.122;
23.06.2026;ALLIANCE HEALTHCARE;AH SAMSUN;8,68E+12;SEZER ECZANESİ;SAMSUN DOGU ILCELER - 2;ACİDPASS;Acidpass 10/800/165 mg 12 Çiğneme Tablet;10;1;11;1.122;
24.06.2026;ALLIANCE HEALTHCARE;AH SAMSUN;8,68E+12;OZAN ECZANESİ;SAMSUN ATAKENT+19 MAYIS;ACİDPASS;Acidpass 10/800/165 mg 12 Çiğneme Tablet;10;1;11;1.122;
13.06.2026;ALLIANCE HEALTHCARE;AH SAMSUN;8,68E+12;ZEYNEP ECZANESİ;SAMSUN RASATHANE;ACİDPASS;Acidpass 10/800/165 mg 12 Çiğneme Tablet;10;1;11;1.122;
19.06.2026;ALLIANCE HEALTHCARE;AH SAMSUN;8,68E+12;EMİR EFENDİ ECZANESİ;SAMSUN ATAKUM;ACİDPASS;Acidpass 10/800/165 mg 12 Çiğneme Tablet;10;1;11;1.122;
16.06.2026;SELÇUK ECZA DEPOSU;SELÇUK SAMSUN;8,68E+12;DEĞİŞİM ECZANESİ;SAMSUN DOGU ILCELER - 2;ACİDPASS;Acidpass 10/800/165 mg 12 Çiğneme Tablet;10;1;11;1.122;
19.06.2026;NEVZAT ECZA DEPOSU;NEVZAT SAMSUN;8,68E+12;YASEMİN ECZANESİ;SAMSUN BAFRA;ACİDPASS;Acidpass 10/800/165 mg 12 Çiğneme Tablet;10;1;11;1.122;
11.06.2026;ALLIANCE HEALTHCARE;AH SAMSUN;8,68E+12;BAFRA ECZANESİ;SAMSUN BAFRA;ACİDPASS;Acidpass 10/800/165 mg 12 Çiğneme Tablet;10;1;11;1.122;
8.06.2026;ALLIANCE HEALTHCARE;AH SAMSUN;8,68E+12;BAFRA ECZANESİ;SAMSUN BAFRA;ACİDPASS;Acidpass 10/800/165 mg 12 Çiğneme Tablet;10;1;11;1.122;
5.06.2026;ALLIANCE HEALTHCARE;AH SAMSUN;8,68E+12;BANKALAR ECZANESİ;SAMSUN RASATHANE;ACİDPASS;Acidpass 10/800/165 mg 12 Çiğneme Tablet;10;1;11;1.122;
2.06.2026;ALLIANCE HEALTHCARE;AH SAMSUN;8,68E+12;NİLÜFER ECZANESİ;SAMSUN DOGU ILCELER - 2;ACİDPASS;Acidpass 10/800/165 mg 12 Çiğneme Tablet;10;1;11;1.122;
4.06.2026;SELÇUK ECZA DEPOSU;SELÇUK SAMSUN;8,68E+12;YEŞİLOĞLU ECZANESİ;SAMSUN DOGU ILCELER;ACİDPASS;Acidpass 10/800/165 mg 12 Çiğneme Tablet;10;1;11;1.122;
19.06.2026;ALLIANCE HEALTHCARE;AH SAMSUN;8,68E+12;ÇEVRE ECZANESİ;SAMSUN HURRIYET+ZAFER;ACİDPASS;Acidpass 10/800/165 mg 12 Çiğneme Tablet;10;1;11;1.122;
18.06.2026;SELÇUK ECZA DEPOSU;SELÇUK SAMSUN;8,68E+12;KARADENİZ ECZANESİ;SAMSUN BAFRA;ACİDPASS;Acidpass 10/800/165 mg 12 Çiğneme Tablet;10;1;11;1.122;
23.06.2026;ALLIANCE HEALTHCARE;AH SAMSUN;8,68E+12;ORKİDE ORAN ECZANESİ;SAMSUN BAHCELIEVLER;ACİDPASS;Acidpass 10/800/165 mg 12 Çiğneme Tablet;10;1;11;1.122;
23.06.2026;ALLIANCE HEALTHCARE;AH SAMSUN;8,68E+12;DEMİR ECZANESİ;SINOP MERKEZ;ACİDPASS;Acidpass 10/800/165 mg 12 Çiğneme Tablet;10;1;11;1.122;
11.06.2026;SELÇUK ECZA DEPOSU;SELÇUK SAMSUN;8,68E+12;MERKEZ ECZANESİ;SINOP MERKEZ;ACİDPASS;Acidpass 10/800/165 mg 12 Çiğneme Tablet;10;1;11;1.122;
3.06.2026;SELÇUK ECZA DEPOSU;SELÇUK SAMSUN;8,68E+12;FERHAT ECZANESİ;SIVAS MERKEZ -3;ACİDPASS;Acidpass 10/800/165 mg 12 Çiğneme Tablet;10;1;11;1.122;
5.06.2026;ALLIANCE HEALTHCARE;AH SAMSUN;8,68E+12;KARADENİZ ECZANESİ;SINOP MERKEZ;ACİDPASS;Acidpass 10/800/165 mg 12 Çiğneme Tablet;10;1;11;1.122;
1.06.2026;ALLIANCE HEALTHCARE;AH SAMSUN;8,68E+12;BURCU ECZANESİ;SINOP MERKEZ;ACİDPASS;Acidpass 10/800/165 mg 12 Çiğneme Tablet;10;1;11;1.122;
29.06.2026;SELÇUK ECZA DEPOSU;SELÇUK SAMSUN;8,68E+12;ÜNAL ECZANESİ;SIVAS MERKEZ -3;ACİDPASS;Acidpass 10/800/165 mg 12 Çiğneme Tablet;10;1;11;1.122;
2.06.2026;SELÇUK ECZA DEPOSU;SELÇUK SAMSUN;8,68E+12;ANIL ECZANESİ;SIVAS MERKEZ -2;ACİDPASS;Acidpass 10/800/165 mg 12 Çiğneme Tablet;10;1;11;1.122;
23.06.2026;SELÇUK ECZA DEPOSU;SELÇUK SAMSUN;8,68E+12;AYKUT ECZANESİ;SIVAS MERKEZ -2;ACİDPASS;Acidpass 10/800/165 mg 12 Çiğneme Tablet;10;1;11;1.122;
7.06.2026;SELÇUK ECZA DEPOSU;SELÇUK SAMSUN;8,68E+12;AYKUT ECZANESİ;SIVAS MERKEZ -2;ACİDPASS;Acidpass 10/800/165 mg 12 Çiğneme Tablet;10;1;11;1.122;
11.06.2026;SELÇUK ECZA DEPOSU;SELÇUK SAMSUN;8,68E+12;YUNUS EMRE ECZANESİ;SIVAS MERKEZ -4;ACİDPASS;Acidpass 10/800/165 mg 12 Çiğneme Tablet;10;1;11;1.122;
29.06.2026;NEVZAT ECZA DEPOSU;NEVZAT SAMSUN;8,68E+12;MURAT ECZANESİ;TOKAT MERKEZ -2;ACİDPASS;Acidpass 10/800/165 mg 12 Çiğneme Tablet;10;1;11;1.122;
10.06.2026;ALLIANCE HEALTHCARE;AH SAMSUN;8,68E+12;SAĞLIK ECZANESİ;TOKAT ERBAA;ACİDPASS;Acidpass 10/800/165 mg 12 Çiğneme Tablet;10;1;11;1.122;
30.06.2026;SELÇUK ECZA DEPOSU;SELÇUK SAMSUN;8,68E+12;SIRMA ECZANESİ;TOKAT MERKEZ -1;ACİDPASS;Acidpass 10/800/165 mg 12 Çiğneme Tablet;10;1;11;1.122;
11.06.2026;ALLIANCE HEALTHCARE;AH TRABZON;8,68E+12;SAĞLIK ECZANESİ;TRABZON K.BASI+SURMENE;ACİDPASS;Acidpass 10/800/165 mg 12 Çiğneme Tablet;10;1;11;1.122;
5.06.2026;SELÇUK ECZA DEPOSU;SELÇUK TRABZON;8,68E+12;YAĞIZ ECZANESİ;TRABZON MERKEZ -3;ACİDPASS;Acidpass 10/800/165 mg 12 Çiğneme Tablet;10;1;11;1.122;
16.06.2026;SELÇUK ECZA DEPOSU;SELÇUK TRABZON;8,68E+12;İNANIR ECZANESİ;TRABZON MERKEZ -3;ACİDPASS;Acidpass 10/800/165 mg 12 Çiğneme Tablet;10;1;11;1.122;
12.06.2026;ALLIANCE HEALTHCARE;AH SAMSUN;8,68E+12;ALMUS ECZANESİ;TOKAT DOGU ILCELER;ACİDPASS;Acidpass 10/800/165 mg 12 Çiğneme Tablet;10;1;11;1.122;
5.06.2026;ALLIANCE HEALTHCARE;AH SAMSUN;8,68E+12;GONCA ECZANESİ;TOKAT MERKEZ -1;ACİDPASS;Acidpass 10/800/165 mg 12 Çiğneme Tablet;10;1;11;1.122;
8.06.2026;ALLIANCE HEALTHCARE;AH SAMSUN;8,68E+12;ANADOLU ECZANESİ;TOKAT DOGU ILCELER;ACİDPASS;Acidpass 10/800/165 mg 12 Çiğneme Tablet;10;1;11;1.122;
26.06.2026;NEVZAT ECZA DEPOSU;NEVZAT SAMSUN;8,68E+12;EBRU ECZANESİ;TOKAT TURHAL;ACİDPASS;Acidpass 10/800/165 mg 12 Çiğneme Tablet;10;1;11;1.122;
6.06.2026;ALLIANCE HEALTHCARE;AH TRABZON;8,68E+12;MERKEZ ECZANESİ;TRABZON DOGU ILCELER - 2;ACİDPASS;Acidpass 10/800/165 mg 12 Çiğneme Tablet;10;1;11;1.122;
11.06.2026;ALLIANCE HEALTHCARE;AH TRABZON;8,68E+12;ÖZLEM ECZANESİ;TRABZON DOGU ILCELER - 2;ACİDPASS;Acidpass 10/800/165 mg 12 Çiğneme Tablet;10;1;11;1.122;
17.06.2026;SELÇUK ECZA DEPOSU;SELÇUK SAMSUN;8,68E+12;HIZIR ECZANESİ;TOKAT TURHAL;ACİDPASS;Acidpass 10/800/165 mg 12 Çiğneme Tablet;10;1;11;1.122;
19.06.2026;ALLIANCE HEALTHCARE;AH SAMSUN;8,68E+12;GÖKHAN ECZANESİ;TOKAT DOGU ILCELER;ACİDPASS;Acidpass 10/800/165 mg 12 Çiğneme Tablet;10;1;11;1.122;
4.06.2026;SELÇUK ECZA DEPOSU;SELÇUK SAMSUN;8,68E+12;SEÇKİN ECZANESİ;TOKAT BATI ILCELER;ACİDPASS;Acidpass 10/800/165 mg 12 Çiğneme Tablet;10;1;11;1.122;
1.06.2026;SELÇUK ECZA DEPOSU;SELÇUK SAMSUN;8,68E+12;BİZİM ECZANESİ;TOKAT TURHAL;ACİDPASS;Acidpass 10/800/165 mg 12 Çiğneme Tablet;10;1;11;1.122;
19.06.2026;NEVZAT ECZA DEPOSU;NEVZAT SAMSUN;8,68E+12;CAN ECZANESİ;TOKAT MERKEZ -1;ACİDPASS;Acidpass 10/800/165 mg 12 Çiğneme Tablet;10;1;11;1.122;
1.06.2026;ALLIANCE HEALTHCARE;AH SAMSUN;8,68E+12;LOKMAN ECZANESİ;TOKAT ERBAA;ACİDPASS;Acidpass 10/800/165 mg 12 Çiğneme Tablet;10;1;11;1.122;
1.06.2026;ALLIANCE HEALTHCARE;AH SAMSUN;8,68E+12;HAKAN ECZANESİ;TOKAT ERBAA;ACİDPASS;Acidpass 10/800/165 mg 12 Çiğneme Tablet;10;1;11;1.122;
25.06.2026;NEVZAT ECZA DEPOSU;NEVZAT SAMSUN;8,68E+12;MELEK ECZANESİ;TOKAT MERKEZ -1;ACİDPASS;Acidpass 10/800/165 mg 12 Çiğneme Tablet;10;1;11;1.122;
14.06.2026;ALLIANCE HEALTHCARE;AH SAMSUN;8,68E+12;MERKEZ ECZANESİ;TOKAT TURHAL;ACİDPASS;Acidpass 10/800/165 mg 12 Çiğneme Tablet;10;1;11;1.122;
30.06.2026;SELÇUK ECZA DEPOSU;SELÇUK SAMSUN;8,68E+12;ÜNİVERSİTE ASLI ECZANESİ;TOKAT MERKEZ -1;ACİDPASS;Acidpass 10/800/165 mg 12 Çiğneme Tablet;10;1;11;1.122;
22.06.2026;ALLIANCE HEALTHCARE;AH SAMSUN;8,68E+12;ÖZEN ECZANESİ;TOKAT MERKEZ -2;ACİDPASS;Acidpass 10/800/165 mg 12 Çiğneme Tablet;10;1;11;1.122;
5.06.2026;ALLIANCE HEALTHCARE;AH SAMSUN;8,68E+12;BULUT ECZANESİ;TOKAT MERKEZ -1;ACİDPASS;Acidpass 10/800/165 mg 12 Çiğneme Tablet;10;1;11;1.122;
30.06.2026;ALLIANCE HEALTHCARE;AH SAMSUN;8,68E+12;CERİTOĞLU ECZANESİ;TOKAT DOGU ILCELER;ACİDPASS;Acidpass 10/800/165 mg 12 Çiğneme Tablet;10;1;11;1.122;
2.06.2026;ALLIANCE HEALTHCARE;AH SAMSUN;8,68E+12;CERİTOĞLU ECZANESİ;TOKAT DOGU ILCELER;ACİDPASS;Acidpass 10/800/165 mg 12 Çiğneme Tablet;10;1;11;1.122;
11.06.2026;NEVZAT ECZA DEPOSU;NEVZAT TRABZON;8,68E+12;ZEKİ ECZANESİ;TRABZON BATI ILCELER - 2;ACİDPASS;Acidpass 10/800/165 mg 12 Çiğneme Tablet;10;1;11;1.122;
9.06.2026;SELÇUK ECZA DEPOSU;SELÇUK TRABZON;8,68E+12;ŞAHİN ECZANESİ;TRABZON DOGU ILCELER - 2;ACİDPASS;Acidpass 10/800/165 mg 12 Çiğneme Tablet;10;1;11;1.122;
16.06.2026;NEVZAT ECZA DEPOSU;NEVZAT TRABZON;8,68E+12;HAYAT ECZANESİ;TRABZON BATI ILCELER - 2;ACİDPASS;Acidpass 10/800/165 mg 12 Çiğneme Tablet;10;1;11;1.122;
2.06.2026;SELÇUK ECZA DEPOSU;SELÇUK TRABZON;8,68E+12;DİLA ECZANESİ;TRABZON MERKEZ -1;ACİDPASS;Acidpass 10/800/165 mg 12 Çiğneme Tablet;10;1;11;1.122;
16.06.2026;SELÇUK ECZA DEPOSU;SELÇUK TRABZON;8,68E+12;DERECİK MERKEZ ECZANESİ;TRABZON AKCAABAT;ACİDPASS;Acidpass 10/800/165 mg 12 Çiğneme Tablet;10;1;11;1.122;
15.06.2026;SELÇUK ECZA DEPOSU;SELÇUK TRABZON;8,68E+12;ÇUKURÇAYIR ECZANESİ;TRABZON MERKEZ -3;ACİDPASS;Acidpass 10/800/165 mg 12 Çiğneme Tablet;10;1;11;1.122;
5.06.2026;ALLIANCE HEALTHCARE;AH TRABZON;8,68E+12;ŞAHİN ECZANESİ;TRABZON BATI ILCELER - 2;ACİDPASS;Acidpass 10/800/165 mg 12 Çiğneme Tablet;10;1;11;1.122;
23.06.2026;ALLIANCE HEALTHCARE;AH TRABZON;8,68E+12;SEYİTOĞLU ECZANESİ;TRABZON DOGU ILCELER - 2;ACİDPASS;Acidpass 10/800/165 mg 12 Çiğneme Tablet;10;1;11;1.122;
5.06.2026;SELÇUK ECZA DEPOSU;SELÇUK TRABZON;8,68E+12;EDİZ ECZANESİ;TRABZON MERKEZ -4;ACİDPASS;Acidpass 10/800/165 mg 12 Çiğneme Tablet;10;1;11;1.122;
12.06.2026;SELÇUK ECZA DEPOSU;SELÇUK TRABZON;8,68E+12;TONYA ECZANESİ;TRABZON BATI ILCELER - 2;ACİDPASS;Acidpass 10/800/165 mg 12 Çiğneme Tablet;10;1;11;1.122;
22.06.2026;NEVZAT ECZA DEPOSU;NEVZAT TRABZON;8,68E+12;ÇİĞDEM ECZANESİ;TRABZON BATI ILCELER - 2;ACİDPASS;Acidpass 10/800/165 mg 12 Çiğneme Tablet;10;1;11;1.122;
19.06.2026;SELÇUK ECZA DEPOSU;SELÇUK TRABZON;8,68E+12;GÜNER ECZANESİ;TRABZON AKCAABAT;ACİDPASS;Acidpass 10/800/165 mg 12 Çiğneme Tablet;10;1;11;1.122;
2.06.2026;ALLIANCE HEALTHCARE;AH TRABZON;8,68E+12;SOLAKLI ECZANESİ;TRABZON DOGU ILCELER -1;ACİDPASS;Acidpass 10/800/165 mg 12 Çiğneme Tablet;10;1;11;1.122;
29.06.2026;SELÇUK ECZA DEPOSU;SELÇUK TRABZON;8,68E+12;DEVA ECZANESİ;TRABZON MERKEZ -3;ACİDPASS;Acidpass 10/800/165 mg 12 Çiğneme Tablet;10;1;11;1.122;
10.06.2026;ALLIANCE HEALTHCARE;AH TRABZON;8,68E+12;ÇÖMLEKÇİ ECZANESİ;TRABZON MERKEZ -4;ACİDPASS;Acidpass 10/800/165 mg 12 Çiğneme Tablet;10;1;11;1.122;
3.06.2026;SELÇUK ECZA DEPOSU;SELÇUK TRABZON;8,68E+12;GÖNÜL ECZANESİ;TRABZON AKCAABAT;ACİDPASS;Acidpass 10/800/165 mg 12 Çiğneme Tablet;10;1;11;1.122;
22.06.2026;SELÇUK ECZA DEPOSU;SELÇUK TRABZON;8,68E+12;ÖNDER ECZANESİ;TRABZON MERKEZ -2;ACİDPASS;Acidpass 10/800/165 mg 12 Çiğneme Tablet;10;1;11;1.122;
16.06.2026;NEVZAT ECZA DEPOSU;NEVZAT TRABZON;8,68E+12;OKAN ECZANESİ;TRABZON BATI ILCELER - 2;ACİDPASS;Acidpass 10/800/165 mg 12 Çiğneme Tablet;10;1;11;1.122;
4.06.2026;SELÇUK ECZA DEPOSU;SELÇUK TRABZON;8,68E+12;HAYAT ECZANESİ;TRABZON BATI ILCELER - 2;ACİDPASS;Acidpass 10/800/165 mg 12 Çiğneme Tablet;10;1;11;1.122;
29.06.2026;SELÇUK ECZA DEPOSU;SELÇUK TRABZON;8,68E+12;TOKGÖZ ECZANESİ;TRABZON MERKEZ -2;ACİDPASS;Acidpass 10/800/165 mg 12 Çiğneme Tablet;10;1;11;1.122;
12.06.2026;SELÇUK ECZA DEPOSU;SELÇUK TRABZON;8,68E+12;FIRAT ECZANESİ;TRABZON MERKEZ -3;ACİDPASS;Acidpass 10/800/165 mg 12 Çiğneme Tablet;10;1;11;1.122;
5.06.2026;SELÇUK ECZA DEPOSU;SELÇUK TRABZON;8,68E+12;ZEHRAGÜL ECZANESİ;TRABZON MERKEZ -2;ACİDPASS;Acidpass 10/800/165 mg 12 Çiğneme Tablet;10;1;11;1.122;
2.06.2026;SELÇUK ECZA DEPOSU;SELÇUK TRABZON;8,68E+12;HALK ECZANESİ;TRABZON DOGU ILCELER -1;ACİDPASS;Acidpass 10/800/165 mg 12 Çiğneme Tablet;10;1;11;1.122;
9.06.2026;SELÇUK ECZA DEPOSU;SELÇUK TRABZON;8,68E+12;ERENLER ECZANESİ;TRABZON BATI ILCELER - 2;ACİDPASS;Acidpass 10/800/165 mg 12 Çiğneme Tablet;10;1;11;1.122;
4.06.2026;SELÇUK ECZA DEPOSU;SELÇUK TRABZON;8,68E+12;HAKAN ECZANESİ;TRABZON MERKEZ -4;ACİDPASS;Acidpass 10/800/165 mg 12 Çiğneme Tablet;10;1;11;1.122;
2.06.2026;SELÇUK ECZA DEPOSU;SELÇUK TRABZON;8,68E+12;NURAN ECZANESİ;TRABZON MERKEZ -4;ACİDPASS;Acidpass 10/800/165 mg 12 Çiğneme Tablet;10;1;11;1.122;
29.06.2026;NEVZAT ECZA DEPOSU;NEVZAT TRABZON;8,68E+12;BAHADIR ECZANESİ;TRABZON BATI ILCELER - 2;ACİDPASS;Acidpass 10/800/165 mg 12 Çiğneme Tablet;10;1;11;1.122;
26.06.2026;ALLIANCE HEALTHCARE;AH TRABZON;8,68E+12;TILSIM ECZANESİ;TRABZON AKCAABAT;ACİDPASS;Acidpass 10/800/165 mg 12 Çiğneme Tablet;10;1;11;1.122;
10.06.2026;ALLIANCE HEALTHCARE;AH TRABZON;8,68E+12;GÜNIŞIĞI ECZANESİ;TRABZON DOGU ILCELER - 2;ACİDPASS;Acidpass 10/800/165 mg 12 Çiğneme Tablet;10;1;11;1.122;
12.06.2026;NEVZAT ECZA DEPOSU;NEVZAT TRABZON;8,68E+12;GÜVEN ECZANESİ;TRABZON MERKEZ -1;ACİDPASS;Acidpass 10/800/165 mg 12 Çiğneme Tablet;10;1;11;1.122;
24.06.2026;SELÇUK ECZA DEPOSU;SELÇUK TRABZON;8,68E+12;MERKEZ ECZANESİ;TRABZON DUZKOY+MACKA;ACİDPASS;Acidpass 10/800/165 mg 12 Çiğneme Tablet;10;1;11;1.122;
12.06.2026;SELÇUK ECZA DEPOSU;SELÇUK TRABZON;8,68E+12;AYDIN ECZANESİ;TRABZON MERKEZ -2;ACİDPASS;Acidpass 10/800/165 mg 12 Çiğneme Tablet;10;1;11;1.122;
6.06.2026;SELÇUK ECZA DEPOSU;SELÇUK TRABZON;8,68E+12;YAVUZ ECZANESİ;TRABZON AKCAABAT;ACİDPASS;Acidpass 10/800/165 mg 12 Çiğneme Tablet;10;1;11;1.122;
2.06.2026;ALLIANCE HEALTHCARE;AH TRABZON;8,68E+12;BAHÇECİK ECZANESİ;TRABZON MERKEZ -2;ACİDPASS;Acidpass 10/800/165 mg 12 Çiğneme Tablet;10;1;11;1.122;
12.06.2026;SELÇUK ECZA DEPOSU;SELÇUK TRABZON;8,68E+12;ERDOĞAN ECZANESİ;TRABZON MERKEZ -4;ACİDPASS;Acidpass 10/800/165 mg 12 Çiğneme Tablet;10;1;11;1.122;
23.06.2026;ALLIANCE HEALTHCARE;AH TRABZON;8,68E+12;SAĞLIK ECZANESİ;TRABZON DOGU ILCELER -1;ACİDPASS;Acidpass 10/800/165 mg 12 Çiğneme Tablet;10;1;11;1.122;
4.06.2026;SELÇUK ECZA DEPOSU;SELÇUK SAMSUN;8,68E+12;GÖKMAN ECZANESİ;AMASYA MERKEZ -2;ACİDPASS;Acidpass 10/800/165 mg 12 Çiğneme Tablet;10;1;11;1.122;
8.06.2026;SELÇUK ECZA DEPOSU;SELÇUK TRABZON;8,68E+12;ÖMÜR ECZANESİ;ARTVIN MERKEZ+DOGU+GUNEY;ACİDPASS;Acidpass 10/800/165 mg 12 Çiğneme Tablet;10;1;11;1.122;
18.06.2026;SELÇUK ECZA DEPOSU;SELÇUK TRABZON;8,68E+12;HALK ECZANESİ;ARTVIN KUZEY ILCELER;ACİDPASS;Acidpass 10/800/165 mg 12 Çiğneme Tablet;10;1;11;1.122;
1.06.2026;ALLIANCE HEALTHCARE;AH SAMSUN;8,68E+12;UYSAL ECZANESİ;CORUM MERKEZ -3;ACİDPASS;Acidpass 10/800/165 mg 12 Çiğneme Tablet;10;1;11;1.122;
22.06.2026;SELÇUK ECZA DEPOSU;SELÇUK SAMSUN;8,68E+12;DEVA ECZANESİ;CORUM MERKEZ -2;ACİDPASS;Acidpass 10/800/165 mg 12 Çiğneme Tablet;10;1;11;1.122;
1.06.2026;ALLIANCE HEALTHCARE;AH SAMSUN;8,68E+12;ÖMÜR ECZANESİ;CORUM MERKEZ -1;ACİDPASS;Acidpass 10/800/165 mg 12 Çiğneme Tablet;10;1;11;1.122;
12.06.2026;NEVZAT ECZA DEPOSU;NEVZAT SAMSUN;8,68E+12;ÖZTÜRK ECZANESİ;CORUM MERKEZ -1;ACİDPASS;Acidpass 10/800/165 mg 12 Çiğneme Tablet;10;1;11;1.122;
12.06.2026;SELÇUK ECZA DEPOSU;SELÇUK SAMSUN;8,68E+12;ECEM ECZANESİ;CORUM GUNEYBATI ILCELER;ACİDPASS;Acidpass 10/800/165 mg 12 Çiğneme Tablet;10;1;11;1.122;
26.06.2026;NEVZAT ECZA DEPOSU;NEVZAT ERZURUM;8,68E+12;ÜZÜMLÜ ECZANESİ;ERZINCAN ILCELER;ACİDPASS;Acidpass 10/800/165 mg 12 Çiğneme Tablet;10;1;11;1.122;
4.06.2026;NEVZAT ECZA DEPOSU;NEVZAT ERZURUM;8,68E+12;SAĞLIK ECZANESİ;ERZURUM MERKEZ -3;ACİDPASS;Acidpass 10/800/165 mg 12 Çiğneme Tablet;10;1;11;1.122;
2.06.2026;NEVZAT ECZA DEPOSU;NEVZAT ERZURUM;8,68E+12;ÜNLÜ ECZANESİ;ERZURUM MERKEZ -3;ACİDPASS;Acidpass 10/800/165 mg 12 Çiğneme Tablet;10;1;11;1.122;
26.06.2026;SELÇUK ECZA DEPOSU;SELÇUK ERZURUM;8,68E+12;ÇAKIR SEVEN ECZANESİ;ERZINCAN MERKEZ;ACİDPASS;Acidpass 10/800/165 mg 12 Çiğneme Tablet;10;1;11;1.122;
1.06.2026;ALLIANCE HEALTHCARE;AH ORDU;8,68E+12;ECE ECZANESİ;GIRESUN DOGU ILCELER -1;ACİDPASS;Acidpass 10/800/165 mg 12 Çiğneme Tablet;10;1;11;1.122;
12.06.2026;NEVZAT ECZA DEPOSU;NEVZAT TRABZON;8,68E+12;PELİN ECZANESİ;GIRESUN DOGU ILCELER -1;ACİDPASS;Acidpass 10/800/165 mg 12 Çiğneme Tablet;10;1;11;1.122;
9.06.2026;ALLIANCE HEALTHCARE;AH ORDU;8,68E+12;GÜRSOY ECZANESİ;GIRESUN BULANCAK+PIRAZIZ;ACİDPASS;Acidpass 10/800/165 mg 12 Çiğneme Tablet;10;1;11;1.122;
4.06.2026;SELÇUK ECZA DEPOSU;SELÇUK TRABZON;8,68E+12;DEVA ECZANESİ;GIRESUN BULANCAK+PIRAZIZ;ACİDPASS;Acidpass 10/800/165 mg 12 Çiğneme Tablet;10;1;11;1.122;
16.06.2026;SELÇUK ECZA DEPOSU;SELÇUK TRABZON;8,68E+12;DEVA ECZANESİ;GIRESUN BULANCAK+PIRAZIZ;ACİDPASS;Acidpass 10/800/165 mg 12 Çiğneme Tablet;10;1;11;1.122;
1.06.2026;NEVZAT ECZA DEPOSU;NEVZAT TRABZON;8,68E+12;EREN ECZANESİ;GIRESUN DOGU ILCELER -2;ACİDPASS;Acidpass 10/800/165 mg 12 Çiğneme Tablet;10;1;11;1.122;
5.06.2026;SELÇUK ECZA DEPOSU;SELÇUK TRABZON;8,68E+12;GİZEM ECZANESİ;GIRESUN MERKEZ -2;ACİDPASS;Acidpass 10/800/165 mg 12 Çiğneme Tablet;10;1;11;1.122;
4.06.2026;NEVZAT ECZA DEPOSU;NEVZAT SAMSUN;8,68E+12;ANADOLU ECZANESİ;SIVAS DOGU ILCELER;ACİDPASS;Acidpass 10/800/165 mg 12 Çiğneme Tablet;10;1;11;1.122;
8.06.2026;ALLIANCE HEALTHCARE;AH ORDU;8,68E+12;UZMAN ECZANESİ;ORDU BATI ILCELER;ACİDPASS;Acidpass 10/800/165 mg 12 Çiğneme Tablet;10;1;11;1.122;
9.06.2026;ALLIANCE HEALTHCARE;AH ORDU;8,68E+12;FATİH ECZANESİ;ORDU MERKEZ -1;ACİDPASS;Acidpass 10/800/165 mg 12 Çiğneme Tablet;10;1;11;1.122;
22.06.2026;SELÇUK ECZA DEPOSU;SELÇUK TRABZON;8,68E+12;BÜYÜK ECZANESİ;RIZE DOGU ILCELER;ACİDPASS;Acidpass 10/800/165 mg 12 Çiğneme Tablet;10;1;11;1.122;
17.06.2026;SELÇUK ECZA DEPOSU;SELÇUK SAMSUN;8,68E+12;SAĞLIK ECZANESİ;ORDU MERKEZ -2;ACİDPASS;Acidpass 10/800/165 mg 12 Çiğneme Tablet;10;1;11;1.122;
13.06.2026;ALLIANCE HEALTHCARE;AH ORDU;8,68E+12;SAFA ECZANESİ;ORDU UNYE;ACİDPASS;Acidpass 10/800/165 mg 12 Çiğneme Tablet;10;1;11;1.122;
2.06.2026;NEVZAT ECZA DEPOSU;NEVZAT TRABZON;8,68E+12;ALTAŞ ECZANESİ;ORDU MERKEZ -3;ACİDPASS;Acidpass 10/800/165 mg 12 Çiğneme Tablet;10;1;11;1.122;
20.06.2026;SELÇUK ECZA DEPOSU;SELÇUK TRABZON;8,68E+12;TOPÇU ECZANESİ;RIZE MERKEZ;ACİDPASS;Acidpass 10/800/165 mg 12 Çiğneme Tablet;10;1;11;1.122;
12.06.2026;SELÇUK ECZA DEPOSU;SELÇUK TRABZON;8,68E+12;TOPÇU ECZANESİ;RIZE MERKEZ;ACİDPASS;Acidpass 10/800/165 mg 12 Çiğneme Tablet;10;1;11;1.122;
17.06.2026;ALLIANCE HEALTHCARE;AH SAMSUN;8,68E+12;ANIL ECZANESİ;SINOP MERKEZ;ACİDPASS;Acidpass 10/800/165 mg 12 Çiğneme Tablet;10;1;11;1.122;
5.06.2026;ALLIANCE HEALTHCARE;AH SAMSUN;8,68E+12;ÇAĞLA ECZANESİ;SAMSUN ILKADIM - 2;ACİDPASS;Acidpass 10/800/165 mg 12 Çiğneme Tablet;10;1;11;1.122;
27.06.2026;SELÇUK ECZA DEPOSU;SELÇUK SAMSUN;8,68E+12;PINAR ECZANESİ;SAMSUN ATAKUM;ACİDPASS;Acidpass 10/800/165 mg 12 Çiğneme Tablet;10;1;11;1.122;
25.06.2026;NEVZAT ECZA DEPOSU;NEVZAT SAMSUN;8,68E+12;HAYAT ECZANESİ;SAMSUN BAFRA;ACİDPASS;Acidpass 10/800/165 mg 12 Çiğneme Tablet;10;1;11;1.122;
9.06.2026;ALLIANCE HEALTHCARE;AH SAMSUN;8,68E+12;YENİ MAHALLE ECZANESİ;SAMSUN ATAKENT+19 MAYIS;ACİDPASS;Acidpass 10/800/165 mg 12 Çiğneme Tablet;10;1;11;1.122;
29.06.2026;ALLIANCE HEALTHCARE;AH SAMSUN;8,68E+12;ÇAKIR ECZANESİ;SAMSUN ATAKUM;ACİDPASS;Acidpass 10/800/165 mg 12 Çiğneme Tablet;10;1;11;1.122;
15.06.2026;NEVZAT ECZA DEPOSU;NEVZAT SAMSUN;8,68E+12;CANALP ECZANESİ;SAMSUN ADALET;ACİDPASS;Acidpass 10/800/165 mg 12 Çiğneme Tablet;10;1;11;1.122;
29.06.2026;ALLIANCE HEALTHCARE;AH SAMSUN;8,68E+12;KEREM ECZANESİ;TOKAT BATI ILCELER;ACİDPASS;Acidpass 10/800/165 mg 12 Çiğneme Tablet;10;1;11;1.122;
3.06.2026;SELÇUK ECZA DEPOSU;SELÇUK TRABZON;8,68E+12;DERMAN ECZANESİ;TRABZON BATI ILCELER - 2;ACİDPASS;Acidpass 10/800/165 mg 12 Çiğneme Tablet;10;1;11;1.122;
3.06.2026;ALLIANCE HEALTHCARE;AH TRABZON;8,68E+12;MERKEZ ECZANESİ;TRABZON AKCAABAT;ACİDPASS;Acidpass 10/800/165 mg 12 Çiğneme Tablet;10;1;11;1.122;
4.06.2026;ALLIANCE HEALTHCARE;AH TRABZON;8,68E+12;BÜYÜK ECZANESİ;TRABZON DOGU ILCELER -1;ACİDPASS;Acidpass 10/800/165 mg 12 Çiğneme Tablet;10;1;11;1.122;
24.06.2026;SELÇUK ECZA DEPOSU;SELÇUK TRABZON;8,68E+12;TOPALOĞLU ECZANESİ;TRABZON DOGU ILCELER -1;ACİDPASS;Acidpass 10/800/165 mg 12 Çiğneme Tablet;10;1;11;1.122;
26.06.2026;SELÇUK ECZA DEPOSU;SELÇUK TRABZON;8,68E+12;SİTELER ECZANESİ;TRABZON MERKEZ -3;ACİDPASS;Acidpass 10/800/165 mg 12 Çiğneme Tablet;10;1;11;1.122;
2.06.2026;ALLIANCE HEALTHCARE;AH TRABZON;8,68E+12;SİTELER ECZANESİ;TRABZON MERKEZ -3;ACİDPASS;Acidpass 10/800/165 mg 12 Çiğneme Tablet;10;1;11;1.122;
3.06.2026;SELÇUK ECZA DEPOSU;SELÇUK TRABZON;8,68E+12;TURAN ECZANESİ;TRABZON MERKEZ -4;ACİDPASS;Acidpass 10/800/165 mg 12 Çiğneme Tablet;10;1;11;1.122;
2.06.2026;ALLIANCE HEALTHCARE;AH TRABZON;8,68E+12;NUR ECZANESİ;TRABZON MERKEZ -4;ACİDPASS;Acidpass 10/800/165 mg 12 Çiğneme Tablet;10;1;11;1.122;
22.06.2026;NEVZAT ECZA DEPOSU;NEVZAT TRABZON;8,68E+12;FANUS ECZANESİ;TRABZON MERKEZ -3;ACİDPASS;Acidpass 10/800/165 mg 12 Çiğneme Tablet;10;1;11;1.122;
11.06.2026;ALLIANCE HEALTHCARE;AH TRABZON;8,68E+12;YAŞAM ECZANESİ;GUMUSHANE;ACİDPASS;Acidpass 10/800/165 mg 12 Çiğneme Tablet;10;1;11;1.122;
8.06.2026;ALLIANCE HEALTHCARE;AH SAMSUN;8,68E+12;YUNUS EMRE ECZANESİ;TOKAT ERBAA;ACİDPASS;Acidpass 10/800/165 mg 12 Çiğneme Tablet;10;1;11;1.122;
25.06.2026;ALLIANCE HEALTHCARE;AH SAMSUN;8,68E+12;DENİZEVLERİ ECZANESİ;SAMSUN ATAKUM;ACİDPASS;Acidpass 10/800/165 mg 12 Çiğneme Tablet;10;1;11;1.122;
3.06.2026;SELÇUK ECZA DEPOSU;SELÇUK ERZURUM;8,68E+12;CAN ECZANESİ;ERZURUM KUZEY ILCELER;ACİDPASS;Acidpass 10/800/165 mg 12 Çiğneme Tablet;10;1;11;1.122;
22.06.2026;NEVZAT ECZA DEPOSU;NEVZAT SAMSUN;8,68E+12;DAMLA ECZANESİ;SAMSUN ATAKENT+19 MAYIS;ACİDPASS;Acidpass 10/800/165 mg 12 Çiğneme Tablet;10;1;11;1.122;
2.06.2026;NEVZAT ECZA DEPOSU;NEVZAT TRABZON;8,68E+12;BİRİNCİ ECZANESİ;TRABZON MERKEZ -2;ACİDPASS;Acidpass 10/800/165 mg 12 Çiğneme Tablet;10;1;11;1.122;
29.06.2026;NEVZAT ECZA DEPOSU;NEVZAT TRABZON;8,68E+12;BİRİNCİ ECZANESİ;TRABZON MERKEZ -2;ACİDPASS;Acidpass 10/800/165 mg 12 Çiğneme Tablet;10;1;11;1.122;
26.06.2026;ALLIANCE HEALTHCARE;AH ORDU;8,68E+12;ELİF ECZANESİ;ORDU BATI ILCELER;ACİDPASS;Acidpass 10/800/165 mg 12 Çiğneme Tablet;10;1;11;1.122;
3.06.2026;NEVZAT ECZA DEPOSU;NEVZAT TRABZON;8,68E+12;ÜNİVERSİTE ECZANESİ;TRABZON MERKEZ -3;ACİDPASS;Acidpass 10/800/165 mg 12 Çiğneme Tablet;10;1;11;1.122;
4.06.2026;NEVZAT ECZA DEPOSU;NEVZAT TRABZON;8,68E+12;FEYZA ECZANESİ;TRABZON DOGU ILCELER - 2;ACİDPASS;Acidpass 10/800/165 mg 12 Çiğneme Tablet;10;1;11;1.122;
9.06.2026;SELÇUK ECZA DEPOSU;SELÇUK SAMSUN;8,68E+12;BARTU ECZANESİ;SAMSUN ATAKUM;ACİDPASS;Acidpass 10/800/165 mg 12 Çiğneme Tablet;10;1;11;1.122;
14.06.2026;ALLIANCE HEALTHCARE;AH SAMSUN;8,68E+12;TEBESSÜM ECZANESİ;SAMSUN TERME;ACİDPASS;Acidpass 10/800/165 mg 12 Çiğneme Tablet;10;1;11;1.122;
11.06.2026;SELÇUK ECZA DEPOSU;SELÇUK ERZURUM;8,68E+12;YAĞMUR ECZANESİ;AGRI ILCELER;ACİDPASS;Acidpass 10/800/165 mg 12 Çiğneme Tablet;10;1;11;1.122;
23.06.2026;SELÇUK ECZA DEPOSU;SELÇUK ERZURUM;8,68E+12;ALTINKENT ECZANESİ;ERZINCAN ILCELER;ACİDPASS;Acidpass 10/800/165 mg 12 Çiğneme Tablet;10;1;11;1.122;
23.06.2026;ALLIANCE HEALTHCARE;AH SAMSUN;8,68E+12;SEDA ECZANESİ;CORUM MERKEZ -2;ACİDPASS;Acidpass 10/800/165 mg 12 Çiğneme Tablet;10;1;11;1.122;
17.06.2026;ALLIANCE HEALTHCARE;AH SAMSUN;8,68E+12;EKİN ECZANESİ;TOKAT DOGU ILCELER;ACİDPASS;Acidpass 10/800/165 mg 12 Çiğneme Tablet;10;1;11;1.122;
17.06.2026;ALLIANCE HEALTHCARE;AH ORDU;8,68E+12;ALTINORDU ECZANESİ;ORDU MERKEZ -1;ACİDPASS;Acidpass 10/800/165 mg 12 Çiğneme Tablet;10;1;11;1.122;
9.06.2026;ALLIANCE HEALTHCARE;AH SAMSUN;8,68E+12;YENİ TEKELİ ECZANESİ;TOKAT TURHAL;ACİDPASS;Acidpass 10/800/165 mg 12 Çiğneme Tablet;10;1;11;1.122;
26.06.2026;ALLIANCE HEALTHCARE;AH SAMSUN;8,68E+12;YENİ TEKELİ ECZANESİ;TOKAT TURHAL;ACİDPASS;Acidpass 10/800/165 mg 12 Çiğneme Tablet;10;1;11;1.122;
24.06.2026;SELÇUK ECZA DEPOSU;SELÇUK SAMSUN;8,68E+12;MERT ECZANESİ;SAMSUN ILKADIM - 2;ACİDPASS;Acidpass 10/800/165 mg 12 Çiğneme Tablet;10;1;11;1.122;
22.06.2026;ALLIANCE HEALTHCARE;AH SAMSUN;8,68E+12;YENİ HASTANE ECZANESİ;SAMSUN DOGU ILCELER - 2;ACİDPASS;Acidpass 10/800/165 mg 12 Çiğneme Tablet;10;1;11;1.122;
26.06.2026;SELÇUK ECZA DEPOSU;SELÇUK TRABZON;8,68E+12;ZEYNEP ECZANESİ;GIRESUN MERKEZ -2;ACİDPASS;Acidpass 10/800/165 mg 12 Çiğneme Tablet;10;1;11;1.122;
23.06.2026;ALLIANCE HEALTHCARE;AH SAMSUN;8,68E+12;AY ECZANESİ ;TOKAT BATI ILCELER;ACİDPASS;Acidpass 10/800/165 mg 12 Çiğneme Tablet;10;1;11;1.122;
17.06.2026;NEVZAT ECZA DEPOSU;NEVZAT SAMSUN;8,68E+12;ÇINAR ECZANESİ;TOKAT MERKEZ -1;ACİDPASS;Acidpass 10/800/165 mg 12 Çiğneme Tablet;10;1;11;1.122;
24.06.2026;SELÇUK ECZA DEPOSU;SELÇUK SAMSUN;8,68E+12;BAĞDAT ECZANESİ;SIVAS MERKEZ -4;ACİDPASS;Acidpass 10/800/165 mg 12 Çiğneme Tablet;10;1;11;1.122;
25.06.2026;NEVZAT ECZA DEPOSU;NEVZAT TRABZON;8,68E+12;GİZEM ECZANESİ;TRABZON MERKEZ -4;ACİDPASS;Acidpass 10/800/165 mg 12 Çiğneme Tablet;10;1;11;1.122;
26.06.2026;ALLIANCE HEALTHCARE;AH SAMSUN;8,68E+12;DEVA ECZANESİ;SINOP GUNEY ILCELER;ACİDPASS;Acidpass 10/800/165 mg 12 Çiğneme Tablet;10;1;11;1.122;
10.06.2026;SELÇUK ECZA DEPOSU;SELÇUK ERZURUM;8,68E+12;DADAŞKENT ECZANESİ;ERZURUM KUZEY ILCELER;ACİDPASS;Acidpass 10/800/165 mg 12 Çiğneme Tablet;10;1;11;1.122;
30.06.2026;SELÇUK ECZA DEPOSU;SELÇUK TRABZON;8,68E+12;UZUN ECZANESİ;ARTVIN KUZEY ILCELER;ACİDPASS;Acidpass 10/800/165 mg 12 Çiğneme Tablet;10;1;11;1.122;
12.06.2026;ALLIANCE HEALTHCARE;AH ORDU;8,68E+12;SARAY ECZANESİ;GIRESUN MERKEZ -2;ACİDPASS;Acidpass 10/800/165 mg 12 Çiğneme Tablet;10;1;11;1.122;
16.06.2026;SELÇUK ECZA DEPOSU;SELÇUK ERZURUM;8,68E+12;ERZİNCAN  ECZANESI;ERZINCAN MERKEZ;ACİDPASS;Acidpass 10/800/165 mg 12 Çiğneme Tablet;10;1;11;1.122;
17.06.2026;ALLIANCE HEALTHCARE;AH SAMSUN;8,68E+12;IHLAMUR ECZANESİ;CORUM MERKEZ -1;ACİDPASS;Acidpass 10/800/165 mg 12 Çiğneme Tablet;10;1;11;1.122;
1.06.2026;ALLIANCE HEALTHCARE;AH SAMSUN;8,68E+12;IHLAMUR ECZANESİ;CORUM MERKEZ -1;ACİDPASS;Acidpass 10/800/165 mg 12 Çiğneme Tablet;10;1;11;1.122;
9.06.2026;ALLIANCE HEALTHCARE;AH TRABZON;8,68E+12;İBNİ SİNA ECZANESİ;RIZE MERKEZ;ACİDPASS;Acidpass 10/800/165 mg 12 Çiğneme Tablet;10;1;11;1.122;
1.06.2026;ALLIANCE HEALTHCARE;AH TRABZON;8,68E+12;İBNİ SİNA ECZANESİ;RIZE MERKEZ;ACİDPASS;Acidpass 10/800/165 mg 12 Çiğneme Tablet;10;1;11;1.122;
26.06.2026;ALLIANCE HEALTHCARE;AH TRABZON;8,68E+12;İBNİ SİNA ECZANESİ;RIZE MERKEZ;ACİDPASS;Acidpass 10/800/165 mg 12 Çiğneme Tablet;10;1;11;1.122;
11.06.2026;SELÇUK ECZA DEPOSU;SELÇUK SAMSUN;8,68E+12;YILMAZ ECZANESİ;ORDU MERKEZ -1;ACİDPASS;Acidpass 10/800/165 mg 12 Çiğneme Tablet;10;1;11;1.122;
26.06.2026;SELÇUK ECZA DEPOSU;SELÇUK SAMSUN;8,68E+12;ORGANİK ECZANESİ;SAMSUN ATAKUM;ACİDPASS;Acidpass 10/800/165 mg 12 Çiğneme Tablet;10;1;11;1.122;
3.06.2026;SELÇUK ECZA DEPOSU;SELÇUK SAMSUN;8,68E+12;ELMAS ECZANESİ;SAMSUN TERME;ACİDPASS;Acidpass 10/800/165 mg 12 Çiğneme Tablet;10;1;11;1.122;
16.06.2026;NEVZAT ECZA DEPOSU;NEVZAT ERZURUM;8,68E+12;EVREN ECZANESİ;ERZURUM MERKEZ -3;ACİDPASS;Acidpass 10/800/165 mg 12 Çiğneme Tablet;10;1;11;1.122;
22.06.2026;SELÇUK ECZA DEPOSU;SELÇUK ERZURUM;8,68E+12;KAPLAN ECZANESİ;ERZURUM MERKEZ -3;ACİDPASS;Acidpass 10/800/165 mg 12 Çiğneme Tablet;10;1;11;1.122;
2.06.2026;SELÇUK ECZA DEPOSU;SELÇUK SAMSUN;8,68E+12;ALTUNTAŞ ECZANESİ;TOKAT MERKEZ -1;ACİDPASS;Acidpass 10/800/165 mg 12 Çiğneme Tablet;10;1;11;1.122;
9.06.2026;ALLIANCE HEALTHCARE;AH TRABZON;8,68E+12;AYDIN ECZANESİ;TRABZON AKCAABAT;ACİDPASS;Acidpass 10/800/165 mg 12 Çiğneme Tablet;10;1;11;1.122;
4.06.2026;NEVZAT ECZA DEPOSU;NEVZAT SAMSUN;8,68E+12;GÜLDEN ECZANESİ;SAMSUN BAFRA;ACİDPASS;Acidpass 10/800/165 mg 12 Çiğneme Tablet;10;1;11;1.122;
22.06.2026;ALLIANCE HEALTHCARE;AH TRABZON;8,68E+12;AYDIN ECZANESİ;TRABZON AKCAABAT;ACİDPASS;Acidpass 10/800/165 mg 12 Çiğneme Tablet;10;1;11;1.122;
16.06.2026;SELÇUK ECZA DEPOSU;SELÇUK SAMSUN;8,68E+12;BÜŞRA TURAN ECZANESİ;SAMSUN BAFRA;ACİDPASS;Acidpass 10/800/165 mg 12 Çiğneme Tablet;10;1;11;1.122;
2.06.2026;SELÇUK ECZA DEPOSU;SELÇUK ERZURUM;8,68E+12;ŞEHİR 25 ECZANESİ;ERZURUM MERKEZ -3;ACİDPASS;Acidpass 10/800/165 mg 12 Çiğneme Tablet;10;1;11;1.122;
10.06.2026;ALLIANCE HEALTHCARE;AH ORDU;8,68E+12;SAZBEYİ  ECZANESİ;GIRESUN MERKEZ -2;ACİDPASS;Acidpass 10/800/165 mg 12 Çiğneme Tablet;10;1;11;1.122;
12.06.2026;ALLIANCE HEALTHCARE;AH TRABZON;8,68E+12;İPEK ECZANESİ;TRABZON MERKEZ -3;ACİDPASS;Acidpass 10/800/165 mg 12 Çiğneme Tablet;10;1;11;1.122;
17.06.2026;ALLIANCE HEALTHCARE;AH TRABZON;8,68E+12;GÖKBERK ECZANESI;ARTVIN KUZEY ILCELER;ACİDPASS;Acidpass 10/800/165 mg 12 Çiğneme Tablet;10;1;11;1.122;
12.06.2026;SELÇUK ECZA DEPOSU;SELÇUK TRABZON;8,68E+12;BERİL ECZANESİ;TRABZON MERKEZ -3;ACİDPASS;Acidpass 10/800/165 mg 12 Çiğneme Tablet;10;1;11;1.122;
1.06.2026;SELÇUK ECZA DEPOSU;SELÇUK ERZURUM;8,68E+12;ZEHRA ECZANESİ;ERZURUM MERKEZ -3;ACİDPASS;Acidpass 10/800/165 mg 12 Çiğneme Tablet;10;1;11;1.122;
3.06.2026;SELÇUK ECZA DEPOSU;SELÇUK ERZURUM;8,68E+12;KONAK ECZANESİ;AGRI MERKEZ;ACİDPASS;Acidpass 10/800/165 mg 12 Çiğneme Tablet;10;1;11;1.122;
26.06.2026;SELÇUK ECZA DEPOSU;SELÇUK SAMSUN;8,68E+12;YENİ BEZGİNOĞLU ECZANESİ;CORUM MERKEZ -3;ACİDPASS;Acidpass 10/800/165 mg 12 Çiğneme Tablet;10;1;11;1.122;
1.06.2026;NEVZAT ECZA DEPOSU;NEVZAT SAMSUN;8,68E+12;YENİ BEZGİNOĞLU ECZANESİ;CORUM MERKEZ -3;ACİDPASS;Acidpass 10/800/165 mg 12 Çiğneme Tablet;10;1;11;1.122;
2.06.2026;SELÇUK ECZA DEPOSU;SELÇUK TRABZON;8,68E+12;KORAY ECZANESİ;GIRESUN DOGU ILCELER -1;ACİDPASS;Acidpass 10/800/165 mg 12 Çiğneme Tablet;10;1;11;1.122;
23.06.2026;SELÇUK ECZA DEPOSU;SELÇUK TRABZON;8,68E+12;KORAY ECZANESİ;GIRESUN DOGU ILCELER -1;ACİDPASS;Acidpass 10/800/165 mg 12 Çiğneme Tablet;10;1;11;1.122;
22.06.2026;SELÇUK ECZA DEPOSU;SELÇUK TRABZON;8,68E+12;NİSAN ECZANESİ;TRABZON MERKEZ -1;ACİDPASS;Acidpass 10/800/165 mg 12 Çiğneme Tablet;10;1;11;1.122;
19.06.2026;SELÇUK ECZA DEPOSU;SELÇUK TRABZON;8,68E+12;NİSAN ECZANESİ;TRABZON MERKEZ -1;ACİDPASS;Acidpass 10/800/165 mg 12 Çiğneme Tablet;10;1;11;1.122;
1.06.2026;SELÇUK ECZA DEPOSU;SELÇUK SAMSUN;8,68E+12;NİHAL ECZANESİ;SINOP MERKEZ;ACİDPASS;Acidpass 10/800/165 mg 12 Çiğneme Tablet;10;1;11;1.122;
26.06.2026;SELÇUK ECZA DEPOSU;SELÇUK ERZURUM;8,68E+12;YENİ DEFNE ECZANESİ;ERZURUM MERKEZ -1;ACİDPASS;Acidpass 10/800/165 mg 12 Çiğneme Tablet;10;1;11;1.122;
2.06.2026;ALLIANCE HEALTHCARE;AH SAMSUN;8,68E+12;AYÇAM ECZANESİ;CORUM MERKEZ -3;ACİDPASS;Acidpass 10/800/165 mg 12 Çiğneme Tablet;10;1;11;1.122;
1.06.2026;ALLIANCE HEALTHCARE;AH TRABZON;8,68E+12;NURDENİZ ECZANESİ;ARTVIN MERKEZ+DOGU+GUNEY;ACİDPASS;Acidpass 10/800/165 mg 12 Çiğneme Tablet;10;1;11;1.122;
1.06.2026;ALLIANCE HEALTHCARE;AH TRABZON;8,68E+12;HAYAT ECZANESİ;TRABZON K.BASI+SURMENE;ACİDPASS;Acidpass 10/800/165 mg 12 Çiğneme Tablet;10;1;11;1.122;
8.06.2026;NEVZAT ECZA DEPOSU;NEVZAT ERZURUM;8,68E+12;YEŞİL ECZANESİ;ERZURUM KUZEY ILCELER;ACİDPASS;Acidpass 10/800/165 mg 12 Çiğneme Tablet;10;1;11;1.122;
15.06.2026;SELÇUK ECZA DEPOSU;SELÇUK ERZURUM;8,68E+12;REFAHİYE ECZANESİ;ERZINCAN ILCELER;ACİDPASS;Acidpass 10/800/165 mg 12 Çiğneme Tablet;10;1;11;1.122;
12.06.2026;SELÇUK ECZA DEPOSU;SELÇUK SAMSUN;8,68E+12;ERTUĞRUL ECZANESİ;SIVAS MERKEZ -4;ACİDPASS;Acidpass 10/800/165 mg 12 Çiğneme Tablet;10;1;11;1.122;
9.06.2026;SELÇUK ECZA DEPOSU;SELÇUK SAMSUN;8,68E+12;ARYA ECZANESİ;CORUM MERKEZ -3;ACİDPASS;Acidpass 10/800/165 mg 12 Çiğneme Tablet;10;1;11;1.122;
15.06.2026;ALLIANCE HEALTHCARE;AH TRABZON;8,68E+12;ULU ECZANESİ;TRABZON DOGU ILCELER -1;ACİDPASS;Acidpass 10/800/165 mg 12 Çiğneme Tablet;10;1;11;1.122;
4.06.2026;SELÇUK ECZA DEPOSU;SELÇUK ERZURUM;8,68E+12;ŞEBNEM ECZANESİ;ERZINCAN MERKEZ;ACİDPASS;Acidpass 10/800/165 mg 12 Çiğneme Tablet;10;1;11;1.122;
24.06.2026;NEVZAT ECZA DEPOSU;NEVZAT ERZURUM;8,68E+12;TAZEGÜL ECZANESİ;KARS MERKEZ;ACİDPASS;Acidpass 10/800/165 mg 12 Çiğneme Tablet;10;1;11;1.122;
18.06.2026;SELÇUK ECZA DEPOSU;SELÇUK SAMSUN;8,68E+12;MEYDAN ECZANESİ;SIVAS MERKEZ -2;ACİDPASS;Acidpass 10/800/165 mg 12 Çiğneme Tablet;10;1;11;1.122;
17.06.2026;SELÇUK ECZA DEPOSU;SELÇUK SAMSUN;8,68E+12;SERHAT KANTAR ECZANESİ;CORUM MERKEZ -3;ACİDPASS;Acidpass 10/800/165 mg 12 Çiğneme Tablet;10;1;11;1.122;
5.06.2026;ALLIANCE HEALTHCARE;AH SAMSUN;8,68E+12;DEVA ECZANESİ;TOKAT MERKEZ -1;ACİDPASS;Acidpass 10/800/165 mg 12 Çiğneme Tablet;10;1;11;1.122;
15.06.2026;SELÇUK ECZA DEPOSU;SELÇUK SAMSUN;8,68E+12;BUĞRA ECZANESİ;TOKAT MERKEZ -1;ACİDPASS;Acidpass 10/800/165 mg 12 Çiğneme Tablet;10;1;11;1.122;
19.06.2026;SELÇUK ECZA DEPOSU;SELÇUK SAMSUN;8,68E+12;SEVGİ ECZANESİ;SIVAS MERKEZ -4;ACİDPASS;Acidpass 10/800/165 mg 12 Çiğneme Tablet;10;1;11;1.122;
4.06.2026;ALLIANCE HEALTHCARE;AH ORDU;8,68E+12;KARAMUSTAFA ECZANESİ ;ORDU FATSA;ACİDPASS;Acidpass 10/800/165 mg 12 Çiğneme Tablet;10;1;11;1.122;
24.06.2026;ALLIANCE HEALTHCARE;AH ORDU;8,68E+12;KARAMUSTAFA ECZANESİ ;ORDU FATSA;ACİDPASS;Acidpass 10/800/165 mg 12 Çiğneme Tablet;10;1;11;1.122;
1.06.2026;ALLIANCE HEALTHCARE;AH SAMSUN;8,68E+12;ÖZGE ECZANESİ;CORUM MERKEZ -2;ACİDPASS;Acidpass 10/800/165 mg 12 Çiğneme Tablet;10;1;11;1.122;
1.06.2026;ALLIANCE HEALTHCARE;AH ORDU;8,68E+12;DİLARA ECZANESİ;ORDU MERKEZ -3;ACİDPASS;Acidpass 10/800/165 mg 12 Çiğneme Tablet;10;1;11;1.122;
5.06.2026;ALLIANCE HEALTHCARE;AH SAMSUN;8,68E+12;BATUR ECZANESİ;SAMSUN ATAKENT+19 MAYIS;ACİDPASS;Acidpass 10/800/165 mg 12 Çiğneme Tablet;10;1;11;1.122;
16.06.2026;SELÇUK ECZA DEPOSU;SELÇUK TRABZON;8,68E+12;SENA ECZANESİ;TRABZON MERKEZ -1;ACİDPASS;Acidpass 10/800/165 mg 12 Çiğneme Tablet;10;1;11;1.122;
16.06.2026;SELÇUK ECZA DEPOSU;SELÇUK TRABZON;8,68E+12;EFENDİOĞLU ECZANESİ;TRABZON K.BASI+SURMENE;ACİDPASS;Acidpass 10/800/165 mg 12 Çiğneme Tablet;10;1;11;1.122;
26.06.2026;SELÇUK ECZA DEPOSU;SELÇUK SAMSUN;8,68E+12;DEVA ECZANESİ;TOKAT DOGU ILCELER;ACİDPASS;Acidpass 10/800/165 mg 12 Çiğneme Tablet;10;1;11;1.122;
10.06.2026;SELÇUK ECZA DEPOSU;SELÇUK SAMSUN;8,68E+12;SÜNBÜLCÜ ECZANESİ;CORUM MERKEZ -3;ACİDPASS;Acidpass 10/800/165 mg 12 Çiğneme Tablet;10;1;11;1.122;
26.06.2026;SELÇUK ECZA DEPOSU;SELÇUK TRABZON;8,68E+12;BAL ECZANESİ;TRABZON MERKEZ -4;ACİDPASS;Acidpass 10/800/165 mg 12 Çiğneme Tablet;10;1;11;1.122;
17.06.2026;ALLIANCE HEALTHCARE;AH TRABZON;8,68E+12;İBRAHİM ECZANESİ;TRABZON MERKEZ -1;ACİDPASS;Acidpass 10/800/165 mg 12 Çiğneme Tablet;10;1;11;1.122;
14.06.2026;ALLIANCE HEALTHCARE;AH TRABZON;8,68E+12;GÜLBAHAR ECZANESİ;RIZE MERKEZ;ACİDPASS;Acidpass 10/800/165 mg 12 Çiğneme Tablet;10;1;11;1.122;
5.06.2026;ALLIANCE HEALTHCARE;AH SAMSUN;8,68E+12;CADDE YEDİTEPE ECZANESİ;CORUM MERKEZ -1;ACİDPASS;Acidpass 10/800/165 mg 12 Çiğneme Tablet;10;1;11;1.122;
1.06.2026;SELÇUK ECZA DEPOSU;SELÇUK SAMSUN;8,68E+12;ZİLE ECZANESİ;TOKAT BATI ILCELER;ACİDPASS;Acidpass 10/800/165 mg 12 Çiğneme Tablet;10;1;11;1.122;
26.06.2026;SELÇUK ECZA DEPOSU;SELÇUK SAMSUN;8,68E+12;YÜRÜR ECZANESİ;ORDU MERKEZ -2;ACİDPASS;Acidpass 10/800/165 mg 12 Çiğneme Tablet;10;1;11;1.122;
26.06.2026;NEVZAT ECZA DEPOSU;NEVZAT SAMSUN;8,68E+12;ASLAN ECZANESİ;CORUM KARGI+OSMANCIK;ACİDPASS;Acidpass 10/800/165 mg 12 Çiğneme Tablet;10;1;11;1.122;
1.06.2026;ALLIANCE HEALTHCARE;AH ORDU;8,68E+12;ŞENLİKOĞLU ECZANESİ;GIRESUN GUNEY ILCELER;ACİDPASS;Acidpass 10/800/165 mg 12 Çiğneme Tablet;10;1;11;1.122;
2.06.2026;SELÇUK ECZA DEPOSU;SELÇUK SAMSUN;8,68E+12;LOTUS ECZANESİ;ORDU DOGU ILCELER;ACİDPASS;Acidpass 10/800/165 mg 12 Çiğneme Tablet;10;1;11;1.122;
1.06.2026;SELÇUK ECZA DEPOSU;SELÇUK TRABZON;8,68E+12;ÖZYİĞİT ECZANESİ;TRABZON K.BASI+SURMENE;ACİDPASS;Acidpass 10/800/165 mg 12 Çiğneme Tablet;10;1;11;1.122;
8.06.2026;ALLIANCE HEALTHCARE;AH SAMSUN;8,68E+12;YASEMİN ECZANESİ;SINOP MERKEZ;ACİDPASS;Acidpass 10/800/165 mg 12 Çiğneme Tablet;10;1;11;1.122;
26.06.2026;ALLIANCE HEALTHCARE;AH TRABZON;8,68E+12;AYDIN ECZANESİ;GUMUSHANE;ACİDPASS;Acidpass 10/800/165 mg 12 Çiğneme Tablet;10;1;11;1.122;
2.06.2026;ALLIANCE HEALTHCARE;AH ORDU;8,68E+12;BEGÜM ECZANESİ;ORDU MERKEZ -2;ACİDPASS;Acidpass 10/800/165 mg 12 Çiğneme Tablet;10;1;11;1.122;
25.06.2026;SELÇUK ECZA DEPOSU;SELÇUK TRABZON;8,68E+12;İLGE ECZANESİ;TRABZON MERKEZ -3;ACİDPASS;Acidpass 10/800/165 mg 12 Çiğneme Tablet;10;1;11;1.122;
23.06.2026;NEVZAT ECZA DEPOSU;NEVZAT SAMSUN;8,68E+12;ARSLAN ECZANESİ;TOKAT ERBAA;ACİDPASS;Acidpass 10/800/165 mg 12 Çiğneme Tablet;10;1;11;1.122;
10.06.2026;ALLIANCE HEALTHCARE;AH TRABZON;8,68E+12;FAKÜLTE ECZANESİ;TRABZON MERKEZ -3;ACİDPASS;Acidpass 10/800/165 mg 12 Çiğneme Tablet;10;1;11;1.122;
3.06.2026;SELÇUK ECZA DEPOSU;SELÇUK TRABZON;8,68E+12;MERKEZ ECZANESİ;TRABZON DUZKOY+MACKA;ACİDPASS;Acidpass 10/800/165 mg 12 Çiğneme Tablet;10;1;11;1.122;
19.06.2026;SELÇUK ECZA DEPOSU;SELÇUK TRABZON;8,68E+12;MERKEZ ECZANESİ;TRABZON DUZKOY+MACKA;ACİDPASS;Acidpass 10/800/165 mg 12 Çiğneme Tablet;10;1;11;1.122;
3.06.2026;ALLIANCE HEALTHCARE;AH SAMSUN;8,68E+12;YEŞİL ECZANESİ;SAMSUN ATAKENT+19 MAYIS;ACİDPASS;Acidpass 10/800/165 mg 12 Çiğneme Tablet;10;1;11;1.122;
8.06.2026;SELÇUK ECZA DEPOSU;SELÇUK ERZURUM;8,68E+12;TÜRKAN ECZANESİ;ERZURUM GUNEY ILCELER;ACİDPASS;Acidpass 10/800/165 mg 12 Çiğneme Tablet;10;1;11;1.122;
12.06.2026;ALLIANCE HEALTHCARE;AH ORDU;8,68E+12;YENİ SANAYİ ECZANESİ;ORDU MERKEZ -3;ACİDPASS;Acidpass 10/800/165 mg 12 Çiğneme Tablet;10;1;11;1.122;
2.06.2026;SELÇUK ECZA DEPOSU;SELÇUK TRABZON;8,68E+12;AYSE ECZANESI;GIRESUN GUNEY ILCELER;ACİDPASS;Acidpass 10/800/165 mg 12 Çiğneme Tablet;10;1;11;1.122;
12.06.2026;SELÇUK ECZA DEPOSU;SELÇUK TRABZON;8,68E+12;KEMERKAYA AKIN ECZANESİ;TRABZON MERKEZ -4;ACİDPASS;Acidpass 10/800/165 mg 12 Çiğneme Tablet;10;1;11;1.122;
7.06.2026;SELÇUK ECZA DEPOSU;SELÇUK SAMSUN;8,68E+12;SILA ECZANESİ;ORDU MERKEZ -3;ACİDPASS;Acidpass 10/800/165 mg 12 Çiğneme Tablet;10;1;11;1.122;
23.06.2026;ALLIANCE HEALTHCARE;AH SAMSUN;8,68E+12;KESKİN ECZANESİ;SAMSUN DOGU ILCELER - 2;ACİDPASS;Acidpass 10/800/165 mg 12 Çiğneme Tablet;10;1;11;1.122;
23.06.2026;NEVZAT ECZA DEPOSU;NEVZAT ERZURUM;8,68E+12;ZEHRA ECZANESİ;ERZINCAN MERKEZ;ACİDPASS;Acidpass 10/800/165 mg 12 Çiğneme Tablet;10;1;11;1.122;
23.06.2026;ALLIANCE HEALTHCARE;AH SAMSUN;8,68E+12;FAZIL ECZANESİ;SAMSUN VEZIRKOPRU;ACİDPASS;Acidpass 10/800/165 mg 12 Çiğneme Tablet;10;1;11;1.122;
12.06.2026;ALLIANCE HEALTHCARE;AH TRABZON;8,68E+12;ERVA ECZANESİ;TRABZON MERKEZ -2;ACİDPASS;Acidpass 10/800/165 mg 12 Çiğneme Tablet;10;1;11;1.122;
1.06.2026;ALLIANCE HEALTHCARE;AH TRABZON;8,68E+12;BURCU ECZANESİ;TRABZON MERKEZ -2;ACİDPASS;Acidpass 10/800/165 mg 12 Çiğneme Tablet;10;1;11;1.122;
12.06.2026;SELÇUK ECZA DEPOSU;SELÇUK SAMSUN;8,68E+12;PEKER ECZANESİ;AMASYA MERKEZ -1;ACİDPASS;Acidpass 10/800/165 mg 12 Çiğneme Tablet;10;1;11;1.122;
4.06.2026;SELÇUK ECZA DEPOSU;SELÇUK SAMSUN;8,68E+12;PEKER ECZANESİ;AMASYA MERKEZ -1;ACİDPASS;Acidpass 10/800/165 mg 12 Çiğneme Tablet;10;1;11;1.122;
26.06.2026;SELÇUK ECZA DEPOSU;SELÇUK TRABZON;8,68E+12;EZGİ ECZANESİ;RIZE MERKEZ;ACİDPASS;Acidpass 10/800/165 mg 12 Çiğneme Tablet;10;1;11;1.122;
9.06.2026;ALLIANCE HEALTHCARE;AH SAMSUN;8,68E+12;23 NİSAN ECZANESİ;CORUM MERKEZ -1;ACİDPASS;Acidpass 10/800/165 mg 12 Çiğneme Tablet;10;1;11;1.122;
19.06.2026;SELÇUK ECZA DEPOSU;SELÇUK TRABZON;8,68E+12;KÜBRA ECZANESİ;GIRESUN GUNEY ILCELER;ACİDPASS;Acidpass 10/800/165 mg 12 Çiğneme Tablet;10;1;11;1.122;
15.06.2026;ALLIANCE HEALTHCARE;AH SAMSUN;8,68E+12;NAZLI ECZANESİ;SINOP GUNEY ILCELER;ACİDPASS;Acidpass 10/800/165 mg 12 Çiğneme Tablet;10;1;11;1.122;
4.06.2026;SELÇUK ECZA DEPOSU;SELÇUK ERZURUM;8,68E+12;YENİ İSTANBUL ECZANESİ;AGRI ILCELER;ACİDPASS;Acidpass 10/800/165 mg 12 Çiğneme Tablet;10;1;11;1.122;
10.06.2026;SELÇUK ECZA DEPOSU;SELÇUK SAMSUN;8,68E+12;AKASYA ECZANESİ;SIVAS MERKEZ -4;ACİDPASS;Acidpass 10/800/165 mg 12 Çiğneme Tablet;10;1;11;1.122;
5.06.2026;ALLIANCE HEALTHCARE;AH SAMSUN;8,68E+12;BAYAT ECZANESİ;CORUM KUZEY ILCELER;ACİDPASS;Acidpass 10/800/165 mg 12 Çiğneme Tablet;10;1;11;1.122;
2.06.2026;ALLIANCE HEALTHCARE;AH ORDU;8,68E+12;ÖNAL ECZANE;GIRESUN MERKEZ -2;ACİDPASS;Acidpass 10/800/165 mg 12 Çiğneme Tablet;10;1;11;1.122;
25.06.2026;SELÇUK ECZA DEPOSU;SELÇUK SAMSUN;8,68E+12;BUĞRA ECZANESİ;ORDU MERKEZ -3;ACİDPASS;Acidpass 10/800/165 mg 12 Çiğneme Tablet;10;1;11;1.122;
24.06.2026;ALLIANCE HEALTHCARE;AH SAMSUN;8,68E+12;VATAN ECZANESİ;SAMSUN BAFRA;ACİDPASS;Acidpass 10/800/165 mg 12 Çiğneme Tablet;10;1;11;1.122;
3.06.2026;ALLIANCE HEALTHCARE;AH SAMSUN;8,68E+12;CANSU ECZANESİ;AMASYA MERZIFON;ACİDPASS;Acidpass 10/800/165 mg 12 Çiğneme Tablet;10;1;11;1.122;
23.06.2026;NEVZAT ECZA DEPOSU;NEVZAT SAMSUN;8,68E+12;CANSU ECZANESİ;AMASYA MERZIFON;ACİDPASS;Acidpass 10/800/165 mg 12 Çiğneme Tablet;10;1;11;1.122;
4.06.2026;SELÇUK ECZA DEPOSU;SELÇUK SAMSUN;8,68E+12;ŞÜKRÜ ECZANESİ;ORDU BATI ILCELER;ACİDPASS;Acidpass 10/800/165 mg 12 Çiğneme Tablet;10;1;11;1.122;
17.06.2026;SELÇUK ECZA DEPOSU;SELÇUK SAMSUN;8,68E+12;SENA ÇAKMAK ECZANESİ;SAMSUN BAHCELIEVLER;ACİDPASS;Acidpass 10/800/165 mg 12 Çiğneme Tablet;10;1;11;1.122;
4.06.2026;SELÇUK ECZA DEPOSU;SELÇUK SAMSUN;8,68E+12;SENA ÇAKMAK ECZANESİ;SAMSUN BAHCELIEVLER;ACİDPASS;Acidpass 10/800/165 mg 12 Çiğneme Tablet;10;1;11;1.122;
11.06.2026;SELÇUK ECZA DEPOSU;SELÇUK TRABZON;8,68E+12;OF ECZANESİ;TRABZON DOGU ILCELER -1;ACİDPASS;Acidpass 10/800/165 mg 12 Çiğneme Tablet;10;1;11;1.122;
24.06.2026;SELÇUK ECZA DEPOSU;SELÇUK SAMSUN;8,68E+12;BUSE FIRAT ECZANESI;SIVAS DOGU ILCELER;ACİDPASS;Acidpass 10/800/165 mg 12 Çiğneme Tablet;10;1;11;1.122;
1.06.2026;SELÇUK ECZA DEPOSU;SELÇUK SAMSUN;8,68E+12;EKİN ECZANESİ;CORUM MERKEZ -2;ACİDPASS;Acidpass 10/800/165 mg 12 Çiğneme Tablet;10;1;11;1.122;
5.06.2026;NEVZAT ECZA DEPOSU;NEVZAT ERZURUM;8,68E+12;YUSUFELİ ECZANESİ;ARTVIN MERKEZ+DOGU+GUNEY;ACİDPASS;Acidpass 10/800/165 mg 12 Çiğneme Tablet;10;1;11;1.122;
2.06.2026;ALLIANCE HEALTHCARE;AH SAMSUN;8,68E+12;EMRE ECZANESİ;CORUM GUNEYBATI ILCELER;ACİDPASS;Acidpass 10/800/165 mg 12 Çiğneme Tablet;10;1;11;1.122;
4.06.2026;SELÇUK ECZA DEPOSU;SELÇUK SAMSUN;8,68E+12;KOCUR ECZANESI;AMASYA GOYNUCEK+TASOVA;ACİDPASS;Acidpass 10/800/165 mg 12 Çiğneme Tablet;10;1;11;1.122;
19.06.2026;SELÇUK ECZA DEPOSU;SELÇUK SAMSUN;8,68E+12;ÇAĞLA ECZANESİ;SAMSUN VEZIRKOPRU;ACİDPASS;Acidpass 10/800/165 mg 12 Çiğneme Tablet;10;1;11;1.122;
8.06.2026;SELÇUK ECZA DEPOSU;SELÇUK SAMSUN;8,68E+12;YONCA ECZNESİ;SAMSUN ILKADIM - 2;ACİDPASS;Acidpass 10/800/165 mg 12 Çiğneme Tablet;10;1;11;1.122;
1.06.2026;NEVZAT ECZA DEPOSU;NEVZAT ERZURUM;8,68E+12;FATİH ECZANESİ;ERZURUM GUNEY ILCELER;ACİDPASS;Acidpass 10/800/165 mg 12 Çiğneme Tablet;10;1;11;1.122;
16.06.2026;SELÇUK ECZA DEPOSU;SELÇUK ERZURUM;8,68E+12;YONCALIK ECZANESİ;ERZURUM MERKEZ -3;ACİDPASS;Acidpass 10/800/165 mg 12 Çiğneme Tablet;10;1;11;1.122;
1.06.2026;SELÇUK ECZA DEPOSU;SELÇUK TRABZON;8,68E+12;ARYA ECZANESİ;TRABZON MERKEZ -3;ACİDPASS;Acidpass 10/800/165 mg 12 Çiğneme Tablet;10;1;11;1.122;
9.06.2026;SELÇUK ECZA DEPOSU;SELÇUK ERZURUM;8,68E+12;AKŞAR ECZANESİ;ERZURUM KUZEY ILCELER;ACİDPASS;Acidpass 10/800/165 mg 12 Çiğneme Tablet;10;1;11;1.122;
17.06.2026;SELÇUK ECZA DEPOSU;SELÇUK SAMSUN;8,68E+12;UMUT ECZANESİ;ORDU UNYE;ACİDPASS;Acidpass 10/800/165 mg 12 Çiğneme Tablet;10;1;11;1.122;
9.06.2026;SELÇUK ECZA DEPOSU;SELÇUK TRABZON;8,68E+12;GAZİPAŞA ECZANESİ;TRABZON MERKEZ -4;ACİDPASS;Acidpass 10/800/165 mg 12 Çiğneme Tablet;10;1;11;1.122;
18.06.2026;SELÇUK ECZA DEPOSU;SELÇUK TRABZON;8,68E+12;GAZİPAŞA ECZANESİ;TRABZON MERKEZ -4;ACİDPASS;Acidpass 10/800/165 mg 12 Çiğneme Tablet;10;1;11;1.122;
14.06.2026;SELÇUK ECZA DEPOSU;SELÇUK ERZURUM;8,68E+12;SARI ECZANESİ;AGRI ILCELER;ACİDPASS;Acidpass 10/800/165 mg 12 Çiğneme Tablet;10;1;11;1.122;
11.06.2026;ALLIANCE HEALTHCARE;AH ORDU;8,68E+12;TUĞÇEM ECZANESİ;ORDU FATSA;ACİDPASS;Acidpass 10/800/165 mg 12 Çiğneme Tablet;10;1;11;1.122;
1.06.2026;ALLIANCE HEALTHCARE;AH ORDU;8,68E+12;TUĞÇEM ECZANESİ;ORDU FATSA;ACİDPASS;Acidpass 10/800/165 mg 12 Çiğneme Tablet;10;1;11;1.122;
8.06.2026;SELÇUK ECZA DEPOSU;SELÇUK TRABZON;8,68E+12;YENIAY YILDIRIM ECZ.SURMENE;TRABZON AKCAABAT;ACİDPASS;Acidpass 10/800/165 mg 12 Çiğneme Tablet;10;1;11;1.122;
29.06.2026;SELÇUK ECZA DEPOSU;SELÇUK ERZURUM;8,68E+12;ULU ECZANESİ;KARS MERKEZ;ACİDPASS;Acidpass 10/800/165 mg 12 Çiğneme Tablet;10;1;11;1.122;
23.06.2026;SELÇUK ECZA DEPOSU;SELÇUK TRABZON;8,68E+12;RIZE ECZANESİ;RIZE BATI ILCELER;ACİDPASS;Acidpass 10/800/165 mg 12 Çiğneme Tablet;10;1;11;1.122;
3.06.2026;ALLIANCE HEALTHCARE;AH TRABZON;8,68E+12;MORDUT ECZANESİ;GUMUSHANE;ACİDPASS;Acidpass 10/800/165 mg 12 Çiğneme Tablet;10;1;11;1.122;
16.06.2026;SELÇUK ECZA DEPOSU;SELÇUK SAMSUN;8,68E+12;YENİ HAYAT ECZANESİ;SINOP DOGU-BATI ILCELER;ACİDPASS;Acidpass 10/800/165 mg 12 Çiğneme Tablet;10;1;11;1.122;
9.06.2026;ALLIANCE HEALTHCARE;AH SAMSUN;8,68E+12;KÜBRA ECZANESİ;AMASYA MERKEZ -1;ACİDPASS;Acidpass 10/800/165 mg 6 Çiğneme Tablet;10;1;11;689;
23.06.2026;ALLIANCE HEALTHCARE;AH TRABZON;8,68E+12;GÖKTAŞ ECZANESİ;ARTVIN KUZEY ILCELER;ACİDPASS;Acidpass 10/800/165 mg 6 Çiğneme Tablet;10;1;11;689;
11.06.2026;SELÇUK ECZA DEPOSU;SELÇUK ERZURUM;8,68E+12;ŞÜHEDA ECZANESİ;ERZURUM MERKEZ -2;ACİDPASS;Acidpass 10/800/165 mg 6 Çiğneme Tablet;10;1;11;689;
19.06.2026;SELÇUK ECZA DEPOSU;SELÇUK TRABZON;8,68E+12;EBRU ECZANESİ;GIRESUN MERKEZ -2;ACİDPASS;Acidpass 10/800/165 mg 6 Çiğneme Tablet;10;1;11;689;
17.06.2026;ALLIANCE HEALTHCARE;AH ORDU;8,68E+12;BOZTEPE ECZANESİ;ORDU MERKEZ -2;ACİDPASS;Acidpass 10/800/165 mg 6 Çiğneme Tablet;10;1;11;689;
3.06.2026;ALLIANCE HEALTHCARE;AH TRABZON;8,68E+12;SAĞLIK ECZANESİ;RIZE DOGU ILCELER;ACİDPASS;Acidpass 10/800/165 mg 6 Çiğneme Tablet;10;1;11;689;
2.06.2026;ALLIANCE HEALTHCARE;AH SAMSUN;8,68E+12;ANADOLU ECZANESİ;SAMSUN TERME;ACİDPASS;Acidpass 10/800/165 mg 6 Çiğneme Tablet;10;1;11;689;
23.06.2026;ALLIANCE HEALTHCARE;AH SAMSUN;8,68E+12;YASEMİN ECZANESİ;SAMSUN BAFRA;ACİDPASS;Acidpass 10/800/165 mg 6 Çiğneme Tablet;10;1;11;689;
2.06.2026;SELÇUK ECZA DEPOSU;SELÇUK TRABZON;8,68E+12;MELİS ECZANESİ;TRABZON MERKEZ -1;ACİDPASS;Acidpass 10/800/165 mg 6 Çiğneme Tablet;10;1;11;689;
4.06.2026;SELÇUK ECZA DEPOSU;SELÇUK TRABZON;8,68E+12;HAKAN ECZANESİ;TRABZON MERKEZ -4;ACİDPASS;Acidpass 10/800/165 mg 6 Çiğneme Tablet;10;1;11;689;
4.06.2026;ALLIANCE HEALTHCARE;AH TRABZON;8,68E+12;BÜYÜK ECZANESİ;RIZE DOGU ILCELER;ACİDPASS;Acidpass 10/800/165 mg 6 Çiğneme Tablet;10;1;11;689;
5.06.2026;ALLIANCE HEALTHCARE;AH SAMSUN;8,68E+12;AYHAN ECZANESİ;SAMSUN BAFRA;ACİDPASS;Acidpass 10/800/165 mg 6 Çiğneme Tablet;10;1;11;689;
8.06.2026;SELÇUK ECZA DEPOSU;SELÇUK ERZURUM;8,68E+12;İBNİ SİNA ECZANESİ;ERZURUM KUZEY ILCELER;ACİDPASS;Acidpass 10/800/165 mg 6 Çiğneme Tablet;10;1;11;689;
25.06.2026;SELÇUK ECZA DEPOSU;SELÇUK TRABZON;8,68E+12;SEVİLAY ECZANESİ;RIZE MERKEZ;ACİDPASS;Acidpass 10/800/165 mg 6 Çiğneme Tablet;10;1;11;689;
22.06.2026;SELÇUK ECZA DEPOSU;SELÇUK TRABZON;8,68E+12;PERA ECZANESİ;RIZE DOGU ILCELER;ACİDPASS;Acidpass 10/800/165 mg 6 Çiğneme Tablet;10;1;11;689;
1.06.2026;ALLIANCE HEALTHCARE;AH TRABZON;8,68E+12;HAYAT ECZANESİ;TRABZON K.BASI+SURMENE;ACİDPASS;Acidpass 10/800/165 mg 6 Çiğneme Tablet;10;1;11;689;
16.06.2026;SELÇUK ECZA DEPOSU;SELÇUK SAMSUN;8,68E+12;CANAN ECZANESİ;SAMSUN BAHCELIEVLER;ACİDPASS;Acidpass 10/800/165 mg 6 Çiğneme Tablet;10;1;11;689;
24.06.2026;ALLIANCE HEALTHCARE;AH ORDU;8,68E+12;AKSOY ECZANESİ;ORDU FATSA;ACİDPASS;Acidpass 10/800/165 mg 6 Çiğneme Tablet;10;1;11;689;
8.06.2026;SELÇUK ECZA DEPOSU;SELÇUK ERZURUM;8,68E+12;ÇAYKARA ECZANESİ;ERZURUM MERKEZ -1;GRİPORT COLD;Griport Cold 20 Film Kaplı Tablet;10;1;11;842;
16.06.2026;SELÇUK ECZA DEPOSU;SELÇUK TRABZON;8,68E+12;KARADENİZ ECZANESİ;RIZE DOGU ILCELER;GRİPORT COLD;Griport Cold 20 Film Kaplı Tablet;10;1;11;842;
8.06.2026;NEVZAT ECZA DEPOSU;NEVZAT TRABZON;8,68E+12;SEMİH ECZANESİ;TRABZON DOGU ILCELER - 2;GRİPORT COLD;Griport Cold 20 Film Kaplı Tablet;10;1;11;842;
12.06.2026;ALLIANCE HEALTHCARE;AH TRABZON;8,68E+12;BÜYÜK ECZANESİ;RIZE DOGU ILCELER;GRİPORT COLD;Griport Cold 20 Film Kaplı Tablet;10;1;11;842;
24.06.2026;SELÇUK ECZA DEPOSU;SELÇUK ERZURUM;8,68E+12;ALTINTAŞ ECZANESİ;AGRI MERKEZ;MOKSEFEN;Moksefen 400 mg 7 Film Tablet;10;3;13;1.490;
19.06.2026;SELÇUK ECZA DEPOSU;SELÇUK ERZURUM;8,68E+12;NEFES ECZANESİ;AGRI DIYADIN+D.BEYAZIT;MOKSEFEN;Moksefen 400 mg 7 Film Tablet;10;3;13;1.490;
22.06.2026;ALLIANCE HEALTHCARE;AH SAMSUN;8,68E+12;KEREM ECZANESİ;AMASYA MERZIFON;MOKSEFEN;Moksefen 400 mg 7 Film Tablet;10;3;13;1.490;
22.06.2026;NEVZAT ECZA DEPOSU;NEVZAT SAMSUN;8,68E+12;ÖZNUR ECZANESİ;AMASYA ILCELER;MOKSEFEN;Moksefen 400 mg 7 Film Tablet;10;3;13;1.490;
8.06.2026;ALLIANCE HEALTHCARE;AH SAMSUN;8,68E+12;SAĞLIK ECZANESİ;AMASYA MERKEZ -1;MOKSEFEN;Moksefen 400 mg 7 Film Tablet;10;3;13;1.490;
9.06.2026;SELÇUK ECZA DEPOSU;SELÇUK TRABZON;8,68E+12;HAYAT ECZANESİ;ARTVIN KUZEY ILCELER;MOKSEFEN;Moksefen 400 mg 7 Film Tablet;10;3;13;1.490;
19.06.2026;SELÇUK ECZA DEPOSU;SELÇUK TRABZON;8,68E+12;JÜLİDE NAZLI ECZANESİ;ARTVIN KUZEY ILCELER;MOKSEFEN;Moksefen 400 mg 7 Film Tablet;10;3;13;1.490;
26.06.2026;SELÇUK ECZA DEPOSU;SELÇUK TRABZON;8,68E+12;AKIN ECZANESİ;ARTVIN MERKEZ+DOGU+GUNEY;MOKSEFEN;Moksefen 400 mg 7 Film Tablet;10;3;13;1.490;
19.06.2026;ALLIANCE HEALTHCARE;AH SAMSUN;8,68E+12;BARIŞ ECZANESİ;CORUM KUZEY ILCELER;MOKSEFEN;Moksefen 400 mg 7 Film Tablet;10;3;13;1.490;
26.06.2026;SELÇUK ECZA DEPOSU;SELÇUK SAMSUN;8,68E+12;GÖKGÖZ ECZANESİ;CORUM MERKEZ -3;MOKSEFEN;Moksefen 400 mg 7 Film Tablet;10;3;13;1.490;
3.06.2026;SELÇUK ECZA DEPOSU;SELÇUK SAMSUN;8,68E+12;HAYAT ECZANESİ;CORUM GUNEYDOGU ILCELER;MOKSEFEN;Moksefen 400 mg 7 Film Tablet;10;3;13;1.490;
18.06.2026;ALLIANCE HEALTHCARE;AH SAMSUN;8,68E+12;PINAR ECZANESİ;CORUM MERKEZ -2;MOKSEFEN;Moksefen 400 mg 7 Film Tablet;10;3;13;1.490;
4.06.2026;ALLIANCE HEALTHCARE;AH SAMSUN;8,68E+12;EĞİTİM ECZANESİ;CORUM MERKEZ -1;MOKSEFEN;Moksefen 400 mg 7 Film Tablet;10;3;13;1.490;
17.06.2026;SELÇUK ECZA DEPOSU;SELÇUK ERZURUM;8,68E+12;DERYA ECZANESİ;ERZURUM KUZEY ILCELER;MOKSEFEN;Moksefen 400 mg 7 Film Tablet;10;3;13;1.490;
4.06.2026;SELÇUK ECZA DEPOSU;SELÇUK ERZURUM;8,68E+12;AHSEN ECZANESİ;ERZINCAN MERKEZ;MOKSEFEN;Moksefen 400 mg 7 Film Tablet;10;3;13;1.490;
21.06.2026;SELÇUK ECZA DEPOSU;SELÇUK ERZURUM;8,68E+12;ERENLER ECZANESİ;ERZURUM MERKEZ -1;MOKSEFEN;Moksefen 400 mg 7 Film Tablet;10;3;13;1.490;
25.06.2026;SELÇUK ECZA DEPOSU;SELÇUK ERZURUM;8,68E+12;MAHALLEBAŞI ECZANESİ;ERZURUM MERKEZ -2;MOKSEFEN;Moksefen 400 mg 7 Film Tablet;10;3;13;1.490;
15.06.2026;SELÇUK ECZA DEPOSU;SELÇUK ERZURUM;8,68E+12;ÖZLEM ECZANESİ;ERZURUM GUNEY ILCELER;MOKSEFEN;Moksefen 400 mg 7 Film Tablet;10;3;13;1.490;
5.06.2026;NEVZAT ECZA DEPOSU;NEVZAT ERZURUM;8,68E+12;ÇAĞRI ECZANESİ;ERZURUM KUZEY ILCELER;MOKSEFEN;Moksefen 400 mg 7 Film Tablet;10;3;13;1.490;
3.06.2026;SELÇUK ECZA DEPOSU;SELÇUK ERZURUM;8,68E+12;GÖLBAŞI ECZANESİ;ERZURUM MERKEZ -2;MOKSEFEN;Moksefen 400 mg 7 Film Tablet;10;3;13;1.490;
1.06.2026;NEVZAT ECZA DEPOSU;NEVZAT ERZURUM;8,68E+12;ÇINAR ECZANESİ;ERZURUM MERKEZ -2;MOKSEFEN;Moksefen 400 mg 7 Film Tablet;10;3;13;1.490;
30.06.2026;ALLIANCE HEALTHCARE;AH ORDU;8,68E+12;TOLGA ECZANESİ;GIRESUN DOGU ILCELER -1;MOKSEFEN;Moksefen 400 mg 7 Film Tablet;10;3;13;1.490;
10.06.2026;SELÇUK ECZA DEPOSU;SELÇUK TRABZON;8,68E+12;TOLGA ECZANESİ;GIRESUN DOGU ILCELER -1;MOKSEFEN;Moksefen 400 mg 7 Film Tablet;10;3;13;1.490;
29.06.2026;SELÇUK ECZA DEPOSU;SELÇUK TRABZON;8,68E+12;AYŞEGÜL ECZANESİ;GIRESUN DOGU ILCELER -1;MOKSEFEN;Moksefen 400 mg 7 Film Tablet;10;3;13;1.490;
1.06.2026;ALLIANCE HEALTHCARE;AH ORDU;8,68E+12;ÖZTÜRK ECZANESİ;GIRESUN DOGU ILCELER -1;MOKSEFEN;Moksefen 400 mg 7 Film Tablet;10;3;13;1.490;
15.06.2026;ALLIANCE HEALTHCARE;AH ORDU;8,68E+12;UMUT ECZANESİ;GIRESUN BULANCAK+PIRAZIZ;MOKSEFEN;Moksefen 400 mg 7 Film Tablet;10;3;13;1.490;
11.06.2026;ALLIANCE HEALTHCARE;AH ORDU;8,68E+12;ÇOTANAK ECZANESİ;GIRESUN MERKEZ -1;MOKSEFEN;Moksefen 400 mg 7 Film Tablet;10;3;13;1.490;
12.06.2026;ALLIANCE HEALTHCARE;AH ORDU;8,68E+12;ŞAFAK ECZANESİ;GIRESUN DOGU ILCELER -2;MOKSEFEN;Moksefen 400 mg 7 Film Tablet;10;3;13;1.490;
22.06.2026;SELÇUK ECZA DEPOSU;SELÇUK TRABZON;8,68E+12;DERYA ECZANESİ;GIRESUN MERKEZ -2;MOKSEFEN;Moksefen 400 mg 7 Film Tablet;10;3;13;1.490;
19.06.2026;SELÇUK ECZA DEPOSU;SELÇUK TRABZON;8,68E+12;KOVANLIK ECZANESİ;GIRESUN BULANCAK+PIRAZIZ;MOKSEFEN;Moksefen 400 mg 7 Film Tablet;10;3;13;1.490;
17.06.2026;ALLIANCE HEALTHCARE;AH ORDU;8,68E+12;HAZEL ECZANESİ;ORDU BATI ILCELER;MOKSEFEN;Moksefen 400 mg 7 Film Tablet;10;3;13;1.490;
9.06.2026;SELÇUK ECZA DEPOSU;SELÇUK SAMSUN;8,68E+12;DEFNE ECZANESİ;ORDU MERKEZ -2;MOKSEFEN;Moksefen 400 mg 7 Film Tablet;10;3;13;1.490;
1.06.2026;SELÇUK ECZA DEPOSU;SELÇUK SAMSUN;8,68E+12;TAN ECZANESİ;ORDU UNYE;MOKSEFEN;Moksefen 400 mg 7 Film Tablet;10;3;13;1.490;
6.06.2026;NEVZAT ECZA DEPOSU;NEVZAT TRABZON;8,68E+12;FİLİZ ECZANESİ;ORDU MERKEZ -2;MOKSEFEN;Moksefen 400 mg 7 Film Tablet;10;3;13;1.490;
25.06.2026;SELÇUK ECZA DEPOSU;SELÇUK TRABZON;8,68E+12;BİLSEL ECZANESİ;RIZE MERKEZ;MOKSEFEN;Moksefen 400 mg 7 Film Tablet;10;3;13;1.490;
11.06.2026;SELÇUK ECZA DEPOSU;SELÇUK TRABZON;8,68E+12;DERMAN ECZANESİ;RIZE MERKEZ;MOKSEFEN;Moksefen 400 mg 7 Film Tablet;10;3;13;1.490;
23.06.2026;SELÇUK ECZA DEPOSU;SELÇUK TRABZON;8,68E+12;FATİH ECZANESİ;RIZE MERKEZ;MOKSEFEN;Moksefen 400 mg 7 Film Tablet;10;3;13;1.490;
10.06.2026;NEVZAT ECZA DEPOSU;NEVZAT SAMSUN;8,68E+12;FATİH ECZANESİ;SAMSUN VEZIRKOPRU;MOKSEFEN;Moksefen 400 mg 7 Film Tablet;10;3;13;1.490;
17.06.2026;ALLIANCE HEALTHCARE;AH SAMSUN;8,68E+12;YAŞARDOĞU ECZANESİ;SAMSUN HAVZA+KAVAK+LADIK;MOKSEFEN;Moksefen 400 mg 7 Film Tablet;10;3;13;1.490;
11.06.2026;NEVZAT ECZA DEPOSU;NEVZAT SAMSUN;8,68E+12;DOĞAN ECZANESİ;SAMSUN VEZIRKOPRU;MOKSEFEN;Moksefen 400 mg 7 Film Tablet;10;3;13;1.490;
10.06.2026;ALLIANCE HEALTHCARE;AH SAMSUN;8,68E+12;SÖĞÜTLÜ ECZANESİ;SAMSUN TERME;MOKSEFEN;Moksefen 400 mg 7 Film Tablet;10;3;13;1.490;
21.06.2026;ALLIANCE HEALTHCARE;AH SAMSUN;8,68E+12;ARZU ECZANESİ;SAMSUN VEZIRKOPRU;MOKSEFEN;Moksefen 400 mg 7 Film Tablet;10;3;13;1.490;
5.06.2026;ALLIANCE HEALTHCARE;AH SAMSUN;8,68E+12;BEŞYOL ECZANESİ;SAMSUN BAFRA;MOKSEFEN;Moksefen 400 mg 7 Film Tablet;10;3;13;1.490;
26.06.2026;SELÇUK ECZA DEPOSU;SELÇUK SAMSUN;8,68E+12;ÇAĞDAŞ ECZANESİ;SAMSUN TERME;MOKSEFEN;Moksefen 400 mg 7 Film Tablet;10;3;13;1.490;
11.06.2026;SELÇUK ECZA DEPOSU;SELÇUK SAMSUN;8,68E+12;DERMAN ECZANESİ;SINOP GUNEY ILCELER;MOKSEFEN;Moksefen 400 mg 7 Film Tablet;10;3;13;1.490;
19.06.2026;NEVZAT ECZA DEPOSU;NEVZAT SAMSUN;8,68E+12;ÖZCAN ECZANESİ;SINOP GUNEY ILCELER;MOKSEFEN;Moksefen 400 mg 7 Film Tablet;10;3;13;1.490;
19.06.2026;ALLIANCE HEALTHCARE;AH SAMSUN;8,68E+12;ELİF ECZANESİ;SINOP GUNEY ILCELER;MOKSEFEN;Moksefen 400 mg 7 Film Tablet;10;3;13;1.490;
5.06.2026;ALLIANCE HEALTHCARE;AH SAMSUN;8,68E+12;KİRAZLIK ECZANESİ;SAMSUN DOGU ILCELER;MOKSEFEN;Moksefen 400 mg 7 Film Tablet;10;3;13;1.490;
19.06.2026;ALLIANCE HEALTHCARE;AH SAMSUN;8,68E+12;KİRAZLIK ECZANESİ;SAMSUN DOGU ILCELER;MOKSEFEN;Moksefen 400 mg 7 Film Tablet;10;3;13;1.490;
15.06.2026;NEVZAT ECZA DEPOSU;NEVZAT SAMSUN;8,68E+12;DERMAN ECZANESİ;SAMSUN DOGU ILCELER - 2;MOKSEFEN;Moksefen 400 mg 7 Film Tablet;10;3;13;1.490;
25.06.2026;ALLIANCE HEALTHCARE;AH SAMSUN;8,68E+12;PELİN ECZANESİ;SAMSUN VEZIRKOPRU;MOKSEFEN;Moksefen 400 mg 7 Film Tablet;10;3;13;1.490;
12.06.2026;SELÇUK ECZA DEPOSU;SELÇUK SAMSUN;8,68E+12;DEĞİŞİM ECZANESİ;SAMSUN DOGU ILCELER - 2;MOKSEFEN;Moksefen 400 mg 7 Film Tablet;10;3;13;1.490;
1.06.2026;ALLIANCE HEALTHCARE;AH SAMSUN;8,68E+12;ÖZYÜREK ECZANESİ;SAMSUN DOGU ILCELER;MOKSEFEN;Moksefen 400 mg 7 Film Tablet;10;3;13;1.490;
18.06.2026;SELÇUK ECZA DEPOSU;SELÇUK SAMSUN;8,68E+12;DUYGU ECZANESİ;SIVAS MERKEZ -4;MOKSEFEN;Moksefen 400 mg 7 Film Tablet;10;3;13;1.490;
26.06.2026;SELÇUK ECZA DEPOSU;SELÇUK SAMSUN;8,68E+12;ÖZDEMİR ECZANESİ;SIVAS MERKEZ -4;MOKSEFEN;Moksefen 400 mg 7 Film Tablet;10;3;13;1.490;
3.06.2026;ALLIANCE HEALTHCARE;AH SAMSUN;8,68E+12;FIRAT ECZANESİ;TOKAT BATI ILCELER;MOKSEFEN;Moksefen 400 mg 7 Film Tablet;10;3;13;1.490;
8.06.2026;NEVZAT ECZA DEPOSU;NEVZAT SAMSUN;8,68E+12;MURAT ECZANESİ;TOKAT TURHAL;MOKSEFEN;Moksefen 400 mg 7 Film Tablet;10;3;13;1.490;
25.06.2026;SELÇUK ECZA DEPOSU;SELÇUK SAMSUN;8,68E+12;LOKMAN ECZANESİ;TOKAT ERBAA;MOKSEFEN;Moksefen 400 mg 7 Film Tablet;10;3;13;1.490;
12.06.2026;SELÇUK ECZA DEPOSU;SELÇUK SAMSUN;8,68E+12;BEYAZ ECZANESİ;TOKAT TURHAL;MOKSEFEN;Moksefen 400 mg 7 Film Tablet;10;3;13;1.490;
25.06.2026;SELÇUK ECZA DEPOSU;SELÇUK TRABZON;8,68E+12;ŞAHİN ECZANESİ;TRABZON DOGU ILCELER - 2;MOKSEFEN;Moksefen 400 mg 7 Film Tablet;10;3;13;1.490;
2.06.2026;NEVZAT ECZA DEPOSU;NEVZAT TRABZON;8,68E+12;SEBAT ECZANESİ;TRABZON AKCAABAT;MOKSEFEN;Moksefen 400 mg 7 Film Tablet;10;3;13;1.490;
16.06.2026;SELÇUK ECZA DEPOSU;SELÇUK TRABZON;8,68E+12;ŞAHİN ECZANESİ;TRABZON BATI ILCELER - 2;MOKSEFEN;Moksefen 400 mg 7 Film Tablet;10;3;13;1.490;
16.06.2026;SELÇUK ECZA DEPOSU;SELÇUK TRABZON;8,68E+12;BOZTEPE ECZANESİ;TRABZON MERKEZ -3;MOKSEFEN;Moksefen 400 mg 7 Film Tablet;10;3;13;1.490;
3.06.2026;ALLIANCE HEALTHCARE;AH TRABZON;8,68E+12;DERYA ECZANESİ;TRABZON BATI ILCELER - 2;MOKSEFEN;Moksefen 400 mg 7 Film Tablet;10;3;13;1.490;
16.06.2026;NEVZAT ECZA DEPOSU;NEVZAT TRABZON;8,68E+12;SUAT ECZANESİ;TRABZON MERKEZ -1;MOKSEFEN;Moksefen 400 mg 7 Film Tablet;10;3;13;1.490;
2.06.2026;NEVZAT ECZA DEPOSU;NEVZAT TRABZON;8,68E+12;BAŞKAN ECZANESİ;TRABZON BATI ILCELER - 2;MOKSEFEN;Moksefen 400 mg 7 Film Tablet;10;3;13;1.490;
1.06.2026;SELÇUK ECZA DEPOSU;SELÇUK TRABZON;8,68E+12;ERDOĞAN ECZANESİ;TRABZON MERKEZ -4;MOKSEFEN;Moksefen 400 mg 7 Film Tablet;10;3;13;1.490;
12.06.2026;ALLIANCE HEALTHCARE;AH ORDU;8,68E+12;ERBAŞ ECZANESİ;GIRESUN DOGU ILCELER -2;MOKSEFEN;Moksefen 400 mg 7 Film Tablet;10;3;13;1.490;
1.06.2026;ALLIANCE HEALTHCARE;AH ORDU;8,68E+12;KUMYALI ECZANESİ;GIRESUN MERKEZ -2;MOKSEFEN;Moksefen 400 mg 7 Film Tablet;10;3;13;1.490;
1.06.2026;SELÇUK ECZA DEPOSU;SELÇUK TRABZON;8,68E+12;YENİ ÖZTÜRK ECZANESİ;RIZE BATI ILCELER;MOKSEFEN;Moksefen 400 mg 7 Film Tablet;10;3;13;1.490;
1.06.2026;ALLIANCE HEALTHCARE;AH SAMSUN;8,68E+12;ARAŞTIRMA ECZANESİ;SAMSUN RASATHANE;MOKSEFEN;Moksefen 400 mg 7 Film Tablet;10;3;13;1.490;
5.06.2026;NEVZAT ECZA DEPOSU;NEVZAT SAMSUN;8,68E+12;YAŞARDOĞU ECZANESİ;SAMSUN RASATHANE;MOKSEFEN;Moksefen 400 mg 7 Film Tablet;10;3;13;1.490;
25.06.2026;ALLIANCE HEALTHCARE;AH SAMSUN;8,68E+12;SÜMER ECZANESİ;SAMSUN HAVZA+KAVAK+LADIK;MOKSEFEN;Moksefen 400 mg 7 Film Tablet;10;3;13;1.490;
2.06.2026;ALLIANCE HEALTHCARE;AH SAMSUN;8,68E+12;CAN ECZANESİ;SAMSUN ATAKENT+19 MAYIS;MOKSEFEN;Moksefen 400 mg 7 Film Tablet;10;3;13;1.490;
2.06.2026;SELÇUK ECZA DEPOSU;SELÇUK TRABZON;8,68E+12;SEVDA ECZANESİ;TRABZON BATI ILCELER - 2;MOKSEFEN;Moksefen 400 mg 7 Film Tablet;10;3;13;1.490;
2.06.2026;ALLIANCE HEALTHCARE;AH SAMSUN;8,68E+12;YENİ TEKELİ ECZANESİ;TOKAT TURHAL;MOKSEFEN;Moksefen 400 mg 7 Film Tablet;10;3;13;1.490;
3.06.2026;NEVZAT ECZA DEPOSU;NEVZAT SAMSUN;8,68E+12;SABUNCU ECZANESİ;SAMSUN TERME;MOKSEFEN;Moksefen 400 mg 7 Film Tablet;10;3;13;1.490;
1.06.2026;ALLIANCE HEALTHCARE;AH TRABZON;8,68E+12;AYLİN KESKİN ECZANESİ;ARTVIN MERKEZ+DOGU+GUNEY;MOKSEFEN;Moksefen 400 mg 7 Film Tablet;10;3;13;1.490;
5.06.2026;ALLIANCE HEALTHCARE;AH SAMSUN;8,68E+12;SEDA ECZANESİ;SAMSUN DOGU ILCELER;MOKSEFEN;Moksefen 400 mg 7 Film Tablet;10;3;13;1.490;
2.06.2026;SELÇUK ECZA DEPOSU;SELÇUK SAMSUN;8,68E+12;BURUNUCU ECZANESI;ORDU UNYE;MOKSEFEN;Moksefen 400 mg 7 Film Tablet;10;3;13;1.490;
1.06.2026;SELÇUK ECZA DEPOSU;SELÇUK TRABZON;8,68E+12;NİSAN ECZANESİ;TRABZON MERKEZ -1;MOKSEFEN;Moksefen 400 mg 7 Film Tablet;10;3;13;1.490;
24.06.2026;SELÇUK ECZA DEPOSU;SELÇUK SAMSUN;8,68E+12;BUĞRA ECZANESİ;TOKAT MERKEZ -1;MOKSEFEN;Moksefen 400 mg 7 Film Tablet;10;3;13;1.490;
25.06.2026;SELÇUK ECZA DEPOSU;SELÇUK TRABZON;8,68E+12;FURKAN BUCAN ECZANESİ;RIZE DOGU ILCELER;MOKSEFEN;Moksefen 400 mg 7 Film Tablet;10;3;13;1.490;
23.06.2026;SELÇUK ECZA DEPOSU;SELÇUK SAMSUN;8,68E+12;ZİLE ECZANESİ;TOKAT BATI ILCELER;MOKSEFEN;Moksefen 400 mg 7 Film Tablet;10;3;13;1.490;
9.06.2026;SELÇUK ECZA DEPOSU;SELÇUK ERZURUM;8,68E+12;YAŞAM ECZANESİ;ERZURUM GUNEY ILCELER;MOKSEFEN;Moksefen 400 mg 7 Film Tablet;10;3;13;1.490;
10.06.2026;SELÇUK ECZA DEPOSU;SELÇUK ERZURUM;8,68E+12;ÖZLEM ECZANESİ;AGRI ILCELER;MOKSEFEN;Moksefen 400 mg 7 Film Tablet;10;3;13;1.490;
4.06.2026;ALLIANCE HEALTHCARE;AH TRABZON;8,68E+12;NUR ECZANESİ;GUMUSHANE;MOKSEFEN;Moksefen 400 mg 7 Film Tablet;10;3;13;1.490;
2.06.2026;SELÇUK ECZA DEPOSU;SELÇUK ERZURUM;8,68E+12;SARE ECZANESİ;ERZURUM MERKEZ -2;MOKSEFEN;Moksefen 400 mg 7 Film Tablet;10;3;13;1.490;
4.06.2026;ALLIANCE HEALTHCARE;AH ORDU;8,68E+12;LOTUS ECZANESİ;ORDU DOGU ILCELER;MOKSEFEN;Moksefen 400 mg 7 Film Tablet;10;3;13;1.490;
4.06.2026;ALLIANCE HEALTHCARE;AH TRABZON;8,68E+12;ŞEKER ECZANESİ;GUMUSHANE;MOKSEFEN;Moksefen 400 mg 7 Film Tablet;10;3;13;1.490;
23.06.2026;SELÇUK ECZA DEPOSU;SELÇUK TRABZON;8,68E+12;YAREN ECZANESİ;GUMUSHANE;MOKSEFEN;Moksefen 400 mg 7 Film Tablet;10;3;13;1.490;
12.06.2026;ALLIANCE HEALTHCARE;AH ORDU;8,68E+12;SARIHAN ECZANESİ ;ORDU FATSA;MOKSEFEN;Moksefen 400 mg 7 Film Tablet;10;3;13;1.490;
2.06.2026;ALLIANCE HEALTHCARE;AH SAMSUN;8,68E+12;İREM ECZANESİ;SAMSUN DOGU ILCELER - 2;MOKSEFEN;Moksefen 400 mg 7 Film Tablet;10;3;13;1.490;
26.06.2026;SELÇUK ECZA DEPOSU;SELÇUK SAMSUN;8,68E+12;ECE ECZANESİ;SIVAS MERKEZ -4;MOKSEFEN;Moksefen 400 mg 7 Film Tablet;10;3;13;1.490;
23.06.2026;ALLIANCE HEALTHCARE;AH ORDU;8,68E+12;AKSU ECZANESİ;ORDU MERKEZ -3;MOKSEFEN;Moksefen 400 mg 7 Film Tablet;10;3;13;1.490;
10.06.2026;SELÇUK ECZA DEPOSU;SELÇUK SAMSUN;8,68E+12;EKİN ECZANESİ;CORUM MERKEZ -2;MOKSEFEN;Moksefen 400 mg 7 Film Tablet;10;3;13;1.490;
12.06.2026;SELÇUK ECZA DEPOSU;SELÇUK TRABZON;8,68E+12;ATA ECZANESİ;TRABZON MERKEZ -1;MOKSEFEN;Moksefen 400 mg 7 Film Tablet;10;3;13;1.490;
7.06.2026;ALLIANCE HEALTHCARE;AH ORDU;8,68E+12;AHSEN ECZANESİ;ORDU FATSA;MOKSEFEN;Moksefen 400 mg 7 Film Tablet;10;3;13;1.490;
3.06.2026;SELÇUK ECZA DEPOSU;SELÇUK ERZURUM;8,68E+12;ŞİMŞEK ECZANESİ;KARS ILCELER;MOKSEFEN;Moksefen 400 mg 7 Film Tablet;10;3;13;1.490;
3.06.2026;SELÇUK ECZA DEPOSU;SELÇUK TRABZON;8,68E+12;MİHRAP ECZANESİ;ARTVIN KUZEY ILCELER;MOKSEFEN;Moksefen 400 mg 7 Film Tablet;10;3;13;1.490;
23.06.2026;ALLIANCE HEALTHCARE;AH SAMSUN;8,68E+12;CANSUYU ECZANESİ;TOKAT DOGU ILCELER;MOKSEFEN;Moksefen 400 mg 7 Film Tablet;10;3;13;1.490;
25.06.2026;SELÇUK ECZA DEPOSU;SELÇUK TRABZON;8,68E+12;HAN ECZANESİ;TRABZON MERKEZ -4;MOKSEFEN;Moksefen 400 mg 7 Film Tablet;10;3;13;1.490;
5.06.2026;SELÇUK ECZA DEPOSU;SELÇUK ERZURUM;8,68E+12;BUKET ECZANESİ;ERZURUM GUNEY ILCELER;MOKSEFEN;Moksefen 400 mg 7 Film Tablet;10;3;13;1.490;
1.06.2026;ALLIANCE HEALTHCARE;AH TRABZON;8,68E+12;SARIKAYA ECZANESİ;ARTVIN MERKEZ+DOGU+GUNEY;PANOCER;Panocer 40 mg 14 Enterik Kaplı Tablet;10;3;13;809;
4.06.2026;ALLIANCE HEALTHCARE;AH ORDU;8,68E+12;ÇITLAK ECZANESİ;GIRESUN DOGU ILCELER -1;PANOCER;Panocer 40 mg 14 Enterik Kaplı Tablet;10;3;13;809;
12.06.2026;SELÇUK ECZA DEPOSU;SELÇUK SAMSUN;8,68E+12;TEZEL ECZANESİ;ORDU UNYE;PANOCER;Panocer 40 mg 14 Enterik Kaplı Tablet;10;3;13;809;
9.06.2026;ALLIANCE HEALTHCARE;AH TRABZON;8,68E+12;NUR ECZANESİ;RIZE BATI ILCELER;PANOCER;Panocer 40 mg 14 Enterik Kaplı Tablet;10;3;13;809;
24.06.2026;ALLIANCE HEALTHCARE;AH SAMSUN;8,68E+12;ENGİZ ECZANESİ;SAMSUN ATAKENT+19 MAYIS;PANOCER;Panocer 40 mg 14 Enterik Kaplı Tablet;10;3;13;809;
30.06.2026;SELÇUK ECZA DEPOSU;SELÇUK SAMSUN;8,68E+12;DENİZ ECZANESİ;SAMSUN BAFRA;PANOCER;Panocer 40 mg 14 Enterik Kaplı Tablet;10;3;13;809;
24.06.2026;ALLIANCE HEALTHCARE;AH TRABZON;8,68E+12;ŞİFA ECZANESİ;TRABZON DOGU ILCELER - 2;PANOCER;Panocer 40 mg 14 Enterik Kaplı Tablet;10;3;13;809;
19.06.2026;ALLIANCE HEALTHCARE;AH SAMSUN;8,68E+12;FATİH ECZANESİ;TOKAT ERBAA;PANOCER;Panocer 40 mg 14 Enterik Kaplı Tablet;10;3;13;809;
4.06.2026;ALLIANCE HEALTHCARE;AH TRABZON;8,68E+12;SEBAT ECZANESİ;TRABZON AKCAABAT;PANOCER;Panocer 40 mg 14 Enterik Kaplı Tablet;10;3;13;809;
1.06.2026;ALLIANCE HEALTHCARE;AH SAMSUN;8,68E+12;SOYMAZ ECZANESİ ;TOKAT ERBAA;PANOCER;Panocer 40 mg 14 Enterik Kaplı Tablet;10;3;13;809;
17.06.2026;SELÇUK ECZA DEPOSU;SELÇUK ERZURUM;8,68E+12;ESRA ECZANESİ;KARS ILCELER;PANOCER;Panocer 40 mg 14 Enterik Kaplı Tablet;10;3;13;809;
1.06.2026;ALLIANCE HEALTHCARE;AH ORDU;8,68E+12;YÜZYIL ECZANESİ;ORDU UNYE;PANOCER;Panocer 40 mg 14 Enterik Kaplı Tablet;10;3;13;809;
24.06.2026;ALLIANCE HEALTHCARE;AH ORDU;8,68E+12;AHSEN ECZANESİ;ORDU MERKEZ -1;PANOCER;Panocer 40 mg 14 Enterik Kaplı Tablet;10;3;13;809;
12.06.2026;SELÇUK ECZA DEPOSU;SELÇUK ERZURUM;8,68E+12;NEFES ECZANESİ;AGRI DIYADIN+D.BEYAZIT;PANOCER;Panocer 40 mg 28 Enterik Kaplı Tablet;10;3;13;1.053;
11.06.2026;SELÇUK ECZA DEPOSU;SELÇUK ERZURUM;8,68E+12;TAŞLIÇAY ECZANESİ;AGRI ILCELER;PANOCER;Panocer 40 mg 28 Enterik Kaplı Tablet;10;3;13;1.053;
26.06.2026;SELÇUK ECZA DEPOSU;SELÇUK ERZURUM;8,68E+12;AĞRI ECZANESİ;AGRI MERKEZ;PANOCER;Panocer 40 mg 28 Enterik Kaplı Tablet;10;3;13;1.053;
5.06.2026;SELÇUK ECZA DEPOSU;SELÇUK SAMSUN;8,68E+12;BAYEZIT ECZANESİ;AMASYA MERKEZ -2;PANOCER;Panocer 40 mg 28 Enterik Kaplı Tablet;10;3;13;1.053;
18.06.2026;ALLIANCE HEALTHCARE;AH SAMSUN;8,68E+12;KEREM ECZANESİ;AMASYA MERZIFON;PANOCER;Panocer 40 mg 28 Enterik Kaplı Tablet;10;3;13;1.053;
23.06.2026;ALLIANCE HEALTHCARE;AH SAMSUN;8,68E+12;KOÇAK ECZANESİ;AMASYA MERZIFON;PANOCER;Panocer 40 mg 28 Enterik Kaplı Tablet;10;3;13;1.053;
22.06.2026;ALLIANCE HEALTHCARE;AH SAMSUN;8,68E+12;KEREM ECZANESİ;AMASYA MERZIFON;PANOCER;Panocer 40 mg 28 Enterik Kaplı Tablet;10;3;13;1.053;
2.06.2026;ALLIANCE HEALTHCARE;AH SAMSUN;8,68E+12;HAZNECİ ECZANESİ;AMASYA MERZIFON;PANOCER;Panocer 40 mg 28 Enterik Kaplı Tablet;10;3;13;1.053;
18.06.2026;ALLIANCE HEALTHCARE;AH SAMSUN;8,68E+12;SAĞLIK ECZANESİ;AMASYA MERKEZ -1;PANOCER;Panocer 40 mg 28 Enterik Kaplı Tablet;10;3;13;1.053;
25.06.2026;NEVZAT ECZA DEPOSU;NEVZAT SAMSUN;8,68E+12;YENİ ECZANESİ;AMASYA MERZIFON;PANOCER;Panocer 40 mg 28 Enterik Kaplı Tablet;10;3;13;1.053;
26.06.2026;NEVZAT ECZA DEPOSU;NEVZAT SAMSUN;8,68E+12;TEKNECİ ECZANESİ;AMASYA MERZIFON;PANOCER;Panocer 40 mg 28 Enterik Kaplı Tablet;10;3;13;1.053;
18.06.2026;ALLIANCE HEALTHCARE;AH SAMSUN;8,68E+12;SEVEN ECZANESİ;AMASYA MERKEZ -2;PANOCER;Panocer 40 mg 28 Enterik Kaplı Tablet;10;3;13;1.053;
12.06.2026;ALLIANCE HEALTHCARE;AH SAMSUN;8,68E+12;TİRYAKİOĞLU ECZANESİ;AMASYA GOYNUCEK+TASOVA;PANOCER;Panocer 40 mg 28 Enterik Kaplı Tablet;10;3;13;1.053;
1.06.2026;NEVZAT ECZA DEPOSU;NEVZAT SAMSUN;8,68E+12;SERKAN ECZANESİ;AMASYA ILCELER;PANOCER;Panocer 40 mg 28 Enterik Kaplı Tablet;10;3;13;1.053;
11.06.2026;SELÇUK ECZA DEPOSU;SELÇUK TRABZON;8,68E+12;BAYRAKTAR ECZANESİ;ARTVIN KUZEY ILCELER;PANOCER;Panocer 40 mg 28 Enterik Kaplı Tablet;10;3;13;1.053;
22.06.2026;SELÇUK ECZA DEPOSU;SELÇUK TRABZON;8,68E+12;YENİ BAYRAKTAR ECZANESİ;ARTVIN KUZEY ILCELER;PANOCER;Panocer 40 mg 28 Enterik Kaplı Tablet;10;3;13;1.053;
12.06.2026;ALLIANCE HEALTHCARE;AH SAMSUN;8,68E+12;BİLGE ECZANESİ;CORUM MERKEZ -2;PANOCER;Panocer 40 mg 28 Enterik Kaplı Tablet;10;3;13;1.053;
26.06.2026;ALLIANCE HEALTHCARE;AH SAMSUN;8,68E+12;DERMAN ECZANESİ;CORUM KUZEY ILCELER;PANOCER;Panocer 40 mg 28 Enterik Kaplı Tablet;10;3;13;1.053;
12.06.2026;SELÇUK ECZA DEPOSU;SELÇUK SAMSUN;8,68E+12;BÜYÜK ECZANESİ;CORUM KARGI+OSMANCIK;PANOCER;Panocer 40 mg 28 Enterik Kaplı Tablet;10;3;13;1.053;
1.06.2026;SELÇUK ECZA DEPOSU;SELÇUK SAMSUN;8,68E+12;ŞİFA ECZANESİ;CORUM KARGI+OSMANCIK;PANOCER;Panocer 40 mg 28 Enterik Kaplı Tablet;10;3;13;1.053;
10.06.2026;SELÇUK ECZA DEPOSU;SELÇUK SAMSUN;8,68E+12;DEMET ECZANESİ;CORUM KARGI+OSMANCIK;PANOCER;Panocer 40 mg 28 Enterik Kaplı Tablet;10;3;13;1.053;
26.06.2026;NEVZAT ECZA DEPOSU;NEVZAT SAMSUN;8,68E+12;DEMET ECZANESİ;CORUM KARGI+OSMANCIK;PANOCER;Panocer 40 mg 28 Enterik Kaplı Tablet;10;3;13;1.053;
5.06.2026;SELÇUK ECZA DEPOSU;SELÇUK SAMSUN;8,68E+12;ENGİNİN ECZANESİ;CORUM GUNEYDOGU ILCELER;PANOCER;Panocer 40 mg 28 Enterik Kaplı Tablet;10;3;13;1.053;
22.06.2026;SELÇUK ECZA DEPOSU;SELÇUK SAMSUN;8,68E+12;HABOĞLU ECZANESİ;CORUM MERKEZ -2;PANOCER;Panocer 40 mg 28 Enterik Kaplı Tablet;10;3;13;1.053;
25.06.2026;NEVZAT ECZA DEPOSU;NEVZAT SAMSUN;8,68E+12;ERMAN ECZANESİ;CORUM MERKEZ -1;PANOCER;Panocer 40 mg 28 Enterik Kaplı Tablet;10;3;13;1.053;
8.06.2026;SELÇUK ECZA DEPOSU;SELÇUK SAMSUN;8,68E+12;ERMAN ECZANESİ;CORUM MERKEZ -1;PANOCER;Panocer 40 mg 28 Enterik Kaplı Tablet;10;3;13;1.053;
21.06.2026;SELÇUK ECZA DEPOSU;SELÇUK SAMSUN;8,68E+12;ERMAN ECZANESİ;CORUM MERKEZ -1;PANOCER;Panocer 40 mg 28 Enterik Kaplı Tablet;10;3;13;1.053;
17.06.2026;NEVZAT ECZA DEPOSU;NEVZAT SAMSUN;8,68E+12;ERMAN ECZANESİ;CORUM MERKEZ -1;PANOCER;Panocer 40 mg 28 Enterik Kaplı Tablet;10;3;13;1.053;
26.06.2026;SELÇUK ECZA DEPOSU;SELÇUK SAMSUN;8,68E+12;SİRKECİLER ECZANESİ;CORUM KUZEY ILCELER;PANOCER;Panocer 40 mg 28 Enterik Kaplı Tablet;10;3;13;1.053;
25.06.2026;SELÇUK ECZA DEPOSU;SELÇUK SAMSUN;8,68E+12;FUNDA ECZANESİ;CORUM MERKEZ -2;PANOCER;Panocer 40 mg 28 Enterik Kaplı Tablet;10;3;13;1.053;
1.06.2026;SELÇUK ECZA DEPOSU;SELÇUK SAMSUN;8,68E+12;FUNDA ECZANESİ;CORUM MERKEZ -2;PANOCER;Panocer 40 mg 28 Enterik Kaplı Tablet;10;3;13;1.053;
10.06.2026;SELÇUK ECZA DEPOSU;SELÇUK SAMSUN;8,68E+12;FİKRİ KARTAL ECZANESİ;CORUM KUZEY ILCELER;PANOCER;Panocer 40 mg 28 Enterik Kaplı Tablet;10;3;13;1.053;
21.06.2026;ALLIANCE HEALTHCARE;AH SAMSUN;8,68E+12;GÜNEŞ ECZANESİ;CORUM MERKEZ -2;PANOCER;Panocer 40 mg 28 Enterik Kaplı Tablet;10;3;13;1.053;
11.06.2026;ALLIANCE HEALTHCARE;AH SAMSUN;8,68E+12;GÜNEŞ ECZANESİ;CORUM MERKEZ -2;PANOCER;Panocer 40 mg 28 Enterik Kaplı Tablet;10;3;13;1.053;
5.06.2026;NEVZAT ECZA DEPOSU;NEVZAT SAMSUN;8,68E+12;ŞİFA ECZANESİ;CORUM KARGI+OSMANCIK;PANOCER;Panocer 40 mg 28 Enterik Kaplı Tablet;10;3;13;1.053;
3.06.2026;ALLIANCE HEALTHCARE;AH SAMSUN;8,68E+12;ŞİFA ECZANESİ;CORUM KARGI+OSMANCIK;PANOCER;Panocer 40 mg 28 Enterik Kaplı Tablet;10;3;13;1.053;
29.06.2026;NEVZAT ECZA DEPOSU;NEVZAT SAMSUN;8,68E+12;ŞİFA ECZANESİ;CORUM KARGI+OSMANCIK;PANOCER;Panocer 40 mg 28 Enterik Kaplı Tablet;10;3;13;1.053;
1.06.2026;ALLIANCE HEALTHCARE;AH SAMSUN;8,68E+12;KARTAL ECZANESİ;CORUM MERKEZ -3;PANOCER;Panocer 40 mg 28 Enterik Kaplı Tablet;10;3;13;1.053;
26.06.2026;ALLIANCE HEALTHCARE;AH SAMSUN;8,68E+12;KARTAL ECZANESİ;CORUM MERKEZ -3;PANOCER;Panocer 40 mg 28 Enterik Kaplı Tablet;10;3;13;1.053;
5.06.2026;SELÇUK ECZA DEPOSU;SELÇUK SAMSUN;8,68E+12;UĞUR ECZANESİ;CORUM MERKEZ -2;PANOCER;Panocer 40 mg 28 Enterik Kaplı Tablet;10;3;13;1.053;
16.06.2026;NEVZAT ECZA DEPOSU;NEVZAT SAMSUN;8,68E+12;KARTAL ECZANESİ;CORUM MERKEZ -3;PANOCER;Panocer 40 mg 28 Enterik Kaplı Tablet;10;3;13;1.053;
15.06.2026;ALLIANCE HEALTHCARE;AH SAMSUN;8,68E+12;YASEMİN ECZANESİ;CORUM MERKEZ -3;PANOCER;Panocer 40 mg 28 Enterik Kaplı Tablet;10;3;13;1.053;
24.06.2026;ALLIANCE HEALTHCARE;AH SAMSUN;8,68E+12;İSKENDER ECZANESİ;CORUM MERKEZ -1;PANOCER;Panocer 40 mg 28 Enterik Kaplı Tablet;10;3;13;1.053;
22.06.2026;SELÇUK ECZA DEPOSU;SELÇUK ERZURUM;8,68E+12;EMRAH ECZANESİ;ERZINCAN ILCELER;PANOCER;Panocer 40 mg 28 Enterik Kaplı Tablet;10;3;13;1.053;
11.06.2026;SELÇUK ECZA DEPOSU;SELÇUK ERZURUM;8,68E+12;KEMALİYE ŞİFA ECZANESİ;ERZINCAN ILCELER;PANOCER;Panocer 40 mg 28 Enterik Kaplı Tablet;10;3;13;1.053;
15.06.2026;SELÇUK ECZA DEPOSU;SELÇUK ERZURUM;8,68E+12;DERYA ECZANESİ;ERZURUM KUZEY ILCELER;PANOCER;Panocer 40 mg 28 Enterik Kaplı Tablet;10;3;13;1.053;
1.06.2026;NEVZAT ECZA DEPOSU;NEVZAT ERZURUM;8,68E+12;TUĞÇE ECZANESİ;ERZINCAN MERKEZ;PANOCER;Panocer 40 mg 28 Enterik Kaplı Tablet;10;3;13;1.053;
30.06.2026;NEVZAT ECZA DEPOSU;NEVZAT ERZURUM;8,68E+12;TUĞÇE ECZANESİ;ERZINCAN MERKEZ;PANOCER;Panocer 40 mg 28 Enterik Kaplı Tablet;10;3;13;1.053;
4.06.2026;SELÇUK ECZA DEPOSU;SELÇUK ERZURUM;8,68E+12;GÜROL ECZANESİ;ERZINCAN MERKEZ;PANOCER;Panocer 40 mg 28 Enterik Kaplı Tablet;10;3;13;1.053;
1.06.2026;NEVZAT ECZA DEPOSU;NEVZAT ERZURUM;8,68E+12;ŞAFAK ECZANESİ;ERZURUM MERKEZ -3;PANOCER;Panocer 40 mg 28 Enterik Kaplı Tablet;10;3;13;1.053;
19.06.2026;NEVZAT ECZA DEPOSU;NEVZAT ERZURUM;8,68E+12;ŞAFAK ECZANESİ;ERZURUM MERKEZ -3;PANOCER;Panocer 40 mg 28 Enterik Kaplı Tablet;10;3;13;1.053;
24.06.2026;SELÇUK ECZA DEPOSU;SELÇUK ERZURUM;8,68E+12;TURGUT ECZANESİ;ERZURUM MERKEZ -3;PANOCER;Panocer 40 mg 28 Enterik Kaplı Tablet;10;3;13;1.053;
3.06.2026;NEVZAT ECZA DEPOSU;NEVZAT ERZURUM;8,68E+12;PINAR ECZANESİ;ERZINCAN MERKEZ;PANOCER;Panocer 40 mg 28 Enterik Kaplı Tablet;10;3;13;1.053;
11.06.2026;NEVZAT ECZA DEPOSU;NEVZAT ERZURUM;8,68E+12;PINAR ECZANESİ;ERZINCAN MERKEZ;PANOCER;Panocer 40 mg 28 Enterik Kaplı Tablet;10;3;13;1.053;
3.06.2026;NEVZAT ECZA DEPOSU;NEVZAT ERZURUM;8,68E+12;PINAR ECZANESİ;ERZINCAN MERKEZ;PANOCER;Panocer 40 mg 28 Enterik Kaplı Tablet;10;3;13;1.053;
23.06.2026;NEVZAT ECZA DEPOSU;NEVZAT ERZURUM;8,68E+12;PINAR ECZANESİ;ERZINCAN MERKEZ;PANOCER;Panocer 40 mg 28 Enterik Kaplı Tablet;10;3;13;1.053;
23.06.2026;NEVZAT ECZA DEPOSU;NEVZAT ERZURUM;8,68E+12;IHLAMUR ECZANESİ;ERZINCAN MERKEZ;PANOCER;Panocer 40 mg 28 Enterik Kaplı Tablet;10;3;13;1.053;
29.06.2026;NEVZAT ECZA DEPOSU;NEVZAT ERZURUM;8,68E+12;IHLAMUR ECZANESİ;ERZINCAN MERKEZ;PANOCER;Panocer 40 mg 28 Enterik Kaplı Tablet;10;3;13;1.053;
17.06.2026;NEVZAT ECZA DEPOSU;NEVZAT ERZURUM;8,68E+12;IHLAMUR ECZANESİ;ERZINCAN MERKEZ;PANOCER;Panocer 40 mg 28 Enterik Kaplı Tablet;10;3;13;1.053;
22.06.2026;NEVZAT ECZA DEPOSU;NEVZAT ERZURUM;8,68E+12;IHLAMUR ECZANESİ;ERZINCAN MERKEZ;PANOCER;Panocer 40 mg 28 Enterik Kaplı Tablet;10;3;13;1.053;
15.06.2026;NEVZAT ECZA DEPOSU;NEVZAT ERZURUM;8,68E+12;IHLAMUR ECZANESİ;ERZINCAN MERKEZ;PANOCER;Panocer 40 mg 28 Enterik Kaplı Tablet;10;3;13;1.053;
19.06.2026;SELÇUK ECZA DEPOSU;SELÇUK ERZURUM;8,68E+12;ÖZKAN ECZANESİ;ERZINCAN MERKEZ;PANOCER;Panocer 40 mg 28 Enterik Kaplı Tablet;10;3;13;1.053;
24.06.2026;SELÇUK ECZA DEPOSU;SELÇUK ERZURUM;8,68E+12;BAHAR ECZANESİ;ERZURUM MERKEZ -1;PANOCER;Panocer 40 mg 28 Enterik Kaplı Tablet;10;3;13;1.053;
22.06.2026;NEVZAT ECZA DEPOSU;NEVZAT ERZURUM;8,68E+12;SULTAN ECZANESİ;ERZURUM MERKEZ -1;PANOCER;Panocer 40 mg 28 Enterik Kaplı Tablet;10;3;13;1.053;
8.06.2026;SELÇUK ECZA DEPOSU;SELÇUK ERZURUM;8,68E+12;SELİMİYE ECZANESİ;ERZURUM MERKEZ -3;PANOCER;Panocer 40 mg 28 Enterik Kaplı Tablet;10;3;13;1.053;
1.06.2026;NEVZAT ECZA DEPOSU;NEVZAT ERZURUM;8,68E+12;AYGÜN ECZANESİ;ERZURUM MERKEZ -3;PANOCER;Panocer 40 mg 28 Enterik Kaplı Tablet;10;3;13;1.053;
16.06.2026;SELÇUK ECZA DEPOSU;SELÇUK ERZURUM;8,68E+12;YENİ ARAŞTIRMA ECZANESİ;ERZURUM MERKEZ -3;PANOCER;Panocer 40 mg 28 Enterik Kaplı Tablet;10;3;13;1.053;
25.06.2026;NEVZAT ECZA DEPOSU;NEVZAT ERZURUM;8,68E+12;ZEHRA ECZANESİ;ERZURUM GUNEY ILCELER;PANOCER;Panocer 40 mg 28 Enterik Kaplı Tablet;10;3;13;1.053;
4.06.2026;SELÇUK ECZA DEPOSU;SELÇUK ERZURUM;8,68E+12;YILDIZKENT KAVŞAK ECZANESİ;ERZURUM MERKEZ -3;PANOCER;Panocer 40 mg 28 Enterik Kaplı Tablet;10;3;13;1.053;
1.06.2026;NEVZAT ECZA DEPOSU;NEVZAT ERZURUM;8,68E+12;ÇINAR ECZANESİ;ERZURUM MERKEZ -2;PANOCER;Panocer 40 mg 28 Enterik Kaplı Tablet;10;3;13;1.053;
8.06.2026;SELÇUK ECZA DEPOSU;SELÇUK TRABZON;8,68E+12;TOLGA ECZANESİ;GIRESUN DOGU ILCELER -1;PANOCER;Panocer 40 mg 28 Enterik Kaplı Tablet;10;3;13;1.053;
22.06.2026;ALLIANCE HEALTHCARE;AH ORDU;8,68E+12;GÜLŞAH ECZANESİ;GIRESUN DOGU ILCELER -1;PANOCER;Panocer 40 mg 28 Enterik Kaplı Tablet;10;3;13;1.053;
5.06.2026;SELÇUK ECZA DEPOSU;SELÇUK TRABZON;8,68E+12;NİSAN ECZANESİ;GIRESUN GUNEY ILCELER;PANOCER;Panocer 40 mg 28 Enterik Kaplı Tablet;10;3;13;1.053;
30.06.2026;SELÇUK ECZA DEPOSU;SELÇUK TRABZON;8,68E+12;NİSAN ECZANESİ;GIRESUN GUNEY ILCELER;PANOCER;Panocer 40 mg 28 Enterik Kaplı Tablet;10;3;13;1.053;
23.06.2026;SELÇUK ECZA DEPOSU;SELÇUK TRABZON;8,68E+12;HİSAR ECZANESİ;GIRESUN GUNEY ILCELER;PANOCER;Panocer 40 mg 28 Enterik Kaplı Tablet;10;3;13;1.053;
5.06.2026;ALLIANCE HEALTHCARE;AH ORDU;8,68E+12;DİKMEN ECZANESİ;GIRESUN DOGU ILCELER -1;PANOCER;Panocer 40 mg 28 Enterik Kaplı Tablet;10;3;13;1.053;
25.06.2026;SELÇUK ECZA DEPOSU;SELÇUK TRABZON;8,68E+12;KÜRTÜN SİMGE ECZANESİ;GUMUSHANE;PANOCER;Panocer 40 mg 28 Enterik Kaplı Tablet;10;3;13;1.053;
19.06.2026;ALLIANCE HEALTHCARE;AH TRABZON;8,68E+12;ŞİFA ECZANESİ;GUMUSHANE;PANOCER;Panocer 40 mg 28 Enterik Kaplı Tablet;10;3;13;1.053;
24.06.2026;ALLIANCE HEALTHCARE;AH ORDU;8,68E+12;YEŞİM ECZANESİ;GIRESUN MERKEZ -2;PANOCER;Panocer 40 mg 28 Enterik Kaplı Tablet;10;3;13;1.053;
8.06.2026;ALLIANCE HEALTHCARE;AH ORDU;8,68E+12;SOKAKBAŞI ECZANESİ;GIRESUN MERKEZ -1;PANOCER;Panocer 40 mg 28 Enterik Kaplı Tablet;10;3;13;1.053;
16.06.2026;ALLIANCE HEALTHCARE;AH ORDU;8,68E+12;ZAFER ECZANESİ;GIRESUN DOGU ILCELER -2;PANOCER;Panocer 40 mg 28 Enterik Kaplı Tablet;10;3;13;1.053;
15.06.2026;SELÇUK ECZA DEPOSU;SELÇUK TRABZON;8,68E+12;VERESELİ HAYAT ECZANESİ;GIRESUN BULANCAK+PIRAZIZ;PANOCER;Panocer 40 mg 28 Enterik Kaplı Tablet;10;3;13;1.053;
23.06.2026;SELÇUK ECZA DEPOSU;SELÇUK TRABZON;8,68E+12;DEMİRKILIÇ ECZANESİ;GIRESUN BULANCAK+PIRAZIZ;PANOCER;Panocer 40 mg 28 Enterik Kaplı Tablet;10;3;13;1.053;
22.06.2026;ALLIANCE HEALTHCARE;AH ORDU;8,68E+12;KARAİBRAHİMOĞLU ECZANESİ;GIRESUN BULANCAK+PIRAZIZ;PANOCER;Panocer 40 mg 28 Enterik Kaplı Tablet;10;3;13;1.053;
4.06.2026;SELÇUK ECZA DEPOSU;SELÇUK TRABZON;8,68E+12;ÇAĞRI ECZANESİ;GIRESUN MERKEZ -2;PANOCER;Panocer 40 mg 28 Enterik Kaplı Tablet;10;3;13;1.053;
19.06.2026;SELÇUK ECZA DEPOSU;SELÇUK TRABZON;8,68E+12;ÖZDEMİR ECZANESİ;GIRESUN BULANCAK+PIRAZIZ;PANOCER;Panocer 40 mg 28 Enterik Kaplı Tablet;10;3;13;1.053;
1.06.2026;ALLIANCE HEALTHCARE;AH ORDU;8,68E+12;ARSLAN ECZANESİ;GIRESUN BULANCAK+PIRAZIZ;PANOCER;Panocer 40 mg 28 Enterik Kaplı Tablet;10;3;13;1.053;
23.06.2026;NEVZAT ECZA DEPOSU;NEVZAT TRABZON;8,68E+12;ŞÜKRAN ECZANESİ;GIRESUN DOGU ILCELER -2;PANOCER;Panocer 40 mg 28 Enterik Kaplı Tablet;10;3;13;1.053;
2.06.2026;SELÇUK ECZA DEPOSU;SELÇUK TRABZON;8,68E+12;MÜGE ECZANESİ;GIRESUN BULANCAK+PIRAZIZ;PANOCER;Panocer 40 mg 28 Enterik Kaplı Tablet;10;3;13;1.053;
12.06.2026;SELÇUK ECZA DEPOSU;SELÇUK TRABZON;8,68E+12;İLGİ ECZANESİ;GIRESUN BULANCAK+PIRAZIZ;PANOCER;Panocer 40 mg 28 Enterik Kaplı Tablet;10;3;13;1.053;
4.06.2026;SELÇUK ECZA DEPOSU;SELÇUK TRABZON;8,68E+12;BEKTAŞOĞLU ECZANESİ;GIRESUN MERKEZ -1;PANOCER;Panocer 40 mg 28 Enterik Kaplı Tablet;10;3;13;1.053;
15.06.2026;SELÇUK ECZA DEPOSU;SELÇUK ERZURUM;8,68E+12;ÇELEBİ ECZANESİ;KARS MERKEZ;PANOCER;Panocer 40 mg 28 Enterik Kaplı Tablet;10;3;13;1.053;
2.06.2026;SELÇUK ECZA DEPOSU;SELÇUK SAMSUN;8,68E+12;SELİN ECZANESİ;ORDU MERKEZ -1;PANOCER;Panocer 40 mg 28 Enterik Kaplı Tablet;10;3;13;1.053;
2.06.2026;NEVZAT ECZA DEPOSU;NEVZAT TRABZON;8,68E+12;YAMANER ECZANESİ;ORDU UNYE;PANOCER;Panocer 40 mg 28 Enterik Kaplı Tablet;10;3;13;1.053;
1.06.2026;ALLIANCE HEALTHCARE;AH ORDU;8,68E+12;KARADENİZ ECZANESİ;ORDU DOGU ILCELER;PANOCER;Panocer 40 mg 28 Enterik Kaplı Tablet;10;3;13;1.053;
4.06.2026;ALLIANCE HEALTHCARE;AH ORDU;8,68E+12;KARADENİZ ECZANESİ;ORDU DOGU ILCELER;PANOCER;Panocer 40 mg 28 Enterik Kaplı Tablet;10;3;13;1.053;
29.06.2026;ALLIANCE HEALTHCARE;AH ORDU;8,68E+12;KARADENİZ ECZANESİ;ORDU DOGU ILCELER;PANOCER;Panocer 40 mg 28 Enterik Kaplı Tablet;10;3;13;1.053;
1.06.2026;ALLIANCE HEALTHCARE;AH ORDU;8,68E+12;AYDIN ECZANESİ;ORDU UNYE;PANOCER;Panocer 40 mg 28 Enterik Kaplı Tablet;10;3;13;1.053;
6.06.2026;ALLIANCE HEALTHCARE;AH ORDU;8,68E+12;UĞUR ECZANESİ;ORDU MERKEZ -1;PANOCER;Panocer 40 mg 28 Enterik Kaplı Tablet;10;3;13;1.053;
25.06.2026;ALLIANCE HEALTHCARE;AH ORDU;8,68E+12;DOLUNAY ECZANESİ;ORDU FATSA;PANOCER;Panocer 40 mg 28 Enterik Kaplı Tablet;10;3;13;1.053;
11.06.2026;NEVZAT ECZA DEPOSU;NEVZAT TRABZON;8,68E+12;ÇAMAŞ ECZANESİ;ORDU GUNEY ILCELER -1;PANOCER;Panocer 40 mg 28 Enterik Kaplı Tablet;10;3;13;1.053;
5.06.2026;ALLIANCE HEALTHCARE;AH ORDU;8,68E+12;SAĞLIK ECZANESİ;ORDU DOGU ILCELER;PANOCER;Panocer 40 mg 28 Enterik Kaplı Tablet;10;3;13;1.053;
9.06.2026;SELÇUK ECZA DEPOSU;SELÇUK SAMSUN;8,68E+12;SAĞLIK ECZANESİ;ORDU BATI ILCELER;PANOCER;Panocer 40 mg 28 Enterik Kaplı Tablet;10;3;13;1.053;
29.06.2026;ALLIANCE HEALTHCARE;AH ORDU;8,68E+12;SAĞLIK ECZANESİ;ORDU DOGU ILCELER;PANOCER;Panocer 40 mg 28 Enterik Kaplı Tablet;10;3;13;1.053;
24.06.2026;ALLIANCE HEALTHCARE;AH ORDU;8,68E+12;TURAN ECZANESİ;ORDU UNYE;PANOCER;Panocer 40 mg 28 Enterik Kaplı Tablet;10;3;13;1.053;
5.06.2026;ALLIANCE HEALTHCARE;AH ORDU;8,68E+12;TÜLİN ECZANESİ;ORDU MERKEZ -2;PANOCER;Panocer 40 mg 28 Enterik Kaplı Tablet;10;3;13;1.053;
8.06.2026;ALLIANCE HEALTHCARE;AH ORDU;8,68E+12;GÜNAYDIN ECZANESİ;ORDU MERKEZ -3;PANOCER;Panocer 40 mg 28 Enterik Kaplı Tablet;10;3;13;1.053;
1.06.2026;ALLIANCE HEALTHCARE;AH ORDU;8,68E+12;HALK ECZANESİ;ORDU BATI ILCELER;PANOCER;Panocer 40 mg 28 Enterik Kaplı Tablet;10;3;13;1.053;
16.06.2026;NEVZAT ECZA DEPOSU;NEVZAT TRABZON;8,68E+12;ÖLÇEK ECZANESİ;ORDU FATSA;PANOCER;Panocer 40 mg 28 Enterik Kaplı Tablet;10;3;13;1.053;
26.06.2026;SELÇUK ECZA DEPOSU;SELÇUK SAMSUN;8,68E+12;KÖROĞLU ECZANESİ;ORDU MERKEZ -3;PANOCER;Panocer 40 mg 28 Enterik Kaplı Tablet;10;3;13;1.053;
4.06.2026;ALLIANCE HEALTHCARE;AH ORDU;8,68E+12;MERT GERÇEKER ECZANESİ;ORDU MERKEZ -3;PANOCER;Panocer 40 mg 28 Enterik Kaplı Tablet;10;3;13;1.053;
29.06.2026;NEVZAT ECZA DEPOSU;NEVZAT TRABZON;8,68E+12;MERT GERÇEKER ECZANESİ;ORDU MERKEZ -3;PANOCER;Panocer 40 mg 28 Enterik Kaplı Tablet;10;3;13;1.053;
2.06.2026;ALLIANCE HEALTHCARE;AH ORDU;8,68E+12;AKGÜL ECZANESİ;ORDU UNYE;PANOCER;Panocer 40 mg 28 Enterik Kaplı Tablet;10;3;13;1.053;
29.06.2026;SELÇUK ECZA DEPOSU;SELÇUK SAMSUN;8,68E+12;ARZU ECZANESİ;ORDU BATI ILCELER;PANOCER;Panocer 40 mg 28 Enterik Kaplı Tablet;10;3;13;1.053;
4.06.2026;SELÇUK ECZA DEPOSU;SELÇUK SAMSUN;8,68E+12;HALK ECZANESİ;ORDU GUNEY ILCELER -1;PANOCER;Panocer 40 mg 28 Enterik Kaplı Tablet;10;3;13;1.053;
17.06.2026;SELÇUK ECZA DEPOSU;SELÇUK SAMSUN;8,68E+12;HALK ECZANESİ;ORDU GUNEY ILCELER -1;PANOCER;Panocer 40 mg 28 Enterik Kaplı Tablet;10;3;13;1.053;
25.06.2026;SELÇUK ECZA DEPOSU;SELÇUK SAMSUN;8,68E+12;HALK ECZANESİ;ORDU GUNEY ILCELER -1;PANOCER;Panocer 40 mg 28 Enterik Kaplı Tablet;10;3;13;1.053;
8.06.2026;ALLIANCE HEALTHCARE;AH ORDU;8,68E+12;BÜYÜK ECZANESİ;ORDU MERKEZ -2;PANOCER;Panocer 40 mg 28 Enterik Kaplı Tablet;10;3;13;1.053;
1.06.2026;SELÇUK ECZA DEPOSU;SELÇUK SAMSUN;8,68E+12;KARADENİZ ECZANESİ;ORDU DOGU ILCELER;PANOCER;Panocer 40 mg 28 Enterik Kaplı Tablet;10;3;13;1.053;
19.06.2026;SELÇUK ECZA DEPOSU;SELÇUK TRABZON;8,68E+12;KÜBRA ECZANESİ;RIZE MERKEZ;PANOCER;Panocer 40 mg 28 Enterik Kaplı Tablet;10;3;13;1.053;
12.06.2026;SELÇUK ECZA DEPOSU;SELÇUK TRABZON;8,68E+12;İYİDERE ECZANESİ;RIZE BATI ILCELER;PANOCER;Panocer 40 mg 28 Enterik Kaplı Tablet;10;3;13;1.053;
29.06.2026;SELÇUK ECZA DEPOSU;SELÇUK TRABZON;8,68E+12;BİLSEL ECZANESİ;RIZE MERKEZ;PANOCER;Panocer 40 mg 28 Enterik Kaplı Tablet;10;3;13;1.053;
1.06.2026;NEVZAT ECZA DEPOSU;NEVZAT TRABZON;8,68E+12;BİLSEL ECZANESİ;RIZE MERKEZ;PANOCER;Panocer 40 mg 28 Enterik Kaplı Tablet;10;3;13;1.053;
2.06.2026;SELÇUK ECZA DEPOSU;SELÇUK TRABZON;8,68E+12;ÖNCE SAĞLIK ECZANESİ;RIZE MERKEZ;PANOCER;Panocer 40 mg 28 Enterik Kaplı Tablet;10;3;13;1.053;
23.06.2026;SELÇUK ECZA DEPOSU;SELÇUK TRABZON;8,68E+12;ÖNCE SAĞLIK ECZANESİ;RIZE MERKEZ;PANOCER;Panocer 40 mg 28 Enterik Kaplı Tablet;10;3;13;1.053;
5.06.2026;SELÇUK ECZA DEPOSU;SELÇUK TRABZON;8,68E+12;YALI ECZANESİ;RIZE MERKEZ;PANOCER;Panocer 40 mg 28 Enterik Kaplı Tablet;10;3;13;1.053;
16.06.2026;NEVZAT ECZA DEPOSU;NEVZAT SAMSUN;8,68E+12;SAHARA ECZANESİ;SAMSUN ADALET;PANOCER;Panocer 40 mg 28 Enterik Kaplı Tablet;10;3;13;1.053;
12.06.2026;ALLIANCE HEALTHCARE;AH SAMSUN;8,68E+12;OVALI ECZANESİ;SAMSUN DOGU ILCELER;PANOCER;Panocer 40 mg 28 Enterik Kaplı Tablet;10;3;13;1.053;
1.06.2026;ALLIANCE HEALTHCARE;AH SAMSUN;8,68E+12;DÜNYA ECZANESİ;SAMSUN ILKADIM - 2;PANOCER;Panocer 40 mg 28 Enterik Kaplı Tablet;10;3;13;1.053;
15.06.2026;NEVZAT ECZA DEPOSU;NEVZAT SAMSUN;8,68E+12;BEGÜM ECZANESİ;SAMSUN ATAKUM;PANOCER;Panocer 40 mg 28 Enterik Kaplı Tablet;10;3;13;1.053;
23.06.2026;ALLIANCE HEALTHCARE;AH SAMSUN;8,68E+12;DENİZCİ ECZANESİ;SAMSUN RASATHANE;PANOCER;Panocer 40 mg 28 Enterik Kaplı Tablet;10;3;13;1.053;
21.06.2026;ALLIANCE HEALTHCARE;AH SAMSUN;8,68E+12;LİMAN ECZANESİ;SAMSUN ATAKUM;PANOCER;Panocer 40 mg 28 Enterik Kaplı Tablet;10;3;13;1.053;
11.06.2026;ALLIANCE HEALTHCARE;AH SAMSUN;8,68E+12;YENİ AYVACIK ECZANESİ;SAMSUN DOGU ILCELER;PANOCER;Panocer 40 mg 28 Enterik Kaplı Tablet;10;3;13;1.053;
9.06.2026;SELÇUK ECZA DEPOSU;SELÇUK SAMSUN;8,68E+12;UTKU ECZANESİ;SAMSUN DOGU ILCELER - 2;PANOCER;Panocer 40 mg 28 Enterik Kaplı Tablet;10;3;13;1.053;
19.06.2026;NEVZAT ECZA DEPOSU;NEVZAT SAMSUN;8,68E+12;MEDİPARK ECZANESİ;SAMSUN ATAKUM;PANOCER;Panocer 40 mg 28 Enterik Kaplı Tablet;10;3;13;1.053;
19.06.2026;NEVZAT ECZA DEPOSU;NEVZAT SAMSUN;8,68E+12;ONUR ECZANESİ;SAMSUN DOGU ILCELER - 2;PANOCER;Panocer 40 mg 28 Enterik Kaplı Tablet;10;3;13;1.053;
4.06.2026;SELÇUK ECZA DEPOSU;SELÇUK SAMSUN;8,68E+12;GÜVEN ECZANESİ;SAMSUN HAVZA+KAVAK+LADIK;PANOCER;Panocer 40 mg 28 Enterik Kaplı Tablet;10;3;13;1.053;
4.06.2026;ALLIANCE HEALTHCARE;AH SAMSUN;8,68E+12;GÜVEN ECZANESİ;SAMSUN HAVZA+KAVAK+LADIK;PANOCER;Panocer 40 mg 28 Enterik Kaplı Tablet;10;3;13;1.053;
1.06.2026;ALLIANCE HEALTHCARE;AH SAMSUN;8,68E+12;BULVAR ECZANESİ;SAMSUN BAFRA;PANOCER;Panocer 40 mg 28 Enterik Kaplı Tablet;10;3;13;1.053;
10.06.2026;SELÇUK ECZA DEPOSU;SELÇUK SAMSUN;8,68E+12;KIZILAY ECZANESİ;SAMSUN DOGU ILCELER - 2;PANOCER;Panocer 40 mg 28 Enterik Kaplı Tablet;10;3;13;1.053;
22.06.2026;ALLIANCE HEALTHCARE;AH SAMSUN;8,68E+12;SEVİNÇ ECZANESİ;SAMSUN ATAKUM;PANOCER;Panocer 40 mg 28 Enterik Kaplı Tablet;10;3;13;1.053;
2.06.2026;ALLIANCE HEALTHCARE;AH SAMSUN;8,68E+12;FULYA ECZANESİ;SAMSUN ILKADIM - 2;PANOCER;Panocer 40 mg 28 Enterik Kaplı Tablet;10;3;13;1.053;
1.06.2026;ALLIANCE HEALTHCARE;AH SAMSUN;8,68E+12;YENİ ECZANESİ;SINOP GUNEY ILCELER;PANOCER;Panocer 40 mg 28 Enterik Kaplı Tablet;10;3;13;1.053;
24.06.2026;NEVZAT ECZA DEPOSU;NEVZAT SAMSUN;8,68E+12;BOYABAT ECZANESİ;SINOP GUNEY ILCELER;PANOCER;Panocer 40 mg 28 Enterik Kaplı Tablet;10;3;13;1.053;
15.06.2026;SELÇUK ECZA DEPOSU;SELÇUK SAMSUN;8,68E+12;ŞİFA ECZANESİ;SIVAS GUNEY ILCELER;PANOCER;Panocer 40 mg 28 Enterik Kaplı Tablet;10;3;13;1.053;
2.06.2026;SELÇUK ECZA DEPOSU;SELÇUK SAMSUN;8,68E+12;FAZİLET ECZANESİ;SAMSUN DOGU ILCELER;PANOCER;Panocer 40 mg 28 Enterik Kaplı Tablet;10;3;13;1.053;
24.06.2026;ALLIANCE HEALTHCARE;AH SAMSUN;8,68E+12;BARAN ECZANESİ;SAMSUN VEZIRKOPRU;PANOCER;Panocer 40 mg 28 Enterik Kaplı Tablet;10;3;13;1.053;
26.06.2026;ALLIANCE HEALTHCARE;AH SAMSUN;8,68E+12;BARAN ECZANESİ;SAMSUN VEZIRKOPRU;PANOCER;Panocer 40 mg 28 Enterik Kaplı Tablet;10;3;13;1.053;
9.06.2026;ALLIANCE HEALTHCARE;AH SAMSUN;8,68E+12;KİRAZLIK ECZANESİ;SAMSUN DOGU ILCELER;PANOCER;Panocer 40 mg 28 Enterik Kaplı Tablet;10;3;13;1.053;
24.06.2026;SELÇUK ECZA DEPOSU;SELÇUK SAMSUN;8,68E+12;KEVSER ECZANESİ;SAMSUN ILKADIM - 2;PANOCER;Panocer 40 mg 28 Enterik Kaplı Tablet;10;3;13;1.053;
18.06.2026;ALLIANCE HEALTHCARE;AH SAMSUN;8,68E+12;YENİ ECZANESİ;SAMSUN VEZIRKOPRU;PANOCER;Panocer 40 mg 28 Enterik Kaplı Tablet;10;3;13;1.053;
24.06.2026;ALLIANCE HEALTHCARE;AH SAMSUN;8,68E+12;ECEM ECZANESİ;SAMSUN ATAKUM;PANOCER;Panocer 40 mg 28 Enterik Kaplı Tablet;10;3;13;1.053;
24.06.2026;ALLIANCE HEALTHCARE;AH SAMSUN;8,68E+12;SEZER ECZANESİ;SAMSUN DOGU ILCELER - 2;PANOCER;Panocer 40 mg 28 Enterik Kaplı Tablet;10;3;13;1.053;
4.06.2026;ALLIANCE HEALTHCARE;AH SAMSUN;8,68E+12;OZAN ECZANESİ;SAMSUN ATAKENT+19 MAYIS;PANOCER;Panocer 40 mg 28 Enterik Kaplı Tablet;10;3;13;1.053;
23.06.2026;NEVZAT ECZA DEPOSU;NEVZAT SAMSUN;8,68E+12;İRFAN ECZANESİ;SAMSUN ILKADIM - 2;PANOCER;Panocer 40 mg 28 Enterik Kaplı Tablet;10;3;13;1.053;
29.06.2026;ALLIANCE HEALTHCARE;AH SAMSUN;8,68E+12;OZAN ECZANESİ;SAMSUN ATAKENT+19 MAYIS;PANOCER;Panocer 40 mg 28 Enterik Kaplı Tablet;10;3;13;1.053;
25.06.2026;NEVZAT ECZA DEPOSU;NEVZAT SAMSUN;8,68E+12;MERKEZ ECZANESİ;SAMSUN DOGU ILCELER;PANOCER;Panocer 40 mg 28 Enterik Kaplı Tablet;10;3;13;1.053;
25.06.2026;ALLIANCE HEALTHCARE;AH SAMSUN;8,68E+12;GÜNDAY ECZANESİ;SAMSUN BAFRA;PANOCER;Panocer 40 mg 28 Enterik Kaplı Tablet;10;3;13;1.053;
27.06.2026;ALLIANCE HEALTHCARE;AH SAMSUN;8,68E+12;ESRA ECZANESİ;SAMSUN ATAKENT+19 MAYIS;PANOCER;Panocer 40 mg 28 Enterik Kaplı Tablet;10;3;13;1.053;
17.06.2026;SELÇUK ECZA DEPOSU;SELÇUK SAMSUN;8,68E+12;DEĞİŞİM ECZANESİ;SAMSUN DOGU ILCELER - 2;PANOCER;Panocer 40 mg 28 Enterik Kaplı Tablet;10;3;13;1.053;
8.06.2026;SELÇUK ECZA DEPOSU;SELÇUK SAMSUN;8,68E+12;ŞİFA ECZANESİ;SIVAS GUNEY ILCELER;PANOCER;Panocer 40 mg 28 Enterik Kaplı Tablet;10;3;13;1.053;
30.06.2026;SELÇUK ECZA DEPOSU;SELÇUK SAMSUN;8,68E+12;ŞİFA ECZANESİ;SIVAS GUNEY ILCELER;PANOCER;Panocer 40 mg 28 Enterik Kaplı Tablet;10;3;13;1.053;
18.06.2026;SELÇUK ECZA DEPOSU;SELÇUK SAMSUN;8,68E+12;EMRE ECZANESİ;SIVAS DOGU ILCELER;PANOCER;Panocer 40 mg 28 Enterik Kaplı Tablet;10;3;13;1.053;
11.06.2026;SELÇUK ECZA DEPOSU;SELÇUK SAMSUN;8,68E+12;ŞİFA ECZANESİ;SIVAS BATI ILCELER;PANOCER;Panocer 40 mg 28 Enterik Kaplı Tablet;10;3;13;1.053;
25.06.2026;ALLIANCE HEALTHCARE;AH SAMSUN;8,68E+12;ÖZYÜREK ECZANESİ;SAMSUN DOGU ILCELER;PANOCER;Panocer 40 mg 28 Enterik Kaplı Tablet;10;3;13;1.053;
22.06.2026;SELÇUK ECZA DEPOSU;SELÇUK SAMSUN;8,68E+12;ZÜMRÜT ECZANESİ;SAMSUN ILKADIM - 2;PANOCER;Panocer 40 mg 28 Enterik Kaplı Tablet;10;3;13;1.053;
3.06.2026;NEVZAT ECZA DEPOSU;NEVZAT SAMSUN;8,68E+12;REİS ECZANESİ;SAMSUN BAFRA;PANOCER;Panocer 40 mg 28 Enterik Kaplı Tablet;10;3;13;1.053;
17.06.2026;NEVZAT ECZA DEPOSU;NEVZAT SAMSUN;8,68E+12;MEDİS ECZANESİ;SAMSUN ADALET;PANOCER;Panocer 40 mg 28 Enterik Kaplı Tablet;10;3;13;1.053;
6.06.2026;SELÇUK ECZA DEPOSU;SELÇUK SAMSUN;8,68E+12;ERDEN ECZANESİ;SAMSUN ATAKUM;PANOCER;Panocer 40 mg 28 Enterik Kaplı Tablet;10;3;13;1.053;
17.06.2026;SELÇUK ECZA DEPOSU;SELÇUK SAMSUN;8,68E+12;ERFELEK ECZANESİ;SINOP DOGU-BATI ILCELER;PANOCER;Panocer 40 mg 28 Enterik Kaplı Tablet;10;3;13;1.053;
4.06.2026;SELÇUK ECZA DEPOSU;SELÇUK SAMSUN;8,68E+12;SERKAN ECZANESİ;SINOP MERKEZ;PANOCER;Panocer 40 mg 28 Enterik Kaplı Tablet;10;3;13;1.053;
8.06.2026;SELÇUK ECZA DEPOSU;SELÇUK SAMSUN;8,68E+12;MERVE ECZANESİ;SINOP DOGU-BATI ILCELER;PANOCER;Panocer 40 mg 28 Enterik Kaplı Tablet;10;3;13;1.053;
26.06.2026;SELÇUK ECZA DEPOSU;SELÇUK SAMSUN;8,68E+12;MERKEZ ECZANESİ;SINOP MERKEZ;PANOCER;Panocer 40 mg 28 Enterik Kaplı Tablet;10;3;13;1.053;
9.06.2026;SELÇUK ECZA DEPOSU;SELÇUK SAMSUN;8,68E+12;YAŞAM ECZANESİ;SINOP DOGU-BATI ILCELER;PANOCER;Panocer 40 mg 28 Enterik Kaplı Tablet;10;3;13;1.053;
18.06.2026;SELÇUK ECZA DEPOSU;SELÇUK SAMSUN;8,68E+12;ÖZLEM ECZANESİ;SINOP DOGU-BATI ILCELER;PANOCER;Panocer 40 mg 28 Enterik Kaplı Tablet;10;3;13;1.053;
1.06.2026;SELÇUK ECZA DEPOSU;SELÇUK SAMSUN;8,68E+12;ÖZLEM ECZANESİ;SINOP DOGU-BATI ILCELER;PANOCER;Panocer 40 mg 28 Enterik Kaplı Tablet;10;3;13;1.053;
2.06.2026;SELÇUK ECZA DEPOSU;SELÇUK SAMSUN;8,68E+12;LAÇİN ECZANESİ;SINOP MERKEZ;PANOCER;Panocer 40 mg 28 Enterik Kaplı Tablet;10;3;13;1.053;
19.06.2026;SELÇUK ECZA DEPOSU;SELÇUK SAMSUN;8,68E+12;LAÇİN ECZANESİ;SINOP MERKEZ;PANOCER;Panocer 40 mg 28 Enterik Kaplı Tablet;10;3;13;1.053;
3.06.2026;SELÇUK ECZA DEPOSU;SELÇUK SAMSUN;8,68E+12;LAÇİN ECZANESİ;SINOP MERKEZ;PANOCER;Panocer 40 mg 28 Enterik Kaplı Tablet;10;3;13;1.053;
18.06.2026;SELÇUK ECZA DEPOSU;SELÇUK SAMSUN;8,68E+12;SÜHA ECZANESİ;SIVAS MERKEZ -4;PANOCER;Panocer 40 mg 28 Enterik Kaplı Tablet;10;3;13;1.053;
10.06.2026;SELÇUK ECZA DEPOSU;SELÇUK SAMSUN;8,68E+12;VATAN ECZANESİ;SIVAS MERKEZ -2;PANOCER;Panocer 40 mg 28 Enterik Kaplı Tablet;10;3;13;1.053;
22.06.2026;NEVZAT ECZA DEPOSU;NEVZAT SAMSUN;8,68E+12;GÜMÜŞ ECZANESİ;SIVAS MERKEZ -4;PANOCER;Panocer 40 mg 28 Enterik Kaplı Tablet;10;3;13;1.053;
11.06.2026;SELÇUK ECZA DEPOSU;SELÇUK SAMSUN;8,68E+12;ŞİFA ECZANESİ;SIVAS MERKEZ -3;PANOCER;Panocer 40 mg 28 Enterik Kaplı Tablet;10;3;13;1.053;
15.06.2026;SELÇUK ECZA DEPOSU;SELÇUK SAMSUN;8,68E+12;İRFAN ECZANESİ;SIVAS MERKEZ -2;PANOCER;Panocer 40 mg 28 Enterik Kaplı Tablet;10;3;13;1.053;
8.06.2026;SELÇUK ECZA DEPOSU;SELÇUK SAMSUN;8,68E+12;GÜLDEŞ ECZANESİ;SIVAS MERKEZ -2;PANOCER;Panocer 40 mg 28 Enterik Kaplı Tablet;10;3;13;1.053;
9.06.2026;SELÇUK ECZA DEPOSU;SELÇUK SAMSUN;8,68E+12;YENİŞEHİR ECZANESİ;SIVAS MERKEZ -4;PANOCER;Panocer 40 mg 28 Enterik Kaplı Tablet;10;3;13;1.053;
4.06.2026;SELÇUK ECZA DEPOSU;SELÇUK SAMSUN;8,68E+12;GÜLERSİN ECZANESİ;SIVAS MERKEZ -2;PANOCER;Panocer 40 mg 28 Enterik Kaplı Tablet;10;3;13;1.053;
8.06.2026;ALLIANCE HEALTHCARE;AH SAMSUN;8,68E+12;ŞİFA ECZANESİ;TOKAT DOGU ILCELER;PANOCER;Panocer 40 mg 28 Enterik Kaplı Tablet;10;3;13;1.053;
9.06.2026;NEVZAT ECZA DEPOSU;NEVZAT TRABZON;8,68E+12;ANADOLU ECZANESİ;TRABZON DUZKOY+MACKA;PANOCER;Panocer 40 mg 28 Enterik Kaplı Tablet;10;3;13;1.053;
1.06.2026;SELÇUK ECZA DEPOSU;SELÇUK TRABZON;8,68E+12;ESİROĞLU ECZANESİ;TRABZON DUZKOY+MACKA;PANOCER;Panocer 40 mg 28 Enterik Kaplı Tablet;10;3;13;1.053;
23.06.2026;SELÇUK ECZA DEPOSU;SELÇUK TRABZON;8,68E+12;DOĞANKÖY ŞİFA ECZANESİ;TRABZON AKCAABAT;PANOCER;Panocer 40 mg 28 Enterik Kaplı Tablet;10;3;13;1.053;
3.06.2026;NEVZAT ECZA DEPOSU;NEVZAT TRABZON;8,68E+12;ANADOLU ECZANESİ;TRABZON DUZKOY+MACKA;PANOCER;Panocer 40 mg 28 Enterik Kaplı Tablet;10;3;13;1.053;
3.06.2026;SELÇUK ECZA DEPOSU;SELÇUK TRABZON;8,68E+12;DİLEK ECZANESİ;TRABZON MERKEZ -1;PANOCER;Panocer 40 mg 28 Enterik Kaplı Tablet;10;3;13;1.053;
25.06.2026;ALLIANCE HEALTHCARE;AH SAMSUN;8,68E+12;FATİH ECZANESİ;TOKAT BATI ILCELER;PANOCER;Panocer 40 mg 28 Enterik Kaplı Tablet;10;3;13;1.053;
23.06.2026;NEVZAT ECZA DEPOSU;NEVZAT SAMSUN;8,68E+12;KUMRU ECZANESİ;TOKAT MERKEZ -1;PANOCER;Panocer 40 mg 28 Enterik Kaplı Tablet;10;3;13;1.053;
4.06.2026;ALLIANCE HEALTHCARE;AH TRABZON;8,68E+12;KAŞÜSTÜ ECZANESİ;TRABZON DOGU ILCELER - 2;PANOCER;Panocer 40 mg 28 Enterik Kaplı Tablet;10;3;13;1.053;
19.06.2026;ALLIANCE HEALTHCARE;AH TRABZON;8,68E+12;AKAR ECZANESİ;TRABZON DOGU ILCELER - 2;PANOCER;Panocer 40 mg 28 Enterik Kaplı Tablet;10;3;13;1.053;
3.06.2026;NEVZAT ECZA DEPOSU;NEVZAT SAMSUN;8,68E+12;MURAT ECZANESİ;TOKAT TURHAL;PANOCER;Panocer 40 mg 28 Enterik Kaplı Tablet;10;3;13;1.053;
25.06.2026;NEVZAT ECZA DEPOSU;NEVZAT SAMSUN;8,68E+12;MURAT ECZANESİ;TOKAT TURHAL;PANOCER;Panocer 40 mg 28 Enterik Kaplı Tablet;10;3;13;1.053;
5.06.2026;SELÇUK ECZA DEPOSU;SELÇUK SAMSUN;8,68E+12;LOKMAN ECZANESİ;TOKAT ERBAA;PANOCER;Panocer 40 mg 28 Enterik Kaplı Tablet;10;3;13;1.053;
25.06.2026;SELÇUK ECZA DEPOSU;SELÇUK SAMSUN;8,68E+12;TEKELİ ECZANESİ;TOKAT TURHAL;PANOCER;Panocer 40 mg 28 Enterik Kaplı Tablet;10;3;13;1.053;
12.06.2026;SELÇUK ECZA DEPOSU;SELÇUK SAMSUN;8,68E+12;FAZİLET ECZANESİ;TOKAT TURHAL;PANOCER;Panocer 40 mg 28 Enterik Kaplı Tablet;10;3;13;1.053;
26.06.2026;NEVZAT ECZA DEPOSU;NEVZAT SAMSUN;8,68E+12;FATİH ECZANESİ;TOKAT ERBAA;PANOCER;Panocer 40 mg 28 Enterik Kaplı Tablet;10;3;13;1.053;
25.06.2026;ALLIANCE HEALTHCARE;AH SAMSUN;8,68E+12;GÜNEŞ ECZANESİ;TOKAT TURHAL;PANOCER;Panocer 40 mg 28 Enterik Kaplı Tablet;10;3;13;1.053;
24.06.2026;SELÇUK ECZA DEPOSU;SELÇUK SAMSUN;8,68E+12;ASLI ECZANESİ;TOKAT MERKEZ -1;PANOCER;Panocer 40 mg 28 Enterik Kaplı Tablet;10;3;13;1.053;
1.06.2026;SELÇUK ECZA DEPOSU;SELÇUK SAMSUN;8,68E+12;ŞİFA ECZANESİ;TOKAT MERKEZ -1;PANOCER;Panocer 40 mg 28 Enterik Kaplı Tablet;10;3;13;1.053;
22.06.2026;SELÇUK ECZA DEPOSU;SELÇUK SAMSUN;8,68E+12;ŞİFA ECZANESİ;TOKAT MERKEZ -1;PANOCER;Panocer 40 mg 28 Enterik Kaplı Tablet;10;3;13;1.053;
1.06.2026;SELÇUK ECZA DEPOSU;SELÇUK SAMSUN;8,68E+12;ARTOVA ECZANESİ;TOKAT BATI ILCELER;PANOCER;Panocer 40 mg 28 Enterik Kaplı Tablet;10;3;13;1.053;
12.06.2026;NEVZAT ECZA DEPOSU;NEVZAT SAMSUN;8,68E+12;ARTOVA ECZANESİ;TOKAT BATI ILCELER;PANOCER;Panocer 40 mg 28 Enterik Kaplı Tablet;10;3;13;1.053;
28.06.2026;SELÇUK ECZA DEPOSU;SELÇUK SAMSUN;8,68E+12;ARTOVA ECZANESİ;TOKAT BATI ILCELER;PANOCER;Panocer 40 mg 28 Enterik Kaplı Tablet;10;3;13;1.053;
23.06.2026;SELÇUK ECZA DEPOSU;SELÇUK SAMSUN;8,68E+12;ARTOVA ECZANESİ;TOKAT BATI ILCELER;PANOCER;Panocer 40 mg 28 Enterik Kaplı Tablet;10;3;13;1.053;
24.06.2026;SELÇUK ECZA DEPOSU;SELÇUK SAMSUN;8,68E+12;MERKEZ ECZANESİ;TOKAT TURHAL;PANOCER;Panocer 40 mg 28 Enterik Kaplı Tablet;10;3;13;1.053;
16.06.2026;SELÇUK ECZA DEPOSU;SELÇUK SAMSUN;8,68E+12;SERDAR ECZANESİ;TOKAT MERKEZ -1;PANOCER;Panocer 40 mg 28 Enterik Kaplı Tablet;10;3;13;1.053;
23.06.2026;ALLIANCE HEALTHCARE;AH SAMSUN;8,68E+12;ŞİFA ECZANESİ;TOKAT TURHAL;PANOCER;Panocer 40 mg 28 Enterik Kaplı Tablet;10;3;13;1.053;
23.06.2026;SELÇUK ECZA DEPOSU;SELÇUK SAMSUN;8,68E+12;YEŞİLYURT ECZANESİ;TOKAT BATI ILCELER;PANOCER;Panocer 40 mg 28 Enterik Kaplı Tablet;10;3;13;1.053;
3.06.2026;SELÇUK ECZA DEPOSU;SELÇUK SAMSUN;8,68E+12;YEŞİLYURT ECZANESİ;TOKAT BATI ILCELER;PANOCER;Panocer 40 mg 28 Enterik Kaplı Tablet;10;3;13;1.053;
24.06.2026;NEVZAT ECZA DEPOSU;NEVZAT SAMSUN;8,68E+12;YENİGÜN ECZANESİ;TOKAT BATI ILCELER;PANOCER;Panocer 40 mg 28 Enterik Kaplı Tablet;10;3;13;1.053;
1.06.2026;SELÇUK ECZA DEPOSU;SELÇUK SAMSUN;8,68E+12;ŞİFA ECZANESİ;TOKAT TURHAL;PANOCER;Panocer 40 mg 28 Enterik Kaplı Tablet;10;3;13;1.053;
3.06.2026;NEVZAT ECZA DEPOSU;NEVZAT SAMSUN;8,68E+12;YENİGÜN ECZANESİ;TOKAT BATI ILCELER;PANOCER;Panocer 40 mg 28 Enterik Kaplı Tablet;10;3;13;1.053;
5.06.2026;SELÇUK ECZA DEPOSU;SELÇUK SAMSUN;8,68E+12;BURCU ECZANESİ;TOKAT ERBAA;PANOCER;Panocer 40 mg 28 Enterik Kaplı Tablet;10;3;13;1.053;
16.06.2026;NEVZAT ECZA DEPOSU;NEVZAT SAMSUN;8,68E+12;BURCU ECZANESİ;TOKAT ERBAA;PANOCER;Panocer 40 mg 28 Enterik Kaplı Tablet;10;3;13;1.053;
8.06.2026;SELÇUK ECZA DEPOSU;SELÇUK TRABZON;8,68E+12;LOZAN ECZANESİ;TRABZON MERKEZ -3;PANOCER;Panocer 40 mg 28 Enterik Kaplı Tablet;10;3;13;1.053;
1.06.2026;NEVZAT ECZA DEPOSU;NEVZAT TRABZON;8,68E+12;HAYAT ECZANESİ;TRABZON BATI ILCELER - 2;PANOCER;Panocer 40 mg 28 Enterik Kaplı Tablet;10;3;13;1.053;
23.06.2026;NEVZAT ECZA DEPOSU;NEVZAT TRABZON;8,68E+12;SEÇKİN ECZANESİ;TRABZON MERKEZ -1;PANOCER;Panocer 40 mg 28 Enterik Kaplı Tablet;10;3;13;1.053;
9.06.2026;SELÇUK ECZA DEPOSU;SELÇUK TRABZON;8,68E+12;HUZUR ECZANESİ;TRABZON DOGU ILCELER - 2;PANOCER;Panocer 40 mg 28 Enterik Kaplı Tablet;10;3;13;1.053;
5.06.2026;SELÇUK ECZA DEPOSU;SELÇUK TRABZON;8,68E+12;EDİZ ECZANESİ;TRABZON MERKEZ -4;PANOCER;Panocer 40 mg 28 Enterik Kaplı Tablet;10;3;13;1.053;
2.06.2026;SELÇUK ECZA DEPOSU;SELÇUK TRABZON;8,68E+12;SEVGİ ECZANESİ;TRABZON MERKEZ -3;PANOCER;Panocer 40 mg 28 Enterik Kaplı Tablet;10;3;13;1.053;
5.06.2026;ALLIANCE HEALTHCARE;AH TRABZON;8,68E+12;YAZICI ECZANESİ;TRABZON MERKEZ -4;PANOCER;Panocer 40 mg 28 Enterik Kaplı Tablet;10;3;13;1.053;
29.06.2026;SELÇUK ECZA DEPOSU;SELÇUK TRABZON;8,68E+12;ÇİĞDEM ECZANESİ;TRABZON BATI ILCELER - 2;PANOCER;Panocer 40 mg 28 Enterik Kaplı Tablet;10;3;13;1.053;
2.06.2026;SELÇUK ECZA DEPOSU;SELÇUK TRABZON;8,68E+12;ÇİĞDEM ECZANESİ;TRABZON BATI ILCELER - 2;PANOCER;Panocer 40 mg 28 Enterik Kaplı Tablet;10;3;13;1.053;
17.06.2026;NEVZAT ECZA DEPOSU;NEVZAT TRABZON;8,68E+12;ORTAHİSAR ECZANESİ;TRABZON MERKEZ -2;PANOCER;Panocer 40 mg 28 Enterik Kaplı Tablet;10;3;13;1.053;
12.06.2026;NEVZAT ECZA DEPOSU;NEVZAT TRABZON;8,68E+12;HAYAT ECZANESİ;TRABZON BATI ILCELER - 2;PANOCER;Panocer 40 mg 28 Enterik Kaplı Tablet;10;3;13;1.053;
19.06.2026;SELÇUK ECZA DEPOSU;SELÇUK TRABZON;8,68E+12;MURATOĞLU ECZANESİ;TRABZON DUZKOY+MACKA;PANOCER;Panocer 40 mg 28 Enterik Kaplı Tablet;10;3;13;1.053;
11.06.2026;SELÇUK ECZA DEPOSU;SELÇUK TRABZON;8,68E+12;MURATOĞLU ECZANESİ;TRABZON DUZKOY+MACKA;PANOCER;Panocer 40 mg 28 Enterik Kaplı Tablet;10;3;13;1.053;
10.06.2026;SELÇUK ECZA DEPOSU;SELÇUK TRABZON;8,68E+12;ERENLER ECZANESİ;TRABZON BATI ILCELER - 2;PANOCER;Panocer 40 mg 28 Enterik Kaplı Tablet;10;3;13;1.053;
1.06.2026;ALLIANCE HEALTHCARE;AH TRABZON;8,68E+12;İLKNUR ECZANESİ;TRABZON MERKEZ -3;PANOCER;Panocer 40 mg 28 Enterik Kaplı Tablet;10;3;13;1.053;
8.06.2026;NEVZAT ECZA DEPOSU;NEVZAT TRABZON;8,68E+12;ATACAN ECZANESİ;TRABZON DOGU ILCELER - 2;PANOCER;Panocer 40 mg 28 Enterik Kaplı Tablet;10;3;13;1.053;
8.06.2026;SELÇUK ECZA DEPOSU;SELÇUK TRABZON;8,68E+12;MERKEZ ECZANESİ;TRABZON DUZKOY+MACKA;PANOCER;Panocer 40 mg 28 Enterik Kaplı Tablet;10;3;13;1.053;
12.06.2026;SELÇUK ECZA DEPOSU;SELÇUK TRABZON;8,68E+12;CENGİZHAN ECZANESİ;TRABZON BATI ILCELER - 2;PANOCER;Panocer 40 mg 28 Enterik Kaplı Tablet;10;3;13;1.053;
9.06.2026;SELÇUK ECZA DEPOSU;SELÇUK TRABZON;8,68E+12;KADİR ECZANESİ;TRABZON BATI ILCELER - 2;PANOCER;Panocer 40 mg 28 Enterik Kaplı Tablet;10;3;13;1.053;
22.06.2026;ALLIANCE HEALTHCARE;AH TRABZON;8,68E+12;DEFNE ECZANESİ;TRABZON MERKEZ -4;PANOCER;Panocer 40 mg 28 Enterik Kaplı Tablet;10;3;13;1.053;
14.06.2026;ALLIANCE HEALTHCARE;AH TRABZON;8,68E+12;HAYAT ECZANESİ;TRABZON DOGU ILCELER -1;PANOCER;Panocer 40 mg 28 Enterik Kaplı Tablet;10;3;13;1.053;
1.06.2026;NEVZAT ECZA DEPOSU;NEVZAT TRABZON;8,68E+12;KİSARNA ECZANESİ;TRABZON MERKEZ -1;PANOCER;Panocer 40 mg 28 Enterik Kaplı Tablet;10;3;13;1.053;
17.06.2026;ALLIANCE HEALTHCARE;AH TRABZON;8,68E+12;ERDOĞDU ECZANESİ;TRABZON MERKEZ -1;PANOCER;Panocer 40 mg 28 Enterik Kaplı Tablet;10;3;13;1.053;
19.06.2026;ALLIANCE HEALTHCARE;AH SAMSUN;8,68E+12;HUZUR ECZANESİ;AMASYA MERKEZ -1;PANOCER;Panocer 40 mg 28 Enterik Kaplı Tablet;10;3;13;1.053;
22.06.2026;SELÇUK ECZA DEPOSU;SELÇUK SAMSUN;8,68E+12;ECEM ECZANESİ;CORUM GUNEYBATI ILCELER;PANOCER;Panocer 40 mg 28 Enterik Kaplı Tablet;10;3;13;1.053;
17.06.2026;SELÇUK ECZA DEPOSU;SELÇUK SAMSUN;8,68E+12;TÜRKER ECZANESİ;CORUM MERKEZ -1;PANOCER;Panocer 40 mg 28 Enterik Kaplı Tablet;10;3;13;1.053;
1.06.2026;SELÇUK ECZA DEPOSU;SELÇUK ERZURUM;8,68E+12;KAYAKYOLU ECZANESİ;ERZURUM MERKEZ -3;PANOCER;Panocer 40 mg 28 Enterik Kaplı Tablet;10;3;13;1.053;
12.06.2026;SELÇUK ECZA DEPOSU;SELÇUK ERZURUM;8,68E+12;KAYAKYOLU ECZANESİ;ERZURUM MERKEZ -3;PANOCER;Panocer 40 mg 28 Enterik Kaplı Tablet;10;3;13;1.053;
29.06.2026;NEVZAT ECZA DEPOSU;NEVZAT TRABZON;8,68E+12;ECE ECZANESİ;GIRESUN DOGU ILCELER -1;PANOCER;Panocer 40 mg 28 Enterik Kaplı Tablet;10;3;13;1.053;
8.06.2026;SELÇUK ECZA DEPOSU;SELÇUK TRABZON;8,68E+12;DİLEK ECZANESİ;GIRESUN DOGU ILCELER -1;PANOCER;Panocer 40 mg 28 Enterik Kaplı Tablet;10;3;13;1.053;
12.06.2026;SELÇUK ECZA DEPOSU;SELÇUK TRABZON;8,68E+12;DEVA ECZANESİ;GIRESUN BULANCAK+PIRAZIZ;PANOCER;Panocer 40 mg 28 Enterik Kaplı Tablet;10;3;13;1.053;
4.06.2026;SELÇUK ECZA DEPOSU;SELÇUK TRABZON;8,68E+12;DEVA ECZANESİ;GIRESUN BULANCAK+PIRAZIZ;PANOCER;Panocer 40 mg 28 Enterik Kaplı Tablet;10;3;13;1.053;
1.06.2026;ALLIANCE HEALTHCARE;AH ORDU;8,68E+12;ERBAŞ ECZANESİ;GIRESUN DOGU ILCELER -2;PANOCER;Panocer 40 mg 28 Enterik Kaplı Tablet;10;3;13;1.053;
5.06.2026;SELÇUK ECZA DEPOSU;SELÇUK TRABZON;8,68E+12;HÜLYA ECZANESİ;GIRESUN MERKEZ -2;PANOCER;Panocer 40 mg 28 Enterik Kaplı Tablet;10;3;13;1.053;
8.06.2026;NEVZAT ECZA DEPOSU;NEVZAT TRABZON;8,68E+12;EREN ECZANESİ;GIRESUN DOGU ILCELER -2;PANOCER;Panocer 40 mg 28 Enterik Kaplı Tablet;10;3;13;1.053;
8.06.2026;ALLIANCE HEALTHCARE;AH ORDU;8,68E+12;ELİF ECZANESİ;GIRESUN MERKEZ -2;PANOCER;Panocer 40 mg 28 Enterik Kaplı Tablet;10;3;13;1.053;
15.06.2026;NEVZAT ECZA DEPOSU;NEVZAT ERZURUM;8,68E+12;HAYAT ECZANESİ;KARS MERKEZ;PANOCER;Panocer 40 mg 28 Enterik Kaplı Tablet;10;3;13;1.053;
5.06.2026;NEVZAT ECZA DEPOSU;NEVZAT TRABZON;8,68E+12;GERÇEKER ECZANESİ;ORDU UNYE;PANOCER;Panocer 40 mg 28 Enterik Kaplı Tablet;10;3;13;1.053;
20.06.2026;SELÇUK ECZA DEPOSU;SELÇUK TRABZON;8,68E+12;TOPÇU ECZANESİ;RIZE MERKEZ;PANOCER;Panocer 40 mg 28 Enterik Kaplı Tablet;10;3;13;1.053;
8.06.2026;ALLIANCE HEALTHCARE;AH SAMSUN;8,68E+12;YEŞİM ECZANESİ;SAMSUN PAZAR;PANOCER;Panocer 40 mg 28 Enterik Kaplı Tablet;10;3;13;1.053;
18.06.2026;NEVZAT ECZA DEPOSU;NEVZAT SAMSUN;8,68E+12;YILMAZ ECZANESİ;SAMSUN HURRIYET+ZAFER;PANOCER;Panocer 40 mg 28 Enterik Kaplı Tablet;10;3;13;1.053;
3.06.2026;ALLIANCE HEALTHCARE;AH SAMSUN;8,68E+12;LADİK MUTLU ECZANESİ;SAMSUN HAVZA+KAVAK+LADIK;PANOCER;Panocer 40 mg 28 Enterik Kaplı Tablet;10;3;13;1.053;
19.06.2026;ALLIANCE HEALTHCARE;AH SAMSUN;8,68E+12;LADİK MUTLU ECZANESİ;SAMSUN HAVZA+KAVAK+LADIK;PANOCER;Panocer 40 mg 28 Enterik Kaplı Tablet;10;3;13;1.053;
1.06.2026;SELÇUK ECZA DEPOSU;SELÇUK SAMSUN;8,68E+12;ALPER ECZANESİ;SAMSUN DOGU ILCELER;PANOCER;Panocer 40 mg 28 Enterik Kaplı Tablet;10;3;13;1.053;
9.06.2026;ALLIANCE HEALTHCARE;AH SAMSUN;8,68E+12;YENİ MAHALLE ECZANESİ;SAMSUN ATAKENT+19 MAYIS;PANOCER;Panocer 40 mg 28 Enterik Kaplı Tablet;10;3;13;1.053;
30.06.2026;SELÇUK ECZA DEPOSU;SELÇUK SAMSUN;8,68E+12;MAVİ ECZANE;SIVAS MERKEZ -4;PANOCER;Panocer 40 mg 28 Enterik Kaplı Tablet;10;3;13;1.053;
15.06.2026;NEVZAT ECZA DEPOSU;NEVZAT TRABZON;8,68E+12;ÖZGÜR ECZANESİ;TRABZON MERKEZ -1;PANOCER;Panocer 40 mg 28 Enterik Kaplı Tablet;10;3;13;1.053;
3.06.2026;ALLIANCE HEALTHCARE;AH TRABZON;8,68E+12;ŞİFA ECZANESİ;TRABZON MERKEZ -1;PANOCER;Panocer 40 mg 28 Enterik Kaplı Tablet;10;3;13;1.053;
15.06.2026;SELÇUK ECZA DEPOSU;SELÇUK TRABZON;8,68E+12;ŞİFA ECZANESİ;TRABZON MERKEZ -1;PANOCER;Panocer 40 mg 28 Enterik Kaplı Tablet;10;3;13;1.053;
9.06.2026;SELÇUK ECZA DEPOSU;SELÇUK TRABZON;8,68E+12;ŞİFA ECZANESİ;TRABZON MERKEZ -1;PANOCER;Panocer 40 mg 28 Enterik Kaplı Tablet;10;3;13;1.053;
8.06.2026;NEVZAT ECZA DEPOSU;NEVZAT TRABZON;8,68E+12;MERVE ECZANESİ;TRABZON MERKEZ -1;PANOCER;Panocer 40 mg 28 Enterik Kaplı Tablet;10;3;13;1.053;
25.06.2026;NEVZAT ECZA DEPOSU;NEVZAT TRABZON;8,68E+12;ALİBEYOĞLU ECZANESİ;TRABZON MERKEZ -3;PANOCER;Panocer 40 mg 28 Enterik Kaplı Tablet;10;3;13;1.053;
29.06.2026;ALLIANCE HEALTHCARE;AH TRABZON;8,68E+12;SEZER ECZANESİ;TRABZON MERKEZ -2;PANOCER;Panocer 40 mg 28 Enterik Kaplı Tablet;10;3;13;1.053;
19.06.2026;SELÇUK ECZA DEPOSU;SELÇUK TRABZON;8,68E+12;TURAN ECZANESİ;TRABZON MERKEZ -4;PANOCER;Panocer 40 mg 28 Enterik Kaplı Tablet;10;3;13;1.053;
9.06.2026;ALLIANCE HEALTHCARE;AH TRABZON;8,68E+12;PELİN ECZANESİ;TRABZON MERKEZ -1;PANOCER;Panocer 40 mg 28 Enterik Kaplı Tablet;10;3;13;1.053;
10.06.2026;ALLIANCE HEALTHCARE;AH TRABZON;8,68E+12;NUR ECZANESİ;TRABZON MERKEZ -4;PANOCER;Panocer 40 mg 28 Enterik Kaplı Tablet;10;3;13;1.053;
12.06.2026;ALLIANCE HEALTHCARE;AH ORDU;8,68E+12;ATİK ECZANESİ;ORDU UNYE;PANOCER;Panocer 40 mg 28 Enterik Kaplı Tablet;10;3;13;1.053;
25.06.2026;ALLIANCE HEALTHCARE;AH SAMSUN;8,68E+12;ÖYKÜ ECZANESİ;SAMSUN ATAKUM;PANOCER;Panocer 40 mg 28 Enterik Kaplı Tablet;10;3;13;1.053;
12.06.2026;SELÇUK ECZA DEPOSU;SELÇUK SAMSUN;8,68E+12;ÇALIŞKAN ECZANESİ;CORUM MERKEZ -3;PANOCER;Panocer 40 mg 28 Enterik Kaplı Tablet;10;3;13;1.053;
1.06.2026;SELÇUK ECZA DEPOSU;SELÇUK SAMSUN;8,68E+12;ÇALIŞKAN ECZANESİ;CORUM MERKEZ -3;PANOCER;Panocer 40 mg 28 Enterik Kaplı Tablet;10;3;13;1.053;
30.06.2026;SELÇUK ECZA DEPOSU;SELÇUK TRABZON;8,68E+12;BEŞİRLİ ECZANESİ;TRABZON MERKEZ -1;PANOCER;Panocer 40 mg 28 Enterik Kaplı Tablet;10;3;13;1.053;
9.06.2026;SELÇUK ECZA DEPOSU;SELÇUK SAMSUN;8,68E+12;BENGİ ECZANESİ;SAMSUN ILKADIM - 2;PANOCER;Panocer 40 mg 28 Enterik Kaplı Tablet;10;3;13;1.053;
15.06.2026;SELÇUK ECZA DEPOSU;SELÇUK SAMSUN;8,68E+12;BAŞARAN ECZANESİ;SAMSUN RASATHANE;PANOCER;Panocer 40 mg 28 Enterik Kaplı Tablet;10;3;13;1.053;
1.06.2026;NEVZAT ECZA DEPOSU;NEVZAT SAMSUN;8,68E+12;SABUNCU ECZANESİ;SAMSUN TERME;PANOCER;Panocer 40 mg 28 Enterik Kaplı Tablet;10;3;13;1.053;
7.06.2026;SELÇUK ECZA DEPOSU;SELÇUK TRABZON;8,68E+12;SADIK ECZANESİ;GIRESUN DOGU ILCELER -1;PANOCER;Panocer 40 mg 28 Enterik Kaplı Tablet;10;3;13;1.053;
3.06.2026;ALLIANCE HEALTHCARE;AH SAMSUN;8,68E+12;YENİ HASTANE ECZANESİ;SAMSUN DOGU ILCELER - 2;PANOCER;Panocer 40 mg 28 Enterik Kaplı Tablet;10;3;13;1.053;
1.06.2026;NEVZAT ECZA DEPOSU;NEVZAT SAMSUN;8,68E+12;NEFES ECZANESİ;TOKAT MERKEZ -2;PANOCER;Panocer 40 mg 28 Enterik Kaplı Tablet;10;3;13;1.053;
4.06.2026;SELÇUK ECZA DEPOSU;SELÇUK SAMSUN;8,68E+12;NEFES ECZANESİ;TOKAT MERKEZ -2;PANOCER;Panocer 40 mg 28 Enterik Kaplı Tablet;10;3;13;1.053;
29.06.2026;SELÇUK ECZA DEPOSU;SELÇUK SAMSUN;8,68E+12;NEFES ECZANESİ;TOKAT MERKEZ -2;PANOCER;Panocer 40 mg 28 Enterik Kaplı Tablet;10;3;13;1.053;
19.06.2026;ALLIANCE HEALTHCARE;AH TRABZON;8,68E+12;CEVDET ECZANESİ;TRABZON MERKEZ -1;PANOCER;Panocer 40 mg 28 Enterik Kaplı Tablet;10;3;13;1.053;
8.06.2026;SELÇUK ECZA DEPOSU;SELÇUK SAMSUN;8,68E+12;MEYDAN ECZANESİ;TOKAT MERKEZ -1;PANOCER;Panocer 40 mg 28 Enterik Kaplı Tablet;10;3;13;1.053;
23.06.2026;SELÇUK ECZA DEPOSU;SELÇUK SAMSUN;8,68E+12;SAGLIK ECZANESI;SIVAS BATI ILCELER;PANOCER;Panocer 40 mg 28 Enterik Kaplı Tablet;10;3;13;1.053;
16.06.2026;SELÇUK ECZA DEPOSU;SELÇUK SAMSUN;8,68E+12;HATİPOĞLU ECZANESİ;AMASYA ILCELER;PANOCER;Panocer 40 mg 28 Enterik Kaplı Tablet;10;3;13;1.053;
1.06.2026;SELÇUK ECZA DEPOSU;SELÇUK SAMSUN;8,68E+12;İSTANBUL ECZANESİ;SIVAS MERKEZ -3;PANOCER;Panocer 40 mg 28 Enterik Kaplı Tablet;10;3;13;1.053;
19.06.2026;SELÇUK ECZA DEPOSU;SELÇUK ERZURUM;8,68E+12;BEKTAŞ ECZANESİ;ERZURUM KUZEY ILCELER;PANOCER;Panocer 40 mg 28 Enterik Kaplı Tablet;10;3;13;1.053;
29.06.2026;SELÇUK ECZA DEPOSU;SELÇUK ERZURUM;8,68E+12;ERZİNCAN  ECZANESI;ERZINCAN MERKEZ;PANOCER;Panocer 40 mg 28 Enterik Kaplı Tablet;10;3;13;1.053;
4.06.2026;SELÇUK ECZA DEPOSU;SELÇUK ERZURUM;8,68E+12;ERZİNCAN  ECZANESI;ERZINCAN MERKEZ;PANOCER;Panocer 40 mg 28 Enterik Kaplı Tablet;10;3;13;1.053;
9.06.2026;SELÇUK ECZA DEPOSU;SELÇUK ERZURUM;8,68E+12;ERZİNCAN  ECZANESI;ERZINCAN MERKEZ;PANOCER;Panocer 40 mg 28 Enterik Kaplı Tablet;10;3;13;1.053;
16.06.2026;ALLIANCE HEALTHCARE;AH SAMSUN;8,68E+12;IHLAMUR ECZANESİ;CORUM MERKEZ -1;PANOCER;Panocer 40 mg 28 Enterik Kaplı Tablet;10;3;13;1.053;
25.06.2026;NEVZAT ECZA DEPOSU;NEVZAT SAMSUN;8,68E+12;IHLAMUR ECZANESİ;CORUM MERKEZ -1;PANOCER;Panocer 40 mg 28 Enterik Kaplı Tablet;10;3;13;1.053;
25.06.2026;NEVZAT ECZA DEPOSU;NEVZAT SAMSUN;8,68E+12;IHLAMUR ECZANESİ;CORUM MERKEZ -1;PANOCER;Panocer 40 mg 28 Enterik Kaplı Tablet;10;3;13;1.053;
1.06.2026;SELÇUK ECZA DEPOSU;SELÇUK SAMSUN;8,68E+12;IHLAMUR ECZANESİ;CORUM MERKEZ -1;PANOCER;Panocer 40 mg 28 Enterik Kaplı Tablet;10;3;13;1.053;
9.06.2026;SELÇUK ECZA DEPOSU;SELÇUK SAMSUN;8,68E+12;YILMAZ ECZANESİ;ORDU MERKEZ -1;PANOCER;Panocer 40 mg 28 Enterik Kaplı Tablet;10;3;13;1.053;
23.06.2026;ALLIANCE HEALTHCARE;AH SAMSUN;8,68E+12;MEYDAN ECZANESİ;TOKAT ERBAA;PANOCER;Panocer 40 mg 28 Enterik Kaplı Tablet;10;3;13;1.053;
10.06.2026;ALLIANCE HEALTHCARE;AH SAMSUN;8,68E+12;MEYDAN ECZANESİ;TOKAT ERBAA;PANOCER;Panocer 40 mg 28 Enterik Kaplı Tablet;10;3;13;1.053;
5.06.2026;ALLIANCE HEALTHCARE;AH TRABZON;8,68E+12;GÖKBERK ECZANESI;ARTVIN KUZEY ILCELER;PANOCER;Panocer 40 mg 28 Enterik Kaplı Tablet;10;3;13;1.053;
4.06.2026;NEVZAT ECZA DEPOSU;NEVZAT SAMSUN;8,68E+12;ERİŞ ECZANESİ;TOKAT TURHAL;PANOCER;Panocer 40 mg 28 Enterik Kaplı Tablet;10;3;13;1.053;
19.06.2026;SELÇUK ECZA DEPOSU;SELÇUK TRABZON;8,68E+12;PERA ECZANESİ;RIZE DOGU ILCELER;PANOCER;Panocer 40 mg 28 Enterik Kaplı Tablet;10;3;13;1.053;
5.06.2026;SELÇUK ECZA DEPOSU;SELÇUK SAMSUN;8,68E+12;YENİ BEZGİNOĞLU ECZANESİ;CORUM MERKEZ -3;PANOCER;Panocer 40 mg 28 Enterik Kaplı Tablet;10;3;13;1.053;
12.06.2026;SELÇUK ECZA DEPOSU;SELÇUK SAMSUN;8,68E+12;YENİ BEZGİNOĞLU ECZANESİ;CORUM MERKEZ -3;PANOCER;Panocer 40 mg 28 Enterik Kaplı Tablet;10;3;13;1.053;
29.06.2026;SELÇUK ECZA DEPOSU;SELÇUK SAMSUN;8,68E+12;YENİ BEZGİNOĞLU ECZANESİ;CORUM MERKEZ -3;PANOCER;Panocer 40 mg 28 Enterik Kaplı Tablet;10;3;13;1.053;
1.06.2026;SELÇUK ECZA DEPOSU;SELÇUK TRABZON;8,68E+12;NİSAN ECZANESİ;TRABZON MERKEZ -1;PANOCER;Panocer 40 mg 28 Enterik Kaplı Tablet;10;3;13;1.053;
29.06.2026;ALLIANCE HEALTHCARE;AH SAMSUN;8,68E+12;OKAN ECZANESİ;SAMSUN RASATHANE;PANOCER;Panocer 40 mg 28 Enterik Kaplı Tablet;10;3;13;1.053;
24.06.2026;ALLIANCE HEALTHCARE;AH SAMSUN;8,68E+12;ESENTEPE ECZANESİ;SAMSUN VEZIRKOPRU;PANOCER;Panocer 40 mg 28 Enterik Kaplı Tablet;10;3;13;1.053;
5.06.2026;ALLIANCE HEALTHCARE;AH SAMSUN;8,68E+12;NİHAL ECZANESİ;SINOP MERKEZ;PANOCER;Panocer 40 mg 28 Enterik Kaplı Tablet;10;3;13;1.053;
9.06.2026;SELÇUK ECZA DEPOSU;SELÇUK SAMSUN;8,68E+12;ADİL ECZANESİ;SIVAS BATI ILCELER;PANOCER;Panocer 40 mg 28 Enterik Kaplı Tablet;10;3;13;1.053;
23.06.2026;SELÇUK ECZA DEPOSU;SELÇUK SAMSUN;8,68E+12;ADİL ECZANESİ;SIVAS BATI ILCELER;PANOCER;Panocer 40 mg 28 Enterik Kaplı Tablet;10;3;13;1.053;
2.06.2026;ALLIANCE HEALTHCARE;AH ORDU;8,68E+12;KALPAKLIOĞLU ECZANESİ;ORDU MERKEZ -3;PANOCER;Panocer 40 mg 28 Enterik Kaplı Tablet;10;3;13;1.053;
1.06.2026;SELÇUK ECZA DEPOSU;SELÇUK ERZURUM;8,68E+12;HUZUR ECZANESİ;ERZURUM MERKEZ -3;PANOCER;Panocer 40 mg 28 Enterik Kaplı Tablet;10;3;13;1.053;
18.06.2026;SELÇUK ECZA DEPOSU;SELÇUK SAMSUN;8,68E+12;ERTUĞRUL ECZANESİ;SIVAS MERKEZ -4;PANOCER;Panocer 40 mg 28 Enterik Kaplı Tablet;10;3;13;1.053;
1.06.2026;SELÇUK ECZA DEPOSU;SELÇUK ERZURUM;8,68E+12;HARUN ECZANESİ;AGRI MERKEZ;PANOCER;Panocer 40 mg 28 Enterik Kaplı Tablet;10;3;13;1.053;
28.06.2026;ALLIANCE HEALTHCARE;AH TRABZON;8,68E+12;ULU ECZANESİ;TRABZON DOGU ILCELER -1;PANOCER;Panocer 40 mg 28 Enterik Kaplı Tablet;10;3;13;1.053;
10.06.2026;SELÇUK ECZA DEPOSU;SELÇUK SAMSUN;8,68E+12;ARİF ECZANESİ;ORDU DOGU ILCELER;PANOCER;Panocer 40 mg 28 Enterik Kaplı Tablet;10;3;13;1.053;
4.06.2026;SELÇUK ECZA DEPOSU;SELÇUK SAMSUN;8,68E+12;SEVGİ ECZANESİ;SIVAS MERKEZ -4;PANOCER;Panocer 40 mg 28 Enterik Kaplı Tablet;10;3;13;1.053;
24.06.2026;SELÇUK ECZA DEPOSU;SELÇUK ERZURUM;8,68E+12;SARAYBOSNA ECZANESİ;ERZURUM MERKEZ -3;PANOCER;Panocer 40 mg 28 Enterik Kaplı Tablet;10;3;13;1.053;
1.06.2026;ALLIANCE HEALTHCARE;AH ORDU;8,68E+12;DİLARA ECZANESİ;ORDU MERKEZ -3;PANOCER;Panocer 40 mg 28 Enterik Kaplı Tablet;10;3;13;1.053;
9.06.2026;ALLIANCE HEALTHCARE;AH SAMSUN;8,68E+12;SIRIM ECZANESİ;SAMSUN ULUGAZI;PANOCER;Panocer 40 mg 28 Enterik Kaplı Tablet;10;3;13;1.053;
16.06.2026;ALLIANCE HEALTHCARE;AH SAMSUN;8,68E+12;BATUR ECZANESİ;SAMSUN ATAKENT+19 MAYIS;PANOCER;Panocer 40 mg 28 Enterik Kaplı Tablet;10;3;13;1.053;
29.06.2026;SELÇUK ECZA DEPOSU;SELÇUK TRABZON;8,68E+12;IRMAK ECZANESİ;GIRESUN MERKEZ -2;PANOCER;Panocer 40 mg 28 Enterik Kaplı Tablet;10;3;13;1.053;
8.06.2026;NEVZAT ECZA DEPOSU;NEVZAT ERZURUM;8,68E+12;SERHAT ECZANESİ;ERZURUM GUNEY ILCELER;PANOCER;Panocer 40 mg 28 Enterik Kaplı Tablet;10;3;13;1.053;
11.06.2026;NEVZAT ECZA DEPOSU;NEVZAT ERZURUM;8,68E+12;SERHAT ECZANESİ;ERZURUM GUNEY ILCELER;PANOCER;Panocer 40 mg 28 Enterik Kaplı Tablet;10;3;13;1.053;
4.06.2026;SELÇUK ECZA DEPOSU;SELÇUK SAMSUN;8,68E+12;GÜZELKENT ECZANESİ;SINOP DOGU-BATI ILCELER;PANOCER;Panocer 40 mg 28 Enterik Kaplı Tablet;10;3;13;1.053;
5.06.2026;ALLIANCE HEALTHCARE;AH SAMSUN;8,68E+12;ÇELİK ECZANESİ;SAMSUN DOGU ILCELER;PANOCER;Panocer 40 mg 28 Enterik Kaplı Tablet;10;3;13;1.053;
8.06.2026;SELÇUK ECZA DEPOSU;SELÇUK SAMSUN;8,68E+12;ŞENYURT ECZANESİ;SIVAS MERKEZ -2;PANOCER;Panocer 40 mg 28 Enterik Kaplı Tablet;10;3;13;1.053;
11.06.2026;SELÇUK ECZA DEPOSU;SELÇUK TRABZON;8,68E+12;FURKAN BUCAN ECZANESİ;RIZE DOGU ILCELER;PANOCER;Panocer 40 mg 28 Enterik Kaplı Tablet;10;3;13;1.053;
29.06.2026;SELÇUK ECZA DEPOSU;SELÇUK ERZURUM;8,68E+12;BARAN ECZANESİ;KARS ILCELER;PANOCER;Panocer 40 mg 28 Enterik Kaplı Tablet;10;3;13;1.053;
16.06.2026;ALLIANCE HEALTHCARE;AH SAMSUN;8,68E+12;CADDE YEDİTEPE ECZANESİ;CORUM MERKEZ -1;PANOCER;Panocer 40 mg 28 Enterik Kaplı Tablet;10;3;13;1.053;
9.06.2026;ALLIANCE HEALTHCARE;AH SAMSUN;8,68E+12;CADDE YEDİTEPE ECZANESİ;CORUM MERKEZ -1;PANOCER;Panocer 40 mg 28 Enterik Kaplı Tablet;10;3;13;1.053;
15.06.2026;SELÇUK ECZA DEPOSU;SELÇUK SAMSUN;8,68E+12;GÖNÜL ECZANESİ;ORDU GUNEY ILCELER -1;PANOCER;Panocer 40 mg 28 Enterik Kaplı Tablet;10;3;13;1.053;
26.06.2026;SELÇUK ECZA DEPOSU;SELÇUK SAMSUN;8,68E+12;GÖNÜL ECZANESİ;ORDU GUNEY ILCELER -1;PANOCER;Panocer 40 mg 28 Enterik Kaplı Tablet;10;3;13;1.053;
8.06.2026;SELÇUK ECZA DEPOSU;SELÇUK SAMSUN;8,68E+12;EGE ECZANESİ;TOKAT DOGU ILCELER;PANOCER;Panocer 40 mg 28 Enterik Kaplı Tablet;10;3;13;1.053;
19.06.2026;ALLIANCE HEALTHCARE;AH TRABZON;8,68E+12;MEYDAN ECZANESİ;TRABZON MERKEZ -4;PANOCER;Panocer 40 mg 28 Enterik Kaplı Tablet;10;3;13;1.053;
5.06.2026;SELÇUK ECZA DEPOSU;SELÇUK ERZURUM;8,68E+12;EMRE ECZANESİ;ERZURUM MERKEZ -3;PANOCER;Panocer 40 mg 28 Enterik Kaplı Tablet;10;3;13;1.053;
9.06.2026;ALLIANCE HEALTHCARE;AH TRABZON;8,68E+12;BİLGE ECZANESİ;TRABZON DOGU ILCELER -1;PANOCER;Panocer 40 mg 28 Enterik Kaplı Tablet;10;3;13;1.053;
8.06.2026;ALLIANCE HEALTHCARE;AH ORDU;8,68E+12;AKKUŞ ECZANESİ;ORDU BATI ILCELER;PANOCER;Panocer 40 mg 28 Enterik Kaplı Tablet;10;3;13;1.053;
22.06.2026;SELÇUK ECZA DEPOSU;SELÇUK SAMSUN;8,68E+12;LOTUS ECZANESİ;ORDU DOGU ILCELER;PANOCER;Panocer 40 mg 28 Enterik Kaplı Tablet;10;3;13;1.053;
10.06.2026;SELÇUK ECZA DEPOSU;SELÇUK ERZURUM;8,68E+12;ÖZLEM ECZANESİ;AGRI ILCELER;PANOCER;Panocer 40 mg 28 Enterik Kaplı Tablet;10;3;13;1.053;
1.06.2026;SELÇUK ECZA DEPOSU;SELÇUK ERZURUM;8,68E+12;ÖZLEM ECZANESİ;AGRI ILCELER;PANOCER;Panocer 40 mg 28 Enterik Kaplı Tablet;10;3;13;1.053;
30.06.2026;SELÇUK ECZA DEPOSU;SELÇUK ERZURUM;8,68E+12;ÖZLEM ECZANESİ;AGRI ILCELER;PANOCER;Panocer 40 mg 28 Enterik Kaplı Tablet;10;3;13;1.053;
5.06.2026;SELÇUK ECZA DEPOSU;SELÇUK TRABZON;8,68E+12;YAREN ECZANESİ;GIRESUN BULANCAK+PIRAZIZ;PANOCER;Panocer 40 mg 28 Enterik Kaplı Tablet;10;3;13;1.053;
23.06.2026;SELÇUK ECZA DEPOSU;SELÇUK TRABZON;8,68E+12;YAREN ECZANESİ;GIRESUN BULANCAK+PIRAZIZ;PANOCER;Panocer 40 mg 28 Enterik Kaplı Tablet;10;3;13;1.053;
19.06.2026;SELÇUK ECZA DEPOSU;SELÇUK TRABZON;8,68E+12;ŞAHİN ECZANESİ;GIRESUN BULANCAK+PIRAZIZ;PANOCER;Panocer 40 mg 28 Enterik Kaplı Tablet;10;3;13;1.053;
1.06.2026;SELÇUK ECZA DEPOSU;SELÇUK TRABZON;8,68E+12;ŞAHİN ECZANESİ;GIRESUN BULANCAK+PIRAZIZ;PANOCER;Panocer 40 mg 28 Enterik Kaplı Tablet;10;3;13;1.053;
17.06.2026;SELÇUK ECZA DEPOSU;SELÇUK ERZURUM;8,68E+12;DERMAN ECZANESİ;ERZURUM GUNEY ILCELER;PANOCER;Panocer 40 mg 28 Enterik Kaplı Tablet;10;3;13;1.053;
2.06.2026;SELÇUK ECZA DEPOSU;SELÇUK ERZURUM;8,68E+12;DERMAN ECZANESİ;ERZURUM GUNEY ILCELER;PANOCER;Panocer 40 mg 28 Enterik Kaplı Tablet;10;3;13;1.053;
2.06.2026;SELÇUK ECZA DEPOSU;SELÇUK ERZURUM;8,68E+12;ARAS ECZANESİ;ERZURUM MERKEZ -3;PANOCER;Panocer 40 mg 28 Enterik Kaplı Tablet;10;3;13;1.053;
16.06.2026;SELÇUK ECZA DEPOSU;SELÇUK SAMSUN;8,68E+12;HİTİT ECZANESİ;CORUM MERKEZ -3;PANOCER;Panocer 40 mg 28 Enterik Kaplı Tablet;10;3;13;1.053;
19.06.2026;NEVZAT ECZA DEPOSU;NEVZAT TRABZON;8,68E+12;YENİ MEDRESEÖNÜ ECZANESİ;ORDU DOGU ILCELER;PANOCER;Panocer 40 mg 28 Enterik Kaplı Tablet;10;3;13;1.053;
2.06.2026;SELÇUK ECZA DEPOSU;SELÇUK SAMSUN;8,68E+12;DUMAN ECZANESİ;ORDU BATI ILCELER;PANOCER;Panocer 40 mg 28 Enterik Kaplı Tablet;10;3;13;1.053;
26.06.2026;NEVZAT ECZA DEPOSU;NEVZAT TRABZON;8,68E+12;DUMAN ECZANESİ;ORDU BATI ILCELER;PANOCER;Panocer 40 mg 28 Enterik Kaplı Tablet;10;3;13;1.053;
18.06.2026;SELÇUK ECZA DEPOSU;SELÇUK SAMSUN;8,68E+12;DUMAN ECZANESİ;ORDU BATI ILCELER;PANOCER;Panocer 40 mg 28 Enterik Kaplı Tablet;10;3;13;1.053;
16.06.2026;ALLIANCE HEALTHCARE;AH SAMSUN;8,68E+12;SEVİL ECZANESİ;AMASYA MERKEZ -2;PANOCER;Panocer 40 mg 28 Enterik Kaplı Tablet;10;3;13;1.053;
1.06.2026;SELÇUK ECZA DEPOSU;SELÇUK TRABZON;8,68E+12;İLGE ECZANESİ;TRABZON MERKEZ -3;PANOCER;Panocer 40 mg 28 Enterik Kaplı Tablet;10;3;13;1.053;
1.06.2026;SELÇUK ECZA DEPOSU;SELÇUK ERZURUM;8,68E+12;LİVA İNGEC ECZANESİ;ERZURUM MERKEZ -1;PANOCER;Panocer 40 mg 28 Enterik Kaplı Tablet;10;3;13;1.053;
29.06.2026;ALLIANCE HEALTHCARE;AH SAMSUN;8,68E+12;TALU ECZANESİ;TOKAT MERKEZ -2;PANOCER;Panocer 40 mg 28 Enterik Kaplı Tablet;10;3;13;1.053;
1.06.2026;ALLIANCE HEALTHCARE;AH SAMSUN;8,68E+12;YAMAN ECZANESİ;SAMSUN DOGU ILCELER;PANOCER;Panocer 40 mg 28 Enterik Kaplı Tablet;10;3;13;1.053;
24.06.2026;ALLIANCE HEALTHCARE;AH ORDU;8,68E+12;NİHAN ECZANESİ;GIRESUN MERKEZ -2;PANOCER;Panocer 40 mg 28 Enterik Kaplı Tablet;10;3;13;1.053;
2.06.2026;SELÇUK ECZA DEPOSU;SELÇUK SAMSUN;8,68E+12;YAREN ECZANESİ;CORUM KUZEY ILCELER;PANOCER;Panocer 40 mg 28 Enterik Kaplı Tablet;10;3;13;1.053;
1.06.2026;SELÇUK ECZA DEPOSU;SELÇUK SAMSUN;8,68E+12;MEHMET AKİF ECZANESİ;SIVAS MERKEZ -2;PANOCER;Panocer 40 mg 28 Enterik Kaplı Tablet;10;3;13;1.053;
16.06.2026;SELÇUK ECZA DEPOSU;SELÇUK SAMSUN;8,68E+12;MEHMET AKİF ECZANESİ;SIVAS MERKEZ -2;PANOCER;Panocer 40 mg 28 Enterik Kaplı Tablet;10;3;13;1.053;
16.06.2026;NEVZAT ECZA DEPOSU;NEVZAT TRABZON;8,68E+12;DEVA ECZANESİ;ORDU DOGU ILCELER;PANOCER;Panocer 40 mg 28 Enterik Kaplı Tablet;10;3;13;1.053;
23.06.2026;SELÇUK ECZA DEPOSU;SELÇUK TRABZON;8,68E+12;AYSE ECZANESI;GIRESUN GUNEY ILCELER;PANOCER;Panocer 40 mg 28 Enterik Kaplı Tablet;10;3;13;1.053;
4.06.2026;NEVZAT ECZA DEPOSU;NEVZAT SAMSUN;8,68E+12;YENİ ECZANE;SIVAS DOGU ILCELER;PANOCER;Panocer 40 mg 28 Enterik Kaplı Tablet;10;3;13;1.053;
26.06.2026;ALLIANCE HEALTHCARE;AH ORDU;8,68E+12;UNAT ECZANESI;GIRESUN DOGU ILCELER -1;PANOCER;Panocer 40 mg 28 Enterik Kaplı Tablet;10;3;13;1.053;
17.06.2026;SELÇUK ECZA DEPOSU;SELÇUK TRABZON;8,68E+12;GÜNEŞ ECZANESİ;RIZE BATI ILCELER;PANOCER;Panocer 40 mg 28 Enterik Kaplı Tablet;10;3;13;1.053;
12.06.2026;SELÇUK ECZA DEPOSU;SELÇUK TRABZON;8,68E+12;KEMERKAYA AKIN ECZANESİ;TRABZON MERKEZ -4;PANOCER;Panocer 40 mg 28 Enterik Kaplı Tablet;10;3;13;1.053;
1.06.2026;NEVZAT ECZA DEPOSU;NEVZAT SAMSUN;8,68E+12;ECZANE İLGİ;TOKAT DOGU ILCELER;PANOCER;Panocer 40 mg 28 Enterik Kaplı Tablet;10;3;13;1.053;
16.06.2026;SELÇUK ECZA DEPOSU;SELÇUK SAMSUN;8,68E+12;25 MAYIS ECZANESİ;SAMSUN HAVZA+KAVAK+LADIK;PANOCER;Panocer 40 mg 28 Enterik Kaplı Tablet;10;3;13;1.053;
5.06.2026;SELÇUK ECZA DEPOSU;SELÇUK TRABZON;8,68E+12;ÇİÇEK ECZANESİ;RIZE BATI ILCELER;PANOCER;Panocer 40 mg 28 Enterik Kaplı Tablet;10;3;13;1.053;
3.06.2026;ALLIANCE HEALTHCARE;AH ORDU;8,68E+12;KÜBRA ECZANESİ;GIRESUN GUNEY ILCELER;PANOCER;Panocer 40 mg 28 Enterik Kaplı Tablet;10;3;13;1.053;
23.06.2026;ALLIANCE HEALTHCARE;AH ORDU;8,68E+12;LOTUS ECZANESİ;ORDU DOGU ILCELER;PANOCER;Panocer 40 mg 28 Enterik Kaplı Tablet;10;3;13;1.053;
15.06.2026;ALLIANCE HEALTHCARE;AH SAMSUN;8,68E+12;YAVUZ ECZANESİ;SAMSUN ALACAM+YAKAKENT;PANOCER;Panocer 40 mg 28 Enterik Kaplı Tablet;10;3;13;1.053;
25.06.2026;ALLIANCE HEALTHCARE;AH SAMSUN;8,68E+12;YAVUZ ECZANESİ;SAMSUN ALACAM+YAKAKENT;PANOCER;Panocer 40 mg 28 Enterik Kaplı Tablet;10;3;13;1.053;
24.06.2026;ALLIANCE HEALTHCARE;AH SAMSUN;8,68E+12;BAYAT ECZANESİ;CORUM KUZEY ILCELER;PANOCER;Panocer 40 mg 28 Enterik Kaplı Tablet;10;3;13;1.053;
2.06.2026;ALLIANCE HEALTHCARE;AH ORDU;8,68E+12;ÖNAL ECZANE;GIRESUN MERKEZ -2;PANOCER;Panocer 40 mg 28 Enterik Kaplı Tablet;10;3;13;1.053;
24.06.2026;ALLIANCE HEALTHCARE;AH ORDU;8,68E+12;ÖNAL ECZANE;GIRESUN MERKEZ -2;PANOCER;Panocer 40 mg 28 Enterik Kaplı Tablet;10;3;13;1.053;
12.06.2026;SELÇUK ECZA DEPOSU;SELÇUK SAMSUN;8,68E+12;ERDEM ECZANESİ;TOKAT MERKEZ -2;PANOCER;Panocer 40 mg 28 Enterik Kaplı Tablet;10;3;13;1.053;
2.06.2026;SELÇUK ECZA DEPOSU;SELÇUK SAMSUN;8,68E+12;ERDEM ECZANESİ;TOKAT MERKEZ -2;PANOCER;Panocer 40 mg 28 Enterik Kaplı Tablet;10;3;13;1.053;
15.06.2026;SELÇUK ECZA DEPOSU;SELÇUK SAMSUN;8,68E+12;EMİN ECZANESİ;SIVAS BATI ILCELER;PANOCER;Panocer 40 mg 28 Enterik Kaplı Tablet;10;3;13;1.053;
1.06.2026;SELÇUK ECZA DEPOSU;SELÇUK SAMSUN;8,68E+12;BUĞRA ECZANESİ;ORDU MERKEZ -3;PANOCER;Panocer 40 mg 28 Enterik Kaplı Tablet;10;3;13;1.053;
8.06.2026;ALLIANCE HEALTHCARE;AH ORDU;8,68E+12;SARIHAN ECZANESİ ;ORDU FATSA;PANOCER;Panocer 40 mg 28 Enterik Kaplı Tablet;10;3;13;1.053;
3.06.2026;SELÇUK ECZA DEPOSU;SELÇUK ERZURUM;8,68E+12;SAĞLIK ECZANESİ;AGRI DIYADIN+D.BEYAZIT;PANOCER;Panocer 40 mg 28 Enterik Kaplı Tablet;10;3;13;1.053;
29.06.2026;SELÇUK ECZA DEPOSU;SELÇUK ERZURUM;8,68E+12;TAŞBAŞI ECZANESİ;ERZURUM KUZEY ILCELER;PANOCER;Panocer 40 mg 28 Enterik Kaplı Tablet;10;3;13;1.053;
16.06.2026;ALLIANCE HEALTHCARE;AH SAMSUN;8,68E+12;İREM ECZANESİ;SAMSUN DOGU ILCELER - 2;PANOCER;Panocer 40 mg 28 Enterik Kaplı Tablet;10;3;13;1.053;
16.06.2026;SELÇUK ECZA DEPOSU;SELÇUK SAMSUN;8,68E+12;ECE ECZANESİ;SIVAS MERKEZ -4;PANOCER;Panocer 40 mg 28 Enterik Kaplı Tablet;10;3;13;1.053;
19.06.2026;SELÇUK ECZA DEPOSU;SELÇUK TRABZON;8,68E+12;OF ECZANESİ;TRABZON DOGU ILCELER -1;PANOCER;Panocer 40 mg 28 Enterik Kaplı Tablet;10;3;13;1.053;
4.06.2026;ALLIANCE HEALTHCARE;AH TRABZON;8,68E+12;OF ECZANESİ;TRABZON DOGU ILCELER -1;PANOCER;Panocer 40 mg 28 Enterik Kaplı Tablet;10;3;13;1.053;
15.06.2026;SELÇUK ECZA DEPOSU;SELÇUK SAMSUN;8,68E+12;GÖKÇEL ECZANESİ;SIVAS BATI ILCELER;PANOCER;Panocer 40 mg 28 Enterik Kaplı Tablet;10;3;13;1.053;
23.06.2026;NEVZAT ECZA DEPOSU;NEVZAT SAMSUN;8,68E+12;BALIM ECZANESİ;TOKAT DOGU ILCELER;PANOCER;Panocer 40 mg 28 Enterik Kaplı Tablet;10;3;13;1.053;
2.06.2026;SELÇUK ECZA DEPOSU;SELÇUK ERZURUM;8,68E+12;GERCEK ECZANESİ;KARS ILCELER;PANOCER;Panocer 40 mg 28 Enterik Kaplı Tablet;10;3;13;1.053;
1.06.2026;SELÇUK ECZA DEPOSU;SELÇUK ERZURUM;8,68E+12;NAYKİ ECZANESİ;KARS ILCELER;PANOCER;Panocer 40 mg 28 Enterik Kaplı Tablet;10;3;13;1.053;
11.06.2026;SELÇUK ECZA DEPOSU;SELÇUK SAMSUN;8,68E+12;SUŞEHRİ ECZANESİ;SIVAS DOGU ILCELER;PANOCER;Panocer 40 mg 28 Enterik Kaplı Tablet;10;3;13;1.053;
8.06.2026;SELÇUK ECZA DEPOSU;SELÇUK ERZURUM;8,68E+12;CAN ECZANESİ;AGRI DIYADIN+D.BEYAZIT;PANOCER;Panocer 40 mg 28 Enterik Kaplı Tablet;10;3;13;1.053;
3.06.2026;SELÇUK ECZA DEPOSU;SELÇUK TRABZON;8,68E+12;ATA ECZANESİ;TRABZON MERKEZ -1;PANOCER;Panocer 40 mg 28 Enterik Kaplı Tablet;10;3;13;1.053;
20.06.2026;SELÇUK ECZA DEPOSU;SELÇUK SAMSUN;8,68E+12;GOKSEL ECZANESİ;SINOP GUNEY ILCELER;PANOCER;Panocer 40 mg 28 Enterik Kaplı Tablet;10;3;13;1.053;
2.06.2026;SELÇUK ECZA DEPOSU;SELÇUK SAMSUN;8,68E+12;GOKSEL ECZANESİ;SINOP GUNEY ILCELER;PANOCER;Panocer 40 mg 28 Enterik Kaplı Tablet;10;3;13;1.053;
11.06.2026;SELÇUK ECZA DEPOSU;SELÇUK SAMSUN;8,68E+12;UMUT ECZANESİ;ORDU UNYE;PANOCER;Panocer 40 mg 28 Enterik Kaplı Tablet;10;3;13;1.053;
16.06.2026;SELÇUK ECZA DEPOSU;SELÇUK ERZURUM;8,68E+12;DEVA ECZANESİ;ERZURUM GUNEY ILCELER;PANOCER;Panocer 40 mg 28 Enterik Kaplı Tablet;10;3;13;1.053;
16.06.2026;SELÇUK ECZA DEPOSU;SELÇUK TRABZON;8,68E+12;BORDO MAVİ ECZANESİ;TRABZON MERKEZ -4;PANOCER;Panocer 40 mg 28 Enterik Kaplı Tablet;10;3;13;1.053;
26.06.2026;SELÇUK ECZA DEPOSU;SELÇUK TRABZON;8,68E+12;BORDO MAVİ ECZANESİ;TRABZON MERKEZ -4;PANOCER;Panocer 40 mg 28 Enterik Kaplı Tablet;10;3;13;1.053;
1.06.2026;SELÇUK ECZA DEPOSU;SELÇUK SAMSUN;8,68E+12;CAN ECZANESİ;TOKAT ERBAA;PANOCER;Panocer 40 mg 28 Enterik Kaplı Tablet;10;3;13;1.053;
15.06.2026;SELÇUK ECZA DEPOSU;SELÇUK SAMSUN;8,68E+12;CAN ECZANESİ;TOKAT ERBAA;PANOCER;Panocer 40 mg 28 Enterik Kaplı Tablet;10;3;13;1.053;
24.06.2026;ALLIANCE HEALTHCARE;AH ORDU;8,68E+12;GÖZÜKARA ECZANESİ;ORDU MERKEZ -3;PANOCER;Panocer 40 mg 28 Enterik Kaplı Tablet;10;3;13;1.053;
18.06.2026;SELÇUK ECZA DEPOSU;SELÇUK ERZURUM;8,68E+12;ESRA ECZANESİ;AGRI ILCELER;PANOCER;Panocer 40 mg 28 Enterik Kaplı Tablet;10;3;13;1.053;
16.06.2026;SELÇUK ECZA DEPOSU;SELÇUK ERZURUM;8,68E+12;AKYAKA ECZANESİ;KARS ILCELER;PANOCER;Panocer 40 mg 28 Enterik Kaplı Tablet;10;3;13;1.053;
24.06.2026;SELÇUK ECZA DEPOSU;SELÇUK ERZURUM;8,68E+12;EREN ECZANESİ;KARS ILCELER;PANOCER;Panocer 40 mg 28 Enterik Kaplı Tablet;10;3;13;1.053;
4.06.2026;ALLIANCE HEALTHCARE;AH ORDU;8,68E+12;TUĞÇEM ECZANESİ;ORDU FATSA;PANOCER;Panocer 40 mg 28 Enterik Kaplı Tablet;10;3;13;1.053;
16.06.2026;ALLIANCE HEALTHCARE;AH ORDU;8,68E+12;TUĞÇEM ECZANESİ;ORDU FATSA;PANOCER;Panocer 40 mg 28 Enterik Kaplı Tablet;10;3;13;1.053;
29.06.2026;NEVZAT ECZA DEPOSU;NEVZAT TRABZON;8,68E+12;EMRE DENİZ ECZANESİ;ORDU DOGU ILCELER;PANOCER;Panocer 40 mg 28 Enterik Kaplı Tablet;10;3;13;1.053;
8.06.2026;ALLIANCE HEALTHCARE;AH SAMSUN;8,68E+12;HELVACALİ ECZANESI;SAMSUN DOGU ILCELER - 2;PANOCER;Panocer 40 mg 28 Enterik Kaplı Tablet;10;3;13;1.053;
3.06.2026;SELÇUK ECZA DEPOSU;SELÇUK TRABZON;8,68E+12;ÖNAL ECZANESİ;TRABZON DOGU ILCELER -1;PANOCER;Panocer 40 mg 28 Enterik Kaplı Tablet;10;3;13;1.053;
11.06.2026;SELÇUK ECZA DEPOSU;SELÇUK TRABZON;8,68E+12;MİHRAP ECZANESİ;ARTVIN KUZEY ILCELER;PANOCER;Panocer 40 mg 28 Enterik Kaplı Tablet;10;3;13;1.053;
2.06.2026;SELÇUK ECZA DEPOSU;SELÇUK TRABZON;8,68E+12;NİSANUR ECZANESİ;GIRESUN MERKEZ -2;PANOCER;Panocer 40 mg 28 Enterik Kaplı Tablet;10;3;13;1.053;
9.06.2026;ALLIANCE HEALTHCARE;AH SAMSUN;8,68E+12;CANSUYU ECZANESİ;TOKAT DOGU ILCELER;PANOCER;Panocer 40 mg 28 Enterik Kaplı Tablet;10;3;13;1.053;
16.06.2026;SELÇUK ECZA DEPOSU;SELÇUK SAMSUN;8,68E+12;YENİ HAYAT ECZANESİ;SINOP DOGU-BATI ILCELER;PANOCER;Panocer 40 mg 28 Enterik Kaplı Tablet;10;3;13;1.053;
6.06.2026;SELÇUK ECZA DEPOSU;SELÇUK ERZURUM;8,68E+12;BUKET ECZANESİ;ERZURUM GUNEY ILCELER;PANOCER;Panocer 40 mg 28 Enterik Kaplı Tablet;10;3;13;1.053;
9.06.2026;NEVZAT ECZA DEPOSU;NEVZAT SAMSUN;8,68E+12;KAPLICALAR ECZANESİ;SAMSUN HAVZA+KAVAK+LADIK;ACİDPASS;Acidpass 10/800/165 mg 12 Çiğneme Tablet;7;0;7;786;
18.06.2026;SELÇUK ECZA DEPOSU;SELÇUK SAMSUN;8,68E+12;GAZİ ECZANESİ;ORDU FATSA;ACİDPASS;Acidpass 10/800/165 mg 12 Çiğneme Tablet;6;0;6;673;
4.06.2026;SELÇUK ECZA DEPOSU;SELÇUK SAMSUN;8,68E+12;YAVUZ ECZANESİ;SINOP DOGU-BATI ILCELER;ACİDPASS;Acidpass 10/800/165 mg 12 Çiğneme Tablet;6;0;6;673;
16.06.2026;SELÇUK ECZA DEPOSU;SELÇUK SAMSUN;8,68E+12;ANADOLU ECZANESİ;SIVAS MERKEZ -4;ACİDPASS;Acidpass 10/800/165 mg 12 Çiğneme Tablet;6;0;6;673;
7.06.2026;NEVZAT ECZA DEPOSU;NEVZAT SAMSUN;8,68E+12;HEKİMOĞLU ECZANESİ;TOKAT MERKEZ -1;ACİDPASS;Acidpass 10/800/165 mg 12 Çiğneme Tablet;6;0;6;673;
18.06.2026;ALLIANCE HEALTHCARE;AH SAMSUN;8,68E+12;DURU ECZANESİ;TOKAT MERKEZ -1;ACİDPASS;Acidpass 10/800/165 mg 12 Çiğneme Tablet;6;0;6;673;
4.06.2026;ALLIANCE HEALTHCARE;AH TRABZON;8,68E+12;DERYA ECZANESİ;TRABZON BATI ILCELER - 2;ACİDPASS;Acidpass 10/800/165 mg 12 Çiğneme Tablet;6;0;6;673;
23.06.2026;NEVZAT ECZA DEPOSU;NEVZAT TRABZON;8,68E+12;NUR ECZANESİ;TRABZON MERKEZ -4;ACİDPASS;Acidpass 10/800/165 mg 12 Çiğneme Tablet;6;0;6;673;
4.06.2026;NEVZAT ECZA DEPOSU;NEVZAT TRABZON;8,68E+12;ELİF ECZANESİ;ORDU FATSA;ACİDPASS;Acidpass 10/800/165 mg 12 Çiğneme Tablet;6;0;6;673;
2.06.2026;SELÇUK ECZA DEPOSU;SELÇUK SAMSUN;8,68E+12;CADDE YEDİTEPE ECZANESİ;CORUM MERKEZ -1;ACİDPASS;Acidpass 10/800/165 mg 12 Çiğneme Tablet;6;0;6;673;
16.06.2026;SELÇUK ECZA DEPOSU;SELÇUK ERZURUM;8,68E+12;SULTAN ECZANESİ;KARS MERKEZ;ACİDPASS;Acidpass 10/800/165 mg 6 Çiğneme Tablet;6;0;6;413;
16.06.2026;SELÇUK ECZA DEPOSU;SELÇUK ERZURUM;8,68E+12;YAĞMUR ECZANESİ;AGRI ILCELER;ACİDPASS;Acidpass 10/800/165 mg 6 Çiğneme Tablet;6;0;6;413;
1.06.2026;NEVZAT ECZA DEPOSU;NEVZAT SAMSUN;8,68E+12;ÖMÜR ECZANESİ;AMASYA ILCELER;GRİPORT COLD;Griport Cold 20 Film Kaplı Tablet;6;1;7;505;
26.06.2026;ALLIANCE HEALTHCARE;AH SAMSUN;8,68E+12;KÜBRA ECZANESİ;AMASYA MERKEZ -1;GRİPORT COLD;Griport Cold 20 Film Kaplı Tablet;6;1;7;505;
23.06.2026;NEVZAT ECZA DEPOSU;NEVZAT SAMSUN;8,68E+12;OKUDAN ECZANESİ;AMASYA MERZIFON;GRİPORT COLD;Griport Cold 20 Film Kaplı Tablet;6;1;7;505;
12.06.2026;ALLIANCE HEALTHCARE;AH SAMSUN;8,68E+12;ALBAYRAK ECZANESİ;AMASYA MERKEZ -1;GRİPORT COLD;Griport Cold 20 Film Kaplı Tablet;6;1;7;505;
17.06.2026;ALLIANCE HEALTHCARE;AH TRABZON;8,68E+12;UMUT ECZANESİ;ARTVIN MERKEZ+DOGU+GUNEY;GRİPORT COLD;Griport Cold 20 Film Kaplı Tablet;6;1;7;505;
29.06.2026;ALLIANCE HEALTHCARE;AH TRABZON;8,68E+12;HAKAN ECZANESİ;ARTVIN MERKEZ+DOGU+GUNEY;GRİPORT COLD;Griport Cold 20 Film Kaplı Tablet;6;1;7;505;
18.06.2026;ALLIANCE HEALTHCARE;AH TRABZON;8,68E+12;SARIKAYA ECZANESİ;ARTVIN MERKEZ+DOGU+GUNEY;GRİPORT COLD;Griport Cold 20 Film Kaplı Tablet;6;1;7;505;
29.06.2026;ALLIANCE HEALTHCARE;AH SAMSUN;8,68E+12;ESER ECZANESİ;CORUM MERKEZ -1;GRİPORT COLD;Griport Cold 20 Film Kaplı Tablet;6;1;7;505;
29.06.2026;SELÇUK ECZA DEPOSU;SELÇUK SAMSUN;8,68E+12;HABOĞLU ECZANESİ;CORUM MERKEZ -2;GRİPORT COLD;Griport Cold 20 Film Kaplı Tablet;6;1;7;505;
24.06.2026;NEVZAT ECZA DEPOSU;NEVZAT SAMSUN;8,68E+12;BÜLBÜLOĞLU ECZANESİ;CORUM MERKEZ -2;GRİPORT COLD;Griport Cold 20 Film Kaplı Tablet;6;1;7;505;
17.06.2026;SELÇUK ECZA DEPOSU;SELÇUK SAMSUN;8,68E+12;FUNDA ECZANESİ;CORUM MERKEZ -2;GRİPORT COLD;Griport Cold 20 Film Kaplı Tablet;6;1;7;505;
8.06.2026;SELÇUK ECZA DEPOSU;SELÇUK SAMSUN;8,68E+12;FATİH ECZANESİ;CORUM MERKEZ -1;GRİPORT COLD;Griport Cold 20 Film Kaplı Tablet;6;1;7;505;
5.06.2026;SELÇUK ECZA DEPOSU;SELÇUK ERZURUM;8,68E+12;ŞAFAK ECZANESİ;ERZURUM MERKEZ -3;GRİPORT COLD;Griport Cold 20 Film Kaplı Tablet;6;1;7;505;
4.06.2026;NEVZAT ECZA DEPOSU;NEVZAT ERZURUM;8,68E+12;TURGUT ECZANESİ;ERZURUM MERKEZ -3;GRİPORT COLD;Griport Cold 20 Film Kaplı Tablet;6;1;7;505;
11.06.2026;NEVZAT ECZA DEPOSU;NEVZAT ERZURUM;8,68E+12;TURGUT ECZANESİ;ERZURUM MERKEZ -3;GRİPORT COLD;Griport Cold 20 Film Kaplı Tablet;6;1;7;505;
1.06.2026;SELÇUK ECZA DEPOSU;SELÇUK ERZURUM;8,68E+12;SERPİL ECZANESİ;ERZURUM MERKEZ -3;GRİPORT COLD;Griport Cold 20 Film Kaplı Tablet;6;1;7;505;
26.06.2026;SELÇUK ECZA DEPOSU;SELÇUK ERZURUM;8,68E+12;TURGUT ECZANESİ;ERZURUM MERKEZ -3;GRİPORT COLD;Griport Cold 20 Film Kaplı Tablet;6;1;7;505;
19.06.2026;SELÇUK ECZA DEPOSU;SELÇUK ERZURUM;8,68E+12;ERENLER ECZANESİ;ERZURUM MERKEZ -1;GRİPORT COLD;Griport Cold 20 Film Kaplı Tablet;6;1;7;505;
6.06.2026;SELÇUK ECZA DEPOSU;SELÇUK ERZURUM;8,68E+12;HÜRRİYET ECZANESİ;ERZURUM MERKEZ -1;GRİPORT COLD;Griport Cold 20 Film Kaplı Tablet;6;1;7;505;
6.06.2026;SELÇUK ECZA DEPOSU;SELÇUK ERZURUM;8,68E+12;HÜRRİYET ECZANESİ;ERZURUM MERKEZ -1;GRİPORT COLD;Griport Cold 20 Film Kaplı Tablet;6;1;7;505;
1.06.2026;NEVZAT ECZA DEPOSU;NEVZAT ERZURUM;8,68E+12;BAKAN ECZANESİ;ERZURUM MERKEZ -1;GRİPORT COLD;Griport Cold 20 Film Kaplı Tablet;6;1;7;505;
5.06.2026;NEVZAT ECZA DEPOSU;NEVZAT ERZURUM;8,68E+12;ÇINAR ECZANESİ;ERZURUM MERKEZ -2;GRİPORT COLD;Griport Cold 20 Film Kaplı Tablet;6;1;7;505;
7.06.2026;SELÇUK ECZA DEPOSU;SELÇUK ERZURUM;8,68E+12;POLAT ECZANESİ;ERZURUM MERKEZ -2;GRİPORT COLD;Griport Cold 20 Film Kaplı Tablet;6;1;7;505;
1.06.2026;NEVZAT ECZA DEPOSU;NEVZAT TRABZON;8,68E+12;ÖZTÜRK ECZANESİ;GIRESUN DOGU ILCELER -1;GRİPORT COLD;Griport Cold 20 Film Kaplı Tablet;6;1;7;505;
14.06.2026;ALLIANCE HEALTHCARE;AH ORDU;8,68E+12;FATİH ECZANESİ;GIRESUN DOGU ILCELER -1;GRİPORT COLD;Griport Cold 20 Film Kaplı Tablet;6;1;7;505;
19.06.2026;SELÇUK ECZA DEPOSU;SELÇUK TRABZON;8,68E+12;EBRU ECZANESİ;GIRESUN MERKEZ -2;GRİPORT COLD;Griport Cold 20 Film Kaplı Tablet;6;1;7;505;
15.06.2026;ALLIANCE HEALTHCARE;AH ORDU;8,68E+12;FİLİZ ECZANESİ;GIRESUN DOGU ILCELER -2;GRİPORT COLD;Griport Cold 20 Film Kaplı Tablet;6;1;7;505;
17.06.2026;ALLIANCE HEALTHCARE;AH ORDU;8,68E+12;ARSLAN ECZANESİ;GIRESUN BULANCAK+PIRAZIZ;GRİPORT COLD;Griport Cold 20 Film Kaplı Tablet;6;1;7;505;
1.06.2026;SELÇUK ECZA DEPOSU;SELÇUK TRABZON;8,68E+12;VERESELİ HAYAT ECZANESİ;GIRESUN BULANCAK+PIRAZIZ;GRİPORT COLD;Griport Cold 20 Film Kaplı Tablet;6;1;7;505;
5.06.2026;SELÇUK ECZA DEPOSU;SELÇUK SAMSUN;8,68E+12;ESRA ECZANESİ;ORDU FATSA;GRİPORT COLD;Griport Cold 20 Film Kaplı Tablet;6;1;7;505;
3.06.2026;SELÇUK ECZA DEPOSU;SELÇUK SAMSUN;8,68E+12;EMİR ECZANESİ;ORDU GUNEY ILCELER -1;GRİPORT COLD;Griport Cold 20 Film Kaplı Tablet;6;1;7;505;
4.06.2026;NEVZAT ECZA DEPOSU;NEVZAT TRABZON;8,68E+12;GÜVENAY ECZANESİ;ORDU UNYE;GRİPORT COLD;Griport Cold 20 Film Kaplı Tablet;6;1;7;505;
4.06.2026;ALLIANCE HEALTHCARE;AH ORDU;8,68E+12;ŞEYMA ECZANESİ;ORDU MERKEZ -2;GRİPORT COLD;Griport Cold 20 Film Kaplı Tablet;6;1;7;505;
1.06.2026;ALLIANCE HEALTHCARE;AH ORDU;8,68E+12;GÜLER ECZANESİ;ORDU MERKEZ -3;GRİPORT COLD;Griport Cold 20 Film Kaplı Tablet;6;1;7;505;
8.06.2026;ALLIANCE HEALTHCARE;AH ORDU;8,68E+12;SELÇUK ECZANESİ;ORDU GUNEY ILCELER -1;GRİPORT COLD;Griport Cold 20 Film Kaplı Tablet;6;1;7;505;
4.06.2026;ALLIANCE HEALTHCARE;AH ORDU;8,68E+12;DOKUZ EYLÜL ECZANESİ;ORDU UNYE;GRİPORT COLD;Griport Cold 20 Film Kaplı Tablet;6;1;7;505;
16.06.2026;ALLIANCE HEALTHCARE;AH ORDU;8,68E+12;BÜYÜK ECZANESİ;ORDU MERKEZ -2;GRİPORT COLD;Griport Cold 20 Film Kaplı Tablet;6;1;7;505;
11.06.2026;SELÇUK ECZA DEPOSU;SELÇUK TRABZON;8,68E+12;PAZAR ECZANESİ;RIZE DOGU ILCELER;GRİPORT COLD;Griport Cold 20 Film Kaplı Tablet;6;1;7;505;
12.06.2026;SELÇUK ECZA DEPOSU;SELÇUK TRABZON;8,68E+12;GÜNEYSU SERDAR ECZANESİ;RIZE BATI ILCELER;GRİPORT COLD;Griport Cold 20 Film Kaplı Tablet;6;1;7;505;
10.06.2026;SELÇUK ECZA DEPOSU;SELÇUK SAMSUN;8,68E+12;EFE ECZANESİ;SAMSUN ADALET;GRİPORT COLD;Griport Cold 20 Film Kaplı Tablet;6;1;7;505;
17.06.2026;ALLIANCE HEALTHCARE;AH SAMSUN;8,68E+12;DEVA ECZANESİ;SAMSUN DOGU ILCELER - 2;GRİPORT COLD;Griport Cold 20 Film Kaplı Tablet;6;1;7;505;
10.06.2026;NEVZAT ECZA DEPOSU;NEVZAT SAMSUN;8,68E+12;MURAT ECZANESİ;SAMSUN ADALET;GRİPORT COLD;Griport Cold 20 Film Kaplı Tablet;6;1;7;505;
13.06.2026;SELÇUK ECZA DEPOSU;SELÇUK SAMSUN;8,68E+12;AYDIN ECZANESİ;SAMSUN BAFRA;GRİPORT COLD;Griport Cold 20 Film Kaplı Tablet;6;1;7;505;
16.06.2026;SELÇUK ECZA DEPOSU;SELÇUK SAMSUN;8,68E+12;CEDİT ECZANESİ;SAMSUN ILKADIM - 2;GRİPORT COLD;Griport Cold 20 Film Kaplı Tablet;6;1;7;505;
11.06.2026;SELÇUK ECZA DEPOSU;SELÇUK SAMSUN;8,68E+12;ERDEM ECZANESİ;SAMSUN BAFRA;GRİPORT COLD;Griport Cold 20 Film Kaplı Tablet;6;1;7;505;
11.06.2026;SELÇUK ECZA DEPOSU;SELÇUK SAMSUN;8,68E+12;SUBAŞILAR ECZANESİ;SIVAS BATI ILCELER;GRİPORT COLD;Griport Cold 20 Film Kaplı Tablet;6;1;7;505;
9.06.2026;ALLIANCE HEALTHCARE;AH SAMSUN;8,68E+12;SİTE ECZANESİ;SAMSUN RASATHANE;GRİPORT COLD;Griport Cold 20 Film Kaplı Tablet;6;1;7;505;
7.06.2026;SELÇUK ECZA DEPOSU;SELÇUK SAMSUN;8,68E+12;TÜRKELİ ECZANESİ;SINOP DOGU-BATI ILCELER;GRİPORT COLD;Griport Cold 20 Film Kaplı Tablet;6;1;7;505;
12.06.2026;SELÇUK ECZA DEPOSU;SELÇUK SAMSUN;8,68E+12;AKSU ECZANESİ;SIVAS MERKEZ -4;GRİPORT COLD;Griport Cold 20 Film Kaplı Tablet;6;1;7;505;
23.06.2026;SELÇUK ECZA DEPOSU;SELÇUK SAMSUN;8,68E+12;AYKUT ECZANESİ;SIVAS MERKEZ -2;GRİPORT COLD;Griport Cold 20 Film Kaplı Tablet;6;1;7;505;
17.06.2026;SELÇUK ECZA DEPOSU;SELÇUK SAMSUN;8,68E+12;ARIKAN ECZANESİ;SIVAS MERKEZ -2;GRİPORT COLD;Griport Cold 20 Film Kaplı Tablet;6;1;7;505;
1.06.2026;SELÇUK ECZA DEPOSU;SELÇUK SAMSUN;8,68E+12;AKIN ECZANESİ;SIVAS MERKEZ -2;GRİPORT COLD;Griport Cold 20 Film Kaplı Tablet;6;1;7;505;
16.06.2026;SELÇUK ECZA DEPOSU;SELÇUK SAMSUN;8,68E+12;ANADOLU ECZANESİ;SIVAS MERKEZ -4;GRİPORT COLD;Griport Cold 20 Film Kaplı Tablet;6;1;7;505;
1.06.2026;SELÇUK ECZA DEPOSU;SELÇUK TRABZON;8,68E+12;SEMİH ECZANESİ;TRABZON DOGU ILCELER - 2;GRİPORT COLD;Griport Cold 20 Film Kaplı Tablet;6;1;7;505;
15.06.2026;ALLIANCE HEALTHCARE;AH SAMSUN;8,68E+12;FATİH ECZANESİ;TOKAT BATI ILCELER;GRİPORT COLD;Griport Cold 20 Film Kaplı Tablet;6;1;7;505;
2.06.2026;ALLIANCE HEALTHCARE;AH TRABZON;8,68E+12;KAŞÜSTÜ ECZANESİ;TRABZON DOGU ILCELER - 2;GRİPORT COLD;Griport Cold 20 Film Kaplı Tablet;6;1;7;505;
8.06.2026;NEVZAT ECZA DEPOSU;NEVZAT TRABZON;8,68E+12;ŞİFA ECZANESİ;TRABZON DOGU ILCELER - 2;GRİPORT COLD;Griport Cold 20 Film Kaplı Tablet;6;1;7;505;
26.06.2026;SELÇUK ECZA DEPOSU;SELÇUK SAMSUN;8,68E+12;EMEK ECZANESİ;TOKAT BATI ILCELER;GRİPORT COLD;Griport Cold 20 Film Kaplı Tablet;6;1;7;505;
19.06.2026;ALLIANCE HEALTHCARE;AH SAMSUN;8,68E+12;BULUT ECZANESİ;TOKAT MERKEZ -1;GRİPORT COLD;Griport Cold 20 Film Kaplı Tablet;6;1;7;505;
12.06.2026;SELÇUK ECZA DEPOSU;SELÇUK TRABZON;8,68E+12;EROL ECZANESİ;TRABZON MERKEZ -2;GRİPORT COLD;Griport Cold 20 Film Kaplı Tablet;6;1;7;505;
15.06.2026;NEVZAT ECZA DEPOSU;NEVZAT TRABZON;8,68E+12;DEVA ECZANESİ;TRABZON MERKEZ -3;GRİPORT COLD;Griport Cold 20 Film Kaplı Tablet;6;1;7;505;
19.06.2026;ALLIANCE HEALTHCARE;AH TRABZON;8,68E+12;GÜNER ECZANESİ;TRABZON AKCAABAT;GRİPORT COLD;Griport Cold 20 Film Kaplı Tablet;6;1;7;505;
3.06.2026;SELÇUK ECZA DEPOSU;SELÇUK TRABZON;8,68E+12;YENİ ÇAĞLAYAN ECZANESİ;TRABZON MERKEZ -2;GRİPORT COLD;Griport Cold 20 Film Kaplı Tablet;6;1;7;505;
3.06.2026;ALLIANCE HEALTHCARE;AH TRABZON;8,68E+12;MERKEZ ECZANESİ;TRABZON BATI ILCELER - 2;GRİPORT COLD;Griport Cold 20 Film Kaplı Tablet;6;1;7;505;
7.06.2026;SELÇUK ECZA DEPOSU;SELÇUK TRABZON;8,68E+12;HALK ECZANESİ;ARTVIN KUZEY ILCELER;GRİPORT COLD;Griport Cold 20 Film Kaplı Tablet;6;1;7;505;
3.06.2026;SELÇUK ECZA DEPOSU;SELÇUK ERZURUM;8,68E+12;ÜNLÜ ECZANESİ;ERZURUM MERKEZ -3;GRİPORT COLD;Griport Cold 20 Film Kaplı Tablet;6;1;7;505;
14.06.2026;SELÇUK ECZA DEPOSU;SELÇUK TRABZON;8,68E+12;SERPİL ECZANESİ;GIRESUN MERKEZ -2;GRİPORT COLD;Griport Cold 20 Film Kaplı Tablet;6;1;7;505;
10.06.2026;NEVZAT ECZA DEPOSU;NEVZAT TRABZON;8,68E+12;AHSEN ECZANESİ;GIRESUN MERKEZ -2;GRİPORT COLD;Griport Cold 20 Film Kaplı Tablet;6;1;7;505;
27.06.2026;ALLIANCE HEALTHCARE;AH ORDU;8,68E+12;ELİF ECZANESİ;GIRESUN MERKEZ -2;GRİPORT COLD;Griport Cold 20 Film Kaplı Tablet;6;1;7;505;
11.06.2026;SELÇUK ECZA DEPOSU;SELÇUK TRABZON;8,68E+12;SAĞLIK ECZANESİ;RIZE DOGU ILCELER;GRİPORT COLD;Griport Cold 20 Film Kaplı Tablet;6;1;7;505;
8.06.2026;SELÇUK ECZA DEPOSU;SELÇUK SAMSUN;8,68E+12;YEŞİM ECZANESİ;SAMSUN PAZAR;GRİPORT COLD;Griport Cold 20 Film Kaplı Tablet;6;1;7;505;
24.06.2026;ALLIANCE HEALTHCARE;AH SAMSUN;8,68E+12;ÖMER ECZANESİ;SAMSUN RASATHANE;GRİPORT COLD;Griport Cold 20 Film Kaplı Tablet;6;1;7;505;
1.06.2026;SELÇUK ECZA DEPOSU;SELÇUK TRABZON;8,68E+12;FANUS ECZANESİ;TRABZON MERKEZ -3;GRİPORT COLD;Griport Cold 20 Film Kaplı Tablet;6;1;7;505;
5.06.2026;NEVZAT ECZA DEPOSU;NEVZAT TRABZON;8,68E+12;FEYZA ECZANESİ;TRABZON DOGU ILCELER - 2;GRİPORT COLD;Griport Cold 20 Film Kaplı Tablet;6;1;7;505;
28.06.2026;SELÇUK ECZA DEPOSU;SELÇUK TRABZON;8,68E+12;KARAMANLAR ECZANESİ;GIRESUN MERKEZ -2;GRİPORT COLD;Griport Cold 20 Film Kaplı Tablet;6;1;7;505;
1.06.2026;NEVZAT ECZA DEPOSU;NEVZAT SAMSUN;8,68E+12;HASKÖY NALAN ECZANESİ;SAMSUN CANIK;GRİPORT COLD;Griport Cold 20 Film Kaplı Tablet;6;1;7;505;
14.06.2026;SELÇUK ECZA DEPOSU;SELÇUK ERZURUM;8,68E+12;UZUN ECZANESİ;ERZURUM MERKEZ -3;GRİPORT COLD;Griport Cold 20 Film Kaplı Tablet;6;1;7;505;
3.06.2026;NEVZAT ECZA DEPOSU;NEVZAT TRABZON;8,68E+12;DOĞA ECZANESİ;TRABZON MERKEZ -3;GRİPORT COLD;Griport Cold 20 Film Kaplı Tablet;6;1;7;505;
12.06.2026;ALLIANCE HEALTHCARE;AH TRABZON;8,68E+12;AYLİN KESKİN ECZANESİ;ARTVIN MERKEZ+DOGU+GUNEY;GRİPORT COLD;Griport Cold 20 Film Kaplı Tablet;6;1;7;505;
2.06.2026;SELÇUK ECZA DEPOSU;SELÇUK ERZURUM;8,68E+12;CADDE ECZANESİ ;ERZURUM MERKEZ -3;GRİPORT COLD;Griport Cold 20 Film Kaplı Tablet;6;1;7;505;
14.06.2026;SELÇUK ECZA DEPOSU;SELÇUK ERZURUM;8,68E+12;CADDE ECZANESİ ;ERZURUM MERKEZ -3;GRİPORT COLD;Griport Cold 20 Film Kaplı Tablet;6;1;7;505;
14.06.2026;SELÇUK ECZA DEPOSU;SELÇUK ERZURUM;8,68E+12;KAHRAMANLAR ECZANESİ;ERZURUM MERKEZ -2;GRİPORT COLD;Griport Cold 20 Film Kaplı Tablet;6;1;7;505;
16.06.2026;SELÇUK ECZA DEPOSU;SELÇUK ERZURUM;8,68E+12;İNCİ ECZANESİ;ERZURUM KUZEY ILCELER;GRİPORT COLD;Griport Cold 20 Film Kaplı Tablet;6;1;7;505;
14.06.2026;SELÇUK ECZA DEPOSU;SELÇUK ERZURUM;8,68E+12;ŞEHİR 25 ECZANESİ;ERZURUM MERKEZ -3;GRİPORT COLD;Griport Cold 20 Film Kaplı Tablet;6;1;7;505;
4.06.2026;SELÇUK ECZA DEPOSU;SELÇUK SAMSUN;8,68E+12;ÖZGÜR ECZANESİ;SAMSUN VEZIRKOPRU;GRİPORT COLD;Griport Cold 20 Film Kaplı Tablet;6;1;7;505;
8.06.2026;ALLIANCE HEALTHCARE;AH ORDU;8,68E+12;TUGCAN ECZANESI;ORDU MERKEZ -3;GRİPORT COLD;Griport Cold 20 Film Kaplı Tablet;6;1;7;505;
23.06.2026;SELÇUK ECZA DEPOSU;SELÇUK ERZURUM;8,68E+12;ZEHRA ECZANESİ;ERZURUM MERKEZ -3;GRİPORT COLD;Griport Cold 20 Film Kaplı Tablet;6;1;7;505;
27.06.2026;NEVZAT ECZA DEPOSU;NEVZAT SAMSUN;8,68E+12;YENİ BEZGİNOĞLU ECZANESİ;CORUM MERKEZ -3;GRİPORT COLD;Griport Cold 20 Film Kaplı Tablet;6;1;7;505;
27.06.2026;NEVZAT ECZA DEPOSU;NEVZAT SAMSUN;8,68E+12;YENİ BEZGİNOĞLU ECZANESİ;CORUM MERKEZ -3;GRİPORT COLD;Griport Cold 20 Film Kaplı Tablet;6;1;7;505;
15.06.2026;SELÇUK ECZA DEPOSU;SELÇUK TRABZON;8,68E+12;ZELİHA ÖDEMİŞ ECZANESİ;GIRESUN MERKEZ -2;GRİPORT COLD;Griport Cold 20 Film Kaplı Tablet;6;1;7;505;
9.06.2026;NEVZAT ECZA DEPOSU;NEVZAT ERZURUM;8,68E+12;TİMUR ECZANESİ;ERZURUM MERKEZ -1;GRİPORT COLD;Griport Cold 20 Film Kaplı Tablet;6;1;7;505;
2.06.2026;SELÇUK ECZA DEPOSU;SELÇUK ERZURUM;8,68E+12;YENİ DEFNE ECZANESİ;ERZURUM MERKEZ -1;GRİPORT COLD;Griport Cold 20 Film Kaplı Tablet;6;1;7;505;
1.06.2026;NEVZAT ECZA DEPOSU;NEVZAT ERZURUM;8,68E+12;HASTANELER ECZANESİ;ERZURUM MERKEZ -1;GRİPORT COLD;Griport Cold 20 Film Kaplı Tablet;6;1;7;505;
23.06.2026;SELÇUK ECZA DEPOSU;SELÇUK SAMSUN;8,68E+12;ERTUĞRUL ECZANESİ;SIVAS MERKEZ -4;GRİPORT COLD;Griport Cold 20 Film Kaplı Tablet;6;1;7;505;
17.06.2026;SELÇUK ECZA DEPOSU;SELÇUK SAMSUN;8,68E+12;AYDOĞAN ECZANESİ;SIVAS MERKEZ -3;GRİPORT COLD;Griport Cold 20 Film Kaplı Tablet;6;1;7;505;
6.06.2026;SELÇUK ECZA DEPOSU;SELÇUK SAMSUN;8,68E+12;ARYA ECZANESİ;CORUM MERKEZ -3;GRİPORT COLD;Griport Cold 20 Film Kaplı Tablet;6;1;7;505;
3.06.2026;ALLIANCE HEALTHCARE;AH SAMSUN;8,68E+12;ŞURA ECZANESİ;SAMSUN RASATHANE;GRİPORT COLD;Griport Cold 20 Film Kaplı Tablet;6;1;7;505;
16.06.2026;SELÇUK ECZA DEPOSU;SELÇUK ERZURUM;8,68E+12;SARAYBOSNA ECZANESİ;ERZURUM MERKEZ -3;GRİPORT COLD;Griport Cold 20 Film Kaplı Tablet;6;1;7;505;
13.06.2026;SELÇUK ECZA DEPOSU;SELÇUK ERZURUM;8,68E+12;EBRAR ECZANESİ;ERZURUM KUZEY ILCELER;GRİPORT COLD;Griport Cold 20 Film Kaplı Tablet;6;1;7;505;
4.06.2026;SELÇUK ECZA DEPOSU;SELÇUK TRABZON;8,68E+12;ABACIBUKU ECZANESİ;GIRESUN MERKEZ -2;GRİPORT COLD;Griport Cold 20 Film Kaplı Tablet;6;1;7;505;
15.06.2026;ALLIANCE HEALTHCARE;AH ORDU;8,68E+12;DERMAN ECZANESİ;ORDU FATSA;GRİPORT COLD;Griport Cold 20 Film Kaplı Tablet;6;1;7;505;
22.06.2026;SELÇUK ECZA DEPOSU;SELÇUK ERZURUM;8,68E+12;LATİF ECZANESİ;ERZURUM KUZEY ILCELER;GRİPORT COLD;Griport Cold 20 Film Kaplı Tablet;6;1;7;505;
19.06.2026;SELÇUK ECZA DEPOSU;SELÇUK SAMSUN;8,68E+12;AYBÜKE ECZANESİ;SIVAS MERKEZ -4;GRİPORT COLD;Griport Cold 20 Film Kaplı Tablet;6;1;7;505;
8.06.2026;SELÇUK ECZA DEPOSU;SELÇUK ERZURUM;8,68E+12;KAYA ECZANESİ;ERZURUM MERKEZ -1;GRİPORT COLD;Griport Cold 20 Film Kaplı Tablet;6;1;7;505;
13.06.2026;SELÇUK ECZA DEPOSU;SELÇUK TRABZON;8,68E+12;YAREN ECZANESİ;GIRESUN BULANCAK+PIRAZIZ;GRİPORT COLD;Griport Cold 20 Film Kaplı Tablet;6;1;7;505;
1.06.2026;SELÇUK ECZA DEPOSU;SELÇUK ERZURUM;8,68E+12;ARAS ECZANESİ;ERZURUM MERKEZ -3;GRİPORT COLD;Griport Cold 20 Film Kaplı Tablet;6;1;7;505;
2.06.2026;ALLIANCE HEALTHCARE;AH SAMSUN;8,68E+12;EZGİ ECZANESİ;AMASYA MERKEZ -2;GRİPORT COLD;Griport Cold 20 Film Kaplı Tablet;6;1;7;505;
24.06.2026;SELÇUK ECZA DEPOSU;SELÇUK ERZURUM;8,68E+12;EBRULİ ECZANESİ;ERZURUM MERKEZ -2;GRİPORT COLD;Griport Cold 20 Film Kaplı Tablet;6;1;7;505;
3.06.2026;SELÇUK ECZA DEPOSU;SELÇUK ERZURUM;8,68E+12;DENİZ ECZANESİ;ERZURUM MERKEZ -1;GRİPORT COLD;Griport Cold 20 Film Kaplı Tablet;6;1;7;505;
4.06.2026;SELÇUK ECZA DEPOSU;SELÇUK SAMSUN;8,68E+12;AYŞENUR ECZANESİ;ORDU FATSA;GRİPORT COLD;Griport Cold 20 Film Kaplı Tablet;6;1;7;505;
8.06.2026;ALLIANCE HEALTHCARE;AH SAMSUN;8,68E+12;NİL ECZANESİ;SAMSUN ATAKENT+19 MAYIS;GRİPORT COLD;Griport Cold 20 Film Kaplı Tablet;6;1;7;505;
29.06.2026;SELÇUK ECZA DEPOSU;SELÇUK TRABZON;8,68E+12;ZEYTÜL ECZANESİ;ARTVIN KUZEY ILCELER;GRİPORT COLD;Griport Cold 20 Film Kaplı Tablet;6;1;7;505;
18.06.2026;ALLIANCE HEALTHCARE;AH TRABZON;8,68E+12;YUSUFELİ ECZANESİ;ARTVIN MERKEZ+DOGU+GUNEY;GRİPORT COLD;Griport Cold 20 Film Kaplı Tablet;6;1;7;505;
10.06.2026;SELÇUK ECZA DEPOSU;SELÇUK SAMSUN;8,68E+12;KOCUR ECZANESI;AMASYA GOYNUCEK+TASOVA;GRİPORT COLD;Griport Cold 20 Film Kaplı Tablet;6;1;7;505;
24.06.2026;ALLIANCE HEALTHCARE;AH ORDU;8,68E+12;AHSEN ECZANESİ;ORDU MERKEZ -1;GRİPORT COLD;Griport Cold 20 Film Kaplı Tablet;6;1;7;505;
8.06.2026;NEVZAT ECZA DEPOSU;NEVZAT ERZURUM;8,68E+12;ASYA ECZ.ERZURUM;ERZURUM GUNEY ILCELER;GRİPORT COLD;Griport Cold 20 Film Kaplı Tablet;6;1;7;505;
9.06.2026;ALLIANCE HEALTHCARE;AH SAMSUN;8,68E+12;CANSUYU ECZANESİ;TOKAT DOGU ILCELER;GRİPORT COLD;Griport Cold 20 Film Kaplı Tablet;6;1;7;505;
15.06.2026;SELÇUK ECZA DEPOSU;SELÇUK SAMSUN;8,68E+12;METİN ECZANESİ;SAMSUN DOGU ILCELER - 2;PANOCER;Panocer 40 mg 28 Enterik Kaplı Tablet;6;0;6;632;
5.06.2026;ALLIANCE HEALTHCARE;AH SAMSUN;8,68E+12;BESTE ECZANESİ;AMASYA MERKEZ -2;ACİDPASS;Acidpass 10/800/165 mg 12 Çiğneme Tablet;5;0;5;561;
21.06.2026;SELÇUK ECZA DEPOSU;SELÇUK SAMSUN;8,68E+12;ERMAN ECZANESİ;CORUM MERKEZ -1;ACİDPASS;Acidpass 10/800/165 mg 12 Çiğneme Tablet;5;0;5;561;
19.06.2026;NEVZAT ECZA DEPOSU;NEVZAT SAMSUN;8,68E+12;ÜNALDI ECZANESİ;CORUM MERKEZ -1;ACİDPASS;Acidpass 10/800/165 mg 12 Çiğneme Tablet;5;0;5;561;
1.06.2026;SELÇUK ECZA DEPOSU;SELÇUK ERZURUM;8,68E+12;KÜLTÜR ECZANESİ;ERZINCAN MERKEZ;ACİDPASS;Acidpass 10/800/165 mg 12 Çiğneme Tablet;5;0;5;561;
3.06.2026;NEVZAT ECZA DEPOSU;NEVZAT ERZURUM;8,68E+12;SAĞLAM ECZANESİ;ERZURUM MERKEZ -3;ACİDPASS;Acidpass 10/800/165 mg 12 Çiğneme Tablet;5;0;5;561;
5.06.2026;NEVZAT ECZA DEPOSU;NEVZAT ERZURUM;8,68E+12;ONUR ECZANESİ;ERZINCAN MERKEZ;ACİDPASS;Acidpass 10/800/165 mg 12 Çiğneme Tablet;5;0;5;561;
2.06.2026;SELÇUK ECZA DEPOSU;SELÇUK ERZURUM;8,68E+12;TEKMAN ECZANESİ;ERZURUM GUNEY ILCELER;ACİDPASS;Acidpass 10/800/165 mg 12 Çiğneme Tablet;5;0;5;561;
2.06.2026;ALLIANCE HEALTHCARE;AH ORDU;8,68E+12;DOMAÇ ECZANESİ;GIRESUN DOGU ILCELER -1;ACİDPASS;Acidpass 10/800/165 mg 12 Çiğneme Tablet;5;0;5;561;
15.06.2026;ALLIANCE HEALTHCARE;AH TRABZON;8,68E+12;KARADENİZ ECZANESİ;GUMUSHANE;ACİDPASS;Acidpass 10/800/165 mg 12 Çiğneme Tablet;5;0;5;561;
12.06.2026;ALLIANCE HEALTHCARE;AH ORDU;8,68E+12;ZAFER ECZANESİ;GIRESUN DOGU ILCELER -2;ACİDPASS;Acidpass 10/800/165 mg 12 Çiğneme Tablet;5;0;5;561;
2.06.2026;NEVZAT ECZA DEPOSU;NEVZAT TRABZON;8,68E+12;SAĞLIK ECZANESİ;ORDU DOGU ILCELER;ACİDPASS;Acidpass 10/800/165 mg 12 Çiğneme Tablet;5;0;5;561;
16.06.2026;ALLIANCE HEALTHCARE;AH ORDU;8,68E+12;CANSU DERE ECZANESİ;ORDU MERKEZ -1;ACİDPASS;Acidpass 10/800/165 mg 12 Çiğneme Tablet;5;0;5;561;
17.06.2026;NEVZAT ECZA DEPOSU;NEVZAT TRABZON;8,68E+12;ÖLÇEK ECZANESİ;ORDU FATSA;ACİDPASS;Acidpass 10/800/165 mg 12 Çiğneme Tablet;5;0;5;561;
15.06.2026;SELÇUK ECZA DEPOSU;SELÇUK TRABZON;8,68E+12;KAÇKAR ECZANESİ;RIZE DOGU ILCELER;ACİDPASS;Acidpass 10/800/165 mg 12 Çiğneme Tablet;5;0;5;561;
10.06.2026;ALLIANCE HEALTHCARE;AH SAMSUN;8,68E+12;OVALI ECZANESİ;SAMSUN DOGU ILCELER;ACİDPASS;Acidpass 10/800/165 mg 12 Çiğneme Tablet;5;0;5;561;
29.06.2026;ALLIANCE HEALTHCARE;AH SAMSUN;8,68E+12;ÇINAR ECZANESİ;SAMSUN BAFRA;ACİDPASS;Acidpass 10/800/165 mg 12 Çiğneme Tablet;5;0;5;561;
5.06.2026;ALLIANCE HEALTHCARE;AH SAMSUN;8,68E+12;YENİ AYVACIK ECZANESİ;SAMSUN DOGU ILCELER;ACİDPASS;Acidpass 10/800/165 mg 12 Çiğneme Tablet;5;0;5;561;
5.06.2026;SELÇUK ECZA DEPOSU;SELÇUK SAMSUN;8,68E+12;BULVAR ECZANESİ;SAMSUN BAFRA;ACİDPASS;Acidpass 10/800/165 mg 12 Çiğneme Tablet;5;0;5;561;
10.06.2026;SELÇUK ECZA DEPOSU;SELÇUK SAMSUN;8,68E+12;ALAÇAM ECZANESİ;SAMSUN ALACAM+YAKAKENT;ACİDPASS;Acidpass 10/800/165 mg 12 Çiğneme Tablet;5;0;5;561;
23.06.2026;ALLIANCE HEALTHCARE;AH SAMSUN;8,68E+12;CEDİT ECZANESİ;SAMSUN ILKADIM - 2;ACİDPASS;Acidpass 10/800/165 mg 12 Çiğneme Tablet;5;0;5;561;
10.06.2026;ALLIANCE HEALTHCARE;AH SAMSUN;8,68E+12;BARAN ECZANESİ;SAMSUN VEZIRKOPRU;ACİDPASS;Acidpass 10/800/165 mg 12 Çiğneme Tablet;5;0;5;561;
22.06.2026;ALLIANCE HEALTHCARE;AH SAMSUN;8,68E+12;BARAN ECZANESİ;SAMSUN VEZIRKOPRU;ACİDPASS;Acidpass 10/800/165 mg 12 Çiğneme Tablet;5;0;5;561;
19.06.2026;ALLIANCE HEALTHCARE;AH SAMSUN;8,68E+12;KİRAZLIK ECZANESİ;SAMSUN DOGU ILCELER;ACİDPASS;Acidpass 10/800/165 mg 12 Çiğneme Tablet;5;0;5;561;
24.06.2026;ALLIANCE HEALTHCARE;AH SAMSUN;8,68E+12;KİRAZLIK ECZANESİ;SAMSUN DOGU ILCELER;ACİDPASS;Acidpass 10/800/165 mg 12 Çiğneme Tablet;5;0;5;561;
8.06.2026;ALLIANCE HEALTHCARE;AH SAMSUN;8,68E+12;KİRAZLIK ECZANESİ;SAMSUN DOGU ILCELER;ACİDPASS;Acidpass 10/800/165 mg 12 Çiğneme Tablet;5;0;5;561;
2.06.2026;NEVZAT ECZA DEPOSU;NEVZAT SAMSUN;8,68E+12;KAMER ECZANESİ;SAMSUN BAHCELIEVLER;ACİDPASS;Acidpass 10/800/165 mg 12 Çiğneme Tablet;5;0;5;561;
22.06.2026;ALLIANCE HEALTHCARE;AH SAMSUN;8,68E+12;HALE ECZANESİ;SAMSUN HURRIYET+ZAFER;ACİDPASS;Acidpass 10/800/165 mg 12 Çiğneme Tablet;5;0;5;561;
6.06.2026;SELÇUK ECZA DEPOSU;SELÇUK SAMSUN;8,68E+12;SAYAR ECZANESİ;SAMSUN HURRIYET+ZAFER;ACİDPASS;Acidpass 10/800/165 mg 12 Çiğneme Tablet;5;0;5;561;
26.06.2026;NEVZAT ECZA DEPOSU;NEVZAT SAMSUN;8,68E+12;DİKBIYIK ECZANESİ;SAMSUN DOGU ILCELER - 2;ACİDPASS;Acidpass 10/800/165 mg 12 Çiğneme Tablet;5;0;5;561;
10.06.2026;ALLIANCE HEALTHCARE;AH SAMSUN;8,68E+12;SİTE ECZANESİ;SAMSUN RASATHANE;ACİDPASS;Acidpass 10/800/165 mg 12 Çiğneme Tablet;5;0;5;561;
8.06.2026;ALLIANCE HEALTHCARE;AH SAMSUN;8,68E+12;DRAMALI ECZANESİ;SINOP MERKEZ;ACİDPASS;Acidpass 10/800/165 mg 12 Çiğneme Tablet;5;0;5;561;
11.06.2026;ALLIANCE HEALTHCARE;AH SAMSUN;8,68E+12;DRAMALI ECZANESİ;SINOP MERKEZ;ACİDPASS;Acidpass 10/800/165 mg 12 Çiğneme Tablet;5;0;5;561;
29.06.2026;SELÇUK ECZA DEPOSU;SELÇUK SAMSUN;8,68E+12;ARIKAN ECZANESİ;SIVAS MERKEZ -2;ACİDPASS;Acidpass 10/800/165 mg 12 Çiğneme Tablet;5;0;5;561;
19.06.2026;NEVZAT ECZA DEPOSU;NEVZAT SAMSUN;8,68E+12;GÖKDERE ECZANESİ;TOKAT MERKEZ -1;ACİDPASS;Acidpass 10/800/165 mg 12 Çiğneme Tablet;5;0;5;561;
6.06.2026;ALLIANCE HEALTHCARE;AH TRABZON;8,68E+12;MERKEZ ECZANESİ;TRABZON DOGU ILCELER - 2;ACİDPASS;Acidpass 10/800/165 mg 12 Çiğneme Tablet;5;0;5;561;
2.06.2026;SELÇUK ECZA DEPOSU;SELÇUK SAMSUN;8,68E+12;BURHAN ECZANESİ;TOKAT MERKEZ -1;ACİDPASS;Acidpass 10/800/165 mg 12 Çiğneme Tablet;5;0;5;561;
22.06.2026;NEVZAT ECZA DEPOSU;NEVZAT SAMSUN;8,68E+12;ŞİFA ECZANESİ;TOKAT TURHAL;ACİDPASS;Acidpass 10/800/165 mg 12 Çiğneme Tablet;5;0;5;561;
1.06.2026;SELÇUK ECZA DEPOSU;SELÇUK SAMSUN;8,68E+12;BAKLACI ECZANESİ;TOKAT TURHAL;ACİDPASS;Acidpass 10/800/165 mg 12 Çiğneme Tablet;5;0;5;561;
29.06.2026;SELÇUK ECZA DEPOSU;SELÇUK SAMSUN;8,68E+12;SELVİ ECZANESİ;TOKAT DOGU ILCELER;ACİDPASS;Acidpass 10/800/165 mg 12 Çiğneme Tablet;5;0;5;561;
5.06.2026;SELÇUK ECZA DEPOSU;SELÇUK TRABZON;8,68E+12;YAZICI ECZANESİ;TRABZON MERKEZ -4;ACİDPASS;Acidpass 10/800/165 mg 12 Çiğneme Tablet;5;0;5;561;
5.06.2026;ALLIANCE HEALTHCARE;AH TRABZON;8,68E+12;OKAN ECZANESİ;TRABZON BATI ILCELER - 2;ACİDPASS;Acidpass 10/800/165 mg 12 Çiğneme Tablet;5;0;5;561;
8.06.2026;SELÇUK ECZA DEPOSU;SELÇUK TRABZON;8,68E+12;ERENLER ECZANESİ;TRABZON BATI ILCELER - 2;ACİDPASS;Acidpass 10/800/165 mg 12 Çiğneme Tablet;5;0;5;561;
1.06.2026;ALLIANCE HEALTHCARE;AH TRABZON;8,68E+12;KARADUMAN ECZANESİ;TRABZON MERKEZ -2;ACİDPASS;Acidpass 10/800/165 mg 12 Çiğneme Tablet;5;0;5;561;
1.06.2026;SELÇUK ECZA DEPOSU;SELÇUK TRABZON;8,68E+12;YALINCAK ECZANESİ;TRABZON MERKEZ -3;ACİDPASS;Acidpass 10/800/165 mg 12 Çiğneme Tablet;5;0;5;561;
1.06.2026;ALLIANCE HEALTHCARE;AH TRABZON;8,68E+12;HAYAT ECZANESİ;TRABZON DOGU ILCELER -1;ACİDPASS;Acidpass 10/800/165 mg 12 Çiğneme Tablet;5;0;5;561;
26.06.2026;SELÇUK ECZA DEPOSU;SELÇUK ERZURUM;8,68E+12;CAN ECZANESİ;KARS ILCELER;ACİDPASS;Acidpass 10/800/165 mg 12 Çiğneme Tablet;5;0;5;561;
5.06.2026;NEVZAT ECZA DEPOSU;NEVZAT TRABZON;8,68E+12;ÖZGÜR ECZANESİ;TRABZON MERKEZ -1;ACİDPASS;Acidpass 10/800/165 mg 12 Çiğneme Tablet;5;0;5;561;
23.06.2026;ALLIANCE HEALTHCARE;AH TRABZON;8,68E+12;NUR ECZANESİ;TRABZON MERKEZ -4;ACİDPASS;Acidpass 10/800/165 mg 12 Çiğneme Tablet;5;0;5;561;
22.06.2026;SELÇUK ECZA DEPOSU;SELÇUK SAMSUN;8,68E+12;ŞİFA ECZANESİ;CORUM KUZEY ILCELER;ACİDPASS;Acidpass 10/800/165 mg 12 Çiğneme Tablet;5;0;5;561;
13.06.2026;ALLIANCE HEALTHCARE;AH SAMSUN;8,68E+12;ŞEHİR ECZANESİ;SAMSUN ATAKUM;ACİDPASS;Acidpass 10/800/165 mg 12 Çiğneme Tablet;5;0;5;561;
22.06.2026;SELÇUK ECZA DEPOSU;SELÇUK SAMSUN;8,68E+12;ELİF ECZANESİ;TOKAT MERKEZ -1;ACİDPASS;Acidpass 10/800/165 mg 12 Çiğneme Tablet;5;0;5;561;
3.06.2026;SELÇUK ECZA DEPOSU;SELÇUK SAMSUN;8,68E+12;NEFES ECZANESİ;TOKAT MERKEZ -2;ACİDPASS;Acidpass 10/800/165 mg 12 Çiğneme Tablet;5;0;5;561;
26.06.2026;NEVZAT ECZA DEPOSU;NEVZAT SAMSUN;8,68E+12;ÇATALARMUT ECZANESİ;SAMSUN ILKADIM - 2;ACİDPASS;Acidpass 10/800/165 mg 12 Çiğneme Tablet;5;0;5;561;
24.06.2026;SELÇUK ECZA DEPOSU;SELÇUK SAMSUN;8,68E+12;BAĞDAT ECZANESİ;SIVAS MERKEZ -4;ACİDPASS;Acidpass 10/800/165 mg 12 Çiğneme Tablet;5;0;5;561;
1.06.2026;ALLIANCE HEALTHCARE;AH SAMSUN;8,68E+12;DİLA ECZANESİ;SAMSUN BAHCELIEVLER;ACİDPASS;Acidpass 10/800/165 mg 12 Çiğneme Tablet;5;0;5;561;
8.06.2026;SELÇUK ECZA DEPOSU;SELÇUK SAMSUN;8,68E+12;ELİF ECZANESİ;ORDU FATSA;ACİDPASS;Acidpass 10/800/165 mg 12 Çiğneme Tablet;5;0;5;561;
1.06.2026;ALLIANCE HEALTHCARE;AH SAMSUN;8,68E+12;YENİ LİSE ECZANESİ;SAMSUN HURRIYET+ZAFER;ACİDPASS;Acidpass 10/800/165 mg 12 Çiğneme Tablet;5;0;5;561;
17.06.2026;SELÇUK ECZA DEPOSU;SELÇUK ERZURUM;8,68E+12;EBRAR ECZANESİ;ERZURUM KUZEY ILCELER;ACİDPASS;Acidpass 10/800/165 mg 12 Çiğneme Tablet;5;0;5;561;
10.06.2026;ALLIANCE HEALTHCARE;AH TRABZON;8,68E+12;BİLGE ECZANESİ;TRABZON DOGU ILCELER -1;ACİDPASS;Acidpass 10/800/165 mg 12 Çiğneme Tablet;5;0;5;561;
1.06.2026;ALLIANCE HEALTHCARE;AH ORDU;8,68E+12;YENİ MEDRESEÖNÜ ECZANESİ;ORDU DOGU ILCELER;ACİDPASS;Acidpass 10/800/165 mg 12 Çiğneme Tablet;5;0;5;561;
11.06.2026;ALLIANCE HEALTHCARE;AH TRABZON;8,68E+12;AKOLUK ECZANESİ;TRABZON MERKEZ -3;ACİDPASS;Acidpass 10/800/165 mg 12 Çiğneme Tablet;5;0;5;561;
29.06.2026;SELÇUK ECZA DEPOSU;SELÇUK SAMSUN;8,68E+12;MEHMET AKİF ECZANESİ;SIVAS MERKEZ -2;ACİDPASS;Acidpass 10/800/165 mg 12 Çiğneme Tablet;5;0;5;561;
8.06.2026;ALLIANCE HEALTHCARE;AH SAMSUN;8,68E+12;YENİ HAVZA ECZANESİ;SAMSUN HAVZA+KAVAK+LADIK;ACİDPASS;Acidpass 10/800/165 mg 12 Çiğneme Tablet;5;0;5;561;
23.06.2026;SELÇUK ECZA DEPOSU;SELÇUK SAMSUN;8,68E+12;ŞEYHOĞLU ECZANESİ;ORDU MERKEZ -3;ACİDPASS;Acidpass 10/800/165 mg 12 Çiğneme Tablet;5;0;5;561;
8.06.2026;SELÇUK ECZA DEPOSU;SELÇUK ERZURUM;8,68E+12;YENI HALK ECAZANESİ;AGRI DIYADIN+D.BEYAZIT;ACİDPASS;Acidpass 10/800/165 mg 12 Çiğneme Tablet;5;0;5;561;
30.06.2026;SELÇUK ECZA DEPOSU;SELÇUK SAMSUN;8,68E+12;LOKMAN DENIZ ECZANESI ATAKUM;SAMSUN ATAKENT+19 MAYIS;ACİDPASS;Acidpass 10/800/165 mg 12 Çiğneme Tablet;5;0;5;561;
6.06.2026;SELÇUK ECZA DEPOSU;SELÇUK ERZURUM;8,68E+12;ÇAMLICA ECZANESİ;ERZURUM KUZEY ILCELER;ACİDPASS;Acidpass 10/800/165 mg 6 Çiğneme Tablet;5;0;5;344;
11.06.2026;SELÇUK ECZA DEPOSU;SELÇUK TRABZON;8,68E+12;BİLSEL ECZANESİ;RIZE MERKEZ;ACİDPASS;Acidpass 10/800/165 mg 6 Çiğneme Tablet;5;0;5;344;
17.06.2026;SELÇUK ECZA DEPOSU;SELÇUK SAMSUN;8,68E+12;BEGÜM ECZANESİ;SAMSUN ATAKUM;ACİDPASS;Acidpass 10/800/165 mg 6 Çiğneme Tablet;5;0;5;344;
5.06.2026;SELÇUK ECZA DEPOSU;SELÇUK SAMSUN;8,68E+12;BULVAR ECZANESİ;SAMSUN BAFRA;ACİDPASS;Acidpass 10/800/165 mg 6 Çiğneme Tablet;5;0;5;344;
10.06.2026;ALLIANCE HEALTHCARE;AH SAMSUN;8,68E+12;BARAN ECZANESİ;SAMSUN VEZIRKOPRU;ACİDPASS;Acidpass 10/800/165 mg 6 Çiğneme Tablet;5;0;5;344;
11.06.2026;NEVZAT ECZA DEPOSU;NEVZAT SAMSUN;8,68E+12;BAFRA ECZANESİ;SAMSUN BAFRA;ACİDPASS;Acidpass 10/800/165 mg 6 Çiğneme Tablet;5;0;5;344;
19.06.2026;NEVZAT ECZA DEPOSU;NEVZAT SAMSUN;8,68E+12;ERGİN ECZANESİ;TOKAT MERKEZ -1;ACİDPASS;Acidpass 10/800/165 mg 6 Çiğneme Tablet;5;0;5;344;
23.06.2026;ALLIANCE HEALTHCARE;AH SAMSUN;8,68E+12;SABUNCU ECZANESİ;SAMSUN TERME;ACİDPASS;Acidpass 10/800/165 mg 6 Çiğneme Tablet;5;0;5;344;
23.06.2026;ALLIANCE HEALTHCARE;AH TRABZON;8,68E+12;AĞASAR ECZANESİ;TRABZON MERKEZ -1;ACİDPASS;Acidpass 10/800/165 mg 6 Çiğneme Tablet;5;0;5;344;
8.06.2026;SELÇUK ECZA DEPOSU;SELÇUK ERZURUM;8,68E+12;ENBİYA ECZANESİ;KARS MERKEZ;ACİDPASS;Acidpass 10/800/165 mg 6 Çiğneme Tablet;5;0;5;344;
26.06.2026;SELÇUK ECZA DEPOSU;SELÇUK TRABZON;8,68E+12;DOSMA ECZANESİ;RIZE MERKEZ;ACİDPASS;Acidpass 10/800/165 mg 6 Çiğneme Tablet;5;0;5;344;
23.06.2026;ALLIANCE HEALTHCARE;AH SAMSUN;8,68E+12;KOÇAK ECZANESİ;AMASYA MERZIFON;GRİPORT COLD;Griport Cold 20 Film Kaplı Tablet;5;0;5;421;
16.06.2026;NEVZAT ECZA DEPOSU;NEVZAT SAMSUN;8,68E+12;DERMAN ECZANESİ;SAMSUN DOGU ILCELER - 2;GRİPORT COLD;Griport Cold 20 Film Kaplı Tablet;5;0;5;421;
29.06.2026;SELÇUK ECZA DEPOSU;SELÇUK SAMSUN;8,68E+12;BAHAR ECZANESİ;SIVAS MERKEZ -4;GRİPORT COLD;Griport Cold 20 Film Kaplı Tablet;5;0;5;421;
24.06.2026;SELÇUK ECZA DEPOSU;SELÇUK SAMSUN;8,68E+12;BAĞDAT ECZANESİ;SIVAS MERKEZ -4;GRİPORT COLD;Griport Cold 20 Film Kaplı Tablet;5;0;5;421;
24.06.2026;SELÇUK ECZA DEPOSU;SELÇUK SAMSUN;8,68E+12;BAĞDAT ECZANESİ;SIVAS MERKEZ -4;GRİPORT COLD;Griport Cold 20 Film Kaplı Tablet;5;0;5;421;
24.06.2026;SELÇUK ECZA DEPOSU;SELÇUK SAMSUN;8,68E+12;BAĞDAT ECZANESİ;SIVAS MERKEZ -4;GRİPORT COLD;Griport Cold 20 Film Kaplı Tablet;5;0;5;421;
29.06.2026;NEVZAT ECZA DEPOSU;NEVZAT ERZURUM;8,68E+12;DEVA ECZANESİ;AGRI ILCELER;MOKSEFEN;Moksefen 400 mg 7 Film Tablet;5;1;6;745;
3.06.2026;ALLIANCE HEALTHCARE;AH SAMSUN;8,68E+12;ÖMÜR ECZANESİ;AMASYA ILCELER;MOKSEFEN;Moksefen 400 mg 7 Film Tablet;5;1;6;745;
8.06.2026;NEVZAT ECZA DEPOSU;NEVZAT SAMSUN;8,68E+12;ÖMÜR ECZANESİ;AMASYA ILCELER;MOKSEFEN;Moksefen 400 mg 7 Film Tablet;5;1;6;745;
18.06.2026;SELÇUK ECZA DEPOSU;SELÇUK SAMSUN;8,68E+12;ÖMÜR ECZANESİ;AMASYA ILCELER;MOKSEFEN;Moksefen 400 mg 7 Film Tablet;5;1;6;745;
4.06.2026;ALLIANCE HEALTHCARE;AH SAMSUN;8,68E+12;DEMET ECZANESİ;AMASYA MERKEZ -1;MOKSEFEN;Moksefen 400 mg 7 Film Tablet;5;1;6;745;
15.06.2026;ALLIANCE HEALTHCARE;AH TRABZON;8,68E+12;ÖZIŞIK ECZANESİ;ARTVIN MERKEZ+DOGU+GUNEY;MOKSEFEN;Moksefen 400 mg 7 Film Tablet;5;1;6;745;
19.06.2026;NEVZAT ECZA DEPOSU;NEVZAT SAMSUN;8,68E+12;SEVDA ECZANESİ;CORUM MERKEZ -2;MOKSEFEN;Moksefen 400 mg 7 Film Tablet;5;1;6;745;
16.06.2026;SELÇUK ECZA DEPOSU;SELÇUK SAMSUN;8,68E+12;ELİF ECZANESİ;CORUM MERKEZ -1;MOKSEFEN;Moksefen 400 mg 7 Film Tablet;5;1;6;745;
26.06.2026;SELÇUK ECZA DEPOSU;SELÇUK SAMSUN;8,68E+12;VOLKAN ECZANESİ;CORUM MERKEZ -3;MOKSEFEN;Moksefen 400 mg 7 Film Tablet;5;1;6;745;
19.06.2026;SELÇUK ECZA DEPOSU;SELÇUK SAMSUN;8,68E+12;KOÇAK ECZANESİ;CORUM MERKEZ -2;MOKSEFEN;Moksefen 400 mg 7 Film Tablet;5;1;6;745;
16.06.2026;NEVZAT ECZA DEPOSU;NEVZAT SAMSUN;8,68E+12;GAZİ ECZANESİ;CORUM MERKEZ -1;MOKSEFEN;Moksefen 400 mg 7 Film Tablet;5;1;6;745;
5.06.2026;ALLIANCE HEALTHCARE;AH SAMSUN;8,68E+12;ALBAYRAK ECZANESİ;CORUM MERKEZ -1;MOKSEFEN;Moksefen 400 mg 7 Film Tablet;5;1;6;745;
23.06.2026;ALLIANCE HEALTHCARE;AH SAMSUN;8,68E+12;SEVİNÇ ECZANESİ;CORUM MERKEZ -2;MOKSEFEN;Moksefen 400 mg 7 Film Tablet;5;1;6;745;
22.06.2026;SELÇUK ECZA DEPOSU;SELÇUK SAMSUN;8,68E+12;SONER ECZANESİ;CORUM MERKEZ -2;MOKSEFEN;Moksefen 400 mg 7 Film Tablet;5;1;6;745;
3.06.2026;ALLIANCE HEALTHCARE;AH SAMSUN;8,68E+12;SONER ECZANESİ;CORUM MERKEZ -2;MOKSEFEN;Moksefen 400 mg 7 Film Tablet;5;1;6;745;
5.06.2026;NEVZAT ECZA DEPOSU;NEVZAT ERZURUM;8,68E+12;AĞIRMAN ECZANESİ;ERZURUM MERKEZ -3;MOKSEFEN;Moksefen 400 mg 7 Film Tablet;5;1;6;745;
9.06.2026;SELÇUK ECZA DEPOSU;SELÇUK ERZURUM;8,68E+12;ÇAYKARA ECZANESİ;ERZURUM MERKEZ -1;MOKSEFEN;Moksefen 400 mg 7 Film Tablet;5;1;6;745;
7.06.2026;SELÇUK ECZA DEPOSU;SELÇUK ERZURUM;8,68E+12;POLAT ECZANESİ;ERZURUM MERKEZ -2;MOKSEFEN;Moksefen 400 mg 7 Film Tablet;5;1;6;745;
25.06.2026;ALLIANCE HEALTHCARE;AH ORDU;8,68E+12;GÜLŞAH ECZANESİ;GIRESUN DOGU ILCELER -1;MOKSEFEN;Moksefen 400 mg 7 Film Tablet;5;1;6;745;
5.06.2026;ALLIANCE HEALTHCARE;AH ORDU;8,68E+12;KESKİN ECZANESİ;GIRESUN DOGU ILCELER -1;MOKSEFEN;Moksefen 400 mg 7 Film Tablet;5;1;6;745;
5.06.2026;SELÇUK ECZA DEPOSU;SELÇUK TRABZON;8,68E+12;DERELİ ECZANESİ;GIRESUN GUNEY ILCELER;MOKSEFEN;Moksefen 400 mg 7 Film Tablet;5;1;6;745;
18.06.2026;SELÇUK ECZA DEPOSU;SELÇUK TRABZON;8,68E+12;NİSAN ECZANESİ;GIRESUN GUNEY ILCELER;MOKSEFEN;Moksefen 400 mg 7 Film Tablet;5;1;6;745;
4.06.2026;SELÇUK ECZA DEPOSU;SELÇUK TRABZON;8,68E+12;GİRİFTİNOĞLU ECZANESİ;GUMUSHANE;MOKSEFEN;Moksefen 400 mg 7 Film Tablet;5;1;6;745;
18.06.2026;SELÇUK ECZA DEPOSU;SELÇUK TRABZON;8,68E+12;EBRU ECZANESİ;GIRESUN MERKEZ -2;MOKSEFEN;Moksefen 400 mg 7 Film Tablet;5;1;6;745;
2.06.2026;SELÇUK ECZA DEPOSU;SELÇUK TRABZON;8,68E+12;DENİZ ECZANESİ;GIRESUN DOGU ILCELER -2;MOKSEFEN;Moksefen 400 mg 7 Film Tablet;5;1;6;745;
30.06.2026;ALLIANCE HEALTHCARE;AH ORDU;8,68E+12;SOKAKBAŞI ECZANESİ;GIRESUN MERKEZ -1;MOKSEFEN;Moksefen 400 mg 7 Film Tablet;5;1;6;745;
9.06.2026;SELÇUK ECZA DEPOSU;SELÇUK TRABZON;8,68E+12;DENİZ ECZANESİ;GIRESUN BULANCAK+PIRAZIZ;MOKSEFEN;Moksefen 400 mg 7 Film Tablet;5;1;6;745;
23.06.2026;NEVZAT ECZA DEPOSU;NEVZAT TRABZON;8,68E+12;ÇAĞRI ECZANESİ;GIRESUN MERKEZ -2;MOKSEFEN;Moksefen 400 mg 7 Film Tablet;5;1;6;745;
17.06.2026;NEVZAT ECZA DEPOSU;NEVZAT TRABZON;8,68E+12;BULANCAK ECZANESİ;GIRESUN BULANCAK+PIRAZIZ;MOKSEFEN;Moksefen 400 mg 7 Film Tablet;5;1;6;745;
19.06.2026;SELÇUK ECZA DEPOSU;SELÇUK SAMSUN;8,68E+12;SU ECZANESİ;ORDU GUNEY ILCELER -1;MOKSEFEN;Moksefen 400 mg 7 Film Tablet;5;1;6;745;
8.06.2026;NEVZAT ECZA DEPOSU;NEVZAT TRABZON;8,68E+12;ÇAMAŞ ECZANESİ;ORDU GUNEY ILCELER -1;MOKSEFEN;Moksefen 400 mg 7 Film Tablet;5;1;6;745;
4.06.2026;ALLIANCE HEALTHCARE;AH ORDU;8,68E+12;GÜNAYDIN ECZANESİ;ORDU MERKEZ -3;MOKSEFEN;Moksefen 400 mg 7 Film Tablet;5;1;6;745;
11.06.2026;ALLIANCE HEALTHCARE;AH ORDU;8,68E+12;HALK ECZANESİ;ORDU BATI ILCELER;MOKSEFEN;Moksefen 400 mg 7 Film Tablet;5;1;6;745;
22.06.2026;ALLIANCE HEALTHCARE;AH ORDU;8,68E+12;HALK ECZANESİ;ORDU BATI ILCELER;MOKSEFEN;Moksefen 400 mg 7 Film Tablet;5;1;6;745;
12.06.2026;ALLIANCE HEALTHCARE;AH ORDU;8,68E+12;ŞAHİN ECZANESİ;ORDU DOGU ILCELER;MOKSEFEN;Moksefen 400 mg 7 Film Tablet;5;1;6;745;
26.06.2026;NEVZAT ECZA DEPOSU;NEVZAT TRABZON;8,68E+12;CANTÜRK ECZANESİ;ORDU BATI ILCELER;MOKSEFEN;Moksefen 400 mg 7 Film Tablet;5;1;6;745;
30.06.2026;SELÇUK ECZA DEPOSU;SELÇUK SAMSUN;8,68E+12;DOLUNAY ECZANESİ;ORDU GUNEY ILCELER -1;MOKSEFEN;Moksefen 400 mg 7 Film Tablet;5;1;6;745;
10.06.2026;ALLIANCE HEALTHCARE;AH TRABZON;8,68E+12;SAĞLIK ECZANESİ;RIZE DOGU ILCELER;MOKSEFEN;Moksefen 400 mg 7 Film Tablet;5;1;6;745;
9.06.2026;SELÇUK ECZA DEPOSU;SELÇUK TRABZON;8,68E+12;YAŞA ECZANESİ;RIZE DOGU ILCELER;MOKSEFEN;Moksefen 400 mg 7 Film Tablet;5;1;6;745;
9.06.2026;SELÇUK ECZA DEPOSU;SELÇUK TRABZON;8,68E+12;İYİDERE ECZANESİ;RIZE BATI ILCELER;MOKSEFEN;Moksefen 400 mg 7 Film Tablet;5;1;6;745;
26.06.2026;SELÇUK ECZA DEPOSU;SELÇUK TRABZON;8,68E+12;ÖZTÜRK ECZANESİ;RIZE BATI ILCELER;MOKSEFEN;Moksefen 400 mg 7 Film Tablet;5;1;6;745;
8.06.2026;SELÇUK ECZA DEPOSU;SELÇUK TRABZON;8,68E+12;BİLSEL ECZANESİ;RIZE MERKEZ;MOKSEFEN;Moksefen 400 mg 7 Film Tablet;5;1;6;745;
1.06.2026;ALLIANCE HEALTHCARE;AH TRABZON;8,68E+12;ÇAMLIBEL ECZANESİ;RIZE MERKEZ;MOKSEFEN;Moksefen 400 mg 7 Film Tablet;5;1;6;745;
17.06.2026;ALLIANCE HEALTHCARE;AH TRABZON;8,68E+12;ÇAMLIBEL ECZANESİ;RIZE MERKEZ;MOKSEFEN;Moksefen 400 mg 7 Film Tablet;5;1;6;745;
12.06.2026;NEVZAT ECZA DEPOSU;NEVZAT SAMSUN;8,68E+12;UYSAL ECZANESİ;SAMSUN RASATHANE;MOKSEFEN;Moksefen 400 mg 7 Film Tablet;5;1;6;745;
29.06.2026;ALLIANCE HEALTHCARE;AH SAMSUN;8,68E+12;OVALI ECZANESİ;SAMSUN DOGU ILCELER;MOKSEFEN;Moksefen 400 mg 7 Film Tablet;5;1;6;745;
26.06.2026;SELÇUK ECZA DEPOSU;SELÇUK SAMSUN;8,68E+12;AKSOY ECZANESİ;SAMSUN ADALET;MOKSEFEN;Moksefen 400 mg 7 Film Tablet;5;1;6;745;
2.06.2026;NEVZAT ECZA DEPOSU;NEVZAT SAMSUN;8,68E+12;BEGÜM ECZANESİ;SAMSUN ATAKUM;MOKSEFEN;Moksefen 400 mg 7 Film Tablet;5;1;6;745;
4.06.2026;NEVZAT ECZA DEPOSU;NEVZAT SAMSUN;8,68E+12;FATİH ECZANESİ;SAMSUN VEZIRKOPRU;MOKSEFEN;Moksefen 400 mg 7 Film Tablet;5;1;6;745;
2.06.2026;ALLIANCE HEALTHCARE;AH SAMSUN;8,68E+12;YENİ AYVACIK ECZANESİ;SAMSUN DOGU ILCELER;MOKSEFEN;Moksefen 400 mg 7 Film Tablet;5;1;6;745;
4.06.2026;NEVZAT ECZA DEPOSU;NEVZAT SAMSUN;8,68E+12;SÖĞÜTLÜ ECZANESİ;SAMSUN TERME;MOKSEFEN;Moksefen 400 mg 7 Film Tablet;5;1;6;745;
2.06.2026;ALLIANCE HEALTHCARE;AH SAMSUN;8,68E+12;HANDE ECZANESİ;SAMSUN ILKADIM - 2;MOKSEFEN;Moksefen 400 mg 7 Film Tablet;5;1;6;745;
1.06.2026;ALLIANCE HEALTHCARE;AH SAMSUN;8,68E+12;BULVAR ECZANESİ;SAMSUN BAFRA;MOKSEFEN;Moksefen 400 mg 7 Film Tablet;5;1;6;745;
2.06.2026;SELÇUK ECZA DEPOSU;SELÇUK SAMSUN;8,68E+12;ŞİFA ECZANESİ;SIVAS GUNEY ILCELER;MOKSEFEN;Moksefen 400 mg 7 Film Tablet;5;1;6;745;
14.06.2026;SELÇUK ECZA DEPOSU;SELÇUK SAMSUN;8,68E+12;FAZİLET ECZANESİ;SAMSUN DOGU ILCELER;MOKSEFEN;Moksefen 400 mg 7 Film Tablet;5;1;6;745;
3.06.2026;ALLIANCE HEALTHCARE;AH SAMSUN;8,68E+12;BARAN ECZANESİ;SAMSUN VEZIRKOPRU;MOKSEFEN;Moksefen 400 mg 7 Film Tablet;5;1;6;745;
22.06.2026;ALLIANCE HEALTHCARE;AH SAMSUN;8,68E+12;BARAN ECZANESİ;SAMSUN VEZIRKOPRU;MOKSEFEN;Moksefen 400 mg 7 Film Tablet;5;1;6;745;
8.06.2026;NEVZAT ECZA DEPOSU;NEVZAT SAMSUN;8,68E+12;ÇINAR ECZANESİ;SAMSUN ADALET;MOKSEFEN;Moksefen 400 mg 7 Film Tablet;5;1;6;745;
6.06.2026;ALLIANCE HEALTHCARE;AH SAMSUN;8,68E+12;KETENCİ ECZANESİ;SAMSUN ILKADIM - 2;MOKSEFEN;Moksefen 400 mg 7 Film Tablet;5;1;6;745;
11.06.2026;NEVZAT ECZA DEPOSU;NEVZAT SAMSUN;8,68E+12;MARİNA ECZANESİ;SAMSUN ATAKENT+19 MAYIS;MOKSEFEN;Moksefen 400 mg 7 Film Tablet;5;1;6;745;
15.06.2026;ALLIANCE HEALTHCARE;AH SAMSUN;8,68E+12;DİLMAÇ ECZANESİ;SAMSUN ILKADIM - 2;MOKSEFEN;Moksefen 400 mg 7 Film Tablet;5;1;6;745;
26.06.2026;SELÇUK ECZA DEPOSU;SELÇUK SAMSUN;8,68E+12;KIRANKÖY ECZANESİ;SAMSUN RASATHANE;MOKSEFEN;Moksefen 400 mg 7 Film Tablet;5;1;6;745;
18.06.2026;ALLIANCE HEALTHCARE;AH SAMSUN;8,68E+12;YILMAZ ECZANESİ;SAMSUN HAVZA+KAVAK+LADIK;MOKSEFEN;Moksefen 400 mg 7 Film Tablet;5;1;6;745;
9.06.2026;SELÇUK ECZA DEPOSU;SELÇUK SAMSUN;8,68E+12;ŞİFA ECZANESİ;SIVAS GUNEY ILCELER;MOKSEFEN;Moksefen 400 mg 7 Film Tablet;5;1;6;745;
24.06.2026;SELÇUK ECZA DEPOSU;SELÇUK SAMSUN;8,68E+12;CAN ECZANESİ;SIVAS BATI ILCELER;MOKSEFEN;Moksefen 400 mg 7 Film Tablet;5;1;6;745;
3.06.2026;SELÇUK ECZA DEPOSU;SELÇUK SAMSUN;8,68E+12;ŞİFA ECZANESİ;SIVAS GUNEY ILCELER;MOKSEFEN;Moksefen 400 mg 7 Film Tablet;5;1;6;745;
27.06.2026;ALLIANCE HEALTHCARE;AH SAMSUN;8,68E+12;ÇEVRE ECZANESİ;SAMSUN HURRIYET+ZAFER;MOKSEFEN;Moksefen 400 mg 7 Film Tablet;5;1;6;745;
18.06.2026;NEVZAT ECZA DEPOSU;NEVZAT SAMSUN;8,68E+12;ONUR ECZANESİ;SAMSUN HAVZA+KAVAK+LADIK;MOKSEFEN;Moksefen 400 mg 7 Film Tablet;5;1;6;745;
1.06.2026;NEVZAT ECZA DEPOSU;NEVZAT SAMSUN;8,68E+12;YAVUZ ECZANESİ;SINOP DOGU-BATI ILCELER;MOKSEFEN;Moksefen 400 mg 7 Film Tablet;5;1;6;745;
3.06.2026;SELÇUK ECZA DEPOSU;SELÇUK SAMSUN;8,68E+12;BAYGÜNEŞ ECZANESİ;SIVAS MERKEZ -4;MOKSEFEN;Moksefen 400 mg 7 Film Tablet;5;1;6;745;
4.06.2026;NEVZAT ECZA DEPOSU;NEVZAT SAMSUN;8,68E+12;DEMET ECZANESİ;SIVAS MERKEZ -4;MOKSEFEN;Moksefen 400 mg 7 Film Tablet;5;1;6;745;
30.06.2026;SELÇUK ECZA DEPOSU;SELÇUK SAMSUN;8,68E+12;KARADAYI ECZANESİ;SIVAS MERKEZ -3;MOKSEFEN;Moksefen 400 mg 7 Film Tablet;5;1;6;745;
25.06.2026;ALLIANCE HEALTHCARE;AH SAMSUN;8,68E+12;SAĞLIK ECZANESİ;TOKAT ERBAA;MOKSEFEN;Moksefen 400 mg 7 Film Tablet;5;1;6;745;
17.06.2026;SELÇUK ECZA DEPOSU;SELÇUK TRABZON;8,68E+12;DİLEK ECZANESİ;TRABZON MERKEZ -1;MOKSEFEN;Moksefen 400 mg 7 Film Tablet;5;1;6;745;
18.06.2026;ALLIANCE HEALTHCARE;AH TRABZON;8,68E+12;MERKEZ ECZANESİ;TRABZON DOGU ILCELER - 2;MOKSEFEN;Moksefen 400 mg 7 Film Tablet;5;1;6;745;
23.06.2026;SELÇUK ECZA DEPOSU;SELÇUK SAMSUN;8,68E+12;TEKELİ ECZANESİ;TOKAT TURHAL;MOKSEFEN;Moksefen 400 mg 7 Film Tablet;5;1;6;745;
19.06.2026;NEVZAT ECZA DEPOSU;NEVZAT SAMSUN;8,68E+12;EMAY ECZANESİ;TOKAT MERKEZ -1;MOKSEFEN;Moksefen 400 mg 7 Film Tablet;5;1;6;745;
11.06.2026;NEVZAT ECZA DEPOSU;NEVZAT TRABZON;8,68E+12;ÇAĞLAR ECZANESİ;TRABZON MERKEZ -3;MOKSEFEN;Moksefen 400 mg 7 Film Tablet;5;1;6;745;
30.06.2026;SELÇUK ECZA DEPOSU;SELÇUK TRABZON;8,68E+12;ÇÖMLEKÇİ ECZANESİ;TRABZON MERKEZ -4;MOKSEFEN;Moksefen 400 mg 7 Film Tablet;5;1;6;745;
8.06.2026;NEVZAT ECZA DEPOSU;NEVZAT TRABZON;8,68E+12;ZÜMRÜT ECZANESİ;TRABZON MERKEZ -3;MOKSEFEN;Moksefen 400 mg 7 Film Tablet;5;1;6;745;
6.06.2026;ALLIANCE HEALTHCARE;AH TRABZON;8,68E+12;SAĞLAM ECZANESİ;TRABZON MERKEZ -1;MOKSEFEN;Moksefen 400 mg 7 Film Tablet;5;1;6;745;
15.06.2026;SELÇUK ECZA DEPOSU;SELÇUK TRABZON;8,68E+12;NURAN ECZANESİ;TRABZON MERKEZ -4;MOKSEFEN;Moksefen 400 mg 7 Film Tablet;5;1;6;745;
23.06.2026;ALLIANCE HEALTHCARE;AH TRABZON;8,68E+12;İLKNUR ECZANESİ;TRABZON MERKEZ -3;MOKSEFEN;Moksefen 400 mg 7 Film Tablet;5;1;6;745;
1.06.2026;ALLIANCE HEALTHCARE;AH SAMSUN;8,68E+12;GÖKMAN ECZANESİ;AMASYA MERKEZ -2;MOKSEFEN;Moksefen 400 mg 7 Film Tablet;5;1;6;745;
25.06.2026;ALLIANCE HEALTHCARE;AH SAMSUN;8,68E+12;UYSAL ECZANESİ;CORUM MERKEZ -3;MOKSEFEN;Moksefen 400 mg 7 Film Tablet;5;1;6;745;
8.06.2026;NEVZAT ECZA DEPOSU;NEVZAT SAMSUN;8,68E+12;GÖZDE ECZANESİ;CORUM KUZEY ILCELER;MOKSEFEN;Moksefen 400 mg 7 Film Tablet;5;1;6;745;
1.06.2026;ALLIANCE HEALTHCARE;AH ORDU;8,68E+12;ÖMÜR ECZANESİ;GIRESUN MERKEZ -2;MOKSEFEN;Moksefen 400 mg 7 Film Tablet;5;1;6;745;
25.06.2026;ALLIANCE HEALTHCARE;AH TRABZON;8,68E+12;BÜYÜK ECZANESİ;RIZE DOGU ILCELER;MOKSEFEN;Moksefen 400 mg 7 Film Tablet;5;1;6;745;
11.06.2026;SELÇUK ECZA DEPOSU;SELÇUK TRABZON;8,68E+12;ÜSKÜT ECZANESİ;RIZE BATI ILCELER;MOKSEFEN;Moksefen 400 mg 7 Film Tablet;5;1;6;745;
19.06.2026;ALLIANCE HEALTHCARE;AH ORDU;8,68E+12;ZEYNEP ECZANESİ;ORDU MERKEZ -3;MOKSEFEN;Moksefen 400 mg 7 Film Tablet;5;1;6;745;
1.06.2026;ALLIANCE HEALTHCARE;AH SAMSUN;8,68E+12;PINAR ECZANESİ;SAMSUN ATAKUM;MOKSEFEN;Moksefen 400 mg 7 Film Tablet;5;1;6;745;
16.06.2026;NEVZAT ECZA DEPOSU;NEVZAT SAMSUN;8,68E+12;ALPER ECZANESİ;SAMSUN DOGU ILCELER;MOKSEFEN;Moksefen 400 mg 7 Film Tablet;5;1;6;745;
7.06.2026;ALLIANCE HEALTHCARE;AH TRABZON;8,68E+12;MERKEZ ECZANESİ;TRABZON AKCAABAT;MOKSEFEN;Moksefen 400 mg 7 Film Tablet;5;1;6;745;
12.06.2026;SELÇUK ECZA DEPOSU;SELÇUK TRABZON;8,68E+12;HİLAL ECZANESİ;TRABZON DOGU ILCELER - 2;MOKSEFEN;Moksefen 400 mg 7 Film Tablet;5;1;6;745;
29.06.2026;SELÇUK ECZA DEPOSU;SELÇUK TRABZON;8,68E+12;PELİN ECZANESİ;TRABZON MERKEZ -1;MOKSEFEN;Moksefen 400 mg 7 Film Tablet;5;1;6;745;
3.06.2026;NEVZAT ECZA DEPOSU;NEVZAT TRABZON;8,68E+12;ALİBEYOĞLU ECZANESİ;TRABZON MERKEZ -3;MOKSEFEN;Moksefen 400 mg 7 Film Tablet;5;1;6;745;
1.06.2026;SELÇUK ECZA DEPOSU;SELÇUK ERZURUM;8,68E+12;ESRA ECZANESİ;ERZINCAN MERKEZ;MOKSEFEN;Moksefen 400 mg 7 Film Tablet;5;1;6;745;
3.06.2026;ALLIANCE HEALTHCARE;AH SAMSUN;8,68E+12;ŞEHİR ECZANESİ;SAMSUN ATAKUM;MOKSEFEN;Moksefen 400 mg 7 Film Tablet;5;1;6;745;
16.06.2026;SELÇUK ECZA DEPOSU;SELÇUK SAMSUN;8,68E+12;ÇELİK ECZANESİ;SIVAS BATI ILCELER;MOKSEFEN;Moksefen 400 mg 7 Film Tablet;5;1;6;745;
12.06.2026;SELÇUK ECZA DEPOSU;SELÇUK TRABZON;8,68E+12;DEVA ECZANESİ;GIRESUN DOGU ILCELER -2;MOKSEFEN;Moksefen 400 mg 7 Film Tablet;5;1;6;745;
22.06.2026;SELÇUK ECZA DEPOSU;SELÇUK TRABZON;8,68E+12;BÜŞRA ECZANESİ;GIRESUN DOGU ILCELER -1;MOKSEFEN;Moksefen 400 mg 7 Film Tablet;5;1;6;745;
9.06.2026;SELÇUK ECZA DEPOSU;SELÇUK ERZURUM;8,68E+12;UZUN ECZANESİ;ERZURUM MERKEZ -3;MOKSEFEN;Moksefen 400 mg 7 Film Tablet;5;1;6;745;
12.06.2026;ALLIANCE HEALTHCARE;AH ORDU;8,68E+12;BAYŞU ECZANESİ;ORDU FATSA;MOKSEFEN;Moksefen 400 mg 7 Film Tablet;5;1;6;745;
26.06.2026;SELÇUK ECZA DEPOSU;SELÇUK TRABZON;8,68E+12;AYLİN KESKİN ECZANESİ;ARTVIN MERKEZ+DOGU+GUNEY;MOKSEFEN;Moksefen 400 mg 7 Film Tablet;5;1;6;745;
1.06.2026;SELÇUK ECZA DEPOSU;SELÇUK TRABZON;8,68E+12;ZEYNEP ECZANESİ;GIRESUN MERKEZ -2;MOKSEFEN;Moksefen 400 mg 7 Film Tablet;5;1;6;745;
11.06.2026;NEVZAT ECZA DEPOSU;NEVZAT TRABZON;8,68E+12;GİZEM ECZANESİ;TRABZON MERKEZ -4;MOKSEFEN;Moksefen 400 mg 7 Film Tablet;5;1;6;745;
9.06.2026;SELÇUK ECZA DEPOSU;SELÇUK ERZURUM;8,68E+12;DADAŞKENT ECZANESİ;ERZURUM KUZEY ILCELER;MOKSEFEN;Moksefen 400 mg 7 Film Tablet;5;1;6;745;
12.06.2026;SELÇUK ECZA DEPOSU;SELÇUK TRABZON;8,68E+12;EMEK ECZANESİ;RIZE MERKEZ;MOKSEFEN;Moksefen 400 mg 7 Film Tablet;5;1;6;745;
26.06.2026;ALLIANCE HEALTHCARE;AH ORDU;8,68E+12;YILMAZ ECZANESİ;ORDU MERKEZ -1;MOKSEFEN;Moksefen 400 mg 7 Film Tablet;5;1;6;745;
8.06.2026;SELÇUK ECZA DEPOSU;SELÇUK TRABZON;8,68E+12;IŞIL ECZANESİ;RIZE DOGU ILCELER;MOKSEFEN;Moksefen 400 mg 7 Film Tablet;5;1;6;745;
23.06.2026;NEVZAT ECZA DEPOSU;NEVZAT ERZURUM;8,68E+12;SARIKAMIS ECZANESİ;KARS ILCELER;MOKSEFEN;Moksefen 400 mg 7 Film Tablet;5;1;6;745;
29.06.2026;SELÇUK ECZA DEPOSU;SELÇUK SAMSUN;8,68E+12;BÜŞRA TURAN ECZANESİ;SAMSUN BAFRA;MOKSEFEN;Moksefen 400 mg 7 Film Tablet;5;1;6;745;
1.06.2026;SELÇUK ECZA DEPOSU;SELÇUK TRABZON;8,68E+12;KUTLAY ECZANESİ;GIRESUN MERKEZ -2;MOKSEFEN;Moksefen 400 mg 7 Film Tablet;5;1;6;745;
15.06.2026;ALLIANCE HEALTHCARE;AH TRABZON;8,68E+12;GÖKBERK ECZANESI;ARTVIN KUZEY ILCELER;MOKSEFEN;Moksefen 400 mg 7 Film Tablet;5;1;6;745;
12.06.2026;SELÇUK ECZA DEPOSU;SELÇUK TRABZON;8,68E+12;BERİL ECZANESİ;TRABZON MERKEZ -3;MOKSEFEN;Moksefen 400 mg 7 Film Tablet;5;1;6;745;
19.06.2026;NEVZAT ECZA DEPOSU;NEVZAT ERZURUM;8,68E+12;SAFA ECZANESİ;ERZURUM MERKEZ -3;MOKSEFEN;Moksefen 400 mg 7 Film Tablet;5;1;6;745;
5.06.2026;NEVZAT ECZA DEPOSU;NEVZAT ERZURUM;8,68E+12;TİMUR ECZANESİ;ERZURUM MERKEZ -1;MOKSEFEN;Moksefen 400 mg 7 Film Tablet;5;1;6;745;
26.06.2026;SELÇUK ECZA DEPOSU;SELÇUK TRABZON;8,68E+12;KANUNİ ECZANESİ;TRABZON DOGU ILCELER - 2;MOKSEFEN;Moksefen 400 mg 7 Film Tablet;5;1;6;745;
1.06.2026;SELÇUK ECZA DEPOSU;SELÇUK SAMSUN;8,68E+12;SEVİNÇ ECZANESİ;SIVAS MERKEZ -3;MOKSEFEN;Moksefen 400 mg 7 Film Tablet;5;1;6;745;
3.06.2026;SELÇUK ECZA DEPOSU;SELÇUK ERZURUM;8,68E+12;DÜNYA ECZANESİ;ERZINCAN MERKEZ;MOKSEFEN;Moksefen 400 mg 7 Film Tablet;5;1;6;745;
27.06.2026;NEVZAT ECZA DEPOSU;NEVZAT TRABZON;8,68E+12;NİMET ECZANESİ;ORDU DOGU ILCELER;MOKSEFEN;Moksefen 400 mg 7 Film Tablet;5;1;6;745;
9.06.2026;SELÇUK ECZA DEPOSU;SELÇUK SAMSUN;8,68E+12;LOKMAN ECZANESİ;SIVAS GUNEY ILCELER;MOKSEFEN;Moksefen 400 mg 7 Film Tablet;5;1;6;745;
2.06.2026;ALLIANCE HEALTHCARE;AH TRABZON;8,68E+12;AKTOPRAK ECZANESİ;TRABZON MERKEZ -1;MOKSEFEN;Moksefen 400 mg 7 Film Tablet;5;1;6;745;
22.06.2026;ALLIANCE HEALTHCARE;AH TRABZON;8,68E+12;AKTOPRAK ECZANESİ;TRABZON MERKEZ -1;MOKSEFEN;Moksefen 400 mg 7 Film Tablet;5;1;6;745;
8.06.2026;ALLIANCE HEALTHCARE;AH TRABZON;8,68E+12;ÇELEBİ ECZANESİ;TRABZON MERKEZ -1;MOKSEFEN;Moksefen 400 mg 7 Film Tablet;5;1;6;745;
17.06.2026;SELÇUK ECZA DEPOSU;SELÇUK SAMSUN;8,68E+12;MEYDAN ECZANESİ;SIVAS MERKEZ -2;MOKSEFEN;Moksefen 400 mg 7 Film Tablet;5;1;6;745;
4.06.2026;ALLIANCE HEALTHCARE;AH SAMSUN;8,68E+12;BUĞRA ECZANESİ;TOKAT MERKEZ -1;MOKSEFEN;Moksefen 400 mg 7 Film Tablet;5;1;6;745;
8.06.2026;ALLIANCE HEALTHCARE;AH SAMSUN;8,68E+12;ÖZGE ECZANESİ;CORUM MERKEZ -2;MOKSEFEN;Moksefen 400 mg 7 Film Tablet;5;1;6;745;
1.06.2026;SELÇUK ECZA DEPOSU;SELÇUK TRABZON;8,68E+12;SÜRENSOY ECZANESİ;GIRESUN MERKEZ -2;MOKSEFEN;Moksefen 400 mg 7 Film Tablet;5;1;6;745;
2.06.2026;SELÇUK ECZA DEPOSU;SELÇUK TRABZON;8,68E+12;GÜLBAHAR ECZANESİ;RIZE MERKEZ;MOKSEFEN;Moksefen 400 mg 7 Film Tablet;5;1;6;745;
12.06.2026;SELÇUK ECZA DEPOSU;SELÇUK SAMSUN;8,68E+12;AYBÜKE ECZANESİ;SIVAS MERKEZ -4;MOKSEFEN;Moksefen 400 mg 7 Film Tablet;5;1;6;745;
30.06.2026;SELÇUK ECZA DEPOSU;SELÇUK SAMSUN;8,68E+12;YÜRÜR ECZANESİ;ORDU MERKEZ -2;MOKSEFEN;Moksefen 400 mg 7 Film Tablet;5;1;6;745;
2.06.2026;ALLIANCE HEALTHCARE;AH ORDU;8,68E+12;DEFNE ECZANESİ;GIRESUN MERKEZ -2;MOKSEFEN;Moksefen 400 mg 7 Film Tablet;5;1;6;745;
17.06.2026;SELÇUK ECZA DEPOSU;SELÇUK TRABZON;8,68E+12;ŞAHİN ECZANESİ;GIRESUN BULANCAK+PIRAZIZ;MOKSEFEN;Moksefen 400 mg 7 Film Tablet;5;1;6;745;
15.06.2026;NEVZAT ECZA DEPOSU;NEVZAT SAMSUN;8,68E+12;HİTİT ECZANESİ;CORUM MERKEZ -3;MOKSEFEN;Moksefen 400 mg 7 Film Tablet;5;1;6;745;
2.06.2026;SELÇUK ECZA DEPOSU;SELÇUK ERZURUM;8,68E+12;ARAS ECZANESİ;ERZURUM MERKEZ -3;MOKSEFEN;Moksefen 400 mg 7 Film Tablet;5;1;6;745;
10.06.2026;SELÇUK ECZA DEPOSU;SELÇUK ERZURUM;8,68E+12;LİVA İNGEC ECZANESİ;ERZURUM MERKEZ -1;MOKSEFEN;Moksefen 400 mg 7 Film Tablet;5;1;6;745;
17.06.2026;ALLIANCE HEALTHCARE;AH SAMSUN;8,68E+12;TALU ECZANESİ;TOKAT MERKEZ -2;MOKSEFEN;Moksefen 400 mg 7 Film Tablet;5;1;6;745;
22.06.2026;ALLIANCE HEALTHCARE;AH TRABZON;8,68E+12;BURCU ECZANESİ;TRABZON MERKEZ -2;MOKSEFEN;Moksefen 400 mg 7 Film Tablet;5;1;6;745;
8.06.2026;SELÇUK ECZA DEPOSU;SELÇUK ERZURUM;8,68E+12;RABİA ECZANESİ;AGRI MERKEZ;MOKSEFEN;Moksefen 400 mg 7 Film Tablet;5;1;6;745;
9.06.2026;NEVZAT ECZA DEPOSU;NEVZAT ERZURUM;8,68E+12;ŞEHİR ECZANESİ;KARS MERKEZ;MOKSEFEN;Moksefen 400 mg 7 Film Tablet;5;1;6;745;
11.06.2026;SELÇUK ECZA DEPOSU;SELÇUK SAMSUN;8,68E+12;23 NİSAN ECZANESİ;CORUM MERKEZ -1;MOKSEFEN;Moksefen 400 mg 7 Film Tablet;5;1;6;745;
12.06.2026;SELÇUK ECZA DEPOSU;SELÇUK TRABZON;8,68E+12;KOCABAŞ ECZANESİ;TRABZON MERKEZ -1;MOKSEFEN;Moksefen 400 mg 7 Film Tablet;5;1;6;745;
13.06.2026;SELÇUK ECZA DEPOSU;SELÇUK SAMSUN;8,68E+12;DOĞU ECZANESİ;SAMSUN DOGU ILCELER - 2;MOKSEFEN;Moksefen 400 mg 7 Film Tablet;5;1;6;745;
2.06.2026;SELÇUK ECZA DEPOSU;SELÇUK ERZURUM;8,68E+12;CERRAHPAŞA ECZANESİ;AGRI ILCELER;MOKSEFEN;Moksefen 400 mg 7 Film Tablet;5;1;6;745;
8.06.2026;SELÇUK ECZA DEPOSU;SELÇUK ERZURUM;8,68E+12;CAN ECZANESİ;AGRI DIYADIN+D.BEYAZIT;MOKSEFEN;Moksefen 400 mg 7 Film Tablet;5;1;6;745;
1.06.2026;SELÇUK ECZA DEPOSU;SELÇUK TRABZON;8,68E+12;ATA ECZANESİ;TRABZON MERKEZ -1;MOKSEFEN;Moksefen 400 mg 7 Film Tablet;5;1;6;745;
17.06.2026;SELÇUK ECZA DEPOSU;SELÇUK SAMSUN;8,68E+12;ÇAĞLA ECZANESİ;ORDU UNYE;MOKSEFEN;Moksefen 400 mg 7 Film Tablet;5;1;6;745;
18.06.2026;SELÇUK ECZA DEPOSU;SELÇUK SAMSUN;8,68E+12;MENTEŞOĞLU ECZANESI;SAMSUN DOGU ILCELER - 2;MOKSEFEN;Moksefen 400 mg 7 Film Tablet;5;1;6;745;
26.06.2026;SELÇUK ECZA DEPOSU;SELÇUK TRABZON;8,68E+12;BORDO MAVİ ECZANESİ;TRABZON MERKEZ -4;MOKSEFEN;Moksefen 400 mg 7 Film Tablet;5;1;6;745;
21.06.2026;SELÇUK ECZA DEPOSU;SELÇUK ERZURUM;8,68E+12;ESRA ECZANESİ;AGRI ILCELER;MOKSEFEN;Moksefen 400 mg 7 Film Tablet;5;1;6;745;
1.06.2026;ALLIANCE HEALTHCARE;AH ORDU;8,68E+12;TUĞÇEM ECZANESİ;ORDU FATSA;MOKSEFEN;Moksefen 400 mg 7 Film Tablet;5;1;6;745;
19.06.2026;SELÇUK ECZA DEPOSU;SELÇUK TRABZON;8,68E+12;AYDIN ECZANESİ;GIRESUN DOGU ILCELER -1;MOKSEFEN;Moksefen 400 mg 7 Film Tablet;5;1;6;745;
30.06.2026;SELÇUK ECZA DEPOSU;SELÇUK ERZURUM;8,68E+12;HARAKANI ECZANESİ;KARS MERKEZ;MOKSEFEN;Moksefen 400 mg 7 Film Tablet;5;1;6;745;
3.06.2026;SELÇUK ECZA DEPOSU;SELÇUK ERZURUM;8,68E+12;GOKNUR ECZ.YAKUTIYE;ERZURUM GUNEY ILCELER;MOKSEFEN;Moksefen 400 mg 7 Film Tablet;5;1;6;745;
3.06.2026;ALLIANCE HEALTHCARE;AH TRABZON;8,68E+12;MORDUT ECZANESİ;GUMUSHANE;MOKSEFEN;Moksefen 400 mg 7 Film Tablet;5;1;6;745;
22.06.2026;SELÇUK ECZA DEPOSU;SELÇUK ERZURUM;8,68E+12;MEHTAP BUZ ECZ.KAGIZMAN;KARS ILCELER;MOKSEFEN;Moksefen 400 mg 7 Film Tablet;5;1;6;745;
18.06.2026;SELÇUK ECZA DEPOSU;SELÇUK SAMSUN;8,68E+12;CEREN ECZANESI TURHAL;TOKAT BATI ILCELER;MOKSEFEN;Moksefen 400 mg 7 Film Tablet;5;1;6;745;
18.06.2026;SELÇUK ECZA DEPOSU;SELÇUK ERZURUM;8,68E+12;FATİH ECZANESİ;ERZURUM KUZEY ILCELER;PANOCER;Panocer 40 mg 14 Enterik Kaplı Tablet;5;0;5;405;
8.06.2026;ALLIANCE HEALTHCARE;AH SAMSUN;8,68E+12;GÖKDERE ECZANESİ;TOKAT MERKEZ -1;PANOCER;Panocer 40 mg 14 Enterik Kaplı Tablet;5;0;5;405;
1.06.2026;ALLIANCE HEALTHCARE;AH TRABZON;8,68E+12;NUR ECZANESİ;TRABZON MERKEZ -4;PANOCER;Panocer 40 mg 14 Enterik Kaplı Tablet;5;0;5;405;
29.06.2026;SELÇUK ECZA DEPOSU;SELÇUK TRABZON;8,68E+12;NUR ECZANESİ;TRABZON MERKEZ -4;PANOCER;Panocer 40 mg 14 Enterik Kaplı Tablet;5;0;5;405;
29.06.2026;NEVZAT ECZA DEPOSU;NEVZAT SAMSUN;8,68E+12;SEVİNÇ ECZANESİ;CORUM MERKEZ -2;PANOCER;Panocer 40 mg 28 Enterik Kaplı Tablet;5;0;5;527;
1.06.2026;SELÇUK ECZA DEPOSU;SELÇUK TRABZON;8,68E+12;BEKTAŞOĞLU ECZANESİ;GIRESUN MERKEZ -1;PANOCER;Panocer 40 mg 28 Enterik Kaplı Tablet;5;0;5;527;
10.06.2026;SELÇUK ECZA DEPOSU;SELÇUK ERZURUM;8,68E+12;KARABAĞ ECZANESİ;KARS ILCELER;PANOCER;Panocer 40 mg 28 Enterik Kaplı Tablet;5;0;5;527;
2.06.2026;SELÇUK ECZA DEPOSU;SELÇUK ERZURUM;8,68E+12;KARABAĞ ECZANESİ;KARS ILCELER;PANOCER;Panocer 40 mg 28 Enterik Kaplı Tablet;5;0;5;527;
1.06.2026;SELÇUK ECZA DEPOSU;SELÇUK ERZURUM;8,68E+12;KARABAĞ ECZANESİ;KARS ILCELER;PANOCER;Panocer 40 mg 28 Enterik Kaplı Tablet;5;0;5;527;
30.06.2026;NEVZAT ECZA DEPOSU;NEVZAT TRABZON;8,68E+12;ÇAMAŞ ECZANESİ;ORDU GUNEY ILCELER -1;PANOCER;Panocer 40 mg 28 Enterik Kaplı Tablet;5;0;5;527;
29.06.2026;SELÇUK ECZA DEPOSU;SELÇUK SAMSUN;8,68E+12;ÇINAR ECZANESİ;SAMSUN BAFRA;PANOCER;Panocer 40 mg 28 Enterik Kaplı Tablet;5;0;5;527;
29.06.2026;ALLIANCE HEALTHCARE;AH SAMSUN;8,68E+12;ÖZLEM ECZANESİ;SAMSUN PAZAR;PANOCER;Panocer 40 mg 28 Enterik Kaplı Tablet;5;0;5;527;
9.06.2026;ALLIANCE HEALTHCARE;AH SAMSUN;8,68E+12;ÖZLEM ECZANESİ;SAMSUN PAZAR;PANOCER;Panocer 40 mg 28 Enterik Kaplı Tablet;5;0;5;527;
1.06.2026;NEVZAT ECZA DEPOSU;NEVZAT SAMSUN;8,68E+12;GÖKDERE ECZANESİ;TOKAT MERKEZ -1;PANOCER;Panocer 40 mg 28 Enterik Kaplı Tablet;5;0;5;527;
1.06.2026;SELÇUK ECZA DEPOSU;SELÇUK TRABZON;8,68E+12;NURAN ECZANESİ;TRABZON MERKEZ -4;PANOCER;Panocer 40 mg 28 Enterik Kaplı Tablet;5;0;5;527;
1.06.2026;ALLIANCE HEALTHCARE;AH ORDU;8,68E+12;ŞİFA ECZANESİ;GIRESUN DOGU ILCELER -1;PANOCER;Panocer 40 mg 28 Enterik Kaplı Tablet;5;0;5;527;
11.06.2026;NEVZAT ECZA DEPOSU;NEVZAT SAMSUN;8,68E+12;ŞEHİR ECZANESİ;SAMSUN ATAKUM;PANOCER;Panocer 40 mg 28 Enterik Kaplı Tablet;5;0;5;527;
10.06.2026;NEVZAT ECZA DEPOSU;NEVZAT SAMSUN;8,68E+12;TAHA ECZANESİ;SAMSUN ATAKUM;PANOCER;Panocer 40 mg 28 Enterik Kaplı Tablet;5;0;5;527;
1.06.2026;ALLIANCE HEALTHCARE;AH ORDU;8,68E+12;LOTUS ECZANESİ;ORDU DOGU ILCELER;PANOCER;Panocer 40 mg 28 Enterik Kaplı Tablet;5;0;5;527;
1.06.2026;SELÇUK ECZA DEPOSU;SELÇUK SAMSUN;8,68E+12;CAN ECZANESİ;TOKAT ERBAA;PANOCER;Panocer 40 mg 28 Enterik Kaplı Tablet;5;0;5;527;
9.06.2026;SELÇUK ECZA DEPOSU;SELÇUK SAMSUN;8,68E+12;BAYEZIT ECZANESİ;AMASYA MERKEZ -2;ACİDPASS;Acidpass 10/800/165 mg 12 Çiğneme Tablet;4;0;4;449;
12.06.2026;SELÇUK ECZA DEPOSU;SELÇUK SAMSUN;8,68E+12;BÜYÜK ECZANESİ;CORUM KARGI+OSMANCIK;ACİDPASS;Acidpass 10/800/165 mg 12 Çiğneme Tablet;4;0;4;449;
5.06.2026;NEVZAT ECZA DEPOSU;NEVZAT SAMSUN;8,68E+12;ERMAN ECZANESİ;CORUM MERKEZ -1;ACİDPASS;Acidpass 10/800/165 mg 12 Çiğneme Tablet;4;0;4;449;
19.06.2026;NEVZAT ECZA DEPOSU;NEVZAT ERZURUM;8,68E+12;TUĞÇE ECZANESİ;ERZINCAN MERKEZ;ACİDPASS;Acidpass 10/800/165 mg 12 Çiğneme Tablet;4;0;4;449;
26.06.2026;SELÇUK ECZA DEPOSU;SELÇUK ERZURUM;8,68E+12;ONUR ECZANESİ;ERZINCAN MERKEZ;ACİDPASS;Acidpass 10/800/165 mg 12 Çiğneme Tablet;4;0;4;449;
4.06.2026;SELÇUK ECZA DEPOSU;SELÇUK SAMSUN;8,68E+12;YALI ECZANESİ;ORDU UNYE;ACİDPASS;Acidpass 10/800/165 mg 12 Çiğneme Tablet;4;0;4;449;
29.06.2026;SELÇUK ECZA DEPOSU;SELÇUK SAMSUN;8,68E+12;BEŞLİOĞLU ECZANESİ;ORDU UNYE;ACİDPASS;Acidpass 10/800/165 mg 12 Çiğneme Tablet;4;0;4;449;
22.06.2026;ALLIANCE HEALTHCARE;AH ORDU;8,68E+12;ERGÜL ECZANESİ;ORDU MERKEZ -1;ACİDPASS;Acidpass 10/800/165 mg 12 Çiğneme Tablet;4;0;4;449;
1.06.2026;ALLIANCE HEALTHCARE;AH SAMSUN;8,68E+12;AYNUR ECZANESİ;SAMSUN CANIK;ACİDPASS;Acidpass 10/800/165 mg 12 Çiğneme Tablet;4;0;4;449;
10.06.2026;ALLIANCE HEALTHCARE;AH SAMSUN;8,68E+12;DERMAN ECZANESİ;SAMSUN ADALET;ACİDPASS;Acidpass 10/800/165 mg 12 Çiğneme Tablet;4;0;4;449;
5.06.2026;ALLIANCE HEALTHCARE;AH SAMSUN;8,68E+12;EFE ECZANESİ;SAMSUN ADALET;ACİDPASS;Acidpass 10/800/165 mg 12 Çiğneme Tablet;4;0;4;449;
11.06.2026;SELÇUK ECZA DEPOSU;SELÇUK SAMSUN;8,68E+12;ACİL ŞİFA ECZANESİ;SAMSUN ADALET;ACİDPASS;Acidpass 10/800/165 mg 12 Çiğneme Tablet;4;0;4;449;
18.06.2026;NEVZAT ECZA DEPOSU;NEVZAT SAMSUN;8,68E+12;MEDİPARK ECZANESİ;SAMSUN ATAKUM;ACİDPASS;Acidpass 10/800/165 mg 12 Çiğneme Tablet;4;0;4;449;
9.06.2026;SELÇUK ECZA DEPOSU;SELÇUK SAMSUN;8,68E+12;METİN ECZANESİ;SAMSUN DOGU ILCELER - 2;ACİDPASS;Acidpass 10/800/165 mg 12 Çiğneme Tablet;4;0;4;449;
1.06.2026;SELÇUK ECZA DEPOSU;SELÇUK SAMSUN;8,68E+12;METİN ECZANESİ;SAMSUN DOGU ILCELER - 2;ACİDPASS;Acidpass 10/800/165 mg 12 Çiğneme Tablet;4;0;4;449;
29.06.2026;SELÇUK ECZA DEPOSU;SELÇUK SAMSUN;8,68E+12;ANADOLU ECZANESİ;SAMSUN BAHCELIEVLER;ACİDPASS;Acidpass 10/800/165 mg 12 Çiğneme Tablet;4;0;4;449;
30.06.2026;SELÇUK ECZA DEPOSU;SELÇUK SAMSUN;8,68E+12;KARADAĞLI ECZANESİ;SAMSUN ILKADIM - 2;ACİDPASS;Acidpass 10/800/165 mg 12 Çiğneme Tablet;4;0;4;449;
1.06.2026;SELÇUK ECZA DEPOSU;SELÇUK SAMSUN;8,68E+12;GÖKÇE ECZANESİ;SINOP MERKEZ;ACİDPASS;Acidpass 10/800/165 mg 12 Çiğneme Tablet;4;0;4;449;
25.06.2026;SELÇUK ECZA DEPOSU;SELÇUK SAMSUN;8,68E+12;CEYHUN ECZANESİ;SIVAS MERKEZ -2;ACİDPASS;Acidpass 10/800/165 mg 12 Çiğneme Tablet;4;0;4;449;
13.06.2026;NEVZAT ECZA DEPOSU;NEVZAT SAMSUN;8,68E+12;KAZOVA ECZANESİ;TOKAT MERKEZ -1;ACİDPASS;Acidpass 10/800/165 mg 12 Çiğneme Tablet;4;0;4;449;
22.06.2026;NEVZAT ECZA DEPOSU;NEVZAT SAMSUN;8,68E+12;KAZOVA ECZANESİ;TOKAT MERKEZ -1;ACİDPASS;Acidpass 10/800/165 mg 12 Çiğneme Tablet;4;0;4;449;
29.06.2026;ALLIANCE HEALTHCARE;AH SAMSUN;8,68E+12;MERKEZ ECZANESİ;TOKAT DOGU ILCELER;ACİDPASS;Acidpass 10/800/165 mg 12 Çiğneme Tablet;4;0;4;449;
8.06.2026;SELÇUK ECZA DEPOSU;SELÇUK SAMSUN;8,68E+12;ÖMÜR ECZANESİ;TOKAT MERKEZ -1;ACİDPASS;Acidpass 10/800/165 mg 12 Çiğneme Tablet;4;0;4;449;
4.06.2026;ALLIANCE HEALTHCARE;AH TRABZON;8,68E+12;ŞAHİN ECZANESİ;TRABZON BATI ILCELER - 2;ACİDPASS;Acidpass 10/800/165 mg 12 Çiğneme Tablet;4;0;4;449;
8.06.2026;NEVZAT ECZA DEPOSU;NEVZAT TRABZON;8,68E+12;ZÜMRÜT ECZANESİ;TRABZON MERKEZ -3;ACİDPASS;Acidpass 10/800/165 mg 12 Çiğneme Tablet;4;0;4;449;
26.06.2026;NEVZAT ECZA DEPOSU;NEVZAT TRABZON;8,68E+12;DEVA ECZANESİ;GIRESUN BULANCAK+PIRAZIZ;ACİDPASS;Acidpass 10/800/165 mg 12 Çiğneme Tablet;4;0;4;449;
10.06.2026;ALLIANCE HEALTHCARE;AH ORDU;8,68E+12;MEMLEKET ECZANESİ;ORDU BATI ILCELER;ACİDPASS;Acidpass 10/800/165 mg 12 Çiğneme Tablet;4;0;4;449;
26.06.2026;NEVZAT ECZA DEPOSU;NEVZAT TRABZON;8,68E+12;ÖZGÜR ECZANESİ;TRABZON MERKEZ -1;ACİDPASS;Acidpass 10/800/165 mg 12 Çiğneme Tablet;4;0;4;449;
19.06.2026;SELÇUK ECZA DEPOSU;SELÇUK ERZURUM;8,68E+12;KARAHAN ECZANESİ;ERZURUM KUZEY ILCELER;ACİDPASS;Acidpass 10/800/165 mg 12 Çiğneme Tablet;4;0;4;449;
3.06.2026;NEVZAT ECZA DEPOSU;NEVZAT ERZURUM;8,68E+12;CAN ECZANESİ;ERZURUM KUZEY ILCELER;ACİDPASS;Acidpass 10/800/165 mg 12 Çiğneme Tablet;4;0;4;449;
5.06.2026;ALLIANCE HEALTHCARE;AH TRABZON;8,68E+12;CEVDET ECZANESİ;TRABZON MERKEZ -1;ACİDPASS;Acidpass 10/800/165 mg 12 Çiğneme Tablet;4;0;4;449;
11.06.2026;SELÇUK ECZA DEPOSU;SELÇUK TRABZON;8,68E+12;MARAŞ ECZANESİ;TRABZON MERKEZ -4;ACİDPASS;Acidpass 10/800/165 mg 12 Çiğneme Tablet;4;0;4;449;
19.06.2026;SELÇUK ECZA DEPOSU;SELÇUK SAMSUN;8,68E+12;OKAN ECZANESİ;SAMSUN RASATHANE;ACİDPASS;Acidpass 10/800/165 mg 12 Çiğneme Tablet;4;0;4;449;
15.06.2026;NEVZAT ECZA DEPOSU;NEVZAT ERZURUM;8,68E+12;MERKEZ ECZANESİ;ERZURUM GUNEY ILCELER;ACİDPASS;Acidpass 10/800/165 mg 12 Çiğneme Tablet;4;0;4;449;
8.06.2026;ALLIANCE HEALTHCARE;AH SAMSUN;8,68E+12;DERYA ECZANESİ;SAMSUN ATAKENT+19 MAYIS;ACİDPASS;Acidpass 10/800/165 mg 12 Çiğneme Tablet;4;0;4;449;
16.06.2026;SELÇUK ECZA DEPOSU;SELÇUK ERZURUM;8,68E+12;DENİZ ECZANESİ;ERZURUM MERKEZ -1;ACİDPASS;Acidpass 10/800/165 mg 12 Çiğneme Tablet;4;0;4;449;
1.06.2026;ALLIANCE HEALTHCARE;AH SAMSUN;8,68E+12;NURSEN ECZANESİ;AMASYA MERKEZ -2;ACİDPASS;Acidpass 10/800/165 mg 12 Çiğneme Tablet;4;0;4;449;
27.06.2026;SELÇUK ECZA DEPOSU;SELÇUK SAMSUN;8,68E+12;MENTEŞOĞLU ECZANESI;SAMSUN DOGU ILCELER - 2;ACİDPASS;Acidpass 10/800/165 mg 12 Çiğneme Tablet;4;0;4;449;
15.06.2026;SELÇUK ECZA DEPOSU;SELÇUK SAMSUN;8,68E+12;MENTEŞOĞLU ECZANESI;SAMSUN DOGU ILCELER - 2;ACİDPASS;Acidpass 10/800/165 mg 12 Çiğneme Tablet;4;0;4;449;
4.06.2026;NEVZAT ECZA DEPOSU;NEVZAT TRABZON;8,68E+12;SENA ECZANESİ;ORDU FATSA;ACİDPASS;Acidpass 10/800/165 mg 6 Çiğneme Tablet;4;0;4;276;
23.06.2026;NEVZAT ECZA DEPOSU;NEVZAT ERZURUM;8,68E+12;ADA ECZANESİ;ERZURUM MERKEZ -1;ACİDPASS;Acidpass 10/800/165 mg 6 Çiğneme Tablet;4;0;4;276;
1.06.2026;SELÇUK ECZA DEPOSU;SELÇUK SAMSUN;8,68E+12;BUĞRA ECZANESİ;TOKAT MERKEZ -1;ACİDPASS;Acidpass 10/800/165 mg 6 Çiğneme Tablet;4;0;4;276;
14.06.2026;ALLIANCE HEALTHCARE;AH SAMSUN;8,68E+12;TEBESSÜM ECZANESİ;SAMSUN TERME;GRİPORT COLD;Griport Cold 20 Film Kaplı Tablet;4;0;4;337;
15.06.2026;ALLIANCE HEALTHCARE;AH SAMSUN;8,68E+12;KAZOVA ECZANESİ;TOKAT MERKEZ -1;PANOCER;Panocer 40 mg 14 Enterik Kaplı Tablet;4;0;4;324;
28.06.2026;ALLIANCE HEALTHCARE;AH ORDU;8,68E+12;UĞUR ECZANESİ;ORDU BATI ILCELER;PANOCER;Panocer 40 mg 28 Enterik Kaplı Tablet;4;0;4;421;
1.06.2026;ALLIANCE HEALTHCARE;AH ORDU;8,68E+12;GÜNAYDIN ECZANESİ;ORDU MERKEZ -3;PANOCER;Panocer 40 mg 28 Enterik Kaplı Tablet;4;0;4;421;
23.06.2026;NEVZAT ECZA DEPOSU;NEVZAT TRABZON;8,68E+12;ŞAHİN ECZANESİ;ORDU DOGU ILCELER;PANOCER;Panocer 40 mg 28 Enterik Kaplı Tablet;4;0;4;421;
1.06.2026;SELÇUK ECZA DEPOSU;SELÇUK SAMSUN;8,68E+12;METİN ECZANESİ;SAMSUN DOGU ILCELER - 2;PANOCER;Panocer 40 mg 28 Enterik Kaplı Tablet;4;0;4;421;
22.06.2026;SELÇUK ECZA DEPOSU;SELÇUK SAMSUN;8,68E+12;AKINCILAR ECZANESİ;SIVAS DOGU ILCELER;PANOCER;Panocer 40 mg 28 Enterik Kaplı Tablet;4;0;4;421;
11.06.2026;ALLIANCE HEALTHCARE;AH TRABZON;8,68E+12;MERKEZ ECZANESİ;TRABZON AKCAABAT;PANOCER;Panocer 40 mg 28 Enterik Kaplı Tablet;4;0;4;421;
2.06.2026;SELÇUK ECZA DEPOSU;SELÇUK SAMSUN;8,68E+12;BARTU ECZANESİ;SAMSUN ATAKUM;PANOCER;Panocer 40 mg 28 Enterik Kaplı Tablet;4;0;4;421;
1.06.2026;ALLIANCE HEALTHCARE;AH SAMSUN;8,68E+12;ŞEHİR ECZANESİ;SAMSUN ATAKUM;PANOCER;Panocer 40 mg 28 Enterik Kaplı Tablet;4;0;4;421;
13.06.2026;ALLIANCE HEALTHCARE;AH SAMSUN;8,68E+12;ŞEHİR ECZANESİ;SAMSUN ATAKUM;PANOCER;Panocer 40 mg 28 Enterik Kaplı Tablet;4;0;4;421;
1.06.2026;ALLIANCE HEALTHCARE;AH SAMSUN;8,68E+12;LİMON ECZANESİ;SAMSUN ATAKENT+19 MAYIS;PANOCER;Panocer 40 mg 28 Enterik Kaplı Tablet;4;0;4;421;
22.06.2026;SELÇUK ECZA DEPOSU;SELÇUK SAMSUN;8,68E+12;OKAN ECZANESİ;SAMSUN RASATHANE;PANOCER;Panocer 40 mg 28 Enterik Kaplı Tablet;4;0;4;421;
12.06.2026;ALLIANCE HEALTHCARE;AH ORDU;8,68E+12;BEGÜM ECZANESİ;ORDU MERKEZ -2;PANOCER;Panocer 40 mg 28 Enterik Kaplı Tablet;4;0;4;421;
25.06.2026;SELÇUK ECZA DEPOSU;SELÇUK SAMSUN;8,68E+12;ŞİFA ECZANESİ;SIVAS GUNEY ILCELER;PANOCER;Panocer 40 mg 28 Enterik Kaplı Tablet;4;0;4;421;
23.06.2026;ALLIANCE HEALTHCARE;AH ORDU;8,68E+12;YENİ SANAYİ ECZANESİ;ORDU MERKEZ -3;PANOCER;Panocer 40 mg 28 Enterik Kaplı Tablet;4;0;4;421;
19.06.2026;ALLIANCE HEALTHCARE;AH TRABZON;8,68E+12;ERVA ECZANESİ;TRABZON MERKEZ -2;PANOCER;Panocer 40 mg 28 Enterik Kaplı Tablet;4;0;4;421;
25.06.2026;ALLIANCE HEALTHCARE;AH SAMSUN;8,68E+12;İREM ECZANESİ;SAMSUN DOGU ILCELER - 2;PANOCER;Panocer 40 mg 28 Enterik Kaplı Tablet;4;0;4;421;
9.06.2026;SELÇUK ECZA DEPOSU;SELÇUK ERZURUM;8,68E+12;DİLAN ECZANESİ;AGRI DIYADIN+D.BEYAZIT;ACİDPASS;Acidpass 10/800/165 mg 12 Çiğneme Tablet;3;0;3;337;
5.06.2026;SELÇUK ECZA DEPOSU;SELÇUK ERZURUM;8,68E+12;AĞRI ECZANESİ;AGRI MERKEZ;ACİDPASS;Acidpass 10/800/165 mg 12 Çiğneme Tablet;3;0;3;337;
24.06.2026;SELÇUK ECZA DEPOSU;SELÇUK SAMSUN;8,68E+12;SAĞLIK ECZANESİ;AMASYA MERKEZ -1;ACİDPASS;Acidpass 10/800/165 mg 12 Çiğneme Tablet;3;0;3;337;
8.06.2026;SELÇUK ECZA DEPOSU;SELÇUK SAMSUN;8,68E+12;ERMAN ECZANESİ;CORUM MERKEZ -1;ACİDPASS;Acidpass 10/800/165 mg 12 Çiğneme Tablet;3;0;3;337;
21.06.2026;SELÇUK ECZA DEPOSU;SELÇUK SAMSUN;8,68E+12;ERMAN ECZANESİ;CORUM MERKEZ -1;ACİDPASS;Acidpass 10/800/165 mg 12 Çiğneme Tablet;3;0;3;337;
26.06.2026;SELÇUK ECZA DEPOSU;SELÇUK SAMSUN;8,68E+12;ERMAN ECZANESİ;CORUM MERKEZ -1;ACİDPASS;Acidpass 10/800/165 mg 12 Çiğneme Tablet;3;0;3;337;
1.06.2026;SELÇUK ECZA DEPOSU;SELÇUK SAMSUN;8,68E+12;ERMAN ECZANESİ;CORUM MERKEZ -1;ACİDPASS;Acidpass 10/800/165 mg 12 Çiğneme Tablet;3;0;3;337;
19.06.2026;ALLIANCE HEALTHCARE;AH SAMSUN;8,68E+12;FİKRİ KARTAL ECZANESİ;CORUM KUZEY ILCELER;ACİDPASS;Acidpass 10/800/165 mg 12 Çiğneme Tablet;3;0;3;337;
22.06.2026;NEVZAT ECZA DEPOSU;NEVZAT SAMSUN;8,68E+12;LOKMAN ECZANESİ;CORUM MERKEZ -3;ACİDPASS;Acidpass 10/800/165 mg 12 Çiğneme Tablet;3;0;3;337;
2.06.2026;SELÇUK ECZA DEPOSU;SELÇUK SAMSUN;8,68E+12;KARTAL ECZANESİ;CORUM MERKEZ -3;ACİDPASS;Acidpass 10/800/165 mg 12 Çiğneme Tablet;3;0;3;337;
1.06.2026;ALLIANCE HEALTHCARE;AH SAMSUN;8,68E+12;KARTAL ECZANESİ;CORUM MERKEZ -3;ACİDPASS;Acidpass 10/800/165 mg 12 Çiğneme Tablet;3;0;3;337;
5.06.2026;ALLIANCE HEALTHCARE;AH SAMSUN;8,68E+12;KARTAL ECZANESİ;CORUM MERKEZ -3;ACİDPASS;Acidpass 10/800/165 mg 12 Çiğneme Tablet;3;0;3;337;
10.06.2026;SELÇUK ECZA DEPOSU;SELÇUK ERZURUM;8,68E+12;LOKMAN HEKİM ECZANESİ;ERZINCAN ILCELER;ACİDPASS;Acidpass 10/800/165 mg 12 Çiğneme Tablet;3;0;3;337;
11.06.2026;SELÇUK ECZA DEPOSU;SELÇUK ERZURUM;8,68E+12;LOKMAN HEKİM ECZANESİ;ERZINCAN ILCELER;ACİDPASS;Acidpass 10/800/165 mg 12 Çiğneme Tablet;3;0;3;337;
17.06.2026;SELÇUK ECZA DEPOSU;SELÇUK ERZURUM;8,68E+12;KEMALİYE ŞİFA ECZANESİ;ERZINCAN ILCELER;ACİDPASS;Acidpass 10/800/165 mg 12 Çiğneme Tablet;3;0;3;337;
15.06.2026;SELÇUK ECZA DEPOSU;SELÇUK ERZURUM;8,68E+12;ÖZTÜRK ECZANESİ;ERZURUM KUZEY ILCELER;ACİDPASS;Acidpass 10/800/165 mg 12 Çiğneme Tablet;3;0;3;337;
3.06.2026;SELÇUK ECZA DEPOSU;SELÇUK ERZURUM;8,68E+12;YENİ NİL ECZANESİ;ERZINCAN MERKEZ;ACİDPASS;Acidpass 10/800/165 mg 12 Çiğneme Tablet;3;0;3;337;
3.06.2026;NEVZAT ECZA DEPOSU;NEVZAT ERZURUM;8,68E+12;IHLAMUR ECZANESİ;ERZINCAN MERKEZ;ACİDPASS;Acidpass 10/800/165 mg 12 Çiğneme Tablet;3;0;3;337;
7.06.2026;SELÇUK ECZA DEPOSU;SELÇUK ERZURUM;8,68E+12;HÜRRİYET ECZANESİ;ERZURUM MERKEZ -1;ACİDPASS;Acidpass 10/800/165 mg 12 Çiğneme Tablet;3;0;3;337;
11.06.2026;SELÇUK ECZA DEPOSU;SELÇUK ERZURUM;8,68E+12;MAHALLEBAŞI ECZANESİ;ERZURUM MERKEZ -2;ACİDPASS;Acidpass 10/800/165 mg 12 Çiğneme Tablet;3;0;3;337;
10.06.2026;SELÇUK ECZA DEPOSU;SELÇUK ERZURUM;8,68E+12;BAYSAL ECZANESİ;ERZURUM MERKEZ -1;ACİDPASS;Acidpass 10/800/165 mg 12 Çiğneme Tablet;3;0;3;337;
24.06.2026;SELÇUK ECZA DEPOSU;SELÇUK ERZURUM;8,68E+12;SELİMİYE ECZANESİ;ERZURUM MERKEZ -3;ACİDPASS;Acidpass 10/800/165 mg 12 Çiğneme Tablet;3;0;3;337;
26.06.2026;SELÇUK ECZA DEPOSU;SELÇUK ERZURUM;8,68E+12;YENİ ARAŞTIRMA ECZANESİ;ERZURUM MERKEZ -3;ACİDPASS;Acidpass 10/800/165 mg 12 Çiğneme Tablet;3;0;3;337;
2.06.2026;SELÇUK ECZA DEPOSU;SELÇUK TRABZON;8,68E+12;ŞAHİN ECZANESİ;GIRESUN DOGU ILCELER -1;ACİDPASS;Acidpass 10/800/165 mg 12 Çiğneme Tablet;3;0;3;337;
27.06.2026;ALLIANCE HEALTHCARE;AH ORDU;8,68E+12;DERELİ ECZANESİ;GIRESUN GUNEY ILCELER;ACİDPASS;Acidpass 10/800/165 mg 12 Çiğneme Tablet;3;0;3;337;
3.06.2026;SELÇUK ECZA DEPOSU;SELÇUK TRABZON;8,68E+12;DENİZ ECZANESİ;GIRESUN DOGU ILCELER -2;ACİDPASS;Acidpass 10/800/165 mg 12 Çiğneme Tablet;3;0;3;337;
16.06.2026;SELÇUK ECZA DEPOSU;SELÇUK TRABZON;8,68E+12;DERYA ECZANESİ;GIRESUN MERKEZ -2;ACİDPASS;Acidpass 10/800/165 mg 12 Çiğneme Tablet;3;0;3;337;
3.06.2026;SELÇUK ECZA DEPOSU;SELÇUK TRABZON;8,68E+12;MEYDAN ECZANESİ;GIRESUN MERKEZ -2;ACİDPASS;Acidpass 10/800/165 mg 12 Çiğneme Tablet;3;0;3;337;
1.06.2026;SELÇUK ECZA DEPOSU;SELÇUK ERZURUM;8,68E+12;ARTAÇ ECZANESİ;KARS ILCELER;ACİDPASS;Acidpass 10/800/165 mg 12 Çiğneme Tablet;3;0;3;337;
11.06.2026;SELÇUK ECZA DEPOSU;SELÇUK ERZURUM;8,68E+12;ARAS ECZANESİ;KARS ILCELER;ACİDPASS;Acidpass 10/800/165 mg 12 Çiğneme Tablet;3;0;3;337;
22.06.2026;SELÇUK ECZA DEPOSU;SELÇUK SAMSUN;8,68E+12;SAĞLIK ECZANESİ;ORDU UNYE;ACİDPASS;Acidpass 10/800/165 mg 12 Çiğneme Tablet;3;0;3;337;
16.06.2026;SELÇUK ECZA DEPOSU;SELÇUK SAMSUN;8,68E+12;GAZİ ECZANESİ;ORDU FATSA;ACİDPASS;Acidpass 10/800/165 mg 12 Çiğneme Tablet;3;0;3;337;
3.06.2026;NEVZAT ECZA DEPOSU;NEVZAT TRABZON;8,68E+12;DOĞA ECZANESİ;ORDU MERKEZ -1;ACİDPASS;Acidpass 10/800/165 mg 12 Çiğneme Tablet;3;0;3;337;
26.06.2026;ALLIANCE HEALTHCARE;AH ORDU;8,68E+12;KARADENİZ ECZANESİ;ORDU DOGU ILCELER;ACİDPASS;Acidpass 10/800/165 mg 12 Çiğneme Tablet;3;0;3;337;
23.06.2026;SELÇUK ECZA DEPOSU;SELÇUK SAMSUN;8,68E+12;KARADENİZ ECZANESİ;ORDU DOGU ILCELER;ACİDPASS;Acidpass 10/800/165 mg 12 Çiğneme Tablet;3;0;3;337;
1.06.2026;ALLIANCE HEALTHCARE;AH ORDU;8,68E+12;MERKEZ ECZANESİ;ORDU MERKEZ -1;ACİDPASS;Acidpass 10/800/165 mg 12 Çiğneme Tablet;3;0;3;337;
25.06.2026;ALLIANCE HEALTHCARE;AH ORDU;8,68E+12;MERKEZ ECZANESİ;ORDU MERKEZ -1;ACİDPASS;Acidpass 10/800/165 mg 12 Çiğneme Tablet;3;0;3;337;
1.06.2026;ALLIANCE HEALTHCARE;AH ORDU;8,68E+12;MERKEZ ECZANESİ;ORDU MERKEZ -1;ACİDPASS;Acidpass 10/800/165 mg 12 Çiğneme Tablet;3;0;3;337;
29.06.2026;NEVZAT ECZA DEPOSU;NEVZAT TRABZON;8,68E+12;SAĞLIK ECZANESİ;ORDU DOGU ILCELER;ACİDPASS;Acidpass 10/800/165 mg 12 Çiğneme Tablet;3;0;3;337;
29.06.2026;NEVZAT ECZA DEPOSU;NEVZAT TRABZON;8,68E+12;SAĞLIK ECZANESİ;ORDU DOGU ILCELER;ACİDPASS;Acidpass 10/800/165 mg 12 Çiğneme Tablet;3;0;3;337;
1.06.2026;SELÇUK ECZA DEPOSU;SELÇUK SAMSUN;8,68E+12;TEPE ECZANESİ;ORDU UNYE;ACİDPASS;Acidpass 10/800/165 mg 12 Çiğneme Tablet;3;0;3;337;
24.06.2026;NEVZAT ECZA DEPOSU;NEVZAT TRABZON;8,68E+12;ÖLÇEK ECZANESİ;ORDU FATSA;ACİDPASS;Acidpass 10/800/165 mg 12 Çiğneme Tablet;3;0;3;337;
15.06.2026;ALLIANCE HEALTHCARE;AH ORDU;8,68E+12;ÇELENK ECZANESİ;ORDU MERKEZ -1;ACİDPASS;Acidpass 10/800/165 mg 12 Çiğneme Tablet;3;0;3;337;
5.06.2026;SELÇUK ECZA DEPOSU;SELÇUK SAMSUN;8,68E+12;ATABAY ECZANESİ;SAMSUN ATAKUM;ACİDPASS;Acidpass 10/800/165 mg 12 Çiğneme Tablet;3;0;3;337;
2.06.2026;NEVZAT ECZA DEPOSU;NEVZAT SAMSUN;8,68E+12;GÜLTER ECZANESİ;SAMSUN HAVZA+KAVAK+LADIK;ACİDPASS;Acidpass 10/800/165 mg 12 Çiğneme Tablet;3;0;3;337;
9.06.2026;NEVZAT ECZA DEPOSU;NEVZAT SAMSUN;8,68E+12;MEDİPARK ECZANESİ;SAMSUN ATAKUM;ACİDPASS;Acidpass 10/800/165 mg 12 Çiğneme Tablet;3;0;3;337;
1.06.2026;NEVZAT ECZA DEPOSU;NEVZAT SAMSUN;8,68E+12;MEDİPARK ECZANESİ;SAMSUN ATAKUM;ACİDPASS;Acidpass 10/800/165 mg 12 Çiğneme Tablet;3;0;3;337;
29.06.2026;NEVZAT ECZA DEPOSU;NEVZAT SAMSUN;8,68E+12;METİN ECZANESİ;SAMSUN DOGU ILCELER - 2;ACİDPASS;Acidpass 10/800/165 mg 12 Çiğneme Tablet;3;0;3;337;
8.06.2026;ALLIANCE HEALTHCARE;AH SAMSUN;8,68E+12;KARDELEN ECZANESİ;SAMSUN DOGU ILCELER - 2;ACİDPASS;Acidpass 10/800/165 mg 12 Çiğneme Tablet;3;0;3;337;
4.06.2026;ALLIANCE HEALTHCARE;AH SAMSUN;8,68E+12;AMASYA ECZANESİ;SAMSUN ATAKENT+19 MAYIS;ACİDPASS;Acidpass 10/800/165 mg 12 Çiğneme Tablet;3;0;3;337;
29.06.2026;ALLIANCE HEALTHCARE;AH SAMSUN;8,68E+12;YENİ ECZANESİ;SINOP GUNEY ILCELER;ACİDPASS;Acidpass 10/800/165 mg 12 Çiğneme Tablet;3;0;3;337;
4.06.2026;ALLIANCE HEALTHCARE;AH SAMSUN;8,68E+12;BOYABAT ECZANESİ;SINOP GUNEY ILCELER;ACİDPASS;Acidpass 10/800/165 mg 12 Çiğneme Tablet;3;0;3;337;
16.06.2026;ALLIANCE HEALTHCARE;AH SAMSUN;8,68E+12;SOSYAL MESKENLER ECZANESİ;SAMSUN ADALET;ACİDPASS;Acidpass 10/800/165 mg 12 Çiğneme Tablet;3;0;3;337;
3.06.2026;ALLIANCE HEALTHCARE;AH SAMSUN;8,68E+12;TÜTER ECZANESİ;SAMSUN BAHCELIEVLER;ACİDPASS;Acidpass 10/800/165 mg 12 Çiğneme Tablet;3;0;3;337;
24.06.2026;ALLIANCE HEALTHCARE;AH SAMSUN;8,68E+12;BAHÇELİEVLER ECZANESİ;SAMSUN BAHCELIEVLER;ACİDPASS;Acidpass 10/800/165 mg 12 Çiğneme Tablet;3;0;3;337;
22.06.2026;SELÇUK ECZA DEPOSU;SELÇUK SAMSUN;8,68E+12;CEDİT ECZANESİ;SAMSUN DOGU ILCELER;ACİDPASS;Acidpass 10/800/165 mg 12 Çiğneme Tablet;3;0;3;337;
2.06.2026;SELÇUK ECZA DEPOSU;SELÇUK SAMSUN;8,68E+12;GÜNBEYAZ ECZANESİ;SAMSUN ULUGAZI;ACİDPASS;Acidpass 10/800/165 mg 12 Çiğneme Tablet;3;0;3;337;
24.06.2026;SELÇUK ECZA DEPOSU;SELÇUK SAMSUN;8,68E+12;GÜNBEYAZ ECZANESİ;SAMSUN ULUGAZI;ACİDPASS;Acidpass 10/800/165 mg 12 Çiğneme Tablet;3;0;3;337;
19.06.2026;NEVZAT ECZA DEPOSU;NEVZAT SAMSUN;8,68E+12;GÜMENEZ ECZANESİ;SAMSUN ALACAM+YAKAKENT;ACİDPASS;Acidpass 10/800/165 mg 12 Çiğneme Tablet;3;0;3;337;
1.06.2026;SELÇUK ECZA DEPOSU;SELÇUK SAMSUN;8,68E+12;DOĞA ECZANESİ;SAMSUN ILKADIM - 2;ACİDPASS;Acidpass 10/800/165 mg 12 Çiğneme Tablet;3;0;3;337;
26.06.2026;ALLIANCE HEALTHCARE;AH SAMSUN;8,68E+12;RENDECİ ECZANESİ;SAMSUN BAHCELIEVLER;ACİDPASS;Acidpass 10/800/165 mg 12 Çiğneme Tablet;3;0;3;337;
29.06.2026;SELÇUK ECZA DEPOSU;SELÇUK SAMSUN;8,68E+12;KUZEY ECZANESİ;SAMSUN CANIK;ACİDPASS;Acidpass 10/800/165 mg 12 Çiğneme Tablet;3;0;3;337;
9.06.2026;SELÇUK ECZA DEPOSU;SELÇUK SAMSUN;8,68E+12;ÖZDAL ECZANESİ;SIVAS BATI ILCELER;ACİDPASS;Acidpass 10/800/165 mg 12 Çiğneme Tablet;3;0;3;337;
11.06.2026;SELÇUK ECZA DEPOSU;SELÇUK SAMSUN;8,68E+12;GAZİ ECZANESİ;SAMSUN HURRIYET+ZAFER;ACİDPASS;Acidpass 10/800/165 mg 12 Çiğneme Tablet;3;0;3;337;
9.06.2026;ALLIANCE HEALTHCARE;AH SAMSUN;8,68E+12;ÇEVRE ECZANESİ;SAMSUN HURRIYET+ZAFER;ACİDPASS;Acidpass 10/800/165 mg 12 Çiğneme Tablet;3;0;3;337;
3.06.2026;ALLIANCE HEALTHCARE;AH SAMSUN;8,68E+12;YUMUK ECZANESİ;SINOP DOGU-BATI ILCELER;ACİDPASS;Acidpass 10/800/165 mg 12 Çiğneme Tablet;3;0;3;337;
26.06.2026;SELÇUK ECZA DEPOSU;SELÇUK SAMSUN;8,68E+12;YAŞAM ECZANESİ;SINOP DOGU-BATI ILCELER;ACİDPASS;Acidpass 10/800/165 mg 12 Çiğneme Tablet;3;0;3;337;
1.06.2026;NEVZAT ECZA DEPOSU;NEVZAT SAMSUN;8,68E+12;BAYGÜNEŞ ECZANESİ;SIVAS MERKEZ -4;ACİDPASS;Acidpass 10/800/165 mg 12 Çiğneme Tablet;3;0;3;337;
2.06.2026;NEVZAT ECZA DEPOSU;NEVZAT SAMSUN;8,68E+12;DEMET ECZANESİ;SIVAS MERKEZ -4;ACİDPASS;Acidpass 10/800/165 mg 12 Çiğneme Tablet;3;0;3;337;
8.06.2026;SELÇUK ECZA DEPOSU;SELÇUK SAMSUN;8,68E+12;DOĞU ECZANESİ;SIVAS MERKEZ -4;ACİDPASS;Acidpass 10/800/165 mg 12 Çiğneme Tablet;3;0;3;337;
16.06.2026;SELÇUK ECZA DEPOSU;SELÇUK SAMSUN;8,68E+12;ANADOLU ECZANESİ;SIVAS MERKEZ -4;ACİDPASS;Acidpass 10/800/165 mg 12 Çiğneme Tablet;3;0;3;337;
16.06.2026;SELÇUK ECZA DEPOSU;SELÇUK SAMSUN;8,68E+12;ANADOLU ECZANESİ;SIVAS MERKEZ -4;ACİDPASS;Acidpass 10/800/165 mg 12 Çiğneme Tablet;3;0;3;337;
23.06.2026;SELÇUK ECZA DEPOSU;SELÇUK TRABZON;8,68E+12;YENİ ECZANE;TRABZON K.BASI+SURMENE;ACİDPASS;Acidpass 10/800/165 mg 12 Çiğneme Tablet;3;0;3;337;
3.06.2026;SELÇUK ECZA DEPOSU;SELÇUK TRABZON;8,68E+12;DİLEK ECZANESİ;TRABZON MERKEZ -1;ACİDPASS;Acidpass 10/800/165 mg 12 Çiğneme Tablet;3;0;3;337;
22.06.2026;SELÇUK ECZA DEPOSU;SELÇUK SAMSUN;8,68E+12;AKADEMİ ECZANESİ;TOKAT MERKEZ -1;ACİDPASS;Acidpass 10/800/165 mg 12 Çiğneme Tablet;3;0;3;337;
4.06.2026;NEVZAT ECZA DEPOSU;NEVZAT SAMSUN;8,68E+12;TEKELİ ECZANESİ;TOKAT TURHAL;ACİDPASS;Acidpass 10/800/165 mg 12 Çiğneme Tablet;3;0;3;337;
23.06.2026;NEVZAT ECZA DEPOSU;NEVZAT SAMSUN;8,68E+12;KARŞIYAKA ECZANESİ;TOKAT MERKEZ -1;ACİDPASS;Acidpass 10/800/165 mg 12 Çiğneme Tablet;3;0;3;337;
25.06.2026;NEVZAT ECZA DEPOSU;NEVZAT SAMSUN;8,68E+12;KARANFİL ECZANESİ;TOKAT MERKEZ -1;ACİDPASS;Acidpass 10/800/165 mg 12 Çiğneme Tablet;3;0;3;337;
29.06.2026;SELÇUK ECZA DEPOSU;SELÇUK SAMSUN;8,68E+12;ONUR ECZANESİ;TOKAT BATI ILCELER;ACİDPASS;Acidpass 10/800/165 mg 12 Çiğneme Tablet;3;0;3;337;
3.06.2026;NEVZAT ECZA DEPOSU;NEVZAT SAMSUN;8,68E+12;BAKLACIOĞLU ECZANESİ;TOKAT TURHAL;ACİDPASS;Acidpass 10/800/165 mg 12 Çiğneme Tablet;3;0;3;337;
1.06.2026;NEVZAT ECZA DEPOSU;NEVZAT SAMSUN;8,68E+12;BAKLACIOĞLU ECZANESİ;TOKAT TURHAL;ACİDPASS;Acidpass 10/800/165 mg 12 Çiğneme Tablet;3;0;3;337;
15.06.2026;ALLIANCE HEALTHCARE;AH SAMSUN;8,68E+12;SÖNMEZ ECZANESİ;TOKAT MERKEZ -1;ACİDPASS;Acidpass 10/800/165 mg 12 Çiğneme Tablet;3;0;3;337;
20.06.2026;ALLIANCE HEALTHCARE;AH SAMSUN;8,68E+12;LOKMAN ECZANESİ;TOKAT DOGU ILCELER;ACİDPASS;Acidpass 10/800/165 mg 12 Çiğneme Tablet;3;0;3;337;
12.06.2026;ALLIANCE HEALTHCARE;AH SAMSUN;8,68E+12;GÜNEŞ ECZANESİ;TOKAT TURHAL;ACİDPASS;Acidpass 10/800/165 mg 12 Çiğneme Tablet;3;0;3;337;
5.06.2026;NEVZAT ECZA DEPOSU;NEVZAT SAMSUN;8,68E+12;KAZOVA ECZANESİ;TOKAT MERKEZ -1;ACİDPASS;Acidpass 10/800/165 mg 12 Çiğneme Tablet;3;0;3;337;
23.06.2026;SELÇUK ECZA DEPOSU;SELÇUK SAMSUN;8,68E+12;ŞİFA ECZANESİ;TOKAT MERKEZ -1;ACİDPASS;Acidpass 10/800/165 mg 12 Çiğneme Tablet;3;0;3;337;
3.06.2026;ALLIANCE HEALTHCARE;AH SAMSUN;8,68E+12;MERKEZ ECZANESİ;TOKAT DOGU ILCELER;ACİDPASS;Acidpass 10/800/165 mg 12 Çiğneme Tablet;3;0;3;337;
15.06.2026;ALLIANCE HEALTHCARE;AH SAMSUN;8,68E+12;DURU ECZANESİ;TOKAT MERKEZ -1;ACİDPASS;Acidpass 10/800/165 mg 12 Çiğneme Tablet;3;0;3;337;
5.06.2026;NEVZAT ECZA DEPOSU;NEVZAT SAMSUN;8,68E+12;YENİGÜN ECZANESİ;TOKAT BATI ILCELER;ACİDPASS;Acidpass 10/800/165 mg 12 Çiğneme Tablet;3;0;3;337;
2.06.2026;NEVZAT ECZA DEPOSU;NEVZAT SAMSUN;8,68E+12;SELVİ ECZANESİ;TOKAT DOGU ILCELER;ACİDPASS;Acidpass 10/800/165 mg 12 Çiğneme Tablet;3;0;3;337;
11.06.2026;ALLIANCE HEALTHCARE;AH TRABZON;8,68E+12;ÖZTÜRK ECZANESİ;TRABZON DOGU ILCELER -1;ACİDPASS;Acidpass 10/800/165 mg 12 Çiğneme Tablet;3;0;3;337;
8.06.2026;ALLIANCE HEALTHCARE;AH TRABZON;8,68E+12;ÇÖMLEKÇİ ECZANESİ;TRABZON MERKEZ -4;ACİDPASS;Acidpass 10/800/165 mg 12 Çiğneme Tablet;3;0;3;337;
1.06.2026;SELÇUK ECZA DEPOSU;SELÇUK TRABZON;8,68E+12;BURÇİN ECZANESİ;TRABZON MERKEZ -4;ACİDPASS;Acidpass 10/800/165 mg 12 Çiğneme Tablet;3;0;3;337;
1.06.2026;SELÇUK ECZA DEPOSU;SELÇUK TRABZON;8,68E+12;KARADUMAN ECZANESİ;TRABZON MERKEZ -2;ACİDPASS;Acidpass 10/800/165 mg 12 Çiğneme Tablet;3;0;3;337;
11.06.2026;ALLIANCE HEALTHCARE;AH TRABZON;8,68E+12;PETEK ECZANESİ;TRABZON DOGU ILCELER - 2;ACİDPASS;Acidpass 10/800/165 mg 12 Çiğneme Tablet;3;0;3;337;
1.06.2026;NEVZAT ECZA DEPOSU;NEVZAT TRABZON;8,68E+12;ERDOĞDU ECZANESİ;TRABZON MERKEZ -1;ACİDPASS;Acidpass 10/800/165 mg 12 Çiğneme Tablet;3;0;3;337;
17.06.2026;ALLIANCE HEALTHCARE;AH TRABZON;8,68E+12;PETEK ECZANESİ;TRABZON DOGU ILCELER - 2;ACİDPASS;Acidpass 10/800/165 mg 12 Çiğneme Tablet;3;0;3;337;
5.06.2026;SELÇUK ECZA DEPOSU;SELÇUK ERZURUM;8,68E+12;VERESELİ MURAT ECZANESİ;ERZURUM GUNEY ILCELER;ACİDPASS;Acidpass 10/800/165 mg 12 Çiğneme Tablet;3;0;3;337;
20.06.2026;NEVZAT ECZA DEPOSU;NEVZAT ERZURUM;8,68E+12;ADA ECZANESİ;ERZURUM MERKEZ -1;ACİDPASS;Acidpass 10/800/165 mg 12 Çiğneme Tablet;3;0;3;337;
8.06.2026;ALLIANCE HEALTHCARE;AH ORDU;8,68E+12;ŞİFA ECZANESİ;GIRESUN DOGU ILCELER -1;ACİDPASS;Acidpass 10/800/165 mg 12 Çiğneme Tablet;3;0;3;337;
5.06.2026;ALLIANCE HEALTHCARE;AH ORDU;8,68E+12;ŞİFA ECZANESİ;GIRESUN DOGU ILCELER -1;ACİDPASS;Acidpass 10/800/165 mg 12 Çiğneme Tablet;3;0;3;337;
18.06.2026;ALLIANCE HEALTHCARE;AH ORDU;8,68E+12;BİLGE ECZANESİ;GIRESUN DOGU ILCELER -1;ACİDPASS;Acidpass 10/800/165 mg 12 Çiğneme Tablet;3;0;3;337;
3.06.2026;ALLIANCE HEALTHCARE;AH ORDU;8,68E+12;BİLGE ECZANESİ;GIRESUN DOGU ILCELER -1;ACİDPASS;Acidpass 10/800/165 mg 12 Çiğneme Tablet;3;0;3;337;
26.06.2026;SELÇUK ECZA DEPOSU;SELÇUK SAMSUN;8,68E+12;YEŞİM ECZANESİ;SAMSUN PAZAR;ACİDPASS;Acidpass 10/800/165 mg 12 Çiğneme Tablet;3;0;3;337;
11.06.2026;ALLIANCE HEALTHCARE;AH SAMSUN;8,68E+12;İSTİKLAL ECZANESİ;SAMSUN ULUGAZI;ACİDPASS;Acidpass 10/800/165 mg 12 Çiğneme Tablet;3;0;3;337;
3.06.2026;NEVZAT ECZA DEPOSU;NEVZAT SAMSUN;8,68E+12;YAŞARDOĞU ECZANESİ;SAMSUN RASATHANE;ACİDPASS;Acidpass 10/800/165 mg 12 Çiğneme Tablet;3;0;3;337;
29.06.2026;NEVZAT ECZA DEPOSU;NEVZAT SAMSUN;8,68E+12;YAŞARDOĞU ECZANESİ;SAMSUN RASATHANE;ACİDPASS;Acidpass 10/800/165 mg 12 Çiğneme Tablet;3;0;3;337;
17.06.2026;NEVZAT ECZA DEPOSU;NEVZAT SAMSUN;8,68E+12;YILMAZ ECZANESİ;SAMSUN HURRIYET+ZAFER;ACİDPASS;Acidpass 10/800/165 mg 12 Çiğneme Tablet;3;0;3;337;
1.06.2026;NEVZAT ECZA DEPOSU;NEVZAT SAMSUN;8,68E+12;YILMAZ ECZANESİ;SAMSUN HURRIYET+ZAFER;ACİDPASS;Acidpass 10/800/165 mg 12 Çiğneme Tablet;3;0;3;337;
18.06.2026;ALLIANCE HEALTHCARE;AH SAMSUN;8,68E+12;SÜMER ECZANESİ;SAMSUN HAVZA+KAVAK+LADIK;ACİDPASS;Acidpass 10/800/165 mg 12 Çiğneme Tablet;3;0;3;337;
29.06.2026;ALLIANCE HEALTHCARE;AH SAMSUN;8,68E+12;SÜMER ECZANESİ;SAMSUN HAVZA+KAVAK+LADIK;ACİDPASS;Acidpass 10/800/165 mg 12 Çiğneme Tablet;3;0;3;337;
5.06.2026;NEVZAT ECZA DEPOSU;NEVZAT SAMSUN;8,68E+12;CANALP ECZANESİ;SAMSUN ADALET;ACİDPASS;Acidpass 10/800/165 mg 12 Çiğneme Tablet;3;0;3;337;
1.06.2026;NEVZAT ECZA DEPOSU;NEVZAT TRABZON;8,68E+12;ÖZGÜR ECZANESİ;TRABZON MERKEZ -1;ACİDPASS;Acidpass 10/800/165 mg 12 Çiğneme Tablet;3;0;3;337;
30.06.2026;SELÇUK ECZA DEPOSU;SELÇUK TRABZON;8,68E+12;ŞİFA ECZANESİ;TRABZON MERKEZ -1;ACİDPASS;Acidpass 10/800/165 mg 12 Çiğneme Tablet;3;0;3;337;
18.06.2026;SELÇUK ECZA DEPOSU;SELÇUK TRABZON;8,68E+12;SİTELER ECZANESİ;TRABZON MERKEZ -3;ACİDPASS;Acidpass 10/800/165 mg 12 Çiğneme Tablet;3;0;3;337;
11.06.2026;NEVZAT ECZA DEPOSU;NEVZAT TRABZON;8,68E+12;ALİBEYOĞLU ECZANESİ;TRABZON MERKEZ -3;ACİDPASS;Acidpass 10/800/165 mg 12 Çiğneme Tablet;3;0;3;337;
23.06.2026;ALLIANCE HEALTHCARE;AH ORDU;8,68E+12;YAVUZ ECZANESİ;ORDU BATI ILCELER;ACİDPASS;Acidpass 10/800/165 mg 12 Çiğneme Tablet;3;0;3;337;
25.06.2026;ALLIANCE HEALTHCARE;AH SAMSUN;8,68E+12;ŞEHİR ECZANESİ;SAMSUN ATAKUM;ACİDPASS;Acidpass 10/800/165 mg 12 Çiğneme Tablet;3;0;3;337;
11.06.2026;ALLIANCE HEALTHCARE;AH SAMSUN;8,68E+12;ŞEHİR ECZANESİ;SAMSUN ATAKUM;ACİDPASS;Acidpass 10/800/165 mg 12 Çiğneme Tablet;3;0;3;337;
29.06.2026;ALLIANCE HEALTHCARE;AH SAMSUN;8,68E+12;TEBESSÜM ECZANESİ;SAMSUN TERME;ACİDPASS;Acidpass 10/800/165 mg 12 Çiğneme Tablet;3;0;3;337;
17.06.2026;SELÇUK ECZA DEPOSU;SELÇUK TRABZON;8,68E+12;SEVDA ECZANESİ;TRABZON BATI ILCELER - 2;ACİDPASS;Acidpass 10/800/165 mg 12 Çiğneme Tablet;3;0;3;337;
2.06.2026;SELÇUK ECZA DEPOSU;SELÇUK SAMSUN;8,68E+12;FERAH ECZANESİ;SAMSUN ADALET;ACİDPASS;Acidpass 10/800/165 mg 12 Çiğneme Tablet;3;0;3;337;
11.06.2026;SELÇUK ECZA DEPOSU;SELÇUK SAMSUN;8,68E+12;NEVA ECZANESİ;ORDU UNYE;ACİDPASS;Acidpass 10/800/165 mg 12 Çiğneme Tablet;3;0;3;337;
12.06.2026;ALLIANCE HEALTHCARE;AH ORDU;8,68E+12;HEKİMOĞLU ECZANESİ;ORDU MERKEZ -3;ACİDPASS;Acidpass 10/800/165 mg 12 Çiğneme Tablet;3;0;3;337;
12.06.2026;SELÇUK ECZA DEPOSU;SELÇUK ERZURUM;8,68E+12;YENİ DEFNE ECZANESİ;ERZURUM MERKEZ -1;ACİDPASS;Acidpass 10/800/165 mg 12 Çiğneme Tablet;3;0;3;337;
9.06.2026;SELÇUK ECZA DEPOSU;SELÇUK ERZURUM;8,68E+12;ÖMER FARUK ECZANESİ;ERZURUM KUZEY ILCELER;ACİDPASS;Acidpass 10/800/165 mg 12 Çiğneme Tablet;3;0;3;337;
30.06.2026;SELÇUK ECZA DEPOSU;SELÇUK ERZURUM;8,68E+12;ÖMER FARUK ECZANESİ;ERZURUM KUZEY ILCELER;ACİDPASS;Acidpass 10/800/165 mg 12 Çiğneme Tablet;3;0;3;337;
18.06.2026;SELÇUK ECZA DEPOSU;SELÇUK ERZURUM;8,68E+12;ÖMER FARUK ECZANESİ;ERZURUM KUZEY ILCELER;ACİDPASS;Acidpass 10/800/165 mg 12 Çiğneme Tablet;3;0;3;337;
10.06.2026;SELÇUK ECZA DEPOSU;SELÇUK ERZURUM;8,68E+12;KÜBRA NUR ECZANESİ;ERZINCAN ILCELER;ACİDPASS;Acidpass 10/800/165 mg 12 Çiğneme Tablet;3;0;3;337;
4.06.2026;SELÇUK ECZA DEPOSU;SELÇUK ERZURUM;8,68E+12;KÜBRA NUR ECZANESİ;ERZINCAN ILCELER;ACİDPASS;Acidpass 10/800/165 mg 12 Çiğneme Tablet;3;0;3;337;
21.06.2026;ALLIANCE HEALTHCARE;AH SAMSUN;8,68E+12;YENİ LİSE ECZANESİ;SAMSUN HURRIYET+ZAFER;ACİDPASS;Acidpass 10/800/165 mg 12 Çiğneme Tablet;3;0;3;337;
2.06.2026;SELÇUK ECZA DEPOSU;SELÇUK TRABZON;8,68E+12;KUBRA ECZANESİ;TRABZON DOGU ILCELER - 2;ACİDPASS;Acidpass 10/800/165 mg 12 Çiğneme Tablet;3;0;3;337;
23.06.2026;ALLIANCE HEALTHCARE;AH ORDU;8,68E+12;NİSAN ECZANESİ;ORDU MERKEZ -3;ACİDPASS;Acidpass 10/800/165 mg 12 Çiğneme Tablet;3;0;3;337;
12.06.2026;SELÇUK ECZA DEPOSU;SELÇUK SAMSUN;8,68E+12;BÜŞRA ECZANESİ;SIVAS GUNEY ILCELER;ACİDPASS;Acidpass 10/800/165 mg 12 Çiğneme Tablet;3;0;3;337;
14.06.2026;SELÇUK ECZA DEPOSU;SELÇUK SAMSUN;8,68E+12;TAHA ECZANESİ;SAMSUN ATAKUM;ACİDPASS;Acidpass 10/800/165 mg 12 Çiğneme Tablet;3;0;3;337;
12.06.2026;ALLIANCE HEALTHCARE;AH SAMSUN;8,68E+12;DERYA ECZANESİ;SAMSUN ATAKENT+19 MAYIS;ACİDPASS;Acidpass 10/800/165 mg 12 Çiğneme Tablet;3;0;3;337;
1.06.2026;ALLIANCE HEALTHCARE;AH SAMSUN;8,68E+12;DERYA ECZANESİ;SAMSUN ATAKENT+19 MAYIS;ACİDPASS;Acidpass 10/800/165 mg 12 Çiğneme Tablet;3;0;3;337;
24.06.2026;ALLIANCE HEALTHCARE;AH ORDU;8,68E+12;ÖZDEMİR ECZANESİ;ORDU MERKEZ -1;ACİDPASS;Acidpass 10/800/165 mg 12 Çiğneme Tablet;3;0;3;337;
18.06.2026;SELÇUK ECZA DEPOSU;SELÇUK SAMSUN;8,68E+12;DUMAN ECZANESİ;ORDU BATI ILCELER;ACİDPASS;Acidpass 10/800/165 mg 12 Çiğneme Tablet;3;0;3;337;
5.06.2026;SELÇUK ECZA DEPOSU;SELÇUK ERZURUM;8,68E+12;LİVA İNGEC ECZANESİ;ERZURUM MERKEZ -1;ACİDPASS;Acidpass 10/800/165 mg 12 Çiğneme Tablet;3;0;3;337;
2.06.2026;SELÇUK ECZA DEPOSU;SELÇUK SAMSUN;8,68E+12;ŞİFA ECZANESİ;SIVAS GUNEY ILCELER;ACİDPASS;Acidpass 10/800/165 mg 12 Çiğneme Tablet;3;0;3;337;
11.06.2026;ALLIANCE HEALTHCARE;AH TRABZON;8,68E+12;MERKEZ ECZANESİ;TRABZON DOGU ILCELER - 2;ACİDPASS;Acidpass 10/800/165 mg 12 Çiğneme Tablet;3;0;3;337;
9.06.2026;NEVZAT ECZA DEPOSU;NEVZAT ERZURUM;8,68E+12;ÇAT ECZANESİ;ERZURUM GUNEY ILCELER;ACİDPASS;Acidpass 10/800/165 mg 12 Çiğneme Tablet;3;0;3;337;
4.06.2026;ALLIANCE HEALTHCARE;AH SAMSUN;8,68E+12;KESKİN ECZANESİ;SAMSUN DOGU ILCELER - 2;ACİDPASS;Acidpass 10/800/165 mg 12 Çiğneme Tablet;3;0;3;337;
2.06.2026;SELÇUK ECZA DEPOSU;SELÇUK TRABZON;8,68E+12;DOĞA ECZANESİ;TRABZON DOGU ILCELER -1;ACİDPASS;Acidpass 10/800/165 mg 12 Çiğneme Tablet;3;0;3;337;
4.06.2026;SELÇUK ECZA DEPOSU;SELÇUK ERZURUM;8,68E+12;ÜSTÜN ECZANESİ;ERZURUM KUZEY ILCELER;ACİDPASS;Acidpass 10/800/165 mg 12 Çiğneme Tablet;3;0;3;337;
1.06.2026;NEVZAT ECZA DEPOSU;NEVZAT SAMSUN;8,68E+12;BALIM ECZANESİ;TOKAT DOGU ILCELER;ACİDPASS;Acidpass 10/800/165 mg 12 Çiğneme Tablet;3;0;3;337;
10.06.2026;ALLIANCE HEALTHCARE;AH SAMSUN;8,68E+12;BALCALI ECZANESİ;SAMSUN DOGU ILCELER;ACİDPASS;Acidpass 10/800/165 mg 12 Çiğneme Tablet;3;0;3;337;
11.06.2026;SELÇUK ECZA DEPOSU;SELÇUK ERZURUM;8,68E+12;YEŞİLÇİMEN ECZANESİ;AGRI ILCELER;ACİDPASS;Acidpass 10/800/165 mg 12 Çiğneme Tablet;3;0;3;337;
2.06.2026;SELÇUK ECZA DEPOSU;SELÇUK ERZURUM;8,68E+12;İREM ECZANESİ;ERZINCAN MERKEZ;ACİDPASS;Acidpass 10/800/165 mg 12 Çiğneme Tablet;3;0;3;337;
15.06.2026;SELÇUK ECZA DEPOSU;SELÇUK SAMSUN;8,68E+12;DİNÇ ECZANESİ;SAMSUN DOGU ILCELER - 2;ACİDPASS;Acidpass 10/800/165 mg 12 Çiğneme Tablet;3;0;3;337;
1.06.2026;SELÇUK ECZA DEPOSU;SELÇUK SAMSUN;8,68E+12;DİNÇ ECZANESİ;SAMSUN DOGU ILCELER - 2;ACİDPASS;Acidpass 10/800/165 mg 12 Çiğneme Tablet;3;0;3;337;
11.06.2026;SELÇUK ECZA DEPOSU;SELÇUK ERZURUM;8,68E+12;SARI ECZANESİ;AGRI ILCELER;ACİDPASS;Acidpass 10/800/165 mg 12 Çiğneme Tablet;3;0;3;337;
2.06.2026;SELÇUK ECZA DEPOSU;SELÇUK ERZURUM;8,68E+12;FIRAT ECZANESİ;ERZURUM GUNEY ILCELER;ACİDPASS;Acidpass 10/800/165 mg 12 Çiğneme Tablet;3;0;3;337;
19.06.2026;SELÇUK ECZA DEPOSU;SELÇUK SAMSUN;8,68E+12;ŞEYHOĞLU ECZANESİ;ORDU MERKEZ -3;ACİDPASS;Acidpass 10/800/165 mg 12 Çiğneme Tablet;3;0;3;337;
1.06.2026;SELÇUK ECZA DEPOSU;SELÇUK ERZURUM;8,68E+12;YENI HALK ECAZANESİ;AGRI DIYADIN+D.BEYAZIT;ACİDPASS;Acidpass 10/800/165 mg 12 Çiğneme Tablet;3;0;3;337;
12.06.2026;SELÇUK ECZA DEPOSU;SELÇUK ERZURUM;8,68E+12;BERFIN ECZ.TUTAK;AGRI DIYADIN+D.BEYAZIT;ACİDPASS;Acidpass 10/800/165 mg 12 Çiğneme Tablet;3;0;3;337;
15.06.2026;SELÇUK ECZA DEPOSU;SELÇUK ERZURUM;8,68E+12;BERFIN ECZ.TUTAK;AGRI DIYADIN+D.BEYAZIT;ACİDPASS;Acidpass 10/800/165 mg 12 Çiğneme Tablet;3;0;3;337;
3.06.2026;SELÇUK ECZA DEPOSU;SELÇUK ERZURUM;8,68E+12;DEVA ECZANESİ;ERZURUM GUNEY ILCELER;ACİDPASS;Acidpass 10/800/165 mg 12 Çiğneme Tablet;3;0;3;337;
16.06.2026;ALLIANCE HEALTHCARE;AH SAMSUN;8,68E+12;NİHAL ECZANESİ;SAMSUN ATAKUM;ACİDPASS;Acidpass 10/800/165 mg 12 Çiğneme Tablet;3;0;3;337;
5.06.2026;ALLIANCE HEALTHCARE;AH SAMSUN;8,68E+12;NİHAL ECZANESİ;SAMSUN ATAKUM;ACİDPASS;Acidpass 10/800/165 mg 12 Çiğneme Tablet;3;0;3;337;
9.06.2026;ALLIANCE HEALTHCARE;AH SAMSUN;8,68E+12;CANSUYU ECZANESİ;TOKAT DOGU ILCELER;ACİDPASS;Acidpass 10/800/165 mg 12 Çiğneme Tablet;3;0;3;337;
16.06.2026;NEVZAT ECZA DEPOSU;NEVZAT SAMSUN;8,68E+12;YASEMİN ECZANESİ;AMASYA MERKEZ -1;ACİDPASS;Acidpass 10/800/165 mg 6 Çiğneme Tablet;3;0;3;207;
12.06.2026;SELÇUK ECZA DEPOSU;SELÇUK TRABZON;8,68E+12;SERHAT ECZANESİ;ARTVIN MERKEZ+DOGU+GUNEY;ACİDPASS;Acidpass 10/800/165 mg 6 Çiğneme Tablet;3;0;3;207;
17.06.2026;SELÇUK ECZA DEPOSU;SELÇUK SAMSUN;8,68E+12;ŞİFA ECZANESİ;CORUM MERKEZ -3;ACİDPASS;Acidpass 10/800/165 mg 6 Çiğneme Tablet;3;0;3;207;
25.06.2026;SELÇUK ECZA DEPOSU;SELÇUK ERZURUM;8,68E+12;GÖKÇE ECZANESİ;ERZURUM KUZEY ILCELER;ACİDPASS;Acidpass 10/800/165 mg 6 Çiğneme Tablet;3;0;3;207;
11.06.2026;SELÇUK ECZA DEPOSU;SELÇUK ERZURUM;8,68E+12;ŞÜHEDA ECZANESİ;ERZURUM MERKEZ -2;ACİDPASS;Acidpass 10/800/165 mg 6 Çiğneme Tablet;3;0;3;207;
1.06.2026;SELÇUK ECZA DEPOSU;SELÇUK TRABZON;8,68E+12;TOLGA ECZANESİ;GIRESUN DOGU ILCELER -1;ACİDPASS;Acidpass 10/800/165 mg 6 Çiğneme Tablet;3;0;3;207;
29.06.2026;NEVZAT ECZA DEPOSU;NEVZAT TRABZON;8,68E+12;SAĞLIK ECZANESİ;ORDU DOGU ILCELER;ACİDPASS;Acidpass 10/800/165 mg 6 Çiğneme Tablet;3;0;3;207;
23.06.2026;SELÇUK ECZA DEPOSU;SELÇUK TRABZON;8,68E+12;ONUR ECZANESİ;RIZE MERKEZ;ACİDPASS;Acidpass 10/800/165 mg 6 Çiğneme Tablet;3;0;3;207;
27.06.2026;SELÇUK ECZA DEPOSU;SELÇUK SAMSUN;8,68E+12;SELÇUK ECZANESİ;SAMSUN RASATHANE;ACİDPASS;Acidpass 10/800/165 mg 6 Çiğneme Tablet;3;0;3;207;
26.06.2026;ALLIANCE HEALTHCARE;AH SAMSUN;8,68E+12;GÜNDAY ECZANESİ;SAMSUN BAFRA;ACİDPASS;Acidpass 10/800/165 mg 6 Çiğneme Tablet;3;0;3;207;
9.06.2026;SELÇUK ECZA DEPOSU;SELÇUK SAMSUN;8,68E+12;ÖZDAL ECZANESİ;SIVAS BATI ILCELER;ACİDPASS;Acidpass 10/800/165 mg 6 Çiğneme Tablet;3;0;3;207;
1.06.2026;SELÇUK ECZA DEPOSU;SELÇUK SAMSUN;8,68E+12;ŞİFA ECZANESİ;SIVAS MERKEZ -3;ACİDPASS;Acidpass 10/800/165 mg 6 Çiğneme Tablet;3;0;3;207;
19.06.2026;NEVZAT ECZA DEPOSU;NEVZAT SAMSUN;8,68E+12;GÖKDERE ECZANESİ;TOKAT MERKEZ -1;ACİDPASS;Acidpass 10/800/165 mg 6 Çiğneme Tablet;3;0;3;207;
5.06.2026;SELÇUK ECZA DEPOSU;SELÇUK TRABZON;8,68E+12;HUZUR ECZANESİ;GUMUSHANE;ACİDPASS;Acidpass 10/800/165 mg 6 Çiğneme Tablet;3;0;3;207;
3.06.2026;NEVZAT ECZA DEPOSU;NEVZAT SAMSUN;8,68E+12;TARHAN ECZANESİ;SAMSUN HURRIYET+ZAFER;ACİDPASS;Acidpass 10/800/165 mg 6 Çiğneme Tablet;3;0;3;207;
10.06.2026;ALLIANCE HEALTHCARE;AH SAMSUN;8,68E+12;ELMAS ECZANESİ;SAMSUN TERME;ACİDPASS;Acidpass 10/800/165 mg 6 Çiğneme Tablet;3;0;3;207;
4.06.2026;SELÇUK ECZA DEPOSU;SELÇUK ERZURUM;8,68E+12;KÜBRA NUR ECZANESİ;ERZINCAN ILCELER;ACİDPASS;Acidpass 10/800/165 mg 6 Çiğneme Tablet;3;0;3;207;
2.06.2026;SELÇUK ECZA DEPOSU;SELÇUK ERZURUM;8,68E+12;TAZEGÜL ECZANESİ;KARS MERKEZ;ACİDPASS;Acidpass 10/800/165 mg 6 Çiğneme Tablet;3;0;3;207;
2.06.2026;ALLIANCE HEALTHCARE;AH TRABZON;8,68E+12;EFENDİOĞLU ECZANESİ;TRABZON K.BASI+SURMENE;ACİDPASS;Acidpass 10/800/165 mg 6 Çiğneme Tablet;3;0;3;207;
12.06.2026;ALLIANCE HEALTHCARE;AH SAMSUN;8,68E+12;AYŞE ABACI ECZANESİ;SAMSUN ATAKENT+19 MAYIS;ACİDPASS;Acidpass 10/800/165 mg 6 Çiğneme Tablet;3;0;3;207;
4.06.2026;SELÇUK ECZA DEPOSU;SELÇUK ERZURUM;8,68E+12;ÖZLEM ECZANESİ;AGRI ILCELER;ACİDPASS;Acidpass 10/800/165 mg 6 Çiğneme Tablet;3;0;3;207;
22.06.2026;SELÇUK ECZA DEPOSU;SELÇUK SAMSUN;8,68E+12;SOYLU ECZANESİ;SIVAS MERKEZ -4;ACİDPASS;Acidpass 10/800/165 mg 6 Çiğneme Tablet;3;0;3;207;
8.06.2026;SELÇUK ECZA DEPOSU;SELÇUK TRABZON;8,68E+12;MERKEZ ECZANESİ;ARTVIN MERKEZ+DOGU+GUNEY;GRİPORT COLD;Griport Cold 20 Film Kaplı Tablet;3;0;3;252;
10.06.2026;ALLIANCE HEALTHCARE;AH SAMSUN;8,68E+12;ESER ECZANESİ;CORUM MERKEZ -1;GRİPORT COLD;Griport Cold 20 Film Kaplı Tablet;3;0;3;252;
3.06.2026;SELÇUK ECZA DEPOSU;SELÇUK TRABZON;8,68E+12;MEYDAN ECZANESİ;GIRESUN MERKEZ -2;GRİPORT COLD;Griport Cold 20 Film Kaplı Tablet;3;0;3;252;
4.06.2026;SELÇUK ECZA DEPOSU;SELÇUK SAMSUN;8,68E+12;BEGÜM ECZANESİ;SAMSUN ATAKUM;GRİPORT COLD;Griport Cold 20 Film Kaplı Tablet;3;0;3;252;
16.06.2026;ALLIANCE HEALTHCARE;AH SAMSUN;8,68E+12;NAR ECZANESİ;SAMSUN PAZAR;GRİPORT COLD;Griport Cold 20 Film Kaplı Tablet;3;0;3;252;
23.06.2026;ALLIANCE HEALTHCARE;AH SAMSUN;8,68E+12;UTKU ECZANESİ;SAMSUN DOGU ILCELER - 2;GRİPORT COLD;Griport Cold 20 Film Kaplı Tablet;3;0;3;252;
3.06.2026;ALLIANCE HEALTHCARE;AH SAMSUN;8,68E+12;ANADOLU ECZANESİ;SAMSUN BAHCELIEVLER;GRİPORT COLD;Griport Cold 20 Film Kaplı Tablet;3;0;3;252;
16.06.2026;SELÇUK ECZA DEPOSU;SELÇUK SAMSUN;8,68E+12;ANADOLU ECZANESİ;SIVAS MERKEZ -4;GRİPORT COLD;Griport Cold 20 Film Kaplı Tablet;3;0;3;252;
5.06.2026;NEVZAT ECZA DEPOSU;NEVZAT TRABZON;8,68E+12;MERKEZ ECZANESİ;TRABZON DOGU ILCELER - 2;GRİPORT COLD;Griport Cold 20 Film Kaplı Tablet;3;0;3;252;
22.06.2026;SELÇUK ECZA DEPOSU;SELÇUK TRABZON;8,68E+12;SEBAT ECZANESİ;TRABZON AKCAABAT;GRİPORT COLD;Griport Cold 20 Film Kaplı Tablet;3;0;3;252;
30.06.2026;ALLIANCE HEALTHCARE;AH TRABZON;8,68E+12;ZEYNEP ECZANESİ;TRABZON BATI ILCELER - 2;GRİPORT COLD;Griport Cold 20 Film Kaplı Tablet;3;0;3;252;
10.06.2026;ALLIANCE HEALTHCARE;AH TRABZON;8,68E+12;RIZA ECZANESİ;TRABZON DOGU ILCELER -1;GRİPORT COLD;Griport Cold 20 Film Kaplı Tablet;3;0;3;252;
16.06.2026;SELÇUK ECZA DEPOSU;SELÇUK ERZURUM;8,68E+12;ERDOĞAN ECZANESİ;ERZURUM MERKEZ -3;GRİPORT COLD;Griport Cold 20 Film Kaplı Tablet;3;0;3;252;
30.06.2026;ALLIANCE HEALTHCARE;AH TRABZON;8,68E+12;NUR ECZANESİ;TRABZON MERKEZ -4;GRİPORT COLD;Griport Cold 20 Film Kaplı Tablet;3;0;3;252;
8.06.2026;SELÇUK ECZA DEPOSU;SELÇUK TRABZON;8,68E+12;KARAMANLAR ECZANESİ;GIRESUN MERKEZ -2;GRİPORT COLD;Griport Cold 20 Film Kaplı Tablet;3;0;3;252;
13.06.2026;ALLIANCE HEALTHCARE;AH SAMSUN;8,68E+12;ÖZLÜ ECZANESİ;AMASYA MERKEZ -2;GRİPORT COLD;Griport Cold 20 Film Kaplı Tablet;3;0;3;252;
5.06.2026;SELÇUK ECZA DEPOSU;SELÇUK ERZURUM;8,68E+12;PASİNLER ECZANESİ;ERZURUM GUNEY ILCELER;GRİPORT COLD;Griport Cold 20 Film Kaplı Tablet;3;0;3;252;
25.06.2026;SELÇUK ECZA DEPOSU;SELÇUK SAMSUN;8,68E+12;KİTAPLI ECZANESİ;SAMSUN PAZAR;GRİPORT COLD;Griport Cold 20 Film Kaplı Tablet;3;0;3;252;
25.06.2026;SELÇUK ECZA DEPOSU;SELÇUK SAMSUN;8,68E+12;KİTAPLI ECZANESİ;SAMSUN PAZAR;GRİPORT COLD;Griport Cold 20 Film Kaplı Tablet;3;0;3;252;
19.06.2026;SELÇUK ECZA DEPOSU;SELÇUK TRABZON;8,68E+12;DENİZ ECZANESİ;TRABZON MERKEZ -4;GRİPORT COLD;Griport Cold 20 Film Kaplı Tablet;3;0;3;252;
1.06.2026;SELÇUK ECZA DEPOSU;SELÇUK ERZURUM;8,68E+12;ENSAR ECZANESİ;ERZURUM KUZEY ILCELER;GRİPORT COLD;Griport Cold 20 Film Kaplı Tablet;3;0;3;252;
3.06.2026;SELÇUK ECZA DEPOSU;SELÇUK ERZURUM;8,68E+12;SARAYBOSNA ECZANESİ;ERZURUM MERKEZ -3;GRİPORT COLD;Griport Cold 20 Film Kaplı Tablet;3;0;3;252;
3.06.2026;NEVZAT ECZA DEPOSU;NEVZAT SAMSUN;8,68E+12;HİTİT ECZANESİ;CORUM MERKEZ -3;GRİPORT COLD;Griport Cold 20 Film Kaplı Tablet;3;0;3;252;
9.06.2026;NEVZAT ECZA DEPOSU;NEVZAT ERZURUM;8,68E+12;ÇAT ECZANESİ;ERZURUM GUNEY ILCELER;GRİPORT COLD;Griport Cold 20 Film Kaplı Tablet;3;0;3;252;
8.06.2026;ALLIANCE HEALTHCARE;AH SAMSUN;8,68E+12;DRAMA ECZANESİ;SAMSUN ATAKENT+19 MAYIS;GRİPORT COLD;Griport Cold 20 Film Kaplı Tablet;3;0;3;252;
11.06.2026;SELÇUK ECZA DEPOSU;SELÇUK TRABZON;8,68E+12;ZEYTÜL ECZANESİ;ARTVIN KUZEY ILCELER;GRİPORT COLD;Griport Cold 20 Film Kaplı Tablet;3;0;3;252;
23.06.2026;SELÇUK ECZA DEPOSU;SELÇUK TRABZON;8,68E+12;MİHRAP ECZANESİ;ARTVIN KUZEY ILCELER;GRİPORT COLD;Griport Cold 20 Film Kaplı Tablet;3;0;3;252;
30.06.2026;SELÇUK ECZA DEPOSU;SELÇUK TRABZON;8,68E+12;BACIOĞLU ECZANESİ;TRABZON DOGU ILCELER - 2;MOKSEFEN;Moksefen 400 mg 7 Film Tablet;3;0;3;447;
26.06.2026;NEVZAT ECZA DEPOSU;NEVZAT SAMSUN;8,68E+12;HASKÖY NALAN ECZANESİ;SAMSUN CANIK;MOKSEFEN;Moksefen 400 mg 7 Film Tablet;3;0;3;447;
19.06.2026;SELÇUK ECZA DEPOSU;SELÇUK SAMSUN;8,68E+12;ITIR ECZANESİ;SAMSUN CANIK;MOKSEFEN;Moksefen 400 mg 7 Film Tablet;3;0;3;447;
15.06.2026;SELÇUK ECZA DEPOSU;SELÇUK TRABZON;8,68E+12;AKIN ECZANESİ;ARTVIN MERKEZ+DOGU+GUNEY;PANOCER;Panocer 40 mg 14 Enterik Kaplı Tablet;3;0;3;243;
8.06.2026;ALLIANCE HEALTHCARE;AH ORDU;8,68E+12;TUBA ECZANESİ;ORDU MERKEZ -3;PANOCER;Panocer 40 mg 14 Enterik Kaplı Tablet;3;0;3;243;
19.06.2026;SELÇUK ECZA DEPOSU;SELÇUK SAMSUN;8,68E+12;LOKMAN ECZANESİ;ORDU FATSA;PANOCER;Panocer 40 mg 14 Enterik Kaplı Tablet;3;0;3;243;
22.06.2026;ALLIANCE HEALTHCARE;AH TRABZON;8,68E+12;ŞAHİN ECZANESİ;TRABZON BATI ILCELER - 2;PANOCER;Panocer 40 mg 14 Enterik Kaplı Tablet;3;0;3;243;
20.06.2026;ALLIANCE HEALTHCARE;AH TRABZON;8,68E+12;YAĞMUR ECZANESİ;TRABZON AKCAABAT;PANOCER;Panocer 40 mg 14 Enterik Kaplı Tablet;3;0;3;243;
25.06.2026;NEVZAT ECZA DEPOSU;NEVZAT ERZURUM;8,68E+12;SALTUKLU ECZANESİ;ERZURUM KUZEY ILCELER;PANOCER;Panocer 40 mg 14 Enterik Kaplı Tablet;3;0;3;243;
26.06.2026;NEVZAT ECZA DEPOSU;NEVZAT ERZURUM;8,68E+12;ZEHRA ECZANESİ;ERZINCAN MERKEZ;PANOCER;Panocer 40 mg 14 Enterik Kaplı Tablet;3;0;3;243;
23.06.2026;SELÇUK ECZA DEPOSU;SELÇUK ERZURUM;8,68E+12;TURGUT ECZANESİ;ERZURUM MERKEZ -3;PANOCER;Panocer 40 mg 28 Enterik Kaplı Tablet;3;0;3;316;
29.06.2026;SELÇUK ECZA DEPOSU;SELÇUK ERZURUM;8,68E+12;ARI ECZANESİ;ERZINCAN MERKEZ;PANOCER;Panocer 40 mg 28 Enterik Kaplı Tablet;3;0;3;316;
3.06.2026;SELÇUK ECZA DEPOSU;SELÇUK TRABZON;8,68E+12;MEYDAN ECZANESİ;GIRESUN MERKEZ -2;PANOCER;Panocer 40 mg 28 Enterik Kaplı Tablet;3;0;3;316;
16.06.2026;SELÇUK ECZA DEPOSU;SELÇUK TRABZON;8,68E+12;MEYDAN ECZANESİ;GIRESUN MERKEZ -2;PANOCER;Panocer 40 mg 28 Enterik Kaplı Tablet;3;0;3;316;
17.06.2026;SELÇUK ECZA DEPOSU;SELÇUK ERZURUM;8,68E+12;KARABAĞ ECZANESİ;KARS ILCELER;PANOCER;Panocer 40 mg 28 Enterik Kaplı Tablet;3;0;3;316;
18.06.2026;ALLIANCE HEALTHCARE;AH SAMSUN;8,68E+12;ASARCIK ECZANESİ;SAMSUN DOGU ILCELER;PANOCER;Panocer 40 mg 28 Enterik Kaplı Tablet;3;0;3;316;
16.06.2026;ALLIANCE HEALTHCARE;AH SAMSUN;8,68E+12;SOSYAL MESKENLER ECZANESİ;SAMSUN ADALET;PANOCER;Panocer 40 mg 28 Enterik Kaplı Tablet;3;0;3;316;
23.06.2026;SELÇUK ECZA DEPOSU;SELÇUK SAMSUN;8,68E+12;ASYA ECZANESİ;SAMSUN DOGU ILCELER;PANOCER;Panocer 40 mg 28 Enterik Kaplı Tablet;3;0;3;316;
4.06.2026;ALLIANCE HEALTHCARE;AH SAMSUN;8,68E+12;ORKİDE ORAN ECZANESİ;SAMSUN BAHCELIEVLER;PANOCER;Panocer 40 mg 28 Enterik Kaplı Tablet;3;0;3;316;
15.06.2026;SELÇUK ECZA DEPOSU;SELÇUK SAMSUN;8,68E+12;ANADOLU ECZANESİ;SIVAS MERKEZ -4;PANOCER;Panocer 40 mg 28 Enterik Kaplı Tablet;3;0;3;316;
27.06.2026;ALLIANCE HEALTHCARE;AH SAMSUN;8,68E+12;SÖNMEZ ECZANESİ;TOKAT MERKEZ -1;PANOCER;Panocer 40 mg 28 Enterik Kaplı Tablet;3;0;3;316;
15.06.2026;SELÇUK ECZA DEPOSU;SELÇUK TRABZON;8,68E+12;ERAY ECZANESİ;TRABZON MERKEZ -3;PANOCER;Panocer 40 mg 28 Enterik Kaplı Tablet;3;0;3;316;
19.06.2026;SELÇUK ECZA DEPOSU;SELÇUK TRABZON;8,68E+12;NURAN ECZANESİ;TRABZON MERKEZ -4;PANOCER;Panocer 40 mg 28 Enterik Kaplı Tablet;3;0;3;316;
24.06.2026;ALLIANCE HEALTHCARE;AH ORDU;8,68E+12;ŞİFA ECZANESİ;GIRESUN DOGU ILCELER -1;PANOCER;Panocer 40 mg 28 Enterik Kaplı Tablet;3;0;3;316;
19.06.2026;SELÇUK ECZA DEPOSU;SELÇUK SAMSUN;8,68E+12;GÜNDÜZ ECZANESİ;SAMSUN RASATHANE;PANOCER;Panocer 40 mg 28 Enterik Kaplı Tablet;3;0;3;316;
1.06.2026;ALLIANCE HEALTHCARE;AH TRABZON;8,68E+12;HAYIRLIOĞLU ECZANESİ;TRABZON MERKEZ -3;PANOCER;Panocer 40 mg 28 Enterik Kaplı Tablet;3;0;3;316;
12.06.2026;SELÇUK ECZA DEPOSU;SELÇUK TRABZON;8,68E+12;BAŞER ECZANESİ;TRABZON MERKEZ -1;PANOCER;Panocer 40 mg 28 Enterik Kaplı Tablet;3;0;3;316;
11.06.2026;SELÇUK ECZA DEPOSU;SELÇUK SAMSUN;8,68E+12;PINAR ECZANESİ;ORDU MERKEZ -3;PANOCER;Panocer 40 mg 28 Enterik Kaplı Tablet;3;0;3;316;
26.06.2026;SELÇUK ECZA DEPOSU;SELÇUK TRABZON;8,68E+12;KANUNİ ECZANESİ;TRABZON DOGU ILCELER - 2;PANOCER;Panocer 40 mg 28 Enterik Kaplı Tablet;3;0;3;316;
1.06.2026;ALLIANCE HEALTHCARE;AH SAMSUN;8,68E+12;SANCAR ECZANESİ;SAMSUN DOGU ILCELER;PANOCER;Panocer 40 mg 28 Enterik Kaplı Tablet;3;0;3;316;
8.06.2026;ALLIANCE HEALTHCARE;AH SAMSUN;8,68E+12;SANCAR ECZANESİ;SAMSUN DOGU ILCELER;PANOCER;Panocer 40 mg 28 Enterik Kaplı Tablet;3;0;3;316;
30.06.2026;ALLIANCE HEALTHCARE;AH SAMSUN;8,68E+12;ASRIN ECZANESİ;TOKAT ERBAA;PANOCER;Panocer 40 mg 28 Enterik Kaplı Tablet;3;0;3;316;
23.06.2026;ALLIANCE HEALTHCARE;AH TRABZON;8,68E+12;SAĞLIK ECZANESİ;TRABZON DOGU ILCELER -1;PANOCER;Panocer 40 mg 28 Enterik Kaplı Tablet;3;0;3;316;
8.06.2026;ALLIANCE HEALTHCARE;AH TRABZON;8,68E+12;SAĞLIK ECZANESİ;TRABZON DOGU ILCELER -1;PANOCER;Panocer 40 mg 28 Enterik Kaplı Tablet;3;0;3;316;
18.06.2026;ALLIANCE HEALTHCARE;AH TRABZON;8,68E+12;DOĞA ECZANESİ;TRABZON DOGU ILCELER -1;PANOCER;Panocer 40 mg 28 Enterik Kaplı Tablet;3;0;3;316;
3.06.2026;ALLIANCE HEALTHCARE;AH SAMSUN;8,68E+12;BALCALI ECZANESİ;SAMSUN DOGU ILCELER;PANOCER;Panocer 40 mg 28 Enterik Kaplı Tablet;3;0;3;316;
11.06.2026;ALLIANCE HEALTHCARE;AH SAMSUN;8,68E+12;BALCALI ECZANESİ;SAMSUN DOGU ILCELER;PANOCER;Panocer 40 mg 28 Enterik Kaplı Tablet;3;0;3;316;
22.06.2026;SELÇUK ECZA DEPOSU;SELÇUK SAMSUN;8,68E+12;MENTEŞOĞLU ECZANESI;SAMSUN DOGU ILCELER - 2;PANOCER;Panocer 40 mg 28 Enterik Kaplı Tablet;3;0;3;316;
26.06.2026;SELÇUK ECZA DEPOSU;SELÇUK SAMSUN;8,68E+12;DİNÇ ECZANESİ;SAMSUN DOGU ILCELER - 2;PANOCER;Panocer 40 mg 28 Enterik Kaplı Tablet;3;0;3;316;
22.06.2026;ALLIANCE HEALTHCARE;AH SAMSUN;8,68E+12;ÇETİN ECZANESİ;SAMSUN ATAKUM;PANOCER;Panocer 40 mg 28 Enterik Kaplı Tablet;3;0;3;316;
29.06.2026;SELÇUK ECZA DEPOSU;SELÇUK ERZURUM;8,68E+12;ŞÜKRAN ECZANESİ;AGRI MERKEZ;ACİDPASS;Acidpass 10/800/165 mg 12 Çiğneme Tablet;2;0;2;224;
29.06.2026;NEVZAT ECZA DEPOSU;NEVZAT ERZURUM;8,68E+12;DEVA ECZANESİ;AGRI ILCELER;ACİDPASS;Acidpass 10/800/165 mg 12 Çiğneme Tablet;2;0;2;224;
15.06.2026;NEVZAT ECZA DEPOSU;NEVZAT SAMSUN;8,68E+12;MADEN ECZANESİ;AMASYA MERKEZ -2;ACİDPASS;Acidpass 10/800/165 mg 12 Çiğneme Tablet;2;0;2;224;
19.06.2026;ALLIANCE HEALTHCARE;AH SAMSUN;8,68E+12;ALBAYRAK ECZANESİ;AMASYA MERKEZ -1;ACİDPASS;Acidpass 10/800/165 mg 12 Çiğneme Tablet;2;0;2;224;
16.06.2026;SELÇUK ECZA DEPOSU;SELÇUK TRABZON;8,68E+12;YENİ BAYRAKTAR ECZANESİ;ARTVIN KUZEY ILCELER;ACİDPASS;Acidpass 10/800/165 mg 12 Çiğneme Tablet;2;0;2;224;
15.06.2026;ALLIANCE HEALTHCARE;AH SAMSUN;8,68E+12;DERMAN ECZANESİ;CORUM MERKEZ -1;ACİDPASS;Acidpass 10/800/165 mg 12 Çiğneme Tablet;2;0;2;224;
15.06.2026;NEVZAT ECZA DEPOSU;NEVZAT SAMSUN;8,68E+12;ERMAN ECZANESİ;CORUM MERKEZ -1;ACİDPASS;Acidpass 10/800/165 mg 12 Çiğneme Tablet;2;0;2;224;
22.06.2026;NEVZAT ECZA DEPOSU;NEVZAT SAMSUN;8,68E+12;ERMAN ECZANESİ;CORUM MERKEZ -1;ACİDPASS;Acidpass 10/800/165 mg 12 Çiğneme Tablet;2;0;2;224;
5.06.2026;SELÇUK ECZA DEPOSU;SELÇUK SAMSUN;8,68E+12;FİKRİ KARTAL ECZANESİ;CORUM KUZEY ILCELER;ACİDPASS;Acidpass 10/800/165 mg 12 Çiğneme Tablet;2;0;2;224;
2.06.2026;SELÇUK ECZA DEPOSU;SELÇUK SAMSUN;8,68E+12;FİKRİ KARTAL ECZANESİ;CORUM KUZEY ILCELER;ACİDPASS;Acidpass 10/800/165 mg 12 Çiğneme Tablet;2;0;2;224;
26.06.2026;SELÇUK ECZA DEPOSU;SELÇUK SAMSUN;8,68E+12;FİKRİ KARTAL ECZANESİ;CORUM KUZEY ILCELER;ACİDPASS;Acidpass 10/800/165 mg 12 Çiğneme Tablet;2;0;2;224;
29.06.2026;SELÇUK ECZA DEPOSU;SELÇUK SAMSUN;8,68E+12;DERYA ECZANESİ;CORUM KUZEY ILCELER;ACİDPASS;Acidpass 10/800/165 mg 12 Çiğneme Tablet;2;0;2;224;
9.06.2026;ALLIANCE HEALTHCARE;AH SAMSUN;8,68E+12;ABALI ECZANESİ;CORUM MERKEZ -2;ACİDPASS;Acidpass 10/800/165 mg 12 Çiğneme Tablet;2;0;2;224;
11.06.2026;ALLIANCE HEALTHCARE;AH SAMSUN;8,68E+12;KARTAL ECZANESİ;CORUM MERKEZ -3;ACİDPASS;Acidpass 10/800/165 mg 12 Çiğneme Tablet;2;0;2;224;
29.06.2026;ALLIANCE HEALTHCARE;AH SAMSUN;8,68E+12;KARTAL ECZANESİ;CORUM MERKEZ -3;ACİDPASS;Acidpass 10/800/165 mg 12 Çiğneme Tablet;2;0;2;224;
26.06.2026;ALLIANCE HEALTHCARE;AH SAMSUN;8,68E+12;KARTAL ECZANESİ;CORUM MERKEZ -3;ACİDPASS;Acidpass 10/800/165 mg 12 Çiğneme Tablet;2;0;2;224;
3.06.2026;NEVZAT ECZA DEPOSU;NEVZAT SAMSUN;8,68E+12;İSKENDER ECZANESİ;CORUM MERKEZ -1;ACİDPASS;Acidpass 10/800/165 mg 12 Çiğneme Tablet;2;0;2;224;
4.06.2026;SELÇUK ECZA DEPOSU;SELÇUK ERZURUM;8,68E+12;LOKMAN HEKİM ECZANESİ;ERZINCAN ILCELER;ACİDPASS;Acidpass 10/800/165 mg 12 Çiğneme Tablet;2;0;2;224;
18.06.2026;SELÇUK ECZA DEPOSU;SELÇUK ERZURUM;8,68E+12;KEMALİYE ŞİFA ECZANESİ;ERZINCAN ILCELER;ACİDPASS;Acidpass 10/800/165 mg 12 Çiğneme Tablet;2;0;2;224;
30.06.2026;SELÇUK ECZA DEPOSU;SELÇUK ERZURUM;8,68E+12;MERKEZ RESULOĞULLARI ECZANESİ;ERZURUM GUNEY ILCELER;ACİDPASS;Acidpass 10/800/165 mg 12 Çiğneme Tablet;2;0;2;224;
8.06.2026;SELÇUK ECZA DEPOSU;SELÇUK ERZURUM;8,68E+12;SERPİL ECZANESİ;ERZURUM MERKEZ -3;ACİDPASS;Acidpass 10/800/165 mg 12 Çiğneme Tablet;2;0;2;224;
26.06.2026;SELÇUK ECZA DEPOSU;SELÇUK ERZURUM;8,68E+12;TURGUT ECZANESİ;ERZURUM MERKEZ -3;ACİDPASS;Acidpass 10/800/165 mg 12 Çiğneme Tablet;2;0;2;224;
1.06.2026;NEVZAT ECZA DEPOSU;NEVZAT ERZURUM;8,68E+12;ONUR ECZANESİ;ERZINCAN MERKEZ;ACİDPASS;Acidpass 10/800/165 mg 12 Çiğneme Tablet;2;0;2;224;
19.06.2026;SELÇUK ECZA DEPOSU;SELÇUK ERZURUM;8,68E+12;ÖZKAN ECZANESİ;ERZINCAN MERKEZ;ACİDPASS;Acidpass 10/800/165 mg 12 Çiğneme Tablet;2;0;2;224;
21.06.2026;SELÇUK ECZA DEPOSU;SELÇUK ERZURUM;8,68E+12;SEFA ECZANESİ;ERZURUM MERKEZ -3;ACİDPASS;Acidpass 10/800/165 mg 12 Çiğneme Tablet;2;0;2;224;
2.06.2026;SELÇUK ECZA DEPOSU;SELÇUK ERZURUM;8,68E+12;SEYHUN ECZANESİ;ERZURUM MERKEZ -3;ACİDPASS;Acidpass 10/800/165 mg 12 Çiğneme Tablet;2;0;2;224;
4.06.2026;SELÇUK ECZA DEPOSU;SELÇUK ERZURUM;8,68E+12;IŞIK ECZANESİ;ERZURUM MERKEZ -3;ACİDPASS;Acidpass 10/800/165 mg 12 Çiğneme Tablet;2;0;2;224;
11.06.2026;SELÇUK ECZA DEPOSU;SELÇUK ERZURUM;8,68E+12;POLAT ECZANESİ;ERZURUM MERKEZ -2;ACİDPASS;Acidpass 10/800/165 mg 12 Çiğneme Tablet;2;0;2;224;
10.06.2026;SELÇUK ECZA DEPOSU;SELÇUK ERZURUM;8,68E+12;POLAT ECZANESİ;ERZURUM MERKEZ -2;ACİDPASS;Acidpass 10/800/165 mg 12 Çiğneme Tablet;2;0;2;224;
11.06.2026;SELÇUK ECZA DEPOSU;SELÇUK TRABZON;8,68E+12;GİRİFTİNOĞLU ECZANESİ;GUMUSHANE;ACİDPASS;Acidpass 10/800/165 mg 12 Çiğneme Tablet;2;0;2;224;
12.06.2026;ALLIANCE HEALTHCARE;AH ORDU;8,68E+12;ÇANAKÇI ECZANESİ;GIRESUN DOGU ILCELER -2;ACİDPASS;Acidpass 10/800/165 mg 12 Çiğneme Tablet;2;0;2;224;
29.06.2026;SELÇUK ECZA DEPOSU;SELÇUK ERZURUM;8,68E+12;CANAN ECZANESİ;KARS MERKEZ;ACİDPASS;Acidpass 10/800/165 mg 12 Çiğneme Tablet;2;0;2;224;
29.06.2026;SELÇUK ECZA DEPOSU;SELÇUK ERZURUM;8,68E+12;TAMER ECZANESİ;KARS ILCELER;ACİDPASS;Acidpass 10/800/165 mg 12 Çiğneme Tablet;2;0;2;224;
16.06.2026;SELÇUK ECZA DEPOSU;SELÇUK ERZURUM;8,68E+12;KARABAĞ ECZANESİ;KARS ILCELER;ACİDPASS;Acidpass 10/800/165 mg 12 Çiğneme Tablet;2;0;2;224;
14.06.2026;SELÇUK ECZA DEPOSU;SELÇUK SAMSUN;8,68E+12;DOĞA ECZANESİ;ORDU MERKEZ -1;ACİDPASS;Acidpass 10/800/165 mg 12 Çiğneme Tablet;2;0;2;224;
25.06.2026;NEVZAT ECZA DEPOSU;NEVZAT TRABZON;8,68E+12;DOĞA ECZANESİ;ORDU MERKEZ -1;ACİDPASS;Acidpass 10/800/165 mg 12 Çiğneme Tablet;2;0;2;224;
24.06.2026;SELÇUK ECZA DEPOSU;SELÇUK SAMSUN;8,68E+12;TAYFUN ECZANESİ;ORDU MERKEZ -1;ACİDPASS;Acidpass 10/800/165 mg 12 Çiğneme Tablet;2;0;2;224;
24.06.2026;ALLIANCE HEALTHCARE;AH ORDU;8,68E+12;YALI ECZANESİ;ORDU UNYE;ACİDPASS;Acidpass 10/800/165 mg 12 Çiğneme Tablet;2;0;2;224;
18.06.2026;SELÇUK ECZA DEPOSU;SELÇUK SAMSUN;8,68E+12;YALI ECZANESİ;ORDU UNYE;ACİDPASS;Acidpass 10/800/165 mg 12 Çiğneme Tablet;2;0;2;224;
12.06.2026;ALLIANCE HEALTHCARE;AH ORDU;8,68E+12;KONAK ECZANESİ;ORDU MERKEZ -3;ACİDPASS;Acidpass 10/800/165 mg 12 Çiğneme Tablet;2;0;2;224;
23.06.2026;ALLIANCE HEALTHCARE;AH ORDU;8,68E+12;KOÇYİĞİT ECZANESİ;ORDU MERKEZ -2;ACİDPASS;Acidpass 10/800/165 mg 12 Çiğneme Tablet;2;0;2;224;
24.06.2026;SELÇUK ECZA DEPOSU;SELÇUK SAMSUN;8,68E+12;TEPE ECZANESİ;ORDU UNYE;ACİDPASS;Acidpass 10/800/165 mg 12 Çiğneme Tablet;2;0;2;224;
1.06.2026;ALLIANCE HEALTHCARE;AH ORDU;8,68E+12;ÇELENK ECZANESİ;ORDU MERKEZ -1;ACİDPASS;Acidpass 10/800/165 mg 12 Çiğneme Tablet;2;0;2;224;
15.06.2026;NEVZAT ECZA DEPOSU;NEVZAT TRABZON;8,68E+12;ÇELENK ECZANESİ;ORDU MERKEZ -1;ACİDPASS;Acidpass 10/800/165 mg 12 Çiğneme Tablet;2;0;2;224;
10.06.2026;NEVZAT ECZA DEPOSU;NEVZAT TRABZON;8,68E+12;FİLİZ ECZANESİ;ORDU MERKEZ -2;ACİDPASS;Acidpass 10/800/165 mg 12 Çiğneme Tablet;2;0;2;224;
2.06.2026;ALLIANCE HEALTHCARE;AH ORDU;8,68E+12;ÇELENK ECZANESİ;ORDU MERKEZ -1;ACİDPASS;Acidpass 10/800/165 mg 12 Çiğneme Tablet;2;0;2;224;
13.06.2026;ALLIANCE HEALTHCARE;AH SAMSUN;8,68E+12;NAR ECZANESİ;SAMSUN PAZAR;ACİDPASS;Acidpass 10/800/165 mg 12 Çiğneme Tablet;2;0;2;224;
20.06.2026;ALLIANCE HEALTHCARE;AH SAMSUN;8,68E+12;NAR ECZANESİ;SAMSUN PAZAR;ACİDPASS;Acidpass 10/800/165 mg 12 Çiğneme Tablet;2;0;2;224;
19.06.2026;ALLIANCE HEALTHCARE;AH SAMSUN;8,68E+12;GÜLTER ECZANESİ;SAMSUN HAVZA+KAVAK+LADIK;ACİDPASS;Acidpass 10/800/165 mg 12 Çiğneme Tablet;2;0;2;224;
2.06.2026;ALLIANCE HEALTHCARE;AH SAMSUN;8,68E+12;GÜLTER ECZANESİ;SAMSUN HAVZA+KAVAK+LADIK;ACİDPASS;Acidpass 10/800/165 mg 12 Çiğneme Tablet;2;0;2;224;
16.06.2026;NEVZAT ECZA DEPOSU;NEVZAT SAMSUN;8,68E+12;GÜLTER ECZANESİ;SAMSUN HAVZA+KAVAK+LADIK;ACİDPASS;Acidpass 10/800/165 mg 12 Çiğneme Tablet;2;0;2;224;
24.06.2026;SELÇUK ECZA DEPOSU;SELÇUK SAMSUN;8,68E+12;UTKU ECZANESİ;SAMSUN DOGU ILCELER - 2;ACİDPASS;Acidpass 10/800/165 mg 12 Çiğneme Tablet;2;0;2;224;
25.06.2026;NEVZAT ECZA DEPOSU;NEVZAT SAMSUN;8,68E+12;MEDİPARK ECZANESİ;SAMSUN ATAKUM;ACİDPASS;Acidpass 10/800/165 mg 12 Çiğneme Tablet;2;0;2;224;
9.06.2026;SELÇUK ECZA DEPOSU;SELÇUK SAMSUN;8,68E+12;GÜNGÖRMÜŞ ECZANESİ;SAMSUN ULUGAZI;ACİDPASS;Acidpass 10/800/165 mg 12 Çiğneme Tablet;2;0;2;224;
10.06.2026;SELÇUK ECZA DEPOSU;SELÇUK SAMSUN;8,68E+12;ÇAĞDAŞ ECZANESİ;SAMSUN TERME;ACİDPASS;Acidpass 10/800/165 mg 12 Çiğneme Tablet;2;0;2;224;
22.06.2026;SELÇUK ECZA DEPOSU;SELÇUK SAMSUN;8,68E+12;ÇAĞDAŞ ECZANESİ;SAMSUN TERME;ACİDPASS;Acidpass 10/800/165 mg 12 Çiğneme Tablet;2;0;2;224;
1.06.2026;NEVZAT ECZA DEPOSU;NEVZAT SAMSUN;8,68E+12;LADİK ELİF ECZANESİ;SAMSUN HAVZA+KAVAK+LADIK;ACİDPASS;Acidpass 10/800/165 mg 12 Çiğneme Tablet;2;0;2;224;
3.06.2026;ALLIANCE HEALTHCARE;AH SAMSUN;8,68E+12;LADİK ELİF ECZANESİ;SAMSUN HAVZA+KAVAK+LADIK;ACİDPASS;Acidpass 10/800/165 mg 12 Çiğneme Tablet;2;0;2;224;
15.06.2026;SELÇUK ECZA DEPOSU;SELÇUK SAMSUN;8,68E+12;ÇINAR ECZANESİ;SAMSUN ADALET;ACİDPASS;Acidpass 10/800/165 mg 12 Çiğneme Tablet;2;0;2;224;
19.06.2026;ALLIANCE HEALTHCARE;AH SAMSUN;8,68E+12;BAHÇELİEVLER ECZANESİ;SAMSUN BAHCELIEVLER;ACİDPASS;Acidpass 10/800/165 mg 12 Çiğneme Tablet;2;0;2;224;
8.06.2026;ALLIANCE HEALTHCARE;AH SAMSUN;8,68E+12;BAHÇELİEVLER ECZANESİ;SAMSUN BAHCELIEVLER;ACİDPASS;Acidpass 10/800/165 mg 12 Çiğneme Tablet;2;0;2;224;
29.06.2026;NEVZAT ECZA DEPOSU;NEVZAT SAMSUN;8,68E+12;RASATHANE ECZANESİ;SAMSUN HURRIYET+ZAFER;ACİDPASS;Acidpass 10/800/165 mg 12 Çiğneme Tablet;2;0;2;224;
20.06.2026;SELÇUK ECZA DEPOSU;SELÇUK SAMSUN;8,68E+12;PELİN ECZANESİ;SAMSUN HURRIYET+ZAFER;ACİDPASS;Acidpass 10/800/165 mg 12 Çiğneme Tablet;2;0;2;224;
10.06.2026;SELÇUK ECZA DEPOSU;SELÇUK SAMSUN;8,68E+12;ANIL ECZANESİ;SAMSUN BAHCELIEVLER;ACİDPASS;Acidpass 10/800/165 mg 12 Çiğneme Tablet;2;0;2;224;
6.06.2026;SELÇUK ECZA DEPOSU;SELÇUK SAMSUN;8,68E+12;ANIL ECZANESİ;SAMSUN BAHCELIEVLER;ACİDPASS;Acidpass 10/800/165 mg 12 Çiğneme Tablet;2;0;2;224;
23.06.2026;ALLIANCE HEALTHCARE;AH SAMSUN;8,68E+12;ÖMÜREVLERİ ECZANESİ;SAMSUN ATAKUM;ACİDPASS;Acidpass 10/800/165 mg 12 Çiğneme Tablet;2;0;2;224;
29.06.2026;ALLIANCE HEALTHCARE;AH SAMSUN;8,68E+12;ÖMÜREVLERİ ECZANESİ;SAMSUN ATAKUM;ACİDPASS;Acidpass 10/800/165 mg 12 Çiğneme Tablet;2;0;2;224;
1.06.2026;SELÇUK ECZA DEPOSU;SELÇUK SAMSUN;8,68E+12;ANADOLU ECZANESİ;SIVAS GUNEY ILCELER;ACİDPASS;Acidpass 10/800/165 mg 12 Çiğneme Tablet;2;0;2;224;
4.06.2026;ALLIANCE HEALTHCARE;AH SAMSUN;8,68E+12;KAYNAK ECZANESİ;SAMSUN DOGU ILCELER - 2;ACİDPASS;Acidpass 10/800/165 mg 12 Çiğneme Tablet;2;0;2;224;
11.06.2026;ALLIANCE HEALTHCARE;AH SAMSUN;8,68E+12;GÜL ECZANESİ;SAMSUN ATAKUM;ACİDPASS;Acidpass 10/800/165 mg 12 Çiğneme Tablet;2;0;2;224;
8.06.2026;ALLIANCE HEALTHCARE;AH SAMSUN;8,68E+12;GÜL ECZANESİ;SAMSUN ATAKUM;ACİDPASS;Acidpass 10/800/165 mg 12 Çiğneme Tablet;2;0;2;224;
22.06.2026;ALLIANCE HEALTHCARE;AH SAMSUN;8,68E+12;GÖKDELEN KULE ECZANESİ;SAMSUN ATAKENT+19 MAYIS;ACİDPASS;Acidpass 10/800/165 mg 12 Çiğneme Tablet;2;0;2;224;
12.06.2026;NEVZAT ECZA DEPOSU;NEVZAT SAMSUN;8,68E+12;ÇEVRE ECZANESİ;SAMSUN HURRIYET+ZAFER;ACİDPASS;Acidpass 10/800/165 mg 12 Çiğneme Tablet;2;0;2;224;
26.06.2026;SELÇUK ECZA DEPOSU;SELÇUK SAMSUN;8,68E+12;YEŞİLOĞLU ECZANESİ;SAMSUN DOGU ILCELER;ACİDPASS;Acidpass 10/800/165 mg 12 Çiğneme Tablet;2;0;2;224;
9.06.2026;ALLIANCE HEALTHCARE;AH SAMSUN;8,68E+12;ESİN ECZANESİ;SAMSUN BAHCELIEVLER;ACİDPASS;Acidpass 10/800/165 mg 12 Çiğneme Tablet;2;0;2;224;
11.06.2026;ALLIANCE HEALTHCARE;AH SAMSUN;8,68E+12;YUMUK ECZANESİ;SINOP DOGU-BATI ILCELER;ACİDPASS;Acidpass 10/800/165 mg 12 Çiğneme Tablet;2;0;2;224;
4.06.2026;SELÇUK ECZA DEPOSU;SELÇUK SAMSUN;8,68E+12;AKSU ECZANESİ;SIVAS MERKEZ -4;ACİDPASS;Acidpass 10/800/165 mg 12 Çiğneme Tablet;2;0;2;224;
13.06.2026;SELÇUK ECZA DEPOSU;SELÇUK SAMSUN;8,68E+12;AKSU ECZANESİ;SIVAS MERKEZ -4;ACİDPASS;Acidpass 10/800/165 mg 12 Çiğneme Tablet;2;0;2;224;
16.06.2026;SELÇUK ECZA DEPOSU;SELÇUK SAMSUN;8,68E+12;ANADOLU ECZANESİ;SIVAS MERKEZ -4;ACİDPASS;Acidpass 10/800/165 mg 12 Çiğneme Tablet;2;0;2;224;
16.06.2026;SELÇUK ECZA DEPOSU;SELÇUK SAMSUN;8,68E+12;ANADOLU ECZANESİ;SIVAS MERKEZ -4;ACİDPASS;Acidpass 10/800/165 mg 12 Çiğneme Tablet;2;0;2;224;
8.06.2026;SELÇUK ECZA DEPOSU;SELÇUK SAMSUN;8,68E+12;ESRA ECZANESİ;SIVAS MERKEZ -2;ACİDPASS;Acidpass 10/800/165 mg 12 Çiğneme Tablet;2;0;2;224;
22.06.2026;ALLIANCE HEALTHCARE;AH SAMSUN;8,68E+12;ALTUNBAY ECZANESİ;TOKAT TURHAL;ACİDPASS;Acidpass 10/800/165 mg 12 Çiğneme Tablet;2;0;2;224;
1.06.2026;NEVZAT ECZA DEPOSU;NEVZAT TRABZON;8,68E+12;SEMİH ECZANESİ;TRABZON DOGU ILCELER - 2;ACİDPASS;Acidpass 10/800/165 mg 12 Çiğneme Tablet;2;0;2;224;
17.06.2026;NEVZAT ECZA DEPOSU;NEVZAT TRABZON;8,68E+12;SEMİH ECZANESİ;TRABZON DOGU ILCELER - 2;ACİDPASS;Acidpass 10/800/165 mg 12 Çiğneme Tablet;2;0;2;224;
30.06.2026;SELÇUK ECZA DEPOSU;SELÇUK TRABZON;8,68E+12;SEMİH ECZANESİ;TRABZON DOGU ILCELER - 2;ACİDPASS;Acidpass 10/800/165 mg 12 Çiğneme Tablet;2;0;2;224;
12.06.2026;ALLIANCE HEALTHCARE;AH SAMSUN;8,68E+12;MELİH ECZANESİ;TOKAT MERKEZ -1;ACİDPASS;Acidpass 10/800/165 mg 12 Çiğneme Tablet;2;0;2;224;
18.06.2026;ALLIANCE HEALTHCARE;AH SAMSUN;8,68E+12;MELİH ECZANESİ;TOKAT MERKEZ -1;ACİDPASS;Acidpass 10/800/165 mg 12 Çiğneme Tablet;2;0;2;224;
3.06.2026;NEVZAT ECZA DEPOSU;NEVZAT TRABZON;8,68E+12;SEMİH ECZANESİ;TRABZON DOGU ILCELER - 2;ACİDPASS;Acidpass 10/800/165 mg 12 Çiğneme Tablet;2;0;2;224;
15.06.2026;SELÇUK ECZA DEPOSU;SELÇUK SAMSUN;8,68E+12;BÜŞRA BULUT ECZANESİ;TOKAT MERKEZ -1;ACİDPASS;Acidpass 10/800/165 mg 12 Çiğneme Tablet;2;0;2;224;
10.06.2026;SELÇUK ECZA DEPOSU;SELÇUK SAMSUN;8,68E+12;AKADEMİ ECZANESİ;TOKAT MERKEZ -1;ACİDPASS;Acidpass 10/800/165 mg 12 Çiğneme Tablet;2;0;2;224;
18.06.2026;NEVZAT ECZA DEPOSU;NEVZAT TRABZON;8,68E+12;ŞİFA ECZANESİ;TRABZON DOGU ILCELER - 2;ACİDPASS;Acidpass 10/800/165 mg 12 Çiğneme Tablet;2;0;2;224;
14.06.2026;SELÇUK ECZA DEPOSU;SELÇUK SAMSUN;8,68E+12;BAŞÇİFTLİK ECZANESİ;TOKAT DOGU ILCELER;ACİDPASS;Acidpass 10/800/165 mg 12 Çiğneme Tablet;2;0;2;224;
29.06.2026;NEVZAT ECZA DEPOSU;NEVZAT SAMSUN;8,68E+12;KARŞIYAKA ECZANESİ;TOKAT MERKEZ -1;ACİDPASS;Acidpass 10/800/165 mg 12 Çiğneme Tablet;2;0;2;224;
11.06.2026;SELÇUK ECZA DEPOSU;SELÇUK SAMSUN;8,68E+12;SEÇKİN ECZANESİ;TOKAT BATI ILCELER;ACİDPASS;Acidpass 10/800/165 mg 12 Çiğneme Tablet;2;0;2;224;
18.06.2026;NEVZAT ECZA DEPOSU;NEVZAT SAMSUN;8,68E+12;SARIER ECZANESİ;TOKAT MERKEZ -2;ACİDPASS;Acidpass 10/800/165 mg 12 Çiğneme Tablet;2;0;2;224;
12.06.2026;ALLIANCE HEALTHCARE;AH SAMSUN;8,68E+12;SORAL ECZANESİ;TOKAT MERKEZ -1;ACİDPASS;Acidpass 10/800/165 mg 12 Çiğneme Tablet;2;0;2;224;
1.06.2026;ALLIANCE HEALTHCARE;AH SAMSUN;8,68E+12;SABUNCUOĞLU ECZANESİ;TOKAT MERKEZ -1;ACİDPASS;Acidpass 10/800/165 mg 12 Çiğneme Tablet;2;0;2;224;
18.06.2026;ALLIANCE HEALTHCARE;AH SAMSUN;8,68E+12;DURU ECZANESİ;TOKAT MERKEZ -1;ACİDPASS;Acidpass 10/800/165 mg 12 Çiğneme Tablet;2;0;2;224;
5.06.2026;NEVZAT ECZA DEPOSU;NEVZAT SAMSUN;8,68E+12;YENİGÜN ECZANESİ;TOKAT BATI ILCELER;ACİDPASS;Acidpass 10/800/165 mg 12 Çiğneme Tablet;2;0;2;224;
8.06.2026;ALLIANCE HEALTHCARE;AH TRABZON;8,68E+12;LOZAN ECZANESİ;TRABZON MERKEZ -3;ACİDPASS;Acidpass 10/800/165 mg 12 Çiğneme Tablet;2;0;2;224;
19.06.2026;SELÇUK ECZA DEPOSU;SELÇUK TRABZON;8,68E+12;ÇAĞLA ECZANESİ;TRABZON MERKEZ -3;ACİDPASS;Acidpass 10/800/165 mg 12 Çiğneme Tablet;2;0;2;224;
11.06.2026;SELÇUK ECZA DEPOSU;SELÇUK TRABZON;8,68E+12;ÇAĞLA ECZANESİ;TRABZON MERKEZ -3;ACİDPASS;Acidpass 10/800/165 mg 12 Çiğneme Tablet;2;0;2;224;
24.06.2026;SELÇUK ECZA DEPOSU;SELÇUK TRABZON;8,68E+12;ŞİFA ECZANESİ;TRABZON DOGU ILCELER -1;ACİDPASS;Acidpass 10/800/165 mg 12 Çiğneme Tablet;2;0;2;224;
3.06.2026;SELÇUK ECZA DEPOSU;SELÇUK TRABZON;8,68E+12;DERYA ECZANESİ;TRABZON BATI ILCELER - 2;ACİDPASS;Acidpass 10/800/165 mg 12 Çiğneme Tablet;2;0;2;224;
9.06.2026;ALLIANCE HEALTHCARE;AH TRABZON;8,68E+12;SAĞLAM ECZANESİ;TRABZON MERKEZ -1;ACİDPASS;Acidpass 10/800/165 mg 12 Çiğneme Tablet;2;0;2;224;
23.06.2026;ALLIANCE HEALTHCARE;AH TRABZON;8,68E+12;SAĞLAM ECZANESİ;TRABZON MERKEZ -1;ACİDPASS;Acidpass 10/800/165 mg 12 Çiğneme Tablet;2;0;2;224;
3.06.2026;ALLIANCE HEALTHCARE;AH TRABZON;8,68E+12;SAĞLAM ECZANESİ;TRABZON MERKEZ -1;ACİDPASS;Acidpass 10/800/165 mg 12 Çiğneme Tablet;2;0;2;224;
25.06.2026;SELÇUK ECZA DEPOSU;SELÇUK TRABZON;8,68E+12;BURÇİN ECZANESİ;TRABZON MERKEZ -4;ACİDPASS;Acidpass 10/800/165 mg 12 Çiğneme Tablet;2;0;2;224;
2.06.2026;NEVZAT ECZA DEPOSU;NEVZAT TRABZON;8,68E+12;ATACAN ECZANESİ;TRABZON DOGU ILCELER - 2;ACİDPASS;Acidpass 10/800/165 mg 12 Çiğneme Tablet;2;0;2;224;
16.06.2026;SELÇUK ECZA DEPOSU;SELÇUK TRABZON;8,68E+12;GÜVEN ECZANESİ;TRABZON MERKEZ -1;ACİDPASS;Acidpass 10/800/165 mg 12 Çiğneme Tablet;2;0;2;224;
2.06.2026;ALLIANCE HEALTHCARE;AH TRABZON;8,68E+12;HÜRRİYET ECZANESİ;TRABZON DOGU ILCELER - 2;ACİDPASS;Acidpass 10/800/165 mg 12 Çiğneme Tablet;2;0;2;224;
1.06.2026;SELÇUK ECZA DEPOSU;SELÇUK ERZURUM;8,68E+12;YENİ DİLARA ECZANESİ;ERZURUM MERKEZ -3;ACİDPASS;Acidpass 10/800/165 mg 12 Çiğneme Tablet;2;0;2;224;
1.06.2026;SELÇUK ECZA DEPOSU;SELÇUK ERZURUM;8,68E+12;ERDOĞAN ECZANESİ;ERZURUM MERKEZ -3;ACİDPASS;Acidpass 10/800/165 mg 12 Çiğneme Tablet;2;0;2;224;
2.06.2026;SELÇUK ECZA DEPOSU;SELÇUK ERZURUM;8,68E+12;ERDOĞAN ECZANESİ;ERZURUM MERKEZ -3;ACİDPASS;Acidpass 10/800/165 mg 12 Çiğneme Tablet;2;0;2;224;
1.06.2026;ALLIANCE HEALTHCARE;AH ORDU;8,68E+12;ŞİFA ECZANESİ;GIRESUN DOGU ILCELER -1;ACİDPASS;Acidpass 10/800/165 mg 12 Çiğneme Tablet;2;0;2;224;
28.06.2026;ALLIANCE HEALTHCARE;AH ORDU;8,68E+12;ELİF ECZANESİ;GIRESUN MERKEZ -2;ACİDPASS;Acidpass 10/800/165 mg 12 Çiğneme Tablet;2;0;2;224;
17.06.2026;ALLIANCE HEALTHCARE;AH SAMSUN;8,68E+12;DEREBAHÇE ECZANESİ;SAMSUN ADALET;ACİDPASS;Acidpass 10/800/165 mg 12 Çiğneme Tablet;2;0;2;224;
22.06.2026;NEVZAT ECZA DEPOSU;NEVZAT SAMSUN;8,68E+12;YEŞİM ECZANESİ;SAMSUN PAZAR;ACİDPASS;Acidpass 10/800/165 mg 12 Çiğneme Tablet;2;0;2;224;
11.06.2026;SELÇUK ECZA DEPOSU;SELÇUK SAMSUN;8,68E+12;YILMAZ ECZANESİ;SAMSUN HURRIYET+ZAFER;ACİDPASS;Acidpass 10/800/165 mg 12 Çiğneme Tablet;2;0;2;224;
5.06.2026;ALLIANCE HEALTHCARE;AH SAMSUN;8,68E+12;ESRA ECZANESİ;SAMSUN ILKADIM - 2;ACİDPASS;Acidpass 10/800/165 mg 12 Çiğneme Tablet;2;0;2;224;
4.06.2026;NEVZAT ECZA DEPOSU;NEVZAT SAMSUN;8,68E+12;ALPER ECZANESİ;SAMSUN DOGU ILCELER;ACİDPASS;Acidpass 10/800/165 mg 12 Çiğneme Tablet;2;0;2;224;
1.06.2026;ALLIANCE HEALTHCARE;AH SAMSUN;8,68E+12;ÇAKIR ECZANESİ;SAMSUN ATAKUM;ACİDPASS;Acidpass 10/800/165 mg 12 Çiğneme Tablet;2;0;2;224;
30.06.2026;SELÇUK ECZA DEPOSU;SELÇUK SAMSUN;8,68E+12;DEVA ECZANESİ;SIVAS MERKEZ -1;ACİDPASS;Acidpass 10/800/165 mg 12 Çiğneme Tablet;2;0;2;224;
25.06.2026;NEVZAT ECZA DEPOSU;NEVZAT SAMSUN;8,68E+12;ÇAĞRI ECZANESİ;TOKAT MERKEZ -2;ACİDPASS;Acidpass 10/800/165 mg 12 Çiğneme Tablet;2;0;2;224;
18.06.2026;NEVZAT ECZA DEPOSU;NEVZAT SAMSUN;8,68E+12;ÇAĞRI ECZANESİ;TOKAT MERKEZ -2;ACİDPASS;Acidpass 10/800/165 mg 12 Çiğneme Tablet;2;0;2;224;
22.06.2026;SELÇUK ECZA DEPOSU;SELÇUK TRABZON;8,68E+12;ÖZGÜR ECZANESİ;TRABZON MERKEZ -1;ACİDPASS;Acidpass 10/800/165 mg 12 Çiğneme Tablet;2;0;2;224;
22.06.2026;SELÇUK ECZA DEPOSU;SELÇUK TRABZON;8,68E+12;ÇATAK ECZANESİ;TRABZON MERKEZ -1;ACİDPASS;Acidpass 10/800/165 mg 12 Çiğneme Tablet;2;0;2;224;
10.06.2026;SELÇUK ECZA DEPOSU;SELÇUK TRABZON;8,68E+12;HAYIRLIOĞLU ECZANESİ;TRABZON MERKEZ -3;ACİDPASS;Acidpass 10/800/165 mg 12 Çiğneme Tablet;2;0;2;224;
12.06.2026;ALLIANCE HEALTHCARE;AH TRABZON;8,68E+12;HAYIRLIOĞLU ECZANESİ;TRABZON MERKEZ -3;ACİDPASS;Acidpass 10/800/165 mg 12 Çiğneme Tablet;2;0;2;224;
4.06.2026;SELÇUK ECZA DEPOSU;SELÇUK TRABZON;8,68E+12;HAYIRLIOĞLU ECZANESİ;TRABZON MERKEZ -3;ACİDPASS;Acidpass 10/800/165 mg 12 Çiğneme Tablet;2;0;2;224;
26.06.2026;NEVZAT ECZA DEPOSU;NEVZAT TRABZON;8,68E+12;ALİBEYOĞLU ECZANESİ;TRABZON MERKEZ -3;ACİDPASS;Acidpass 10/800/165 mg 12 Çiğneme Tablet;2;0;2;224;
1.06.2026;NEVZAT ECZA DEPOSU;NEVZAT TRABZON;8,68E+12;ALİBEYOĞLU ECZANESİ;TRABZON MERKEZ -3;ACİDPASS;Acidpass 10/800/165 mg 12 Çiğneme Tablet;2;0;2;224;
5.06.2026;SELÇUK ECZA DEPOSU;SELÇUK ERZURUM;8,68E+12;ESRA ECZANESİ;ERZINCAN MERKEZ;ACİDPASS;Acidpass 10/800/165 mg 12 Çiğneme Tablet;2;0;2;224;
2.06.2026;ALLIANCE HEALTHCARE;AH SAMSUN;8,68E+12;LİMON ECZANESİ;SAMSUN ATAKENT+19 MAYIS;ACİDPASS;Acidpass 10/800/165 mg 12 Çiğneme Tablet;2;0;2;224;
23.06.2026;SELÇUK ECZA DEPOSU;SELÇUK TRABZON;8,68E+12;SADIK ECZANESİ;GIRESUN DOGU ILCELER -1;ACİDPASS;Acidpass 10/800/165 mg 12 Çiğneme Tablet;2;0;2;224;
23.06.2026;NEVZAT ECZA DEPOSU;NEVZAT SAMSUN;8,68E+12;NEFES ECZANESİ;TOKAT MERKEZ -2;ACİDPASS;Acidpass 10/800/165 mg 12 Çiğneme Tablet;2;0;2;224;
5.06.2026;SELÇUK ECZA DEPOSU;SELÇUK SAMSUN;8,68E+12;BAĞDAT ECZANESİ;SIVAS MERKEZ -4;ACİDPASS;Acidpass 10/800/165 mg 12 Çiğneme Tablet;2;0;2;224;
15.06.2026;NEVZAT ECZA DEPOSU;NEVZAT SAMSUN;8,68E+12;CİHAN ECZANESİ;TOKAT MERKEZ -2;ACİDPASS;Acidpass 10/800/165 mg 12 Çiğneme Tablet;2;0;2;224;
16.06.2026;SELÇUK ECZA DEPOSU;SELÇUK SAMSUN;8,68E+12;NEVA ECZANESİ;ORDU UNYE;ACİDPASS;Acidpass 10/800/165 mg 12 Çiğneme Tablet;2;0;2;224;
25.06.2026;NEVZAT ECZA DEPOSU;NEVZAT SAMSUN;8,68E+12;GÜNEY ECZANESİ;SAMSUN CANIK;ACİDPASS;Acidpass 10/800/165 mg 12 Çiğneme Tablet;2;0;2;224;
6.06.2026;NEVZAT ECZA DEPOSU;NEVZAT TRABZON;8,68E+12;ŞİFA ECZANESİ;ORDU BATI ILCELER;ACİDPASS;Acidpass 10/800/165 mg 12 Çiğneme Tablet;2;0;2;224;
25.06.2026;ALLIANCE HEALTHCARE;AH SAMSUN;8,68E+12;DİLA ECZANESİ;SAMSUN BAHCELIEVLER;ACİDPASS;Acidpass 10/800/165 mg 12 Çiğneme Tablet;2;0;2;224;
17.06.2026;ALLIANCE HEALTHCARE;AH SAMSUN;8,68E+12;ERİŞ ECZANESİ;TOKAT TURHAL;ACİDPASS;Acidpass 10/800/165 mg 12 Çiğneme Tablet;2;0;2;224;
15.06.2026;SELÇUK ECZA DEPOSU;SELÇUK SAMSUN;8,68E+12;KORKMAZ ECZANESİ;TOKAT MERKEZ -1;ACİDPASS;Acidpass 10/800/165 mg 12 Çiğneme Tablet;2;0;2;224;
29.06.2026;SELÇUK ECZA DEPOSU;SELÇUK ERZURUM;8,68E+12;DERMAN ECZANESİ;ERZURUM MERKEZ -3;ACİDPASS;Acidpass 10/800/165 mg 12 Çiğneme Tablet;2;0;2;224;
26.06.2026;SELÇUK ECZA DEPOSU;SELÇUK SAMSUN;8,68E+12;AYÇAM ECZANESİ;CORUM MERKEZ -3;ACİDPASS;Acidpass 10/800/165 mg 12 Çiğneme Tablet;2;0;2;224;
17.06.2026;ALLIANCE HEALTHCARE;AH ORDU;8,68E+12;AŞKAN ECZANESİ;ORDU MERKEZ -3;ACİDPASS;Acidpass 10/800/165 mg 12 Çiğneme Tablet;2;0;2;224;
11.06.2026;ALLIANCE HEALTHCARE;AH ORDU;8,68E+12;AŞKAN ECZANESİ;ORDU MERKEZ -3;ACİDPASS;Acidpass 10/800/165 mg 12 Çiğneme Tablet;2;0;2;224;
3.06.2026;ALLIANCE HEALTHCARE;AH SAMSUN;8,68E+12;SANCAR ECZANESİ;SAMSUN DOGU ILCELER;ACİDPASS;Acidpass 10/800/165 mg 12 Çiğneme Tablet;2;0;2;224;
22.06.2026;ALLIANCE HEALTHCARE;AH TRABZON;8,68E+12;ŞİFA ECZANESİ;TRABZON DOGU ILCELER - 2;ACİDPASS;Acidpass 10/800/165 mg 12 Çiğneme Tablet;2;0;2;224;
5.06.2026;SELÇUK ECZA DEPOSU;SELÇUK SAMSUN;8,68E+12;DAVUT DURAK ECZANESI;ORDU UNYE;ACİDPASS;Acidpass 10/800/165 mg 12 Çiğneme Tablet;2;0;2;224;
23.06.2026;ALLIANCE HEALTHCARE;AH SAMSUN;8,68E+12;KUZEY ECZANESİ;SAMSUN HAVZA+KAVAK+LADIK;ACİDPASS;Acidpass 10/800/165 mg 12 Çiğneme Tablet;2;0;2;224;
16.06.2026;ALLIANCE HEALTHCARE;AH SAMSUN;8,68E+12;YENİ LİSE ECZANESİ;SAMSUN HURRIYET+ZAFER;ACİDPASS;Acidpass 10/800/165 mg 12 Çiğneme Tablet;2;0;2;224;
1.06.2026;NEVZAT ECZA DEPOSU;NEVZAT ERZURUM;8,68E+12;SERHAT ECZANESİ;ERZURUM GUNEY ILCELER;ACİDPASS;Acidpass 10/800/165 mg 12 Çiğneme Tablet;2;0;2;224;
22.06.2026;NEVZAT ECZA DEPOSU;NEVZAT ERZURUM;8,68E+12;ENES ECZANESİ;ERZURUM KUZEY ILCELER;ACİDPASS;Acidpass 10/800/165 mg 12 Çiğneme Tablet;2;0;2;224;
23.06.2026;SELÇUK ECZA DEPOSU;SELÇUK ERZURUM;8,68E+12;ÖMER ECZANESİ;AGRI ILCELER;ACİDPASS;Acidpass 10/800/165 mg 12 Çiğneme Tablet;2;0;2;224;
10.06.2026;ALLIANCE HEALTHCARE;AH SAMSUN;8,68E+12;ÇINAR ECZANESİ;SAMSUN ATAKENT+19 MAYIS;ACİDPASS;Acidpass 10/800/165 mg 12 Çiğneme Tablet;2;0;2;224;
3.06.2026;NEVZAT ECZA DEPOSU;NEVZAT ERZURUM;8,68E+12;TURAN ECZANESİ;AGRI MERKEZ;ACİDPASS;Acidpass 10/800/165 mg 12 Çiğneme Tablet;2;0;2;224;
2.06.2026;ALLIANCE HEALTHCARE;AH SAMSUN;8,68E+12;DERYA ECZANESİ;SAMSUN ATAKENT+19 MAYIS;ACİDPASS;Acidpass 10/800/165 mg 12 Çiğneme Tablet;2;0;2;224;
4.06.2026;ALLIANCE HEALTHCARE;AH SAMSUN;8,68E+12;DERYA ECZANESİ;SAMSUN ATAKENT+19 MAYIS;ACİDPASS;Acidpass 10/800/165 mg 12 Çiğneme Tablet;2;0;2;224;
11.06.2026;SELÇUK ECZA DEPOSU;SELÇUK ERZURUM;8,68E+12;YAŞAM ECZANESİ;ERZURUM GUNEY ILCELER;ACİDPASS;Acidpass 10/800/165 mg 12 Çiğneme Tablet;2;0;2;224;
16.06.2026;NEVZAT ECZA DEPOSU;NEVZAT ERZURUM;8,68E+12;EREN ECZANESİ;AGRI MERKEZ;ACİDPASS;Acidpass 10/800/165 mg 12 Çiğneme Tablet;2;0;2;224;
1.06.2026;ALLIANCE HEALTHCARE;AH SAMSUN;8,68E+12;ÜSTÜNDAĞ ECZANESİ;TOKAT MERKEZ -1;ACİDPASS;Acidpass 10/800/165 mg 12 Çiğneme Tablet;2;0;2;224;
15.06.2026;SELÇUK ECZA DEPOSU;SELÇUK ERZURUM;8,68E+12;ÖZLEM ECZANESİ;AGRI ILCELER;ACİDPASS;Acidpass 10/800/165 mg 12 Çiğneme Tablet;2;0;2;224;
23.06.2026;NEVZAT ECZA DEPOSU;NEVZAT ERZURUM;8,68E+12;ÇİĞDEM ECZANESİ;ERZURUM GUNEY ILCELER;ACİDPASS;Acidpass 10/800/165 mg 12 Çiğneme Tablet;2;0;2;224;
16.06.2026;SELÇUK ECZA DEPOSU;SELÇUK TRABZON;8,68E+12;YAREN ECZANESİ;GIRESUN BULANCAK+PIRAZIZ;ACİDPASS;Acidpass 10/800/165 mg 12 Çiğneme Tablet;2;0;2;224;
29.06.2026;ALLIANCE HEALTHCARE;AH ORDU;8,68E+12;ŞAHİN ECZANESİ;GIRESUN BULANCAK+PIRAZIZ;ACİDPASS;Acidpass 10/800/165 mg 12 Çiğneme Tablet;2;0;2;224;
12.06.2026;SELÇUK ECZA DEPOSU;SELÇUK ERZURUM;8,68E+12;DERMAN ECZANESİ;ERZURUM GUNEY ILCELER;ACİDPASS;Acidpass 10/800/165 mg 12 Çiğneme Tablet;2;0;2;224;
8.06.2026;NEVZAT ECZA DEPOSU;NEVZAT ERZURUM;8,68E+12;DERMAN ECZANESİ;ERZURUM GUNEY ILCELER;ACİDPASS;Acidpass 10/800/165 mg 12 Çiğneme Tablet;2;0;2;224;
1.06.2026;ALLIANCE HEALTHCARE;AH TRABZON;8,68E+12;AKOLUK ECZANESİ;TRABZON MERKEZ -3;ACİDPASS;Acidpass 10/800/165 mg 12 Çiğneme Tablet;2;0;2;224;
2.06.2026;SELÇUK ECZA DEPOSU;SELÇUK ERZURUM;8,68E+12;ARAS ECZANESİ;ERZURUM MERKEZ -3;ACİDPASS;Acidpass 10/800/165 mg 12 Çiğneme Tablet;2;0;2;224;
24.06.2026;SELÇUK ECZA DEPOSU;SELÇUK SAMSUN;8,68E+12;DUMAN ECZANESİ;ORDU BATI ILCELER;ACİDPASS;Acidpass 10/800/165 mg 12 Çiğneme Tablet;2;0;2;224;
14.06.2026;ALLIANCE HEALTHCARE;AH SAMSUN;8,68E+12;TALU ECZANESİ;TOKAT MERKEZ -2;ACİDPASS;Acidpass 10/800/165 mg 12 Çiğneme Tablet;2;0;2;224;
17.06.2026;ALLIANCE HEALTHCARE;AH SAMSUN;8,68E+12;YAREN ECZANESİ;CORUM KUZEY ILCELER;ACİDPASS;Acidpass 10/800/165 mg 12 Çiğneme Tablet;2;0;2;224;
11.06.2026;ALLIANCE HEALTHCARE;AH SAMSUN;8,68E+12;ZEHRA ECZANESİ;SAMSUN ATAKUM;ACİDPASS;Acidpass 10/800/165 mg 12 Çiğneme Tablet;2;0;2;224;
26.06.2026;NEVZAT ECZA DEPOSU;NEVZAT ERZURUM;8,68E+12;KÖPRÜBAŞI ECZANESİ;AGRI MERKEZ;ACİDPASS;Acidpass 10/800/165 mg 12 Çiğneme Tablet;2;0;2;224;
18.06.2026;NEVZAT ECZA DEPOSU;NEVZAT SAMSUN;8,68E+12;YENİ ECZANE;SIVAS DOGU ILCELER;ACİDPASS;Acidpass 10/800/165 mg 12 Çiğneme Tablet;2;0;2;224;
8.06.2026;SELÇUK ECZA DEPOSU;SELÇUK TRABZON;8,68E+12;SAĞLIK ECZANESİ;TRABZON DOGU ILCELER -1;ACİDPASS;Acidpass 10/800/165 mg 12 Çiğneme Tablet;2;0;2;224;
23.06.2026;ALLIANCE HEALTHCARE;AH ORDU;8,68E+12;ÖZMEN ECZANESİ;ORDU MERKEZ -1;ACİDPASS;Acidpass 10/800/165 mg 12 Çiğneme Tablet;2;0;2;224;
21.06.2026;SELÇUK ECZA DEPOSU;SELÇUK TRABZON;8,68E+12;NUR ECZANESİ;GUMUSHANE;ACİDPASS;Acidpass 10/800/165 mg 12 Çiğneme Tablet;2;0;2;224;
26.06.2026;ALLIANCE HEALTHCARE;AH TRABZON;8,68E+12;BURCU ECZANESİ;TRABZON MERKEZ -2;ACİDPASS;Acidpass 10/800/165 mg 12 Çiğneme Tablet;2;0;2;224;
24.06.2026;SELÇUK ECZA DEPOSU;SELÇUK ERZURUM;8,68E+12;SÜPHAN ECZANESİ;AGRI ILCELER;ACİDPASS;Acidpass 10/800/165 mg 12 Çiğneme Tablet;2;0;2;224;
22.06.2026;SELÇUK ECZA DEPOSU;SELÇUK ERZURUM;8,68E+12;SÜPHAN ECZANESİ;AGRI ILCELER;ACİDPASS;Acidpass 10/800/165 mg 12 Çiğneme Tablet;2;0;2;224;
10.06.2026;SELÇUK ECZA DEPOSU;SELÇUK ERZURUM;8,68E+12;SÜPHAN ECZANESİ;AGRI ILCELER;ACİDPASS;Acidpass 10/800/165 mg 12 Çiğneme Tablet;2;0;2;224;
1.06.2026;ALLIANCE HEALTHCARE;AH ORDU;8,68E+12;LOTUS ECZANESİ;ORDU DOGU ILCELER;ACİDPASS;Acidpass 10/800/165 mg 12 Çiğneme Tablet;2;0;2;224;
29.06.2026;SELÇUK ECZA DEPOSU;SELÇUK TRABZON;8,68E+12;YAREN ECZANESİ;GUMUSHANE;ACİDPASS;Acidpass 10/800/165 mg 12 Çiğneme Tablet;2;0;2;224;
27.06.2026;NEVZAT ECZA DEPOSU;NEVZAT ERZURUM;8,68E+12;ÜSTÜN ECZANESİ;ERZURUM KUZEY ILCELER;ACİDPASS;Acidpass 10/800/165 mg 12 Çiğneme Tablet;2;0;2;224;
10.06.2026;ALLIANCE HEALTHCARE;AH SAMSUN;8,68E+12;NEFES ECZANESİ;CORUM MERKEZ -2;ACİDPASS;Acidpass 10/800/165 mg 12 Çiğneme Tablet;2;0;2;224;
22.06.2026;SELÇUK ECZA DEPOSU;SELÇUK SAMSUN;8,68E+12;NEFES ECZANESİ;CORUM MERKEZ -2;ACİDPASS;Acidpass 10/800/165 mg 12 Çiğneme Tablet;2;0;2;224;
8.06.2026;ALLIANCE HEALTHCARE;AH SAMSUN;8,68E+12;ONAR ECZANESİ;SAMSUN ADALET;ACİDPASS;Acidpass 10/800/165 mg 12 Çiğneme Tablet;2;0;2;224;
1.06.2026;ALLIANCE HEALTHCARE;AH SAMSUN;8,68E+12;ONAR ECZANESİ;SAMSUN ADALET;ACİDPASS;Acidpass 10/800/165 mg 12 Çiğneme Tablet;2;0;2;224;
5.06.2026;ALLIANCE HEALTHCARE;AH SAMSUN;8,68E+12;İREM ECZANESİ;SAMSUN DOGU ILCELER - 2;ACİDPASS;Acidpass 10/800/165 mg 12 Çiğneme Tablet;2;0;2;224;
25.06.2026;ALLIANCE HEALTHCARE;AH TRABZON;8,68E+12;YILDIRIMHAN ECZANESİ;TRABZON DOGU ILCELER - 2;ACİDPASS;Acidpass 10/800/165 mg 12 Çiğneme Tablet;2;0;2;224;
23.06.2026;ALLIANCE HEALTHCARE;AH SAMSUN;8,68E+12;YENİ KOLBAKIR ECZANESİ;SAMSUN ILKADIM - 2;ACİDPASS;Acidpass 10/800/165 mg 12 Çiğneme Tablet;2;0;2;224;
8.06.2026;ALLIANCE HEALTHCARE;AH SAMSUN;8,68E+12;YENİ KOLBAKIR ECZANESİ;SAMSUN ILKADIM - 2;ACİDPASS;Acidpass 10/800/165 mg 12 Çiğneme Tablet;2;0;2;224;
24.06.2026;ALLIANCE HEALTHCARE;AH SAMSUN;8,68E+12;YENİ KOLBAKIR ECZANESİ;SAMSUN ILKADIM - 2;ACİDPASS;Acidpass 10/800/165 mg 12 Çiğneme Tablet;2;0;2;224;
16.06.2026;SELÇUK ECZA DEPOSU;SELÇUK SAMSUN;8,68E+12;SENA ECZANESİ;SIVAS DOGU ILCELER;ACİDPASS;Acidpass 10/800/165 mg 12 Çiğneme Tablet;2;0;2;224;
3.06.2026;SELÇUK ECZA DEPOSU;SELÇUK ERZURUM;8,68E+12;YEŞİLÇİMEN ECZANESİ;AGRI ILCELER;ACİDPASS;Acidpass 10/800/165 mg 12 Çiğneme Tablet;2;0;2;224;
9.06.2026;SELÇUK ECZA DEPOSU;SELÇUK SAMSUN;8,68E+12;IŞIK ECZANESİ;SIVAS MERKEZ -4;ACİDPASS;Acidpass 10/800/165 mg 12 Çiğneme Tablet;2;0;2;224;
29.06.2026;SELÇUK ECZA DEPOSU;SELÇUK SAMSUN;8,68E+12;GOKSEL ECZANESİ;SINOP GUNEY ILCELER;ACİDPASS;Acidpass 10/800/165 mg 12 Çiğneme Tablet;2;0;2;224;
1.06.2026;ALLIANCE HEALTHCARE;AH SAMSUN;8,68E+12;BALCALI ECZANESİ;SAMSUN DOGU ILCELER;ACİDPASS;Acidpass 10/800/165 mg 12 Çiğneme Tablet;2;0;2;224;
23.06.2026;SELÇUK ECZA DEPOSU;SELÇUK SAMSUN;8,68E+12;MENTEŞOĞLU ECZANESI;SAMSUN DOGU ILCELER - 2;ACİDPASS;Acidpass 10/800/165 mg 12 Çiğneme Tablet;2;0;2;224;
19.06.2026;NEVZAT ECZA DEPOSU;NEVZAT ERZURUM;8,68E+12;İREM ECZANESİ;ERZINCAN MERKEZ;ACİDPASS;Acidpass 10/800/165 mg 12 Çiğneme Tablet;2;0;2;224;
13.06.2026;SELÇUK ECZA DEPOSU;SELÇUK ERZURUM;8,68E+12;YONCALIK ECZANESİ;ERZURUM MERKEZ -3;ACİDPASS;Acidpass 10/800/165 mg 12 Çiğneme Tablet;2;0;2;224;
26.06.2026;SELÇUK ECZA DEPOSU;SELÇUK SAMSUN;8,68E+12;CAN ECZANESİ;TOKAT ERBAA;ACİDPASS;Acidpass 10/800/165 mg 12 Çiğneme Tablet;2;0;2;224;
25.06.2026;SELÇUK ECZA DEPOSU;SELÇUK ERZURUM;8,68E+12;BETÜL ECZANESİ;ERZURUM MERKEZ -3;ACİDPASS;Acidpass 10/800/165 mg 12 Çiğneme Tablet;2;0;2;224;
29.06.2026;SELÇUK ECZA DEPOSU;SELÇUK ERZURUM;8,68E+12;FIRAT ECZANESİ;ERZURUM GUNEY ILCELER;ACİDPASS;Acidpass 10/800/165 mg 12 Çiğneme Tablet;2;0;2;224;
24.06.2026;SELÇUK ECZA DEPOSU;SELÇUK SAMSUN;8,68E+12;ŞEYHOĞLU ECZANESİ;ORDU MERKEZ -3;ACİDPASS;Acidpass 10/800/165 mg 12 Çiğneme Tablet;2;0;2;224;
22.06.2026;SELÇUK ECZA DEPOSU;SELÇUK SAMSUN;8,68E+12;CEREN ECZANESI TURHAL;TOKAT BATI ILCELER;ACİDPASS;Acidpass 10/800/165 mg 12 Çiğneme Tablet;2;0;2;224;
22.06.2026;ALLIANCE HEALTHCARE;AH SAMSUN;8,68E+12;ÇETİN ECZANESİ;SAMSUN ATAKUM;ACİDPASS;Acidpass 10/800/165 mg 12 Çiğneme Tablet;2;0;2;224;
22.06.2026;SELÇUK ECZA DEPOSU;SELÇUK ERZURUM;8,68E+12;HAYAT ECZANESİ;AGRI MERKEZ;ACİDPASS;Acidpass 10/800/165 mg 6 Çiğneme Tablet;2;0;2;138;
30.06.2026;NEVZAT ECZA DEPOSU;NEVZAT ERZURUM;8,68E+12;DİYADİN ECZANESİ;AGRI DIYADIN+D.BEYAZIT;ACİDPASS;Acidpass 10/800/165 mg 6 Çiğneme Tablet;2;0;2;138;
19.06.2026;SELÇUK ECZA DEPOSU;SELÇUK ERZURUM;8,68E+12;DİYADİN ECZANESİ;AGRI DIYADIN+D.BEYAZIT;ACİDPASS;Acidpass 10/800/165 mg 6 Çiğneme Tablet;2;0;2;138;
12.06.2026;NEVZAT ECZA DEPOSU;NEVZAT SAMSUN;8,68E+12;ÖMÜR ECZANESİ;AMASYA ILCELER;ACİDPASS;Acidpass 10/800/165 mg 6 Çiğneme Tablet;2;0;2;138;
16.06.2026;ALLIANCE HEALTHCARE;AH SAMSUN;8,68E+12;ŞAHİN ECZANESİ;CORUM MERKEZ -3;ACİDPASS;Acidpass 10/800/165 mg 6 Çiğneme Tablet;2;0;2;138;
29.06.2026;NEVZAT ECZA DEPOSU;NEVZAT ERZURUM;8,68E+12;ÇAYIRLI ECZANESİ;ERZINCAN ILCELER;ACİDPASS;Acidpass 10/800/165 mg 6 Çiğneme Tablet;2;0;2;138;
29.06.2026;SELÇUK ECZA DEPOSU;SELÇUK ERZURUM;8,68E+12;ÇAYIRLI ECZANESİ;ERZINCAN ILCELER;ACİDPASS;Acidpass 10/800/165 mg 6 Çiğneme Tablet;2;0;2;138;
3.06.2026;SELÇUK ECZA DEPOSU;SELÇUK ERZURUM;8,68E+12;ONUR ECZANESİ;ERZINCAN MERKEZ;ACİDPASS;Acidpass 10/800/165 mg 6 Çiğneme Tablet;2;0;2;138;
9.06.2026;SELÇUK ECZA DEPOSU;SELÇUK ERZURUM;8,68E+12;AYGÜN ECZANESİ;ERZURUM MERKEZ -3;ACİDPASS;Acidpass 10/800/165 mg 6 Çiğneme Tablet;2;0;2;138;
29.06.2026;SELÇUK ECZA DEPOSU;SELÇUK TRABZON;8,68E+12;AYŞEGÜL ECZANESİ;GIRESUN DOGU ILCELER -1;ACİDPASS;Acidpass 10/800/165 mg 6 Çiğneme Tablet;2;0;2;138;
18.06.2026;SELÇUK ECZA DEPOSU;SELÇUK TRABZON;8,68E+12;AYŞEGÜL ECZANESİ;GIRESUN DOGU ILCELER -1;ACİDPASS;Acidpass 10/800/165 mg 6 Çiğneme Tablet;2;0;2;138;
10.06.2026;ALLIANCE HEALTHCARE;AH ORDU;8,68E+12;ZAFER ECZANESİ;GIRESUN BULANCAK+PIRAZIZ;ACİDPASS;Acidpass 10/800/165 mg 6 Çiğneme Tablet;2;0;2;138;
26.06.2026;SELÇUK ECZA DEPOSU;SELÇUK SAMSUN;8,68E+12;YAMANER ECZANESİ;ORDU UNYE;ACİDPASS;Acidpass 10/800/165 mg 6 Çiğneme Tablet;2;0;2;138;
24.06.2026;NEVZAT ECZA DEPOSU;NEVZAT TRABZON;8,68E+12;KARAMANOĞLU ECZANESİ;ORDU MERKEZ -2;ACİDPASS;Acidpass 10/800/165 mg 6 Çiğneme Tablet;2;0;2;138;
1.06.2026;NEVZAT ECZA DEPOSU;NEVZAT TRABZON;8,68E+12;SAĞLIK ECZANESİ;ORDU DOGU ILCELER;ACİDPASS;Acidpass 10/800/165 mg 6 Çiğneme Tablet;2;0;2;138;
22.06.2026;ALLIANCE HEALTHCARE;AH TRABZON;8,68E+12;ÖMÜR ECZANESİ;RIZE MERKEZ;ACİDPASS;Acidpass 10/800/165 mg 6 Çiğneme Tablet;2;0;2;138;
9.06.2026;SELÇUK ECZA DEPOSU;SELÇUK TRABZON;8,68E+12;GÖZDE ECZANESİ;RIZE MERKEZ;ACİDPASS;Acidpass 10/800/165 mg 6 Çiğneme Tablet;2;0;2;138;
20.06.2026;ALLIANCE HEALTHCARE;AH SAMSUN;8,68E+12;NAR ECZANESİ;SAMSUN PAZAR;ACİDPASS;Acidpass 10/800/165 mg 6 Çiğneme Tablet;2;0;2;138;
18.06.2026;NEVZAT ECZA DEPOSU;NEVZAT SAMSUN;8,68E+12;ATABAY ECZANESİ;SAMSUN ATAKUM;ACİDPASS;Acidpass 10/800/165 mg 6 Çiğneme Tablet;2;0;2;138;
20.06.2026;ALLIANCE HEALTHCARE;AH SAMSUN;8,68E+12;ATAKENT ECZANESİ;SAMSUN ATAKENT+19 MAYIS;ACİDPASS;Acidpass 10/800/165 mg 6 Çiğneme Tablet;2;0;2;138;
25.06.2026;SELÇUK ECZA DEPOSU;SELÇUK SAMSUN;8,68E+12;DENİZCİ ECZANESİ;SAMSUN RASATHANE;ACİDPASS;Acidpass 10/800/165 mg 6 Çiğneme Tablet;2;0;2;138;
1.06.2026;NEVZAT ECZA DEPOSU;NEVZAT SAMSUN;8,68E+12;TEMELKAYA ECZANESİ;SAMSUN BAFRA;ACİDPASS;Acidpass 10/800/165 mg 6 Çiğneme Tablet;2;0;2;138;
12.06.2026;ALLIANCE HEALTHCARE;AH SAMSUN;8,68E+12;KİRAZLIK ECZANESİ;SAMSUN DOGU ILCELER;ACİDPASS;Acidpass 10/800/165 mg 6 Çiğneme Tablet;2;0;2;138;
18.06.2026;NEVZAT ECZA DEPOSU;NEVZAT SAMSUN;8,68E+12;MERKEZ ECZANESİ;SAMSUN VEZIRKOPRU;ACİDPASS;Acidpass 10/800/165 mg 6 Çiğneme Tablet;2;0;2;138;
11.06.2026;ALLIANCE HEALTHCARE;AH SAMSUN;8,68E+12;YUMUK ECZANESİ;SINOP DOGU-BATI ILCELER;ACİDPASS;Acidpass 10/800/165 mg 6 Çiğneme Tablet;2;0;2;138;
2.06.2026;SELÇUK ECZA DEPOSU;SELÇUK SAMSUN;8,68E+12;ÖMÜR ECZANESİ;TOKAT MERKEZ -1;ACİDPASS;Acidpass 10/800/165 mg 6 Çiğneme Tablet;2;0;2;138;
23.06.2026;SELÇUK ECZA DEPOSU;SELÇUK SAMSUN;8,68E+12;SELVİ ECZANESİ;TOKAT DOGU ILCELER;ACİDPASS;Acidpass 10/800/165 mg 6 Çiğneme Tablet;2;0;2;138;
23.06.2026;SELÇUK ECZA DEPOSU;SELÇUK SAMSUN;8,68E+12;SELVİ ECZANESİ;TOKAT DOGU ILCELER;ACİDPASS;Acidpass 10/800/165 mg 6 Çiğneme Tablet;2;0;2;138;
15.06.2026;SELÇUK ECZA DEPOSU;SELÇUK TRABZON;8,68E+12;HALK ECZANESİ;TRABZON DOGU ILCELER -1;ACİDPASS;Acidpass 10/800/165 mg 6 Çiğneme Tablet;2;0;2;138;
14.06.2026;SELÇUK ECZA DEPOSU;SELÇUK ERZURUM;8,68E+12;DEMİR ECZANESİ;KARS MERKEZ;ACİDPASS;Acidpass 10/800/165 mg 6 Çiğneme Tablet;2;0;2;138;
8.06.2026;NEVZAT ECZA DEPOSU;NEVZAT SAMSUN;8,68E+12;YAŞARDOĞU ECZANESİ;SAMSUN RASATHANE;ACİDPASS;Acidpass 10/800/165 mg 6 Çiğneme Tablet;2;0;2;138;
13.06.2026;SELÇUK ECZA DEPOSU;SELÇUK SAMSUN;8,68E+12;TÜRKİSTAN ECZANESİ;SIVAS DOGU ILCELER;ACİDPASS;Acidpass 10/800/165 mg 6 Çiğneme Tablet;2;0;2;138;
17.06.2026;SELÇUK ECZA DEPOSU;SELÇUK SAMSUN;8,68E+12;TÜRKİSTAN ECZANESİ;SIVAS DOGU ILCELER;ACİDPASS;Acidpass 10/800/165 mg 6 Çiğneme Tablet;2;0;2;138;
1.06.2026;SELÇUK ECZA DEPOSU;SELÇUK SAMSUN;8,68E+12;GENCALIOGLU ECZANESI;SAMSUN CANIK;ACİDPASS;Acidpass 10/800/165 mg 6 Çiğneme Tablet;2;0;2;138;
23.06.2026;SELÇUK ECZA DEPOSU;SELÇUK ERZURUM;8,68E+12;ÖMER ECZANESİ;AGRI ILCELER;ACİDPASS;Acidpass 10/800/165 mg 6 Çiğneme Tablet;2;0;2;138;
2.06.2026;SELÇUK ECZA DEPOSU;SELÇUK ERZURUM;8,68E+12;ARAS ECZANESİ;ERZURUM MERKEZ -3;ACİDPASS;Acidpass 10/800/165 mg 6 Çiğneme Tablet;2;0;2;138;
11.06.2026;SELÇUK ECZA DEPOSU;SELÇUK SAMSUN;8,68E+12;YENİ MEDRESEÖNÜ ECZANESİ;ORDU DOGU ILCELER;ACİDPASS;Acidpass 10/800/165 mg 6 Çiğneme Tablet;2;0;2;138;
3.06.2026;SELÇUK ECZA DEPOSU;SELÇUK SAMSUN;8,68E+12;DEMİR ECZANESİ;SAMSUN ATAKENT+19 MAYIS;ACİDPASS;Acidpass 10/800/165 mg 6 Çiğneme Tablet;2;0;2;138;
24.06.2026;SELÇUK ECZA DEPOSU;SELÇUK SAMSUN;8,68E+12;SAĞLAM ECZANESİ;TOKAT DOGU ILCELER;ACİDPASS;Acidpass 10/800/165 mg 6 Çiğneme Tablet;2;0;2;138;
25.06.2026;SELÇUK ECZA DEPOSU;SELÇUK SAMSUN;8,68E+12;ITIR ECZANESİ;SAMSUN CANIK;ACİDPASS;Acidpass 10/800/165 mg 6 Çiğneme Tablet;2;0;2;138;
9.06.2026;ALLIANCE HEALTHCARE;AH SAMSUN;8,68E+12;NURSEN ECZANESİ;AMASYA MERKEZ -2;ACİDPASS;Acidpass 10/800/165 mg 6 Çiğneme Tablet;2;0;2;138;
9.06.2026;ALLIANCE HEALTHCARE;AH SAMSUN;8,68E+12;NURSEN ECZANESİ;AMASYA MERKEZ -2;ACİDPASS;Acidpass 10/800/165 mg 6 Çiğneme Tablet;2;0;2;138;
27.06.2026;ALLIANCE HEALTHCARE;AH ORDU;8,68E+12;LALE BEGÜM ECZANESİ;ORDU MERKEZ -1;ACİDPASS;Acidpass 10/800/165 mg 6 Çiğneme Tablet;2;0;2;138;
6.06.2026;SELÇUK ECZA DEPOSU;SELÇUK ERZURUM;8,68E+12;BUKET ECZANESİ;ERZURUM GUNEY ILCELER;ACİDPASS;Acidpass 10/800/165 mg 6 Çiğneme Tablet;2;0;2;138;
10.06.2026;SELÇUK ECZA DEPOSU;SELÇUK ERZURUM;8,68E+12;MIZRAK ECZANESİ;AGRI MERKEZ;GRİPORT COLD;Griport Cold 20 Film Kaplı Tablet;2;0;2;168;
8.06.2026;SELÇUK ECZA DEPOSU;SELÇUK SAMSUN;8,68E+12;ÇİĞDEM ECZANESİ;AMASYA ILCELER;GRİPORT COLD;Griport Cold 20 Film Kaplı Tablet;2;0;2;168;
15.06.2026;ALLIANCE HEALTHCARE;AH SAMSUN;8,68E+12;KARTAL ECZANESİ;CORUM MERKEZ -3;GRİPORT COLD;Griport Cold 20 Film Kaplı Tablet;2;0;2;168;
27.06.2026;NEVZAT ECZA DEPOSU;NEVZAT ERZURUM;8,68E+12;SERPİL ECZANESİ;ERZURUM MERKEZ -3;GRİPORT COLD;Griport Cold 20 Film Kaplı Tablet;2;0;2;168;
25.06.2026;SELÇUK ECZA DEPOSU;SELÇUK TRABZON;8,68E+12;KEŞAP ECZANESİ;GIRESUN DOGU ILCELER -1;GRİPORT COLD;Griport Cold 20 Film Kaplı Tablet;2;0;2;168;
18.06.2026;ALLIANCE HEALTHCARE;AH ORDU;8,68E+12;GAZİ ECZANESİ;ORDU FATSA;GRİPORT COLD;Griport Cold 20 Film Kaplı Tablet;2;0;2;168;
15.06.2026;SELÇUK ECZA DEPOSU;SELÇUK SAMSUN;8,68E+12;KINA ECZANESİ;ORDU GUNEY ILCELER -1;GRİPORT COLD;Griport Cold 20 Film Kaplı Tablet;2;0;2;168;
29.06.2026;ALLIANCE HEALTHCARE;AH ORDU;8,68E+12;YILMAZ ECZANESİ;ORDU UNYE;GRİPORT COLD;Griport Cold 20 Film Kaplı Tablet;2;0;2;168;
26.06.2026;NEVZAT ECZA DEPOSU;NEVZAT TRABZON;8,68E+12;ÖMÜR ECZANESİ;ORDU MERKEZ -2;GRİPORT COLD;Griport Cold 20 Film Kaplı Tablet;2;0;2;168;
15.06.2026;SELÇUK ECZA DEPOSU;SELÇUK SAMSUN;8,68E+12;UTKU ECZANESİ;SAMSUN DOGU ILCELER - 2;GRİPORT COLD;Griport Cold 20 Film Kaplı Tablet;2;0;2;168;
8.06.2026;ALLIANCE HEALTHCARE;AH SAMSUN;8,68E+12;TERME ECZANESİ;SAMSUN TERME;GRİPORT COLD;Griport Cold 20 Film Kaplı Tablet;2;0;2;168;
29.06.2026;SELÇUK ECZA DEPOSU;SELÇUK SAMSUN;8,68E+12;ÇAĞDAŞ ECZANESİ;SAMSUN TERME;GRİPORT COLD;Griport Cold 20 Film Kaplı Tablet;2;0;2;168;
18.06.2026;ALLIANCE HEALTHCARE;AH SAMSUN;8,68E+12;YEŞİLIRMAK ECZANESİ;SAMSUN DOGU ILCELER - 2;GRİPORT COLD;Griport Cold 20 Film Kaplı Tablet;2;0;2;168;
3.06.2026;SELÇUK ECZA DEPOSU;SELÇUK SAMSUN;8,68E+12;DİDEM ECZANESİ;SAMSUN BAFRA;GRİPORT COLD;Griport Cold 20 Film Kaplı Tablet;2;0;2;168;
17.06.2026;SELÇUK ECZA DEPOSU;SELÇUK SAMSUN;8,68E+12;DOĞA ECZANESİ;SAMSUN ILKADIM - 2;GRİPORT COLD;Griport Cold 20 Film Kaplı Tablet;2;0;2;168;
15.06.2026;ALLIANCE HEALTHCARE;AH SAMSUN;8,68E+12;YASEMİN ECZANESİ;SAMSUN BAFRA;GRİPORT COLD;Griport Cold 20 Film Kaplı Tablet;2;0;2;168;
4.06.2026;ALLIANCE HEALTHCARE;AH SAMSUN;8,68E+12;ÇARŞAMBA ECZANESİ;SAMSUN DOGU ILCELER - 2;GRİPORT COLD;Griport Cold 20 Film Kaplı Tablet;2;0;2;168;
8.06.2026;NEVZAT ECZA DEPOSU;NEVZAT SAMSUN;8,68E+12;ÜMİT ECZANESİ;SAMSUN ADALET;GRİPORT COLD;Griport Cold 20 Film Kaplı Tablet;2;0;2;168;
3.06.2026;SELÇUK ECZA DEPOSU;SELÇUK SAMSUN;8,68E+12;AYKUT ECZANESİ;SIVAS MERKEZ -2;GRİPORT COLD;Griport Cold 20 Film Kaplı Tablet;2;0;2;168;
26.06.2026;SELÇUK ECZA DEPOSU;SELÇUK SAMSUN;8,68E+12;ÇİĞDEM ECZANESİ;SIVAS MERKEZ -3;GRİPORT COLD;Griport Cold 20 Film Kaplı Tablet;2;0;2;168;
1.06.2026;SELÇUK ECZA DEPOSU;SELÇUK TRABZON;8,68E+12;SEMİH ECZANESİ;TRABZON DOGU ILCELER - 2;GRİPORT COLD;Griport Cold 20 Film Kaplı Tablet;2;0;2;168;
5.06.2026;NEVZAT ECZA DEPOSU;NEVZAT TRABZON;8,68E+12;ZEKİ ECZANESİ;TRABZON BATI ILCELER - 2;GRİPORT COLD;Griport Cold 20 Film Kaplı Tablet;2;0;2;168;
3.06.2026;SELÇUK ECZA DEPOSU;SELÇUK TRABZON;8,68E+12;ÇÖMLEKÇİ ECZANESİ;TRABZON MERKEZ -4;GRİPORT COLD;Griport Cold 20 Film Kaplı Tablet;2;0;2;168;
16.06.2026;ALLIANCE HEALTHCARE;AH TRABZON;8,68E+12;ZEYNEP ECZANESİ;TRABZON BATI ILCELER - 2;GRİPORT COLD;Griport Cold 20 Film Kaplı Tablet;2;0;2;168;
1.06.2026;SELÇUK ECZA DEPOSU;SELÇUK TRABZON;8,68E+12;BURÇİN ECZANESİ;TRABZON MERKEZ -4;GRİPORT COLD;Griport Cold 20 Film Kaplı Tablet;2;0;2;168;
21.06.2026;SELÇUK ECZA DEPOSU;SELÇUK TRABZON;8,68E+12;GÖKÇE ECZANESİ;TRABZON BATI ILCELER - 2;GRİPORT COLD;Griport Cold 20 Film Kaplı Tablet;2;0;2;168;
4.06.2026;SELÇUK ECZA DEPOSU;SELÇUK ERZURUM;8,68E+12;ERDOĞAN ECZANESİ;ERZURUM MERKEZ -3;GRİPORT COLD;Griport Cold 20 Film Kaplı Tablet;2;0;2;168;
3.06.2026;NEVZAT ECZA DEPOSU;NEVZAT TRABZON;8,68E+12;NUR ECZANESİ;TRABZON MERKEZ -4;GRİPORT COLD;Griport Cold 20 Film Kaplı Tablet;2;0;2;168;
16.06.2026;SELÇUK ECZA DEPOSU;SELÇUK TRABZON;8,68E+12;ŞEYMA ECZANESİ;TRABZON MERKEZ -1;GRİPORT COLD;Griport Cold 20 Film Kaplı Tablet;2;0;2;168;
2.06.2026;SELÇUK ECZA DEPOSU;SELÇUK TRABZON;8,68E+12;FEYZA ECZANESİ;TRABZON DOGU ILCELER - 2;GRİPORT COLD;Griport Cold 20 Film Kaplı Tablet;2;0;2;168;
19.06.2026;SELÇUK ECZA DEPOSU;SELÇUK SAMSUN;8,68E+12;MEYDAN ECZANESİ;TOKAT MERKEZ -1;GRİPORT COLD;Griport Cold 20 Film Kaplı Tablet;2;0;2;168;
19.06.2026;SELÇUK ECZA DEPOSU;SELÇUK TRABZON;8,68E+12;DENİZ ECZANESİ;TRABZON MERKEZ -4;GRİPORT COLD;Griport Cold 20 Film Kaplı Tablet;2;0;2;168;
18.06.2026;SELÇUK ECZA DEPOSU;SELÇUK SAMSUN;8,68E+12;AYDOĞAN ECZANESİ;SIVAS MERKEZ -3;GRİPORT COLD;Griport Cold 20 Film Kaplı Tablet;2;0;2;168;
22.06.2026;ALLIANCE HEALTHCARE;AH SAMSUN;8,68E+12;SAĞLIK ECZANESİ;SAMSUN DOGU ILCELER;GRİPORT COLD;Griport Cold 20 Film Kaplı Tablet;2;0;2;168;
1.06.2026;SELÇUK ECZA DEPOSU;SELÇUK SAMSUN;8,68E+12;ARYA ECZANESİ;CORUM MERKEZ -3;GRİPORT COLD;Griport Cold 20 Film Kaplı Tablet;2;0;2;168;
14.06.2026;SELÇUK ECZA DEPOSU;SELÇUK ERZURUM;8,68E+12;ENSAR ECZANESİ;ERZURUM KUZEY ILCELER;GRİPORT COLD;Griport Cold 20 Film Kaplı Tablet;2;0;2;168;
2.06.2026;SELÇUK ECZA DEPOSU;SELÇUK TRABZON;8,68E+12;ÖZMEN ECZANESİ;TRABZON MERKEZ -2;GRİPORT COLD;Griport Cold 20 Film Kaplı Tablet;2;0;2;168;
9.06.2026;SELÇUK ECZA DEPOSU;SELÇUK TRABZON;8,68E+12;SENA ECZANESİ;TRABZON MERKEZ -1;GRİPORT COLD;Griport Cold 20 Film Kaplı Tablet;2;0;2;168;
15.06.2026;NEVZAT ECZA DEPOSU;NEVZAT ERZURUM;8,68E+12;MERYEM ECZANESİ;KARS MERKEZ;GRİPORT COLD;Griport Cold 20 Film Kaplı Tablet;2;0;2;168;
5.06.2026;ALLIANCE HEALTHCARE;AH TRABZON;8,68E+12;UZUNKUM ECZANESİ;TRABZON MERKEZ -1;GRİPORT COLD;Griport Cold 20 Film Kaplı Tablet;2;0;2;168;
20.06.2026;SELÇUK ECZA DEPOSU;SELÇUK ERZURUM;8,68E+12;GÖZDE ECZANESİ;ERZURUM MERKEZ -1;GRİPORT COLD;Griport Cold 20 Film Kaplı Tablet;2;0;2;168;
8.06.2026;SELÇUK ECZA DEPOSU;SELÇUK SAMSUN;8,68E+12;PARK ECZANESİ;ORDU MERKEZ -1;GRİPORT COLD;Griport Cold 20 Film Kaplı Tablet;2;0;2;168;
8.06.2026;ALLIANCE HEALTHCARE;AH SAMSUN;8,68E+12;YEŞİL ECZANESİ;SAMSUN ATAKENT+19 MAYIS;GRİPORT COLD;Griport Cold 20 Film Kaplı Tablet;2;0;2;168;
2.06.2026;NEVZAT ECZA DEPOSU;NEVZAT ERZURUM;8,68E+12;KÖPRÜBAŞI ECZANESİ;AGRI MERKEZ;GRİPORT COLD;Griport Cold 20 Film Kaplı Tablet;2;0;2;168;
15.06.2026;ALLIANCE HEALTHCARE;AH ORDU;8,68E+12;UNAT ECZANESI;GIRESUN DOGU ILCELER -1;GRİPORT COLD;Griport Cold 20 Film Kaplı Tablet;2;0;2;168;
2.06.2026;SELÇUK ECZA DEPOSU;SELÇUK SAMSUN;8,68E+12;SILA ECZANESİ;ORDU MERKEZ -3;GRİPORT COLD;Griport Cold 20 Film Kaplı Tablet;2;0;2;168;
2.06.2026;ALLIANCE HEALTHCARE;AH SAMSUN;8,68E+12;NİL ECZANESİ;SAMSUN ATAKENT+19 MAYIS;GRİPORT COLD;Griport Cold 20 Film Kaplı Tablet;2;0;2;168;
9.06.2026;NEVZAT ECZA DEPOSU;NEVZAT ERZURUM;8,68E+12;FATİH ECZANESİ;ERZURUM GUNEY ILCELER;GRİPORT COLD;Griport Cold 20 Film Kaplı Tablet;2;0;2;168;
5.06.2026;SELÇUK ECZA DEPOSU;SELÇUK TRABZON;8,68E+12;ARYA ECZANESİ;TRABZON MERKEZ -3;GRİPORT COLD;Griport Cold 20 Film Kaplı Tablet;2;0;2;168;
22.06.2026;SELÇUK ECZA DEPOSU;SELÇUK TRABZON;8,68E+12;RIZE ECZANESİ;RIZE BATI ILCELER;GRİPORT COLD;Griport Cold 20 Film Kaplı Tablet;2;0;2;168;
22.06.2026;SELÇUK ECZA DEPOSU;SELÇUK ERZURUM;8,68E+12;BUKET ECZANESİ;ERZURUM GUNEY ILCELER;GRİPORT COLD;Griport Cold 20 Film Kaplı Tablet;2;0;2;168;
17.06.2026;ALLIANCE HEALTHCARE;AH SAMSUN;8,68E+12;HİCRET ECZANESİ;CORUM GUNEYDOGU ILCELER;MOKSEFEN;Moksefen 400 mg 7 Film Tablet;2;0;2;298;
9.06.2026;NEVZAT ECZA DEPOSU;NEVZAT ERZURUM;8,68E+12;IHLAMUR ECZANESİ;ERZINCAN MERKEZ;MOKSEFEN;Moksefen 400 mg 7 Film Tablet;2;0;2;298;
1.06.2026;NEVZAT ECZA DEPOSU;NEVZAT ERZURUM;8,68E+12;IHLAMUR ECZANESİ;ERZINCAN MERKEZ;MOKSEFEN;Moksefen 400 mg 7 Film Tablet;2;0;2;298;
26.06.2026;ALLIANCE HEALTHCARE;AH ORDU;8,68E+12;GÖKALP ECZANESİ;GIRESUN MERKEZ -2;MOKSEFEN;Moksefen 400 mg 7 Film Tablet;2;0;2;298;
18.06.2026;NEVZAT ECZA DEPOSU;NEVZAT TRABZON;8,68E+12;CANTÜRK ECZANESİ;ORDU BATI ILCELER;MOKSEFEN;Moksefen 400 mg 7 Film Tablet;2;0;2;298;
22.06.2026;SELÇUK ECZA DEPOSU;SELÇUK TRABZON;8,68E+12;ÇAMLIHEMŞİN ECZANESİ;RIZE BATI ILCELER;MOKSEFEN;Moksefen 400 mg 7 Film Tablet;2;0;2;298;
8.06.2026;SELÇUK ECZA DEPOSU;SELÇUK SAMSUN;8,68E+12;DÜNYA ECZANESİ;SAMSUN ILKADIM - 2;MOKSEFEN;Moksefen 400 mg 7 Film Tablet;2;0;2;298;
11.06.2026;NEVZAT ECZA DEPOSU;NEVZAT SAMSUN;8,68E+12;VERESELİ ÇİNİK ECZANESİ;SAMSUN DOGU ILCELER;MOKSEFEN;Moksefen 400 mg 7 Film Tablet;2;0;2;298;
2.06.2026;NEVZAT ECZA DEPOSU;NEVZAT SAMSUN;8,68E+12;RASATHANE ECZANESİ;SAMSUN HURRIYET+ZAFER;MOKSEFEN;Moksefen 400 mg 7 Film Tablet;2;0;2;298;
17.06.2026;NEVZAT ECZA DEPOSU;NEVZAT SAMSUN;8,68E+12;GÜMENEZ ECZANESİ;SAMSUN ALACAM+YAKAKENT;MOKSEFEN;Moksefen 400 mg 7 Film Tablet;2;0;2;298;
3.06.2026;ALLIANCE HEALTHCARE;AH SAMSUN;8,68E+12;ESRA ECZANESİ;SAMSUN ATAKENT+19 MAYIS;MOKSEFEN;Moksefen 400 mg 7 Film Tablet;2;0;2;298;
25.06.2026;SELÇUK ECZA DEPOSU;SELÇUK SAMSUN;8,68E+12;YEŞİLOĞLU ECZANESİ;SAMSUN DOGU ILCELER;MOKSEFEN;Moksefen 400 mg 7 Film Tablet;2;0;2;298;
24.06.2026;SELÇUK ECZA DEPOSU;SELÇUK SAMSUN;8,68E+12;LOKMAN ECZANESİ;TOKAT ERBAA;MOKSEFEN;Moksefen 400 mg 7 Film Tablet;2;0;2;298;
5.06.2026;NEVZAT ECZA DEPOSU;NEVZAT SAMSUN;8,68E+12;ERGİN ECZANESİ;TOKAT MERKEZ -1;MOKSEFEN;Moksefen 400 mg 7 Film Tablet;2;0;2;298;
19.06.2026;SELÇUK ECZA DEPOSU;SELÇUK TRABZON;8,68E+12;ÇAĞLA ECZANESİ;TRABZON MERKEZ -3;MOKSEFEN;Moksefen 400 mg 7 Film Tablet;2;0;2;298;
23.06.2026;NEVZAT ECZA DEPOSU;NEVZAT SAMSUN;8,68E+12;GÖZDE ECZANESİ;CORUM KUZEY ILCELER;MOKSEFEN;Moksefen 400 mg 7 Film Tablet;2;0;2;298;
9.06.2026;NEVZAT ECZA DEPOSU;NEVZAT TRABZON;8,68E+12;TÜRKOĞLU ECZANESİ;GIRESUN DOGU ILCELER -1;MOKSEFEN;Moksefen 400 mg 7 Film Tablet;2;0;2;298;
1.06.2026;SELÇUK ECZA DEPOSU;SELÇUK SAMSUN;8,68E+12;KANDEMİR ECZANESİ;SIVAS BATI ILCELER;MOKSEFEN;Moksefen 400 mg 7 Film Tablet;2;0;2;298;
5.06.2026;NEVZAT ECZA DEPOSU;NEVZAT ERZURUM;8,68E+12;CAN FIRAT ECZANESİ;ERZINCAN MERKEZ;MOKSEFEN;Moksefen 400 mg 7 Film Tablet;2;0;2;298;
25.06.2026;SELÇUK ECZA DEPOSU;SELÇUK TRABZON;8,68E+12;EMEK ECZANESİ;RIZE MERKEZ;MOKSEFEN;Moksefen 400 mg 7 Film Tablet;2;0;2;298;
12.06.2026;SELÇUK ECZA DEPOSU;SELÇUK TRABZON;8,68E+12;SARP ECZANESİ;ARTVIN KUZEY ILCELER;MOKSEFEN;Moksefen 400 mg 7 Film Tablet;2;0;2;298;
23.06.2026;ALLIANCE HEALTHCARE;AH ORDU;8,68E+12;NİSAN ECZANESİ;ORDU MERKEZ -3;MOKSEFEN;Moksefen 400 mg 7 Film Tablet;2;0;2;298;
12.06.2026;SELÇUK ECZA DEPOSU;SELÇUK SAMSUN;8,68E+12;TOKİLER ECZANESİ;SAMSUN RASATHANE;MOKSEFEN;Moksefen 400 mg 7 Film Tablet;2;0;2;298;
26.06.2026;SELÇUK ECZA DEPOSU;SELÇUK SAMSUN;8,68E+12;ERTUĞRUL ECZANESİ;SAMSUN HAVZA+KAVAK+LADIK;MOKSEFEN;Moksefen 400 mg 7 Film Tablet;2;0;2;298;
2.06.2026;ALLIANCE HEALTHCARE;AH SAMSUN;8,68E+12;YAVUZ ECZANESİ;SAMSUN ALACAM+YAKAKENT;MOKSEFEN;Moksefen 400 mg 7 Film Tablet;2;0;2;298;
8.06.2026;SELÇUK ECZA DEPOSU;SELÇUK SAMSUN;8,68E+12;ÇAĞLA ECZANESİ;ORDU UNYE;MOKSEFEN;Moksefen 400 mg 7 Film Tablet;2;0;2;298;
19.06.2026;ALLIANCE HEALTHCARE;AH SAMSUN;8,68E+12;NİHAL ECZANESİ;SAMSUN ATAKUM;MOKSEFEN;Moksefen 400 mg 7 Film Tablet;2;0;2;298;
12.06.2026;ALLIANCE HEALTHCARE;AH SAMSUN;8,68E+12;NİHAL ECZANESİ;SAMSUN ATAKUM;MOKSEFEN;Moksefen 400 mg 7 Film Tablet;2;0;2;298;
16.06.2026;SELÇUK ECZA DEPOSU;SELÇUK SAMSUN;8,68E+12;YENİ HAYAT ECZANESİ;SINOP DOGU-BATI ILCELER;MOKSEFEN;Moksefen 400 mg 7 Film Tablet;2;0;2;298;
15.06.2026;SELÇUK ECZA DEPOSU;SELÇUK TRABZON;8,68E+12;AKIN ECZANESİ;ARTVIN MERKEZ+DOGU+GUNEY;PANOCER;Panocer 40 mg 14 Enterik Kaplı Tablet;2;0;2;162;
23.06.2026;SELÇUK ECZA DEPOSU;SELÇUK ERZURUM;8,68E+12;EDİS ECZANESİ;ERZINCAN MERKEZ;PANOCER;Panocer 40 mg 14 Enterik Kaplı Tablet;2;0;2;162;
15.06.2026;ALLIANCE HEALTHCARE;AH ORDU;8,68E+12;FİLİZ ECZANESİ;GIRESUN DOGU ILCELER -2;PANOCER;Panocer 40 mg 14 Enterik Kaplı Tablet;2;0;2;162;
1.06.2026;ALLIANCE HEALTHCARE;AH ORDU;8,68E+12;FİLİZ ECZANESİ;GIRESUN DOGU ILCELER -2;PANOCER;Panocer 40 mg 14 Enterik Kaplı Tablet;2;0;2;162;
9.06.2026;ALLIANCE HEALTHCARE;AH ORDU;8,68E+12;BALLICA ECZANESİ;GIRESUN BULANCAK+PIRAZIZ;PANOCER;Panocer 40 mg 14 Enterik Kaplı Tablet;2;0;2;162;
15.06.2026;ALLIANCE HEALTHCARE;AH ORDU;8,68E+12;AYTUĞ ECZANESİ;GIRESUN DOGU ILCELER -2;PANOCER;Panocer 40 mg 14 Enterik Kaplı Tablet;2;0;2;162;
22.06.2026;SELÇUK ECZA DEPOSU;SELÇUK SAMSUN;8,68E+12;ÇINAR ECZANESİ;SAMSUN BAFRA;PANOCER;Panocer 40 mg 14 Enterik Kaplı Tablet;2;0;2;162;
22.06.2026;ALLIANCE HEALTHCARE;AH SAMSUN;8,68E+12;ÖZTÜRK ECZANESİ;TOKAT TURHAL;PANOCER;Panocer 40 mg 14 Enterik Kaplı Tablet;2;0;2;162;
16.06.2026;ALLIANCE HEALTHCARE;AH ORDU;8,68E+12;ELİF ECZANESİ;GIRESUN MERKEZ -2;PANOCER;Panocer 40 mg 14 Enterik Kaplı Tablet;2;0;2;162;
19.06.2026;SELÇUK ECZA DEPOSU;SELÇUK TRABZON;8,68E+12;KALKANDERE ECZANESİ;RIZE BATI ILCELER;PANOCER;Panocer 40 mg 14 Enterik Kaplı Tablet;2;0;2;162;
18.06.2026;SELÇUK ECZA DEPOSU;SELÇUK ERZURUM;8,68E+12;KAHRAMANLAR ECZANESİ;ERZURUM MERKEZ -2;PANOCER;Panocer 40 mg 14 Enterik Kaplı Tablet;2;0;2;162;
30.06.2026;SELÇUK ECZA DEPOSU;SELÇUK TRABZON;8,68E+12;SOYDAŞ ECZANESİ;GUMUSHANE;PANOCER;Panocer 40 mg 14 Enterik Kaplı Tablet;2;0;2;162;
28.06.2026;SELÇUK ECZA DEPOSU;SELÇUK ERZURUM;8,68E+12;KARABAĞ ECZANESİ;KARS ILCELER;PANOCER;Panocer 40 mg 28 Enterik Kaplı Tablet;2;0;2;211;
25.06.2026;SELÇUK ECZA DEPOSU;SELÇUK ERZURUM;8,68E+12;KARABAĞ ECZANESİ;KARS ILCELER;PANOCER;Panocer 40 mg 28 Enterik Kaplı Tablet;2;0;2;211;
19.06.2026;SELÇUK ECZA DEPOSU;SELÇUK SAMSUN;8,68E+12;TAYFUN ECZANESİ;ORDU MERKEZ -1;PANOCER;Panocer 40 mg 28 Enterik Kaplı Tablet;2;0;2;211;
10.06.2026;NEVZAT ECZA DEPOSU;NEVZAT SAMSUN;8,68E+12;KAMER ECZANESİ;SAMSUN BAHCELIEVLER;PANOCER;Panocer 40 mg 28 Enterik Kaplı Tablet;2;0;2;211;
1.06.2026;SELÇUK ECZA DEPOSU;SELÇUK SAMSUN;8,68E+12;ASYA ECZANESİ;SAMSUN DOGU ILCELER;PANOCER;Panocer 40 mg 28 Enterik Kaplı Tablet;2;0;2;211;
26.06.2026;SELÇUK ECZA DEPOSU;SELÇUK SAMSUN;8,68E+12;ASYA ECZANESİ;SAMSUN DOGU ILCELER;PANOCER;Panocer 40 mg 28 Enterik Kaplı Tablet;2;0;2;211;
16.06.2026;ALLIANCE HEALTHCARE;AH SAMSUN;8,68E+12;HALE ECZANESİ;SAMSUN HURRIYET+ZAFER;PANOCER;Panocer 40 mg 28 Enterik Kaplı Tablet;2;0;2;211;
15.06.2026;ALLIANCE HEALTHCARE;AH SAMSUN;8,68E+12;PETEK ECZANESİ;SAMSUN BAHCELIEVLER;PANOCER;Panocer 40 mg 28 Enterik Kaplı Tablet;2;0;2;211;
18.06.2026;NEVZAT ECZA DEPOSU;NEVZAT SAMSUN;8,68E+12;ORKİDE ORAN ECZANESİ;SAMSUN BAHCELIEVLER;PANOCER;Panocer 40 mg 28 Enterik Kaplı Tablet;2;0;2;211;
12.06.2026;ALLIANCE HEALTHCARE;AH SAMSUN;8,68E+12;DRAMALI ECZANESİ;SINOP MERKEZ;PANOCER;Panocer 40 mg 28 Enterik Kaplı Tablet;2;0;2;211;
30.06.2026;SELÇUK ECZA DEPOSU;SELÇUK SAMSUN;8,68E+12;KÜBRA ECZANESİ;SIVAS MERKEZ -2;PANOCER;Panocer 40 mg 28 Enterik Kaplı Tablet;2;0;2;211;
23.06.2026;ALLIANCE HEALTHCARE;AH TRABZON;8,68E+12;ÖZLEM ECZANESİ;TRABZON DOGU ILCELER - 2;PANOCER;Panocer 40 mg 28 Enterik Kaplı Tablet;2;0;2;211;
17.06.2026;SELÇUK ECZA DEPOSU;SELÇUK TRABZON;8,68E+12;NEŞE ECZANESİ;TRABZON MERKEZ -1;PANOCER;Panocer 40 mg 28 Enterik Kaplı Tablet;2;0;2;211;
25.06.2026;ALLIANCE HEALTHCARE;AH ORDU;8,68E+12;ZEYNEP ECZANESİ;ORDU MERKEZ -3;PANOCER;Panocer 40 mg 28 Enterik Kaplı Tablet;2;0;2;211;
9.06.2026;ALLIANCE HEALTHCARE;AH SAMSUN;8,68E+12;ÇAKIR ECZANESİ;SAMSUN ATAKUM;PANOCER;Panocer 40 mg 28 Enterik Kaplı Tablet;2;0;2;211;
30.06.2026;SELÇUK ECZA DEPOSU;SELÇUK SAMSUN;8,68E+12;GÜNDÜZ ECZANESİ;SAMSUN RASATHANE;PANOCER;Panocer 40 mg 28 Enterik Kaplı Tablet;2;0;2;211;
4.06.2026;SELÇUK ECZA DEPOSU;SELÇUK SAMSUN;8,68E+12;BARTU ECZANESİ;SAMSUN ATAKUM;PANOCER;Panocer 40 mg 28 Enterik Kaplı Tablet;2;0;2;211;
22.06.2026;NEVZAT ECZA DEPOSU;NEVZAT SAMSUN;8,68E+12;HASKÖY NALAN ECZANESİ;SAMSUN CANIK;PANOCER;Panocer 40 mg 28 Enterik Kaplı Tablet;2;0;2;211;
10.06.2026;ALLIANCE HEALTHCARE;AH SAMSUN;8,68E+12;ALBAYRAK ECZANESİ;SAMSUN RASATHANE;PANOCER;Panocer 40 mg 28 Enterik Kaplı Tablet;2;0;2;211;
8.06.2026;SELÇUK ECZA DEPOSU;SELÇUK SAMSUN;8,68E+12;CİHAN ECZANESİ;TOKAT MERKEZ -2;PANOCER;Panocer 40 mg 28 Enterik Kaplı Tablet;2;0;2;211;
11.06.2026;ALLIANCE HEALTHCARE;AH SAMSUN;8,68E+12;DİLA ECZANESİ;SAMSUN BAHCELIEVLER;PANOCER;Panocer 40 mg 28 Enterik Kaplı Tablet;2;0;2;211;
11.06.2026;ALLIANCE HEALTHCARE;AH TRABZON;8,68E+12;AKTOPRAK ECZANESİ;TRABZON MERKEZ -1;PANOCER;Panocer 40 mg 28 Enterik Kaplı Tablet;2;0;2;211;
3.06.2026;SELÇUK ECZA DEPOSU;SELÇUK SAMSUN;8,68E+12;YENİ SANAYİ ECZANESİ;ORDU MERKEZ -3;PANOCER;Panocer 40 mg 28 Enterik Kaplı Tablet;2;0;2;211;
3.06.2026;SELÇUK ECZA DEPOSU;SELÇUK SAMSUN;8,68E+12;YENİ SANAYİ ECZANESİ;ORDU MERKEZ -3;PANOCER;Panocer 40 mg 28 Enterik Kaplı Tablet;2;0;2;211;
13.06.2026;SELÇUK ECZA DEPOSU;SELÇUK TRABZON;8,68E+12;DOĞA ECZANESİ;TRABZON DOGU ILCELER -1;PANOCER;Panocer 40 mg 28 Enterik Kaplı Tablet;2;0;2;211;
2.06.2026;SELÇUK ECZA DEPOSU;SELÇUK TRABZON;8,68E+12;ÇİÇEK ECZANESİ;RIZE BATI ILCELER;PANOCER;Panocer 40 mg 28 Enterik Kaplı Tablet;2;0;2;211;
14.06.2026;SELÇUK ECZA DEPOSU;SELÇUK TRABZON;8,68E+12;YAREN ECZANESİ;GUMUSHANE;PANOCER;Panocer 40 mg 28 Enterik Kaplı Tablet;2;0;2;211;
10.06.2026;SELÇUK ECZA DEPOSU;SELÇUK SAMSUN;8,68E+12;FURKAN ECZANESİ;SIVAS MERKEZ -4;PANOCER;Panocer 40 mg 28 Enterik Kaplı Tablet;2;0;2;211;
18.06.2026;SELÇUK ECZA DEPOSU;SELÇUK SAMSUN;8,68E+12;ŞAHİN ECZANESİ;SINOP GUNEY ILCELER;PANOCER;Panocer 40 mg 28 Enterik Kaplı Tablet;2;0;2;211;
3.06.2026;SELÇUK ECZA DEPOSU;SELÇUK SAMSUN;8,68E+12;GOKCELİ ECZANESİ;SAMSUN DOGU ILCELER - 2;PANOCER;Panocer 40 mg 28 Enterik Kaplı Tablet;2;0;2;211;
10.06.2026;SELÇUK ECZA DEPOSU;SELÇUK TRABZON;8,68E+12;YENİ BAYRAKTAR ECZANESİ;ARTVIN KUZEY ILCELER;ACİDPASS;Acidpass 10/800/165 mg 12 Çiğneme Tablet;1;0;1;112;
26.06.2026;ALLIANCE HEALTHCARE;AH SAMSUN;8,68E+12;FİKRİ KARTAL ECZANESİ;CORUM KUZEY ILCELER;ACİDPASS;Acidpass 10/800/165 mg 12 Çiğneme Tablet;1;0;1;112;
12.06.2026;SELÇUK ECZA DEPOSU;SELÇUK ERZURUM;8,68E+12;KEMALİYE ŞİFA ECZANESİ;ERZINCAN ILCELER;ACİDPASS;Acidpass 10/800/165 mg 12 Çiğneme Tablet;1;0;1;112;
26.06.2026;SELÇUK ECZA DEPOSU;SELÇUK ERZURUM;8,68E+12;KEMALİYE ŞİFA ECZANESİ;ERZINCAN ILCELER;ACİDPASS;Acidpass 10/800/165 mg 12 Çiğneme Tablet;1;0;1;112;
9.06.2026;NEVZAT ECZA DEPOSU;NEVZAT ERZURUM;8,68E+12;ŞENOL ECZANESİ;ERZURUM KUZEY ILCELER;ACİDPASS;Acidpass 10/800/165 mg 12 Çiğneme Tablet;1;0;1;112;
26.06.2026;SELÇUK ECZA DEPOSU;SELÇUK ERZURUM;8,68E+12;MERKEZ RESULOĞULLARI ECZANESİ;ERZURUM GUNEY ILCELER;ACİDPASS;Acidpass 10/800/165 mg 12 Çiğneme Tablet;1;0;1;112;
19.06.2026;NEVZAT ECZA DEPOSU;NEVZAT ERZURUM;8,68E+12;IHLAMUR ECZANESİ;ERZINCAN MERKEZ;ACİDPASS;Acidpass 10/800/165 mg 12 Çiğneme Tablet;1;0;1;112;
28.06.2026;NEVZAT ECZA DEPOSU;NEVZAT ERZURUM;8,68E+12;ONUR ECZANESİ;ERZINCAN MERKEZ;ACİDPASS;Acidpass 10/800/165 mg 12 Çiğneme Tablet;1;0;1;112;
29.06.2026;SELÇUK ECZA DEPOSU;SELÇUK TRABZON;8,68E+12;DENİZ ECZANESİ;GIRESUN BULANCAK+PIRAZIZ;ACİDPASS;Acidpass 10/800/165 mg 12 Çiğneme Tablet;1;0;1;112;
25.06.2026;SELÇUK ECZA DEPOSU;SELÇUK ERZURUM;8,68E+12;KARABAĞ ECZANESİ;KARS ILCELER;ACİDPASS;Acidpass 10/800/165 mg 12 Çiğneme Tablet;1;0;1;112;
2.06.2026;ALLIANCE HEALTHCARE;AH ORDU;8,68E+12;YALI ECZANESİ;ORDU UNYE;ACİDPASS;Acidpass 10/800/165 mg 12 Çiğneme Tablet;1;0;1;112;
22.06.2026;ALLIANCE HEALTHCARE;AH ORDU;8,68E+12;ERGÜL ECZANESİ;ORDU MERKEZ -1;ACİDPASS;Acidpass 10/800/165 mg 12 Çiğneme Tablet;1;0;1;112;
29.06.2026;SELÇUK ECZA DEPOSU;SELÇUK TRABZON;8,68E+12;FAKÜLTE ECZANESİ;RIZE MERKEZ;ACİDPASS;Acidpass 10/800/165 mg 12 Çiğneme Tablet;1;0;1;112;
23.06.2026;ALLIANCE HEALTHCARE;AH SAMSUN;8,68E+12;NAR ECZANESİ;SAMSUN PAZAR;ACİDPASS;Acidpass 10/800/165 mg 12 Çiğneme Tablet;1;0;1;112;
5.06.2026;SELÇUK ECZA DEPOSU;SELÇUK SAMSUN;8,68E+12;TÜRKİŞ ECZANESİ;SAMSUN ATAKUM;ACİDPASS;Acidpass 10/800/165 mg 12 Çiğneme Tablet;1;0;1;112;
24.06.2026;SELÇUK ECZA DEPOSU;SELÇUK SAMSUN;8,68E+12;GÜNGÖRMÜŞ ECZANESİ;SAMSUN ULUGAZI;ACİDPASS;Acidpass 10/800/165 mg 12 Çiğneme Tablet;1;0;1;112;
1.06.2026;ALLIANCE HEALTHCARE;AH SAMSUN;8,68E+12;YENİ ECZANESİ;SINOP GUNEY ILCELER;ACİDPASS;Acidpass 10/800/165 mg 12 Çiğneme Tablet;1;0;1;112;
5.06.2026;SELÇUK ECZA DEPOSU;SELÇUK SAMSUN;8,68E+12;GÜL ECZANESİ;SIVAS BATI ILCELER;ACİDPASS;Acidpass 10/800/165 mg 12 Çiğneme Tablet;1;0;1;112;
15.06.2026;SELÇUK ECZA DEPOSU;SELÇUK SAMSUN;8,68E+12;ANIL ECZANESİ;SAMSUN BAHCELIEVLER;ACİDPASS;Acidpass 10/800/165 mg 12 Çiğneme Tablet;1;0;1;112;
2.06.2026;ALLIANCE HEALTHCARE;AH SAMSUN;8,68E+12;PETEK ECZANESİ;SAMSUN BAHCELIEVLER;ACİDPASS;Acidpass 10/800/165 mg 12 Çiğneme Tablet;1;0;1;112;
23.06.2026;SELÇUK ECZA DEPOSU;SELÇUK SAMSUN;8,68E+12;EMRE ECZANESİ;SIVAS DOGU ILCELER;ACİDPASS;Acidpass 10/800/165 mg 12 Çiğneme Tablet;1;0;1;112;
19.06.2026;SELÇUK ECZA DEPOSU;SELÇUK SAMSUN;8,68E+12;NUR ECZANESİ;SAMSUN ILKADIM - 2;ACİDPASS;Acidpass 10/800/165 mg 12 Çiğneme Tablet;1;0;1;112;
10.06.2026;NEVZAT ECZA DEPOSU;NEVZAT SAMSUN;8,68E+12;UNKAPANI ECZANESİ;SAMSUN ADALET;ACİDPASS;Acidpass 10/800/165 mg 12 Çiğneme Tablet;1;0;1;112;
8.06.2026;SELÇUK ECZA DEPOSU;SELÇUK SAMSUN;8,68E+12;ESRA ECZANESİ;SIVAS MERKEZ -2;ACİDPASS;Acidpass 10/800/165 mg 12 Çiğneme Tablet;1;0;1;112;
16.06.2026;NEVZAT ECZA DEPOSU;NEVZAT SAMSUN;8,68E+12;KUMRU ECZANESİ;TOKAT MERKEZ -1;ACİDPASS;Acidpass 10/800/165 mg 12 Çiğneme Tablet;1;0;1;112;
1.06.2026;SELÇUK ECZA DEPOSU;SELÇUK SAMSUN;8,68E+12;SEÇKİN ECZANESİ;TOKAT BATI ILCELER;ACİDPASS;Acidpass 10/800/165 mg 12 Çiğneme Tablet;1;0;1;112;
3.06.2026;SELÇUK ECZA DEPOSU;SELÇUK SAMSUN;8,68E+12;BURAK ECZANESİ;TOKAT BATI ILCELER;ACİDPASS;Acidpass 10/800/165 mg 12 Çiğneme Tablet;1;0;1;112;
26.06.2026;SELÇUK ECZA DEPOSU;SELÇUK SAMSUN;8,68E+12;BİZİM ECZANESİ;TOKAT TURHAL;ACİDPASS;Acidpass 10/800/165 mg 12 Çiğneme Tablet;1;0;1;112;
24.06.2026;ALLIANCE HEALTHCARE;AH SAMSUN;8,68E+12;SARIER ECZANESİ;TOKAT MERKEZ -2;ACİDPASS;Acidpass 10/800/165 mg 12 Çiğneme Tablet;1;0;1;112;
28.06.2026;ALLIANCE HEALTHCARE;AH SAMSUN;8,68E+12;SÖNMEZ ECZANESİ;TOKAT MERKEZ -1;ACİDPASS;Acidpass 10/800/165 mg 12 Çiğneme Tablet;1;0;1;112;
30.06.2026;NEVZAT ECZA DEPOSU;NEVZAT SAMSUN;8,68E+12;TUĞLUOĞLU ECZANESİ;TOKAT BATI ILCELER;ACİDPASS;Acidpass 10/800/165 mg 12 Çiğneme Tablet;1;0;1;112;
16.06.2026;SELÇUK ECZA DEPOSU;SELÇUK TRABZON;8,68E+12;FARUK ECZANESİ;TRABZON MERKEZ -1;ACİDPASS;Acidpass 10/800/165 mg 12 Çiğneme Tablet;1;0;1;112;
29.06.2026;NEVZAT ECZA DEPOSU;NEVZAT TRABZON;8,68E+12;VEFA ECZANESİ;TRABZON MERKEZ -3;ACİDPASS;Acidpass 10/800/165 mg 12 Çiğneme Tablet;1;0;1;112;
3.06.2026;SELÇUK ECZA DEPOSU;SELÇUK TRABZON;8,68E+12;KONAK ECZANESİ;TRABZON MERKEZ -4;ACİDPASS;Acidpass 10/800/165 mg 12 Çiğneme Tablet;1;0;1;112;
1.06.2026;ALLIANCE HEALTHCARE;AH TRABZON;8,68E+12;PETEK ECZANESİ;TRABZON DOGU ILCELER - 2;ACİDPASS;Acidpass 10/800/165 mg 12 Çiğneme Tablet;1;0;1;112;
17.06.2026;NEVZAT ECZA DEPOSU;NEVZAT TRABZON;8,68E+12;KİSARNA ECZANESİ;TRABZON MERKEZ -1;ACİDPASS;Acidpass 10/800/165 mg 12 Çiğneme Tablet;1;0;1;112;
10.06.2026;SELÇUK ECZA DEPOSU;SELÇUK ERZURUM;8,68E+12;ERDOĞAN ECZANESİ;ERZURUM MERKEZ -3;ACİDPASS;Acidpass 10/800/165 mg 12 Çiğneme Tablet;1;0;1;112;
3.06.2026;SELÇUK ECZA DEPOSU;SELÇUK ERZURUM;8,68E+12;ERDOĞAN ECZANESİ;ERZURUM MERKEZ -3;ACİDPASS;Acidpass 10/800/165 mg 12 Çiğneme Tablet;1;0;1;112;
24.06.2026;SELÇUK ECZA DEPOSU;SELÇUK ERZURUM;8,68E+12;ERDOĞAN ECZANESİ;ERZURUM MERKEZ -3;ACİDPASS;Acidpass 10/800/165 mg 12 Çiğneme Tablet;1;0;1;112;
11.06.2026;SELÇUK ECZA DEPOSU;SELÇUK TRABZON;8,68E+12;HUZUR ECZANESİ;GUMUSHANE;ACİDPASS;Acidpass 10/800/165 mg 12 Çiğneme Tablet;1;0;1;112;
17.06.2026;ALLIANCE HEALTHCARE;AH SAMSUN;8,68E+12;PINAR ECZANESİ;SAMSUN ATAKUM;ACİDPASS;Acidpass 10/800/165 mg 12 Çiğneme Tablet;1;0;1;112;
23.06.2026;SELÇUK ECZA DEPOSU;SELÇUK SAMSUN;8,68E+12;ALPER ECZANESİ;SAMSUN DOGU ILCELER;ACİDPASS;Acidpass 10/800/165 mg 12 Çiğneme Tablet;1;0;1;112;
10.06.2026;ALLIANCE HEALTHCARE;AH SAMSUN;8,68E+12;KEREM ECZANESİ;TOKAT BATI ILCELER;ACİDPASS;Acidpass 10/800/165 mg 12 Çiğneme Tablet;1;0;1;112;
22.06.2026;ALLIANCE HEALTHCARE;AH TRABZON;8,68E+12;HAYIRLIOĞLU ECZANESİ;TRABZON MERKEZ -3;ACİDPASS;Acidpass 10/800/165 mg 12 Çiğneme Tablet;1;0;1;112;
1.06.2026;SELÇUK ECZA DEPOSU;SELÇUK ERZURUM;8,68E+12;KARAHAN ECZANESİ;ERZURUM KUZEY ILCELER;ACİDPASS;Acidpass 10/800/165 mg 12 Çiğneme Tablet;1;0;1;112;
26.06.2026;SELÇUK ECZA DEPOSU;SELÇUK ERZURUM;8,68E+12;MERYEM ECZANESİ;ERZURUM GUNEY ILCELER;ACİDPASS;Acidpass 10/800/165 mg 12 Çiğneme Tablet;1;0;1;112;
1.06.2026;SELÇUK ECZA DEPOSU;SELÇUK ERZURUM;8,68E+12;YAĞMUR ECZANESİ;AGRI ILCELER;ACİDPASS;Acidpass 10/800/165 mg 12 Çiğneme Tablet;1;0;1;112;
1.06.2026;SELÇUK ECZA DEPOSU;SELÇUK TRABZON;8,68E+12;KENDİRLİ ECZANESİ;RIZE MERKEZ;ACİDPASS;Acidpass 10/800/165 mg 12 Çiğneme Tablet;1;0;1;112;
29.06.2026;SELÇUK ECZA DEPOSU;SELÇUK TRABZON;8,68E+12;SADIK ECZANESİ;GIRESUN DOGU ILCELER -1;ACİDPASS;Acidpass 10/800/165 mg 12 Çiğneme Tablet;1;0;1;112;
7.06.2026;SELÇUK ECZA DEPOSU;SELÇUK TRABZON;8,68E+12;SADIK ECZANESİ;GIRESUN DOGU ILCELER -1;ACİDPASS;Acidpass 10/800/165 mg 12 Çiğneme Tablet;1;0;1;112;
19.06.2026;ALLIANCE HEALTHCARE;AH TRABZON;8,68E+12;CEVDET ECZANESİ;TRABZON MERKEZ -1;ACİDPASS;Acidpass 10/800/165 mg 12 Çiğneme Tablet;1;0;1;112;
15.06.2026;SELÇUK ECZA DEPOSU;SELÇUK ERZURUM;8,68E+12;CADDE ECZANESİ ;ERZURUM MERKEZ -3;ACİDPASS;Acidpass 10/800/165 mg 12 Çiğneme Tablet;1;0;1;112;
7.06.2026;ALLIANCE HEALTHCARE;AH SAMSUN;8,68E+12;YAŞAM ECZANESİ;SINOP GUNEY ILCELER;ACİDPASS;Acidpass 10/800/165 mg 12 Çiğneme Tablet;1;0;1;112;
10.06.2026;SELÇUK ECZA DEPOSU;SELÇUK ERZURUM;8,68E+12;MERVE ECZANESİ;ERZURUM MERKEZ -3;ACİDPASS;Acidpass 10/800/165 mg 12 Çiğneme Tablet;1;0;1;112;
19.06.2026;SELÇUK ECZA DEPOSU;SELÇUK SAMSUN;8,68E+12;SEÇİL ECZANESİ;SAMSUN HURRIYET+ZAFER;ACİDPASS;Acidpass 10/800/165 mg 12 Çiğneme Tablet;1;0;1;112;
5.06.2026;SELÇUK ECZA DEPOSU;SELÇUK SAMSUN;8,68E+12;SEÇİL ECZANESİ;SAMSUN HURRIYET+ZAFER;ACİDPASS;Acidpass 10/800/165 mg 12 Çiğneme Tablet;1;0;1;112;
10.06.2026;SELÇUK ECZA DEPOSU;SELÇUK SAMSUN;8,68E+12;SEÇİL ECZANESİ;SAMSUN HURRIYET+ZAFER;ACİDPASS;Acidpass 10/800/165 mg 12 Çiğneme Tablet;1;0;1;112;
26.06.2026;SELÇUK ECZA DEPOSU;SELÇUK TRABZON;8,68E+12;KANUNİ ECZANESİ;TRABZON DOGU ILCELER - 2;ACİDPASS;Acidpass 10/800/165 mg 12 Çiğneme Tablet;1;0;1;112;
1.06.2026;SELÇUK ECZA DEPOSU;SELÇUK SAMSUN;8,68E+12;ADİL ECZANESİ;SIVAS BATI ILCELER;ACİDPASS;Acidpass 10/800/165 mg 12 Çiğneme Tablet;1;0;1;112;
11.06.2026;SELÇUK ECZA DEPOSU;SELÇUK SAMSUN;8,68E+12;ADİL ECZANESİ;SIVAS BATI ILCELER;ACİDPASS;Acidpass 10/800/165 mg 12 Çiğneme Tablet;1;0;1;112;
11.06.2026;NEVZAT ECZA DEPOSU;NEVZAT ERZURUM;8,68E+12;BİLGİNER ECZANESİ;ERZURUM MERKEZ -2;ACİDPASS;Acidpass 10/800/165 mg 12 Çiğneme Tablet;1;0;1;112;
19.06.2026;ALLIANCE HEALTHCARE;AH SAMSUN;8,68E+12;YAŞAM ECZANESİ;SAMSUN DOGU ILCELER;ACİDPASS;Acidpass 10/800/165 mg 12 Çiğneme Tablet;1;0;1;112;
29.06.2026;ALLIANCE HEALTHCARE;AH SAMSUN;8,68E+12;BERKAY ECZANESİ;SINOP GUNEY ILCELER;ACİDPASS;Acidpass 10/800/165 mg 12 Çiğneme Tablet;1;0;1;112;
17.06.2026;ALLIANCE HEALTHCARE;AH SAMSUN;8,68E+12;ÇELİK ECZANESİ;SAMSUN DOGU ILCELER;ACİDPASS;Acidpass 10/800/165 mg 12 Çiğneme Tablet;1;0;1;112;
13.06.2026;SELÇUK ECZA DEPOSU;SELÇUK TRABZON;8,68E+12;İPEKYOLU ECZANESİ;TRABZON MERKEZ -4;ACİDPASS;Acidpass 10/800/165 mg 12 Çiğneme Tablet;1;0;1;112;
24.06.2026;SELÇUK ECZA DEPOSU;SELÇUK ERZURUM;8,68E+12;YAŞAM ECZANESİ;ERZURUM GUNEY ILCELER;ACİDPASS;Acidpass 10/800/165 mg 12 Çiğneme Tablet;1;0;1;112;
26.06.2026;SELÇUK ECZA DEPOSU;SELÇUK ERZURUM;8,68E+12;ÖZLEM ECZANESİ;AGRI ILCELER;ACİDPASS;Acidpass 10/800/165 mg 12 Çiğneme Tablet;1;0;1;112;
21.06.2026;ALLIANCE HEALTHCARE;AH SAMSUN;8,68E+12;AĞABALI ECZANESİ;SAMSUN RASATHANE;ACİDPASS;Acidpass 10/800/165 mg 12 Çiğneme Tablet;1;0;1;112;
11.06.2026;SELÇUK ECZA DEPOSU;SELÇUK SAMSUN;8,68E+12;VİTAMİN ECZANESİ;SIVAS MERKEZ -2;ACİDPASS;Acidpass 10/800/165 mg 12 Çiğneme Tablet;1;0;1;112;
4.06.2026;ALLIANCE HEALTHCARE;AH TRABZON;8,68E+12;SOYLU ECZANESİ;GUMUSHANE;ACİDPASS;Acidpass 10/800/165 mg 12 Çiğneme Tablet;1;0;1;112;
23.06.2026;ALLIANCE HEALTHCARE;AH ORDU;8,68E+12;LOTUS ECZANESİ;ORDU DOGU ILCELER;ACİDPASS;Acidpass 10/800/165 mg 12 Çiğneme Tablet;1;0;1;112;
22.06.2026;SELÇUK ECZA DEPOSU;SELÇUK SAMSUN;8,68E+12;SOYLU ECZANESİ;SIVAS MERKEZ -4;ACİDPASS;Acidpass 10/800/165 mg 12 Çiğneme Tablet;1;0;1;112;
4.06.2026;SELÇUK ECZA DEPOSU;SELÇUK ERZURUM;8,68E+12;TORTUM ECZANESİ;ERZURUM KUZEY ILCELER;ACİDPASS;Acidpass 10/800/165 mg 12 Çiğneme Tablet;1;0;1;112;
18.06.2026;ALLIANCE HEALTHCARE;AH SAMSUN;8,68E+12;YENİ KOLBAKIR ECZANESİ;SAMSUN ILKADIM - 2;ACİDPASS;Acidpass 10/800/165 mg 12 Çiğneme Tablet;1;0;1;112;
1.06.2026;ALLIANCE HEALTHCARE;AH SAMSUN;8,68E+12;NEFES ECZANESİ;SAMSUN BAHCELIEVLER;ACİDPASS;Acidpass 10/800/165 mg 12 Çiğneme Tablet;1;0;1;112;
1.06.2026;SELÇUK ECZA DEPOSU;SELÇUK ERZURUM;8,68E+12;İREM ECZANESİ;ERZINCAN MERKEZ;ACİDPASS;Acidpass 10/800/165 mg 12 Çiğneme Tablet;1;0;1;112;
13.06.2026;ALLIANCE HEALTHCARE;AH SAMSUN;8,68E+12;HELVACALİ ECZANESI;SAMSUN DOGU ILCELER - 2;ACİDPASS;Acidpass 10/800/165 mg 12 Çiğneme Tablet;1;0;1;112;
22.06.2026;SELÇUK ECZA DEPOSU;SELÇUK ERZURUM;8,68E+12;MEHTAP BUZ ECZ.KAGIZMAN;KARS ILCELER;ACİDPASS;Acidpass 10/800/165 mg 12 Çiğneme Tablet;1;0;1;112;
6.06.2026;SELÇUK ECZA DEPOSU;SELÇUK ERZURUM;8,68E+12;BUKET ECZANESİ;ERZURUM GUNEY ILCELER;ACİDPASS;Acidpass 10/800/165 mg 12 Çiğneme Tablet;1;0;1;112;
13.06.2026;ALLIANCE HEALTHCARE;AH SAMSUN;8,68E+12;ÖMÜR ECZANESİ;AMASYA ILCELER;ACİDPASS;Acidpass 10/800/165 mg 6 Çiğneme Tablet;1;0;1;69;
19.06.2026;ALLIANCE HEALTHCARE;AH SAMSUN;8,68E+12;ALBAYRAK ECZANESİ;AMASYA MERKEZ -1;ACİDPASS;Acidpass 10/800/165 mg 6 Çiğneme Tablet;1;0;1;69;
26.06.2026;ALLIANCE HEALTHCARE;AH SAMSUN;8,68E+12;ALBAYRAK ECZANESİ;AMASYA MERKEZ -1;ACİDPASS;Acidpass 10/800/165 mg 6 Çiğneme Tablet;1;0;1;69;
1.06.2026;ALLIANCE HEALTHCARE;AH TRABZON;8,68E+12;GÖKTAŞ ECZANESİ;ARTVIN KUZEY ILCELER;ACİDPASS;Acidpass 10/800/165 mg 6 Çiğneme Tablet;1;0;1;69;
11.06.2026;ALLIANCE HEALTHCARE;AH TRABZON;8,68E+12;GÖKTAŞ ECZANESİ;ARTVIN KUZEY ILCELER;ACİDPASS;Acidpass 10/800/165 mg 6 Çiğneme Tablet;1;0;1;69;
8.06.2026;ALLIANCE HEALTHCARE;AH TRABZON;8,68E+12;GÖKTAŞ ECZANESİ;ARTVIN KUZEY ILCELER;ACİDPASS;Acidpass 10/800/165 mg 6 Çiğneme Tablet;1;0;1;69;
29.06.2026;SELÇUK ECZA DEPOSU;SELÇUK TRABZON;8,68E+12;YENİ BAYRAKTAR ECZANESİ;ARTVIN KUZEY ILCELER;ACİDPASS;Acidpass 10/800/165 mg 6 Çiğneme Tablet;1;0;1;69;
8.06.2026;NEVZAT ECZA DEPOSU;NEVZAT ERZURUM;8,68E+12;GÜL ECZANESİ;ERZINCAN MERKEZ;ACİDPASS;Acidpass 10/800/165 mg 6 Çiğneme Tablet;1;0;1;69;
17.06.2026;NEVZAT ECZA DEPOSU;NEVZAT TRABZON;8,68E+12;KEŞAP ECZANESİ;GIRESUN DOGU ILCELER -1;ACİDPASS;Acidpass 10/800/165 mg 6 Çiğneme Tablet;1;0;1;69;
18.06.2026;NEVZAT ECZA DEPOSU;NEVZAT TRABZON;8,68E+12;KEŞAP ECZANESİ;GIRESUN DOGU ILCELER -1;ACİDPASS;Acidpass 10/800/165 mg 6 Çiğneme Tablet;1;0;1;69;
3.06.2026;ALLIANCE HEALTHCARE;AH ORDU;8,68E+12;AYDIN ECZANESİ;GIRESUN DOGU ILCELER -1;ACİDPASS;Acidpass 10/800/165 mg 6 Çiğneme Tablet;1;0;1;69;
1.06.2026;ALLIANCE HEALTHCARE;AH ORDU;8,68E+12;GÖKHAN ECZANESİ;GIRESUN MERKEZ -2;ACİDPASS;Acidpass 10/800/165 mg 6 Çiğneme Tablet;1;0;1;69;
18.06.2026;ALLIANCE HEALTHCARE;AH ORDU;8,68E+12;MÜGE ECZANESİ;GIRESUN BULANCAK+PIRAZIZ;ACİDPASS;Acidpass 10/800/165 mg 6 Çiğneme Tablet;1;0;1;69;
17.06.2026;ALLIANCE HEALTHCARE;AH ORDU;8,68E+12;İLGİ ECZANESİ;GIRESUN BULANCAK+PIRAZIZ;ACİDPASS;Acidpass 10/800/165 mg 6 Çiğneme Tablet;1;0;1;69;
9.06.2026;NEVZAT ECZA DEPOSU;NEVZAT ERZURUM;8,68E+12;ALTUN ECZANESİ;KARS ILCELER;ACİDPASS;Acidpass 10/800/165 mg 6 Çiğneme Tablet;1;0;1;69;
4.06.2026;NEVZAT ECZA DEPOSU;NEVZAT TRABZON;8,68E+12;SENA ECZANESİ;ORDU FATSA;ACİDPASS;Acidpass 10/800/165 mg 6 Çiğneme Tablet;1;0;1;69;
17.06.2026;SELÇUK ECZA DEPOSU;SELÇUK SAMSUN;8,68E+12;AB-I HAYAT ECZANESİ;ORDU FATSA;ACİDPASS;Acidpass 10/800/165 mg 6 Çiğneme Tablet;1;0;1;69;
17.06.2026;SELÇUK ECZA DEPOSU;SELÇUK SAMSUN;8,68E+12;AB-I HAYAT ECZANESİ;ORDU FATSA;ACİDPASS;Acidpass 10/800/165 mg 6 Çiğneme Tablet;1;0;1;69;
19.06.2026;SELÇUK ECZA DEPOSU;SELÇUK TRABZON;8,68E+12;ÖMÜR ECZANESİ;RIZE MERKEZ;ACİDPASS;Acidpass 10/800/165 mg 6 Çiğneme Tablet;1;0;1;69;
18.06.2026;ALLIANCE HEALTHCARE;AH TRABZON;8,68E+12;GÜNDOĞDU ECZANESİ;RIZE MERKEZ;ACİDPASS;Acidpass 10/800/165 mg 6 Çiğneme Tablet;1;0;1;69;
18.06.2026;NEVZAT ECZA DEPOSU;NEVZAT SAMSUN;8,68E+12;ŞİFA ECZANESİ;SAMSUN ALACAM+YAKAKENT;ACİDPASS;Acidpass 10/800/165 mg 6 Çiğneme Tablet;1;0;1;69;
9.06.2026;ALLIANCE HEALTHCARE;AH SAMSUN;8,68E+12;SAADET ECZANESİ;SAMSUN BAHCELIEVLER;ACİDPASS;Acidpass 10/800/165 mg 6 Çiğneme Tablet;1;0;1;69;
24.06.2026;NEVZAT ECZA DEPOSU;NEVZAT SAMSUN;8,68E+12;KARACAN ECZANESİ;SAMSUN HURRIYET+ZAFER;ACİDPASS;Acidpass 10/800/165 mg 6 Çiğneme Tablet;1;0;1;69;
1.06.2026;NEVZAT ECZA DEPOSU;NEVZAT SAMSUN;8,68E+12;KAYNAK ECZANESİ;SAMSUN DOGU ILCELER - 2;ACİDPASS;Acidpass 10/800/165 mg 6 Çiğneme Tablet;1;0;1;69;
18.06.2026;SELÇUK ECZA DEPOSU;SELÇUK SAMSUN;8,68E+12;PARK ECZANESİ;SAMSUN VEZIRKOPRU;ACİDPASS;Acidpass 10/800/165 mg 6 Çiğneme Tablet;1;0;1;69;
19.06.2026;ALLIANCE HEALTHCARE;AH SAMSUN;8,68E+12;YUMUK ECZANESİ;SINOP DOGU-BATI ILCELER;ACİDPASS;Acidpass 10/800/165 mg 6 Çiğneme Tablet;1;0;1;69;
16.06.2026;SELÇUK ECZA DEPOSU;SELÇUK SAMSUN;8,68E+12;ANADOLU ECZANESİ;SIVAS MERKEZ -4;ACİDPASS;Acidpass 10/800/165 mg 6 Çiğneme Tablet;1;0;1;69;
1.06.2026;NEVZAT ECZA DEPOSU;NEVZAT SAMSUN;8,68E+12;ŞİFA ECZANESİ;TOKAT DOGU ILCELER;ACİDPASS;Acidpass 10/800/165 mg 6 Çiğneme Tablet;1;0;1;69;
26.06.2026;SELÇUK ECZA DEPOSU;SELÇUK SAMSUN;8,68E+12;MANSIZLAR ECZANESİ;TOKAT MERKEZ -1;ACİDPASS;Acidpass 10/800/165 mg 6 Çiğneme Tablet;1;0;1;69;
10.06.2026;SELÇUK ECZA DEPOSU;SELÇUK SAMSUN;8,68E+12;YEŞİLYURT ECZANESİ;TOKAT BATI ILCELER;ACİDPASS;Acidpass 10/800/165 mg 6 Çiğneme Tablet;1;0;1;69;
24.06.2026;SELÇUK ECZA DEPOSU;SELÇUK TRABZON;8,68E+12;ÇAĞLA ECZANESİ;TRABZON MERKEZ -3;ACİDPASS;Acidpass 10/800/165 mg 6 Çiğneme Tablet;1;0;1;69;
11.06.2026;ALLIANCE HEALTHCARE;AH SAMSUN;8,68E+12;İSTİKLAL ECZANESİ;SAMSUN ULUGAZI;ACİDPASS;Acidpass 10/800/165 mg 6 Çiğneme Tablet;1;0;1;69;
15.06.2026;SELÇUK ECZA DEPOSU;SELÇUK SAMSUN;8,68E+12;ESENTEPE ECZANESİ;SAMSUN VEZIRKOPRU;ACİDPASS;Acidpass 10/800/165 mg 6 Çiğneme Tablet;1;0;1;69;
10.06.2026;ALLIANCE HEALTHCARE;AH SAMSUN;8,68E+12;MİLA ECZANESİ;SAMSUN ATAKENT+19 MAYIS;ACİDPASS;Acidpass 10/800/165 mg 6 Çiğneme Tablet;1;0;1;69;
25.06.2026;SELÇUK ECZA DEPOSU;SELÇUK SAMSUN;8,68E+12;LOKMAN ECZANESİ;SIVAS GUNEY ILCELER;ACİDPASS;Acidpass 10/800/165 mg 6 Çiğneme Tablet;1;0;1;69;
25.06.2026;SELÇUK ECZA DEPOSU;SELÇUK ERZURUM;8,68E+12;TAZEGÜL ECZANESİ;KARS MERKEZ;ACİDPASS;Acidpass 10/800/165 mg 6 Çiğneme Tablet;1;0;1;69;
11.06.2026;SELÇUK ECZA DEPOSU;SELÇUK SAMSUN;8,68E+12;DİLARA ECZANESİ;ORDU MERKEZ -3;ACİDPASS;Acidpass 10/800/165 mg 6 Çiğneme Tablet;1;0;1;69;
5.06.2026;ALLIANCE HEALTHCARE;AH ORDU;8,68E+12;DİLARA ECZANESİ;ORDU MERKEZ -3;ACİDPASS;Acidpass 10/800/165 mg 6 Çiğneme Tablet;1;0;1;69;
18.06.2026;ALLIANCE HEALTHCARE;AH TRABZON;8,68E+12;BİLGE ECZANESİ;ARTVIN KUZEY ILCELER;ACİDPASS;Acidpass 10/800/165 mg 6 Çiğneme Tablet;1;0;1;69;
30.06.2026;SELÇUK ECZA DEPOSU;SELÇUK SAMSUN;8,68E+12;ERTUĞRUL ECZANESİ;SAMSUN HAVZA+KAVAK+LADIK;ACİDPASS;Acidpass 10/800/165 mg 6 Çiğneme Tablet;1;0;1;69;
2.06.2026;SELÇUK ECZA DEPOSU;SELÇUK SAMSUN;8,68E+12;BUĞRA ECZANESİ;ORDU MERKEZ -3;ACİDPASS;Acidpass 10/800/165 mg 6 Çiğneme Tablet;1;0;1;69;
10.06.2026;SELÇUK ECZA DEPOSU;SELÇUK SAMSUN;8,68E+12;DEMİR ECZANESİ;TOKAT MERKEZ -1;ACİDPASS;Acidpass 10/800/165 mg 6 Çiğneme Tablet;1;0;1;69;
12.06.2026;ALLIANCE HEALTHCARE;AH SAMSUN;8,68E+12;NURSEN ECZANESİ;AMASYA MERKEZ -2;ACİDPASS;Acidpass 10/800/165 mg 6 Çiğneme Tablet;1;0;1;69;
11.06.2026;SELÇUK ECZA DEPOSU;SELÇUK SAMSUN;8,68E+12;ALİBABA ECZANESİ;SIVAS MERKEZ -2;ACİDPASS;Acidpass 10/800/165 mg 6 Çiğneme Tablet;1;0;1;69;
5.06.2026;SELÇUK ECZA DEPOSU;SELÇUK ERZURUM;8,68E+12;AĞRI ECZANESİ;AGRI MERKEZ;GRİPORT COLD;Griport Cold 20 Film Kaplı Tablet;1;0;1;84;
6.06.2026;SELÇUK ECZA DEPOSU;SELÇUK SAMSUN;8,68E+12;ESER ECZANESİ;CORUM MERKEZ -1;GRİPORT COLD;Griport Cold 20 Film Kaplı Tablet;1;0;1;84;
24.06.2026;NEVZAT ECZA DEPOSU;NEVZAT SAMSUN;8,68E+12;ENGİNİN ECZANESİ;CORUM GUNEYDOGU ILCELER;GRİPORT COLD;Griport Cold 20 Film Kaplı Tablet;1;0;1;84;
1.06.2026;NEVZAT ECZA DEPOSU;NEVZAT SAMSUN;8,68E+12;ENGİNİN ECZANESİ;CORUM GUNEYDOGU ILCELER;GRİPORT COLD;Griport Cold 20 Film Kaplı Tablet;1;0;1;84;
1.06.2026;SELÇUK ECZA DEPOSU;SELÇUK SAMSUN;8,68E+12;FATİH ECZANESİ;CORUM MERKEZ -1;GRİPORT COLD;Griport Cold 20 Film Kaplı Tablet;1;0;1;84;
3.06.2026;ALLIANCE HEALTHCARE;AH SAMSUN;8,68E+12;KARTAL ECZANESİ;CORUM MERKEZ -3;GRİPORT COLD;Griport Cold 20 Film Kaplı Tablet;1;0;1;84;
5.06.2026;ALLIANCE HEALTHCARE;AH SAMSUN;8,68E+12;KARTAL ECZANESİ;CORUM MERKEZ -3;GRİPORT COLD;Griport Cold 20 Film Kaplı Tablet;1;0;1;84;
3.06.2026;SELÇUK ECZA DEPOSU;SELÇUK ERZURUM;8,68E+12;ERZURUM ECZANESİ;ERZURUM MERKEZ -1;GRİPORT COLD;Griport Cold 20 Film Kaplı Tablet;1;0;1;84;
19.06.2026;ALLIANCE HEALTHCARE;AH ORDU;8,68E+12;DERMAN ECZANESİ;GIRESUN GUNEY ILCELER;GRİPORT COLD;Griport Cold 20 Film Kaplı Tablet;1;0;1;84;
23.06.2026;ALLIANCE HEALTHCARE;AH TRABZON;8,68E+12;KARADENİZ ECZANESİ;GUMUSHANE;GRİPORT COLD;Griport Cold 20 Film Kaplı Tablet;1;0;1;84;
24.06.2026;ALLIANCE HEALTHCARE;AH TRABZON;8,68E+12;IŞIK ECZANESİ;GUMUSHANE;GRİPORT COLD;Griport Cold 20 Film Kaplı Tablet;1;0;1;84;
29.06.2026;ALLIANCE HEALTHCARE;AH ORDU;8,68E+12;SOKAKBAŞI ECZANESİ;GIRESUN MERKEZ -1;GRİPORT COLD;Griport Cold 20 Film Kaplı Tablet;1;0;1;84;
12.06.2026;NEVZAT ECZA DEPOSU;NEVZAT TRABZON;8,68E+12;SEÇKİN ECZANESİ;ORDU FATSA;GRİPORT COLD;Griport Cold 20 Film Kaplı Tablet;1;0;1;84;
9.06.2026;NEVZAT ECZA DEPOSU;NEVZAT TRABZON;8,68E+12;ASYA ECZANESİ;ORDU MERKEZ -2;GRİPORT COLD;Griport Cold 20 Film Kaplı Tablet;1;0;1;84;
19.06.2026;ALLIANCE HEALTHCARE;AH ORDU;8,68E+12;DİLEK ECZANESİ;ORDU FATSA;GRİPORT COLD;Griport Cold 20 Film Kaplı Tablet;1;0;1;84;
27.06.2026;SELÇUK ECZA DEPOSU;SELÇUK SAMSUN;8,68E+12;GÜNDOĞDU ECZANESİ;ORDU MERKEZ -3;GRİPORT COLD;Griport Cold 20 Film Kaplı Tablet;1;0;1;84;
1.06.2026;NEVZAT ECZA DEPOSU;NEVZAT TRABZON;8,68E+12;CANTÜRK ECZANESİ;ORDU BATI ILCELER;GRİPORT COLD;Griport Cold 20 Film Kaplı Tablet;1;0;1;84;
29.06.2026;ALLIANCE HEALTHCARE;AH TRABZON;8,68E+12;USTA ECZANESİ;RIZE MERKEZ;GRİPORT COLD;Griport Cold 20 Film Kaplı Tablet;1;0;1;84;
3.06.2026;ALLIANCE HEALTHCARE;AH SAMSUN;8,68E+12;NAR ECZANESİ;SAMSUN PAZAR;GRİPORT COLD;Griport Cold 20 Film Kaplı Tablet;1;0;1;84;
3.06.2026;ALLIANCE HEALTHCARE;AH SAMSUN;8,68E+12;KARDELEN ECZANESİ;SAMSUN DOGU ILCELER - 2;GRİPORT COLD;Griport Cold 20 Film Kaplı Tablet;1;0;1;84;
5.06.2026;SELÇUK ECZA DEPOSU;SELÇUK SAMSUN;8,68E+12;TERME ECZANESİ;SAMSUN TERME;GRİPORT COLD;Griport Cold 20 Film Kaplı Tablet;1;0;1;84;
13.06.2026;ALLIANCE HEALTHCARE;AH SAMSUN;8,68E+12;AYDIN ECZANESİ;SAMSUN BAFRA;GRİPORT COLD;Griport Cold 20 Film Kaplı Tablet;1;0;1;84;
3.06.2026;SELÇUK ECZA DEPOSU;SELÇUK SAMSUN;8,68E+12;GÜNGÖRMÜŞ ECZANESİ;SAMSUN ULUGAZI;GRİPORT COLD;Griport Cold 20 Film Kaplı Tablet;1;0;1;84;
17.06.2026;NEVZAT ECZA DEPOSU;NEVZAT SAMSUN;8,68E+12;YÜKSELEN ECZANESİ;SAMSUN BAHCELIEVLER;GRİPORT COLD;Griport Cold 20 Film Kaplı Tablet;1;0;1;84;
29.06.2026;SELÇUK ECZA DEPOSU;SELÇUK SAMSUN;8,68E+12;DİDEM ECZANESİ;SAMSUN BAFRA;GRİPORT COLD;Griport Cold 20 Film Kaplı Tablet;1;0;1;84;
25.06.2026;ALLIANCE HEALTHCARE;AH SAMSUN;8,68E+12;BEKTAŞ ECZANESİ;SAMSUN ULUGAZI;GRİPORT COLD;Griport Cold 20 Film Kaplı Tablet;1;0;1;84;
17.06.2026;ALLIANCE HEALTHCARE;AH SAMSUN;8,68E+12;OZAN ECZANESİ;SAMSUN ATAKENT+19 MAYIS;GRİPORT COLD;Griport Cold 20 Film Kaplı Tablet;1;0;1;84;
3.06.2026;ALLIANCE HEALTHCARE;AH SAMSUN;8,68E+12;ESRA ECZANESİ;SAMSUN ATAKENT+19 MAYIS;GRİPORT COLD;Griport Cold 20 Film Kaplı Tablet;1;0;1;84;
12.06.2026;NEVZAT ECZA DEPOSU;NEVZAT SAMSUN;8,68E+12;YASEMİN ECZANESİ;SAMSUN BAFRA;GRİPORT COLD;Griport Cold 20 Film Kaplı Tablet;1;0;1;84;
17.06.2026;SELÇUK ECZA DEPOSU;SELÇUK SAMSUN;8,68E+12;YEŞİLOĞLU ECZANESİ;SAMSUN DOGU ILCELER;GRİPORT COLD;Griport Cold 20 Film Kaplı Tablet;1;0;1;84;
2.06.2026;ALLIANCE HEALTHCARE;AH SAMSUN;8,68E+12;YENİCE ECZANESİ;SINOP DOGU-BATI ILCELER;GRİPORT COLD;Griport Cold 20 Film Kaplı Tablet;1;0;1;84;
19.06.2026;SELÇUK ECZA DEPOSU;SELÇUK SAMSUN;8,68E+12;CEYHUN ECZANESİ;SIVAS MERKEZ -2;GRİPORT COLD;Griport Cold 20 Film Kaplı Tablet;1;0;1;84;
22.06.2026;SELÇUK ECZA DEPOSU;SELÇUK SAMSUN;8,68E+12;AYKUT ECZANESİ;SIVAS MERKEZ -2;GRİPORT COLD;Griport Cold 20 Film Kaplı Tablet;1;0;1;84;
23.06.2026;SELÇUK ECZA DEPOSU;SELÇUK SAMSUN;8,68E+12;AYKUT ECZANESİ;SIVAS MERKEZ -2;GRİPORT COLD;Griport Cold 20 Film Kaplı Tablet;1;0;1;84;
25.06.2026;SELÇUK ECZA DEPOSU;SELÇUK SAMSUN;8,68E+12;BAHAR ECZANESİ;SIVAS MERKEZ -4;GRİPORT COLD;Griport Cold 20 Film Kaplı Tablet;1;0;1;84;
30.06.2026;SELÇUK ECZA DEPOSU;SELÇUK TRABZON;8,68E+12;BAKİ ECZANESİ;TRABZON DOGU ILCELER - 2;GRİPORT COLD;Griport Cold 20 Film Kaplı Tablet;1;0;1;84;
10.06.2026;SELÇUK ECZA DEPOSU;SELÇUK SAMSUN;8,68E+12;SEÇKİN ECZANESİ;TOKAT BATI ILCELER;GRİPORT COLD;Griport Cold 20 Film Kaplı Tablet;1;0;1;84;
8.06.2026;SELÇUK ECZA DEPOSU;SELÇUK TRABZON;8,68E+12;KONAK ECZANESİ;TRABZON MERKEZ -4;GRİPORT COLD;Griport Cold 20 Film Kaplı Tablet;1;0;1;84;
12.06.2026;SELÇUK ECZA DEPOSU;SELÇUK TRABZON;8,68E+12;KONAK ECZANESİ;TRABZON MERKEZ -4;GRİPORT COLD;Griport Cold 20 Film Kaplı Tablet;1;0;1;84;
30.06.2026;ALLIANCE HEALTHCARE;AH TRABZON;8,68E+12;SELCUK ECZANESİ;TRABZON MERKEZ -3;GRİPORT COLD;Griport Cold 20 Film Kaplı Tablet;1;0;1;84;
21.06.2026;SELÇUK ECZA DEPOSU;SELÇUK TRABZON;8,68E+12;SİBEL ECZANESİ;TRABZON MERKEZ -4;GRİPORT COLD;Griport Cold 20 Film Kaplı Tablet;1;0;1;84;
8.06.2026;ALLIANCE HEALTHCARE;AH TRABZON;8,68E+12;PETEK ECZANESİ;TRABZON DOGU ILCELER - 2;GRİPORT COLD;Griport Cold 20 Film Kaplı Tablet;1;0;1;84;
5.06.2026;ALLIANCE HEALTHCARE;AH SAMSUN;8,68E+12;ECEM ECZANESİ;CORUM GUNEYBATI ILCELER;GRİPORT COLD;Griport Cold 20 Film Kaplı Tablet;1;0;1;84;
16.06.2026;SELÇUK ECZA DEPOSU;SELÇUK TRABZON;8,68E+12;DİLEK ECZANESİ;GIRESUN DOGU ILCELER -1;GRİPORT COLD;Griport Cold 20 Film Kaplı Tablet;1;0;1;84;
24.06.2026;ALLIANCE HEALTHCARE;AH ORDU;8,68E+12;MEMLEKET ECZANESİ;ORDU BATI ILCELER;GRİPORT COLD;Griport Cold 20 Film Kaplı Tablet;1;0;1;84;
30.06.2026;SELÇUK ECZA DEPOSU;SELÇUK SAMSUN;8,68E+12;ÖZ IŞIK ECZANESİ;SIVAS MERKEZ -3;GRİPORT COLD;Griport Cold 20 Film Kaplı Tablet;1;0;1;84;
22.06.2026;NEVZAT ECZA DEPOSU;NEVZAT ERZURUM;8,68E+12;KARAHAN ECZANESİ;ERZURUM KUZEY ILCELER;GRİPORT COLD;Griport Cold 20 Film Kaplı Tablet;1;0;1;84;
23.06.2026;SELÇUK ECZA DEPOSU;SELÇUK SAMSUN;8,68E+12;DOĞA ECZANESİ;SIVAS MERKEZ -4;GRİPORT COLD;Griport Cold 20 Film Kaplı Tablet;1;0;1;84;
19.06.2026;ALLIANCE HEALTHCARE;AH TRABZON;8,68E+12;CEVDET ECZANESİ;TRABZON MERKEZ -1;GRİPORT COLD;Griport Cold 20 Film Kaplı Tablet;1;0;1;84;
1.06.2026;ALLIANCE HEALTHCARE;AH SAMSUN;8,68E+12;ORGANİK ECZANESİ;SAMSUN ATAKUM;GRİPORT COLD;Griport Cold 20 Film Kaplı Tablet;1;0;1;84;
10.06.2026;ALLIANCE HEALTHCARE;AH SAMSUN;8,68E+12;MEYDAN ECZANESİ;TOKAT ERBAA;GRİPORT COLD;Griport Cold 20 Film Kaplı Tablet;1;0;1;84;
10.06.2026;ALLIANCE HEALTHCARE;AH SAMSUN;8,68E+12;DİLA ECZANESİ;SAMSUN BAHCELIEVLER;GRİPORT COLD;Griport Cold 20 Film Kaplı Tablet;1;0;1;84;
11.06.2026;SELÇUK ECZA DEPOSU;SELÇUK SAMSUN;8,68E+12;GÜNEŞ ECZANESİ;ORDU MERKEZ -1;GRİPORT COLD;Griport Cold 20 Film Kaplı Tablet;1;0;1;84;
11.06.2026;SELÇUK ECZA DEPOSU;SELÇUK SAMSUN;8,68E+12;SEÇİL ECZANESİ;SAMSUN HURRIYET+ZAFER;GRİPORT COLD;Griport Cold 20 Film Kaplı Tablet;1;0;1;84;
11.06.2026;SELÇUK ECZA DEPOSU;SELÇUK TRABZON;8,68E+12;KANUNİ ECZANESİ;TRABZON DOGU ILCELER - 2;GRİPORT COLD;Griport Cold 20 Film Kaplı Tablet;1;0;1;84;
26.06.2026;SELÇUK ECZA DEPOSU;SELÇUK SAMSUN;8,68E+12;ÜNİVERSİTE ECZANESİ;SIVAS MERKEZ -4;GRİPORT COLD;Griport Cold 20 Film Kaplı Tablet;1;0;1;84;
3.06.2026;ALLIANCE HEALTHCARE;AH TRABZON;8,68E+12;AKTOPRAK ECZANESİ;TRABZON MERKEZ -1;GRİPORT COLD;Griport Cold 20 Film Kaplı Tablet;1;0;1;84;
3.06.2026;SELÇUK ECZA DEPOSU;SELÇUK SAMSUN;8,68E+12;ARYA ECZANESİ;CORUM MERKEZ -3;GRİPORT COLD;Griport Cold 20 Film Kaplı Tablet;1;0;1;84;
2.06.2026;SELÇUK ECZA DEPOSU;SELÇUK SAMSUN;8,68E+12;ARYA ECZANESİ;CORUM MERKEZ -3;GRİPORT COLD;Griport Cold 20 Film Kaplı Tablet;1;0;1;84;
8.06.2026;NEVZAT ECZA DEPOSU;NEVZAT ERZURUM;8,68E+12;MERKEZ ECZANESİ;ERZURUM GUNEY ILCELER;GRİPORT COLD;Griport Cold 20 Film Kaplı Tablet;1;0;1;84;
5.06.2026;ALLIANCE HEALTHCARE;AH SAMSUN;8,68E+12;MİLÖNÜ ECZANESİ;CORUM MERKEZ -2;GRİPORT COLD;Griport Cold 20 Film Kaplı Tablet;1;0;1;84;
9.06.2026;SELÇUK ECZA DEPOSU;SELÇUK ERZURUM;8,68E+12;ASRIN ECZANESİ;ERZURUM MERKEZ -3;GRİPORT COLD;Griport Cold 20 Film Kaplı Tablet;1;0;1;84;
12.06.2026;ALLIANCE HEALTHCARE;AH SAMSUN;8,68E+12;ÜNAL ECZANESİ;SAMSUN ATAKENT+19 MAYIS;GRİPORT COLD;Griport Cold 20 Film Kaplı Tablet;1;0;1;84;
19.06.2026;SELÇUK ECZA DEPOSU;SELÇUK SAMSUN;8,68E+12;ÜNAL ECZANESİ;SAMSUN ATAKENT+19 MAYIS;GRİPORT COLD;Griport Cold 20 Film Kaplı Tablet;1;0;1;84;
17.06.2026;SELÇUK ECZA DEPOSU;SELÇUK SAMSUN;8,68E+12;TOPRAK ECZANESİ;SIVAS DOGU ILCELER;GRİPORT COLD;Griport Cold 20 Film Kaplı Tablet;1;0;1;84;
3.06.2026;ALLIANCE HEALTHCARE;AH SAMSUN;8,68E+12;ÇELİK ECZANESİ;SAMSUN DOGU ILCELER;GRİPORT COLD;Griport Cold 20 Film Kaplı Tablet;1;0;1;84;
1.06.2026;ALLIANCE HEALTHCARE;AH TRABZON;8,68E+12;UZUNKUM ECZANESİ;TRABZON MERKEZ -1;GRİPORT COLD;Griport Cold 20 Film Kaplı Tablet;1;0;1;84;
20.06.2026;SELÇUK ECZA DEPOSU;SELÇUK ERZURUM;8,68E+12;GÖZDE ECZANESİ;ERZURUM MERKEZ -1;GRİPORT COLD;Griport Cold 20 Film Kaplı Tablet;1;0;1;84;
1.06.2026;SELÇUK ECZA DEPOSU;SELÇUK ERZURUM;8,68E+12;GÖZDE ECZANESİ;ERZURUM MERKEZ -1;GRİPORT COLD;Griport Cold 20 Film Kaplı Tablet;1;0;1;84;
1.06.2026;SELÇUK ECZA DEPOSU;SELÇUK ERZURUM;8,68E+12;GÖZDE ECZANESİ;ERZURUM MERKEZ -1;GRİPORT COLD;Griport Cold 20 Film Kaplı Tablet;1;0;1;84;
16.06.2026;NEVZAT ECZA DEPOSU;NEVZAT ERZURUM;8,68E+12;EREN ECZANESİ;AGRI MERKEZ;GRİPORT COLD;Griport Cold 20 Film Kaplı Tablet;1;0;1;84;
15.06.2026;ALLIANCE HEALTHCARE;AH TRABZON;8,68E+12;AKOLUK ECZANESİ;TRABZON MERKEZ -3;GRİPORT COLD;Griport Cold 20 Film Kaplı Tablet;1;0;1;84;
24.06.2026;ALLIANCE HEALTHCARE;AH TRABZON;8,68E+12;LOTUS ECZANESİ;ARTVIN MERKEZ+DOGU+GUNEY;GRİPORT COLD;Griport Cold 20 Film Kaplı Tablet;1;0;1;84;
1.06.2026;ALLIANCE HEALTHCARE;AH SAMSUN;8,68E+12;YAREN ECZANESİ;CORUM KUZEY ILCELER;GRİPORT COLD;Griport Cold 20 Film Kaplı Tablet;1;0;1;84;
1.06.2026;ALLIANCE HEALTHCARE;AH TRABZON;8,68E+12;SOYLU ECZANESİ;GUMUSHANE;GRİPORT COLD;Griport Cold 20 Film Kaplı Tablet;1;0;1;84;
16.06.2026;NEVZAT ECZA DEPOSU;NEVZAT ERZURUM;8,68E+12;KÖPRÜBAŞI ECZANESİ;AGRI MERKEZ;GRİPORT COLD;Griport Cold 20 Film Kaplı Tablet;1;0;1;84;
10.06.2026;ALLIANCE HEALTHCARE;AH ORDU;8,68E+12;UNAT ECZANESI;GIRESUN DOGU ILCELER -1;GRİPORT COLD;Griport Cold 20 Film Kaplı Tablet;1;0;1;84;
10.06.2026;ALLIANCE HEALTHCARE;AH ORDU;8,68E+12;UNAT ECZANESI;GIRESUN DOGU ILCELER -1;GRİPORT COLD;Griport Cold 20 Film Kaplı Tablet;1;0;1;84;
2.06.2026;SELÇUK ECZA DEPOSU;SELÇUK TRABZON;8,68E+12;KEMERKAYA AKIN ECZANESİ;TRABZON MERKEZ -4;GRİPORT COLD;Griport Cold 20 Film Kaplı Tablet;1;0;1;84;
1.06.2026;SELÇUK ECZA DEPOSU;SELÇUK SAMSUN;8,68E+12;GELİNCİK ECZANESİ;SINOP MERKEZ;GRİPORT COLD;Griport Cold 20 Film Kaplı Tablet;1;0;1;84;
8.06.2026;SELÇUK ECZA DEPOSU;SELÇUK ERZURUM;8,68E+12;GÜLSÜM ÇEKEN ECZANESİ;ERZURUM KUZEY ILCELER;GRİPORT COLD;Griport Cold 20 Film Kaplı Tablet;1;0;1;84;
3.06.2026;ALLIANCE HEALTHCARE;AH SAMSUN;8,68E+12;ONAR ECZANESİ;SAMSUN ADALET;GRİPORT COLD;Griport Cold 20 Film Kaplı Tablet;1;0;1;84;
1.06.2026;SELÇUK ECZA DEPOSU;SELÇUK ERZURUM;8,68E+12;TAŞBAŞI ECZANESİ;ERZURUM KUZEY ILCELER;GRİPORT COLD;Griport Cold 20 Film Kaplı Tablet;1;0;1;84;
17.06.2026;ALLIANCE HEALTHCARE;AH ORDU;8,68E+12;AHSEN ECZANESİ;ORDU MERKEZ -1;GRİPORT COLD;Griport Cold 20 Film Kaplı Tablet;1;0;1;84;
21.06.2026;SELÇUK ECZA DEPOSU;SELÇUK ERZURUM;8,68E+12;YENİ BARIŞ ECZANESİ;ERZINCAN ILCELER;GRİPORT COLD;Griport Cold 20 Film Kaplı Tablet;1;0;1;84;
15.06.2026;SELÇUK ECZA DEPOSU;SELÇUK ERZURUM;8,68E+12;DEVA ECZANESİ;ERZURUM GUNEY ILCELER;GRİPORT COLD;Griport Cold 20 Film Kaplı Tablet;1;0;1;84;
30.06.2026;SELÇUK ECZA DEPOSU;SELÇUK ERZURUM;8,68E+12;TUĞBA ECZANESİ;AGRI MERKEZ;GRİPORT COLD;Griport Cold 20 Film Kaplı Tablet;1;0;1;84;
15.06.2026;SELÇUK ECZA DEPOSU;SELÇUK SAMSUN;8,68E+12;LOKMAN DENIZ ECZANESI ATAKUM;SAMSUN ATAKENT+19 MAYIS;GRİPORT COLD;Griport Cold 20 Film Kaplı Tablet;1;0;1;84;
2.06.2026;ALLIANCE HEALTHCARE;AH SAMSUN;8,68E+12;DEMET ECZANESİ;AMASYA MERKEZ -1;MOKSEFEN;Moksefen 400 mg 7 Film Tablet;1;0;1;149;
10.06.2026;SELÇUK ECZA DEPOSU;SELÇUK SAMSUN;8,68E+12;GİZEM ECZANESİ;AMASYA MERZIFON;MOKSEFEN;Moksefen 400 mg 7 Film Tablet;1;0;1;149;
22.06.2026;SELÇUK ECZA DEPOSU;SELÇUK SAMSUN;8,68E+12;BÜYÜK ECZANESİ;CORUM MERKEZ -2;MOKSEFEN;Moksefen 400 mg 7 Film Tablet;1;0;1;149;
16.06.2026;SELÇUK ECZA DEPOSU;SELÇUK SAMSUN;8,68E+12;ERMAN ECZANESİ;CORUM MERKEZ -1;MOKSEFEN;Moksefen 400 mg 7 Film Tablet;1;0;1;149;
10.06.2026;NEVZAT ECZA DEPOSU;NEVZAT SAMSUN;8,68E+12;ERMAN ECZANESİ;CORUM MERKEZ -1;MOKSEFEN;Moksefen 400 mg 7 Film Tablet;1;0;1;149;
21.06.2026;NEVZAT ECZA DEPOSU;NEVZAT SAMSUN;8,68E+12;ERMAN ECZANESİ;CORUM MERKEZ -1;MOKSEFEN;Moksefen 400 mg 7 Film Tablet;1;0;1;149;
10.06.2026;ALLIANCE HEALTHCARE;AH SAMSUN;8,68E+12;SEVİNÇ ECZANESİ;CORUM MERKEZ -2;MOKSEFEN;Moksefen 400 mg 7 Film Tablet;1;0;1;149;
18.06.2026;NEVZAT ECZA DEPOSU;NEVZAT ERZURUM;8,68E+12;TUĞÇE ECZANESİ;ERZINCAN MERKEZ;MOKSEFEN;Moksefen 400 mg 7 Film Tablet;1;0;1;149;
26.06.2026;NEVZAT ECZA DEPOSU;NEVZAT ERZURUM;8,68E+12;IHLAMUR ECZANESİ;ERZINCAN MERKEZ;MOKSEFEN;Moksefen 400 mg 7 Film Tablet;1;0;1;149;
19.06.2026;NEVZAT ECZA DEPOSU;NEVZAT ERZURUM;8,68E+12;IHLAMUR ECZANESİ;ERZINCAN MERKEZ;MOKSEFEN;Moksefen 400 mg 7 Film Tablet;1;0;1;149;
5.06.2026;NEVZAT ECZA DEPOSU;NEVZAT ERZURUM;8,68E+12;IHLAMUR ECZANESİ;ERZINCAN MERKEZ;MOKSEFEN;Moksefen 400 mg 7 Film Tablet;1;0;1;149;
16.06.2026;NEVZAT ECZA DEPOSU;NEVZAT ERZURUM;8,68E+12;IHLAMUR ECZANESİ;ERZINCAN MERKEZ;MOKSEFEN;Moksefen 400 mg 7 Film Tablet;1;0;1;149;
2.06.2026;NEVZAT ECZA DEPOSU;NEVZAT ERZURUM;8,68E+12;IHLAMUR ECZANESİ;ERZINCAN MERKEZ;MOKSEFEN;Moksefen 400 mg 7 Film Tablet;1;0;1;149;
17.06.2026;SELÇUK ECZA DEPOSU;SELÇUK ERZURUM;8,68E+12;IHLAMUR ECZANESİ;ERZINCAN MERKEZ;MOKSEFEN;Moksefen 400 mg 7 Film Tablet;1;0;1;149;
18.06.2026;SELÇUK ECZA DEPOSU;SELÇUK TRABZON;8,68E+12;KONAK ECZANESİ;GIRESUN DOGU ILCELER -2;MOKSEFEN;Moksefen 400 mg 7 Film Tablet;1;0;1;149;
26.06.2026;SELÇUK ECZA DEPOSU;SELÇUK SAMSUN;8,68E+12;GÜNDOĞDU ECZANESİ;ORDU MERKEZ -3;MOKSEFEN;Moksefen 400 mg 7 Film Tablet;1;0;1;149;
4.06.2026;SELÇUK ECZA DEPOSU;SELÇUK TRABZON;8,68E+12;ÇAMLIHEMŞİN ECZANESİ;RIZE BATI ILCELER;MOKSEFEN;Moksefen 400 mg 7 Film Tablet;1;0;1;149;
9.06.2026;SELÇUK ECZA DEPOSU;SELÇUK TRABZON;8,68E+12;ÇAMLIHEMŞİN ECZANESİ;RIZE BATI ILCELER;MOKSEFEN;Moksefen 400 mg 7 Film Tablet;1;0;1;149;
12.06.2026;SELÇUK ECZA DEPOSU;SELÇUK SAMSUN;8,68E+12;ATABAY ECZANESİ;SAMSUN ATAKUM;MOKSEFEN;Moksefen 400 mg 7 Film Tablet;1;0;1;149;
3.06.2026;SELÇUK ECZA DEPOSU;SELÇUK SAMSUN;8,68E+12;AYKANAT ECZANESİ;SAMSUN ATAKUM;MOKSEFEN;Moksefen 400 mg 7 Film Tablet;1;0;1;149;
17.06.2026;SELÇUK ECZA DEPOSU;SELÇUK SAMSUN;8,68E+12;ÇINAR ECZANESİ;SAMSUN ADALET;MOKSEFEN;Moksefen 400 mg 7 Film Tablet;1;0;1;149;
12.06.2026;SELÇUK ECZA DEPOSU;SELÇUK SAMSUN;8,68E+12;ASYA ECZANESİ;SAMSUN DOGU ILCELER;MOKSEFEN;Moksefen 400 mg 7 Film Tablet;1;0;1;149;
4.06.2026;SELÇUK ECZA DEPOSU;SELÇUK SAMSUN;8,68E+12;DERMAN ECZANESİ;SAMSUN VEZIRKOPRU;MOKSEFEN;Moksefen 400 mg 7 Film Tablet;1;0;1;149;
30.06.2026;SELÇUK ECZA DEPOSU;SELÇUK SAMSUN;8,68E+12;KEVSER ECZANESİ;SAMSUN ILKADIM - 2;MOKSEFEN;Moksefen 400 mg 7 Film Tablet;1;0;1;149;
1.06.2026;ALLIANCE HEALTHCARE;AH SAMSUN;8,68E+12;ECEM ECZANESİ;SAMSUN ATAKUM;MOKSEFEN;Moksefen 400 mg 7 Film Tablet;1;0;1;149;
3.06.2026;SELÇUK ECZA DEPOSU;SELÇUK SAMSUN;8,68E+12;ESRA ECZANESİ;SAMSUN ATAKENT+19 MAYIS;MOKSEFEN;Moksefen 400 mg 7 Film Tablet;1;0;1;149;
29.06.2026;SELÇUK ECZA DEPOSU;SELÇUK SAMSUN;8,68E+12;ŞİFA ECZANESİ;SIVAS BATI ILCELER;MOKSEFEN;Moksefen 400 mg 7 Film Tablet;1;0;1;149;
8.06.2026;SELÇUK ECZA DEPOSU;SELÇUK SAMSUN;8,68E+12;UMUT ECZANESİ;SAMSUN ATAKUM;MOKSEFEN;Moksefen 400 mg 7 Film Tablet;1;0;1;149;
24.06.2026;NEVZAT ECZA DEPOSU;NEVZAT SAMSUN;8,68E+12;MURAT ECZANESİ;TOKAT MERKEZ -2;MOKSEFEN;Moksefen 400 mg 7 Film Tablet;1;0;1;149;
8.06.2026;SELÇUK ECZA DEPOSU;SELÇUK SAMSUN;8,68E+12;VİTAMİN ECZANESİ;TOKAT MERKEZ -1;MOKSEFEN;Moksefen 400 mg 7 Film Tablet;1;0;1;149;
18.06.2026;ALLIANCE HEALTHCARE;AH TRABZON;8,68E+12;MERKEZ ECZANESİ;TRABZON DOGU ILCELER - 2;MOKSEFEN;Moksefen 400 mg 7 Film Tablet;1;0;1;149;
4.06.2026;ALLIANCE HEALTHCARE;AH TRABZON;8,68E+12;KAŞÜSTÜ ECZANESİ;TRABZON DOGU ILCELER - 2;MOKSEFEN;Moksefen 400 mg 7 Film Tablet;1;0;1;149;
24.06.2026;SELÇUK ECZA DEPOSU;SELÇUK TRABZON;8,68E+12;DERECİK MERKEZ ECZANESİ;TRABZON AKCAABAT;MOKSEFEN;Moksefen 400 mg 7 Film Tablet;1;0;1;149;
24.06.2026;ALLIANCE HEALTHCARE;AH TRABZON;8,68E+12;BURÇİN ECZANESİ;TRABZON MERKEZ -4;MOKSEFEN;Moksefen 400 mg 7 Film Tablet;1;0;1;149;
3.06.2026;SELÇUK ECZA DEPOSU;SELÇUK TRABZON;8,68E+12;KARADUMAN ECZANESİ;TRABZON MERKEZ -2;MOKSEFEN;Moksefen 400 mg 7 Film Tablet;1;0;1;149;
4.06.2026;SELÇUK ECZA DEPOSU;SELÇUK TRABZON;8,68E+12;SİTELER ECZANESİ;TRABZON MERKEZ -3;MOKSEFEN;Moksefen 400 mg 7 Film Tablet;1;0;1;149;
29.06.2026;NEVZAT ECZA DEPOSU;NEVZAT SAMSUN;8,68E+12;CİHAN ECZANESİ;TOKAT MERKEZ -2;MOKSEFEN;Moksefen 400 mg 7 Film Tablet;1;0;1;149;
1.06.2026;ALLIANCE HEALTHCARE;AH SAMSUN;8,68E+12;MEYDAN ECZANESİ;TOKAT ERBAA;MOKSEFEN;Moksefen 400 mg 7 Film Tablet;1;0;1;149;
5.06.2026;ALLIANCE HEALTHCARE;AH SAMSUN;8,68E+12;AMİSOS ECZANESİ;SAMSUN ILKADIM - 2;MOKSEFEN;Moksefen 400 mg 7 Film Tablet;1;0;1;149;
19.06.2026;SELÇUK ECZA DEPOSU;SELÇUK SAMSUN;8,68E+12;SEÇİL ECZANESİ;SAMSUN HURRIYET+ZAFER;MOKSEFEN;Moksefen 400 mg 7 Film Tablet;1;0;1;149;
5.06.2026;SELÇUK ECZA DEPOSU;SELÇUK ERZURUM;8,68E+12;ÖMER FARUK ECZANESİ;ERZURUM KUZEY ILCELER;MOKSEFEN;Moksefen 400 mg 7 Film Tablet;1;0;1;149;
9.06.2026;ALLIANCE HEALTHCARE;AH SAMSUN;8,68E+12;SAĞLIK ECZANESİ;SAMSUN DOGU ILCELER;MOKSEFEN;Moksefen 400 mg 7 Film Tablet;1;0;1;149;
18.06.2026;SELÇUK ECZA DEPOSU;SELÇUK ERZURUM;8,68E+12;GÖZDE ECZANESİ;ERZURUM MERKEZ -1;MOKSEFEN;Moksefen 400 mg 7 Film Tablet;1;0;1;149;
15.06.2026;SELÇUK ECZA DEPOSU;SELÇUK SAMSUN;8,68E+12;YENİ MEDRESEÖNÜ ECZANESİ;ORDU DOGU ILCELER;MOKSEFEN;Moksefen 400 mg 7 Film Tablet;1;0;1;149;
11.06.2026;ALLIANCE HEALTHCARE;AH SAMSUN;8,68E+12;ONAR ECZANESİ;SAMSUN ADALET;MOKSEFEN;Moksefen 400 mg 7 Film Tablet;1;0;1;149;
13.06.2026;ALLIANCE HEALTHCARE;AH SAMSUN;8,68E+12;KÖRFEZ ECZANESİ;SAMSUN ATAKENT+19 MAYIS;MOKSEFEN;Moksefen 400 mg 7 Film Tablet;1;0;1;149;
2.06.2026;SELÇUK ECZA DEPOSU;SELÇUK TRABZON;8,68E+12;YILDIRIM ECZANESİ;RIZE BATI ILCELER;MOKSEFEN;Moksefen 400 mg 7 Film Tablet;1;0;1;149;
1.06.2026;SELÇUK ECZA DEPOSU;SELÇUK SAMSUN;8,68E+12;ÇAĞLA ECZANESİ;ORDU UNYE;MOKSEFEN;Moksefen 400 mg 7 Film Tablet;1;0;1;149;
24.06.2026;ALLIANCE HEALTHCARE;AH TRABZON;8,68E+12;ARYA ECZANESİ;TRABZON MERKEZ -3;MOKSEFEN;Moksefen 400 mg 7 Film Tablet;1;0;1;149;
19.06.2026;SELÇUK ECZA DEPOSU;SELÇUK ERZURUM;8,68E+12;EMRAH ECZANESİ;ERZINCAN ILCELER;PANOCER;Panocer 40 mg 14 Enterik Kaplı Tablet;1;0;1;81;
16.06.2026;SELÇUK ECZA DEPOSU;SELÇUK ERZURUM;8,68E+12;AYGÜN ECZANESİ;ERZURUM MERKEZ -3;PANOCER;Panocer 40 mg 14 Enterik Kaplı Tablet;1;0;1;81;
4.06.2026;ALLIANCE HEALTHCARE;AH ORDU;8,68E+12;SEÇKİN ECZANESİ;ORDU FATSA;PANOCER;Panocer 40 mg 14 Enterik Kaplı Tablet;1;0;1;81;
22.06.2026;SELÇUK ECZA DEPOSU;SELÇUK SAMSUN;8,68E+12;CANKOR ECZANESİ;SAMSUN ATAKENT+19 MAYIS;PANOCER;Panocer 40 mg 14 Enterik Kaplı Tablet;1;0;1;81;
17.06.2026;ALLIANCE HEALTHCARE;AH SAMSUN;8,68E+12;GÜNEŞ ECZANESİ;SAMSUN CANIK;PANOCER;Panocer 40 mg 14 Enterik Kaplı Tablet;1;0;1;81;
1.06.2026;ALLIANCE HEALTHCARE;AH SAMSUN;8,68E+12;GÜLŞAH ECZANESİ;SAMSUN ALACAM+YAKAKENT;PANOCER;Panocer 40 mg 14 Enterik Kaplı Tablet;1;0;1;81;
16.06.2026;SELÇUK ECZA DEPOSU;SELÇUK SAMSUN;8,68E+12;HAYAT ECZANESİ;SINOP MERKEZ;PANOCER;Panocer 40 mg 14 Enterik Kaplı Tablet;1;0;1;81;
21.06.2026;SELÇUK ECZA DEPOSU;SELÇUK TRABZON;8,68E+12;SİBEL ECZANESİ;TRABZON MERKEZ -4;PANOCER;Panocer 40 mg 14 Enterik Kaplı Tablet;1;0;1;81;
24.06.2026;SELÇUK ECZA DEPOSU;SELÇUK TRABZON;8,68E+12;SİNEM ECZANESİ;GUMUSHANE;PANOCER;Panocer 40 mg 14 Enterik Kaplı Tablet;1;0;1;81;
8.06.2026;ALLIANCE HEALTHCARE;AH ORDU;8,68E+12;DEFNE ECZANESİ;GIRESUN MERKEZ -2;PANOCER;Panocer 40 mg 14 Enterik Kaplı Tablet;1;0;1;81;
8.06.2026;ALLIANCE HEALTHCARE;AH ORDU;8,68E+12;DEFNE ECZANESİ;GIRESUN MERKEZ -2;PANOCER;Panocer 40 mg 14 Enterik Kaplı Tablet;1;0;1;81;
19.06.2026;ALLIANCE HEALTHCARE;AH TRABZON;8,68E+12;SOYLU ECZANESİ;GUMUSHANE;PANOCER;Panocer 40 mg 14 Enterik Kaplı Tablet;1;0;1;81;
20.06.2026;ALLIANCE HEALTHCARE;AH ORDU;8,68E+12;ÖZMEN ECZANESİ;ORDU MERKEZ -1;PANOCER;Panocer 40 mg 14 Enterik Kaplı Tablet;1;0;1;81;
26.06.2026;SELÇUK ECZA DEPOSU;SELÇUK ERZURUM;8,68E+12;CERRAHPAŞA ECZANESİ;AGRI ILCELER;PANOCER;Panocer 40 mg 14 Enterik Kaplı Tablet;1;0;1;81;
19.06.2026;ALLIANCE HEALTHCARE;AH ORDU;8,68E+12;AHSEN ECZANESİ;ORDU FATSA;PANOCER;Panocer 40 mg 14 Enterik Kaplı Tablet;1;0;1;81;
15.06.2026;NEVZAT ECZA DEPOSU;NEVZAT SAMSUN;8,68E+12;SAHİL ECZANESİ;AMASYA MERZIFON;PANOCER;Panocer 40 mg 28 Enterik Kaplı Tablet;1;0;1;105;
19.06.2026;SELÇUK ECZA DEPOSU;SELÇUK SAMSUN;8,68E+12;SİRKECİLER ECZANESİ;CORUM KUZEY ILCELER;PANOCER;Panocer 40 mg 28 Enterik Kaplı Tablet;1;0;1;105;
4.06.2026;SELÇUK ECZA DEPOSU;SELÇUK SAMSUN;8,68E+12;SİRKECİLER ECZANESİ;CORUM KUZEY ILCELER;PANOCER;Panocer 40 mg 28 Enterik Kaplı Tablet;1;0;1;105;
5.06.2026;SELÇUK ECZA DEPOSU;SELÇUK ERZURUM;8,68E+12;ZEHRA ECZANESİ;ERZURUM GUNEY ILCELER;PANOCER;Panocer 40 mg 28 Enterik Kaplı Tablet;1;0;1;105;
25.06.2026;NEVZAT ECZA DEPOSU;NEVZAT TRABZON;8,68E+12;YAMANER ECZANESİ;ORDU UNYE;PANOCER;Panocer 40 mg 28 Enterik Kaplı Tablet;1;0;1;105;
12.06.2026;ALLIANCE HEALTHCARE;AH SAMSUN;8,68E+12;DERMAN ECZANESİ;SAMSUN ADALET;PANOCER;Panocer 40 mg 28 Enterik Kaplı Tablet;1;0;1;105;
1.06.2026;SELÇUK ECZA DEPOSU;SELÇUK SAMSUN;8,68E+12;YÜKSELEN ECZANESİ;SAMSUN BAHCELIEVLER;PANOCER;Panocer 40 mg 28 Enterik Kaplı Tablet;1;0;1;105;
29.06.2026;ALLIANCE HEALTHCARE;AH SAMSUN;8,68E+12;ELİF ECZANESİ;SINOP GUNEY ILCELER;PANOCER;Panocer 40 mg 28 Enterik Kaplı Tablet;1;0;1;105;
11.06.2026;ALLIANCE HEALTHCARE;AH SAMSUN;8,68E+12;ANADOL ECZANESİ;SAMSUN TERME;PANOCER;Panocer 40 mg 28 Enterik Kaplı Tablet;1;0;1;105;
10.06.2026;SELÇUK ECZA DEPOSU;SELÇUK SAMSUN;8,68E+12;ÇINAR ECZANESİ;SAMSUN ADALET;PANOCER;Panocer 40 mg 28 Enterik Kaplı Tablet;1;0;1;105;
29.06.2026;SELÇUK ECZA DEPOSU;SELÇUK SAMSUN;8,68E+12;ÇINAR ECZANESİ;SAMSUN ADALET;PANOCER;Panocer 40 mg 28 Enterik Kaplı Tablet;1;0;1;105;
15.06.2026;NEVZAT ECZA DEPOSU;NEVZAT SAMSUN;8,68E+12;ASYA ECZANESİ;SAMSUN DOGU ILCELER;PANOCER;Panocer 40 mg 28 Enterik Kaplı Tablet;1;0;1;105;
29.06.2026;ALLIANCE HEALTHCARE;AH SAMSUN;8,68E+12;KETENCİ ECZANESİ;SAMSUN ILKADIM - 2;PANOCER;Panocer 40 mg 28 Enterik Kaplı Tablet;1;0;1;105;
18.06.2026;ALLIANCE HEALTHCARE;AH SAMSUN;8,68E+12;ÇARŞAMBA ECZANESİ;SAMSUN DOGU ILCELER - 2;PANOCER;Panocer 40 mg 28 Enterik Kaplı Tablet;1;0;1;105;
24.06.2026;SELÇUK ECZA DEPOSU;SELÇUK TRABZON;8,68E+12;DERECİK MERKEZ ECZANESİ;TRABZON AKCAABAT;PANOCER;Panocer 40 mg 28 Enterik Kaplı Tablet;1;0;1;105;
1.06.2026;NEVZAT ECZA DEPOSU;NEVZAT SAMSUN;8,68E+12;CANDEMİR ECZANESİ;TOKAT BATI ILCELER;PANOCER;Panocer 40 mg 28 Enterik Kaplı Tablet;1;0;1;105;
4.06.2026;ALLIANCE HEALTHCARE;AH SAMSUN;8,68E+12;LİMON ECZANESİ;SAMSUN ATAKENT+19 MAYIS;PANOCER;Panocer 40 mg 28 Enterik Kaplı Tablet;1;0;1;105;
22.06.2026;SELÇUK ECZA DEPOSU;SELÇUK TRABZON;8,68E+12;MARAŞ ECZANESİ;TRABZON MERKEZ -4;PANOCER;Panocer 40 mg 28 Enterik Kaplı Tablet;1;0;1;105;
8.06.2026;SELÇUK ECZA DEPOSU;SELÇUK SAMSUN;8,68E+12;SEÇİL ECZANESİ;SAMSUN HURRIYET+ZAFER;PANOCER;Panocer 40 mg 28 Enterik Kaplı Tablet;1;0;1;105;
29.06.2026;SELÇUK ECZA DEPOSU;SELÇUK ERZURUM;8,68E+12;HASTANELER ECZANESİ;ERZURUM MERKEZ -1;PANOCER;Panocer 40 mg 28 Enterik Kaplı Tablet;1;0;1;105;
26.06.2026;ALLIANCE HEALTHCARE;AH TRABZON;8,68E+12;AKTOPRAK ECZANESİ;TRABZON MERKEZ -1;PANOCER;Panocer 40 mg 28 Enterik Kaplı Tablet;1;0;1;105;
2.06.2026;SELÇUK ECZA DEPOSU;SELÇUK TRABZON;8,68E+12;ŞİFA ECZANESİ;RIZE BATI ILCELER;PANOCER;Panocer 40 mg 28 Enterik Kaplı Tablet;1;0;1;105;
19.06.2026;ALLIANCE HEALTHCARE;AH ORDU;8,68E+12;YENİ SANAYİ ECZANESİ;ORDU MERKEZ -3;PANOCER;Panocer 40 mg 28 Enterik Kaplı Tablet;1;0;1;105;
4.06.2026;SELÇUK ECZA DEPOSU;SELÇUK TRABZON;8,68E+12;ÇİÇEK ECZANESİ;RIZE BATI ILCELER;PANOCER;Panocer 40 mg 28 Enterik Kaplı Tablet;1;0;1;105;
2.06.2026;ALLIANCE HEALTHCARE;AH SAMSUN;8,68E+12;KÖRFEZ ECZANESİ;SAMSUN ATAKENT+19 MAYIS;PANOCER;Panocer 40 mg 28 Enterik Kaplı Tablet;1;0;1;105;
11.06.2026;SELÇUK ECZA DEPOSU;SELÇUK SAMSUN;8,68E+12;DUYAR ECZANESİ;CORUM MERKEZ -2;PANOCER;Panocer 40 mg 28 Enterik Kaplı Tablet;1;0;1;105;
13.06.2026;SELÇUK ECZA DEPOSU;SELÇUK SAMSUN;8,68E+12;MENTEŞOĞLU ECZANESI;SAMSUN DOGU ILCELER - 2;PANOCER;Panocer 40 mg 28 Enterik Kaplı Tablet;1;0;1;105;
9.06.2026;SELÇUK ECZA DEPOSU;SELÇUK SAMSUN;8,68E+12;MENTEŞOĞLU ECZANESI;SAMSUN DOGU ILCELER - 2;PANOCER;Panocer 40 mg 28 Enterik Kaplı Tablet;1;0;1;105;
30.06.2026;SELÇUK ECZA DEPOSU;SELÇUK SAMSUN;8,68E+12;MENTEŞOĞLU ECZANESI;SAMSUN DOGU ILCELER - 2;PANOCER;Panocer 40 mg 28 Enterik Kaplı Tablet;1;0;1;105;
20.06.2026;SELÇUK ECZA DEPOSU;SELÇUK SAMSUN;8,68E+12;MENTEŞOĞLU ECZANESI;SAMSUN DOGU ILCELER - 2;PANOCER;Panocer 40 mg 28 Enterik Kaplı Tablet;1;0;1;105;
15.06.2026;SELÇUK ECZA DEPOSU;SELÇUK SAMSUN;8,68E+12;MENTEŞOĞLU ECZANESI;SAMSUN DOGU ILCELER - 2;PANOCER;Panocer 40 mg 28 Enterik Kaplı Tablet;1;0;1;105;
26.06.2026;SELÇUK ECZA DEPOSU;SELÇUK SAMSUN;8,68E+12;ŞAHİN ECZANESİ;SINOP GUNEY ILCELER;PANOCER;Panocer 40 mg 28 Enterik Kaplı Tablet;1;0;1;105;
29.06.2026;SELÇUK ECZA DEPOSU;SELÇUK SAMSUN;8,68E+12;GOKCELİ ECZANESİ;SAMSUN DOGU ILCELER - 2;PANOCER;Panocer 40 mg 28 Enterik Kaplı Tablet;1;0;1;105;
12.06.2026;ALLIANCE HEALTHCARE;AH TRABZON;8,68E+12;ERVA ECZANESİ;TRABZON MERKEZ -2;GRİPORT COLD;Griport Cold 20 Film Kaplı Tablet;-1;-1;-2;-84;
10.06.2026;ALLIANCE HEALTHCARE;AH SAMSUN;8,68E+12;PINAR ECZANESİ;SAMSUN ATAKENT+19 MAYIS;MOKSEFEN;Moksefen 400 mg 7 Film Tablet;-1;0;-1;-149;
9.06.2026;SELÇUK ECZA DEPOSU;SELÇUK SAMSUN;8,68E+12;CANSU ECZANESİ;CORUM MERKEZ -2;ACİDPASS;Acidpass 10/800/165 mg 12 Çiğneme Tablet;-2;0;-2;-224;
5.06.2026;ALLIANCE HEALTHCARE;AH TRABZON;8,68E+12;BURCU ECZANESİ;TRABZON MERKEZ -2;ACİDPASS;Acidpass 10/800/165 mg 12 Çiğneme Tablet;-2;-1;-3;-224;
17.06.2026;ALLIANCE HEALTHCARE;AH SAMSUN;8,68E+12;UTKU ECZANESİ;SAMSUN DOGU ILCELER - 2;GRİPORT COLD;Griport Cold 20 Film Kaplı Tablet;-2;0;-2;-168;
9.06.2026;SELÇUK ECZA DEPOSU;SELÇUK ERZURUM;8,68E+12;HINIS ECZANESİ;ERZURUM GUNEY ILCELER;GRİPORT COLD;Griport Cold 20 Film Kaplı Tablet;-2;0;-2;-168;
8.06.2026;ALLIANCE HEALTHCARE;AH SAMSUN;8,68E+12;AY ECZANESİ ;TOKAT BATI ILCELER;PANOCER;Panocer 40 mg 14 Enterik Kaplı Tablet;-3;0;-3;-243;
9.06.2026;SELÇUK ECZA DEPOSU;SELÇUK ERZURUM;8,68E+12;HINIS ECZANESİ;ERZURUM GUNEY ILCELER;ACİDPASS;Acidpass 10/800/165 mg 12 Çiğneme Tablet;-4;-1;-5;-449;
18.06.2026;SELÇUK ECZA DEPOSU;SELÇUK TRABZON;8,68E+12;KUZEY ECZANESİ;TRABZON MERKEZ -2;GRİPORT COLD;Griport Cold 20 Film Kaplı Tablet;-5;-1;-6;-421;
5.06.2026;SELÇUK ECZA DEPOSU;SELÇUK SAMSUN;8,68E+12;DERMAN ECZANESİ;TOKAT MERKEZ -1;MOKSEFEN;Moksefen 400 mg 7 Film Tablet;-5;-1;-6;-745;
2.06.2026;NEVZAT ECZA DEPOSU;NEVZAT ERZURUM;8,68E+12;TURAN ECZANESİ;ERZURUM MERKEZ -3;GRİPORT COLD;Griport Cold 20 Film Kaplı Tablet;-6;-1;-7;-505;
19.06.2026;SELÇUK ECZA DEPOSU;SELÇUK TRABZON;8,68E+12;VOLKAN ECZANESİ;TRABZON BATI ILCELER - 2;GRİPORT COLD;Griport Cold 20 Film Kaplı Tablet;-6;-1;-7;-505;
9.06.2026;SELÇUK ECZA DEPOSU;SELÇUK ERZURUM;8,68E+12;HINIS ECZANESİ;ERZURUM GUNEY ILCELER;PANOCER;Panocer 40 mg 28 Enterik Kaplı Tablet;-8;-4;-12;-842;
15.06.2026;SELÇUK ECZA DEPOSU;SELÇUK SAMSUN;8,68E+12;BACACI ECZANESI;ORDU GUNEY ILCELER -1;ACİDPASS;Acidpass 10/800/165 mg 12 Çiğneme Tablet;-9;-3;-12;-1.010;
15.06.2026;SELÇUK ECZA DEPOSU;SELÇUK SAMSUN;8,68E+12;ŞAHİN ECZANESİ;SIVAS MERKEZ -1;PANOCER;Panocer 40 mg 28 Enterik Kaplı Tablet;-9;-3;-12;-948;
18.06.2026;ALLIANCE HEALTHCARE;AH ORDU;8,68E+12;HAZEL ECZANESİ;ORDU BATI ILCELER;ACİDPASS;Acidpass 10/800/165 mg 12 Çiğneme Tablet;-10;-1;-11;-1.122;
23.06.2026;SELÇUK ECZA DEPOSU;SELÇUK TRABZON;8,68E+12;NİSAN ECZANESİ;TRABZON MERKEZ -1;ACİDPASS;Acidpass 10/800/165 mg 12 Çiğneme Tablet;-10;-1;-11;-1.122;
4.06.2026;SELÇUK ECZA DEPOSU;SELÇUK TRABZON;8,68E+12;MERKEZ ECZANESİ;TRABZON DUZKOY+MACKA;ACİDPASS;Acidpass 10/800/165 mg 12 Çiğneme Tablet;-10;-1;-11;-1.122;
11.06.2026;SELÇUK ECZA DEPOSU;SELÇUK ERZURUM;8,68E+12;ŞÜHEDA ECZANESİ;ERZURUM MERKEZ -2;ACİDPASS;Acidpass 10/800/165 mg 6 Çiğneme Tablet;-10;-1;-11;-689;
23.06.2026;ALLIANCE HEALTHCARE;AH ORDU;8,68E+12;ULUS ECZANESİ;ORDU MERKEZ -3;MOKSEFEN;Moksefen 400 mg 7 Film Tablet;-10;-3;-13;-1.490;
4.06.2026;NEVZAT ECZA DEPOSU;NEVZAT TRABZON;8,68E+12;HASTANE ECZANESİ;TRABZON BATI ILCELER - 2;MOKSEFEN;Moksefen 400 mg 7 Film Tablet;-10;-3;-13;-1.490;
16.06.2026;SELÇUK ECZA DEPOSU;SELÇUK TRABZON;8,68E+12;ŞİFA ECZANESİ;TRABZON MERKEZ -1;PANOCER;Panocer 40 mg 28 Enterik Kaplı Tablet;-10;-3;-13;-1.053;
10.06.2026;SELÇUK ECZA DEPOSU;SELÇUK SAMSUN;8,68E+12;ESER ECZANESİ;CORUM MERKEZ -1;GRİPORT COLD;Griport Cold 20 Film Kaplı Tablet;-12;-4;-16;-1.010;
17.06.2026;ALLIANCE HEALTHCARE;AH TRABZON;8,68E+12;MORDUT ECZANESİ;GUMUSHANE;GRİPORT COLD;Griport Cold 20 Film Kaplı Tablet;-12;-4;-16;-1.010;
9.06.2026;ALLIANCE HEALTHCARE;AH SAMSUN;8,68E+12;ATAKENT ECZANESİ;SAMSUN ATAKENT+19 MAYIS;PANOCER;Panocer 40 mg 28 Enterik Kaplı Tablet;-15;-6;-21;-1.580;
8.06.2026;ALLIANCE HEALTHCARE;AH SAMSUN;8,68E+12;MEYDAN DİLEK ECZANESİ;SAMSUN KALE;ACİDPASS;Acidpass 10/800/165 mg 12 Çiğneme Tablet;-20;-3;-23;-2.245;
30.06.2026;ALLIANCE HEALTHCARE;AH TRABZON;8,68E+12;FINDIKLI ECZANESİ;RIZE DOGU ILCELER;MOKSEFEN;Moksefen 400 mg 7 Film Tablet;-20;-10;-30;-2.980;
17.06.2026;ALLIANCE HEALTHCARE;AH TRABZON;8,68E+12;MORDUT ECZANESİ;GUMUSHANE;MOKSEFEN;Moksefen 400 mg 7 Film Tablet;-20;-10;-30;-2.980;
9.06.2026;ALLIANCE HEALTHCARE;AH TRABZON;8,68E+12;ALPER ECZANESİ;TRABZON MERKEZ -3;GRİPORT COLD;Griport Cold 20 Film Kaplı Tablet;-22;-16;-38;-1.851;
12.06.2026;SELÇUK ECZA DEPOSU;SELÇUK SAMSUN;8,68E+12;YALÇIN ECZANESİ;SAMSUN BAFRA;MOKSEFEN;Moksefen 400 mg 7 Film Tablet;-24;-12;-36;-3.576;
8.06.2026;ALLIANCE HEALTHCARE;AH SAMSUN;8,68E+12;MERKEZ ECZANESİ;AMASYA MERKEZ -2;PANOCER;Panocer 40 mg 28 Enterik Kaplı Tablet;-29;-12;-41;-3.054;
25.06.2026;ALLIANCE HEALTHCARE;AH SAMSUN;8,68E+12;GUNES ECZANESI;TOKAT BATI ILCELER;ACİDPASS;Acidpass 10/800/165 mg 12 Çiğneme Tablet;-30;-6;-36;-3.367;
12.06.2026;ALLIANCE HEALTHCARE;AH ORDU;8,68E+12;DOKUZ EYLÜL ECZANESİ;ORDU UNYE;ACİDPASS;Acidpass 10/800/165 mg 12 Çiğneme Tablet;-35;-6;-41;-3.928;
11.06.2026;ALLIANCE HEALTHCARE;AH ORDU;8,68E+12;ÖZLEM ECZANESİ;ORDU UNYE;PANOCER;Panocer 40 mg 28 Enterik Kaplı Tablet;-42;-25;-67;-4.423;
26.06.2026;ALLIANCE HEALTHCARE;AH SAMSUN;8,68E+12;ECE KOÇER ECZANESİ;SAMSUN DOGU ILCELER - 2;ACİDPASS;Acidpass 10/800/165 mg 12 Çiğneme Tablet;-50;-15;-65;-5.611;
18.06.2026;SELÇUK ECZA DEPOSU;SELÇUK SAMSUN;8,68E+12;DOĞA ECZANESİ;SIVAS MERKEZ -4;ACİDPASS;Acidpass 10/800/165 mg 12 Çiğneme Tablet;-50;-15;-65;-5.611;
30.06.2026;SELÇUK ECZA DEPOSU;SELÇUK TRABZON;8,68E+12;CEM ECZANESİ;GIRESUN MERKEZ -2;ACİDPASS;Acidpass 10/800/165 mg 12 Çiğneme Tablet;-50;-15;-65;-5.611;
3.06.2026;SELÇUK ECZA DEPOSU;SELÇUK ERZURUM;8,68E+12;MAHMUTPAŞA ECZANESİ ;AGRI ILCELER;PANOCER;Panocer 40 mg 28 Enterik Kaplı Tablet;-50;-20;-70;-5.265;
18.06.2026;ALLIANCE HEALTHCARE;AH SAMSUN;8,68E+12;KARADENİZ ECZANESİ;SAMSUN TERME;ACİDPASS;Acidpass 10/800/165 mg 12 Çiğneme Tablet;-99;-36;-135;-11.111;
5.06.2026;ALLIANCE HEALTHCARE;AH ORDU;8,68E+12;BUŞRA ECZANESİ;ORDU FATSA;PANOCER;Panocer 40 mg 14 Enterik Kaplı Tablet;-100;-60;-160;-8.090;
17.06.2026;NEVZAT ECZA DEPOSU;NEVZAT TRABZON;8,68E+12;HÜRRİYET ECZANESİ;TRABZON DOGU ILCELER - 2;PANOCER;Panocer 40 mg 28 Enterik Kaplı Tablet;-100;-60;-160;-10.531;
17.06.2026;SELÇUK ECZA DEPOSU;SELÇUK SAMSUN;8,68E+12;ALPER ECZANESİ;SAMSUN CANIK;PANOCER;Panocer 40 mg 28 Enterik Kaplı Tablet;-165;-135;-300;-17.376;
17.06.2026;ALLIANCE HEALTHCARE;AH TRABZON;8,68E+12;MORDUT ECZANESİ;GUMUSHANE;PANOCER;Panocer 40 mg 28 Enterik Kaplı Tablet;-165;-135;-300;-17.376;
