Tarih;Ana Depo;Depo;GLN;Kontak Adı;Kontak Brick;Ürün;Form;Satış Adet;Satış MF;Toplam Satış;Toplam Tutar;İade
01.08.2026;İSTANBUL ECZA KOOP;İSKOOP MERKEZ;8680001619375;NANE LİMON ECZANESİ;SAMSUN ATAKENT+19 MAYIS;ACİDPASS;Acidpass 10/800/165 mg 12 Çiğneme Tablet;10;1;11;1.235;
01.08.2026;SELÇUK ECZA DEPOSU;SELÇUK SAMSUN;8680001157785;BUHARA ECZANESİ;CORUM MERKEZ -1;ACİDPASS;Acidpass 10/800/165 mg 12 Çiğneme Tablet;2;0;2;224;
01.08.2026;SELÇUK ECZA DEPOSU;SELÇUK SAMSUN;8680001866106;MENTEŞOĞLU ECZANESI;SAMSUN DOGU ILCELER - 2;ACİDPASS;Acidpass 10/800/165 mg 12 Çiğneme Tablet;4;0;4;449;
01.08.2026;SELÇUK ECZA DEPOSU;SELÇUK SAMSUN;8680001413171;AYKANAT ECZANESİ;SAMSUN ATAKUM;ACİDPASS;Acidpass 10/800/165 mg 12 Çiğneme Tablet;10;1;11;1.235;
01.08.2026;SELÇUK ECZA DEPOSU;SELÇUK TRABZON;8680001749973;BURCU ECZANESİ;TRABZON MERKEZ -2;ACİDPASS;Acidpass 10/800/165 mg 12 Çiğneme Tablet;10;1;11;1.235;
01.08.2026;SELÇUK ECZA DEPOSU;SELÇUK ERZURUM;8680001105038;ERDOĞAN ECZANESİ;ERZURUM MERKEZ -3;ACİDPASS;Acidpass 10/800/165 mg 12 Çiğneme Tablet;2;0;2;224;
01.08.2026;SELÇUK ECZA DEPOSU;SELÇUK ERZURUM;8680001231560;KÜLTÜR ECZANESİ;ERZINCAN MERKEZ;ACİDPASS;Acidpass 10/800/165 mg 12 Çiğneme Tablet;2;0;2;224;
01.08.2026;İSTANBUL ECZA KOOP;İSKOOP MERKEZ;8680001713516;EZGI ECZANESİ;AMASYA MERKEZ -2;ACİDPASS;Acidpass 10/800/165 mg 12 Çiğneme Tablet;10;1;11;1.235;
01.08.2026;İSTANBUL ECZA KOOP;İSKOOP MERKEZ;8680001120758;SIHHAT ECZANESİ;SINOP DOGU-BATI ILCELER;ACİDPASS;Acidpass 10/800/165 mg 12 Çiğneme Tablet;2;0;2;224;
01.08.2026;İSTANBUL ECZA KOOP;İSKOOP MERKEZ;8680001859825;NURSEN ECZANESİ;AMASYA MERKEZ -2;ACİDPASS;Acidpass 10/800/165 mg 12 Çiğneme Tablet;4;0;4;449;
01.08.2026;İSTANBUL ECZA KOOP;İSKOOP MERKEZ;8680001121557;OVALI ECZANESİ;SAMSUN DOGU ILCELER;ACİDPASS;Acidpass 10/800/165 mg 12 Çiğneme Tablet;10;1;11;1.235;
01.08.2026;SELÇUK ECZA DEPOSU;SELÇUK SAMSUN;8680001468102;YENİ MAHALLE ECZANESİ;SAMSUN ATAKENT+19 MAYIS;ACİDPASS;Acidpass 10/800/165 mg 12 Çiğneme Tablet;10;1;11;1.235;
01.08.2026;SELÇUK ECZA DEPOSU;SELÇUK ERZURUM;8680001175369;ARAS ECZANESİ;KARS ILCELER;ACİDPASS;Acidpass 10/800/165 mg 12 Çiğneme Tablet;1;0;1;112;
01.08.2026;SELÇUK ECZA DEPOSU;SELÇUK TRABZON;8680001108459;TOPÇU ECZANESİ;RIZE MERKEZ;ACİDPASS;Acidpass 10/800/165 mg 12 Çiğneme Tablet;10;1;11;1.235;
01.08.2026;SELÇUK ECZA DEPOSU;SELÇUK SAMSUN;8680001869817;GOKSEL ECZANESİ;SINOP GUNEY ILCELER;ACİDPASS;Acidpass 10/800/165 mg 12 Çiğneme Tablet;2;0;2;224;
01.08.2026;SELÇUK ECZA DEPOSU;SELÇUK SAMSUN;8680001146888;ŞAMLIOĞLU ECZANESİ;CORUM MERKEZ -2;ACİDPASS;Acidpass 10/800/165 mg 12 Çiğneme Tablet;10;1;11;1.235;
01.08.2026;SELÇUK ECZA DEPOSU;SELÇUK TRABZON;8680001115228;HALK ECZANESİ;RIZE DOGU ILCELER;FAMTREC;Famtrec 800/26,6mg 14 Film Kaplı Tablet;5;1;6;613;
01.08.2026;SELÇUK ECZA DEPOSU;SELÇUK TRABZON;8680001112074;YENİ ECZANE;RIZE MERKEZ;FAMTREC;Famtrec 800/26,6mg 14 Film Kaplı Tablet;1;0;1;102;
01.08.2026;SELÇUK ECZA DEPOSU;SELÇUK TRABZON;8680001752935;MERVE ECZANESİ;TRABZON DOGU ILCELER - 2;FAMTREC;Famtrec 800/26,6mg 30 Film Kaplı Tablet;-1;0;-1;-219;
01.08.2026;SELÇUK ECZA DEPOSU;SELÇUK ERZURUM;8680001460267;TURAN ECZANESİ;ERZURUM MERKEZ -3;GRİPORT COLD;Griport Cold 20 Film Kaplı Tablet;1;0;1;84;
01.08.2026;İSTANBUL ECZA KOOP;İSKOOP MERKEZ;8680001169474;DERMAN ECZANESİ;AMASYA MERZIFON;GRİPORT COLD;Griport Cold 20 Film Kaplı Tablet;5;1;6;505;
01.08.2026;SELÇUK ECZA DEPOSU;SELÇUK SAMSUN;8680001156900;FUNDA ECZANESİ;CORUM MERKEZ -2;GRİPORT COLD;Griport Cold 20 Film Kaplı Tablet;10;3;13;1.094;
01.08.2026;SELÇUK ECZA DEPOSU;SELÇUK SAMSUN;8680001835805;HALE ECZANESİ;SIVAS MERKEZ -2;GRİPORT COLD;Griport Cold 20 Film Kaplı Tablet;1;0;1;84;
01.08.2026;SELÇUK ECZA DEPOSU;SELÇUK ERZURUM;8680001117611;YENİ BÖLGE ECZANESİ;ERZURUM MERKEZ -3;GRİPORT COLD;Griport Cold 20 Film Kaplı Tablet;5;1;6;505;
01.08.2026;İSTANBUL ECZA KOOP;İSKOOP MERKEZ;8680001120758;SIHHAT ECZANESİ;SINOP DOGU-BATI ILCELER;GRİPORT COLD;Griport Cold 20 Film Kaplı Tablet;10;3;13;1.094;
01.08.2026;İSTANBUL ECZA KOOP;İSKOOP MERKEZ;8680001144006;YARAR ECZANESİ;AMASYA ILCELER;GRİPORT COLD;Griport Cold 20 Film Kaplı Tablet;20;6;26;2.188;
01.08.2026;İSTANBUL ECZA KOOP;İSKOOP MERKEZ;8680001104154;SELÇUK ECZANESİ;SAMSUN RASATHANE;GRİPORT COLD;Griport Cold 20 Film Kaplı Tablet;10;3;13;1.094;
01.08.2026;SELÇUK ECZA DEPOSU;SELÇUK TRABZON;8680001374250;USTA ECZANESİ;RIZE MERKEZ;MOKSEFEN;Moksefen 400 mg 7 Film Tablet;30;15;45;6.705;
01.08.2026;SELÇUK ECZA DEPOSU;SELÇUK SAMSUN;8680001709571;LOTUS ECZANESİ;ORDU DOGU ILCELER;MOKSEFEN;Moksefen 400 mg 7 Film Tablet;10;3;13;1.937;
01.08.2026;SELÇUK ECZA DEPOSU;SELÇUK SAMSUN;8680001188697;SAĞLIK ECZANESİ;ORDU BATI ILCELER;MOKSEFEN;Moksefen 400 mg 7 Film Tablet;30;15;45;6.705;
01.08.2026;SELÇUK ECZA DEPOSU;SELÇUK TRABZON;8680001170623;BEKTAŞOĞLU ECZANESİ;GIRESUN GUNEY ILCELER;MOKSEFEN;Moksefen 400 mg 7 Film Tablet;10;3;13;1.937;
01.08.2026;SELÇUK ECZA DEPOSU;SELÇUK ERZURUM;8680001109982;ŞAFAK ECZANESİ;ERZURUM MERKEZ -3;MOKSEFEN;Moksefen 400 mg 7 Film Tablet;1;0;1;149;
01.08.2026;SELÇUK ECZA DEPOSU;SELÇUK TRABZON;8680001274154;ÇİĞDEM ECZANESİ;TRABZON BATI ILCELER - 2;MOKSEFEN;Moksefen 400 mg 7 Film Tablet;30;15;45;6.705;
01.08.2026;SELÇUK ECZA DEPOSU;SELÇUK ERZURUM;8680001300396;SÜPHAN ECZANESİ;ERZURUM MERKEZ -3;PANOCER;Panocer 40 mg 14 Enterik Kaplı Tablet;10;3;13;1.052;
01.08.2026;ALLIANCE HEALTHCARE;AH ORDU;8680001183067;BALLICA ECZANESİ;GIRESUN BULANCAK+PIRAZIZ;PANOCER;Panocer 40 mg 14 Enterik Kaplı Tablet;1;0;1;81;
01.08.2026;ALLIANCE HEALTHCARE;AH ORDU;8680001679072;NİSAN ECZANESİ;ORDU MERKEZ -3;PANOCER;Panocer 40 mg 28 Enterik Kaplı Tablet;10;3;13;1.369;
01.08.2026;ALLIANCE HEALTHCARE;AH ORDU;8680001419876;NUR ECZANESİ;ORDU MERKEZ -3;PANOCER;Panocer 40 mg 28 Enterik Kaplı Tablet;10;3;13;1.369;
01.08.2026;ALLIANCE HEALTHCARE;AH ORDU;8680001753178;LOTUS ECZANESİ;ORDU DOGU ILCELER;PANOCER;Panocer 40 mg 28 Enterik Kaplı Tablet;10;3;13;1.369;
01.08.2026;ALLIANCE HEALTHCARE;AH ERZURUM;8680001102426;VERESELİ MURAT ECZANESİ;ERZURUM GUNEY ILCELER;PANOCER;Panocer 40 mg 28 Enterik Kaplı Tablet;50;25;75;7.898;
01.08.2026;ALLIANCE HEALTHCARE;AH ERZURUM;8680001114122;YILDIZ ECZANESİ;ERZURUM GUNEY ILCELER;PANOCER;Panocer 40 mg 28 Enterik Kaplı Tablet;30;12;42;4.423;
01.08.2026;ALLIANCE HEALTHCARE;AH ERZURUM;8680001659388;TAZEGÜL ECZANESİ;KARS MERKEZ;PANOCER;Panocer 40 mg 28 Enterik Kaplı Tablet;50;25;75;7.898;
01.08.2026;ALLIANCE HEALTHCARE;AH ERZURUM;8680001430291;KAYAKYOLU ECZANESİ;ERZURUM MERKEZ -3;PANOCER;Panocer 40 mg 28 Enterik Kaplı Tablet;10;3;13;1.369;
01.08.2026;ALLIANCE HEALTHCARE;AH ERZURUM;8680001127511;ELİF ECZANESİ;ERZURUM MERKEZ -2;PANOCER;Panocer 40 mg 28 Enterik Kaplı Tablet;-19;-8;-27;-2.843;
01.08.2026;İSTANBUL ECZA KOOP;İSKOOP MERKEZ;8680001169474;DERMAN ECZANESİ;AMASYA MERZIFON;PANOCER;Panocer 40 mg 28 Enterik Kaplı Tablet;10;3;13;1.369;
01.08.2026;İSTANBUL ECZA KOOP;İSKOOP MERKEZ;8680001531691;ÇALIŞKAN ECZANESİ;CORUM MERKEZ -3;PANOCER;Panocer 40 mg 28 Enterik Kaplı Tablet;10;3;13;1.369;
01.08.2026;ALLIANCE HEALTHCARE;AH TRABZON;8680001528530;BİRİNCİ ECZANESİ;TRABZON MERKEZ -2;PANOCER;Panocer 40 mg 28 Enterik Kaplı Tablet;10;3;13;1.369;
01.08.2026;ALLIANCE HEALTHCARE;AH SAMSUN;8680001171934;TEKNECİ ECZANESİ;AMASYA MERZIFON;PANOCER;Panocer 40 mg 28 Enterik Kaplı Tablet;30;12;42;4.423;
01.08.2026;ALLIANCE HEALTHCARE;AH SAMSUN;8680001601899;DEVA ECZANESİ;SINOP GUNEY ILCELER;PANOCER;Panocer 40 mg 28 Enterik Kaplı Tablet;50;25;75;7.898;
01.08.2026;ALLIANCE HEALTHCARE;AH SAMSUN;8680001159581;GÜNEŞ ECZANESİ;CORUM MERKEZ -2;PANOCER;Panocer 40 mg 28 Enterik Kaplı Tablet;50;25;75;7.898;
01.08.2026;ALLIANCE HEALTHCARE;AH SAMSUN;8680001601073;IHLAMUR ECZANESİ;CORUM MERKEZ -1;PANOCER;Panocer 40 mg 28 Enterik Kaplı Tablet;10;3;13;1.369;
01.08.2026;ALLIANCE HEALTHCARE;AH SAMSUN;8680001619481;MEYDAN ECZANESİ;TOKAT ERBAA;PANOCER;Panocer 40 mg 28 Enterik Kaplı Tablet;30;12;42;4.423;
01.08.2026;ALLIANCE HEALTHCARE;AH SAMSUN;8680001827671;SANAT ECZANESİ;SAMSUN ATAKENT+19 MAYIS;PANOCER;Panocer 40 mg 28 Enterik Kaplı Tablet;2;0;2;211;
01.08.2026;ALLIANCE HEALTHCARE;AH SAMSUN;8680001120116;DERMAN ECZANESİ;SAMSUN ADALET;PANOCER;Panocer 40 mg 28 Enterik Kaplı Tablet;2;0;2;211;
01.08.2026;ALLIANCE HEALTHCARE;AH SAMSUN;8680001101177;HALE ECZANESİ;SAMSUN HURRIYET+ZAFER;PANOCER;Panocer 40 mg 28 Enterik Kaplı Tablet;10;3;13;1.369;
01.08.2026;ALLIANCE HEALTHCARE;AH SAMSUN;8680001927760;YENİ ŞİFA ECZANESİ;SAMSUN DOGU ILCELER - 2;PANOCER;Panocer 40 mg 28 Enterik Kaplı Tablet;50;25;75;7.898;
01.08.2026;ALLIANCE HEALTHCARE;AH SAMSUN;8680001861583;ZEYNEP ECZANESİ;CORUM MERKEZ -1;PANOCER;Panocer 40 mg 28 Enterik Kaplı Tablet;50;25;75;7.898;
01.08.2026;ALLIANCE HEALTHCARE;AH SAMSUN;8680001468553;KARTAL ECZANESİ;CORUM MERKEZ -3;PANOCER;Panocer 40 mg 28 Enterik Kaplı Tablet;10;3;13;1.369;
01.08.2026;ALLIANCE HEALTHCARE;AH SAMSUN;8680001740802;KESKİN ECZANESİ;SAMSUN DOGU ILCELER - 2;PANOCER;Panocer 40 mg 28 Enterik Kaplı Tablet;10;3;13;1.369;
01.08.2026;ALLIANCE HEALTHCARE;AH SAMSUN;8680001643424;AYÇAM ECZANESİ;CORUM MERKEZ -3;PANOCER;Panocer 40 mg 28 Enterik Kaplı Tablet;30;12;42;4.423;
01.08.2026;ALLIANCE HEALTHCARE;AH SAMSUN;8680001144365;SAĞLIK ECZANESİ;CORUM MERKEZ -2;PANOCER;Panocer 40 mg 28 Enterik Kaplı Tablet;50;25;75;7.898;
01.08.2026;ALLIANCE HEALTHCARE;AH ERZURUM;8680001701469;EREN ECZANESİ;AGRI MERKEZ;PANOCER;Panocer 40 mg 28 Enterik Kaplı Tablet;30;12;42;4.423;
01.08.2026;SELÇUK ECZA DEPOSU;SELÇUK TRABZON;8680001520152;BÜŞRA ECZANESİ;GIRESUN DOGU ILCELER -1;PANOCER;Panocer 40 mg 28 Enterik Kaplı Tablet;10;3;13;1.369;
01.08.2026;SELÇUK ECZA DEPOSU;SELÇUK TRABZON;8680001374250;USTA ECZANESİ;RIZE MERKEZ;PANOCER;Panocer 40 mg 28 Enterik Kaplı Tablet;30;12;42;4.423;
01.08.2026;SELÇUK ECZA DEPOSU;SELÇUK SAMSUN;8680001866106;MENTEŞOĞLU ECZANESI;SAMSUN DOGU ILCELER - 2;PANOCER;Panocer 40 mg 28 Enterik Kaplı Tablet;10;3;13;1.369;
01.08.2026;SELÇUK ECZA DEPOSU;SELÇUK SAMSUN;8680001468102;YENİ MAHALLE ECZANESİ;SAMSUN ATAKENT+19 MAYIS;PANOCER;Panocer 40 mg 28 Enterik Kaplı Tablet;10;3;13;1.369;
01.08.2026;ALLIANCE HEALTHCARE;AH KAYSERİ;8680001146994;HAKAN ECZANESİ;SIVAS MERKEZ -2;PANOCER;Panocer 40 mg 28 Enterik Kaplı Tablet;10;3;13;1.369;
01.08.2026;SELÇUK ECZA DEPOSU;SELÇUK ERZURUM;8680001109982;ŞAFAK ECZANESİ;ERZURUM MERKEZ -3;PANOCER;Panocer 40 mg 28 Enterik Kaplı Tablet;10;3;13;1.369;
01.08.2026;SELÇUK ECZA DEPOSU;SELÇUK SAMSUN;8680001163717;KARADENİZ ECZANESİ;ORDU DOGU ILCELER;PANOCER;Panocer 40 mg 28 Enterik Kaplı Tablet;10;3;13;1.369;
01.08.2026;SELÇUK ECZA DEPOSU;SELÇUK SAMSUN;8680001633036;CANSU ECZANESİ;CORUM MERKEZ -2;PANOCER;Panocer 40 mg 28 Enterik Kaplı Tablet;10;3;13;1.369;
01.08.2026;SELÇUK ECZA DEPOSU;SELÇUK SAMSUN;8680001263066;LAÇİN ECZANESİ;SINOP MERKEZ;PANOCER;Panocer 40 mg 28 Enterik Kaplı Tablet;10;3;13;1.369;
02.08.2026;SELÇUK ECZA DEPOSU;SELÇUK SAMSUN;8680001683642;GÜZELKENT ECZANESİ;SINOP DOGU-BATI ILCELER;ACİDPASS;Acidpass 10/800/165 mg 12 Çiğneme Tablet;2;0;2;224;
02.08.2026;SELÇUK ECZA DEPOSU;SELÇUK TRABZON;8680001654994;ULU ECZANESİ;TRABZON DOGU ILCELER -1;ACİDPASS;Acidpass 10/800/165 mg 12 Çiğneme Tablet;10;1;11;1.235;
02.08.2026;SELÇUK ECZA DEPOSU;SELÇUK SAMSUN;8680001726905;DEVA ECZANESİ;ORDU DOGU ILCELER;ACİDPASS;Acidpass 10/800/165 mg 12 Çiğneme Tablet;10;1;11;1.235;
02.08.2026;SELÇUK ECZA DEPOSU;SELÇUK TRABZON;8680001918928;ÖNAL ECZANESİ;TRABZON DOGU ILCELER -1;ACİDPASS;Acidpass 10/800/165 mg 12 Çiğneme Tablet;5;0;5;561;
02.08.2026;SELÇUK ECZA DEPOSU;SELÇUK TRABZON;8680001232178;BERİL ECZANESİ;TRABZON MERKEZ -3;ACİDPASS;Acidpass 10/800/165 mg 12 Çiğneme Tablet;10;1;11;1.235;
02.08.2026;İSTANBUL ECZA KOOP;İSKOOP MERKEZ;8680001181261;ÖZTÜRK ECZANESİ;TOKAT TURHAL;ACİDPASS;Acidpass 10/800/165 mg 12 Çiğneme Tablet;2;0;2;224;
02.08.2026;İSTANBUL ECZA KOOP;İSKOOP MERKEZ;8680001124268;ÖZGÜR ECZANESİ;SAMSUN ATAKUM;ACİDPASS;Acidpass 10/800/165 mg 12 Çiğneme Tablet;10;1;11;1.235;
02.08.2026;SELÇUK ECZA DEPOSU;SELÇUK ERZURUM;8680001682836;KÜÇÜKBEY ECZANESİ;ERZURUM MERKEZ -3;ACİDPASS;Acidpass 10/800/165 mg 12 Çiğneme Tablet;20;3;23;2.581;
02.08.2026;SELÇUK ECZA DEPOSU;SELÇUK ERZURUM;8680001868513;KONGRE EZCANESİ;ERZURUM MERKEZ -2;GRİPORT COLD;Griport Cold 20 Film Kaplı Tablet;5;1;6;505;
02.08.2026;SELÇUK ECZA DEPOSU;SELÇUK ERZURUM;8680001907236;MAHMUTPAŞA ECZANESİ;AGRI ILCELER;MOKSEFEN;Moksefen 400 mg 7 Film Tablet;5;1;6;894;
02.08.2026;SELÇUK ECZA DEPOSU;SELÇUK SAMSUN;8680001493647;SELİN ECZANESİ;ORDU MERKEZ -1;MOKSEFEN;Moksefen 400 mg 7 Film Tablet;5;1;6;894;
02.08.2026;SELÇUK ECZA DEPOSU;SELÇUK SAMSUN;8680001486359;SU ECZANESİ;ORDU GUNEY ILCELER -1;PANOCER;Panocer 40 mg 28 Enterik Kaplı Tablet;50;25;75;7.898;
02.08.2026;SELÇUK ECZA DEPOSU;SELÇUK ERZURUM;8680001470860;IHLAMUR ECZANESİ;ERZINCAN MERKEZ;PANOCER;Panocer 40 mg 28 Enterik Kaplı Tablet;10;3;13;1.369;
02.08.2026;ALLIANCE HEALTHCARE;AH ERZURUM;8680001800322;SAĞLIK ECZANESİ;AGRI DIYADIN+D.BEYAZIT;PANOCER;Panocer 40 mg 28 Enterik Kaplı Tablet;20;6;26;2.738;
02.08.2026;ALLIANCE HEALTHCARE;AH ORDU;8680001276967;DOĞA ECZANESİ;ORDU FATSA;PANOCER;Panocer 40 mg 28 Enterik Kaplı Tablet;10;3;13;1.369;
02.08.2026;SELÇUK ECZA DEPOSU;SELÇUK ERZURUM;8680001714285;DERMAN ECZANESİ;ERZURUM GUNEY ILCELER;PANOCER;Panocer 40 mg 28 Enterik Kaplı Tablet;10;3;13;1.369;
02.08.2026;SELÇUK ECZA DEPOSU;SELÇUK TRABZON;8680001422494;DEMİRKILIÇ ECZANESİ;GIRESUN BULANCAK+PIRAZIZ;PANOCER;Panocer 40 mg 28 Enterik Kaplı Tablet;10;3;13;1.369;
03.08.2026;SELÇUK ECZA DEPOSU;SELÇUK TRABZON;8680001123858;ŞİFA ECZANESİ;RIZE BATI ILCELER;ACİDPASS;Acidpass 10/800/165 mg 12 Çiğneme Tablet;50;15;65;7.295;
03.08.2026;SELÇUK ECZA DEPOSU;SELÇUK TRABZON;8680001274529;ÇAĞLA ECZANESİ;TRABZON MERKEZ -3;ACİDPASS;Acidpass 10/800/165 mg 12 Çiğneme Tablet;3;0;3;337;
03.08.2026;SELÇUK ECZA DEPOSU;SELÇUK TRABZON;8680001527892;FEYZA ECZANESİ;TRABZON DOGU ILCELER - 2;ACİDPASS;Acidpass 10/800/165 mg 12 Çiğneme Tablet;2;0;2;224;
03.08.2026;SELÇUK ECZA DEPOSU;SELÇUK TRABZON;8680001651689;MERVE ECZANESİ;TRABZON AKCAABAT;ACİDPASS;Acidpass 10/800/165 mg 12 Çiğneme Tablet;3;0;3;337;
03.08.2026;SELÇUK ECZA DEPOSU;SELÇUK TRABZON;8680001492497;ÖMÜR ECZANESİ;ARTVIN MERKEZ+DOGU+GUNEY;ACİDPASS;Acidpass 10/800/165 mg 12 Çiğneme Tablet;10;1;11;1.235;
03.08.2026;SELÇUK ECZA DEPOSU;SELÇUK TRABZON;8680001428786;ŞAHİN ECZANESİ;TRABZON DOGU ILCELER - 2;ACİDPASS;Acidpass 10/800/165 mg 12 Çiğneme Tablet;30;4;34;3.816;
03.08.2026;SELÇUK ECZA DEPOSU;SELÇUK ERZURUM;8680001749003;DENİZ ECZANESİ;ERZINCAN MERKEZ;ACİDPASS;Acidpass 10/800/165 mg 12 Çiğneme Tablet;5;0;5;561;
03.08.2026;SELÇUK ECZA DEPOSU;SELÇUK ERZURUM;8680001743117;ZEHRA ECZANESİ;ERZINCAN MERKEZ;ACİDPASS;Acidpass 10/800/165 mg 12 Çiğneme Tablet;10;1;11;1.235;
03.08.2026;SELÇUK ECZA DEPOSU;SELÇUK TRABZON;8680001132485;YENİ BAYRAKTAR ECZANESİ;ARTVIN KUZEY ILCELER;ACİDPASS;Acidpass 10/800/165 mg 12 Çiğneme Tablet;10;1;11;1.235;
03.08.2026;SELÇUK ECZA DEPOSU;SELÇUK ERZURUM;8680001714285;DERMAN ECZANESİ;ERZURUM GUNEY ILCELER;ACİDPASS;Acidpass 10/800/165 mg 12 Çiğneme Tablet;3;0;3;337;
03.08.2026;SELÇUK ECZA DEPOSU;SELÇUK SAMSUN;8680001158553;ERMAN ECZANESİ;CORUM MERKEZ -1;ACİDPASS;Acidpass 10/800/165 mg 12 Çiğneme Tablet;2;0;2;224;
03.08.2026;SELÇUK ECZA DEPOSU;SELÇUK SAMSUN;8680001510504;BÜŞRA BULUT ECZANESİ;TOKAT MERKEZ -1;ACİDPASS;Acidpass 10/800/165 mg 12 Çiğneme Tablet;1;0;1;112;
03.08.2026;İSTANBUL ECZA KOOP;İSKOOP MERKEZ;8680001104079;GÜNBEYAZ ECZANESİ;SAMSUN ULUGAZI;ACİDPASS;Acidpass 10/800/165 mg 12 Çiğneme Tablet;3;0;3;337;
03.08.2026;İSTANBUL ECZA KOOP;İSKOOP MERKEZ;8680001237388;GÜMÜŞ ECZANESİ;TOKAT ERBAA;ACİDPASS;Acidpass 10/800/165 mg 12 Çiğneme Tablet;10;1;11;1.235;
03.08.2026;SELÇUK ECZA DEPOSU;SELÇUK TRABZON;8680001474653;ÇATAK ECZANESİ;TRABZON MERKEZ -1;ACİDPASS;Acidpass 10/800/165 mg 12 Çiğneme Tablet;2;0;2;224;
03.08.2026;SELÇUK ECZA DEPOSU;SELÇUK TRABZON;8680001213023;AYŞEGÜL ECZANESİ;GIRESUN DOGU ILCELER -1;ACİDPASS;Acidpass 10/800/165 mg 12 Çiğneme Tablet;2;0;2;224;
03.08.2026;SELÇUK ECZA DEPOSU;SELÇUK TRABZON;8680001749447;DENİZ ECZANESİ;ARTVIN MERKEZ+DOGU+GUNEY;ACİDPASS;Acidpass 10/800/165 mg 12 Çiğneme Tablet;50;15;65;7.295;
03.08.2026;SELÇUK ECZA DEPOSU;SELÇUK TRABZON;8680001198634;ÇUKURÇAYIR ECZANESİ;TRABZON MERKEZ -3;ACİDPASS;Acidpass 10/800/165 mg 12 Çiğneme Tablet;20;3;23;2.581;
03.08.2026;SELÇUK ECZA DEPOSU;SELÇUK SAMSUN;8680001130108;HOCAOĞLU ECZANESİ;SAMSUN BAHCELIEVLER;ACİDPASS;Acidpass 10/800/165 mg 12 Çiğneme Tablet;10;1;11;1.235;
03.08.2026;SELÇUK ECZA DEPOSU;SELÇUK SAMSUN;8680001488490;ALTUNDAĞ ECZANESİ;SAMSUN HAVZA+KAVAK+LADIK;ACİDPASS;Acidpass 10/800/165 mg 12 Çiğneme Tablet;10;1;11;1.235;
03.08.2026;SELÇUK ECZA DEPOSU;SELÇUK SAMSUN;8680001688579;SÜNBÜLCÜ ECZANESİ;CORUM MERKEZ -3;ACİDPASS;Acidpass 10/800/165 mg 12 Çiğneme Tablet;10;1;11;1.235;
03.08.2026;SELÇUK ECZA DEPOSU;SELÇUK SAMSUN;8680001869817;GOKSEL ECZANESİ;SINOP GUNEY ILCELER;ACİDPASS;Acidpass 10/800/165 mg 12 Çiğneme Tablet;2;0;2;224;
03.08.2026;SELÇUK ECZA DEPOSU;SELÇUK SAMSUN;8680001276912;DİLEK ECZANESİ;ORDU FATSA;ACİDPASS;Acidpass 10/800/165 mg 12 Çiğneme Tablet;50;15;65;7.295;
03.08.2026;SELÇUK ECZA DEPOSU;SELÇUK SAMSUN;8680001549382;BENGİ ECZANESİ;SAMSUN ILKADIM - 2;ACİDPASS;Acidpass 10/800/165 mg 12 Çiğneme Tablet;2;0;2;224;
03.08.2026;SELÇUK ECZA DEPOSU;SELÇUK SAMSUN;8680001499301;GİZEM ECZANESİ;AMASYA MERZIFON;ACİDPASS;Acidpass 10/800/165 mg 12 Çiğneme Tablet;10;1;11;1.235;
03.08.2026;SELÇUK ECZA DEPOSU;SELÇUK SAMSUN;8680001416783;FATİH ECZANESİ;CORUM MERKEZ -1;ACİDPASS;Acidpass 10/800/165 mg 12 Çiğneme Tablet;50;15;65;7.295;
03.08.2026;SELÇUK ECZA DEPOSU;SELÇUK SAMSUN;8680001417087;FİKRİ KARTAL ECZANESİ;CORUM KUZEY ILCELER;ACİDPASS;Acidpass 10/800/165 mg 12 Çiğneme Tablet;3;0;3;337;
03.08.2026;İSTANBUL ECZA KOOP;İSKOOP MERKEZ;8680001130283;VİTAMİN ECZANESİ;AMASYA MERKEZ -2;ACİDPASS;Acidpass 10/800/165 mg 12 Çiğneme Tablet;3;0;3;337;
03.08.2026;İSTANBUL ECZA KOOP;İSKOOP MERKEZ;8680001156009;ŞİFA ECZANESİ;CORUM KARGI+OSMANCIK;ACİDPASS;Acidpass 10/800/165 mg 12 Çiğneme Tablet;3;0;3;337;
03.08.2026;İSTANBUL ECZA KOOP;İSKOOP MERKEZ;8680001729524;BARIŞ ECZANESİ;TOKAT TURHAL;ACİDPASS;Acidpass 10/800/165 mg 12 Çiğneme Tablet;10;1;11;1.235;
03.08.2026;SELÇUK ECZA DEPOSU;SELÇUK ERZURUM;8680001104253;ALTUNYILDIZ ECZANESİ;ERZURUM MERKEZ -1;ACİDPASS;Acidpass 10/800/165 mg 12 Çiğneme Tablet;10;1;11;1.235;
03.08.2026;SELÇUK ECZA DEPOSU;SELÇUK SAMSUN;8680001163717;KARADENİZ ECZANESİ;ORDU DOGU ILCELER;ACİDPASS;Acidpass 10/800/165 mg 12 Çiğneme Tablet;3;0;3;337;
03.08.2026;SELÇUK ECZA DEPOSU;SELÇUK ERZURUM;8680001119646;UÇAR ECZANESİ;ERZURUM MERKEZ -2;ACİDPASS;Acidpass 10/800/165 mg 12 Çiğneme Tablet;10;1;11;1.235;
03.08.2026;SELÇUK ECZA DEPOSU;SELÇUK TRABZON;8680001182701;HİSAR ECZANESİ;GIRESUN GUNEY ILCELER;ACİDPASS;Acidpass 10/800/165 mg 12 Çiğneme Tablet;3;0;3;337;
03.08.2026;SELÇUK ECZA DEPOSU;SELÇUK TRABZON;8680001853953;MÜKAFAT ECZANESİ;TRABZON AKCAABAT;ACİDPASS;Acidpass 10/800/165 mg 12 Çiğneme Tablet;20;3;23;2.581;
03.08.2026;SELÇUK ECZA DEPOSU;SELÇUK SAMSUN;8680001417087;FİKRİ KARTAL ECZANESİ;CORUM KUZEY ILCELER;ACİDPASS;Acidpass 10/800/165 mg 12 Çiğneme Tablet;3;0;3;337;
03.08.2026;SELÇUK ECZA DEPOSU;SELÇUK SAMSUN;8680001140190;DERMAN ECZANESİ;SAMSUN VEZIRKOPRU;ACİDPASS;Acidpass 10/800/165 mg 12 Çiğneme Tablet;2;0;2;224;
03.08.2026;SELÇUK ECZA DEPOSU;SELÇUK SAMSUN;8680001118472;MERKEZ ECZANESİ;SAMSUN HAVZA+KAVAK+LADIK;ACİDPASS;Acidpass 10/800/165 mg 12 Çiğneme Tablet;10;1;11;1.235;
03.08.2026;SELÇUK ECZA DEPOSU;SELÇUK SAMSUN;8680001121885;KARADENİZ ECZANESİ;SAMSUN BAFRA;ACİDPASS;Acidpass 10/800/165 mg 12 Çiğneme Tablet;3;0;3;337;
03.08.2026;SELÇUK ECZA DEPOSU;SELÇUK SAMSUN;8680001469574;TAN ECZANESİ;ORDU UNYE;ACİDPASS;Acidpass 10/800/165 mg 12 Çiğneme Tablet;10;1;11;1.235;
03.08.2026;İSTANBUL ECZA KOOP;İSKOOP MERKEZ;8680001169863;VURAL ECZANESİ;AMASYA MERKEZ -2;ACİDPASS;Acidpass 10/800/165 mg 12 Çiğneme Tablet;1;0;1;112;
03.08.2026;İSTANBUL ECZA KOOP;İSKOOP MERKEZ;8680001720156;LAVANTA ECZANESİ;AMASYA MERKEZ -1;ACİDPASS;Acidpass 10/800/165 mg 12 Çiğneme Tablet;3;0;3;337;
03.08.2026;SELÇUK ECZA DEPOSU;SELÇUK TRABZON;8680001918928;ÖNAL ECZANESİ;TRABZON DOGU ILCELER -1;ACİDPASS;Acidpass 10/800/165 mg 12 Çiğneme Tablet;10;1;11;1.235;
03.08.2026;SELÇUK ECZA DEPOSU;SELÇUK TRABZON;8680001472710;ŞEBİN ECZANESİ;GIRESUN GUNEY ILCELER;ACİDPASS;Acidpass 10/800/165 mg 12 Çiğneme Tablet;1;0;1;112;
03.08.2026;SELÇUK ECZA DEPOSU;SELÇUK TRABZON;8680001130917;PAZAR ECZANESİ;RIZE DOGU ILCELER;ACİDPASS;Acidpass 10/800/165 mg 12 Çiğneme Tablet;20;3;23;2.581;
03.08.2026;SELÇUK ECZA DEPOSU;SELÇUK TRABZON;8680001439249;DİLEK ECZANESİ;GIRESUN DOGU ILCELER -1;ACİDPASS;Acidpass 10/800/165 mg 12 Çiğneme Tablet;20;3;23;2.581;
03.08.2026;SELÇUK ECZA DEPOSU;SELÇUK SAMSUN;8680001114672;MERKEZ ECZANESİ;SINOP MERKEZ;ACİDPASS;Acidpass 10/800/165 mg 12 Çiğneme Tablet;10;1;11;1.235;
03.08.2026;SELÇUK ECZA DEPOSU;SELÇUK TRABZON;8680001132485;YENİ BAYRAKTAR ECZANESİ;ARTVIN KUZEY ILCELER;ACİDPASS;Acidpass 10/800/165 mg 6 Çiğneme Tablet;1;0;1;69;
03.08.2026;SELÇUK ECZA DEPOSU;SELÇUK ERZURUM;8680001749003;DENİZ ECZANESİ;ERZINCAN MERKEZ;ACİDPASS;Acidpass 10/800/165 mg 6 Çiğneme Tablet;2;0;2;138;
03.08.2026;SELÇUK ECZA DEPOSU;SELÇUK TRABZON;8680001663637;HAYAT ECZANESİ;RIZE DOGU ILCELER;FAMTREC;Famtrec 800/26,6mg 14 Film Kaplı Tablet;5;1;6;613;
03.08.2026;SELÇUK ECZA DEPOSU;SELÇUK SAMSUN;8680001127412;AYDIN ECZANESİ;SIVAS MERKEZ -2;FAMTREC;Famtrec 800/26,6mg 14 Film Kaplı Tablet;2;0;2;204;
03.08.2026;SELÇUK ECZA DEPOSU;SELÇUK SAMSUN;8680001158706;AKIN ECZANESİ;SIVAS MERKEZ -2;FAMTREC;Famtrec 800/26,6mg 14 Film Kaplı Tablet;5;1;6;613;
03.08.2026;SELÇUK ECZA DEPOSU;SELÇUK TRABZON;8680001121823;ÖZLEM ECZANESİ;ARTVIN KUZEY ILCELER;FAMTREC;Famtrec 800/26,6mg 14 Film Kaplı Tablet;1;0;1;102;
03.08.2026;SELÇUK ECZA DEPOSU;SELÇUK TRABZON;8680001115228;HALK ECZANESİ;RIZE DOGU ILCELER;FAMTREC;Famtrec 800/26,6mg 14 Film Kaplı Tablet;5;1;6;613;
03.08.2026;SELÇUK ECZA DEPOSU;SELÇUK SAMSUN;8680001702121;YUSUF ECZANESİ;AMASYA MERKEZ -2;FAMTREC;Famtrec 800/26,6mg 14 Film Kaplı Tablet;1;0;1;102;
03.08.2026;SELÇUK ECZA DEPOSU;SELÇUK SAMSUN;8680001656578;ARYA ECZANESİ;CORUM MERKEZ -3;GRİPORT COLD;Griport Cold 20 Film Kaplı Tablet;2;0;2;168;
03.08.2026;SELÇUK ECZA DEPOSU;SELÇUK TRABZON;8680001443925;DOĞANKÖY ŞİFA ECZANESİ;TRABZON AKCAABAT;GRİPORT COLD;Griport Cold 20 Film Kaplı Tablet;10;3;13;1.094;
03.08.2026;İSTANBUL ECZA KOOP;İSKOOP MERKEZ;8680001118212;VATAN ECZANESİ;AMASYA MERKEZ -1;GRİPORT COLD;Griport Cold 20 Film Kaplı Tablet;5;1;6;505;
03.08.2026;SELÇUK ECZA DEPOSU;SELÇUK SAMSUN;8680001630158;SEÇİL ECZANESİ;SAMSUN HURRIYET+ZAFER;GRİPORT COLD;Griport Cold 20 Film Kaplı Tablet;1;0;1;84;
03.08.2026;İSTANBUL ECZA KOOP;İSKOOP MERKEZ;8680001120857;ÖNSOY ECZANESİ;SINOP DOGU-BATI ILCELER;GRİPORT COLD;Griport Cold 20 Film Kaplı Tablet;10;3;13;1.094;
03.08.2026;İSTANBUL ECZA KOOP;İSKOOP MERKEZ;8680001827732;BAZLAMAÇ  ECZANESİ;SAMSUN TERME;GRİPORT COLD;Griport Cold 20 Film Kaplı Tablet;1;0;1;84;
03.08.2026;SELÇUK ECZA DEPOSU;SELÇUK SAMSUN;8680001123148;MERVE ECZANESİ;SINOP DOGU-BATI ILCELER;GRİPORT COLD;Griport Cold 20 Film Kaplı Tablet;5;1;6;505;
03.08.2026;SELÇUK ECZA DEPOSU;SELÇUK TRABZON;8680001714575;ŞAHİN ECZANESİ;GIRESUN BULANCAK+PIRAZIZ;GRİPORT COLD;Griport Cold 20 Film Kaplı Tablet;5;1;6;505;
03.08.2026;SELÇUK ECZA DEPOSU;SELÇUK SAMSUN;8680001157792;GÜNDOĞDU ECZANESİ;ORDU MERKEZ -3;GRİPORT COLD;Griport Cold 20 Film Kaplı Tablet;1;0;1;84;
03.08.2026;SELÇUK ECZA DEPOSU;SELÇUK SAMSUN;8680001900374;YORUKLER ECZANESI;SAMSUN ATAKENT+19 MAYIS;GRİPORT COLD;Griport Cold 20 Film Kaplı Tablet;10;3;13;1.094;
03.08.2026;SELÇUK ECZA DEPOSU;SELÇUK SAMSUN;8680001630158;SEÇİL ECZANESİ;SAMSUN HURRIYET+ZAFER;GRİPORT COLD;Griport Cold 20 Film Kaplı Tablet;1;0;1;84;
03.08.2026;SELÇUK ECZA DEPOSU;SELÇUK SAMSUN;8680001104239;CEDİT ECZANESİ;SAMSUN DOGU ILCELER;MOKSEFEN;Moksefen 400 mg 7 Film Tablet;30;15;45;6.705;
03.08.2026;İSTANBUL ECZA KOOP;İSKOOP MERKEZ;8680001491278;AFİYET ECZANESİ;SAMSUN CANIK;MOKSEFEN;Moksefen 400 mg 7 Film Tablet;10;3;13;1.937;
03.08.2026;SELÇUK ECZA DEPOSU;SELÇUK ERZURUM;8680001930579;BUKET ECZANESİ;ERZURUM GUNEY ILCELER;MOKSEFEN;Moksefen 400 mg 7 Film Tablet;10;3;13;1.937;
03.08.2026;SELÇUK ECZA DEPOSU;SELÇUK SAMSUN;8680001142118;ANADOLU ECZANESİ;ORDU BATI ILCELER;MOKSEFEN;Moksefen 400 mg 7 Film Tablet;30;15;45;6.705;
03.08.2026;SELÇUK ECZA DEPOSU;SELÇUK SAMSUN;8680001866106;MENTEŞOĞLU ECZANESI;SAMSUN DOGU ILCELER - 2;MOKSEFEN;Moksefen 400 mg 7 Film Tablet;5;1;6;894;
03.08.2026;SELÇUK ECZA DEPOSU;SELÇUK SAMSUN;8680001166107;KOÇAK ECZANESİ;ORDU MERKEZ -3;MOKSEFEN;Moksefen 400 mg 7 Film Tablet;30;15;45;6.705;
03.08.2026;SELÇUK ECZA DEPOSU;SELÇUK SAMSUN;8680001812295;HANDE ECZANESİ;ORDU BATI ILCELER;MOKSEFEN;Moksefen 400 mg 7 Film Tablet;2;0;2;298;
03.08.2026;İSTANBUL ECZA KOOP;İSKOOP MERKEZ;8680001143641;ŞİFA ECZANESİ;SAMSUN BAFRA;MOKSEFEN;Moksefen 400 mg 7 Film Tablet;10;3;13;1.937;
03.08.2026;İSTANBUL ECZA KOOP;İSKOOP MERKEZ;8680001572182;ÖZLÜ ECZANESİ;AMASYA MERKEZ -2;MOKSEFEN;Moksefen 400 mg 7 Film Tablet;5;1;6;894;
03.08.2026;İSTANBUL ECZA KOOP;İSKOOP MERKEZ;8680001733026;ARI ECZANESİ;AMASYA GOYNUCEK+TASOVA;MOKSEFEN;Moksefen 400 mg 7 Film Tablet;5;1;6;894;
03.08.2026;SELÇUK ECZA DEPOSU;SELÇUK TRABZON;8680001179046;GİRİFTİNOĞLU ECZANESİ;GUMUSHANE;MOKSEFEN;Moksefen 400 mg 7 Film Tablet;5;1;6;894;
03.08.2026;SELÇUK ECZA DEPOSU;SELÇUK TRABZON;8680001471621;TURNA ECZANESİ;ARTVIN KUZEY ILCELER;MOKSEFEN;Moksefen 400 mg 7 Film Tablet;10;3;13;1.937;
03.08.2026;SELÇUK ECZA DEPOSU;SELÇUK TRABZON;8680001211364;DENİZ ECZANESİ;GIRESUN DOGU ILCELER -2;MOKSEFEN;Moksefen 400 mg 7 Film Tablet;5;1;6;894;
03.08.2026;SELÇUK ECZA DEPOSU;SELÇUK SAMSUN;8680001158898;ÖMÜR ECZANESİ;AMASYA ILCELER;MOKSEFEN;Moksefen 400 mg 7 Film Tablet;5;1;6;894;
03.08.2026;ALLIANCE HEALTHCARE;AH SAMSUN;8680001667222;AMASYA ECZANESİ;AMASYA MERKEZ -2;PANOCER;Panocer 40 mg 14 Enterik Kaplı Tablet;2;0;2;162;
03.08.2026;ALLIANCE HEALTHCARE;AH SAMSUN;8680001665310;GÜL ECZANESİ;CORUM MERKEZ -3;PANOCER;Panocer 40 mg 14 Enterik Kaplı Tablet;10;3;13;1.052;
03.08.2026;ALLIANCE HEALTHCARE;AH SAMSUN;8680001121557;OVALI ECZANESİ;SAMSUN DOGU ILCELER;PANOCER;Panocer 40 mg 28 Enterik Kaplı Tablet;10;3;13;1.369;
03.08.2026;ALLIANCE HEALTHCARE;AH SAMSUN;8680001718139;TEMİZ ECZANESİ;TOKAT ERBAA;PANOCER;Panocer 40 mg 28 Enterik Kaplı Tablet;50;25;75;7.898;
03.08.2026;ALLIANCE HEALTHCARE;AH SAMSUN;8680001551507;SEDA ECZANESİ;CORUM MERKEZ -2;PANOCER;Panocer 40 mg 28 Enterik Kaplı Tablet;165;135;300;31.594;
03.08.2026;ALLIANCE HEALTHCARE;AH SAMSUN;8680001197040;ŞİFA ECZANESİ;TOKAT MERKEZ -1;PANOCER;Panocer 40 mg 28 Enterik Kaplı Tablet;10;3;13;1.369;
03.08.2026;ALLIANCE HEALTHCARE;AH SAMSUN;8680001739462;DEVA ECZANESİ;TOKAT ERBAA;PANOCER;Panocer 40 mg 28 Enterik Kaplı Tablet;50;25;75;7.898;
03.08.2026;ALLIANCE HEALTHCARE;AH SAMSUN;8680001116256;FATİH ECZANESİ;AMASYA MERKEZ -2;PANOCER;Panocer 40 mg 28 Enterik Kaplı Tablet;10;3;13;1.369;
03.08.2026;ALLIANCE HEALTHCARE;AH SAMSUN;8680001183975;MERKEZ ECZANESİ;CORUM GUNEYBATI ILCELER;PANOCER;Panocer 40 mg 28 Enterik Kaplı Tablet;165;135;300;31.594;
03.08.2026;ALLIANCE HEALTHCARE;AH SAMSUN;8680001114801;FAZİLET ECZANESİ;SAMSUN DOGU ILCELER;PANOCER;Panocer 40 mg 28 Enterik Kaplı Tablet;2;0;2;211;
03.08.2026;ALLIANCE HEALTHCARE;AH SAMSUN;8680001437238;SAĞLIK ECZANESİ;TOKAT ERBAA;PANOCER;Panocer 40 mg 28 Enterik Kaplı Tablet;165;135;300;31.594;
03.08.2026;ALLIANCE HEALTHCARE;AH SAMSUN;8680001658411;SAĞLIK ECZANESİ;SAMSUN DOGU ILCELER;PANOCER;Panocer 40 mg 28 Enterik Kaplı Tablet;1;0;1;105;
03.08.2026;ALLIANCE HEALTHCARE;AH SAMSUN;8680001853069;HEKIMOGLU ECZANESI;CORUM MERKEZ -3;PANOCER;Panocer 40 mg 28 Enterik Kaplı Tablet;165;135;300;31.594;
03.08.2026;ALLIANCE HEALTHCARE;AH SAMSUN;8680001874071;İSTANBUL ECZANESİ;AMASYA ILCELER;PANOCER;Panocer 40 mg 28 Enterik Kaplı Tablet;30;12;42;4.423;
03.08.2026;ALLIANCE HEALTHCARE;AH ERZURUM;8680001695034;YAŞAM ECZANESİ;KARS MERKEZ;PANOCER;Panocer 40 mg 28 Enterik Kaplı Tablet;165;135;300;31.594;
03.08.2026;ALLIANCE HEALTHCARE;AH SAMSUN;8680001561193;BAHARDALİ ECZANESİ;TOKAT DOGU ILCELER;PANOCER;Panocer 40 mg 28 Enterik Kaplı Tablet;100;60;160;16.850;
03.08.2026;ALLIANCE HEALTHCARE;AH ERZURUM;8680001569427;HAYAT ECZANESİ;ERZURUM MERKEZ -2;PANOCER;Panocer 40 mg 28 Enterik Kaplı Tablet;165;135;300;31.594;
03.08.2026;ALLIANCE HEALTHCARE;AH SAMSUN;8680001153862;ÖZDEN ECZANESİ;CORUM KUZEY ILCELER;PANOCER;Panocer 40 mg 28 Enterik Kaplı Tablet;30;12;42;4.423;
03.08.2026;ALLIANCE HEALTHCARE;AH SAMSUN;8680001104628;CAN ECZANESİ;SAMSUN ATAKENT+19 MAYIS;PANOCER;Panocer 40 mg 28 Enterik Kaplı Tablet;50;25;75;7.898;
03.08.2026;ALLIANCE HEALTHCARE;AH SAMSUN;8680001500697;YAREN ECZANESİ;CORUM MERKEZ -2;PANOCER;Panocer 40 mg 28 Enterik Kaplı Tablet;100;60;160;16.850;
03.08.2026;ALLIANCE HEALTHCARE;AH SAMSUN;8680001101528;OZAN ECZANESİ;SAMSUN ATAKENT+19 MAYIS;PANOCER;Panocer 40 mg 28 Enterik Kaplı Tablet;10;3;13;1.369;
03.08.2026;ALLIANCE HEALTHCARE;AH SAMSUN;8680001866090;BALCALI ECZANESİ;SAMSUN DOGU ILCELER;PANOCER;Panocer 40 mg 28 Enterik Kaplı Tablet;3;0;3;316;
03.08.2026;ALLIANCE HEALTHCARE;AH TRABZON;8680001749973;BURCU ECZANESİ;TRABZON MERKEZ -2;PANOCER;Panocer 40 mg 28 Enterik Kaplı Tablet;30;12;42;4.423;
03.08.2026;ALLIANCE HEALTHCARE;AH TRABZON;8680001265947;GÜNAYDIN ECZANESİ;TRABZON DOGU ILCELER -1;PANOCER;Panocer 40 mg 28 Enterik Kaplı Tablet;50;25;75;7.898;
03.08.2026;ALLIANCE HEALTHCARE;AH TRABZON;8680001657544;AKTOPRAK ECZANESİ;TRABZON MERKEZ -1;PANOCER;Panocer 40 mg 28 Enterik Kaplı Tablet;2;0;2;211;
03.08.2026;ALLIANCE HEALTHCARE;AH TRABZON;8680001451524;DOĞA ECZANESİ;TRABZON DOGU ILCELER - 2;PANOCER;Panocer 40 mg 28 Enterik Kaplı Tablet;30;12;42;4.423;
03.08.2026;ALLIANCE HEALTHCARE;AH TRABZON;8680001473045;EBRU ECZANESİ;TRABZON DOGU ILCELER - 2;PANOCER;Panocer 40 mg 28 Enterik Kaplı Tablet;2;0;2;211;
03.08.2026;ALLIANCE HEALTHCARE;AH TRABZON;8680001174898;ÖZKAN ECZANESİ;GUMUSHANE;PANOCER;Panocer 40 mg 28 Enterik Kaplı Tablet;100;60;160;16.850;
03.08.2026;ALLIANCE HEALTHCARE;AH TRABZON;8680001704422;SENA ECZANESİ;TRABZON AKCAABAT;PANOCER;Panocer 40 mg 28 Enterik Kaplı Tablet;165;135;300;31.594;
03.08.2026;ALLIANCE HEALTHCARE;AH TRABZON;8680001276998;BİZİM ECZANESİ;TRABZON AKCAABAT;PANOCER;Panocer 40 mg 28 Enterik Kaplı Tablet;165;135;300;31.594;
03.08.2026;ALLIANCE HEALTHCARE;AH TRABZON;8680001740314;ERVA ECZANESİ;TRABZON MERKEZ -2;PANOCER;Panocer 40 mg 28 Enterik Kaplı Tablet;30;12;42;4.423;
03.08.2026;ALLIANCE HEALTHCARE;AH TRABZON;8680001205899;BÜYÜK ECZANESİ;TRABZON DOGU ILCELER -1;PANOCER;Panocer 40 mg 28 Enterik Kaplı Tablet;10;3;13;1.369;
03.08.2026;ALLIANCE HEALTHCARE;AH TRABZON;8680001123568;HALK ECZANESİ;RIZE DOGU ILCELER;PANOCER;Panocer 40 mg 28 Enterik Kaplı Tablet;10;3;13;1.369;
03.08.2026;ALLIANCE HEALTHCARE;AH TRABZON;8680001188482;ŞİFA ECZANESİ;GUMUSHANE;PANOCER;Panocer 40 mg 28 Enterik Kaplı Tablet;10;3;13;1.369;
03.08.2026;ALLIANCE HEALTHCARE;AH TRABZON;8680001451517;KAVAKLI ECZANESİ;TRABZON AKCAABAT;PANOCER;Panocer 40 mg 28 Enterik Kaplı Tablet;165;135;300;31.594;
03.08.2026;ALLIANCE HEALTHCARE;AH TRABZON;8680001252930;GÜNER ECZANESİ;TRABZON AKCAABAT;PANOCER;Panocer 40 mg 28 Enterik Kaplı Tablet;165;135;300;31.594;
03.08.2026;İSTANBUL ECZA KOOP;İSKOOP MERKEZ;8680001729524;BARIŞ ECZANESİ;TOKAT TURHAL;PANOCER;Panocer 40 mg 28 Enterik Kaplı Tablet;10;3;13;1.369;
03.08.2026;İSTANBUL ECZA KOOP;İSKOOP MERKEZ;8680001121595;TUNA ECZANESİ;SAMSUN BAFRA;PANOCER;Panocer 40 mg 28 Enterik Kaplı Tablet;10;3;13;1.369;
03.08.2026;ALLIANCE HEALTHCARE;AH ORDU;8680001188666;SAĞLIK ECZANESİ;ORDU GUNEY ILCELER -1;PANOCER;Panocer 40 mg 28 Enterik Kaplı Tablet;165;135;300;31.594;
03.08.2026;ALLIANCE HEALTHCARE;AH ORDU;8680001525522;CANER ECZANESİ;GIRESUN MERKEZ -2;PANOCER;Panocer 40 mg 28 Enterik Kaplı Tablet;30;12;42;4.423;
03.08.2026;İSTANBUL ECZA KOOP;İSKOOP MERKEZ;8680001130092;CANSARAN ECZANESİ;AMASYA MERKEZ -2;PANOCER;Panocer 40 mg 28 Enterik Kaplı Tablet;3;0;3;316;
03.08.2026;ALLIANCE HEALTHCARE;AH ORDU;8680001919048;BUSE ECZANESİ KUMRU;ORDU BATI ILCELER;PANOCER;Panocer 40 mg 28 Enterik Kaplı Tablet;10;3;13;1.369;
03.08.2026;ALLIANCE HEALTHCARE;AH ORDU;8680001925490;UMUT ECZANESİ;ORDU BATI ILCELER;PANOCER;Panocer 40 mg 28 Enterik Kaplı Tablet;50;25;75;7.898;
03.08.2026;ALLIANCE HEALTHCARE;AH ORDU;8680001502066;ŞİFA ECZANESİ;ORDU MERKEZ -3;PANOCER;Panocer 40 mg 28 Enterik Kaplı Tablet;30;12;42;4.423;
03.08.2026;ALLIANCE HEALTHCARE;AH ORDU;8680001277667;İSTANBUL ECZANESİ;ORDU FATSA;PANOCER;Panocer 40 mg 28 Enterik Kaplı Tablet;30;12;42;4.423;
03.08.2026;ALLIANCE HEALTHCARE;AH ORDU;8680001254903;DEVA ECZANESİ;ORDU FATSA;PANOCER;Panocer 40 mg 28 Enterik Kaplı Tablet;50;25;75;7.898;
03.08.2026;ALLIANCE HEALTHCARE;AH ORDU;8680001463305;TUNA ECZANESİ;ORDU MERKEZ -2;PANOCER;Panocer 40 mg 28 Enterik Kaplı Tablet;100;60;160;16.850;
03.08.2026;ALLIANCE HEALTHCARE;AH ORDU;8680001156726;GERÇEKER ECZANESİ;ORDU UNYE;PANOCER;Panocer 40 mg 28 Enterik Kaplı Tablet;10;3;13;1.369;
03.08.2026;ALLIANCE HEALTHCARE;AH ORDU;8680001665112;DİLARA ECZANESİ;ORDU MERKEZ -3;PANOCER;Panocer 40 mg 28 Enterik Kaplı Tablet;10;3;13;1.369;
03.08.2026;ALLIANCE HEALTHCARE;AH ORDU;8680001483327;MERVE ECZANESİ;GIRESUN MERKEZ -2;PANOCER;Panocer 40 mg 28 Enterik Kaplı Tablet;10;3;13;1.369;
03.08.2026;ALLIANCE HEALTHCARE;AH ERZURUM;8680001451630;ÖZGE ECZANESİ;ERZINCAN MERKEZ;PANOCER;Panocer 40 mg 28 Enterik Kaplı Tablet;50;25;75;7.898;
03.08.2026;ALLIANCE HEALTHCARE;AH ERZURUM;8680001133901;ŞİFA ECZANESİ;KARS ILCELER;PANOCER;Panocer 40 mg 28 Enterik Kaplı Tablet;10;3;13;1.369;
03.08.2026;ALLIANCE HEALTHCARE;AH ERZURUM;8680001109678;BİZİM ECZANESİ;ERZURUM MERKEZ -3;PANOCER;Panocer 40 mg 28 Enterik Kaplı Tablet;165;135;300;31.594;
03.08.2026;ALLIANCE HEALTHCARE;AH ERZURUM;8680001115778;SELÇUK ECZANESİ;ERZURUM MERKEZ -3;PANOCER;Panocer 40 mg 28 Enterik Kaplı Tablet;50;25;75;7.898;
03.08.2026;ALLIANCE HEALTHCARE;AH ERZURUM;8680001664368;MERKEZ ECZANESİ;ERZURUM GUNEY ILCELER;PANOCER;Panocer 40 mg 28 Enterik Kaplı Tablet;50;25;75;7.898;
03.08.2026;ALLIANCE HEALTHCARE;AH ERZURUM;8680001618323;BEYAZIT ECZANESİ;AGRI DIYADIN+D.BEYAZIT;PANOCER;Panocer 40 mg 28 Enterik Kaplı Tablet;100;60;160;16.850;
03.08.2026;ALLIANCE HEALTHCARE;AH ERZURUM;8680001676064;KOMBİNA ECZANESİ;ERZURUM MERKEZ -1;PANOCER;Panocer 40 mg 28 Enterik Kaplı Tablet;30;12;42;4.423;
03.08.2026;ALLIANCE HEALTHCARE;AH KAYSERİ;8680001470945;HİLAL ECZANESİ;SIVAS MERKEZ -2;PANOCER;Panocer 40 mg 28 Enterik Kaplı Tablet;165;135;300;31.594;
03.08.2026;İSTANBUL ECZA KOOP;İSKOOP MERKEZ;8680001109043;BAHAR ECZANESİ;SAMSUN BAHCELIEVLER;PANOCER;Panocer 40 mg 28 Enterik Kaplı Tablet;10;3;13;1.369;
03.08.2026;İSTANBUL ECZA KOOP;İSKOOP MERKEZ;8680001229338;HASAN ECZANESİ;TOKAT ERBAA;PANOCER;Panocer 40 mg 28 Enterik Kaplı Tablet;100;60;160;16.850;
03.08.2026;SELÇUK ECZA DEPOSU;SELÇUK SAMSUN;8680001174577;SEVGİ ECZANESİ;TOKAT MERKEZ -2;PANOCER;Panocer 40 mg 28 Enterik Kaplı Tablet;165;135;300;31.594;
03.08.2026;SELÇUK ECZA DEPOSU;SELÇUK ERZURUM;8680001239030;ARI ECZANESİ;ERZINCAN MERKEZ;PANOCER;Panocer 40 mg 28 Enterik Kaplı Tablet;10;3;13;1.369;
03.08.2026;SELÇUK ECZA DEPOSU;SELÇUK ERZURUM;8680001557066;İLAY ECZANESİ;KARS MERKEZ;PANOCER;Panocer 40 mg 28 Enterik Kaplı Tablet;165;135;300;31.594;
03.08.2026;SELÇUK ECZA DEPOSU;SELÇUK ERZURUM;8680001747986;ŞİFA ECZANESİ;ERZINCAN MERKEZ;PANOCER;Panocer 40 mg 28 Enterik Kaplı Tablet;50;25;75;7.898;
03.08.2026;SELÇUK ECZA DEPOSU;SELÇUK TRABZON;8680001695317;FURKAN BUCAN ECZANESİ;RIZE DOGU ILCELER;PANOCER;Panocer 40 mg 28 Enterik Kaplı Tablet;30;12;42;4.423;
03.08.2026;ALLIANCE HEALTHCARE;AH KAYSERİ;8680001189557;MEVLANA ECZANESİ;SIVAS MERKEZ -3;PANOCER;Panocer 40 mg 28 Enterik Kaplı Tablet;165;135;300;31.594;
03.08.2026;SELÇUK ECZA DEPOSU;SELÇUK TRABZON;8680001110353;BAYRAKTAR ECZANESİ;RIZE BATI ILCELER;PANOCER;Panocer 40 mg 28 Enterik Kaplı Tablet;165;135;300;31.594;
03.08.2026;SELÇUK ECZA DEPOSU;SELÇUK TRABZON;8680001443925;DOĞANKÖY ŞİFA ECZANESİ;TRABZON AKCAABAT;PANOCER;Panocer 40 mg 28 Enterik Kaplı Tablet;10;3;13;1.369;
03.08.2026;SELÇUK ECZA DEPOSU;SELÇUK SAMSUN;8680001170678;GÖKHAN ECZANESİ;TOKAT DOGU ILCELER;PANOCER;Panocer 40 mg 28 Enterik Kaplı Tablet;30;12;42;4.423;
03.08.2026;SELÇUK ECZA DEPOSU;SELÇUK SAMSUN;8680001594429;İSTANBUL ECZANESİ;SIVAS MERKEZ -3;PANOCER;Panocer 40 mg 28 Enterik Kaplı Tablet;10;3;13;1.369;
03.08.2026;SELÇUK ECZA DEPOSU;SELÇUK SAMSUN;8680001163847;KARAMANOĞLU ECZANESİ;ORDU MERKEZ -2;PANOCER;Panocer 40 mg 28 Enterik Kaplı Tablet;10;3;13;1.369;
03.08.2026;SELÇUK ECZA DEPOSU;SELÇUK SAMSUN;8680001526260;ŞİFA ECZANESİ;CORUM KUZEY ILCELER;PANOCER;Panocer 40 mg 28 Enterik Kaplı Tablet;165;135;300;31.594;
03.08.2026;SELÇUK ECZA DEPOSU;SELÇUK SAMSUN;8680001117741;DERMAN ECZANESİ;SIVAS MERKEZ -4;PANOCER;Panocer 40 mg 28 Enterik Kaplı Tablet;10;3;13;1.369;
03.08.2026;SELÇUK ECZA DEPOSU;SELÇUK SAMSUN;8680001719563;DUMAN ECZANESİ;ORDU BATI ILCELER;PANOCER;Panocer 40 mg 28 Enterik Kaplı Tablet;10;3;13;1.369;
03.08.2026;SELÇUK ECZA DEPOSU;SELÇUK SAMSUN;8680001147335;GÖKÇE ECZANESİ;SAMSUN ADALET;PANOCER;Panocer 40 mg 28 Enterik Kaplı Tablet;3;0;3;316;
03.08.2026;SELÇUK ECZA DEPOSU;SELÇUK SAMSUN;8680001149254;TOLGA ECZANESİ;SIVAS MERKEZ -2;PANOCER;Panocer 40 mg 28 Enterik Kaplı Tablet;30;12;42;4.423;
03.08.2026;SELÇUK ECZA DEPOSU;SELÇUK SAMSUN;8680001190881;ARTOVA ECZANESİ;TOKAT BATI ILCELER;PANOCER;Panocer 40 mg 28 Enterik Kaplı Tablet;10;3;13;1.369;
03.08.2026;SELÇUK ECZA DEPOSU;SELÇUK SAMSUN;8680001397532;MEHMETOĞLU ECZANESİ;TOKAT DOGU ILCELER;PANOCER;Panocer 40 mg 28 Enterik Kaplı Tablet;50;25;75;7.898;
03.08.2026;SELÇUK ECZA DEPOSU;SELÇUK SAMSUN;8680001547975;YENİ TEKELİ ECZANESİ;TOKAT TURHAL;PANOCER;Panocer 40 mg 28 Enterik Kaplı Tablet;50;25;75;7.898;
03.08.2026;SELÇUK ECZA DEPOSU;SELÇUK SAMSUN;8680001455720;ZEYNEP ECZANESİ;ORDU UNYE;PANOCER;Panocer 40 mg 28 Enterik Kaplı Tablet;30;12;42;4.423;
03.08.2026;SELÇUK ECZA DEPOSU;SELÇUK SAMSUN;8680001468324;ŞEYMA ECZANESİ;ORDU MERKEZ -2;PANOCER;Panocer 40 mg 28 Enterik Kaplı Tablet;30;12;42;4.423;
03.08.2026;SELÇUK ECZA DEPOSU;SELÇUK TRABZON;8680001718818;İLGE ECZANESİ;TRABZON MERKEZ -3;PANOCER;Panocer 40 mg 28 Enterik Kaplı Tablet;10;3;13;1.369;
03.08.2026;SELÇUK ECZA DEPOSU;SELÇUK TRABZON;8680001251797;CENGİZHAN ECZANESİ;TRABZON BATI ILCELER - 2;PANOCER;Panocer 40 mg 28 Enterik Kaplı Tablet;10;3;13;1.369;
03.08.2026;SELÇUK ECZA DEPOSU;SELÇUK ERZURUM;8680001898152;YENI HALK ECAZANESİ;AGRI DIYADIN+D.BEYAZIT;PANOCER;Panocer 40 mg 28 Enterik Kaplı Tablet;30;12;42;4.423;
03.08.2026;SELÇUK ECZA DEPOSU;SELÇUK ERZURUM;8680001488797;SEYHUN ECZANESİ;ERZURUM MERKEZ -3;PANOCER;Panocer 40 mg 28 Enterik Kaplı Tablet;10;3;13;1.369;
03.08.2026;SELÇUK ECZA DEPOSU;SELÇUK ERZURUM;8680001893683;DEVA ECZANESİ;ERZURUM GUNEY ILCELER;PANOCER;Panocer 40 mg 28 Enterik Kaplı Tablet;10;3;13;1.369;
03.08.2026;SELÇUK ECZA DEPOSU;SELÇUK ERZURUM;8680001114573;SAĞLIK ECZANESİ;ERZURUM MERKEZ -3;PANOCER;Panocer 40 mg 28 Enterik Kaplı Tablet;10;3;13;1.369;
03.08.2026;SELÇUK ECZA DEPOSU;SELÇUK ERZURUM;8680001235896;PINAR ECZANESİ;ERZINCAN MERKEZ;PANOCER;Panocer 40 mg 28 Enterik Kaplı Tablet;10;3;13;1.369;
03.08.2026;SELÇUK ECZA DEPOSU;SELÇUK ERZURUM;8680001145935;DİLAN ECZANESİ;AGRI DIYADIN+D.BEYAZIT;PANOCER;Panocer 40 mg 28 Enterik Kaplı Tablet;100;60;160;16.850;
03.08.2026;SELÇUK ECZA DEPOSU;SELÇUK TRABZON;8680001181766;HUZUR ECZANESİ;GUMUSHANE;PANOCER;Panocer 40 mg 28 Enterik Kaplı Tablet;50;25;75;7.898;
03.08.2026;SELÇUK ECZA DEPOSU;SELÇUK TRABZON;8680001262274;SAĞLIK ECZANESİ;TRABZON K.BASI+SURMENE;PANOCER;Panocer 40 mg 28 Enterik Kaplı Tablet;10;3;13;1.369;
03.08.2026;İSTANBUL ECZA KOOP;İSKOOP MERKEZ;8680001118212;VATAN ECZANESİ;AMASYA MERKEZ -1;PANOCER;Panocer 40 mg 28 Enterik Kaplı Tablet;5;0;5;527;
03.08.2026;İSTANBUL ECZA KOOP;İSKOOP MERKEZ;8680001484027;HİLAL ALTEKİN ECZANESİ;AMASYA MERKEZ -1;PANOCER;Panocer 40 mg 28 Enterik Kaplı Tablet;10;3;13;1.369;
03.08.2026;İSTANBUL ECZA KOOP;İSKOOP MERKEZ;8680001111244;MERKEZ ECZANESİ;SAMSUN DOGU ILCELER;PANOCER;Panocer 40 mg 28 Enterik Kaplı Tablet;30;12;42;4.423;
03.08.2026;SELÇUK ECZA DEPOSU;SELÇUK SAMSUN;8680001637645;YENİ BEZGİNOĞLU ECZANESİ;CORUM MERKEZ -3;PANOCER;Panocer 40 mg 28 Enterik Kaplı Tablet;50;25;75;7.898;
04.08.2026;SELÇUK ECZA DEPOSU;SELÇUK SAMSUN;8680001486359;SU ECZANESİ;ORDU GUNEY ILCELER -1;ACİDPASS;Acidpass 10/800/165 mg 12 Çiğneme Tablet;150;60;210;23.569;
04.08.2026;SELÇUK ECZA DEPOSU;SELÇUK SAMSUN;8680001516643;GÜVEN ECZANESİ;ORDU MERKEZ -3;ACİDPASS;Acidpass 10/800/165 mg 12 Çiğneme Tablet;20;3;23;2.581;
04.08.2026;SELÇUK ECZA DEPOSU;SELÇUK SAMSUN;8680001452637;DUMAN ECZANESİ;SIVAS MERKEZ -2;ACİDPASS;Acidpass 10/800/165 mg 12 Çiğneme Tablet;20;3;23;2.581;
04.08.2026;SELÇUK ECZA DEPOSU;SELÇUK SAMSUN;8680001427741;ADA ECZANESİ;SIVAS MERKEZ -4;ACİDPASS;Acidpass 10/800/165 mg 12 Çiğneme Tablet;2;0;2;224;
04.08.2026;SELÇUK ECZA DEPOSU;SELÇUK SAMSUN;8680001421213;KARŞIYAKA ECZANESİ;ORDU MERKEZ -3;ACİDPASS;Acidpass 10/800/165 mg 12 Çiğneme Tablet;100;35;135;15.152;
04.08.2026;İSTANBUL ECZA KOOP;İSKOOP MERKEZ;8680001881567;MEVLANA ECZANESİ;SAMSUN BAFRA;ACİDPASS;Acidpass 10/800/165 mg 12 Çiğneme Tablet;20;3;23;2.581;
04.08.2026;İSTANBUL ECZA KOOP;İSKOOP MERKEZ;8680001123148;MERVE ECZANESİ;SINOP DOGU-BATI ILCELER;ACİDPASS;Acidpass 10/800/165 mg 12 Çiğneme Tablet;3;0;3;337;
04.08.2026;SELÇUK ECZA DEPOSU;SELÇUK SAMSUN;8680001715992;EKİCİ ECZANESİ;SIVAS MERKEZ -2;ACİDPASS;Acidpass 10/800/165 mg 12 Çiğneme Tablet;10;1;11;1.235;
04.08.2026;İSTANBUL ECZA KOOP;İSKOOP MERKEZ;8680001141371;PELİN ECZANESİ;SAMSUN HURRIYET+ZAFER;ACİDPASS;Acidpass 10/800/165 mg 12 Çiğneme Tablet;2;0;2;224;
04.08.2026;İSTANBUL ECZA KOOP;İSKOOP MERKEZ;8680001116409;ERFELEK ECZANESİ;SINOP DOGU-BATI ILCELER;ACİDPASS;Acidpass 10/800/165 mg 12 Çiğneme Tablet;10;1;11;1.235;
04.08.2026;SELÇUK ECZA DEPOSU;SELÇUK TRABZON;8680001756018;ZEYTÜL ECZANESİ;ARTVIN KUZEY ILCELER;ACİDPASS;Acidpass 10/800/165 mg 12 Çiğneme Tablet;10;1;11;1.235;
04.08.2026;SELÇUK ECZA DEPOSU;SELÇUK TRABZON;8680001500086;YAĞIZ ECZANESİ;TRABZON MERKEZ -3;ACİDPASS;Acidpass 10/800/165 mg 12 Çiğneme Tablet;20;3;23;2.581;
04.08.2026;SELÇUK ECZA DEPOSU;SELÇUK TRABZON;8680001494293;AYÇA ECZANESİ;ARTVIN KUZEY ILCELER;ACİDPASS;Acidpass 10/800/165 mg 12 Çiğneme Tablet;20;3;23;2.581;
04.08.2026;SELÇUK ECZA DEPOSU;SELÇUK TRABZON;8680001736935;KEMERKAYA AKIN ECZANESİ;TRABZON MERKEZ -4;ACİDPASS;Acidpass 10/800/165 mg 12 Çiğneme Tablet;5;0;5;561;
04.08.2026;SELÇUK ECZA DEPOSU;SELÇUK TRABZON;8680001170579;DERELİ ECZANESİ;GIRESUN GUNEY ILCELER;ACİDPASS;Acidpass 10/800/165 mg 12 Çiğneme Tablet;10;1;11;1.235;
04.08.2026;SELÇUK ECZA DEPOSU;SELÇUK ERZURUM;8680001896578;BETÜL ECZANESİ;ERZURUM MERKEZ -3;ACİDPASS;Acidpass 10/800/165 mg 12 Çiğneme Tablet;2;0;2;224;
04.08.2026;SELÇUK ECZA DEPOSU;SELÇUK ERZURUM;8680001770779;AKABE ECZANESİ;ERZURUM MERKEZ -3;ACİDPASS;Acidpass 10/800/165 mg 12 Çiğneme Tablet;10;1;11;1.235;
04.08.2026;SELÇUK ECZA DEPOSU;SELÇUK TRABZON;8680001283088;ŞÜKRANİYE ECZANESİ;TRABZON MERKEZ -1;ACİDPASS;Acidpass 10/800/165 mg 12 Çiğneme Tablet;2;0;2;224;
04.08.2026;SELÇUK ECZA DEPOSU;SELÇUK TRABZON;8680001186723;TAHMAZ ECZANESİ;GIRESUN DOGU ILCELER -2;ACİDPASS;Acidpass 10/800/165 mg 12 Çiğneme Tablet;2;0;2;224;
04.08.2026;SELÇUK ECZA DEPOSU;SELÇUK SAMSUN;8680001116676;KAMER ECZANESİ;SAMSUN BAHCELIEVLER;ACİDPASS;Acidpass 10/800/165 mg 12 Çiğneme Tablet;3;0;3;337;
04.08.2026;SELÇUK ECZA DEPOSU;SELÇUK TRABZON;8680001428786;ŞAHİN ECZANESİ;TRABZON DOGU ILCELER - 2;ACİDPASS;Acidpass 10/800/165 mg 12 Çiğneme Tablet;10;1;11;1.235;
04.08.2026;SELÇUK ECZA DEPOSU;SELÇUK TRABZON;8680001284337;TUĞRA ECZANESİ;RIZE MERKEZ;ACİDPASS;Acidpass 10/800/165 mg 12 Çiğneme Tablet;2;0;2;224;
04.08.2026;SELÇUK ECZA DEPOSU;SELÇUK ERZURUM;8680001116003;ERENLER ECZANESİ;ERZURUM MERKEZ -1;ACİDPASS;Acidpass 10/800/165 mg 12 Çiğneme Tablet;3;0;3;337;
04.08.2026;SELÇUK ECZA DEPOSU;SELÇUK ERZURUM;8680001726561;DÜNYA ECZANESİ;AGRI DIYADIN+D.BEYAZIT;ACİDPASS;Acidpass 10/800/165 mg 12 Çiğneme Tablet;1;0;1;112;
04.08.2026;SELÇUK ECZA DEPOSU;SELÇUK SAMSUN;8680001172801;KARANFİL ECZANESİ;TOKAT MERKEZ -1;ACİDPASS;Acidpass 10/800/165 mg 12 Çiğneme Tablet;10;1;11;1.235;
04.08.2026;SELÇUK ECZA DEPOSU;SELÇUK ERZURUM;8680001102426;VERESELİ MURAT ECZANESİ;ERZURUM GUNEY ILCELER;ACİDPASS;Acidpass 10/800/165 mg 12 Çiğneme Tablet;3;0;3;337;
04.08.2026;SELÇUK ECZA DEPOSU;SELÇUK TRABZON;8680001185917;MELİS ECZANESİ;GIRESUN BULANCAK+PIRAZIZ;ACİDPASS;Acidpass 10/800/165 mg 12 Çiğneme Tablet;10;1;11;1.235;
04.08.2026;İSTANBUL ECZA KOOP;İSKOOP MERKEZ;8680001114368;ŞİFA ECZANESİ;SINOP MERKEZ;ACİDPASS;Acidpass 10/800/165 mg 12 Çiğneme Tablet;10;1;11;1.235;
04.08.2026;İSTANBUL ECZA KOOP;İSKOOP MERKEZ;8680001199648;EMEK ECZANESİ;TOKAT BATI ILCELER;ACİDPASS;Acidpass 10/800/165 mg 12 Çiğneme Tablet;10;1;11;1.235;
04.08.2026;SELÇUK ECZA DEPOSU;SELÇUK SAMSUN;8680001570188;HATİCE ECZANESİ;AMASYA ILCELER;ACİDPASS;Acidpass 10/800/165 mg 12 Çiğneme Tablet;10;1;11;1.235;
04.08.2026;SELÇUK ECZA DEPOSU;SELÇUK SAMSUN;8680001943159;ELA ECZANESİ;SAMSUN ATAKENT+19 MAYIS;ACİDPASS;Acidpass 10/800/165 mg 12 Çiğneme Tablet;2;0;2;224;
04.08.2026;SELÇUK ECZA DEPOSU;SELÇUK SAMSUN;8680001423958;ANADOLU ECZANESİ;SAMSUN BAHCELIEVLER;ACİDPASS;Acidpass 10/800/165 mg 12 Çiğneme Tablet;1;0;1;112;
04.08.2026;İSTANBUL ECZA KOOP;İSKOOP MERKEZ;8680001169474;DERMAN ECZANESİ;AMASYA MERZIFON;ACİDPASS;Acidpass 10/800/165 mg 12 Çiğneme Tablet;10;1;11;1.235;
04.08.2026;İSTANBUL ECZA KOOP;İSKOOP MERKEZ;8680001116805;SEVEN ECZANESİ;AMASYA MERKEZ -2;ACİDPASS;Acidpass 10/800/165 mg 12 Çiğneme Tablet;10;1;11;1.235;
04.08.2026;SELÇUK ECZA DEPOSU;SELÇUK ERZURUM;8680001489725;ŞÜKRAN ECZANESİ;AGRI MERKEZ;ACİDPASS;Acidpass 10/800/165 mg 12 Çiğneme Tablet;3;0;3;337;
04.08.2026;SELÇUK ECZA DEPOSU;SELÇUK SAMSUN;8680001147465;DAMLA GÜMÜŞAĞA ECZANESİ;CORUM MERKEZ -3;ACİDPASS;Acidpass 10/800/165 mg 6 Çiğneme Tablet;2;0;2;138;
04.08.2026;İSTANBUL ECZA KOOP;İSKOOP MERKEZ;8680001159000;KILIÇ ECZANESİ;AMASYA GOYNUCEK+TASOVA;FAMTREC;Famtrec 800/26,6mg 14 Film Kaplı Tablet;1;0;1;102;
04.08.2026;SELÇUK ECZA DEPOSU;SELÇUK SAMSUN;8680001124886;CANLI ECZANESİ;AMASYA MERKEZ -2;FAMTREC;Famtrec 800/26,6mg 14 Film Kaplı Tablet;1;0;1;102;
04.08.2026;SELÇUK ECZA DEPOSU;SELÇUK SAMSUN;8680001124886;CANLI ECZANESİ;AMASYA MERKEZ -2;FAMTREC;Famtrec 800/26,6mg 14 Film Kaplı Tablet;2;0;2;204;
04.08.2026;SELÇUK ECZA DEPOSU;SELÇUK SAMSUN;8680001124886;CANLI ECZANESİ;AMASYA MERKEZ -2;FAMTREC;Famtrec 800/26,6mg 14 Film Kaplı Tablet;1;0;1;102;
04.08.2026;SELÇUK ECZA DEPOSU;SELÇUK SAMSUN;8680001124886;CANLI ECZANESİ;AMASYA MERKEZ -2;FAMTREC;Famtrec 800/26,6mg 14 Film Kaplı Tablet;2;0;2;204;
04.08.2026;SELÇUK ECZA DEPOSU;SELÇUK SAMSUN;8680001124886;CANLI ECZANESİ;AMASYA MERKEZ -2;FAMTREC;Famtrec 800/26,6mg 14 Film Kaplı Tablet;4;0;4;409;
04.08.2026;İSTANBUL ECZA KOOP;İSKOOP MERKEZ;8680001622849;ÖZGÜR ECZANESİ;SAMSUN VEZIRKOPRU;FAMTREC;Famtrec 800/26,6mg 14 Film Kaplı Tablet;5;1;6;613;
04.08.2026;SELÇUK ECZA DEPOSU;SELÇUK SAMSUN;8680001148158;ÇAĞDAŞ ECZANESİ;ORDU UNYE;FAMTREC;Famtrec 800/26,6mg 30 Film Kaplı Tablet;2;0;2;438;
04.08.2026;SELÇUK ECZA DEPOSU;SELÇUK SAMSUN;8680001119073;CANKOR ECZANESİ;SAMSUN ATAKENT+19 MAYIS;GRİPORT COLD;Griport Cold 20 Film Kaplı Tablet;150;115;265;22.300;
04.08.2026;SELÇUK ECZA DEPOSU;SELÇUK TRABZON;8680001215669;ARSLAN ECZANESİ;GIRESUN BULANCAK+PIRAZIZ;GRİPORT COLD;Griport Cold 20 Film Kaplı Tablet;10;3;13;1.094;
04.08.2026;SELÇUK ECZA DEPOSU;SELÇUK ERZURUM;8680001124220;MAHALLEBAŞI ECZANESİ;ERZURUM MERKEZ -2;GRİPORT COLD;Griport Cold 20 Film Kaplı Tablet;2;0;2;168;
04.08.2026;SELÇUK ECZA DEPOSU;SELÇUK TRABZON;8680001291649;ŞEYMA ECZANESİ;TRABZON MERKEZ -1;GRİPORT COLD;Griport Cold 20 Film Kaplı Tablet;5;1;6;505;
04.08.2026;SELÇUK ECZA DEPOSU;SELÇUK SAMSUN;8680001155750;GÜLCAN ECZANESİ;CORUM GUNEYBATI ILCELER;GRİPORT COLD;Griport Cold 20 Film Kaplı Tablet;1;0;1;84;
04.08.2026;SELÇUK ECZA DEPOSU;SELÇUK ERZURUM;8680001907021;SEVMİŞ ECZANESİ;AGRI ILCELER;GRİPORT COLD;Griport Cold 20 Film Kaplı Tablet;5;1;6;505;
04.08.2026;SELÇUK ECZA DEPOSU;SELÇUK ERZURUM;8680001770779;AKABE ECZANESİ;ERZURUM MERKEZ -3;GRİPORT COLD;Griport Cold 20 Film Kaplı Tablet;40;20;60;5.049;
04.08.2026;İSTANBUL ECZA KOOP;İSKOOP MERKEZ;8680001116751;BAHÇELİEVLER ECZANESİ;SAMSUN BAHCELIEVLER;MOKSEFEN;Moksefen 400 mg 7 Film Tablet;2;0;2;298;
04.08.2026;SELÇUK ECZA DEPOSU;SELÇUK TRABZON;8680001186723;TAHMAZ ECZANESİ;GIRESUN DOGU ILCELER -2;MOKSEFEN;Moksefen 400 mg 7 Film Tablet;30;15;45;6.705;
04.08.2026;SELÇUK ECZA DEPOSU;SELÇUK TRABZON;8680001659210;KAYA ECZANESİ;GIRESUN GUNEY ILCELER;MOKSEFEN;Moksefen 400 mg 7 Film Tablet;2;0;2;298;
04.08.2026;SELÇUK ECZA DEPOSU;SELÇUK TRABZON;8680001705771;ÇAMLIHEMŞİN ECZANESİ;RIZE BATI ILCELER;MOKSEFEN;Moksefen 400 mg 7 Film Tablet;1;0;1;149;
04.08.2026;SELÇUK ECZA DEPOSU;SELÇUK ERZURUM;8680001621279;ŞEHİR 25 ECZANESİ;ERZURUM MERKEZ -3;MOKSEFEN;Moksefen 400 mg 7 Film Tablet;5;1;6;894;
04.08.2026;İSTANBUL ECZA KOOP;İSKOOP MERKEZ;8680001118144;SÖĞÜTLÜ ECZANESİ;SAMSUN TERME;MOKSEFEN;Moksefen 400 mg 7 Film Tablet;5;1;6;894;
04.08.2026;SELÇUK ECZA DEPOSU;SELÇUK SAMSUN;8680001789078;BETÜL ECZANESİ;TOKAT DOGU ILCELER;MOKSEFEN;Moksefen 400 mg 7 Film Tablet;30;15;45;6.705;
04.08.2026;SELÇUK ECZA DEPOSU;SELÇUK SAMSUN;8680001153671;GÖZDE ECZANESİ;CORUM KUZEY ILCELER;MOKSEFEN;Moksefen 400 mg 7 Film Tablet;2;0;2;298;
04.08.2026;SELÇUK ECZA DEPOSU;SELÇUK SAMSUN;8680001943159;ELA ECZANESİ;SAMSUN ATAKENT+19 MAYIS;MOKSEFEN;Moksefen 400 mg 7 Film Tablet;1;0;1;149;
04.08.2026;SELÇUK ECZA DEPOSU;SELÇUK TRABZON;8680001111213;KARADENİZ ECZANESİ;RIZE MERKEZ;PANOCER;Panocer 40 mg 14 Enterik Kaplı Tablet;2;0;2;162;
04.08.2026;SELÇUK ECZA DEPOSU;SELÇUK SAMSUN;8680001278268;LOKMAN ECZANESİ;ORDU FATSA;PANOCER;Panocer 40 mg 14 Enterik Kaplı Tablet;2;0;2;162;
04.08.2026;ALLIANCE HEALTHCARE;AH ORDU;8680001165728;ŞİFA ECZANESİ;GIRESUN BULANCAK+PIRAZIZ;PANOCER;Panocer 40 mg 14 Enterik Kaplı Tablet;10;3;13;1.052;
04.08.2026;ALLIANCE HEALTHCARE;AH ORDU;8680001186990;İLGİ ECZANESİ;GIRESUN BULANCAK+PIRAZIZ;PANOCER;Panocer 40 mg 28 Enterik Kaplı Tablet;50;25;75;7.898;
04.08.2026;ALLIANCE HEALTHCARE;AH ORDU;8680001186723;TAHMAZ ECZANESİ;GIRESUN DOGU ILCELER -2;PANOCER;Panocer 40 mg 28 Enterik Kaplı Tablet;50;25;75;7.898;
04.08.2026;ALLIANCE HEALTHCARE;AH ERZURUM;8680001185269;DİLBER ECZANESİ;KARS MERKEZ;PANOCER;Panocer 40 mg 28 Enterik Kaplı Tablet;165;135;300;31.594;
04.08.2026;ALLIANCE HEALTHCARE;AH ERZURUM;8680001726561;DÜNYA ECZANESİ;AGRI DIYADIN+D.BEYAZIT;PANOCER;Panocer 40 mg 28 Enterik Kaplı Tablet;30;12;42;4.423;
04.08.2026;ALLIANCE HEALTHCARE;AH ERZURUM;8680001659685;CEREN ECZANESİ;ERZINCAN MERKEZ;PANOCER;Panocer 40 mg 28 Enterik Kaplı Tablet;165;135;300;31.594;
04.08.2026;ALLIANCE HEALTHCARE;AH ERZURUM;8680001798759;YALÇIN ECZANESİ;AGRI ILCELER;PANOCER;Panocer 40 mg 28 Enterik Kaplı Tablet;165;135;300;31.594;
04.08.2026;İSTANBUL ECZA KOOP;İSKOOP MERKEZ;8680001702251;DAMLA ECZANESİ;AMASYA MERKEZ -2;PANOCER;Panocer 40 mg 28 Enterik Kaplı Tablet;10;3;13;1.369;
04.08.2026;ALLIANCE HEALTHCARE;AH TRABZON;8680001230396;NUHOĞLU ECZANESİ;TRABZON AKCAABAT;PANOCER;Panocer 40 mg 28 Enterik Kaplı Tablet;50;25;75;7.898;
04.08.2026;ALLIANCE HEALTHCARE;AH TRABZON;8680001451180;FINDIKLI ECZANESİ;RIZE DOGU ILCELER;PANOCER;Panocer 40 mg 28 Enterik Kaplı Tablet;165;135;300;31.594;
04.08.2026;ALLIANCE HEALTHCARE;AH TRABZON;8680001695478;GÜLDENİZ ECZANESİ;TRABZON DOGU ILCELER - 2;PANOCER;Panocer 40 mg 28 Enterik Kaplı Tablet;10;3;13;1.369;
04.08.2026;ALLIANCE HEALTHCARE;AH TRABZON;8680001109821;SEVGİ ECZANESİ;RIZE MERKEZ;PANOCER;Panocer 40 mg 28 Enterik Kaplı Tablet;50;25;75;7.898;
04.08.2026;ALLIANCE HEALTHCARE;AH SAMSUN;8680001101467;BAŞAK ECZANESİ;SAMSUN ATAKUM;PANOCER;Panocer 40 mg 28 Enterik Kaplı Tablet;10;3;13;1.369;
04.08.2026;ALLIANCE HEALTHCARE;AH SAMSUN;8680001465606;RASATHANE ECZANESİ;SAMSUN HURRIYET+ZAFER;PANOCER;Panocer 40 mg 28 Enterik Kaplı Tablet;3;0;3;316;
04.08.2026;ALLIANCE HEALTHCARE;AH ERZURUM;8680001175017;CİVAN ECZANESİ;KARS MERKEZ;PANOCER;Panocer 40 mg 28 Enterik Kaplı Tablet;10;3;13;1.369;
04.08.2026;ALLIANCE HEALTHCARE;AH SAMSUN;8680001641055;ERKAN ECZANESİ;SAMSUN CANIK;PANOCER;Panocer 40 mg 28 Enterik Kaplı Tablet;5;0;5;527;
04.08.2026;ALLIANCE HEALTHCARE;AH SAMSUN;8680001422968;FUNDA ÜNAL ECZANESİ;CORUM KUZEY ILCELER;PANOCER;Panocer 40 mg 28 Enterik Kaplı Tablet;50;25;75;7.898;
04.08.2026;ALLIANCE HEALTHCARE;AH SAMSUN;8680001160853;TAŞOVA ECZANESİ;AMASYA GOYNUCEK+TASOVA;PANOCER;Panocer 40 mg 28 Enterik Kaplı Tablet;30;12;42;4.423;
04.08.2026;ALLIANCE HEALTHCARE;AH SAMSUN;8680001121212;SAĞLIK ECZANESİ;SAMSUN VEZIRKOPRU;PANOCER;Panocer 40 mg 28 Enterik Kaplı Tablet;50;25;75;7.898;
04.08.2026;ALLIANCE HEALTHCARE;AH SAMSUN;8680001663323;ORTACAMİ ECZANESİ;SAMSUN VEZIRKOPRU;PANOCER;Panocer 40 mg 28 Enterik Kaplı Tablet;165;135;300;31.594;
04.08.2026;SELÇUK ECZA DEPOSU;SELÇUK SAMSUN;8680001155897;TÜRKER ECZANESİ;CORUM MERKEZ -1;PANOCER;Panocer 40 mg 28 Enterik Kaplı Tablet;10;3;13;1.369;
04.08.2026;SELÇUK ECZA DEPOSU;SELÇUK SAMSUN;8680001160853;TAŞOVA ECZANESİ;AMASYA GOYNUCEK+TASOVA;PANOCER;Panocer 40 mg 28 Enterik Kaplı Tablet;30;12;42;4.423;
04.08.2026;SELÇUK ECZA DEPOSU;SELÇUK TRABZON;8680001122585;JÜLİDE NAZLI ECZANESİ;ARTVIN KUZEY ILCELER;PANOCER;Panocer 40 mg 28 Enterik Kaplı Tablet;10;3;13;1.369;
04.08.2026;SELÇUK ECZA DEPOSU;SELÇUK ERZURUM;8680001688609;SERHAT ECZANESİ;ERZURUM GUNEY ILCELER;PANOCER;Panocer 40 mg 28 Enterik Kaplı Tablet;10;3;13;1.369;
04.08.2026;ALLIANCE HEALTHCARE;AH KAYSERİ;8680001151431;KÜBRA ECZANESİ;SIVAS MERKEZ -2;PANOCER;Panocer 40 mg 28 Enterik Kaplı Tablet;3;0;3;316;
04.08.2026;SELÇUK ECZA DEPOSU;SELÇUK TRABZON;8680001105649;HASTANELER ECZANESİ;RIZE MERKEZ;PANOCER;Panocer 40 mg 28 Enterik Kaplı Tablet;10;3;13;1.369;
04.08.2026;SELÇUK ECZA DEPOSU;SELÇUK TRABZON;8680001752270;YAREN ECZANESİ;GUMUSHANE;PANOCER;Panocer 40 mg 28 Enterik Kaplı Tablet;10;3;13;1.369;
04.08.2026;SELÇUK ECZA DEPOSU;SELÇUK TRABZON;8680001564019;DOĞA ECZANESİ;TRABZON MERKEZ -3;PANOCER;Panocer 40 mg 28 Enterik Kaplı Tablet;10;3;13;1.369;
04.08.2026;SELÇUK ECZA DEPOSU;SELÇUK TRABZON;8680001166633;YILMAZ ECZANESİ;GIRESUN DOGU ILCELER -1;PANOCER;Panocer 40 mg 28 Enterik Kaplı Tablet;30;12;42;4.423;
04.08.2026;SELÇUK ECZA DEPOSU;SELÇUK TRABZON;8680001494293;AYÇA ECZANESİ;ARTVIN KUZEY ILCELER;PANOCER;Panocer 40 mg 28 Enterik Kaplı Tablet;50;25;75;7.898;
04.08.2026;SELÇUK ECZA DEPOSU;SELÇUK TRABZON;8680001170579;DERELİ ECZANESİ;GIRESUN GUNEY ILCELER;PANOCER;Panocer 40 mg 28 Enterik Kaplı Tablet;50;25;75;7.898;
04.08.2026;SELÇUK ECZA DEPOSU;SELÇUK TRABZON;8680001628766;SEVİLAY ECZANESİ;RIZE MERKEZ;PANOCER;Panocer 40 mg 28 Enterik Kaplı Tablet;100;60;160;16.850;
04.08.2026;SELÇUK ECZA DEPOSU;SELÇUK TRABZON;8680001459513;GÖZDE ECZANESİ;RIZE MERKEZ;PANOCER;Panocer 40 mg 28 Enterik Kaplı Tablet;30;12;42;4.423;
04.08.2026;SELÇUK ECZA DEPOSU;SELÇUK TRABZON;8680001565856;EMEK ECZANESİ;RIZE MERKEZ;PANOCER;Panocer 40 mg 28 Enterik Kaplı Tablet;10;3;13;1.369;
04.08.2026;SELÇUK ECZA DEPOSU;SELÇUK ERZURUM;8680001415489;AĞRI ECZANESİ;AGRI MERKEZ;PANOCER;Panocer 40 mg 28 Enterik Kaplı Tablet;10;3;13;1.369;
04.08.2026;SELÇUK ECZA DEPOSU;SELÇUK ERZURUM;8680001475476;İNCİ  ECZANESİ;ERZINCAN MERKEZ;PANOCER;Panocer 40 mg 28 Enterik Kaplı Tablet;100;60;160;16.850;
04.08.2026;SELÇUK ECZA DEPOSU;SELÇUK SAMSUN;8680001647125;NİMET ECZANESİ;ORDU DOGU ILCELER;PANOCER;Panocer 40 mg 28 Enterik Kaplı Tablet;10;3;13;1.369;
04.08.2026;İSTANBUL ECZA KOOP;İSKOOP MERKEZ;8680001629978;YILMAZ ECZANESİ;SAMSUN BAFRA;PANOCER;Panocer 40 mg 28 Enterik Kaplı Tablet;30;12;42;4.423;
04.08.2026;SELÇUK ECZA DEPOSU;SELÇUK SAMSUN;8680001688579;SÜNBÜLCÜ ECZANESİ;CORUM MERKEZ -3;PANOCER;Panocer 40 mg 28 Enterik Kaplı Tablet;165;135;300;31.594;
04.08.2026;SELÇUK ECZA DEPOSU;SELÇUK SAMSUN;8680001943159;ELA ECZANESİ;SAMSUN ATAKENT+19 MAYIS;PANOCER;Panocer 40 mg 28 Enterik Kaplı Tablet;50;25;75;7.898;
04.08.2026;SELÇUK ECZA DEPOSU;SELÇUK SAMSUN;8680001116799;EKİN ECZANESİ;SINOP DOGU-BATI ILCELER;PANOCER;Panocer 40 mg 28 Enterik Kaplı Tablet;50;25;75;7.898;
04.08.2026;SELÇUK ECZA DEPOSU;SELÇUK SAMSUN;8680001890323;CAN ECZANESİ;TOKAT ERBAA;PANOCER;Panocer 40 mg 28 Enterik Kaplı Tablet;30;12;42;4.423;
04.08.2026;SELÇUK ECZA DEPOSU;SELÇUK SAMSUN;8680001203345;TAYFUN ECZANESİ;ORDU MERKEZ -1;PANOCER;Panocer 40 mg 28 Enterik Kaplı Tablet;2;0;2;211;
04.08.2026;SELÇUK ECZA DEPOSU;SELÇUK SAMSUN;8680001469574;TAN ECZANESİ;ORDU UNYE;PANOCER;Panocer 40 mg 28 Enterik Kaplı Tablet;50;25;75;7.898;
05.08.2026;SELÇUK ECZA DEPOSU;SELÇUK SAMSUN;8680001881093;ÇAĞLA ECZANESİ;SAMSUN VEZIRKOPRU;ACİDPASS;Acidpass 10/800/165 mg 12 Çiğneme Tablet;10;1;11;1.235;
05.08.2026;SELÇUK ECZA DEPOSU;SELÇUK SAMSUN;8680001713677;YENİ MEDRESEÖNÜ ECZANESİ;ORDU DOGU ILCELER;ACİDPASS;Acidpass 10/800/165 mg 12 Çiğneme Tablet;2;0;2;224;
05.08.2026;SELÇUK ECZA DEPOSU;SELÇUK SAMSUN;8680001232406;TEPE ECZANESİ;ORDU MERKEZ -2;ACİDPASS;Acidpass 10/800/165 mg 12 Çiğneme Tablet;150;60;210;23.569;
05.08.2026;SELÇUK ECZA DEPOSU;SELÇUK SAMSUN;8680001111770;KIRANKÖY ECZANESİ;SAMSUN RASATHANE;ACİDPASS;Acidpass 10/800/165 mg 12 Çiğneme Tablet;10;1;11;1.235;
05.08.2026;SELÇUK ECZA DEPOSU;SELÇUK TRABZON;8680001597697;YAŞAM ECZANESİ;TRABZON MERKEZ -1;ACİDPASS;Acidpass 10/800/165 mg 12 Çiğneme Tablet;3;0;3;337;
05.08.2026;SELÇUK ECZA DEPOSU;SELÇUK TRABZON;8680001117710;BAYRAKTAR ECZANESİ;ARTVIN KUZEY ILCELER;ACİDPASS;Acidpass 10/800/165 mg 12 Çiğneme Tablet;10;1;11;1.235;
05.08.2026;SELÇUK ECZA DEPOSU;SELÇUK TRABZON;8680001119387;BALCI ECZANESİ;RIZE MERKEZ;ACİDPASS;Acidpass 10/800/165 mg 12 Çiğneme Tablet;20;3;23;2.581;
05.08.2026;SELÇUK ECZA DEPOSU;SELÇUK TRABZON;8680001671588;SÜRENSOY ECZANESİ;GIRESUN MERKEZ -2;ACİDPASS;Acidpass 10/800/165 mg 12 Çiğneme Tablet;20;3;23;2.581;
05.08.2026;SELÇUK ECZA DEPOSU;SELÇUK TRABZON;8680001439645;FATİH ECZANESİ;RIZE MERKEZ;ACİDPASS;Acidpass 10/800/165 mg 12 Çiğneme Tablet;20;3;23;2.581;
05.08.2026;SELÇUK ECZA DEPOSU;SELÇUK TRABZON;8680001459513;GÖZDE ECZANESİ;RIZE MERKEZ;ACİDPASS;Acidpass 10/800/165 mg 12 Çiğneme Tablet;150;60;210;23.569;
05.08.2026;SELÇUK ECZA DEPOSU;SELÇUK SAMSUN;8680001717774;AYŞEGÜL ECZANESİ;SAMSUN BAFRA;ACİDPASS;Acidpass 10/800/165 mg 12 Çiğneme Tablet;20;3;23;2.581;
05.08.2026;SELÇUK ECZA DEPOSU;SELÇUK SAMSUN;8680001692101;İSTİKLAL ECZANESİ;ORDU BATI ILCELER;ACİDPASS;Acidpass 10/800/165 mg 12 Çiğneme Tablet;10;1;11;1.235;
05.08.2026;SELÇUK ECZA DEPOSU;SELÇUK SAMSUN;8680001838660;BALIM ECZANESİ;TOKAT DOGU ILCELER;ACİDPASS;Acidpass 10/800/165 mg 12 Çiğneme Tablet;2;0;2;224;
05.08.2026;SELÇUK ECZA DEPOSU;SELÇUK SAMSUN;8680001120871;YAŞAM ECZANESİ;SINOP DOGU-BATI ILCELER;ACİDPASS;Acidpass 10/800/165 mg 12 Çiğneme Tablet;3;0;3;337;
05.08.2026;SELÇUK ECZA DEPOSU;SELÇUK SAMSUN;8680001468324;ŞEYMA ECZANESİ;ORDU MERKEZ -2;ACİDPASS;Acidpass 10/800/165 mg 12 Çiğneme Tablet;20;3;23;2.581;
05.08.2026;SELÇUK ECZA DEPOSU;SELÇUK SAMSUN;8680001676798;SİNEM ECZANESİ;SAMSUN CANIK;ACİDPASS;Acidpass 10/800/165 mg 12 Çiğneme Tablet;1;0;1;112;
05.08.2026;SELÇUK ECZA DEPOSU;SELÇUK SAMSUN;8680001117185;ÇATALÇAM ECZANESİ;SAMSUN ATAKENT+19 MAYIS;ACİDPASS;Acidpass 10/800/165 mg 12 Çiğneme Tablet;50;15;65;7.295;
05.08.2026;SELÇUK ECZA DEPOSU;SELÇUK SAMSUN;8680001734962;GELİNCİK ECZANESİ;SINOP MERKEZ;ACİDPASS;Acidpass 10/800/165 mg 12 Çiğneme Tablet;10;1;11;1.235;
05.08.2026;İSTANBUL ECZA KOOP;İSKOOP MERKEZ;8680001160556;ŞİMŞEK ECZANESİ;SAMSUN BAFRA;ACİDPASS;Acidpass 10/800/165 mg 12 Çiğneme Tablet;20;3;23;2.581;
05.08.2026;SELÇUK ECZA DEPOSU;SELÇUK SAMSUN;8680001381524;CAN ECZANESİ;ORDU BATI ILCELER;ACİDPASS;Acidpass 10/800/165 mg 12 Çiğneme Tablet;2;0;2;224;
05.08.2026;SELÇUK ECZA DEPOSU;SELÇUK SAMSUN;8680001649273;ELİF ECZANESİ;ORDU FATSA;ACİDPASS;Acidpass 10/800/165 mg 12 Çiğneme Tablet;5;0;5;561;
05.08.2026;SELÇUK ECZA DEPOSU;SELÇUK SAMSUN;8680001113972;DİKBIYIK ECZANESİ;SAMSUN DOGU ILCELER - 2;ACİDPASS;Acidpass 10/800/165 mg 12 Çiğneme Tablet;20;3;23;2.581;
05.08.2026;SELÇUK ECZA DEPOSU;SELÇUK SAMSUN;8680001197101;GONCA ECZANESİ;TOKAT MERKEZ -1;ACİDPASS;Acidpass 10/800/165 mg 12 Çiğneme Tablet;20;3;23;2.581;
05.08.2026;SELÇUK ECZA DEPOSU;SELÇUK SAMSUN;8680001116263;İNCİ ECZANESİ;SINOP MERKEZ;ACİDPASS;Acidpass 10/800/165 mg 12 Çiğneme Tablet;10;1;11;1.235;
05.08.2026;SELÇUK ECZA DEPOSU;SELÇUK SAMSUN;8680001338344;BOSTANCI ECZANESİ;CORUM MERKEZ -3;ACİDPASS;Acidpass 10/800/165 mg 12 Çiğneme Tablet;20;3;23;2.581;
05.08.2026;SELÇUK ECZA DEPOSU;SELÇUK ERZURUM;8680001489763;ÇAKIR SEVEN ECZANESİ;ERZINCAN MERKEZ;ACİDPASS;Acidpass 10/800/165 mg 12 Çiğneme Tablet;50;15;65;7.295;
05.08.2026;SELÇUK ECZA DEPOSU;SELÇUK ERZURUM;8680001430291;KAYAKYOLU ECZANESİ;ERZURUM MERKEZ -3;ACİDPASS;Acidpass 10/800/165 mg 12 Çiğneme Tablet;10;1;11;1.235;
05.08.2026;SELÇUK ECZA DEPOSU;SELÇUK ERZURUM;8680001747986;ŞİFA ECZANESİ;ERZINCAN MERKEZ;ACİDPASS;Acidpass 10/800/165 mg 12 Çiğneme Tablet;20;3;23;2.581;
05.08.2026;SELÇUK ECZA DEPOSU;SELÇUK ERZURUM;8680001660728;ŞEBNEM ECZANESİ;ERZINCAN MERKEZ;ACİDPASS;Acidpass 10/800/165 mg 12 Çiğneme Tablet;20;3;23;2.581;
05.08.2026;SELÇUK ECZA DEPOSU;SELÇUK TRABZON;8680001736942;UNAT ECZANESI;GIRESUN DOGU ILCELER -1;ACİDPASS;Acidpass 10/800/165 mg 12 Çiğneme Tablet;10;1;11;1.235;
05.08.2026;SELÇUK ECZA DEPOSU;SELÇUK TRABZON;8680001203635;ÇOTANAK ECZANESİ;GIRESUN MERKEZ -1;ACİDPASS;Acidpass 10/800/165 mg 12 Çiğneme Tablet;20;3;23;2.581;
05.08.2026;SELÇUK ECZA DEPOSU;SELÇUK TRABZON;8680001810734;ÜNLÜ ECZANESİ;TRABZON MERKEZ -3;ACİDPASS;Acidpass 10/800/165 mg 12 Çiğneme Tablet;20;3;23;2.581;
05.08.2026;SELÇUK ECZA DEPOSU;SELÇUK TRABZON;8680001100965;İSMAİLOĞLU ECZANESİ;RIZE MERKEZ;ACİDPASS;Acidpass 10/800/165 mg 12 Çiğneme Tablet;20;3;23;2.581;
05.08.2026;SELÇUK ECZA DEPOSU;SELÇUK TRABZON;8680001202317;PINAR ECZANESİ;TRABZON DUZKOY+MACKA;ACİDPASS;Acidpass 10/800/165 mg 12 Çiğneme Tablet;100;35;135;15.152;
05.08.2026;SELÇUK ECZA DEPOSU;SELÇUK TRABZON;8680001658428;CEM ECZANESİ;GIRESUN MERKEZ -2;ACİDPASS;Acidpass 10/800/165 mg 12 Çiğneme Tablet;20;3;23;2.581;
05.08.2026;SELÇUK ECZA DEPOSU;SELÇUK TRABZON;8680001515240;GİZEM ECZANESİ;GIRESUN MERKEZ -2;ACİDPASS;Acidpass 10/800/165 mg 12 Çiğneme Tablet;20;3;23;2.581;
05.08.2026;SELÇUK ECZA DEPOSU;SELÇUK TRABZON;8680001601448;SARAY ECZANESİ;GIRESUN MERKEZ -2;ACİDPASS;Acidpass 10/800/165 mg 12 Çiğneme Tablet;20;3;23;2.581;
05.08.2026;SELÇUK ECZA DEPOSU;SELÇUK TRABZON;8680001165186;BEKTAŞOĞLU ECZANESİ;GIRESUN MERKEZ -1;ACİDPASS;Acidpass 10/800/165 mg 12 Çiğneme Tablet;10;1;11;1.235;
05.08.2026;SELÇUK ECZA DEPOSU;SELÇUK TRABZON;8680001167265;FERİDUNOĞLU ECZANESİ;GIRESUN MERKEZ -1;ACİDPASS;Acidpass 10/800/165 mg 12 Çiğneme Tablet;50;15;65;7.295;
05.08.2026;SELÇUK ECZA DEPOSU;SELÇUK TRABZON;8680001754083;SOYDAŞ ECZANESİ;GUMUSHANE;ACİDPASS;Acidpass 10/800/165 mg 12 Çiğneme Tablet;10;1;11;1.235;
05.08.2026;SELÇUK ECZA DEPOSU;SELÇUK TRABZON;8680001116782;ÇAYELİ ECZANESİ;RIZE BATI ILCELER;ACİDPASS;Acidpass 10/800/165 mg 12 Çiğneme Tablet;50;15;65;7.295;
05.08.2026;SELÇUK ECZA DEPOSU;SELÇUK TRABZON;8680001274529;ÇAĞLA ECZANESİ;TRABZON MERKEZ -3;ACİDPASS;Acidpass 10/800/165 mg 12 Çiğneme Tablet;10;1;11;1.235;
05.08.2026;SELÇUK ECZA DEPOSU;SELÇUK TRABZON;8680001275670;SAĞLAM ECZANESİ;TRABZON MERKEZ -1;ACİDPASS;Acidpass 10/800/165 mg 12 Çiğneme Tablet;5;0;5;561;
05.08.2026;SELÇUK ECZA DEPOSU;SELÇUK TRABZON;8680001112074;YENİ ECZANE;RIZE MERKEZ;ACİDPASS;Acidpass 10/800/165 mg 12 Çiğneme Tablet;20;3;23;2.581;
05.08.2026;SELÇUK ECZA DEPOSU;SELÇUK ERZURUM;8680001415489;AĞRI ECZANESİ;AGRI MERKEZ;ACİDPASS;Acidpass 10/800/165 mg 12 Çiğneme Tablet;3;0;3;337;
05.08.2026;SELÇUK ECZA DEPOSU;SELÇUK ERZURUM;8680001706594;EMRE ECZANESİ;ERZURUM MERKEZ -3;ACİDPASS;Acidpass 10/800/165 mg 12 Çiğneme Tablet;20;3;23;2.581;
05.08.2026;SELÇUK ECZA DEPOSU;SELÇUK ERZURUM;8680001117611;YENİ BÖLGE ECZANESİ;ERZURUM MERKEZ -3;ACİDPASS;Acidpass 10/800/165 mg 12 Çiğneme Tablet;20;3;23;2.581;
05.08.2026;SELÇUK ECZA DEPOSU;SELÇUK SAMSUN;8680001488308;DEMET ERKAN ECZANESİ;TOKAT MERKEZ -1;ACİDPASS;Acidpass 10/800/165 mg 12 Çiğneme Tablet;20;3;23;2.581;
05.08.2026;SELÇUK ECZA DEPOSU;SELÇUK TRABZON;8680001275816;YENİ KÖPRÜBAŞI ECZANESİ;TRABZON K.BASI+SURMENE;ACİDPASS;Acidpass 10/800/165 mg 12 Çiğneme Tablet;20;3;23;2.581;
05.08.2026;SELÇUK ECZA DEPOSU;SELÇUK TRABZON;8680001185917;MELİS ECZANESİ;GIRESUN BULANCAK+PIRAZIZ;ACİDPASS;Acidpass 10/800/165 mg 12 Çiğneme Tablet;10;1;11;1.235;
05.08.2026;SELÇUK ECZA DEPOSU;SELÇUK TRABZON;8680001215669;ARSLAN ECZANESİ;GIRESUN BULANCAK+PIRAZIZ;ACİDPASS;Acidpass 10/800/165 mg 12 Çiğneme Tablet;20;3;23;2.581;
05.08.2026;SELÇUK ECZA DEPOSU;SELÇUK TRABZON;8680001170579;DERELİ ECZANESİ;GIRESUN GUNEY ILCELER;ACİDPASS;Acidpass 10/800/165 mg 12 Çiğneme Tablet;50;15;65;7.295;
05.08.2026;SELÇUK ECZA DEPOSU;SELÇUK TRABZON;8680001418619;İNANIR ECZANESİ;TRABZON MERKEZ -3;ACİDPASS;Acidpass 10/800/165 mg 12 Çiğneme Tablet;10;1;11;1.235;
05.08.2026;SELÇUK ECZA DEPOSU;SELÇUK TRABZON;8680001170722;ŞENLİKOĞLU ECZANESİ;GIRESUN GUNEY ILCELER;ACİDPASS;Acidpass 10/800/165 mg 12 Çiğneme Tablet;10;1;11;1.235;
05.08.2026;SELÇUK ECZA DEPOSU;SELÇUK TRABZON;8680001714575;ŞAHİN ECZANESİ;GIRESUN BULANCAK+PIRAZIZ;ACİDPASS;Acidpass 10/800/165 mg 12 Çiğneme Tablet;10;1;11;1.235;
05.08.2026;SELÇUK ECZA DEPOSU;SELÇUK TRABZON;8680001865277;ALEMDAR ECZANESİ;TRABZON MERKEZ -1;ACİDPASS;Acidpass 10/800/165 mg 12 Çiğneme Tablet;10;1;11;1.235;
05.08.2026;SELÇUK ECZA DEPOSU;SELÇUK TRABZON;8680001377008;YURDUM ECZANESİ;TRABZON MERKEZ -4;ACİDPASS;Acidpass 10/800/165 mg 12 Çiğneme Tablet;20;3;23;2.581;
05.08.2026;SELÇUK ECZA DEPOSU;SELÇUK TRABZON;8680001713349;AKOLUK ECZANESİ;TRABZON MERKEZ -3;ACİDPASS;Acidpass 10/800/165 mg 12 Çiğneme Tablet;100;35;135;15.152;
05.08.2026;SELÇUK ECZA DEPOSU;SELÇUK SAMSUN;8680001156726;GERÇEKER ECZANESİ;ORDU UNYE;ACİDPASS;Acidpass 10/800/165 mg 12 Çiğneme Tablet;2;0;2;224;
05.08.2026;SELÇUK ECZA DEPOSU;SELÇUK SAMSUN;8680001263066;LAÇİN ECZANESİ;SINOP MERKEZ;ACİDPASS;Acidpass 10/800/165 mg 12 Çiğneme Tablet;3;0;3;337;
05.08.2026;SELÇUK ECZA DEPOSU;SELÇUK SAMSUN;8680001338399;ÖNAL ECZANESİ;CORUM MERKEZ -2;ACİDPASS;Acidpass 10/800/165 mg 12 Çiğneme Tablet;10;1;11;1.235;
05.08.2026;SELÇUK ECZA DEPOSU;SELÇUK SAMSUN;8680001450916;YILDIZ ECZANESİ;ORDU FATSA;ACİDPASS;Acidpass 10/800/165 mg 12 Çiğneme Tablet;50;15;65;7.295;
05.08.2026;SELÇUK ECZA DEPOSU;SELÇUK SAMSUN;8680001113408;BAYEZIT ECZANESİ;AMASYA MERKEZ -2;ACİDPASS;Acidpass 10/800/165 mg 12 Çiğneme Tablet;3;0;3;337;
05.08.2026;İSTANBUL ECZA KOOP;İSKOOP MERKEZ;8680001600809;GÜNEY ECZANESİ;SAMSUN CANIK;ACİDPASS;Acidpass 10/800/165 mg 12 Çiğneme Tablet;10;1;11;1.235;
05.08.2026;SELÇUK ECZA DEPOSU;SELÇUK ERZURUM;8680001108930;BAYSAL ECZANESİ;ERZURUM MERKEZ -1;FAMTREC;Famtrec 800/26,6mg 14 Film Kaplı Tablet;2;0;2;204;
05.08.2026;SELÇUK ECZA DEPOSU;SELÇUK ERZURUM;8680001747986;ŞİFA ECZANESİ;ERZINCAN MERKEZ;FAMTREC;Famtrec 800/26,6mg 14 Film Kaplı Tablet;1;0;1;102;
05.08.2026;SELÇUK ECZA DEPOSU;SELÇUK ERZURUM;8680001119646;UÇAR ECZANESİ;ERZURUM MERKEZ -2;FAMTREC;Famtrec 800/26,6mg 14 Film Kaplı Tablet;5;1;6;613;
05.08.2026;SELÇUK ECZA DEPOSU;SELÇUK ERZURUM;8680001112661;HİLALKENT ECZANESİ;ERZURUM MERKEZ -1;FAMTREC;Famtrec 800/26,6mg 14 Film Kaplı Tablet;5;1;6;613;
05.08.2026;SELÇUK ECZA DEPOSU;SELÇUK ERZURUM;8680001717484;EBRULİ ECZANESİ;ERZURUM MERKEZ -2;FAMTREC;Famtrec 800/26,6mg 14 Film Kaplı Tablet;2;0;2;204;
05.08.2026;SELÇUK ECZA DEPOSU;SELÇUK TRABZON;8680001410958;KAYA ECZANESİ;TRABZON MERKEZ -4;FAMTREC;Famtrec 800/26,6mg 14 Film Kaplı Tablet;1;0;1;102;
05.08.2026;SELÇUK ECZA DEPOSU;SELÇUK SAMSUN;8680001740581;AYŞENUR ECZANESİ;ORDU FATSA;FAMTREC;Famtrec 800/26,6mg 30 Film Kaplı Tablet;1;0;1;219;
05.08.2026;İSTANBUL ECZA KOOP;İSKOOP MERKEZ;8680001600809;GÜNEY ECZANESİ;SAMSUN CANIK;GRİPORT COLD;Griport Cold 20 Film Kaplı Tablet;1;0;1;84;
05.08.2026;İSTANBUL ECZA KOOP;İSKOOP MERKEZ;8680001702251;DAMLA ECZANESİ;AMASYA MERKEZ -2;GRİPORT COLD;Griport Cold 20 Film Kaplı Tablet;2;0;2;168;
05.08.2026;SELÇUK ECZA DEPOSU;SELÇUK SAMSUN;8680001488490;ALTUNDAĞ ECZANESİ;SAMSUN HAVZA+KAVAK+LADIK;MOKSEFEN;Moksefen 400 mg 7 Film Tablet;20;6;26;3.874;
05.08.2026;SELÇUK ECZA DEPOSU;SELÇUK ERZURUM;8680001566983;CADDE ECZANESİ;ERZURUM MERKEZ -3;MOKSEFEN;Moksefen 400 mg 7 Film Tablet;1;0;1;149;
05.08.2026;SELÇUK ECZA DEPOSU;SELÇUK TRABZON;8680001597697;YAŞAM ECZANESİ;TRABZON MERKEZ -1;MOKSEFEN;Moksefen 400 mg 7 Film Tablet;5;1;6;894;
05.08.2026;SELÇUK ECZA DEPOSU;SELÇUK TRABZON;8680001275670;SAĞLAM ECZANESİ;TRABZON MERKEZ -1;MOKSEFEN;Moksefen 400 mg 7 Film Tablet;5;1;6;894;
05.08.2026;SELÇUK ECZA DEPOSU;SELÇUK TRABZON;8680001748716;EZGI ECZANESİ;RIZE MERKEZ;MOKSEFEN;Moksefen 400 mg 7 Film Tablet;5;1;6;894;
05.08.2026;SELÇUK ECZA DEPOSU;SELÇUK TRABZON;8680001932153;MORDUT ECZANESİ;GUMUSHANE;MOKSEFEN;Moksefen 400 mg 7 Film Tablet;30;15;45;6.705;
05.08.2026;SELÇUK ECZA DEPOSU;SELÇUK SAMSUN;8680001503995;UĞUR ECZANESİ;ORDU BATI ILCELER;MOKSEFEN;Moksefen 400 mg 7 Film Tablet;30;15;45;6.705;
05.08.2026;SELÇUK ECZA DEPOSU;SELÇUK SAMSUN;8680001277759;TOPALOĞLU ECZANESİ;ORDU FATSA;MOKSEFEN;Moksefen 400 mg 7 Film Tablet;30;15;45;6.705;
05.08.2026;SELÇUK ECZA DEPOSU;SELÇUK SAMSUN;8680001157792;GÜNDOĞDU ECZANESİ;ORDU MERKEZ -3;MOKSEFEN;Moksefen 400 mg 7 Film Tablet;1;0;1;149;
05.08.2026;SELÇUK ECZA DEPOSU;SELÇUK SAMSUN;8680001153671;GÖZDE ECZANESİ;CORUM KUZEY ILCELER;MOKSEFEN;Moksefen 400 mg 7 Film Tablet;5;1;6;894;
05.08.2026;SELÇUK ECZA DEPOSU;SELÇUK TRABZON;8680001714575;ŞAHİN ECZANESİ;GIRESUN BULANCAK+PIRAZIZ;MOKSEFEN;Moksefen 400 mg 7 Film Tablet;5;1;6;894;
05.08.2026;SELÇUK ECZA DEPOSU;SELÇUK TRABZON;8680001453931;LOKMAN HEKİM ECZANESİ;RIZE MERKEZ;MOKSEFEN;Moksefen 400 mg 7 Film Tablet;30;15;45;6.705;
05.08.2026;SELÇUK ECZA DEPOSU;SELÇUK SAMSUN;8680001709571;LOTUS ECZANESİ;ORDU DOGU ILCELER;MOKSEFEN;Moksefen 400 mg 7 Film Tablet;-4;-2;-6;-894;
05.08.2026;SELÇUK ECZA DEPOSU;SELÇUK SAMSUN;8680001142897;ŞİFA ECZANESİ;SAMSUN ATAKENT+19 MAYIS;MOKSEFEN;Moksefen 400 mg 7 Film Tablet;30;15;45;6.705;
05.08.2026;SELÇUK ECZA DEPOSU;SELÇUK SAMSUN;8680001530649;MİMAR SİNAN ECZANESİ;SAMSUN ATAKUM;MOKSEFEN;Moksefen 400 mg 7 Film Tablet;10;3;13;1.937;
05.08.2026;SELÇUK ECZA DEPOSU;SELÇUK SAMSUN;8680001260034;DOKUZ EYLÜL ECZANESİ;SAMSUN RASATHANE;MOKSEFEN;Moksefen 400 mg 7 Film Tablet;30;15;45;6.705;
05.08.2026;SELÇUK ECZA DEPOSU;SELÇUK SAMSUN;8680001521111;YENİ ECZANESİ;SAMSUN VEZIRKOPRU;MOKSEFEN;Moksefen 400 mg 7 Film Tablet;5;1;6;894;
05.08.2026;SELÇUK ECZA DEPOSU;SELÇUK TRABZON;8680001738922;MERKEZ ECZANESİ;RIZE DOGU ILCELER;MOKSEFEN;Moksefen 400 mg 7 Film Tablet;60;30;90;13.410;
05.08.2026;SELÇUK ECZA DEPOSU;SELÇUK ERZURUM;8680001459056;GÜVEN ECZANESİ;AGRI MERKEZ;MOKSEFEN;Moksefen 400 mg 7 Film Tablet;1;0;1;149;
05.08.2026;SELÇUK ECZA DEPOSU;SELÇUK TRABZON;8680001474653;ÇATAK ECZANESİ;TRABZON MERKEZ -1;MOKSEFEN;Moksefen 400 mg 7 Film Tablet;30;15;45;6.705;
05.08.2026;SELÇUK ECZA DEPOSU;SELÇUK TRABZON;8680001472710;ŞEBİN ECZANESİ;GIRESUN GUNEY ILCELER;MOKSEFEN;Moksefen 400 mg 7 Film Tablet;30;15;45;6.705;
05.08.2026;SELÇUK ECZA DEPOSU;SELÇUK TRABZON;8680001277209;TONYA ECZANESİ;TRABZON BATI ILCELER - 2;MOKSEFEN;Moksefen 400 mg 7 Film Tablet;10;3;13;1.937;
05.08.2026;SELÇUK ECZA DEPOSU;SELÇUK SAMSUN;8680001381524;CAN ECZANESİ;ORDU BATI ILCELER;MOKSEFEN;Moksefen 400 mg 7 Film Tablet;30;15;45;6.705;
05.08.2026;SELÇUK ECZA DEPOSU;SELÇUK TRABZON;8680001749447;DENİZ ECZANESİ;ARTVIN MERKEZ+DOGU+GUNEY;PANOCER;Panocer 40 mg 14 Enterik Kaplı Tablet;2;0;2;162;
05.08.2026;ALLIANCE HEALTHCARE;AH ERZURUM;8680001111923;ELEŞKİRT ECZANESİ;AGRI ILCELER;PANOCER;Panocer 40 mg 14 Enterik Kaplı Tablet;10;3;13;1.052;
05.08.2026;ALLIANCE HEALTHCARE;AH ERZURUM;8680001453467;FATİH ECZANESİ;ERZURUM GUNEY ILCELER;PANOCER;Panocer 40 mg 14 Enterik Kaplı Tablet;2;0;2;162;
05.08.2026;ALLIANCE HEALTHCARE;AH ERZURUM;8680001114122;YILDIZ ECZANESİ;ERZURUM GUNEY ILCELER;PANOCER;Panocer 40 mg 14 Enterik Kaplı Tablet;2;0;2;162;
05.08.2026;ALLIANCE HEALTHCARE;AH ERZURUM;8680001239009;BURAK ECZANESİ;ERZINCAN MERKEZ;PANOCER;Panocer 40 mg 14 Enterik Kaplı Tablet;10;3;13;1.052;
05.08.2026;SELÇUK ECZA DEPOSU;SELÇUK TRABZON;8680001120406;YALI ECZANESİ;RIZE MERKEZ;PANOCER;Panocer 40 mg 14 Enterik Kaplı Tablet;10;3;13;1.052;
05.08.2026;SELÇUK ECZA DEPOSU;SELÇUK TRABZON;8680001120406;YALI ECZANESİ;RIZE MERKEZ;PANOCER;Panocer 40 mg 14 Enterik Kaplı Tablet;3;0;3;243;
05.08.2026;SELÇUK ECZA DEPOSU;SELÇUK SAMSUN;8680001503001;ÇINAR ECZANESİ;SAMSUN BAFRA;PANOCER;Panocer 40 mg 14 Enterik Kaplı Tablet;5;0;5;405;
05.08.2026;SELÇUK ECZA DEPOSU;SELÇUK SAMSUN;8680001199648;EMEK ECZANESİ;TOKAT BATI ILCELER;PANOCER;Panocer 40 mg 28 Enterik Kaplı Tablet;165;135;300;31.594;
05.08.2026;SELÇUK ECZA DEPOSU;SELÇUK SAMSUN;8680001178933;BİZİM ECZANESİ;TOKAT TURHAL;PANOCER;Panocer 40 mg 28 Enterik Kaplı Tablet;10;3;13;1.369;
05.08.2026;SELÇUK ECZA DEPOSU;SELÇUK SAMSUN;8680001556984;YAŞAM ECZANESİ;AMASYA MERZIFON;PANOCER;Panocer 40 mg 28 Enterik Kaplı Tablet;30;12;42;4.423;
05.08.2026;SELÇUK ECZA DEPOSU;SELÇUK SAMSUN;8680001137411;ÇINAR ECZANESİ;SAMSUN ADALET;PANOCER;Panocer 40 mg 28 Enterik Kaplı Tablet;2;0;2;211;
05.08.2026;SELÇUK ECZA DEPOSU;SELÇUK SAMSUN;8680001488490;ALTUNDAĞ ECZANESİ;SAMSUN HAVZA+KAVAK+LADIK;PANOCER;Panocer 40 mg 28 Enterik Kaplı Tablet;30;12;42;4.423;
05.08.2026;SELÇUK ECZA DEPOSU;SELÇUK SAMSUN;8680001789078;BETÜL ECZANESİ;TOKAT DOGU ILCELER;PANOCER;Panocer 40 mg 28 Enterik Kaplı Tablet;165;135;300;31.594;
05.08.2026;SELÇUK ECZA DEPOSU;SELÇUK TRABZON;8680001932153;MORDUT ECZANESİ;GUMUSHANE;PANOCER;Panocer 40 mg 28 Enterik Kaplı Tablet;100;60;160;16.850;
05.08.2026;SELÇUK ECZA DEPOSU;SELÇUK TRABZON;8680001518326;AKYILDIZ ECZANESİ;GIRESUN MERKEZ -2;PANOCER;Panocer 40 mg 28 Enterik Kaplı Tablet;100;60;160;16.850;
05.08.2026;SELÇUK ECZA DEPOSU;SELÇUK TRABZON;8680001500086;YAĞIZ ECZANESİ;TRABZON MERKEZ -3;PANOCER;Panocer 40 mg 28 Enterik Kaplı Tablet;10;3;13;1.369;
05.08.2026;SELÇUK ECZA DEPOSU;SELÇUK TRABZON;8680001340095;ARDA ECZANESİ;TRABZON MERKEZ -3;PANOCER;Panocer 40 mg 28 Enterik Kaplı Tablet;30;12;42;4.423;
05.08.2026;SELÇUK ECZA DEPOSU;SELÇUK TRABZON;8680001112869;OZAN ECZANESİ;ARTVIN MERKEZ+DOGU+GUNEY;PANOCER;Panocer 40 mg 28 Enterik Kaplı Tablet;165;135;300;31.594;
05.08.2026;SELÇUK ECZA DEPOSU;SELÇUK TRABZON;8680001265886;TURAN ECZANESİ;TRABZON MERKEZ -4;PANOCER;Panocer 40 mg 28 Enterik Kaplı Tablet;10;3;13;1.369;
05.08.2026;SELÇUK ECZA DEPOSU;SELÇUK TRABZON;8680001454020;DEVA ECZANESİ;GIRESUN BULANCAK+PIRAZIZ;PANOCER;Panocer 40 mg 28 Enterik Kaplı Tablet;10;3;13;1.369;
05.08.2026;SELÇUK ECZA DEPOSU;SELÇUK TRABZON;8680001204960;SAĞLIK ECZANESİ;TRABZON DOGU ILCELER -1;PANOCER;Panocer 40 mg 28 Enterik Kaplı Tablet;50;25;75;7.898;
05.08.2026;SELÇUK ECZA DEPOSU;SELÇUK SAMSUN;8680001706730;YILMAZ ECZANESİ;AMASYA ILCELER;PANOCER;Panocer 40 mg 28 Enterik Kaplı Tablet;50;25;75;7.898;
05.08.2026;SELÇUK ECZA DEPOSU;SELÇUK SAMSUN;8680001151431;KÜBRA ECZANESİ;SIVAS MERKEZ -2;PANOCER;Panocer 40 mg 28 Enterik Kaplı Tablet;10;3;13;1.369;
05.08.2026;SELÇUK ECZA DEPOSU;SELÇUK SAMSUN;8680001186365;ÜNİVERSİTE ASLI ECZANESİ;TOKAT MERKEZ -1;PANOCER;Panocer 40 mg 28 Enterik Kaplı Tablet;165;135;300;31.594;
05.08.2026;SELÇUK ECZA DEPOSU;SELÇUK SAMSUN;8680001120871;YAŞAM ECZANESİ;SINOP DOGU-BATI ILCELER;PANOCER;Panocer 40 mg 28 Enterik Kaplı Tablet;10;3;13;1.369;
05.08.2026;SELÇUK ECZA DEPOSU;SELÇUK SAMSUN;8680001676798;SİNEM ECZANESİ;SAMSUN CANIK;PANOCER;Panocer 40 mg 28 Enterik Kaplı Tablet;10;3;13;1.369;
05.08.2026;SELÇUK ECZA DEPOSU;SELÇUK TRABZON;8680001631124;PERA ECZANESI;RIZE DOGU ILCELER;PANOCER;Panocer 40 mg 28 Enterik Kaplı Tablet;10;3;13;1.369;
05.08.2026;SELÇUK ECZA DEPOSU;SELÇUK TRABZON;8680001857609;HALİDE ECZANESİ;GUMUSHANE;PANOCER;Panocer 40 mg 28 Enterik Kaplı Tablet;100;60;160;16.850;
05.08.2026;SELÇUK ECZA DEPOSU;SELÇUK SAMSUN;8680001649273;ELİF ECZANESİ;ORDU FATSA;PANOCER;Panocer 40 mg 28 Enterik Kaplı Tablet;10;3;13;1.369;
05.08.2026;SELÇUK ECZA DEPOSU;SELÇUK TRABZON;8680001257065;YAZICI ECZANESİ;TRABZON MERKEZ -4;PANOCER;Panocer 40 mg 28 Enterik Kaplı Tablet;30;12;42;4.423;
05.08.2026;SELÇUK ECZA DEPOSU;SELÇUK TRABZON;8680001114146;UMUT ECZANESİ;ARTVIN MERKEZ+DOGU+GUNEY;PANOCER;Panocer 40 mg 28 Enterik Kaplı Tablet;100;60;160;16.850;
05.08.2026;SELÇUK ECZA DEPOSU;SELÇUK TRABZON;8680001752270;YAREN ECZANESİ;GUMUSHANE;PANOCER;Panocer 40 mg 28 Enterik Kaplı Tablet;30;12;42;4.423;
05.08.2026;SELÇUK ECZA DEPOSU;SELÇUK ERZURUM;8680001387076;DERMAN ECZANESİ;AGRI ILCELER;PANOCER;Panocer 40 mg 28 Enterik Kaplı Tablet;30;12;42;4.423;
05.08.2026;SELÇUK ECZA DEPOSU;SELÇUK TRABZON;8680001714575;ŞAHİN ECZANESİ;GIRESUN BULANCAK+PIRAZIZ;PANOCER;Panocer 40 mg 28 Enterik Kaplı Tablet;10;3;13;1.369;
05.08.2026;SELÇUK ECZA DEPOSU;SELÇUK ERZURUM;8680001566983;CADDE ECZANESİ;ERZURUM MERKEZ -3;PANOCER;Panocer 40 mg 28 Enterik Kaplı Tablet;2;0;2;211;
05.08.2026;SELÇUK ECZA DEPOSU;SELÇUK SAMSUN;8680001166107;KOÇAK ECZANESİ;ORDU MERKEZ -3;PANOCER;Panocer 40 mg 28 Enterik Kaplı Tablet;165;135;300;31.594;
05.08.2026;SELÇUK ECZA DEPOSU;SELÇUK SAMSUN;8680001197101;GONCA ECZANESİ;TOKAT MERKEZ -1;PANOCER;Panocer 40 mg 28 Enterik Kaplı Tablet;165;135;300;31.594;
05.08.2026;İSTANBUL ECZA KOOP;İSKOOP MERKEZ;8680001160556;ŞİMŞEK ECZANESİ;SAMSUN BAFRA;PANOCER;Panocer 40 mg 28 Enterik Kaplı Tablet;30;12;42;4.423;
05.08.2026;İSTANBUL ECZA KOOP;İSKOOP MERKEZ;8680001807222;BALCI ECZANESİ;AMASYA ILCELER;PANOCER;Panocer 40 mg 28 Enterik Kaplı Tablet;30;12;42;4.423;
05.08.2026;ALLIANCE HEALTHCARE;AH SAMSUN;8680001648160;GÜLFER ECZANESİ;AMASYA MERZIFON;PANOCER;Panocer 40 mg 28 Enterik Kaplı Tablet;100;60;160;16.850;
05.08.2026;ALLIANCE HEALTHCARE;AH SAMSUN;8680001718313;ARSLAN ECZANESİ;TOKAT ERBAA;PANOCER;Panocer 40 mg 28 Enterik Kaplı Tablet;165;135;300;31.594;
05.08.2026;ALLIANCE HEALTHCARE;AH SAMSUN;8680001121304;MÜJDE ECZANESİ;AMASYA MERKEZ -1;PANOCER;Panocer 40 mg 28 Enterik Kaplı Tablet;10;3;13;1.369;
05.08.2026;ALLIANCE HEALTHCARE;AH SAMSUN;8680001144747;UYSAL ECZANESİ;CORUM MERKEZ -3;PANOCER;Panocer 40 mg 28 Enterik Kaplı Tablet;30;12;42;4.423;
05.08.2026;ALLIANCE HEALTHCARE;AH SAMSUN;8680001103645;AMASYA ECZANESİ;SAMSUN ATAKENT+19 MAYIS;PANOCER;Panocer 40 mg 28 Enterik Kaplı Tablet;10;3;13;1.369;
05.08.2026;ALLIANCE HEALTHCARE;AH SAMSUN;8680001601097;YAŞAM ECZANESİ;TOKAT ERBAA;PANOCER;Panocer 40 mg 28 Enterik Kaplı Tablet;1;0;1;105;
05.08.2026;ALLIANCE HEALTHCARE;AH SAMSUN;8680001758326;KOZLUK ECZANESİ;SAMSUN TERME;PANOCER;Panocer 40 mg 28 Enterik Kaplı Tablet;30;12;42;4.423;
05.08.2026;ALLIANCE HEALTHCARE;AH TRABZON;8680001115075;DEMİR ECZANESİ;ARTVIN MERKEZ+DOGU+GUNEY;PANOCER;Panocer 40 mg 28 Enterik Kaplı Tablet;50;25;75;7.898;
05.08.2026;ALLIANCE HEALTHCARE;AH TRABZON;8680001116669;ÇOMOĞLU ECZANESİ;RIZE BATI ILCELER;PANOCER;Panocer 40 mg 28 Enterik Kaplı Tablet;50;25;75;7.898;
05.08.2026;ALLIANCE HEALTHCARE;AH TRABZON;8680001500017;İBNİ SİNA ECZANESİ;RIZE MERKEZ;PANOCER;Panocer 40 mg 28 Enterik Kaplı Tablet;30;12;42;4.423;
05.08.2026;ALLIANCE HEALTHCARE;AH TRABZON;8680001259762;ZEHRAGÜL ECZANESİ;TRABZON MERKEZ -2;PANOCER;Panocer 40 mg 28 Enterik Kaplı Tablet;10;3;13;1.369;
05.08.2026;ALLIANCE HEALTHCARE;AH SAMSUN;8680001423231;HÜLYA ECZANESİ;SAMSUN TERME;PANOCER;Panocer 40 mg 28 Enterik Kaplı Tablet;165;135;300;31.594;
05.08.2026;ALLIANCE HEALTHCARE;AH TRABZON;8680001200016;ÖZTÜRK ECZANESİ;GUMUSHANE;PANOCER;Panocer 40 mg 28 Enterik Kaplı Tablet;50;25;75;7.898;
05.08.2026;ALLIANCE HEALTHCARE;AH TRABZON;8680001522439;YAŞAM ECZANESİ;GUMUSHANE;PANOCER;Panocer 40 mg 28 Enterik Kaplı Tablet;30;12;42;4.423;
05.08.2026;ALLIANCE HEALTHCARE;AH TRABZON;8680001224173;KOÇHAN ECZANESİ;TRABZON DUZKOY+MACKA;PANOCER;Panocer 40 mg 28 Enterik Kaplı Tablet;10;3;13;1.369;
05.08.2026;ALLIANCE HEALTHCARE;AH TRABZON;8680001175291;VERESELİ KARACA ECZANESİ;GUMUSHANE;PANOCER;Panocer 40 mg 28 Enterik Kaplı Tablet;165;135;300;31.594;
05.08.2026;ALLIANCE HEALTHCARE;AH TRABZON;8680001172221;YALÇIN ECZANESİ;GUMUSHANE;PANOCER;Panocer 40 mg 28 Enterik Kaplı Tablet;165;135;300;31.594;
05.08.2026;ALLIANCE HEALTHCARE;AH TRABZON;8680001116669;ÇOMOĞLU ECZANESİ;RIZE BATI ILCELER;PANOCER;Panocer 40 mg 28 Enterik Kaplı Tablet;50;25;75;7.898;
05.08.2026;ALLIANCE HEALTHCARE;AH TRABZON;8680001796229;KIBRIS ECZANESİ;TRABZON MERKEZ -4;PANOCER;Panocer 40 mg 28 Enterik Kaplı Tablet;50;25;75;7.898;
05.08.2026;SELÇUK ECZA DEPOSU;SELÇUK ERZURUM;8680001460977;KÜBRA NAZIR ECZANESİ;ERZINCAN MERKEZ;PANOCER;Panocer 40 mg 28 Enterik Kaplı Tablet;50;25;75;7.898;
05.08.2026;ALLIANCE HEALTHCARE;AH ERZURUM;8680001683093;ERTUĞRULGAZİ ECZANESİ;ERZURUM MERKEZ -3;PANOCER;Panocer 40 mg 28 Enterik Kaplı Tablet;30;12;42;4.423;
05.08.2026;ALLIANCE HEALTHCARE;AH ERZURUM;8680001796465;ÇİĞDEM ECZANESİ;KARS ILCELER;PANOCER;Panocer 40 mg 28 Enterik Kaplı Tablet;10;3;13;1.369;
05.08.2026;ALLIANCE HEALTHCARE;AH ERZURUM;8680001526307;MURAT ECZANESİ;ERZINCAN MERKEZ;PANOCER;Panocer 40 mg 28 Enterik Kaplı Tablet;100;60;160;16.850;
05.08.2026;ALLIANCE HEALTHCARE;AH ERZURUM;8680001119226;ÜNLÜ ECZANESİ;ERZURUM MERKEZ -3;PANOCER;Panocer 40 mg 28 Enterik Kaplı Tablet;198;162;360;37.913;
05.08.2026;ALLIANCE HEALTHCARE;AH ERZURUM;8680001522156;YENİ ARI ECZANESİ;AGRI MERKEZ;PANOCER;Panocer 40 mg 28 Enterik Kaplı Tablet;100;60;160;16.850;
05.08.2026;ALLIANCE HEALTHCARE;AH ERZURUM;8680001120598;ZÜBEYDE ECZANESİ;ERZINCAN MERKEZ;PANOCER;Panocer 40 mg 28 Enterik Kaplı Tablet;165;135;300;31.594;
05.08.2026;ALLIANCE HEALTHCARE;AH ORDU;8680001185436;ŞAFAK ECZANESİ;GIRESUN DOGU ILCELER -2;PANOCER;Panocer 40 mg 28 Enterik Kaplı Tablet;20;6;26;2.738;
05.08.2026;ALLIANCE HEALTHCARE;AH ORDU;8680001165636;KAYAHAN ECZANESİ;ORDU MERKEZ -1;PANOCER;Panocer 40 mg 28 Enterik Kaplı Tablet;10;3;13;1.369;
05.08.2026;ALLIANCE HEALTHCARE;AH ORDU;8680001171354;ÇINARLAR ECZANESİ;GIRESUN MERKEZ -1;PANOCER;Panocer 40 mg 28 Enterik Kaplı Tablet;10;3;13;1.369;
05.08.2026;ALLIANCE HEALTHCARE;AH ORDU;8680001870776;ÖMER ECZANESİ;ORDU MERKEZ -2;PANOCER;Panocer 40 mg 28 Enterik Kaplı Tablet;30;12;42;4.423;
05.08.2026;ALLIANCE HEALTHCARE;AH ORDU;8680001255658;YILMAZ ECZANESİ;ORDU UNYE;PANOCER;Panocer 40 mg 28 Enterik Kaplı Tablet;30;12;42;4.423;
05.08.2026;İSTANBUL ECZA KOOP;İSKOOP MERKEZ;8680001729524;BARIŞ ECZANESİ;TOKAT TURHAL;PANOCER;Panocer 40 mg 28 Enterik Kaplı Tablet;50;25;75;7.898;
05.08.2026;İSTANBUL ECZA KOOP;İSKOOP MERKEZ;8680001143641;ŞİFA ECZANESİ;SAMSUN BAFRA;PANOCER;Panocer 40 mg 28 Enterik Kaplı Tablet;165;135;300;31.594;
05.08.2026;SELÇUK ECZA DEPOSU;SELÇUK TRABZON;8680001738922;MERKEZ ECZANESİ;RIZE DOGU ILCELER;PANOCER;Panocer 40 mg 28 Enterik Kaplı Tablet;165;135;300;31.594;
05.08.2026;SELÇUK ECZA DEPOSU;SELÇUK TRABZON;8680001418619;İNANIR ECZANESİ;TRABZON MERKEZ -3;PANOCER;Panocer 40 mg 28 Enterik Kaplı Tablet;3;0;3;316;
05.08.2026;SELÇUK ECZA DEPOSU;SELÇUK TRABZON;8680001117710;BAYRAKTAR ECZANESİ;ARTVIN KUZEY ILCELER;PANOCER;Panocer 40 mg 28 Enterik Kaplı Tablet;10;3;13;1.369;
05.08.2026;SELÇUK ECZA DEPOSU;SELÇUK TRABZON;8680001754083;SOYDAŞ ECZANESİ;GUMUSHANE;PANOCER;Panocer 40 mg 28 Enterik Kaplı Tablet;30;12;42;4.423;
05.08.2026;SELÇUK ECZA DEPOSU;SELÇUK TRABZON;8680001736942;UNAT ECZANESI;GIRESUN DOGU ILCELER -1;PANOCER;Panocer 40 mg 28 Enterik Kaplı Tablet;10;3;13;1.369;
05.08.2026;SELÇUK ECZA DEPOSU;SELÇUK TRABZON;8680001278008;HAKAN ECZANESİ;TRABZON MERKEZ -4;PANOCER;Panocer 40 mg 28 Enterik Kaplı Tablet;50;25;75;7.898;
05.08.2026;ALLIANCE HEALTHCARE;AH KAYSERİ;8680001376308;CAN ECZANESİ;SIVAS MERKEZ -2;PANOCER;Panocer 40 mg 28 Enterik Kaplı Tablet;10;3;13;1.369;
05.08.2026;ALLIANCE HEALTHCARE;AH KAYSERİ;8680001462650;BUKET ECZANESİ;SIVAS MERKEZ -4;PANOCER;Panocer 40 mg 28 Enterik Kaplı Tablet;100;60;160;16.850;
05.08.2026;SELÇUK ECZA DEPOSU;SELÇUK TRABZON;8680001251797;CENGİZHAN ECZANESİ;TRABZON BATI ILCELER - 2;PANOCER;Panocer 40 mg 28 Enterik Kaplı Tablet;10;3;13;1.369;
05.08.2026;SELÇUK ECZA DEPOSU;SELÇUK TRABZON;8680001648092;DENİZ ECZANESİ;TRABZON MERKEZ -4;PANOCER;Panocer 40 mg 28 Enterik Kaplı Tablet;50;25;75;7.898;
05.08.2026;SELÇUK ECZA DEPOSU;SELÇUK TRABZON;8680001170876;IŞIK ECZANESİ;GUMUSHANE;PANOCER;Panocer 40 mg 28 Enterik Kaplı Tablet;100;60;160;16.850;
05.08.2026;SELÇUK ECZA DEPOSU;SELÇUK TRABZON;8680001603299;IŞIL ECZANESİ;RIZE DOGU ILCELER;PANOCER;Panocer 40 mg 28 Enterik Kaplı Tablet;165;135;300;31.594;
05.08.2026;SELÇUK ECZA DEPOSU;SELÇUK ERZURUM;8680001503100;BEYZADE ECZANESİ;AGRI ILCELER;PANOCER;Panocer 40 mg 28 Enterik Kaplı Tablet;100;60;160;16.850;
05.08.2026;SELÇUK ECZA DEPOSU;SELÇUK SAMSUN;8680001447275;MUTLU ECZANESİ;SAMSUN ILKADIM - 2;PANOCER;Panocer 40 mg 28 Enterik Kaplı Tablet;50;25;75;7.898;
05.08.2026;SELÇUK ECZA DEPOSU;SELÇUK TRABZON;8680001116782;ÇAYELİ ECZANESİ;RIZE BATI ILCELER;PANOCER;Panocer 40 mg 28 Enterik Kaplı Tablet;50;25;75;7.898;
05.08.2026;SELÇUK ECZA DEPOSU;SELÇUK TRABZON;8680001186617;KÜRTÜN SİMGE ECZANESİ;GUMUSHANE;PANOCER;Panocer 40 mg 28 Enterik Kaplı Tablet;50;25;75;7.898;
05.08.2026;İSTANBUL ECZA KOOP;İSKOOP MERKEZ;8680001722259;YAMAN ECZANESİ;SAMSUN DOGU ILCELER;PANOCER;Panocer 40 mg 28 Enterik Kaplı Tablet;-10;-3;-13;-1.369;
05.08.2026;SELÇUK ECZA DEPOSU;SELÇUK TRABZON;8680001566860;CANDAN ECZANESİ;GIRESUN BULANCAK+PIRAZIZ;PANOCER;Panocer 40 mg 28 Enterik Kaplı Tablet;10;3;13;1.369;
05.08.2026;ALLIANCE HEALTHCARE;AH KAYSERİ;8680001470945;HİLAL ECZANESİ;SIVAS MERKEZ -2;PANOCER;Panocer 40 mg 28 Enterik Kaplı Tablet;-165;-135;-300;-31.594;
05.08.2026;SELÇUK ECZA DEPOSU;SELÇUK SAMSUN;8680001108183;DEĞİRMENBAŞI ECZANESİ;SAMSUN DOGU ILCELER - 2;PANOCER;Panocer 40 mg 28 Enterik Kaplı Tablet;50;25;75;7.898;
05.08.2026;SELÇUK ECZA DEPOSU;SELÇUK SAMSUN;8680001561193;BAHARDALİ ECZANESİ;TOKAT DOGU ILCELER;PANOCER;Panocer 40 mg 28 Enterik Kaplı Tablet;50;25;75;7.898;
06.08.2026;SELÇUK ECZA DEPOSU;SELÇUK SAMSUN;8680001881093;ÇAĞLA ECZANESİ;SAMSUN VEZIRKOPRU;ACİDPASS;Acidpass 10/800/165 mg 12 Çiğneme Tablet;10;1;11;1.235;
06.08.2026;SELÇUK ECZA DEPOSU;SELÇUK SAMSUN;8680001101085;YENİ AYVACIK ECZANESİ;SAMSUN DOGU ILCELER;ACİDPASS;Acidpass 10/800/165 mg 12 Çiğneme Tablet;2;0;2;224;
06.08.2026;SELÇUK ECZA DEPOSU;SELÇUK SAMSUN;8680001515882;YENİDOĞAN ECZANESİ;SAMSUN RASATHANE;ACİDPASS;Acidpass 10/800/165 mg 12 Çiğneme Tablet;10;1;11;1.235;
06.08.2026;SELÇUK ECZA DEPOSU;SELÇUK ERZURUM;8680001642748;YILDIRIM ECZANESİ;AGRI MERKEZ;ACİDPASS;Acidpass 10/800/165 mg 12 Çiğneme Tablet;3;0;3;337;
06.08.2026;SELÇUK ECZA DEPOSU;SELÇUK TRABZON;8680001116881;ÖZTÜRK ECZANESİ;RIZE BATI ILCELER;ACİDPASS;Acidpass 10/800/165 mg 12 Çiğneme Tablet;20;3;23;2.581;
06.08.2026;İSTANBUL ECZA KOOP;İSKOOP MERKEZ;8680001422081;BURÇİN ECZANESİ;AMASYA ILCELER;ACİDPASS;Acidpass 10/800/165 mg 12 Çiğneme Tablet;20;3;23;2.581;
06.08.2026;İSTANBUL ECZA KOOP;İSKOOP MERKEZ;8680001120758;SIHHAT ECZANESİ;SINOP DOGU-BATI ILCELER;ACİDPASS;Acidpass 10/800/165 mg 12 Çiğneme Tablet;3;0;3;337;
06.08.2026;İSTANBUL ECZA KOOP;İSKOOP MERKEZ;8680001455348;PARK ECZANESİ;SAMSUN ADALET;ACİDPASS;Acidpass 10/800/165 mg 12 Çiğneme Tablet;10;1;11;1.235;
06.08.2026;İSTANBUL ECZA KOOP;İSKOOP MERKEZ;8680001177790;EKİN ECZANESİ;TOKAT DOGU ILCELER;ACİDPASS;Acidpass 10/800/165 mg 12 Çiğneme Tablet;10;1;11;1.235;
06.08.2026;İSTANBUL ECZA KOOP;İSKOOP MERKEZ;8680001891580;AHSEN ECZANESİ;SAMSUN ATAKUM;ACİDPASS;Acidpass 10/800/165 mg 12 Çiğneme Tablet;20;3;23;2.581;
06.08.2026;İSTANBUL ECZA KOOP;İSKOOP MERKEZ;8680001108671;ENGİZ ECZANESİ;SAMSUN ATAKENT+19 MAYIS;ACİDPASS;Acidpass 10/800/165 mg 12 Çiğneme Tablet;150;60;210;23.569;
06.08.2026;İSTANBUL ECZA KOOP;İSKOOP MERKEZ;8680001720156;LAVANTA ECZANESİ;AMASYA MERKEZ -1;ACİDPASS;Acidpass 10/800/165 mg 12 Çiğneme Tablet;1;0;1;112;
06.08.2026;İSTANBUL ECZA KOOP;İSKOOP MERKEZ;8680001746101;EMİRGAN ECZANESİ;SAMSUN BAFRA;ACİDPASS;Acidpass 10/800/165 mg 12 Çiğneme Tablet;20;3;23;2.581;
06.08.2026;SELÇUK ECZA DEPOSU;SELÇUK SAMSUN;8680001740581;AYŞENUR ECZANESİ;ORDU FATSA;ACİDPASS;Acidpass 10/800/165 mg 12 Çiğneme Tablet;10;1;11;1.235;
06.08.2026;SELÇUK ECZA DEPOSU;SELÇUK SAMSUN;8680001692156;DEFNE ECZANESİ;ORDU BATI ILCELER;ACİDPASS;Acidpass 10/800/165 mg 12 Çiğneme Tablet;10;1;11;1.235;
06.08.2026;SELÇUK ECZA DEPOSU;SELÇUK ERZURUM;8680001663729;ZEYNEP ECZANESİ;AGRI DIYADIN+D.BEYAZIT;ACİDPASS;Acidpass 10/800/165 mg 12 Çiğneme Tablet;2;0;2;224;
06.08.2026;SELÇUK ECZA DEPOSU;SELÇUK ERZURUM;8680001171408;CAN ECZANESİ;KARS ILCELER;ACİDPASS;Acidpass 10/800/165 mg 12 Çiğneme Tablet;10;1;11;1.235;
06.08.2026;SELÇUK ECZA DEPOSU;SELÇUK ERZURUM;8680001238989;DERMAN ECZANESİ;ERZINCAN MERKEZ;ACİDPASS;Acidpass 10/800/165 mg 12 Çiğneme Tablet;3;0;3;337;
06.08.2026;SELÇUK ECZA DEPOSU;SELÇUK ERZURUM;8680001130672;DİLER ECZANESİ;ERZURUM MERKEZ -3;ACİDPASS;Acidpass 10/800/165 mg 12 Çiğneme Tablet;10;1;11;1.235;
06.08.2026;SELÇUK ECZA DEPOSU;SELÇUK TRABZON;8680001103454;ÖNCE SAĞLIK ECZANESİ;RIZE MERKEZ;ACİDPASS;Acidpass 10/800/165 mg 12 Çiğneme Tablet;20;3;23;2.581;
06.08.2026;SELÇUK ECZA DEPOSU;SELÇUK SAMSUN;8680001142323;DERMAN ECZANESİ;CORUM MERKEZ -1;ACİDPASS;Acidpass 10/800/165 mg 12 Çiğneme Tablet;2;0;2;224;
06.08.2026;SELÇUK ECZA DEPOSU;SELÇUK SAMSUN;8680001121090;ERGİN ECZANESİ;SAMSUN VEZIRKOPRU;ACİDPASS;Acidpass 10/800/165 mg 12 Çiğneme Tablet;50;15;65;7.295;
06.08.2026;SELÇUK ECZA DEPOSU;SELÇUK SAMSUN;8680001163717;KARADENİZ ECZANESİ;ORDU DOGU ILCELER;ACİDPASS;Acidpass 10/800/165 mg 12 Çiğneme Tablet;5;0;5;561;
06.08.2026;SELÇUK ECZA DEPOSU;SELÇUK TRABZON;8680001752270;YAREN ECZANESİ;GUMUSHANE;ACİDPASS;Acidpass 10/800/165 mg 12 Çiğneme Tablet;1;0;1;112;
06.08.2026;SELÇUK ECZA DEPOSU;SELÇUK SAMSUN;8680001651399;DAVUT DURAK ECZANESI;ORDU UNYE;ACİDPASS;Acidpass 10/800/165 mg 12 Çiğneme Tablet;2;0;2;224;
06.08.2026;SELÇUK ECZA DEPOSU;SELÇUK SAMSUN;8680001674305;CEBECİ ECZANESİ;SAMSUN VEZIRKOPRU;ACİDPASS;Acidpass 10/800/165 mg 12 Çiğneme Tablet;150;60;210;23.569;
06.08.2026;SELÇUK ECZA DEPOSU;SELÇUK SAMSUN;8680001278220;KOÇ ECZANESİ;ORDU FATSA;ACİDPASS;Acidpass 10/800/165 mg 12 Çiğneme Tablet;-1;0;-1;-112;
06.08.2026;SELÇUK ECZA DEPOSU;SELÇUK SAMSUN;8680001142323;DERMAN ECZANESİ;CORUM MERKEZ -1;ACİDPASS;Acidpass 10/800/165 mg 6 Çiğneme Tablet;2;0;2;138;
06.08.2026;SELÇUK ECZA DEPOSU;SELÇUK TRABZON;8680001114115;ARDEŞEN ECZANESİ;RIZE DOGU ILCELER;ACİDPASS;Acidpass 10/800/165 mg 6 Çiğneme Tablet;10;1;11;758;
06.08.2026;İSTANBUL ECZA KOOP;İSKOOP MERKEZ;8680001477821;DİLŞAT ECZANESİ;SAMSUN ATAKENT+19 MAYIS;FAMTREC;Famtrec 800/26,6mg 14 Film Kaplı Tablet;5;1;6;613;
06.08.2026;SELÇUK ECZA DEPOSU;SELÇUK TRABZON;8680001121823;ÖZLEM ECZANESİ;ARTVIN KUZEY ILCELER;FAMTREC;Famtrec 800/26,6mg 14 Film Kaplı Tablet;1;0;1;102;
06.08.2026;İSTANBUL ECZA KOOP;İSKOOP MERKEZ;8680001109180;ÇINAR ECZANESİ;SAMSUN VEZIRKOPRU;FAMTREC;Famtrec 800/26,6mg 14 Film Kaplı Tablet;5;1;6;613;
06.08.2026;SELÇUK ECZA DEPOSU;SELÇUK SAMSUN;8680001188697;SAĞLIK ECZANESİ;ORDU BATI ILCELER;FAMTREC;Famtrec 800/26,6mg 30 Film Kaplı Tablet;2;0;2;438;
06.08.2026;SELÇUK ECZA DEPOSU;SELÇUK SAMSUN;8680001188697;SAĞLIK ECZANESİ;ORDU BATI ILCELER;FAMTREC;Famtrec 800/26,6mg 30 Film Kaplı Tablet;2;0;2;438;
06.08.2026;SELÇUK ECZA DEPOSU;SELÇUK SAMSUN;8680001738359;SILA ECZANESİ;ORDU MERKEZ -3;GRİPORT COLD;Griport Cold 20 Film Kaplı Tablet;3;0;3;252;
06.08.2026;SELÇUK ECZA DEPOSU;SELÇUK SAMSUN;8680001114092;ŞİMŞEK ECZANESİ;SINOP MERKEZ;GRİPORT COLD;Griport Cold 20 Film Kaplı Tablet;5;1;6;505;
06.08.2026;SELÇUK ECZA DEPOSU;SELÇUK ERZURUM;8680001121045;KARDELEN ECZANESİ;ERZURUM MERKEZ -1;GRİPORT COLD;Griport Cold 20 Film Kaplı Tablet;5;1;6;505;
06.08.2026;İSTANBUL ECZA KOOP;İSKOOP MERKEZ;8680001183166;HACIOĞLU ECZANESİ;AMASYA MERZIFON;GRİPORT COLD;Griport Cold 20 Film Kaplı Tablet;10;3;13;1.094;
06.08.2026;SELÇUK ECZA DEPOSU;SELÇUK SAMSUN;8680001151370;ÇİĞDEM ECZANESİ;SIVAS MERKEZ -3;GRİPORT COLD;Griport Cold 20 Film Kaplı Tablet;-2;0;-2;-168;
06.08.2026;İSTANBUL ECZA KOOP;İSKOOP MERKEZ;8680001116232;BUKET ECZANESİ;SINOP MERKEZ;GRİPORT COLD;Griport Cold 20 Film Kaplı Tablet;1;0;1;84;
06.08.2026;İSTANBUL ECZA KOOP;İSKOOP MERKEZ;8680001121304;MÜJDE ECZANESİ;AMASYA MERKEZ -1;GRİPORT COLD;Griport Cold 20 Film Kaplı Tablet;1;0;1;84;
06.08.2026;SELÇUK ECZA DEPOSU;SELÇUK ERZURUM;8680001480630;HAYAT ECZANESİ;AGRI MERKEZ;GRİPORT COLD;Griport Cold 20 Film Kaplı Tablet;10;3;13;1.094;
06.08.2026;SELÇUK ECZA DEPOSU;SELÇUK SAMSUN;8680001427741;ADA ECZANESİ;SIVAS MERKEZ -4;MOKSEFEN;Moksefen 400 mg 7 Film Tablet;5;1;6;894;
06.08.2026;SELÇUK ECZA DEPOSU;SELÇUK SAMSUN;8680001153336;DURU ECZANESİ;ORDU MERKEZ -3;MOKSEFEN;Moksefen 400 mg 7 Film Tablet;30;15;45;6.705;
06.08.2026;SELÇUK ECZA DEPOSU;SELÇUK SAMSUN;8680001425273;DOLUNAY ECZANESİ;ORDU GUNEY ILCELER -1;MOKSEFEN;Moksefen 400 mg 7 Film Tablet;5;1;6;894;
06.08.2026;SELÇUK ECZA DEPOSU;SELÇUK TRABZON;8680001703197;HÜLYA ECZANESİ;TRABZON MERKEZ -3;MOKSEFEN;Moksefen 400 mg 7 Film Tablet;10;3;13;1.937;
06.08.2026;SELÇUK ECZA DEPOSU;SELÇUK ERZURUM;8680001800605;CERRAHPAŞA ECZANESİ;AGRI ILCELER;MOKSEFEN;Moksefen 400 mg 7 Film Tablet;5;1;6;894;
06.08.2026;SELÇUK ECZA DEPOSU;SELÇUK SAMSUN;8680001170593;ÇAKIRTAŞ ECZANESİ;AMASYA ILCELER;MOKSEFEN;Moksefen 400 mg 7 Film Tablet;5;1;6;894;
06.08.2026;SELÇUK ECZA DEPOSU;SELÇUK SAMSUN;8680001756971;ERDEM ECZANESİ;TOKAT MERKEZ -2;PANOCER;Panocer 40 mg 14 Enterik Kaplı Tablet;3;0;3;243;
06.08.2026;SELÇUK ECZA DEPOSU;SELÇUK SAMSUN;8680001488216;ÇİĞDEM ECZANESİ;AMASYA ILCELER;PANOCER;Panocer 40 mg 14 Enterik Kaplı Tablet;2;0;2;162;
06.08.2026;ALLIANCE HEALTHCARE;AH ORDU;8680001213306;DEVA ECZANESİ;GIRESUN DOGU ILCELER -1;PANOCER;Panocer 40 mg 14 Enterik Kaplı Tablet;1;0;1;81;
06.08.2026;ALLIANCE HEALTHCARE;AH ORDU;8680001154425;SARIKAYA ECZANESİ;ORDU UNYE;PANOCER;Panocer 40 mg 14 Enterik Kaplı Tablet;2;0;2;162;
06.08.2026;ALLIANCE HEALTHCARE;AH ORDU;8680001725984;YENİ SANAYİ ECZANESİ;ORDU MERKEZ -3;PANOCER;Panocer 40 mg 28 Enterik Kaplı Tablet;1;0;1;105;
06.08.2026;ALLIANCE HEALTHCARE;AH ORDU;8680001163717;KARADENİZ ECZANESİ;ORDU DOGU ILCELER;PANOCER;Panocer 40 mg 28 Enterik Kaplı Tablet;10;3;13;1.369;
06.08.2026;ALLIANCE HEALTHCARE;AH ORDU;8680001166008;KINA ECZANESİ;ORDU GUNEY ILCELER -1;PANOCER;Panocer 40 mg 28 Enterik Kaplı Tablet;165;135;300;31.594;
06.08.2026;ALLIANCE HEALTHCARE;AH ORDU;8680001167418;GÖKALP ECZANESİ;GIRESUN MERKEZ -2;PANOCER;Panocer 40 mg 28 Enterik Kaplı Tablet;5;0;5;527;
06.08.2026;ALLIANCE HEALTHCARE;AH ERZURUM;8680001422500;YENİ NİL ECZANESİ;ERZINCAN MERKEZ;PANOCER;Panocer 40 mg 28 Enterik Kaplı Tablet;30;12;42;4.423;
06.08.2026;ALLIANCE HEALTHCARE;AH ORDU;8680001172986;SOKAKBAŞI ECZANESİ;GIRESUN MERKEZ -1;PANOCER;Panocer 40 mg 28 Enterik Kaplı Tablet;10;3;13;1.369;
06.08.2026;ALLIANCE HEALTHCARE;AH ERZURUM;8680001810277;TANCA ECZANESİ;AGRI DIYADIN+D.BEYAZIT;PANOCER;Panocer 40 mg 28 Enterik Kaplı Tablet;3;0;3;316;
06.08.2026;İSTANBUL ECZA KOOP;İSKOOP MERKEZ;8680001929115;BENSU ECZANESİ;AMASYA MERZIFON;PANOCER;Panocer 40 mg 28 Enterik Kaplı Tablet;10;3;13;1.369;
06.08.2026;ALLIANCE HEALTHCARE;AH TRABZON;8680001205899;BÜYÜK ECZANESİ;TRABZON DOGU ILCELER -1;PANOCER;Panocer 40 mg 28 Enterik Kaplı Tablet;50;25;75;7.898;
06.08.2026;ALLIANCE HEALTHCARE;AH TRABZON;8680001205899;BÜYÜK ECZANESİ;TRABZON DOGU ILCELER -1;PANOCER;Panocer 40 mg 28 Enterik Kaplı Tablet;30;12;42;4.423;
06.08.2026;ALLIANCE HEALTHCARE;AH SAMSUN;8680001944378;AKIN ECZANESİ;SAMSUN BAFRA;PANOCER;Panocer 40 mg 28 Enterik Kaplı Tablet;30;12;42;4.423;
06.08.2026;ALLIANCE HEALTHCARE;AH SAMSUN;8680001740802;KESKİN ECZANESİ;SAMSUN DOGU ILCELER - 2;PANOCER;Panocer 40 mg 28 Enterik Kaplı Tablet;10;3;13;1.369;
06.08.2026;ALLIANCE HEALTHCARE;AH SAMSUN;8680001124213;GÜVEN ECZANESİ;SAMSUN HAVZA+KAVAK+LADIK;PANOCER;Panocer 40 mg 28 Enterik Kaplı Tablet;10;3;13;1.369;
06.08.2026;ALLIANCE HEALTHCARE;AH SAMSUN;8680001944378;AKIN ECZANESİ;SAMSUN BAFRA;PANOCER;Panocer 40 mg 28 Enterik Kaplı Tablet;30;12;42;4.423;
06.08.2026;ALLIANCE HEALTHCARE;AH SAMSUN;8680001375707;GÜL ECZANESİ;SAMSUN ATAKUM;PANOCER;Panocer 40 mg 28 Enterik Kaplı Tablet;2;0;2;211;
06.08.2026;ALLIANCE HEALTHCARE;AH SAMSUN;8680001129515;KIZILAY ECZANESİ;SAMSUN DOGU ILCELER - 2;PANOCER;Panocer 40 mg 28 Enterik Kaplı Tablet;30;12;42;4.423;
06.08.2026;ALLIANCE HEALTHCARE;AH SAMSUN;8680001601073;IHLAMUR ECZANESİ;CORUM MERKEZ -1;PANOCER;Panocer 40 mg 28 Enterik Kaplı Tablet;30;12;42;4.423;
06.08.2026;ALLIANCE HEALTHCARE;AH ERZURUM;8680001422500;YENİ NİL ECZANESİ;ERZINCAN MERKEZ;PANOCER;Panocer 40 mg 28 Enterik Kaplı Tablet;30;12;42;4.423;
06.08.2026;ALLIANCE HEALTHCARE;AH SAMSUN;8680001453061;ÖMÜREVLERİ ECZANESİ;SAMSUN ATAKUM;PANOCER;Panocer 40 mg 28 Enterik Kaplı Tablet;3;0;3;316;
06.08.2026;ALLIANCE HEALTHCARE;AH KAYSERİ;8680001117031;TANER ECZANESİ;SIVAS MERKEZ -2;PANOCER;Panocer 40 mg 28 Enterik Kaplı Tablet;30;12;42;4.423;
06.08.2026;İSTANBUL ECZA KOOP;İSKOOP MERKEZ;8680001317516;TUĞLUOĞLU ECZANESİ;TOKAT BATI ILCELER;PANOCER;Panocer 40 mg 28 Enterik Kaplı Tablet;30;12;42;4.423;
06.08.2026;İSTANBUL ECZA KOOP;İSKOOP MERKEZ;8680001827732;BAZLAMAÇ  ECZANESİ;SAMSUN TERME;PANOCER;Panocer 40 mg 28 Enterik Kaplı Tablet;10;3;13;1.369;
06.08.2026;SELÇUK ECZA DEPOSU;SELÇUK TRABZON;8680001633203;YENİ ÇAĞLAYAN ECZANESİ;TRABZON MERKEZ -2;PANOCER;Panocer 40 mg 28 Enterik Kaplı Tablet;10;3;13;1.369;
06.08.2026;SELÇUK ECZA DEPOSU;SELÇUK TRABZON;8680001205608;DİLEK ECZANESİ;TRABZON MERKEZ -1;PANOCER;Panocer 40 mg 28 Enterik Kaplı Tablet;10;3;13;1.369;
06.08.2026;SELÇUK ECZA DEPOSU;SELÇUK SAMSUN;8680001549382;BENGİ ECZANESİ;SAMSUN ILKADIM - 2;PANOCER;Panocer 40 mg 28 Enterik Kaplı Tablet;10;3;13;1.369;
06.08.2026;SELÇUK ECZA DEPOSU;SELÇUK SAMSUN;8680001129096;DERMAN ECZANESİ;SINOP GUNEY ILCELER;PANOCER;Panocer 40 mg 28 Enterik Kaplı Tablet;2;0;2;211;
06.08.2026;SELÇUK ECZA DEPOSU;SELÇUK SAMSUN;8680001655007;YENİ LİSE ECZANESİ;SAMSUN HURRIYET+ZAFER;PANOCER;Panocer 40 mg 28 Enterik Kaplı Tablet;3;0;3;316;
06.08.2026;SELÇUK ECZA DEPOSU;SELÇUK SAMSUN;8680001725984;YENİ SANAYİ ECZANESİ;ORDU MERKEZ -3;PANOCER;Panocer 40 mg 28 Enterik Kaplı Tablet;1;0;1;105;
06.08.2026;SELÇUK ECZA DEPOSU;SELÇUK SAMSUN;8680001688746;GUNEŞ ECZANESİ;SIVAS MERKEZ -3;PANOCER;Panocer 40 mg 28 Enterik Kaplı Tablet;10;3;13;1.369;
06.08.2026;SELÇUK ECZA DEPOSU;SELÇUK SAMSUN;8680001190881;ARTOVA ECZANESİ;TOKAT BATI ILCELER;PANOCER;Panocer 40 mg 28 Enterik Kaplı Tablet;10;3;13;1.369;
06.08.2026;SELÇUK ECZA DEPOSU;SELÇUK TRABZON;8680001198634;ÇUKURÇAYIR ECZANESİ;TRABZON MERKEZ -3;PANOCER;Panocer 40 mg 28 Enterik Kaplı Tablet;10;3;13;1.369;
06.08.2026;SELÇUK ECZA DEPOSU;SELÇUK TRABZON;8680001215669;ARSLAN ECZANESİ;GIRESUN BULANCAK+PIRAZIZ;PANOCER;Panocer 40 mg 28 Enterik Kaplı Tablet;10;3;13;1.369;
06.08.2026;SELÇUK ECZA DEPOSU;SELÇUK SAMSUN;8680001709571;LOTUS ECZANESİ;ORDU DOGU ILCELER;PANOCER;Panocer 40 mg 28 Enterik Kaplı Tablet;20;6;26;2.738;
06.08.2026;SELÇUK ECZA DEPOSU;SELÇUK SAMSUN;8680001278220;KOÇ ECZANESİ;ORDU FATSA;PANOCER;Panocer 40 mg 28 Enterik Kaplı Tablet;-2;-1;-3;-316;
06.08.2026;SELÇUK ECZA DEPOSU;SELÇUK TRABZON;8680001198634;ÇUKURÇAYIR ECZANESİ;TRABZON MERKEZ -3;PANOCER;Panocer 40 mg 28 Enterik Kaplı Tablet;-10;-3;-13;-1.369;
07.08.2026;SELÇUK ECZA DEPOSU;SELÇUK TRABZON;8680001471218;ARAKLI ŞİFA ECZANESİ;TRABZON DOGU ILCELER - 2;ACİDPASS;Acidpass 10/800/165 mg 12 Çiğneme Tablet;3;0;3;337;
07.08.2026;SELÇUK ECZA DEPOSU;SELÇUK SAMSUN;8680001647125;NİMET ECZANESİ;ORDU DOGU ILCELER;ACİDPASS;Acidpass 10/800/165 mg 12 Çiğneme Tablet;20;3;23;2.581;
07.08.2026;SELÇUK ECZA DEPOSU;SELÇUK SAMSUN;8680001121366;KARADENİZ ECZANESİ;SAMSUN ADALET;ACİDPASS;Acidpass 10/800/165 mg 12 Çiğneme Tablet;4;0;4;449;
07.08.2026;SELÇUK ECZA DEPOSU;SELÇUK SAMSUN;8680001133086;ÇAĞDAŞ ECZANESİ;SAMSUN TERME;ACİDPASS;Acidpass 10/800/165 mg 12 Çiğneme Tablet;2;0;2;224;
07.08.2026;İSTANBUL ECZA KOOP;İSKOOP MERKEZ;8680001200238;YENİGÜN ECZANESİ;TOKAT BATI ILCELER;ACİDPASS;Acidpass 10/800/165 mg 12 Çiğneme Tablet;3;0;3;337;
07.08.2026;İSTANBUL ECZA KOOP;İSKOOP MERKEZ;8680001860258;DENİZ ECZANESİ;SAMSUN ATAKENT+19 MAYIS;ACİDPASS;Acidpass 10/800/165 mg 12 Çiğneme Tablet;10;1;11;1.235;
07.08.2026;İSTANBUL ECZA KOOP;İSKOOP MERKEZ;8680001141371;PELİN ECZANESİ;SAMSUN HURRIYET+ZAFER;ACİDPASS;Acidpass 10/800/165 mg 12 Çiğneme Tablet;2;0;2;224;
07.08.2026;İSTANBUL ECZA KOOP;İSKOOP MERKEZ;8680001123148;MERVE ECZANESİ;SINOP DOGU-BATI ILCELER;ACİDPASS;Acidpass 10/800/165 mg 12 Çiğneme Tablet;3;0;3;337;
07.08.2026;SELÇUK ECZA DEPOSU;SELÇUK TRABZON;8680001503735;KÜBRA ECZANESİ;RIZE MERKEZ;ACİDPASS;Acidpass 10/800/165 mg 12 Çiğneme Tablet;10;1;11;1.235;
07.08.2026;SELÇUK ECZA DEPOSU;SELÇUK TRABZON;8680001734429;SAĞLIK ECZANESİ;TRABZON DOGU ILCELER -1;ACİDPASS;Acidpass 10/800/165 mg 12 Çiğneme Tablet;2;0;2;224;
07.08.2026;SELÇUK ECZA DEPOSU;SELÇUK SAMSUN;8680001340545;YENİ HAYAT ECZANESİ;SINOP DOGU-BATI ILCELER;ACİDPASS;Acidpass 10/800/165 mg 12 Çiğneme Tablet;10;1;11;1.235;
07.08.2026;SELÇUK ECZA DEPOSU;SELÇUK SAMSUN;8680001114160;FAKÜLTE ECZANESİ;SAMSUN ATAKENT+19 MAYIS;ACİDPASS;Acidpass 10/800/165 mg 12 Çiğneme Tablet;5;0;5;561;
07.08.2026;SELÇUK ECZA DEPOSU;SELÇUK SAMSUN;8680001446681;SEVİLAY ECZANESİ;TOKAT MERKEZ -2;ACİDPASS;Acidpass 10/800/165 mg 12 Çiğneme Tablet;2;0;2;224;
07.08.2026;İSTANBUL ECZA KOOP;İSKOOP MERKEZ;8680001156818;LOKMAN ECZANESİ;CORUM MERKEZ -3;ACİDPASS;Acidpass 10/800/165 mg 12 Çiğneme Tablet;2;0;2;224;
07.08.2026;SELÇUK ECZA DEPOSU;SELÇUK TRABZON;8680001186990;İLGİ ECZANESİ;GIRESUN BULANCAK+PIRAZIZ;ACİDPASS;Acidpass 10/800/165 mg 12 Çiğneme Tablet;20;3;23;2.581;
07.08.2026;SELÇUK ECZA DEPOSU;SELÇUK TRABZON;8680001265886;TURAN ECZANESİ;TRABZON MERKEZ -4;ACİDPASS;Acidpass 10/800/165 mg 12 Çiğneme Tablet;5;0;5;561;
07.08.2026;SELÇUK ECZA DEPOSU;SELÇUK ERZURUM;8680001232710;EDİS ECZANESİ;ERZINCAN MERKEZ;ACİDPASS;Acidpass 10/800/165 mg 12 Çiğneme Tablet;20;3;23;2.581;
07.08.2026;İSTANBUL ECZA KOOP;İSKOOP MERKEZ;8680001138487;SAMSUN ECZANESİ;SAMSUN ATAKUM;ACİDPASS;Acidpass 10/800/165 mg 12 Çiğneme Tablet;1;0;1;112;
07.08.2026;SELÇUK ECZA DEPOSU;SELÇUK SAMSUN;8680001485963;AHENK ECZANESİ;SAMSUN BAFRA;ACİDPASS;Acidpass 10/800/165 mg 6 Çiğneme Tablet;10;1;11;758;
07.08.2026;SELÇUK ECZA DEPOSU;SELÇUK ERZURUM;8680001730896;KÖPRÜBAŞI ECZANESİ;AGRI MERKEZ;ACİDPASS;Acidpass 10/800/165 mg 6 Çiğneme Tablet;1;0;1;69;
07.08.2026;SELÇUK ECZA DEPOSU;SELÇUK SAMSUN;8680001561193;BAHARDALİ ECZANESİ;TOKAT DOGU ILCELER;FAMTREC;Famtrec 800/26,6mg 14 Film Kaplı Tablet;3;0;3;307;
07.08.2026;SELÇUK ECZA DEPOSU;SELÇUK SAMSUN;8680001112050;TÜRKER ECZANESİ;SAMSUN RASATHANE;GRİPORT COLD;Griport Cold 20 Film Kaplı Tablet;3;0;3;252;
07.08.2026;SELÇUK ECZA DEPOSU;SELÇUK SAMSUN;8680001123179;YÜKSEL ECZANESİ;SINOP DOGU-BATI ILCELER;GRİPORT COLD;Griport Cold 20 Film Kaplı Tablet;10;3;13;1.094;
07.08.2026;SELÇUK ECZA DEPOSU;SELÇUK TRABZON;8680001545889;DEVA ECZANESİ;GIRESUN DOGU ILCELER -2;GRİPORT COLD;Griport Cold 20 Film Kaplı Tablet;1;0;1;84;
07.08.2026;SELÇUK ECZA DEPOSU;SELÇUK TRABZON;8680001104765;GÜNDOĞDU ECZANESİ;RIZE MERKEZ;GRİPORT COLD;Griport Cold 20 Film Kaplı Tablet;1;0;1;84;
07.08.2026;İSTANBUL ECZA KOOP;İSKOOP MERKEZ;8680001413812;EVREN ECZANESİ;AMASYA GOYNUCEK+TASOVA;GRİPORT COLD;Griport Cold 20 Film Kaplı Tablet;10;3;13;1.094;
07.08.2026;İSTANBUL ECZA KOOP;İSKOOP MERKEZ;8680001123148;MERVE ECZANESİ;SINOP DOGU-BATI ILCELER;GRİPORT COLD;Griport Cold 20 Film Kaplı Tablet;20;6;26;2.188;
07.08.2026;SELÇUK ECZA DEPOSU;SELÇUK TRABZON;8680001471591;ÖMER ECZANESİ;ARTVIN MERKEZ+DOGU+GUNEY;GRİPORT COLD;Griport Cold 20 Film Kaplı Tablet;40;20;60;5.049;
07.08.2026;İSTANBUL ECZA KOOP;İSKOOP MERKEZ;8680001900039;ALANLI ECZANESİ;SAMSUN ATAKENT+19 MAYIS;GRİPORT COLD;Griport Cold 20 Film Kaplı Tablet;2;0;2;168;
07.08.2026;SELÇUK ECZA DEPOSU;SELÇUK SAMSUN;8680001734962;GELİNCİK ECZANESİ;SINOP MERKEZ;GRİPORT COLD;Griport Cold 20 Film Kaplı Tablet;2;0;2;168;
07.08.2026;İSTANBUL ECZA KOOP;İSKOOP MERKEZ;8680001599844;TEKKEKÖY ECZANESİ;SAMSUN DOGU ILCELER;MOKSEFEN;Moksefen 400 mg 7 Film Tablet;5;1;6;894;
07.08.2026;SELÇUK ECZA DEPOSU;SELÇUK TRABZON;8680001743155;NUR ECZANESİ;GUMUSHANE;MOKSEFEN;Moksefen 400 mg 7 Film Tablet;10;3;13;1.937;
07.08.2026;SELÇUK ECZA DEPOSU;SELÇUK TRABZON;8680001223893;DAMLA ECZANESİ;TRABZON DUZKOY+MACKA;MOKSEFEN;Moksefen 400 mg 7 Film Tablet;1;0;1;149;
07.08.2026;İSTANBUL ECZA KOOP;İSKOOP MERKEZ;8680001470112;ÇAĞDAŞ ECZANESİ;AMASYA ILCELER;MOKSEFEN;Moksefen 400 mg 7 Film Tablet;30;15;45;6.705;
07.08.2026;SELÇUK ECZA DEPOSU;SELÇUK ERZURUM;8680001112661;HİLALKENT ECZANESİ;ERZURUM MERKEZ -1;MOKSEFEN;Moksefen 400 mg 7 Film Tablet;5;1;6;894;
07.08.2026;SELÇUK ECZA DEPOSU;SELÇUK TRABZON;8680001545889;DEVA ECZANESİ;GIRESUN DOGU ILCELER -2;MOKSEFEN;Moksefen 400 mg 7 Film Tablet;10;3;13;1.937;
07.08.2026;SELÇUK ECZA DEPOSU;SELÇUK TRABZON;8680001512195;HANDE MEMİŞ ECZANESİ;GIRESUN DOGU ILCELER -1;MOKSEFEN;Moksefen 400 mg 7 Film Tablet;5;1;6;894;
07.08.2026;SELÇUK ECZA DEPOSU;SELÇUK SAMSUN;8680001647842;ZEHRA ECZANESİ;ORDU BATI ILCELER;PANOCER;Panocer 40 mg 14 Enterik Kaplı Tablet;1;0;1;81;
07.08.2026;ALLIANCE HEALTHCARE;AH SAMSUN;8680001170043;ERGİN ECZANESİ;TOKAT MERKEZ -1;PANOCER;Panocer 40 mg 14 Enterik Kaplı Tablet;5;0;5;405;
07.08.2026;ALLIANCE HEALTHCARE;AH SAMSUN;8680001138227;NOYAN ECZANESİ;SAMSUN RASATHANE;PANOCER;Panocer 40 mg 28 Enterik Kaplı Tablet;10;3;13;1.369;
07.08.2026;ALLIANCE HEALTHCARE;AH SAMSUN;8680001155682;ALAFOĞLU ECZANESİ;CORUM GUNEYBATI ILCELER;PANOCER;Panocer 40 mg 28 Enterik Kaplı Tablet;30;12;42;4.423;
07.08.2026;ALLIANCE HEALTHCARE;AH SAMSUN;8680001109111;SIHHAT ECZANESİ;SAMSUN TERME;PANOCER;Panocer 40 mg 28 Enterik Kaplı Tablet;1;0;1;105;
07.08.2026;ALLIANCE HEALTHCARE;AH SAMSUN;8680001109371;KİRAZLIK ECZANESİ;SAMSUN DOGU ILCELER;PANOCER;Panocer 40 mg 28 Enterik Kaplı Tablet;10;3;13;1.369;
07.08.2026;ALLIANCE HEALTHCARE;AH SAMSUN;8680001160853;TAŞOVA ECZANESİ;AMASYA GOYNUCEK+TASOVA;PANOCER;Panocer 40 mg 28 Enterik Kaplı Tablet;-30;-12;-42;-4.423;
07.08.2026;ALLIANCE HEALTHCARE;AH TRABZON;8680001169719;PETEK ECZANESİ;TRABZON DOGU ILCELER - 2;PANOCER;Panocer 40 mg 28 Enterik Kaplı Tablet;1;0;1;105;
07.08.2026;ALLIANCE HEALTHCARE;AH TRABZON;8680001116669;ÇOMOĞLU ECZANESİ;RIZE BATI ILCELER;PANOCER;Panocer 40 mg 28 Enterik Kaplı Tablet;-50;-25;-75;-7.898;
07.08.2026;ALLIANCE HEALTHCARE;AH TRABZON;8680001338566;FARUK ECZANESİ;TRABZON MERKEZ -1;PANOCER;Panocer 40 mg 28 Enterik Kaplı Tablet;10;3;13;1.369;
07.08.2026;ALLIANCE HEALTHCARE;AH SAMSUN;8680001717774;AYŞEGÜL ECZANESİ;SAMSUN BAFRA;PANOCER;Panocer 40 mg 28 Enterik Kaplı Tablet;10;3;13;1.369;
07.08.2026;ALLIANCE HEALTHCARE;AH SAMSUN;8680001117857;DRAMALI ECZANESİ;SINOP MERKEZ;PANOCER;Panocer 40 mg 28 Enterik Kaplı Tablet;2;0;2;211;
07.08.2026;ALLIANCE HEALTHCARE;AH SAMSUN;8680001726776;DEMİR ECZANESİ;SAMSUN ATAKENT+19 MAYIS;PANOCER;Panocer 40 mg 28 Enterik Kaplı Tablet;10;3;13;1.369;
07.08.2026;ALLIANCE HEALTHCARE;AH SAMSUN;8680001491025;MELİH ECZANESİ;TOKAT MERKEZ -1;PANOCER;Panocer 40 mg 28 Enterik Kaplı Tablet;30;12;42;4.423;
07.08.2026;ALLIANCE HEALTHCARE;AH SAMSUN;8680001101528;OZAN ECZANESİ;SAMSUN ATAKENT+19 MAYIS;PANOCER;Panocer 40 mg 28 Enterik Kaplı Tablet;10;3;13;1.369;
07.08.2026;İSTANBUL ECZA KOOP;İSKOOP MERKEZ;8680001219735;MURAT ECZANESİ;TOKAT TURHAL;PANOCER;Panocer 40 mg 28 Enterik Kaplı Tablet;10;3;13;1.369;
07.08.2026;İSTANBUL ECZA KOOP;İSKOOP MERKEZ;8680001185368;HAYAT ECZANESİ;AMASYA MERZIFON;PANOCER;Panocer 40 mg 28 Enterik Kaplı Tablet;30;12;42;4.423;
07.08.2026;ALLIANCE HEALTHCARE;AH ERZURUM;8680001848560;CAN ECZANESİ;AGRI DIYADIN+D.BEYAZIT;PANOCER;Panocer 40 mg 28 Enterik Kaplı Tablet;10;3;13;1.369;
07.08.2026;ALLIANCE HEALTHCARE;AH ERZURUM;8680001117611;YENİ BÖLGE ECZANESİ;ERZURUM MERKEZ -3;PANOCER;Panocer 40 mg 28 Enterik Kaplı Tablet;30;12;42;4.423;
07.08.2026;ALLIANCE HEALTHCARE;AH ERZURUM;8680001703869;MONA ECZANESİ;AGRI DIYADIN+D.BEYAZIT;PANOCER;Panocer 40 mg 28 Enterik Kaplı Tablet;30;12;42;4.423;
07.08.2026;ALLIANCE HEALTHCARE;AH ORDU;8680001901760;TUĞÇEM ECZANESİ;ORDU FATSA;PANOCER;Panocer 40 mg 28 Enterik Kaplı Tablet;10;3;13;1.369;
07.08.2026;ALLIANCE HEALTHCARE;AH ORDU;8680001151127;DEVA ECZANESİ;ORDU MERKEZ -3;PANOCER;Panocer 40 mg 28 Enterik Kaplı Tablet;10;3;13;1.369;
07.08.2026;ALLIANCE HEALTHCARE;AH ORDU;8680001725984;YENİ SANAYİ ECZANESİ;ORDU MERKEZ -3;PANOCER;Panocer 40 mg 28 Enterik Kaplı Tablet;10;3;13;1.369;
07.08.2026;ALLIANCE HEALTHCARE;AH ORDU;8680001710324;YAREN ECZANESİ;GIRESUN BULANCAK+PIRAZIZ;PANOCER;Panocer 40 mg 28 Enterik Kaplı Tablet;10;3;13;1.369;
07.08.2026;ALLIANCE HEALTHCARE;AH KAYSERİ;8680001500550;MAVİ ECZANE;SIVAS MERKEZ -4;PANOCER;Panocer 40 mg 28 Enterik Kaplı Tablet;10;3;13;1.369;
07.08.2026;SELÇUK ECZA DEPOSU;SELÇUK TRABZON;8680001105649;HASTANELER ECZANESİ;RIZE MERKEZ;PANOCER;Panocer 40 mg 28 Enterik Kaplı Tablet;10;3;13;1.369;
07.08.2026;SELÇUK ECZA DEPOSU;SELÇUK TRABZON;8680001286638;ÖZEL ŞAR HASTANESİ ECZANESİ;RIZE MERKEZ;PANOCER;Panocer 40 mg 28 Enterik Kaplı Tablet;1;0;1;105;
07.08.2026;SELÇUK ECZA DEPOSU;SELÇUK SAMSUN;8680001137350;METİN ECZANESİ;SAMSUN DOGU ILCELER - 2;PANOCER;Panocer 40 mg 28 Enterik Kaplı Tablet;2;0;2;211;
07.08.2026;SELÇUK ECZA DEPOSU;SELÇUK SAMSUN;8680001137718;ŞİFA ECZANESİ;SIVAS MERKEZ -3;PANOCER;Panocer 40 mg 28 Enterik Kaplı Tablet;10;3;13;1.369;
07.08.2026;SELÇUK ECZA DEPOSU;SELÇUK SAMSUN;8680001908301;GOKCELİ ECZANESİ;SAMSUN DOGU ILCELER - 2;PANOCER;Panocer 40 mg 28 Enterik Kaplı Tablet;3;0;3;316;
07.08.2026;SELÇUK ECZA DEPOSU;SELÇUK SAMSUN;8680001417087;FİKRİ KARTAL ECZANESİ;CORUM KUZEY ILCELER;PANOCER;Panocer 40 mg 28 Enterik Kaplı Tablet;10;3;13;1.369;
07.08.2026;SELÇUK ECZA DEPOSU;SELÇUK SAMSUN;8680001745463;23 NİSAN ECZANESİ;CORUM MERKEZ -1;PANOCER;Panocer 40 mg 28 Enterik Kaplı Tablet;10;3;13;1.369;
07.08.2026;SELÇUK ECZA DEPOSU;SELÇUK SAMSUN;8680001158805;GÜLERSİN ECZANESİ;SIVAS MERKEZ -2;PANOCER;Panocer 40 mg 28 Enterik Kaplı Tablet;10;3;13;1.369;
07.08.2026;SELÇUK ECZA DEPOSU;SELÇUK SAMSUN;8680001113408;BAYEZIT ECZANESİ;AMASYA MERKEZ -2;PANOCER;Panocer 40 mg 28 Enterik Kaplı Tablet;10;3;13;1.369;
07.08.2026;SELÇUK ECZA DEPOSU;SELÇUK ERZURUM;8680001871292;İREM ECZANESİ;ERZINCAN MERKEZ;PANOCER;Panocer 40 mg 28 Enterik Kaplı Tablet;4;0;4;421;
07.08.2026;İSTANBUL ECZA KOOP;İSKOOP MERKEZ;8680001156009;ŞİFA ECZANESİ;CORUM KARGI+OSMANCIK;PANOCER;Panocer 40 mg 28 Enterik Kaplı Tablet;10;3;13;1.369;
08.08.2026;İSTANBUL ECZA KOOP;İSKOOP MERKEZ;8680001124541;YEŞİLOVA ECZANESİ;AMASYA MERKEZ -2;ACİDPASS;Acidpass 10/800/165 mg 12 Çiğneme Tablet;10;1;11;1.235;
08.08.2026;SELÇUK ECZA DEPOSU;SELÇUK SAMSUN;8680001114375;GÜNGÖRMÜŞ ECZANESİ;SAMSUN ULUGAZI;ACİDPASS;Acidpass 10/800/165 mg 12 Çiğneme Tablet;1;0;1;112;
08.08.2026;SELÇUK ECZA DEPOSU;SELÇUK SAMSUN;8680001108961;DOĞA ECZANESİ;SAMSUN ILKADIM - 2;ACİDPASS;Acidpass 10/800/165 mg 12 Çiğneme Tablet;2;0;2;224;
08.08.2026;SELÇUK ECZA DEPOSU;SELÇUK TRABZON;8680001170579;DERELİ ECZANESİ;GIRESUN GUNEY ILCELER;ACİDPASS;Acidpass 10/800/165 mg 12 Çiğneme Tablet;-50;-15;-65;-7.295;
08.08.2026;SELÇUK ECZA DEPOSU;SELÇUK ERZURUM;8680001717651;LİVA İNGEC ECZANESİ;ERZURUM MERKEZ -1;ACİDPASS;Acidpass 10/800/165 mg 12 Çiğneme Tablet;3;0;3;337;
08.08.2026;SELÇUK ECZA DEPOSU;SELÇUK ERZURUM;8680001668168;ASRIN ECZANESİ;ERZURUM MERKEZ -3;GRİPORT COLD;Griport Cold 20 Film Kaplı Tablet;5;1;6;505;
08.08.2026;İSTANBUL ECZA KOOP;İSKOOP MERKEZ;8680001169474;DERMAN ECZANESİ;AMASYA MERZIFON;GRİPORT COLD;Griport Cold 20 Film Kaplı Tablet;10;3;13;1.094;
08.08.2026;İSTANBUL ECZA KOOP;İSKOOP MERKEZ;8680001538843;BARTU ECZANESİ;SAMSUN ATAKUM;GRİPORT COLD;Griport Cold 20 Film Kaplı Tablet;1;0;1;84;
08.08.2026;SELÇUK ECZA DEPOSU;SELÇUK SAMSUN;8680001870172;LALE BEGÜM ECZANESİ;ORDU MERKEZ -1;MOKSEFEN;Moksefen 400 mg 7 Film Tablet;5;1;6;894;
08.08.2026;SELÇUK ECZA DEPOSU;SELÇUK TRABZON;8680001756018;ZEYTÜL ECZANESİ;ARTVIN KUZEY ILCELER;MOKSEFEN;Moksefen 400 mg 7 Film Tablet;5;1;6;894;
08.08.2026;SELÇUK ECZA DEPOSU;SELÇUK TRABZON;8680001254477;YAVUZ ECZANESİ;TRABZON MERKEZ -2;MOKSEFEN;Moksefen 400 mg 7 Film Tablet;5;1;6;894;
08.08.2026;SELÇUK ECZA DEPOSU;SELÇUK ERZURUM;8680001102426;VERESELİ MURAT ECZANESİ;ERZURUM GUNEY ILCELER;MOKSEFEN;Moksefen 400 mg 7 Film Tablet;30;15;45;6.705;
08.08.2026;İSTANBUL ECZA KOOP;İSKOOP MERKEZ;8680001119813;DERMAN ECZANESİ;SAMSUN DOGU ILCELER - 2;PANOCER;Panocer 40 mg 28 Enterik Kaplı Tablet;10;3;13;1.369;
08.08.2026;SELÇUK ECZA DEPOSU;SELÇUK SAMSUN;8680001163564;KARADENİZ ECZANESİ;ORDU DOGU ILCELER;PANOCER;Panocer 40 mg 28 Enterik Kaplı Tablet;10;3;13;1.369;
08.08.2026;SELÇUK ECZA DEPOSU;SELÇUK SAMSUN;8680001158379;HALK ECZANESİ;ORDU GUNEY ILCELER -1;PANOCER;Panocer 40 mg 28 Enterik Kaplı Tablet;10;3;13;1.369;
08.08.2026;SELÇUK ECZA DEPOSU;SELÇUK SAMSUN;8680001413171;AYKANAT ECZANESİ;SAMSUN ATAKUM;PANOCER;Panocer 40 mg 28 Enterik Kaplı Tablet;3;0;3;316;
08.08.2026;ALLIANCE HEALTHCARE;AH ORDU;8680001726363;NİHAN ECZANESİ;GIRESUN MERKEZ -2;PANOCER;Panocer 40 mg 28 Enterik Kaplı Tablet;10;3;13;1.369;
08.08.2026;ALLIANCE HEALTHCARE;AH SAMSUN;8680001485772;ÇELEBİ ECZANESİ;SAMSUN ATAKENT+19 MAYIS;PANOCER;Panocer 40 mg 28 Enterik Kaplı Tablet;10;3;13;1.369;
09.08.2026;İSTANBUL ECZA KOOP;İSKOOP MERKEZ;8680001484027;HİLAL ALTEKİN ECZANESİ;AMASYA MERKEZ -1;ACİDPASS;Acidpass 10/800/165 mg 12 Çiğneme Tablet;10;1;11;1.235;
09.08.2026;SELÇUK ECZA DEPOSU;SELÇUK SAMSUN;8680001443963;HALK ECZANESİ;TOKAT MERKEZ -2;ACİDPASS;Acidpass 10/800/165 mg 12 Çiğneme Tablet;2;0;2;224;
09.08.2026;SELÇUK ECZA DEPOSU;SELÇUK TRABZON;8680001602841;MARAŞ ECZANESİ;TRABZON MERKEZ -4;ACİDPASS;Acidpass 10/800/165 mg 12 Çiğneme Tablet;5;0;5;561;
09.08.2026;İSTANBUL ECZA KOOP;İSKOOP MERKEZ;8680001484027;HİLAL ALTEKİN ECZANESİ;AMASYA MERKEZ -1;GRİPORT COLD;Griport Cold 20 Film Kaplı Tablet;1;0;1;84;
09.08.2026;SELÇUK ECZA DEPOSU;SELÇUK ERZURUM;8680001878291;ASYA ECZANESİ;ERZURUM MERKEZ -1;GRİPORT COLD;Griport Cold 20 Film Kaplı Tablet;5;1;6;505;
09.08.2026;SELÇUK ECZA DEPOSU;SELÇUK SAMSUN;8680001158379;HALK ECZANESİ;ORDU GUNEY ILCELER -1;MOKSEFEN;Moksefen 400 mg 7 Film Tablet;10;3;13;1.937;
09.08.2026;SELÇUK ECZA DEPOSU;SELÇUK SAMSUN;8680001560479;BAYŞU ECZANESİ;ORDU FATSA;MOKSEFEN;Moksefen 400 mg 7 Film Tablet;5;1;6;894;
09.08.2026;SELÇUK ECZA DEPOSU;SELÇUK SAMSUN;8680001479726;BOĞAZİÇİ ECZANESİ;ORDU BATI ILCELER;MOKSEFEN;Moksefen 400 mg 7 Film Tablet;5;1;6;894;
09.08.2026;SELÇUK ECZA DEPOSU;SELÇUK TRABZON;8680001111343;EKŞİOĞLU ECZANESİ;RIZE BATI ILCELER;PANOCER;Panocer 40 mg 14 Enterik Kaplı Tablet;2;0;2;162;
09.08.2026;ALLIANCE HEALTHCARE;AH ERZURUM;8680001233120;DEVA ECZANESİ;ERZINCAN MERKEZ;PANOCER;Panocer 40 mg 28 Enterik Kaplı Tablet;30;12;42;4.423;
09.08.2026;ALLIANCE HEALTHCARE;AH SAMSUN;8680001672936;BERKAY ECZANESİ;SINOP GUNEY ILCELER;PANOCER;Panocer 40 mg 28 Enterik Kaplı Tablet;10;3;13;1.369;
10.08.2026;İSTANBUL ECZA KOOP;İSKOOP MERKEZ;8680001101573;KAVAK ECZANESİ;SAMSUN HAVZA+KAVAK+LADIK;ACİDPASS;Acidpass 10/800/165 mg 12 Çiğneme Tablet;10;1;11;1.235;
10.08.2026;İSTANBUL ECZA KOOP;İSKOOP MERKEZ;8680001720156;LAVANTA ECZANESİ;AMASYA MERKEZ -1;ACİDPASS;Acidpass 10/800/165 mg 12 Çiğneme Tablet;2;0;2;224;
10.08.2026;İSTANBUL ECZA KOOP;İSKOOP MERKEZ;8680001120857;ÖNSOY ECZANESİ;SINOP DOGU-BATI ILCELER;ACİDPASS;Acidpass 10/800/165 mg 12 Çiğneme Tablet;2;0;2;224;
10.08.2026;SELÇUK ECZA DEPOSU;SELÇUK TRABZON;8680001211777;KONAK ECZANESİ;GIRESUN DOGU ILCELER -2;ACİDPASS;Acidpass 10/800/165 mg 12 Çiğneme Tablet;10;1;11;1.235;
10.08.2026;SELÇUK ECZA DEPOSU;SELÇUK SAMSUN;8680001935871;CEREN ECZANESI TURHAL;TOKAT BATI ILCELER;ACİDPASS;Acidpass 10/800/165 mg 12 Çiğneme Tablet;10;1;11;1.235;
10.08.2026;SELÇUK ECZA DEPOSU;SELÇUK SAMSUN;8680001698097;PARK ECZANESİ;ORDU MERKEZ -1;ACİDPASS;Acidpass 10/800/165 mg 12 Çiğneme Tablet;10;1;11;1.235;
10.08.2026;SELÇUK ECZA DEPOSU;SELÇUK SAMSUN;8680001148684;İSTASYON ECZANESİ;SIVAS MERKEZ -4;ACİDPASS;Acidpass 10/800/165 mg 12 Çiğneme Tablet;2;0;2;224;
10.08.2026;SELÇUK ECZA DEPOSU;SELÇUK SAMSUN;8680001698097;PARK ECZANESİ;ORDU MERKEZ -1;ACİDPASS;Acidpass 10/800/165 mg 12 Çiğneme Tablet;3;0;3;337;
10.08.2026;SELÇUK ECZA DEPOSU;SELÇUK TRABZON;8680001165971;MEYDAN ECZANESİ;GIRESUN MERKEZ -2;ACİDPASS;Acidpass 10/800/165 mg 12 Çiğneme Tablet;3;0;3;337;
10.08.2026;SELÇUK ECZA DEPOSU;SELÇUK TRABZON;8680001254255;MERKEZ ECZANESİ;TRABZON AKCAABAT;ACİDPASS;Acidpass 10/800/165 mg 12 Çiğneme Tablet;10;1;11;1.235;
10.08.2026;SELÇUK ECZA DEPOSU;SELÇUK ERZURUM;8680001383443;AHSEN ECZANESİ;ERZINCAN MERKEZ;ACİDPASS;Acidpass 10/800/165 mg 12 Çiğneme Tablet;20;3;23;2.581;
10.08.2026;SELÇUK ECZA DEPOSU;SELÇUK ERZURUM;8680001116003;ERENLER ECZANESİ;ERZURUM MERKEZ -1;ACİDPASS;Acidpass 10/800/165 mg 12 Çiğneme Tablet;10;1;11;1.235;
10.08.2026;SELÇUK ECZA DEPOSU;SELÇUK ERZURUM;8680001755509;BAHAR ECZANESİ;AGRI DIYADIN+D.BEYAZIT;ACİDPASS;Acidpass 10/800/165 mg 12 Çiğneme Tablet;1;0;1;112;
10.08.2026;SELÇUK ECZA DEPOSU;SELÇUK SAMSUN;8680001181810;BAKLACIOĞLU ECZANESİ;TOKAT TURHAL;ACİDPASS;Acidpass 10/800/165 mg 12 Çiğneme Tablet;2;0;2;224;
10.08.2026;SELÇUK ECZA DEPOSU;SELÇUK TRABZON;8680001566273;SADIK ECZANESİ;GIRESUN DOGU ILCELER -1;ACİDPASS;Acidpass 10/800/165 mg 12 Çiğneme Tablet;1;0;1;112;
10.08.2026;SELÇUK ECZA DEPOSU;SELÇUK SAMSUN;8680001246724;YASEMİN ECZANESİ;ORDU UNYE;ACİDPASS;Acidpass 10/800/165 mg 12 Çiğneme Tablet;10;1;11;1.235;
10.08.2026;SELÇUK ECZA DEPOSU;SELÇUK SAMSUN;8680001233953;YAMANER ECZANESİ;ORDU UNYE;ACİDPASS;Acidpass 10/800/165 mg 12 Çiğneme Tablet;10;1;11;1.235;
10.08.2026;SELÇUK ECZA DEPOSU;SELÇUK ERZURUM;8680001175369;ARAS ECZANESİ;KARS ILCELER;ACİDPASS;Acidpass 10/800/165 mg 12 Çiğneme Tablet;2;0;2;224;
10.08.2026;SELÇUK ECZA DEPOSU;SELÇUK TRABZON;8680001455256;NESLİHAN ECZANESİ;GIRESUN MERKEZ -2;ACİDPASS;Acidpass 10/800/165 mg 12 Çiğneme Tablet;10;1;11;1.235;
10.08.2026;SELÇUK ECZA DEPOSU;SELÇUK TRABZON;8680001634354;KURT ECZANESİ;GIRESUN GUNEY ILCELER;ACİDPASS;Acidpass 10/800/165 mg 12 Çiğneme Tablet;20;3;23;2.581;
10.08.2026;SELÇUK ECZA DEPOSU;SELÇUK SAMSUN;8680001263066;LAÇİN ECZANESİ;SINOP MERKEZ;ACİDPASS;Acidpass 10/800/165 mg 12 Çiğneme Tablet;3;0;3;337;
10.08.2026;İSTANBUL ECZA KOOP;İSKOOP MERKEZ;8680001141371;PELİN ECZANESİ;SAMSUN HURRIYET+ZAFER;ACİDPASS;Acidpass 10/800/165 mg 12 Çiğneme Tablet;2;0;2;224;
10.08.2026;İSTANBUL ECZA KOOP;İSKOOP MERKEZ;8680001524532;ÖYKÜ ECZANESİ;SAMSUN ATAKUM;ACİDPASS;Acidpass 10/800/165 mg 12 Çiğneme Tablet;10;1;11;1.235;
10.08.2026;SELÇUK ECZA DEPOSU;SELÇUK SAMSUN;8680001486359;SU ECZANESİ;ORDU GUNEY ILCELER -1;ACİDPASS;Acidpass 10/800/165 mg 6 Çiğneme Tablet;3;0;3;207;
10.08.2026;SELÇUK ECZA DEPOSU;SELÇUK TRABZON;8680001518876;EMRE ECZANESİ;GIRESUN MERKEZ -2;FAMTREC;Famtrec 800/26,6mg 14 Film Kaplı Tablet;1;0;1;102;
10.08.2026;SELÇUK ECZA DEPOSU;SELÇUK SAMSUN;8680001252817;AKAR ECZANESİ;ORDU FATSA;FAMTREC;Famtrec 800/26,6mg 14 Film Kaplı Tablet;5;1;6;613;
10.08.2026;İSTANBUL ECZA KOOP;İSKOOP MERKEZ;8680001139057;GÜNGÖR ECZANESİ;AMASYA MERKEZ -2;FAMTREC;Famtrec 800/26,6mg 14 Film Kaplı Tablet;1;0;1;102;
10.08.2026;İSTANBUL ECZA KOOP;İSKOOP MERKEZ;8680001110933;VATAN ECZANESİ;SAMSUN VEZIRKOPRU;FAMTREC;Famtrec 800/26,6mg 14 Film Kaplı Tablet;5;1;6;613;
10.08.2026;SELÇUK ECZA DEPOSU;SELÇUK TRABZON;8680001116782;ÇAYELİ ECZANESİ;RIZE BATI ILCELER;FAMTREC;Famtrec 800/26,6mg 14 Film Kaplı Tablet;2;0;2;204;
10.08.2026;SELÇUK ECZA DEPOSU;SELÇUK SAMSUN;8680001370214;ULVİ ECZANESİ;ORDU FATSA;FAMTREC;Famtrec 800/26,6mg 14 Film Kaplı Tablet;1;0;1;102;
10.08.2026;SELÇUK ECZA DEPOSU;SELÇUK SAMSUN;8680001277919;İYİ ECZANESİ;ORDU FATSA;FAMTREC;Famtrec 800/26,6mg 14 Film Kaplı Tablet;2;0;2;204;
10.08.2026;SELÇUK ECZA DEPOSU;SELÇUK SAMSUN;8680001428236;NUR ECZANESİ;ORDU GUNEY ILCELER -1;FAMTREC;Famtrec 800/26,6mg 14 Film Kaplı Tablet;5;1;6;613;
10.08.2026;SELÇUK ECZA DEPOSU;SELÇUK SAMSUN;8680001278268;LOKMAN ECZANESİ;ORDU FATSA;FAMTREC;Famtrec 800/26,6mg 14 Film Kaplı Tablet;2;0;2;204;
10.08.2026;SELÇUK ECZA DEPOSU;SELÇUK SAMSUN;8680001277759;TOPALOĞLU ECZANESİ;ORDU FATSA;FAMTREC;Famtrec 800/26,6mg 14 Film Kaplı Tablet;2;0;2;204;
10.08.2026;SELÇUK ECZA DEPOSU;SELÇUK TRABZON;8680001185986;ERTEKİN ECZANESİ;GIRESUN BULANCAK+PIRAZIZ;FAMTREC;Famtrec 800/26,6mg 14 Film Kaplı Tablet;10;2;12;1.226;
10.08.2026;SELÇUK ECZA DEPOSU;SELÇUK SAMSUN;8680001418961;LADİK ELİF ECZANESİ;SAMSUN HAVZA+KAVAK+LADIK;FAMTREC;Famtrec 800/26,6mg 30 Film Kaplı Tablet;1;0;1;219;
10.08.2026;SELÇUK ECZA DEPOSU;SELÇUK SAMSUN;8680001629701;BURUNUCU ECZANESI;ORDU UNYE;GRİPORT COLD;Griport Cold 20 Film Kaplı Tablet;1;0;1;84;
10.08.2026;SELÇUK ECZA DEPOSU;SELÇUK TRABZON;8680001443925;DOĞANKÖY ŞİFA ECZANESİ;TRABZON AKCAABAT;GRİPORT COLD;Griport Cold 20 Film Kaplı Tablet;10;3;13;1.094;
10.08.2026;SELÇUK ECZA DEPOSU;SELÇUK ERZURUM;8680001938407;HAYAT ECZANESİ;ERZINCAN MERKEZ;GRİPORT COLD;Griport Cold 20 Film Kaplı Tablet;5;1;6;505;
10.08.2026;İSTANBUL ECZA KOOP;İSKOOP MERKEZ;8680001123179;YÜKSEL ECZANESİ;SINOP DOGU-BATI ILCELER;GRİPORT COLD;Griport Cold 20 Film Kaplı Tablet;10;3;13;1.094;
10.08.2026;SELÇUK ECZA DEPOSU;SELÇUK TRABZON;8680001517299;ONUR ECZANESİ;GIRESUN MERKEZ -2;GRİPORT COLD;Griport Cold 20 Film Kaplı Tablet;10;3;13;1.094;
10.08.2026;İSTANBUL ECZA KOOP;İSKOOP MERKEZ;8680001891580;AHSEN ECZANESİ;SAMSUN ATAKUM;GRİPORT COLD;Griport Cold 20 Film Kaplı Tablet;5;1;6;505;
10.08.2026;İSTANBUL ECZA KOOP;İSKOOP MERKEZ;8680001499301;GİZEM ECZANESİ;AMASYA MERZIFON;MOKSEFEN;Moksefen 400 mg 7 Film Tablet;2;0;2;298;
10.08.2026;SELÇUK ECZA DEPOSU;SELÇUK ERZURUM;8680001120598;ZÜBEYDE ECZANESİ;ERZINCAN MERKEZ;MOKSEFEN;Moksefen 400 mg 7 Film Tablet;30;15;45;6.705;
10.08.2026;SELÇUK ECZA DEPOSU;SELÇUK SAMSUN;8680001109180;ÇINAR ECZANESİ;SAMSUN VEZIRKOPRU;MOKSEFEN;Moksefen 400 mg 7 Film Tablet;30;15;45;6.705;
10.08.2026;SELÇUK ECZA DEPOSU;SELÇUK SAMSUN;8680001531301;PEKŞEN ECZANESİ;SAMSUN ATAKENT+19 MAYIS;MOKSEFEN;Moksefen 400 mg 7 Film Tablet;10;3;13;1.937;
10.08.2026;ALLIANCE HEALTHCARE;AH ERZURUM;8680001119219;SEFA ECZANESİ;ERZURUM MERKEZ -3;PANOCER;Panocer 40 mg 14 Enterik Kaplı Tablet;4;0;4;324;
10.08.2026;ALLIANCE HEALTHCARE;AH ORDU;8680001901760;TUĞÇEM ECZANESİ;ORDU FATSA;PANOCER;Panocer 40 mg 14 Enterik Kaplı Tablet;10;3;13;1.052;
10.08.2026;ALLIANCE HEALTHCARE;AH SAMSUN;8680001155842;ESRA ECZANESİ;SAMSUN ATAKENT+19 MAYIS;PANOCER;Panocer 40 mg 14 Enterik Kaplı Tablet;1;0;1;81;
10.08.2026;ALLIANCE HEALTHCARE;AH SAMSUN;8680001177394;CAN ECZANESİ;TOKAT MERKEZ -1;PANOCER;Panocer 40 mg 14 Enterik Kaplı Tablet;10;3;13;1.052;
10.08.2026;ALLIANCE HEALTHCARE;AH SAMSUN;8680001169740;SAĞLIK ECZANESİ;AMASYA MERZIFON;PANOCER;Panocer 40 mg 28 Enterik Kaplı Tablet;10;3;13;1.369;
10.08.2026;ALLIANCE HEALTHCARE;AH SAMSUN;8680001601097;YAŞAM ECZANESİ;TOKAT ERBAA;PANOCER;Panocer 40 mg 28 Enterik Kaplı Tablet;1;0;1;105;
10.08.2026;ALLIANCE HEALTHCARE;AH SAMSUN;8680001155842;ESRA ECZANESİ;SAMSUN ATAKENT+19 MAYIS;PANOCER;Panocer 40 mg 28 Enterik Kaplı Tablet;10;3;13;1.369;
10.08.2026;ALLIANCE HEALTHCARE;AH ERZURUM;8680001566983;CADDE ECZANESİ;ERZURUM MERKEZ -3;PANOCER;Panocer 40 mg 28 Enterik Kaplı Tablet;10;3;13;1.369;
10.08.2026;ALLIANCE HEALTHCARE;AH SAMSUN;8680001172443;HAZNECİ ECZANESİ;AMASYA MERZIFON;PANOCER;Panocer 40 mg 28 Enterik Kaplı Tablet;10;3;13;1.369;
10.08.2026;ALLIANCE HEALTHCARE;AH TRABZON;8680001657544;AKTOPRAK ECZANESİ;TRABZON MERKEZ -1;PANOCER;Panocer 40 mg 28 Enterik Kaplı Tablet;2;0;2;211;
10.08.2026;ALLIANCE HEALTHCARE;AH TRABZON;8680001473045;EBRU ECZANESİ;TRABZON DOGU ILCELER - 2;PANOCER;Panocer 40 mg 28 Enterik Kaplı Tablet;1;0;1;105;
10.08.2026;ALLIANCE HEALTHCARE;AH TRABZON;8680001274208;BAHÇECİK ECZANESİ;TRABZON MERKEZ -2;PANOCER;Panocer 40 mg 28 Enterik Kaplı Tablet;30;12;42;4.423;
10.08.2026;ALLIANCE HEALTHCARE;AH SAMSUN;8680001495306;DENİZCİ ECZANESİ;SAMSUN RASATHANE;PANOCER;Panocer 40 mg 28 Enterik Kaplı Tablet;10;3;13;1.369;
10.08.2026;ALLIANCE HEALTHCARE;AH SAMSUN;8680001105274;SOĞUKSU ECZANESİ;SAMSUN CANIK;PANOCER;Panocer 40 mg 28 Enterik Kaplı Tablet;10;3;13;1.369;
10.08.2026;ALLIANCE HEALTHCARE;AH SAMSUN;8680001702251;DAMLA ECZANESİ;AMASYA MERKEZ -2;PANOCER;Panocer 40 mg 28 Enterik Kaplı Tablet;10;3;13;1.369;
10.08.2026;ALLIANCE HEALTHCARE;AH SAMSUN;8680001158256;DOĞA ECZANESİ;CORUM MERKEZ -3;PANOCER;Panocer 40 mg 28 Enterik Kaplı Tablet;10;3;13;1.369;
10.08.2026;ALLIANCE HEALTHCARE;AH SAMSUN;8680001488216;ÇİĞDEM ECZANESİ;AMASYA ILCELER;PANOCER;Panocer 40 mg 28 Enterik Kaplı Tablet;30;12;42;4.423;
10.08.2026;ALLIANCE HEALTHCARE;AH SAMSUN;8680001419340;ESER ECZANESİ;CORUM MERKEZ -1;PANOCER;Panocer 40 mg 28 Enterik Kaplı Tablet;30;12;42;4.423;
10.08.2026;ALLIANCE HEALTHCARE;AH ORDU;8680001277001;GAZİ ECZANESİ;ORDU FATSA;PANOCER;Panocer 40 mg 28 Enterik Kaplı Tablet;10;3;13;1.369;
10.08.2026;ALLIANCE HEALTHCARE;AH SAMSUN;8680001116812;GÜÇLÜ ECZANESİ;SINOP DOGU-BATI ILCELER;PANOCER;Panocer 40 mg 28 Enterik Kaplı Tablet;30;12;42;4.423;
10.08.2026;ALLIANCE HEALTHCARE;AH ORDU;8680001232949;UFUK ECZANESİ;ORDU MERKEZ -1;PANOCER;Panocer 40 mg 28 Enterik Kaplı Tablet;30;12;42;4.423;
10.08.2026;ALLIANCE HEALTHCARE;AH ORDU;8680001700653;KIR ECZANESI;ORDU FATSA;PANOCER;Panocer 40 mg 28 Enterik Kaplı Tablet;10;3;13;1.369;
10.08.2026;İSTANBUL ECZA KOOP;İSKOOP MERKEZ;8680001619375;NANE LİMON ECZANESİ;SAMSUN ATAKENT+19 MAYIS;PANOCER;Panocer 40 mg 28 Enterik Kaplı Tablet;10;3;13;1.369;
10.08.2026;SELÇUK ECZA DEPOSU;SELÇUK TRABZON;8680001471218;ARAKLI ŞİFA ECZANESİ;TRABZON DOGU ILCELER - 2;PANOCER;Panocer 40 mg 28 Enterik Kaplı Tablet;10;3;13;1.369;
10.08.2026;SELÇUK ECZA DEPOSU;SELÇUK ERZURUM;8680001714285;DERMAN ECZANESİ;ERZURUM GUNEY ILCELER;PANOCER;Panocer 40 mg 28 Enterik Kaplı Tablet;10;3;13;1.369;
10.08.2026;SELÇUK ECZA DEPOSU;SELÇUK ERZURUM;8680001566983;CADDE ECZANESİ;ERZURUM MERKEZ -3;PANOCER;Panocer 40 mg 28 Enterik Kaplı Tablet;2;0;2;211;
10.08.2026;SELÇUK ECZA DEPOSU;SELÇUK ERZURUM;8680001800605;CERRAHPAŞA ECZANESİ;AGRI ILCELER;PANOCER;Panocer 40 mg 28 Enterik Kaplı Tablet;30;12;42;4.423;
10.08.2026;SELÇUK ECZA DEPOSU;SELÇUK TRABZON;8680001566273;SADIK ECZANESİ;GIRESUN DOGU ILCELER -1;PANOCER;Panocer 40 mg 28 Enterik Kaplı Tablet;10;3;13;1.369;
10.08.2026;ALLIANCE HEALTHCARE;AH KAYSERİ;8680001493012;ESRA KAYA ECZANESİ;SIVAS MERKEZ -4;PANOCER;Panocer 40 mg 28 Enterik Kaplı Tablet;10;3;13;1.369;
10.08.2026;SELÇUK ECZA DEPOSU;SELÇUK SAMSUN;8680001707973;ÜSTÜNDAĞ ECZANESİ;TOKAT MERKEZ -1;PANOCER;Panocer 40 mg 28 Enterik Kaplı Tablet;10;3;13;1.369;
10.08.2026;SELÇUK ECZA DEPOSU;SELÇUK SAMSUN;8680001463879;İKBAL ECZANESİ;CORUM MERKEZ -3;PANOCER;Panocer 40 mg 28 Enterik Kaplı Tablet;10;3;13;1.369;
10.08.2026;SELÇUK ECZA DEPOSU;SELÇUK SAMSUN;8680001733743;ECZANE İLGİ;TOKAT DOGU ILCELER;PANOCER;Panocer 40 mg 28 Enterik Kaplı Tablet;1;0;1;105;
10.08.2026;SELÇUK ECZA DEPOSU;SELÇUK SAMSUN;8680001573523;CIHAN ECZANESI;TOKAT MERKEZ -2;PANOCER;Panocer 40 mg 28 Enterik Kaplı Tablet;1;0;1;105;
10.08.2026;SELÇUK ECZA DEPOSU;SELÇUK SAMSUN;8680001137350;METİN ECZANESİ;SAMSUN DOGU ILCELER - 2;PANOCER;Panocer 40 mg 28 Enterik Kaplı Tablet;3;0;3;316;
10.08.2026;SELÇUK ECZA DEPOSU;SELÇUK TRABZON;8680001654994;ULU ECZANESİ;TRABZON DOGU ILCELER -1;PANOCER;Panocer 40 mg 28 Enterik Kaplı Tablet;10;3;13;1.369;
10.08.2026;SELÇUK ECZA DEPOSU;SELÇUK SAMSUN;8680001278268;LOKMAN ECZANESİ;ORDU FATSA;PANOCER;Panocer 40 mg 28 Enterik Kaplı Tablet;10;3;13;1.369;
10.08.2026;SELÇUK ECZA DEPOSU;SELÇUK SAMSUN;8680001104239;CEDİT ECZANESİ;SAMSUN DOGU ILCELER;PANOCER;Panocer 40 mg 28 Enterik Kaplı Tablet;30;12;42;4.423;
10.08.2026;SELÇUK ECZA DEPOSU;SELÇUK SAMSUN;8680001147694;ECEM ECZANESİ;CORUM GUNEYBATI ILCELER;PANOCER;Panocer 40 mg 28 Enterik Kaplı Tablet;10;3;13;1.369;
10.08.2026;SELÇUK ECZA DEPOSU;SELÇUK ERZURUM;8680001117567;DUMAN ECZANESİ;AGRI MERKEZ;PANOCER;Panocer 40 mg 28 Enterik Kaplı Tablet;10;3;13;1.369;
10.08.2026;SELÇUK ECZA DEPOSU;SELÇUK TRABZON;8680001860883;ATA ECZANESİ;TRABZON MERKEZ -1;PANOCER;Panocer 40 mg 28 Enterik Kaplı Tablet;10;3;13;1.369;
10.08.2026;İSTANBUL ECZA KOOP;İSKOOP MERKEZ;8680001122202;TEK ECZANESİ;SINOP GUNEY ILCELER;PANOCER;Panocer 40 mg 28 Enterik Kaplı Tablet;10;3;13;1.369;
10.08.2026;İSTANBUL ECZA KOOP;İSKOOP MERKEZ;8680001130283;VİTAMİN ECZANESİ;AMASYA MERKEZ -2;PANOCER;Panocer 40 mg 28 Enterik Kaplı Tablet;10;3;13;1.369;
10.08.2026;İSTANBUL ECZA KOOP;İSKOOP MERKEZ;8680001499301;GİZEM ECZANESİ;AMASYA MERZIFON;PANOCER;Panocer 40 mg 28 Enterik Kaplı Tablet;10;3;13;1.369;
10.08.2026;SELÇUK ECZA DEPOSU;SELÇUK SAMSUN;8680001894116;UMUT ECZANESİ;CORUM KARGI+OSMANCIK;PANOCER;Panocer 40 mg 28 Enterik Kaplı Tablet;10;3;13;1.369;
10.08.2026;SELÇUK ECZA DEPOSU;SELÇUK SAMSUN;8680001709571;LOTUS ECZANESİ;ORDU DOGU ILCELER;PANOCER;Panocer 40 mg 28 Enterik Kaplı Tablet;30;12;42;4.423;
10.08.2026;SELÇUK ECZA DEPOSU;SELÇUK SAMSUN;8680001101542;ASYA ECZANESİ;SAMSUN DOGU ILCELER;PANOCER;Panocer 40 mg 28 Enterik Kaplı Tablet;2;0;2;211;
10.08.2026;SELÇUK ECZA DEPOSU;SELÇUK SAMSUN;8680001443963;HALK ECZANESİ;TOKAT MERKEZ -2;PANOCER;Panocer 40 mg 28 Enterik Kaplı Tablet;30;12;42;4.423;
11.08.2026;SELÇUK ECZA DEPOSU;SELÇUK SAMSUN;8680001142163;ÖMÜR ECZANESİ;CORUM MERKEZ -1;ACİDPASS;Acidpass 10/800/165 mg 12 Çiğneme Tablet;10;1;11;1.235;
11.08.2026;SELÇUK ECZA DEPOSU;SELÇUK SAMSUN;8680001154609;HAYAT ECZANESİ;CORUM GUNEYDOGU ILCELER;ACİDPASS;Acidpass 10/800/165 mg 12 Çiğneme Tablet;10;1;11;1.235;
11.08.2026;İSTANBUL ECZA KOOP;İSKOOP MERKEZ;8680001130283;VİTAMİN ECZANESİ;AMASYA MERKEZ -2;ACİDPASS;Acidpass 10/800/165 mg 12 Çiğneme Tablet;4;0;4;449;
11.08.2026;İSTANBUL ECZA KOOP;İSKOOP MERKEZ;8680001666126;ÇAYAN ECZANESİ;SAMSUN VEZIRKOPRU;ACİDPASS;Acidpass 10/800/165 mg 12 Çiğneme Tablet;10;1;11;1.235;
11.08.2026;İSTANBUL ECZA KOOP;İSKOOP MERKEZ;8680001655717;ÖZGÜR ECZANESİ;AMASYA MERKEZ -1;ACİDPASS;Acidpass 10/800/165 mg 12 Çiğneme Tablet;10;1;11;1.235;
11.08.2026;İSTANBUL ECZA KOOP;İSKOOP MERKEZ;8680001122202;TEK ECZANESİ;SINOP GUNEY ILCELER;ACİDPASS;Acidpass 10/800/165 mg 12 Çiğneme Tablet;2;0;2;224;
11.08.2026;İSTANBUL ECZA KOOP;İSKOOP MERKEZ;8680001139057;GÜNGÖR ECZANESİ;AMASYA MERKEZ -2;ACİDPASS;Acidpass 10/800/165 mg 12 Çiğneme Tablet;3;0;3;337;
11.08.2026;İSTANBUL ECZA KOOP;İSKOOP MERKEZ;8680001215720;ANADOLU ECZANESİ;TOKAT DOGU ILCELER;ACİDPASS;Acidpass 10/800/165 mg 12 Çiğneme Tablet;10;1;11;1.235;
11.08.2026;İSTANBUL ECZA KOOP;İSKOOP MERKEZ;8680001122202;TEK ECZANESİ;SINOP GUNEY ILCELER;ACİDPASS;Acidpass 10/800/165 mg 12 Çiğneme Tablet;2;0;2;224;
11.08.2026;İSTANBUL ECZA KOOP;İSKOOP MERKEZ;8680001727520;PELİTKÖY İPEK ECZANESİ;SAMSUN ATAKENT+19 MAYIS;ACİDPASS;Acidpass 10/800/165 mg 12 Çiğneme Tablet;3;0;3;337;
11.08.2026;SELÇUK ECZA DEPOSU;SELÇUK TRABZON;8680001924912;VELİOĞLU ECZANESİ;TRABZON BATI ILCELER - 2;ACİDPASS;Acidpass 10/800/165 mg 12 Çiğneme Tablet;2;0;2;224;
11.08.2026;SELÇUK ECZA DEPOSU;SELÇUK TRABZON;8680001684878;HAZAR ECZANESİ;GIRESUN MERKEZ -2;ACİDPASS;Acidpass 10/800/165 mg 12 Çiğneme Tablet;10;1;11;1.235;
11.08.2026;SELÇUK ECZA DEPOSU;SELÇUK ERZURUM;8680001145980;ÖZLEM ECZANESİ;AGRI ILCELER;ACİDPASS;Acidpass 10/800/165 mg 12 Çiğneme Tablet;2;0;2;224;
11.08.2026;SELÇUK ECZA DEPOSU;SELÇUK ERZURUM;8680001661350;RUKİYE ECZANESİ;AGRI MERKEZ;ACİDPASS;Acidpass 10/800/165 mg 12 Çiğneme Tablet;2;0;2;224;
11.08.2026;SELÇUK ECZA DEPOSU;SELÇUK SAMSUN;8680001114375;GÜNGÖRMÜŞ ECZANESİ;SAMSUN ULUGAZI;ACİDPASS;Acidpass 10/800/165 mg 12 Çiğneme Tablet;2;0;2;224;
11.08.2026;SELÇUK ECZA DEPOSU;SELÇUK SAMSUN;8680001153480;GÜMÜŞAĞA ECZANESİ;CORUM KUZEY ILCELER;ACİDPASS;Acidpass 10/800/165 mg 12 Çiğneme Tablet;3;0;3;337;
11.08.2026;SELÇUK ECZA DEPOSU;SELÇUK TRABZON;8680001264346;HAYIRLIOĞLU ECZANESİ;TRABZON MERKEZ -3;ACİDPASS;Acidpass 10/800/165 mg 12 Çiğneme Tablet;2;0;2;224;
11.08.2026;SELÇUK ECZA DEPOSU;SELÇUK TRABZON;8680001112364;ŞİFA ECZANESİ;RIZE MERKEZ;ACİDPASS;Acidpass 10/800/165 mg 12 Çiğneme Tablet;10;1;11;1.235;
11.08.2026;SELÇUK ECZA DEPOSU;SELÇUK SAMSUN;8680001277360;SEÇKİN ECZANESİ;ORDU FATSA;ACİDPASS;Acidpass 10/800/165 mg 12 Çiğneme Tablet;20;3;23;2.581;
11.08.2026;SELÇUK ECZA DEPOSU;SELÇUK SAMSUN;8680001166572;AKADEMİ ECZANESİ;TOKAT MERKEZ -1;ACİDPASS;Acidpass 10/800/165 mg 12 Çiğneme Tablet;2;0;2;224;
11.08.2026;SELÇUK ECZA DEPOSU;SELÇUK SAMSUN;8680001114375;GÜNGÖRMÜŞ ECZANESİ;SAMSUN ULUGAZI;ACİDPASS;Acidpass 10/800/165 mg 12 Çiğneme Tablet;1;0;1;112;
11.08.2026;SELÇUK ECZA DEPOSU;SELÇUK ERZURUM;8680001810277;TANCA ECZANESİ;AGRI DIYADIN+D.BEYAZIT;ACİDPASS;Acidpass 10/800/165 mg 12 Çiğneme Tablet;1;0;1;112;
11.08.2026;SELÇUK ECZA DEPOSU;SELÇUK ERZURUM;8680001742967;SÜPHAN ECZANESİ;AGRI ILCELER;ACİDPASS;Acidpass 10/800/165 mg 12 Çiğneme Tablet;2;0;2;224;
11.08.2026;SELÇUK ECZA DEPOSU;SELÇUK TRABZON;8680001112364;ŞİFA ECZANESİ;RIZE MERKEZ;ACİDPASS;Acidpass 10/800/165 mg 12 Çiğneme Tablet;1;0;1;112;
11.08.2026;SELÇUK ECZA DEPOSU;SELÇUK TRABZON;8680001474837;AHSEN ECZANESİ;GIRESUN MERKEZ -2;ACİDPASS;Acidpass 10/800/165 mg 12 Çiğneme Tablet;-46;-15;-61;-6.846;
11.08.2026;SELÇUK ECZA DEPOSU;SELÇUK TRABZON;8680001808465;YILDIRIM ECZANESİ;RIZE BATI ILCELER;ACİDPASS;Acidpass 10/800/165 mg 12 Çiğneme Tablet;20;3;23;2.581;
11.08.2026;İSTANBUL ECZA KOOP;İSKOOP MERKEZ;8680001143719;ALBAYRAK ECZANESİ;CORUM MERKEZ -1;ACİDPASS;Acidpass 10/800/165 mg 12 Çiğneme Tablet;10;1;11;1.235;
11.08.2026;SELÇUK ECZA DEPOSU;SELÇUK ERZURUM;8680001810277;TANCA ECZANESİ;AGRI DIYADIN+D.BEYAZIT;ACİDPASS;Acidpass 10/800/165 mg 6 Çiğneme Tablet;1;0;1;69;
11.08.2026;İSTANBUL ECZA KOOP;İSKOOP MERKEZ;8680001109043;BAHAR ECZANESİ;SAMSUN BAHCELIEVLER;ACİDPASS;Acidpass 10/800/165 mg 6 Çiğneme Tablet;4;0;4;276;
11.08.2026;İSTANBUL ECZA KOOP;İSKOOP MERKEZ;8680001331116;ŞENEL ECZANESİ;AMASYA MERKEZ -1;FAMTREC;Famtrec 800/26,6mg 14 Film Kaplı Tablet;1;0;1;102;
11.08.2026;SELÇUK ECZA DEPOSU;SELÇUK SAMSUN;8680001650163;ERGÜDEN ECZANESİ;TOKAT DOGU ILCELER;FAMTREC;Famtrec 800/26,6mg 14 Film Kaplı Tablet;5;1;6;613;
11.08.2026;SELÇUK ECZA DEPOSU;SELÇUK SAMSUN;8680001561193;BAHARDALİ ECZANESİ;TOKAT DOGU ILCELER;FAMTREC;Famtrec 800/26,6mg 14 Film Kaplı Tablet;10;2;12;1.226;
11.08.2026;SELÇUK ECZA DEPOSU;SELÇUK SAMSUN;8680001740581;AYŞENUR ECZANESİ;ORDU FATSA;FAMTREC;Famtrec 800/26,6mg 14 Film Kaplı Tablet;1;0;1;102;
11.08.2026;SELÇUK ECZA DEPOSU;SELÇUK SAMSUN;8680001113408;BAYEZIT ECZANESİ;AMASYA MERKEZ -2;FAMTREC;Famtrec 800/26,6mg 14 Film Kaplı Tablet;1;0;1;102;
11.08.2026;SELÇUK ECZA DEPOSU;SELÇUK SAMSUN;8680001692156;DEFNE ECZANESİ;ORDU BATI ILCELER;FAMTREC;Famtrec 800/26,6mg 14 Film Kaplı Tablet;1;0;1;102;
11.08.2026;SELÇUK ECZA DEPOSU;SELÇUK SAMSUN;8680001168781;BENDUYLU ECZANESİ;TOKAT DOGU ILCELER;FAMTREC;Famtrec 800/26,6mg 14 Film Kaplı Tablet;10;2;12;1.226;
11.08.2026;SELÇUK ECZA DEPOSU;SELÇUK SAMSUN;8680001674305;CEBECİ ECZANESİ;SAMSUN VEZIRKOPRU;FAMTREC;Famtrec 800/26,6mg 14 Film Kaplı Tablet;30;6;36;3.679;
11.08.2026;İSTANBUL ECZA KOOP;İSKOOP MERKEZ;8680001159000;KILIÇ ECZANESİ;AMASYA GOYNUCEK+TASOVA;FAMTREC;Famtrec 800/26,6mg 14 Film Kaplı Tablet;5;1;6;613;
11.08.2026;İSTANBUL ECZA KOOP;İSKOOP MERKEZ;8680001122189;ZEYNEP ECZANESİ;AMASYA MERKEZ -1;FAMTREC;Famtrec 800/26,6mg 14 Film Kaplı Tablet;1;0;1;102;
11.08.2026;İSTANBUL ECZA KOOP;İSKOOP MERKEZ;8680001447640;KARGI ECZANESİ;CORUM KARGI+OSMANCIK;FAMTREC;Famtrec 800/26,6mg 14 Film Kaplı Tablet;2;0;2;204;
11.08.2026;İSTANBUL ECZA KOOP;İSKOOP MERKEZ;8680001121410;HAYAT ECZANESİ;AMASYA MERKEZ -2;FAMTREC;Famtrec 800/26,6mg 14 Film Kaplı Tablet;5;1;6;613;
11.08.2026;İSTANBUL ECZA KOOP;İSKOOP MERKEZ;8680001484027;HİLAL ALTEKİN ECZANESİ;AMASYA MERKEZ -1;GRİPORT COLD;Griport Cold 20 Film Kaplı Tablet;2;0;2;168;
11.08.2026;İSTANBUL ECZA KOOP;İSKOOP MERKEZ;8680001120758;SIHHAT ECZANESİ;SINOP DOGU-BATI ILCELER;GRİPORT COLD;Griport Cold 20 Film Kaplı Tablet;10;3;13;1.094;
11.08.2026;SELÇUK ECZA DEPOSU;SELÇUK SAMSUN;8680001143481;ALPER ECZANESİ;SAMSUN DOGU ILCELER;GRİPORT COLD;Griport Cold 20 Film Kaplı Tablet;2;0;2;168;
11.08.2026;İSTANBUL ECZA KOOP;İSKOOP MERKEZ;8680001629978;YILMAZ ECZANESİ;SAMSUN BAFRA;GRİPORT COLD;Griport Cold 20 Film Kaplı Tablet;5;1;6;505;
11.08.2026;SELÇUK ECZA DEPOSU;SELÇUK TRABZON;8680001472376;HALK ECZANESİ;ARTVIN KUZEY ILCELER;GRİPORT COLD;Griport Cold 20 Film Kaplı Tablet;10;3;13;1.094;
11.08.2026;SELÇUK ECZA DEPOSU;SELÇUK TRABZON;8680001503735;KÜBRA ECZANESİ;RIZE MERKEZ;MOKSEFEN;Moksefen 400 mg 7 Film Tablet;5;1;6;894;
11.08.2026;SELÇUK ECZA DEPOSU;SELÇUK ERZURUM;8680001714285;DERMAN ECZANESİ;ERZURUM GUNEY ILCELER;MOKSEFEN;Moksefen 400 mg 7 Film Tablet;5;1;6;894;
11.08.2026;İSTANBUL ECZA KOOP;İSKOOP MERKEZ;8680001108671;ENGİZ ECZANESİ;SAMSUN ATAKENT+19 MAYIS;MOKSEFEN;Moksefen 400 mg 7 Film Tablet;30;15;45;6.705;
11.08.2026;SELÇUK ECZA DEPOSU;SELÇUK SAMSUN;8680001706730;YILMAZ ECZANESİ;AMASYA ILCELER;MOKSEFEN;Moksefen 400 mg 7 Film Tablet;30;15;45;6.705;
11.08.2026;SELÇUK ECZA DEPOSU;SELÇUK TRABZON;8680001275557;ONGAN ECZANESİ;TRABZON MERKEZ -4;MOKSEFEN;Moksefen 400 mg 7 Film Tablet;5;1;6;894;
11.08.2026;İSTANBUL ECZA KOOP;İSKOOP MERKEZ;8680001110537;ÇELİK ECZANESİ;SAMSUN ADALET;MOKSEFEN;Moksefen 400 mg 7 Film Tablet;1;0;1;149;
11.08.2026;SELÇUK ECZA DEPOSU;SELÇUK TRABZON;8680001116881;ÖZTÜRK ECZANESİ;RIZE BATI ILCELER;MOKSEFEN;Moksefen 400 mg 7 Film Tablet;5;1;6;894;
11.08.2026;ALLIANCE HEALTHCARE;AH SAMSUN;8680001109753;CUMHURİYET ECZANESİ;SAMSUN KALE;PANOCER;Panocer 40 mg 14 Enterik Kaplı Tablet;2;0;2;162;
11.08.2026;ALLIANCE HEALTHCARE;AH SAMSUN;8680001692644;ÇINAR ECZANESİ;SAMSUN ATAKENT+19 MAYIS;PANOCER;Panocer 40 mg 14 Enterik Kaplı Tablet;2;0;2;162;
11.08.2026;ALLIANCE HEALTHCARE;AH TRABZON;8680001932153;MORDUT ECZANESİ;GUMUSHANE;PANOCER;Panocer 40 mg 14 Enterik Kaplı Tablet;10;3;13;1.052;
11.08.2026;ALLIANCE HEALTHCARE;AH SAMSUN;8680001692644;ÇINAR ECZANESİ;SAMSUN ATAKENT+19 MAYIS;PANOCER;Panocer 40 mg 14 Enterik Kaplı Tablet;1;0;1;81;
11.08.2026;SELÇUK ECZA DEPOSU;SELÇUK SAMSUN;8680001473137;KEVSER ECZANESİ;SAMSUN ILKADIM - 2;PANOCER;Panocer 40 mg 14 Enterik Kaplı Tablet;1;0;1;81;
11.08.2026;SELÇUK ECZA DEPOSU;SELÇUK SAMSUN;8680001101542;ASYA ECZANESİ;SAMSUN DOGU ILCELER;PANOCER;Panocer 40 mg 28 Enterik Kaplı Tablet;2;0;2;211;
11.08.2026;SELÇUK ECZA DEPOSU;SELÇUK SAMSUN;8680001819553;MERKEZ ECZANESİ;TOKAT ERBAA;PANOCER;Panocer 40 mg 28 Enterik Kaplı Tablet;30;12;42;4.423;
11.08.2026;İSTANBUL ECZA KOOP;İSKOOP MERKEZ;8680001110636;DEREBAHÇE ECZANESİ;SAMSUN ADALET;PANOCER;Panocer 40 mg 28 Enterik Kaplı Tablet;3;0;3;316;
11.08.2026;İSTANBUL ECZA KOOP;İSKOOP MERKEZ;8680001124541;YEŞİLOVA ECZANESİ;AMASYA MERKEZ -2;PANOCER;Panocer 40 mg 28 Enterik Kaplı Tablet;10;3;13;1.369;
11.08.2026;SELÇUK ECZA DEPOSU;SELÇUK ERZURUM;8680001453986;SELİMİYE ECZANESİ;ERZURUM MERKEZ -3;PANOCER;Panocer 40 mg 28 Enterik Kaplı Tablet;10;3;13;1.369;
11.08.2026;SELÇUK ECZA DEPOSU;SELÇUK TRABZON;8680001229116;YAĞMUR ECZANESİ;TRABZON DOGU ILCELER - 2;PANOCER;Panocer 40 mg 28 Enterik Kaplı Tablet;10;3;13;1.369;
11.08.2026;SELÇUK ECZA DEPOSU;SELÇUK TRABZON;8680001206155;KONAKOĞLU ECZANESİ;TRABZON MERKEZ -1;PANOCER;Panocer 40 mg 28 Enterik Kaplı Tablet;10;3;13;1.369;
11.08.2026;SELÇUK ECZA DEPOSU;SELÇUK SAMSUN;8680001142668;ARZU ECZANESİ;ORDU BATI ILCELER;PANOCER;Panocer 40 mg 28 Enterik Kaplı Tablet;30;12;42;4.423;
11.08.2026;SELÇUK ECZA DEPOSU;SELÇUK SAMSUN;8680001943159;ELA ECZANESİ;SAMSUN ATAKENT+19 MAYIS;PANOCER;Panocer 40 mg 28 Enterik Kaplı Tablet;-50;-25;-75;-7.898;
11.08.2026;SELÇUK ECZA DEPOSU;SELÇUK SAMSUN;8680001492596;DÜNYA ECZANESİ;SAMSUN ILKADIM - 2;PANOCER;Panocer 40 mg 28 Enterik Kaplı Tablet;10;3;13;1.369;
11.08.2026;SELÇUK ECZA DEPOSU;SELÇUK SAMSUN;8680001630158;SEÇİL ECZANESİ;SAMSUN HURRIYET+ZAFER;PANOCER;Panocer 40 mg 28 Enterik Kaplı Tablet;1;0;1;105;
11.08.2026;ALLIANCE HEALTHCARE;AH SAMSUN;8680001750054;YAVUZ ECZANESİ;SAMSUN ALACAM+YAKAKENT;PANOCER;Panocer 40 mg 28 Enterik Kaplı Tablet;10;3;13;1.369;
11.08.2026;ALLIANCE HEALTHCARE;AH SAMSUN;8680001934911;ÇETİN ECZANESİ;SAMSUN ATAKENT+19 MAYIS;PANOCER;Panocer 40 mg 28 Enterik Kaplı Tablet;1;0;1;105;
11.08.2026;ALLIANCE HEALTHCARE;AH SAMSUN;8680001128716;SOSYAL MESKENLER ECZANESİ;SAMSUN ADALET;PANOCER;Panocer 40 mg 28 Enterik Kaplı Tablet;10;3;13;1.369;
11.08.2026;ALLIANCE HEALTHCARE;AH SAMSUN;8680001144044;BOZDOĞAN ECZANESİ;CORUM MERKEZ -3;PANOCER;Panocer 40 mg 28 Enterik Kaplı Tablet;30;12;42;4.423;
11.08.2026;ALLIANCE HEALTHCARE;AH SAMSUN;8680001170012;SERPİL ECZANESİ;AMASYA ILCELER;PANOCER;Panocer 40 mg 28 Enterik Kaplı Tablet;30;12;42;4.423;
11.08.2026;ALLIANCE HEALTHCARE;AH SAMSUN;8680001128358;YENİ ECZANESİ;SINOP GUNEY ILCELER;PANOCER;Panocer 40 mg 28 Enterik Kaplı Tablet;2;0;2;211;
11.08.2026;ALLIANCE HEALTHCARE;AH TRABZON;8680001496594;YAĞMUR ECZANESİ;ARTVIN MERKEZ+DOGU+GUNEY;PANOCER;Panocer 40 mg 28 Enterik Kaplı Tablet;100;60;160;16.850;
11.08.2026;ALLIANCE HEALTHCARE;AH TRABZON;8680001122707;BÜYÜK ECZANESİ;RIZE DOGU ILCELER;PANOCER;Panocer 40 mg 28 Enterik Kaplı Tablet;30;12;42;4.423;
11.08.2026;ALLIANCE HEALTHCARE;AH SAMSUN;8680001421763;BESTE ECZANESİ;AMASYA MERKEZ -2;PANOCER;Panocer 40 mg 28 Enterik Kaplı Tablet;10;3;13;1.369;
11.08.2026;ALLIANCE HEALTHCARE;AH SAMSUN;8680001504145;UTKU ECZANESİ;SAMSUN DOGU ILCELER - 2;PANOCER;Panocer 40 mg 28 Enterik Kaplı Tablet;10;3;13;1.369;
11.08.2026;ALLIANCE HEALTHCARE;AH ORDU;8680001679751;DERMAN ECZANESİ;ORDU FATSA;PANOCER;Panocer 40 mg 28 Enterik Kaplı Tablet;30;12;42;4.423;
11.08.2026;ALLIANCE HEALTHCARE;AH ORDU;8680001909162;GÖZÜKARA ECZANESİ;ORDU MERKEZ -3;PANOCER;Panocer 40 mg 28 Enterik Kaplı Tablet;10;3;13;1.369;
11.08.2026;ALLIANCE HEALTHCARE;AH ORDU;8680001411962;ŞÜKRAN ECZANESİ;GIRESUN DOGU ILCELER -2;PANOCER;Panocer 40 mg 28 Enterik Kaplı Tablet;30;12;42;4.423;
11.08.2026;ALLIANCE HEALTHCARE;AH ERZURUM;8680001183487;SULTAN ECZANESİ;KARS MERKEZ;PANOCER;Panocer 40 mg 28 Enterik Kaplı Tablet;10;3;13;1.369;
11.08.2026;ALLIANCE HEALTHCARE;AH ERZURUM;8680001485635;TANRIVERDİ ECZANESİ;KARS MERKEZ;PANOCER;Panocer 40 mg 28 Enterik Kaplı Tablet;10;3;13;1.369;
11.08.2026;ALLIANCE HEALTHCARE;AH ERZURUM;8680001906369;ESRA ECZANESİ;AGRI ILCELER;PANOCER;Panocer 40 mg 28 Enterik Kaplı Tablet;30;12;42;4.423;
11.08.2026;SELÇUK ECZA DEPOSU;SELÇUK ERZURUM;8680001654918;HARUN ECZANESİ;AGRI MERKEZ;PANOCER;Panocer 40 mg 28 Enterik Kaplı Tablet;10;3;13;1.369;
12.08.2026;SELÇUK ECZA DEPOSU;SELÇUK SAMSUN;8680001103645;AMASYA ECZANESİ;SAMSUN ATAKENT+19 MAYIS;ACİDPASS;Acidpass 10/800/165 mg 12 Çiğneme Tablet;10;1;11;1.235;
12.08.2026;SELÇUK ECZA DEPOSU;SELÇUK TRABZON;8680001520213;ÜNİVERSİTE ECZANESİ;TRABZON MERKEZ -3;ACİDPASS;Acidpass 10/800/165 mg 12 Çiğneme Tablet;10;1;11;1.235;
12.08.2026;SELÇUK ECZA DEPOSU;SELÇUK TRABZON;8680001123711;DERMAN ECZANESİ;RIZE DOGU ILCELER;ACİDPASS;Acidpass 10/800/165 mg 12 Çiğneme Tablet;50;15;65;7.295;
12.08.2026;SELÇUK ECZA DEPOSU;SELÇUK TRABZON;8680001647439;HAYAT ECZANESİ;TRABZON K.BASI+SURMENE;ACİDPASS;Acidpass 10/800/165 mg 12 Çiğneme Tablet;3;0;3;337;
12.08.2026;SELÇUK ECZA DEPOSU;SELÇUK TRABZON;8680001472710;ŞEBİN ECZANESİ;GIRESUN GUNEY ILCELER;ACİDPASS;Acidpass 10/800/165 mg 12 Çiğneme Tablet;1;0;1;112;
12.08.2026;SELÇUK ECZA DEPOSU;SELÇUK SAMSUN;8680001157433;GÜLYALI ECZANESİ;ORDU DOGU ILCELER;ACİDPASS;Acidpass 10/800/165 mg 12 Çiğneme Tablet;20;3;23;2.581;
12.08.2026;SELÇUK ECZA DEPOSU;SELÇUK SAMSUN;8680001158706;AKIN ECZANESİ;SIVAS MERKEZ -2;ACİDPASS;Acidpass 10/800/165 mg 12 Çiğneme Tablet;2;0;2;224;
12.08.2026;SELÇUK ECZA DEPOSU;SELÇUK SAMSUN;8680001630158;SEÇİL ECZANESİ;SAMSUN HURRIYET+ZAFER;ACİDPASS;Acidpass 10/800/165 mg 12 Çiğneme Tablet;2;0;2;224;
12.08.2026;İSTANBUL ECZA KOOP;İSKOOP MERKEZ;8680001110582;DEVA ECZANESİ;SAMSUN DOGU ILCELER - 2;ACİDPASS;Acidpass 10/800/165 mg 12 Çiğneme Tablet;20;3;23;2.581;
12.08.2026;SELÇUK ECZA DEPOSU;SELÇUK ERZURUM;8680001569427;HAYAT ECZANESİ;ERZURUM MERKEZ -2;ACİDPASS;Acidpass 10/800/165 mg 12 Çiğneme Tablet;3;0;3;337;
12.08.2026;SELÇUK ECZA DEPOSU;SELÇUK SAMSUN;8680001473137;KEVSER ECZANESİ;SAMSUN ILKADIM - 2;ACİDPASS;Acidpass 10/800/165 mg 12 Çiğneme Tablet;50;15;65;7.295;
12.08.2026;SELÇUK ECZA DEPOSU;SELÇUK SAMSUN;8680001163564;KARADENİZ ECZANESİ;ORDU DOGU ILCELER;ACİDPASS;Acidpass 10/800/165 mg 12 Çiğneme Tablet;20;3;23;2.581;
12.08.2026;SELÇUK ECZA DEPOSU;SELÇUK SAMSUN;8680001130566;PINAR ECZANESİ;SAMSUN ATAKUM;ACİDPASS;Acidpass 10/800/165 mg 12 Çiğneme Tablet;20;3;23;2.581;
12.08.2026;SELÇUK ECZA DEPOSU;SELÇUK SAMSUN;8680001104079;GÜNBEYAZ ECZANESİ;SAMSUN ULUGAZI;ACİDPASS;Acidpass 10/800/165 mg 12 Çiğneme Tablet;2;0;2;224;
12.08.2026;SELÇUK ECZA DEPOSU;SELÇUK SAMSUN;8680001783458;BEYZADE ECZANESİ;SAMSUN BAHCELIEVLER;ACİDPASS;Acidpass 10/800/165 mg 12 Çiğneme Tablet;5;0;5;561;
12.08.2026;SELÇUK ECZA DEPOSU;SELÇUK TRABZON;8680001276219;SERRA NUR ECZANESİ;TRABZON MERKEZ -1;ACİDPASS;Acidpass 10/800/165 mg 12 Çiğneme Tablet;20;3;23;2.581;
12.08.2026;SELÇUK ECZA DEPOSU;SELÇUK TRABZON;8680001182619;KOVANLIK ECZANESİ;GIRESUN BULANCAK+PIRAZIZ;ACİDPASS;Acidpass 10/800/165 mg 12 Çiğneme Tablet;20;3;23;2.581;
12.08.2026;SELÇUK ECZA DEPOSU;SELÇUK TRABZON;8680001264636;DERYA ECZANESİ;TRABZON BATI ILCELER - 2;ACİDPASS;Acidpass 10/800/165 mg 12 Çiğneme Tablet;5;0;5;561;
12.08.2026;SELÇUK ECZA DEPOSU;SELÇUK TRABZON;8680001712915;AYDIN ECZANESİ;GUMUSHANE;ACİDPASS;Acidpass 10/800/165 mg 12 Çiğneme Tablet;10;1;11;1.235;
12.08.2026;SELÇUK ECZA DEPOSU;SELÇUK TRABZON;8680001669851;SENA ECZANESİ;TRABZON MERKEZ -1;ACİDPASS;Acidpass 10/800/165 mg 12 Çiğneme Tablet;5;0;5;561;
12.08.2026;SELÇUK ECZA DEPOSU;SELÇUK TRABZON;8680001485406;MEDEA ECZANESİ;ARTVIN KUZEY ILCELER;ACİDPASS;Acidpass 10/800/165 mg 12 Çiğneme Tablet;10;1;11;1.235;
12.08.2026;SELÇUK ECZA DEPOSU;SELÇUK ERZURUM;8680001232437;ELİF ECZANESİ;ERZINCAN MERKEZ;ACİDPASS;Acidpass 10/800/165 mg 12 Çiğneme Tablet;20;3;23;2.581;
12.08.2026;SELÇUK ECZA DEPOSU;SELÇUK TRABZON;8680001271429;ÇAYKARA ECZANESİ;TRABZON DOGU ILCELER -1;ACİDPASS;Acidpass 10/800/165 mg 12 Çiğneme Tablet;2;0;2;224;
12.08.2026;İSTANBUL ECZA KOOP;İSKOOP MERKEZ;8680001845804;EDA ECZANESİ;SAMSUN DOGU ILCELER;ACİDPASS;Acidpass 10/800/165 mg 12 Çiğneme Tablet;1;0;1;112;
12.08.2026;İSTANBUL ECZA KOOP;İSKOOP MERKEZ;8680001741908;BALAÇ ECZANESİ;SAMSUN ATAKENT+19 MAYIS;ACİDPASS;Acidpass 10/800/165 mg 12 Çiğneme Tablet;50;15;65;7.295;
12.08.2026;SELÇUK ECZA DEPOSU;SELÇUK SAMSUN;8680001199198;BİZİM ECZANESİ;TOKAT BATI ILCELER;ACİDPASS;Acidpass 10/800/165 mg 12 Çiğneme Tablet;10;1;11;1.235;
12.08.2026;SELÇUK ECZA DEPOSU;SELÇUK SAMSUN;8680001630158;SEÇİL ECZANESİ;SAMSUN HURRIYET+ZAFER;ACİDPASS;Acidpass 10/800/165 mg 12 Çiğneme Tablet;1;0;1;112;
12.08.2026;SELÇUK ECZA DEPOSU;SELÇUK SAMSUN;8680001426041;GÜMÜŞ ECZANESİ;SIVAS MERKEZ -4;ACİDPASS;Acidpass 10/800/165 mg 12 Çiğneme Tablet;1;0;1;112;
12.08.2026;SELÇUK ECZA DEPOSU;SELÇUK SAMSUN;8680001167234;ASLI ECZANESİ;TOKAT MERKEZ -1;ACİDPASS;Acidpass 10/800/165 mg 6 Çiğneme Tablet;5;0;5;344;
12.08.2026;SELÇUK ECZA DEPOSU;SELÇUK TRABZON;8680001450756;EBRU ECZANESİ;GIRESUN MERKEZ -2;ACİDPASS;Acidpass 10/800/165 mg 6 Çiğneme Tablet;5;0;5;344;
12.08.2026;SELÇUK ECZA DEPOSU;SELÇUK SAMSUN;8680001479344;YEŞİLYURT ECZANESİ;TOKAT BATI ILCELER;ACİDPASS;Acidpass 10/800/165 mg 6 Çiğneme Tablet;2;0;2;138;
12.08.2026;İSTANBUL ECZA KOOP;İSKOOP MERKEZ;8680001720156;LAVANTA ECZANESİ;AMASYA MERKEZ -1;ACİDPASS;Acidpass 10/800/165 mg 6 Çiğneme Tablet;2;0;2;138;
12.08.2026;SELÇUK ECZA DEPOSU;SELÇUK TRABZON;8680001752935;MERVE ECZANESİ;TRABZON DOGU ILCELER - 2;FAMTREC;Famtrec 800/26,6mg 14 Film Kaplı Tablet;2;0;2;204;
12.08.2026;SELÇUK ECZA DEPOSU;SELÇUK TRABZON;8680001171453;KARACA ECZANESİ;GIRESUN MERKEZ -2;FAMTREC;Famtrec 800/26,6mg 14 Film Kaplı Tablet;1;0;1;102;
12.08.2026;SELÇUK ECZA DEPOSU;SELÇUK TRABZON;8680001417964;DERMAN ECZANESİ;TRABZON DOGU ILCELER - 2;FAMTREC;Famtrec 800/26,6mg 14 Film Kaplı Tablet;5;1;6;613;
12.08.2026;SELÇUK ECZA DEPOSU;SELÇUK TRABZON;8680001171453;KARACA ECZANESİ;GIRESUN MERKEZ -2;FAMTREC;Famtrec 800/26,6mg 14 Film Kaplı Tablet;1;0;1;102;
12.08.2026;SELÇUK ECZA DEPOSU;SELÇUK SAMSUN;8680001482689;ULUS ECZANESİ;ORDU MERKEZ -3;FAMTREC;Famtrec 800/26,6mg 14 Film Kaplı Tablet;10;2;12;1.226;
12.08.2026;SELÇUK ECZA DEPOSU;SELÇUK SAMSUN;8680001116256;FATİH ECZANESİ;AMASYA MERKEZ -2;FAMTREC;Famtrec 800/26,6mg 14 Film Kaplı Tablet;3;0;3;307;
12.08.2026;SELÇUK ECZA DEPOSU;SELÇUK TRABZON;8680001273652;GENÇER ECZANESİ;TRABZON AKCAABAT;FAMTREC;Famtrec 800/26,6mg 14 Film Kaplı Tablet;10;2;12;1.226;
12.08.2026;SELÇUK ECZA DEPOSU;SELÇUK TRABZON;8680001182619;KOVANLIK ECZANESİ;GIRESUN BULANCAK+PIRAZIZ;FAMTREC;Famtrec 800/26,6mg 14 Film Kaplı Tablet;10;2;12;1.226;
12.08.2026;İSTANBUL ECZA KOOP;İSKOOP MERKEZ;8680001122189;ZEYNEP ECZANESİ;AMASYA MERKEZ -1;FAMTREC;Famtrec 800/26,6mg 14 Film Kaplı Tablet;5;1;6;613;
12.08.2026;İSTANBUL ECZA KOOP;İSKOOP MERKEZ;8680001123148;MERVE ECZANESİ;SINOP DOGU-BATI ILCELER;GRİPORT COLD;Griport Cold 20 Film Kaplı Tablet;5;1;6;505;
12.08.2026;SELÇUK ECZA DEPOSU;SELÇUK SAMSUN;8680001111565;ERDEN ECZANESİ;SAMSUN ATAKUM;GRİPORT COLD;Griport Cold 20 Film Kaplı Tablet;2;0;2;168;
12.08.2026;SELÇUK ECZA DEPOSU;SELÇUK ERZURUM;8680001649020;HUZUR ECZANESİ;ERZURUM MERKEZ -3;GRİPORT COLD;Griport Cold 20 Film Kaplı Tablet;2;0;2;168;
12.08.2026;SELÇUK ECZA DEPOSU;SELÇUK SAMSUN;8680001149254;TOLGA ECZANESİ;SIVAS MERKEZ -2;GRİPORT COLD;Griport Cold 20 Film Kaplı Tablet;1;0;1;84;
12.08.2026;SELÇUK ECZA DEPOSU;SELÇUK SAMSUN;8680001507634;BİNEVLER ECZANESİ;CORUM MERKEZ -1;GRİPORT COLD;Griport Cold 20 Film Kaplı Tablet;2;0;2;168;
12.08.2026;İSTANBUL ECZA KOOP;İSKOOP MERKEZ;8680001713066;ZEYTİNLİK ECZANESİ;SINOP MERKEZ;GRİPORT COLD;Griport Cold 20 Film Kaplı Tablet;1;0;1;84;
12.08.2026;SELÇUK ECZA DEPOSU;SELÇUK SAMSUN;8680001746286;ERTUĞRUL ECZANESİ;SAMSUN HAVZA+KAVAK+LADIK;MOKSEFEN;Moksefen 400 mg 7 Film Tablet;5;1;6;894;
12.08.2026;SELÇUK ECZA DEPOSU;SELÇUK ERZURUM;8680001182312;SAĞLIK ECZANESİ;KARS MERKEZ;MOKSEFEN;Moksefen 400 mg 7 Film Tablet;10;3;13;1.937;
12.08.2026;İSTANBUL ECZA KOOP;İSKOOP MERKEZ;8680001158751;MUTLU ECZANESİ;AMASYA ILCELER;MOKSEFEN;Moksefen 400 mg 7 Film Tablet;1;0;1;149;
12.08.2026;İSTANBUL ECZA KOOP;İSKOOP MERKEZ;8680001524976;ENES ECZANESİ;AMASYA MERKEZ -1;MOKSEFEN;Moksefen 400 mg 7 Film Tablet;30;15;45;6.705;
12.08.2026;SELÇUK ECZA DEPOSU;SELÇUK SAMSUN;8680001278312;MELİKE ECZANESİ;ORDU FATSA;MOKSEFEN;Moksefen 400 mg 7 Film Tablet;30;15;45;6.705;
12.08.2026;SELÇUK ECZA DEPOSU;SELÇUK SAMSUN;8680001146888;ŞAMLIOĞLU ECZANESİ;CORUM MERKEZ -2;MOKSEFEN;Moksefen 400 mg 7 Film Tablet;5;1;6;894;
12.08.2026;SELÇUK ECZA DEPOSU;SELÇUK SAMSUN;8680001534388;OKAN ECZANESİ;ORDU DOGU ILCELER;MOKSEFEN;Moksefen 400 mg 7 Film Tablet;30;15;45;6.705;
12.08.2026;SELÇUK ECZA DEPOSU;SELÇUK ERZURUM;8680001488155;FAİKBEY ECZANESİ;KARS MERKEZ;PANOCER;Panocer 40 mg 14 Enterik Kaplı Tablet;1;0;1;81;
12.08.2026;ALLIANCE HEALTHCARE;AH TRABZON;8680001254873;HAYAT ECZANESİ;TRABZON DOGU ILCELER -1;PANOCER;Panocer 40 mg 14 Enterik Kaplı Tablet;30;12;42;3.398;
12.08.2026;ALLIANCE HEALTHCARE;AH SAMSUN;8680001944378;AKIN ECZANESİ;SAMSUN BAFRA;PANOCER;Panocer 40 mg 14 Enterik Kaplı Tablet;10;3;13;1.052;
12.08.2026;ALLIANCE HEALTHCARE;AH SAMSUN;8680001657223;AMAZON ECZANESİ;SAMSUN HURRIYET+ZAFER;PANOCER;Panocer 40 mg 14 Enterik Kaplı Tablet;1;0;1;81;
12.08.2026;ALLIANCE HEALTHCARE;AH SAMSUN;8680001706402;AĞABALI ECZANESİ;SAMSUN RASATHANE;PANOCER;Panocer 40 mg 28 Enterik Kaplı Tablet;10;3;13;1.369;
12.08.2026;ALLIANCE HEALTHCARE;AH SAMSUN;8680001458790;BARAN ECZANESİ;SAMSUN VEZIRKOPRU;PANOCER;Panocer 40 mg 28 Enterik Kaplı Tablet;50;25;75;7.898;
12.08.2026;ALLIANCE HEALTHCARE;AH SAMSUN;8680001468553;KARTAL ECZANESİ;CORUM MERKEZ -3;PANOCER;Panocer 40 mg 28 Enterik Kaplı Tablet;3;0;3;316;
12.08.2026;ALLIANCE HEALTHCARE;AH SAMSUN;8680001693276;ZİLE ECZANESİ;TOKAT BATI ILCELER;PANOCER;Panocer 40 mg 28 Enterik Kaplı Tablet;30;12;42;4.423;
12.08.2026;ALLIANCE HEALTHCARE;AH SAMSUN;8680001118076;YÜKSEL ECZANESİ;SINOP DOGU-BATI ILCELER;PANOCER;Panocer 40 mg 28 Enterik Kaplı Tablet;165;135;300;31.594;
12.08.2026;ALLIANCE HEALTHCARE;AH SAMSUN;8680001417087;FİKRİ KARTAL ECZANESİ;CORUM KUZEY ILCELER;PANOCER;Panocer 40 mg 28 Enterik Kaplı Tablet;10;3;13;1.369;
12.08.2026;ALLIANCE HEALTHCARE;AH TRABZON;8680001729548;LOTUS ECZANESİ;ARTVIN MERKEZ+DOGU+GUNEY;PANOCER;Panocer 40 mg 28 Enterik Kaplı Tablet;30;12;42;4.423;
12.08.2026;ALLIANCE HEALTHCARE;AH SAMSUN;8680001468553;KARTAL ECZANESİ;CORUM MERKEZ -3;PANOCER;Panocer 40 mg 28 Enterik Kaplı Tablet;10;3;13;1.369;
12.08.2026;ALLIANCE HEALTHCARE;AH SAMSUN;8680001108756;ÖMER ECZANESİ;SAMSUN RASATHANE;PANOCER;Panocer 40 mg 28 Enterik Kaplı Tablet;10;3;13;1.369;
12.08.2026;ALLIANCE HEALTHCARE;AH SAMSUN;8680001944378;AKIN ECZANESİ;SAMSUN BAFRA;PANOCER;Panocer 40 mg 28 Enterik Kaplı Tablet;165;135;300;31.594;
12.08.2026;ALLIANCE HEALTHCARE;AH SAMSUN;8680001750801;DERMAN ECZANESİ;CORUM GUNEYBATI ILCELER;PANOCER;Panocer 40 mg 28 Enterik Kaplı Tablet;330;270;600;63.188;
12.08.2026;ALLIANCE HEALTHCARE;AH SAMSUN;8680001179800;AKSOY ECZANESİ;TOKAT TURHAL;PANOCER;Panocer 40 mg 28 Enterik Kaplı Tablet;50;25;75;7.898;
12.08.2026;ALLIANCE HEALTHCARE;AH TRABZON;8680001274086;OKAN ECZANESİ;TRABZON BATI ILCELER - 2;PANOCER;Panocer 40 mg 28 Enterik Kaplı Tablet;30;12;42;4.423;
12.08.2026;İSTANBUL ECZA KOOP;İSKOOP MERKEZ;8680001484027;HİLAL ALTEKİN ECZANESİ;AMASYA MERKEZ -1;PANOCER;Panocer 40 mg 28 Enterik Kaplı Tablet;10;3;13;1.369;
12.08.2026;ALLIANCE HEALTHCARE;AH ERZURUM;8680001168767;PASİNLER ECZANESİ;ERZURUM GUNEY ILCELER;PANOCER;Panocer 40 mg 28 Enterik Kaplı Tablet;165;135;300;31.594;
12.08.2026;ALLIANCE HEALTHCARE;AH ERZURUM;8680001695027;MERYEM ECZANESİ;KARS MERKEZ;PANOCER;Panocer 40 mg 28 Enterik Kaplı Tablet;10;3;13;1.369;
12.08.2026;ALLIANCE HEALTHCARE;AH ERZURUM;8680001527434;MERYEM ECZANESİ;ERZURUM GUNEY ILCELER;PANOCER;Panocer 40 mg 28 Enterik Kaplı Tablet;10;3;13;1.369;
12.08.2026;ALLIANCE HEALTHCARE;AH ORDU;8680001627356;ÖZTÜRK ECZANESİ;GIRESUN MERKEZ -1;PANOCER;Panocer 40 mg 28 Enterik Kaplı Tablet;30;12;42;4.423;
12.08.2026;ALLIANCE HEALTHCARE;AH ORDU;8680001143146;AYDIN ECZANESİ;ORDU UNYE;PANOCER;Panocer 40 mg 28 Enterik Kaplı Tablet;10;3;13;1.369;
12.08.2026;ALLIANCE HEALTHCARE;AH ORDU;8680001493647;SELİN ECZANESİ;ORDU MERKEZ -1;PANOCER;Panocer 40 mg 28 Enterik Kaplı Tablet;10;3;13;1.369;
12.08.2026;SELÇUK ECZA DEPOSU;SELÇUK ERZURUM;8680001175369;ARAS ECZANESİ;KARS ILCELER;PANOCER;Panocer 40 mg 28 Enterik Kaplı Tablet;165;135;300;31.594;
12.08.2026;SELÇUK ECZA DEPOSU;SELÇUK ERZURUM;8680001856701;ÇIĞDEM ECANESİ;KARS ILCELER;PANOCER;Panocer 40 mg 28 Enterik Kaplı Tablet;165;135;300;31.594;
12.08.2026;SELÇUK ECZA DEPOSU;SELÇUK TRABZON;8680001443949;ŞİFA ECZANESİ;TRABZON BATI ILCELER - 2;PANOCER;Panocer 40 mg 28 Enterik Kaplı Tablet;10;3;13;1.369;
12.08.2026;SELÇUK ECZA DEPOSU;SELÇUK SAMSUN;8680001473137;KEVSER ECZANESİ;SAMSUN ILKADIM - 2;PANOCER;Panocer 40 mg 28 Enterik Kaplı Tablet;30;12;42;4.423;
12.08.2026;SELÇUK ECZA DEPOSU;SELÇUK SAMSUN;8680001178940;ŞİFA ECZANESİ;TOKAT TURHAL;PANOCER;Panocer 40 mg 28 Enterik Kaplı Tablet;10;3;13;1.369;
12.08.2026;SELÇUK ECZA DEPOSU;SELÇUK SAMSUN;8680001232574;TURAN ECZANESİ;ORDU UNYE;PANOCER;Panocer 40 mg 28 Enterik Kaplı Tablet;10;3;13;1.369;
12.08.2026;İSTANBUL ECZA KOOP;İSKOOP MERKEZ;8680001156818;LOKMAN ECZANESİ;CORUM MERKEZ -3;PANOCER;Panocer 40 mg 28 Enterik Kaplı Tablet;10;3;13;1.369;
12.08.2026;İSTANBUL ECZA KOOP;İSKOOP MERKEZ;8680001130092;CANSARAN ECZANESİ;AMASYA MERKEZ -2;PANOCER;Panocer 40 mg 28 Enterik Kaplı Tablet;3;0;3;316;
12.08.2026;SELÇUK ECZA DEPOSU;SELÇUK ERZURUM;8680001942558;DOĞAN ECZANESİ;KARS MERKEZ;PANOCER;Panocer 40 mg 28 Enterik Kaplı Tablet;30;12;42;4.423;
12.08.2026;SELÇUK ECZA DEPOSU;SELÇUK TRABZON;8680001484904;İBNİ SİNA ECZANESİ;TRABZON MERKEZ -3;PANOCER;Panocer 40 mg 28 Enterik Kaplı Tablet;550;450;1000;105.313;
12.08.2026;SELÇUK ECZA DEPOSU;SELÇUK TRABZON;8680001428786;ŞAHİN ECZANESİ;TRABZON DOGU ILCELER - 2;PANOCER;Panocer 40 mg 28 Enterik Kaplı Tablet;100;60;160;16.850;
12.08.2026;SELÇUK ECZA DEPOSU;SELÇUK SAMSUN;8680001594429;İSTANBUL ECZANESİ;SIVAS MERKEZ -3;PANOCER;Panocer 40 mg 28 Enterik Kaplı Tablet;30;12;42;4.423;
12.08.2026;İSTANBUL ECZA KOOP;İSKOOP MERKEZ;8680001463879;İKBAL ECZANESİ;CORUM MERKEZ -3;PANOCER;Panocer 40 mg 28 Enterik Kaplı Tablet;50;25;75;7.898;
12.08.2026;İSTANBUL ECZA KOOP;İSKOOP MERKEZ;8680001124138;DERMAN ECZANESİ;SAMSUN BAFRA;PANOCER;Panocer 40 mg 28 Enterik Kaplı Tablet;165;135;300;31.594;
12.08.2026;İSTANBUL ECZA KOOP;İSKOOP MERKEZ;8680001120758;SIHHAT ECZANESİ;SINOP DOGU-BATI ILCELER;PANOCER;Panocer 40 mg 28 Enterik Kaplı Tablet;5;0;5;527;
12.08.2026;SELÇUK ECZA DEPOSU;SELÇUK SAMSUN;8680001137046;ENGİN ECZANESİ;SAMSUN KALE;PANOCER;Panocer 40 mg 28 Enterik Kaplı Tablet;10;3;13;1.369;
12.08.2026;SELÇUK ECZA DEPOSU;SELÇUK TRABZON;8680001182619;KOVANLIK ECZANESİ;GIRESUN BULANCAK+PIRAZIZ;PANOCER;Panocer 40 mg 28 Enterik Kaplı Tablet;165;135;300;31.594;
12.08.2026;SELÇUK ECZA DEPOSU;SELÇUK SAMSUN;8680001862221;ALİBABA ECZANESİ;SIVAS MERKEZ -2;PANOCER;Panocer 40 mg 28 Enterik Kaplı Tablet;10;3;13;1.369;
12.08.2026;SELÇUK ECZA DEPOSU;SELÇUK SAMSUN;8680001157006;HABOĞLU ECZANESİ;CORUM MERKEZ -2;PANOCER;Panocer 40 mg 28 Enterik Kaplı Tablet;1;0;1;105;
12.08.2026;SELÇUK ECZA DEPOSU;SELÇUK SAMSUN;8680001339518;DERECİK ECZANESİ;SAMSUN ATAKENT+19 MAYIS;PANOCER;Panocer 40 mg 28 Enterik Kaplı Tablet;30;12;42;4.423;
12.08.2026;SELÇUK ECZA DEPOSU;SELÇUK SAMSUN;8680001169931;MERKEZ ECZANESİ;TOKAT TURHAL;PANOCER;Panocer 40 mg 28 Enterik Kaplı Tablet;10;3;13;1.369;
13.08.2026;SELÇUK ECZA DEPOSU;SELÇUK SAMSUN;8680001474141;BİLGİN ECZANESİ;CORUM MERKEZ -1;ACİDPASS;Acidpass 10/800/165 mg 12 Çiğneme Tablet;20;3;23;2.581;
13.08.2026;SELÇUK ECZA DEPOSU;SELÇUK SAMSUN;8680001112050;TÜRKER ECZANESİ;SAMSUN RASATHANE;ACİDPASS;Acidpass 10/800/165 mg 12 Çiğneme Tablet;3;0;3;337;
13.08.2026;SELÇUK ECZA DEPOSU;SELÇUK TRABZON;8680001466641;DERECİK MERKEZ ECZANESİ;TRABZON AKCAABAT;ACİDPASS;Acidpass 10/800/165 mg 12 Çiğneme Tablet;20;3;23;2.581;
13.08.2026;SELÇUK ECZA DEPOSU;SELÇUK SAMSUN;8680001149605;DEMİRTAŞ ECZANESİ;ORDU MERKEZ -1;ACİDPASS;Acidpass 10/800/165 mg 12 Çiğneme Tablet;4;0;4;449;
13.08.2026;SELÇUK ECZA DEPOSU;SELÇUK SAMSUN;8680001118281;BENEK ECZANESİ;SAMSUN RASATHANE;ACİDPASS;Acidpass 10/800/165 mg 12 Çiğneme Tablet;20;3;23;2.581;
13.08.2026;SELÇUK ECZA DEPOSU;SELÇUK SAMSUN;8680001530649;MİMAR SİNAN ECZANESİ;SAMSUN ATAKUM;ACİDPASS;Acidpass 10/800/165 mg 12 Çiğneme Tablet;10;1;11;1.235;
13.08.2026;SELÇUK ECZA DEPOSU;SELÇUK SAMSUN;8680001158744;ZEREN ECZANESİ;SIVAS MERKEZ -4;ACİDPASS;Acidpass 10/800/165 mg 12 Çiğneme Tablet;2;0;2;224;
13.08.2026;İSTANBUL ECZA KOOP;İSKOOP MERKEZ;8680001622849;ÖZGÜR ECZANESİ;SAMSUN VEZIRKOPRU;ACİDPASS;Acidpass 10/800/165 mg 12 Çiğneme Tablet;20;3;23;2.581;
13.08.2026;SELÇUK ECZA DEPOSU;SELÇUK SAMSUN;8680001943159;ELA ECZANESİ;SAMSUN ATAKENT+19 MAYIS;ACİDPASS;Acidpass 10/800/165 mg 12 Çiğneme Tablet;2;0;2;224;
13.08.2026;SELÇUK ECZA DEPOSU;SELÇUK SAMSUN;8680001153480;GÜMÜŞAĞA ECZANESİ;CORUM KUZEY ILCELER;ACİDPASS;Acidpass 10/800/165 mg 12 Çiğneme Tablet;3;0;3;337;
13.08.2026;SELÇUK ECZA DEPOSU;SELÇUK TRABZON;8680001482696;NURDAN ECZANESİ;GIRESUN MERKEZ -2;ACİDPASS;Acidpass 10/800/165 mg 12 Çiğneme Tablet;20;3;23;2.581;
13.08.2026;SELÇUK ECZA DEPOSU;SELÇUK TRABZON;8680001697496;İPEKYOLU ECZANESİ;TRABZON MERKEZ -4;ACİDPASS;Acidpass 10/800/165 mg 12 Çiğneme Tablet;1;0;1;112;
13.08.2026;SELÇUK ECZA DEPOSU;SELÇUK ERZURUM;8680001516889;YENİ BUHARA ECZANESİ;ERZURUM MERKEZ -3;ACİDPASS;Acidpass 10/800/165 mg 12 Çiğneme Tablet;10;1;11;1.235;
13.08.2026;SELÇUK ECZA DEPOSU;SELÇUK ERZURUM;8680001732296;RÜMEYSA ECZANESİ;KARS ILCELER;ACİDPASS;Acidpass 10/800/165 mg 12 Çiğneme Tablet;2;0;2;224;
13.08.2026;SELÇUK ECZA DEPOSU;SELÇUK ERZURUM;8680001113989;ZEHRA ECZANESİ;ERZURUM GUNEY ILCELER;ACİDPASS;Acidpass 10/800/165 mg 12 Çiğneme Tablet;20;3;23;2.581;
13.08.2026;SELÇUK ECZA DEPOSU;SELÇUK ERZURUM;8680001566983;CADDE ECZANESİ;ERZURUM MERKEZ -3;ACİDPASS;Acidpass 10/800/165 mg 12 Çiğneme Tablet;1;0;1;112;
13.08.2026;SELÇUK ECZA DEPOSU;SELÇUK TRABZON;8680001695867;GÜLBAHAR ECZANESİ;RIZE MERKEZ;ACİDPASS;Acidpass 10/800/165 mg 12 Çiğneme Tablet;10;1;11;1.235;
13.08.2026;SELÇUK ECZA DEPOSU;SELÇUK TRABZON;8680001235674;FANUS ECZANESİ;TRABZON MERKEZ -3;ACİDPASS;Acidpass 10/800/165 mg 12 Çiğneme Tablet;10;1;11;1.235;
13.08.2026;SELÇUK ECZA DEPOSU;SELÇUK TRABZON;8680001705771;ÇAMLIHEMŞİN ECZANESİ;RIZE BATI ILCELER;ACİDPASS;Acidpass 10/800/165 mg 12 Çiğneme Tablet;10;1;11;1.235;
13.08.2026;SELÇUK ECZA DEPOSU;SELÇUK TRABZON;8680001471218;ARAKLI ŞİFA ECZANESİ;TRABZON DOGU ILCELER - 2;ACİDPASS;Acidpass 10/800/165 mg 12 Çiğneme Tablet;4;0;4;449;
13.08.2026;SELÇUK ECZA DEPOSU;SELÇUK ERZURUM;8680001114429;ÖZLEM ECZANESİ;ERZURUM GUNEY ILCELER;ACİDPASS;Acidpass 10/800/165 mg 12 Çiğneme Tablet;10;1;11;1.235;
13.08.2026;SELÇUK ECZA DEPOSU;SELÇUK SAMSUN;8680001396719;GÖKDERE ECZANESİ;TOKAT MERKEZ -1;ACİDPASS;Acidpass 10/800/165 mg 12 Çiğneme Tablet;10;1;11;1.235;
13.08.2026;SELÇUK ECZA DEPOSU;SELÇUK TRABZON;8680001460724;YALINCAK ECZANESİ;TRABZON MERKEZ -3;ACİDPASS;Acidpass 10/800/165 mg 12 Çiğneme Tablet;10;1;11;1.235;
13.08.2026;SELÇUK ECZA DEPOSU;SELÇUK ERZURUM;8680001112418;TEKMAN ECZANESİ;ERZURUM GUNEY ILCELER;ACİDPASS;Acidpass 10/800/165 mg 12 Çiğneme Tablet;4;0;4;449;
13.08.2026;İSTANBUL ECZA KOOP;İSKOOP MERKEZ;8680001720156;LAVANTA ECZANESİ;AMASYA MERKEZ -1;ACİDPASS;Acidpass 10/800/165 mg 12 Çiğneme Tablet;1;0;1;112;
13.08.2026;İSTANBUL ECZA KOOP;İSKOOP MERKEZ;8680001116409;ERFELEK ECZANESİ;SINOP DOGU-BATI ILCELER;ACİDPASS;Acidpass 10/800/165 mg 12 Çiğneme Tablet;10;1;11;1.235;
13.08.2026;SELÇUK ECZA DEPOSU;SELÇUK ERZURUM;8680001430031;ERZURUM ECZANESİ;ERZURUM MERKEZ -1;ACİDPASS;Acidpass 10/800/165 mg 6 Çiğneme Tablet;2;0;2;138;
13.08.2026;SELÇUK ECZA DEPOSU;SELÇUK TRABZON;8680001170579;DERELİ ECZANESİ;GIRESUN GUNEY ILCELER;FAMTREC;Famtrec 800/26,6mg 14 Film Kaplı Tablet;2;0;2;204;
13.08.2026;İSTANBUL ECZA KOOP;İSKOOP MERKEZ;8680001144006;YARAR ECZANESİ;AMASYA ILCELER;FAMTREC;Famtrec 800/26,6mg 14 Film Kaplı Tablet;2;0;2;204;
13.08.2026;İSTANBUL ECZA KOOP;İSKOOP MERKEZ;8680001703616;YAŞAM ECZANESİ;SAMSUN VEZIRKOPRU;FAMTREC;Famtrec 800/26,6mg 14 Film Kaplı Tablet;2;0;2;204;
13.08.2026;SELÇUK ECZA DEPOSU;SELÇUK SAMSUN;8680001666829;ARİF ECZANESİ;ORDU DOGU ILCELER;FAMTREC;Famtrec 800/26,6mg 14 Film Kaplı Tablet;2;0;2;204;
13.08.2026;İSTANBUL ECZA KOOP;İSKOOP MERKEZ;8680001122202;TEK ECZANESİ;SINOP GUNEY ILCELER;FAMTREC;Famtrec 800/26,6mg 14 Film Kaplı Tablet;1;0;1;102;
13.08.2026;SELÇUK ECZA DEPOSU;SELÇUK SAMSUN;8680001128129;ÖZDİNÇ ECZANESİ;SAMSUN DOGU ILCELER - 2;FAMTREC;Famtrec 800/26,6mg 14 Film Kaplı Tablet;1;0;1;102;
13.08.2026;SELÇUK ECZA DEPOSU;SELÇUK TRABZON;8680001723041;MERKEZ ECZANESİ;TRABZON DUZKOY+MACKA;FAMTREC;Famtrec 800/26,6mg 14 Film Kaplı Tablet;5;1;6;613;
13.08.2026;SELÇUK ECZA DEPOSU;SELÇUK SAMSUN;8680001666829;ARİF ECZANESİ;ORDU DOGU ILCELER;FAMTREC;Famtrec 800/26,6mg 14 Film Kaplı Tablet;1;0;1;102;
13.08.2026;SELÇUK ECZA DEPOSU;SELÇUK SAMSUN;8680001148158;ÇAĞDAŞ ECZANESİ;ORDU UNYE;FAMTREC;Famtrec 800/26,6mg 30 Film Kaplı Tablet;-2;0;-2;-438;
13.08.2026;SELÇUK ECZA DEPOSU;SELÇUK SAMSUN;8680001137350;METİN ECZANESİ;SAMSUN DOGU ILCELER - 2;GRİPORT COLD;Griport Cold 20 Film Kaplı Tablet;2;0;2;168;
13.08.2026;SELÇUK ECZA DEPOSU;SELÇUK TRABZON;8680001205080;MERKEZ ECZANESİ;TRABZON DUZKOY+MACKA;GRİPORT COLD;Griport Cold 20 Film Kaplı Tablet;1;0;1;84;
13.08.2026;İSTANBUL ECZA KOOP;İSKOOP MERKEZ;8680001137527;YENİ HASTANE ECZANESI;SAMSUN DOGU ILCELER - 2;GRİPORT COLD;Griport Cold 20 Film Kaplı Tablet;10;3;13;1.094;
13.08.2026;İSTANBUL ECZA KOOP;İSKOOP MERKEZ;8680001122189;ZEYNEP ECZANESİ;AMASYA MERKEZ -1;GRİPORT COLD;Griport Cold 20 Film Kaplı Tablet;1;0;1;84;
13.08.2026;SELÇUK ECZA DEPOSU;SELÇUK SAMSUN;8680001137527;YENİ HASTANE ECZANESI;SAMSUN DOGU ILCELER - 2;GRİPORT COLD;Griport Cold 20 Film Kaplı Tablet;5;1;6;505;
13.08.2026;SELÇUK ECZA DEPOSU;SELÇUK SAMSUN;8680001681464;YAKAKENT ECZANESİ;SAMSUN ALACAM+YAKAKENT;GRİPORT COLD;Griport Cold 20 Film Kaplı Tablet;5;1;6;505;
13.08.2026;SELÇUK ECZA DEPOSU;SELÇUK SAMSUN;8680001153671;GÖZDE ECZANESİ;CORUM KUZEY ILCELER;GRİPORT COLD;Griport Cold 20 Film Kaplı Tablet;10;3;13;1.094;
13.08.2026;SELÇUK ECZA DEPOSU;SELÇUK TRABZON;8680001697496;İPEKYOLU ECZANESİ;TRABZON MERKEZ -4;GRİPORT COLD;Griport Cold 20 Film Kaplı Tablet;2;0;2;168;
13.08.2026;İSTANBUL ECZA KOOP;İSKOOP MERKEZ;8680001480074;ATAKAN BEY ECZANESİ;SAMSUN BAHCELIEVLER;GRİPORT COLD;Griport Cold 20 Film Kaplı Tablet;-1;0;-1;-84;
13.08.2026;SELÇUK ECZA DEPOSU;SELÇUK ERZURUM;8680001486656;UZUN ECZANESİ;ERZURUM MERKEZ -3;MOKSEFEN;Moksefen 400 mg 7 Film Tablet;5;1;6;894;
13.08.2026;SELÇUK ECZA DEPOSU;SELÇUK TRABZON;8680001520152;BÜŞRA ECZANESİ;GIRESUN DOGU ILCELER -1;MOKSEFEN;Moksefen 400 mg 7 Film Tablet;30;15;45;6.705;
13.08.2026;SELÇUK ECZA DEPOSU;SELÇUK SAMSUN;8680001118281;BENEK ECZANESİ;SAMSUN RASATHANE;PANOCER;Panocer 40 mg 14 Enterik Kaplı Tablet;1;0;1;81;
13.08.2026;SELÇUK ECZA DEPOSU;SELÇUK TRABZON;8680001749447;DENİZ ECZANESİ;ARTVIN MERKEZ+DOGU+GUNEY;PANOCER;Panocer 40 mg 14 Enterik Kaplı Tablet;3;0;3;243;
13.08.2026;ALLIANCE HEALTHCARE;AH ORDU;8680001164332;KARADENİZ ECZANESİ;GIRESUN MERKEZ -1;PANOCER;Panocer 40 mg 14 Enterik Kaplı Tablet;1;0;1;81;
13.08.2026;ALLIANCE HEALTHCARE;AH ORDU;8680001899241;AHSEN ECZANESİ;ORDU FATSA;PANOCER;Panocer 40 mg 14 Enterik Kaplı Tablet;1;0;1;81;
13.08.2026;ALLIANCE HEALTHCARE;AH TRABZON;8680001732036;SOYLU ECZANESİ;GUMUSHANE;PANOCER;Panocer 40 mg 14 Enterik Kaplı Tablet;1;0;1;81;
13.08.2026;ALLIANCE HEALTHCARE;AH ERZURUM;8680001117222;HİLAL ECZANESİ;ERZURUM GUNEY ILCELER;PANOCER;Panocer 40 mg 14 Enterik Kaplı Tablet;10;3;13;1.052;
13.08.2026;ALLIANCE HEALTHCARE;AH SAMSUN;8680001420650;CANİK BULUT ECZANESİ;SAMSUN CANIK;PANOCER;Panocer 40 mg 14 Enterik Kaplı Tablet;2;0;2;162;
13.08.2026;ALLIANCE HEALTHCARE;AH SAMSUN;8680001453061;ÖMÜREVLERİ ECZANESİ;SAMSUN ATAKUM;PANOCER;Panocer 40 mg 28 Enterik Kaplı Tablet;1;0;1;105;
13.08.2026;ALLIANCE HEALTHCARE;AH SAMSUN;8680001182657;KEREM ECZANESİ;TOKAT BATI ILCELER;PANOCER;Panocer 40 mg 28 Enterik Kaplı Tablet;100;60;160;16.850;
13.08.2026;ALLIANCE HEALTHCARE;AH SAMSUN;8680001158256;DOĞA ECZANESİ;CORUM MERKEZ -3;PANOCER;Panocer 40 mg 28 Enterik Kaplı Tablet;50;25;75;7.898;
13.08.2026;ALLIANCE HEALTHCARE;AH SAMSUN;8680001521111;YENİ ECZANESİ;SAMSUN VEZIRKOPRU;PANOCER;Panocer 40 mg 28 Enterik Kaplı Tablet;30;12;42;4.423;
13.08.2026;ALLIANCE HEALTHCARE;AH SAMSUN;8680001476176;ÇAKIR ECZANESİ;SAMSUN ATAKUM;PANOCER;Panocer 40 mg 28 Enterik Kaplı Tablet;3;0;3;316;
13.08.2026;ALLIANCE HEALTHCARE;AH TRABZON;8680001154586;OCAKLI ECZANESİ;TRABZON MERKEZ -4;PANOCER;Panocer 40 mg 28 Enterik Kaplı Tablet;10;3;13;1.369;
13.08.2026;ALLIANCE HEALTHCARE;AH ERZURUM;8680001643752;NEZİHE ECZANESİ;AGRI DIYADIN+D.BEYAZIT;PANOCER;Panocer 40 mg 28 Enterik Kaplı Tablet;10;3;13;1.369;
13.08.2026;ALLIANCE HEALTHCARE;AH ERZURUM;8680001133901;ŞİFA ECZANESİ;KARS ILCELER;PANOCER;Panocer 40 mg 28 Enterik Kaplı Tablet;10;3;13;1.369;
13.08.2026;ALLIANCE HEALTHCARE;AH ERZURUM;8680001752201;ÇAPA ECZANESİ;AGRI DIYADIN+D.BEYAZIT;PANOCER;Panocer 40 mg 28 Enterik Kaplı Tablet;165;135;300;31.594;
13.08.2026;ALLIANCE HEALTHCARE;AH ORDU;8680001158379;HALK ECZANESİ;ORDU GUNEY ILCELER -1;PANOCER;Panocer 40 mg 28 Enterik Kaplı Tablet;165;135;300;31.594;
13.08.2026;ALLIANCE HEALTHCARE;AH ORDU;8680001202294;ŞAHİN ECZANESİ;ORDU DOGU ILCELER;PANOCER;Panocer 40 mg 28 Enterik Kaplı Tablet;4;0;4;421;
13.08.2026;ALLIANCE HEALTHCARE;AH ORDU;8680001728930;YÜZYIL ECZANESI;ORDU UNYE;PANOCER;Panocer 40 mg 28 Enterik Kaplı Tablet;10;3;13;1.369;
13.08.2026;ALLIANCE HEALTHCARE;AH ORDU;8680001794430;SARIHAN ECZANESİ;ORDU FATSA;PANOCER;Panocer 40 mg 28 Enterik Kaplı Tablet;10;3;13;1.369;
13.08.2026;ALLIANCE HEALTHCARE;AH ORDU;8680001168699;ŞAHİN ECZANESİ;GIRESUN DOGU ILCELER -1;PANOCER;Panocer 40 mg 28 Enterik Kaplı Tablet;30;12;42;4.423;
13.08.2026;ALLIANCE HEALTHCARE;AH KAYSERİ;8680001651849;ERTUĞRUL ECZANESİ;SIVAS MERKEZ -4;PANOCER;Panocer 40 mg 28 Enterik Kaplı Tablet;30;12;42;4.423;
13.08.2026;ALLIANCE HEALTHCARE;AH KAYSERİ;8680001136940;SERDAR ECZANESİ;SIVAS MERKEZ -3;PANOCER;Panocer 40 mg 28 Enterik Kaplı Tablet;10;3;13;1.369;
13.08.2026;SELÇUK ECZA DEPOSU;SELÇUK TRABZON;8680001167562;MUTLU ECZANESİ;GIRESUN DOGU ILCELER -1;PANOCER;Panocer 40 mg 28 Enterik Kaplı Tablet;10;3;13;1.369;
13.08.2026;SELÇUK ECZA DEPOSU;SELÇUK TRABZON;8680001304233;HAKAN ECZANESİ;ARTVIN MERKEZ+DOGU+GUNEY;PANOCER;Panocer 40 mg 28 Enterik Kaplı Tablet;165;135;300;31.594;
13.08.2026;SELÇUK ECZA DEPOSU;SELÇUK SAMSUN;8680001114160;FAKÜLTE ECZANESİ;SAMSUN ATAKENT+19 MAYIS;PANOCER;Panocer 40 mg 28 Enterik Kaplı Tablet;10;3;13;1.369;
13.08.2026;SELÇUK ECZA DEPOSU;SELÇUK SAMSUN;8680001143344;KÖROĞLU ECZANESİ;ORDU MERKEZ -3;PANOCER;Panocer 40 mg 28 Enterik Kaplı Tablet;10;3;13;1.369;
13.08.2026;SELÇUK ECZA DEPOSU;SELÇUK SAMSUN;8680001728930;YÜZYIL ECZANESI;ORDU UNYE;PANOCER;Panocer 40 mg 28 Enterik Kaplı Tablet;10;3;13;1.369;
13.08.2026;SELÇUK ECZA DEPOSU;SELÇUK TRABZON;8680001235674;FANUS ECZANESİ;TRABZON MERKEZ -3;PANOCER;Panocer 40 mg 28 Enterik Kaplı Tablet;30;12;42;4.423;
13.08.2026;SELÇUK ECZA DEPOSU;SELÇUK TRABZON;8680001734429;SAĞLIK ECZANESİ;TRABZON DOGU ILCELER -1;PANOCER;Panocer 40 mg 28 Enterik Kaplı Tablet;10;3;13;1.369;
13.08.2026;SELÇUK ECZA DEPOSU;SELÇUK SAMSUN;8680001156160;GÜNEŞ ECZANESİ;CORUM KARGI+OSMANCIK;PANOCER;Panocer 40 mg 28 Enterik Kaplı Tablet;5;0;5;527;
13.08.2026;SELÇUK ECZA DEPOSU;SELÇUK TRABZON;8680001439249;DİLEK ECZANESİ;GIRESUN DOGU ILCELER -1;PANOCER;Panocer 40 mg 28 Enterik Kaplı Tablet;10;3;13;1.369;
13.08.2026;İSTANBUL ECZA KOOP;İSKOOP MERKEZ;8680001713516;EZGI ECZANESİ;AMASYA MERKEZ -2;PANOCER;Panocer 40 mg 28 Enterik Kaplı Tablet;198;162;360;37.913;
13.08.2026;SELÇUK ECZA DEPOSU;SELÇUK SAMSUN;8680001449682;ZÜMRÜT ECZANESİ;SAMSUN ILKADIM - 2;PANOCER;Panocer 40 mg 28 Enterik Kaplı Tablet;10;3;13;1.369;
13.08.2026;SELÇUK ECZA DEPOSU;SELÇUK SAMSUN;8680001143313;UĞUR ECZANESİ;CORUM MERKEZ -1;PANOCER;Panocer 40 mg 28 Enterik Kaplı Tablet;10;3;13;1.369;
13.08.2026;İSTANBUL ECZA KOOP;İSKOOP MERKEZ;8680001116201;EVRİM ECZANESİ;AMASYA MERKEZ -2;PANOCER;Panocer 40 mg 28 Enterik Kaplı Tablet;30;12;42;4.423;
14.08.2026;İSTANBUL ECZA KOOP;İSKOOP MERKEZ;8680001739875;SEFA ECZANESİ;SAMSUN ATAKUM;ACİDPASS;Acidpass 10/800/165 mg 12 Çiğneme Tablet;10;1;11;1.235;
14.08.2026;İSTANBUL ECZA KOOP;İSKOOP MERKEZ;8680001156818;LOKMAN ECZANESİ;CORUM MERKEZ -3;ACİDPASS;Acidpass 10/800/165 mg 12 Çiğneme Tablet;3;0;3;337;
14.08.2026;İSTANBUL ECZA KOOP;İSKOOP MERKEZ;8680001156993;YENİ ECZANE;AMASYA ILCELER;ACİDPASS;Acidpass 10/800/165 mg 12 Çiğneme Tablet;20;3;23;2.581;
14.08.2026;İSTANBUL ECZA KOOP;İSKOOP MERKEZ;8680001169610;HIZIR ECZANESİ;TOKAT TURHAL;ACİDPASS;Acidpass 10/800/165 mg 12 Çiğneme Tablet;10;1;11;1.235;
14.08.2026;SELÇUK ECZA DEPOSU;SELÇUK SAMSUN;8680001709571;LOTUS ECZANESİ;ORDU DOGU ILCELER;ACİDPASS;Acidpass 10/800/165 mg 12 Çiğneme Tablet;10;1;11;1.235;
14.08.2026;SELÇUK ECZA DEPOSU;SELÇUK SAMSUN;8680001169931;MERKEZ ECZANESİ;TOKAT TURHAL;ACİDPASS;Acidpass 10/800/165 mg 12 Çiğneme Tablet;10;1;11;1.235;
14.08.2026;SELÇUK ECZA DEPOSU;SELÇUK TRABZON;8680001277117;KADİR ECZANESİ;TRABZON BATI ILCELER - 2;ACİDPASS;Acidpass 10/800/165 mg 12 Çiğneme Tablet;10;1;11;1.235;
14.08.2026;SELÇUK ECZA DEPOSU;SELÇUK TRABZON;8680001111213;KARADENİZ ECZANESİ;RIZE MERKEZ;ACİDPASS;Acidpass 10/800/165 mg 12 Çiğneme Tablet;20;3;23;2.581;
14.08.2026;SELÇUK ECZA DEPOSU;SELÇUK SAMSUN;8680001277254;ÖLÇEK ECZANESİ;ORDU FATSA;ACİDPASS;Acidpass 10/800/165 mg 12 Çiğneme Tablet;3;0;3;337;
14.08.2026;SELÇUK ECZA DEPOSU;SELÇUK TRABZON;8680001710331;SENA ECZANESİ;GUMUSHANE;ACİDPASS;Acidpass 10/800/165 mg 12 Çiğneme Tablet;4;0;4;449;
14.08.2026;SELÇUK ECZA DEPOSU;SELÇUK TRABZON;8680001127870;SAĞLIK ECZANESİ;ARTVIN KUZEY ILCELER;ACİDPASS;Acidpass 10/800/165 mg 12 Çiğneme Tablet;50;15;65;7.295;
14.08.2026;SELÇUK ECZA DEPOSU;SELÇUK TRABZON;8680001108459;TOPÇU ECZANESİ;RIZE MERKEZ;ACİDPASS;Acidpass 10/800/165 mg 12 Çiğneme Tablet;10;1;11;1.235;
14.08.2026;SELÇUK ECZA DEPOSU;SELÇUK TRABZON;8680001165186;BEKTAŞOĞLU ECZANESİ;GIRESUN MERKEZ -1;ACİDPASS;Acidpass 10/800/165 mg 12 Çiğneme Tablet;20;3;23;2.581;
14.08.2026;SELÇUK ECZA DEPOSU;SELÇUK TRABZON;8680001450756;EBRU ECZANESİ;GIRESUN MERKEZ -2;ACİDPASS;Acidpass 10/800/165 mg 12 Çiğneme Tablet;20;3;23;2.581;
14.08.2026;SELÇUK ECZA DEPOSU;SELÇUK TRABZON;8680001120406;YALI ECZANESİ;RIZE MERKEZ;ACİDPASS;Acidpass 10/800/165 mg 12 Çiğneme Tablet;50;15;65;7.295;
14.08.2026;SELÇUK ECZA DEPOSU;SELÇUK TRABZON;8680001647439;HAYAT ECZANESİ;TRABZON K.BASI+SURMENE;ACİDPASS;Acidpass 10/800/165 mg 12 Çiğneme Tablet;3;0;3;337;
14.08.2026;SELÇUK ECZA DEPOSU;SELÇUK SAMSUN;8680001602865;ZEHRA ECZANESİ;SIVAS MERKEZ -3;ACİDPASS;Acidpass 10/800/165 mg 12 Çiğneme Tablet;50;15;65;7.295;
14.08.2026;SELÇUK ECZA DEPOSU;SELÇUK SAMSUN;8680001153282;DİRİM ECZANESİ;ORDU MERKEZ -3;ACİDPASS;Acidpass 10/800/165 mg 12 Çiğneme Tablet;10;1;11;1.235;
14.08.2026;SELÇUK ECZA DEPOSU;SELÇUK SAMSUN;8680001159543;KARAOĞLU ECZANESİ;CORUM MERKEZ -1;ACİDPASS;Acidpass 10/800/165 mg 12 Çiğneme Tablet;20;3;23;2.581;
14.08.2026;SELÇUK ECZA DEPOSU;SELÇUK SAMSUN;8680001511280;ANIL ECZANESİ;SIVAS MERKEZ -2;ACİDPASS;Acidpass 10/800/165 mg 12 Çiğneme Tablet;10;1;11;1.235;
14.08.2026;SELÇUK ECZA DEPOSU;SELÇUK SAMSUN;8680001716036;TOKİLER ECZANESİ;SAMSUN RASATHANE;ACİDPASS;Acidpass 10/800/165 mg 12 Çiğneme Tablet;3;0;3;337;
14.08.2026;SELÇUK ECZA DEPOSU;SELÇUK TRABZON;8680001101986;ÇAMLIBEL ECZANESİ;RIZE MERKEZ;ACİDPASS;Acidpass 10/800/165 mg 12 Çiğneme Tablet;20;3;23;2.581;
14.08.2026;SELÇUK ECZA DEPOSU;SELÇUK SAMSUN;8680001127269;VATAN ECZANESİ;SIVAS MERKEZ -2;ACİDPASS;Acidpass 10/800/165 mg 12 Çiğneme Tablet;50;15;65;7.295;
14.08.2026;SELÇUK ECZA DEPOSU;SELÇUK SAMSUN;8680001496150;KOÇYİĞİT ECZANESİ;TOKAT MERKEZ -1;ACİDPASS;Acidpass 10/800/165 mg 12 Çiğneme Tablet;1;0;1;112;
14.08.2026;SELÇUK ECZA DEPOSU;SELÇUK TRABZON;8680001187959;GÜRSOY ECZANESİ;GIRESUN BULANCAK+PIRAZIZ;ACİDPASS;Acidpass 10/800/165 mg 12 Çiğneme Tablet;20;3;23;2.581;
14.08.2026;SELÇUK ECZA DEPOSU;SELÇUK TRABZON;8680001501663;ESİROĞLU ECZANESİ;TRABZON DUZKOY+MACKA;ACİDPASS;Acidpass 10/800/165 mg 12 Çiğneme Tablet;1;0;1;112;
14.08.2026;SELÇUK ECZA DEPOSU;SELÇUK TRABZON;8680001655649;DENİZ ECZANESİ;GIRESUN DOGU ILCELER -1;ACİDPASS;Acidpass 10/800/165 mg 12 Çiğneme Tablet;20;3;23;2.581;
14.08.2026;SELÇUK ECZA DEPOSU;SELÇUK TRABZON;8680001110629;İYİDERE ECZANESİ;RIZE BATI ILCELER;ACİDPASS;Acidpass 10/800/165 mg 12 Çiğneme Tablet;20;3;23;2.581;
14.08.2026;İSTANBUL ECZA KOOP;İSKOOP MERKEZ;8680001124381;ÖNCEL ECZANESİ;SINOP DOGU-BATI ILCELER;ACİDPASS;Acidpass 10/800/165 mg 12 Çiğneme Tablet;10;1;11;1.235;
14.08.2026;İSTANBUL ECZA KOOP;İSKOOP MERKEZ;8680001845804;EDA ECZANESİ;SAMSUN DOGU ILCELER;ACİDPASS;Acidpass 10/800/165 mg 12 Çiğneme Tablet;3;0;3;337;
14.08.2026;İSTANBUL ECZA KOOP;İSKOOP MERKEZ;8680001120758;SIHHAT ECZANESİ;SINOP DOGU-BATI ILCELER;ACİDPASS;Acidpass 10/800/165 mg 12 Çiğneme Tablet;2;0;2;224;
14.08.2026;SELÇUK ECZA DEPOSU;SELÇUK SAMSUN;8680001140220;ZEYNEP ECZANESİ;SAMSUN RASATHANE;ACİDPASS;Acidpass 10/800/165 mg 6 Çiğneme Tablet;3;0;3;207;
14.08.2026;SELÇUK ECZA DEPOSU;SELÇUK ERZURUM;8680001235476;ERHAN ECZANESİ;ERZINCAN MERKEZ;ACİDPASS;Acidpass 10/800/165 mg 6 Çiğneme Tablet;3;0;3;207;
14.08.2026;SELÇUK ECZA DEPOSU;SELÇUK TRABZON;8680001422494;DEMİRKILIÇ ECZANESİ;GIRESUN BULANCAK+PIRAZIZ;FAMTREC;Famtrec 800/26,6mg 14 Film Kaplı Tablet;5;1;6;613;
14.08.2026;SELÇUK ECZA DEPOSU;SELÇUK TRABZON;8680001594320;YEŞİL MAVİ ECZANESİ;RIZE MERKEZ;FAMTREC;Famtrec 800/26,6mg 14 Film Kaplı Tablet;1;0;1;102;
14.08.2026;SELÇUK ECZA DEPOSU;SELÇUK SAMSUN;8680001137411;ÇINAR ECZANESİ;SAMSUN ADALET;FAMTREC;Famtrec 800/26,6mg 14 Film Kaplı Tablet;2;0;2;204;
14.08.2026;SELÇUK ECZA DEPOSU;SELÇUK SAMSUN;8680001109180;ÇINAR ECZANESİ;SAMSUN VEZIRKOPRU;FAMTREC;Famtrec 800/26,6mg 14 Film Kaplı Tablet;5;1;6;613;
14.08.2026;SELÇUK ECZA DEPOSU;SELÇUK SAMSUN;8680001666829;ARİF ECZANESİ;ORDU DOGU ILCELER;FAMTREC;Famtrec 800/26,6mg 14 Film Kaplı Tablet;5;1;6;613;
14.08.2026;SELÇUK ECZA DEPOSU;SELÇUK TRABZON;8680001130177;DEVA ECZANESİ;RIZE MERKEZ;FAMTREC;Famtrec 800/26,6mg 14 Film Kaplı Tablet;2;0;2;204;
14.08.2026;SELÇUK ECZA DEPOSU;SELÇUK TRABZON;8680001199372;TALİP ECZANESİ;TRABZON AKCAABAT;FAMTREC;Famtrec 800/26,6mg 14 Film Kaplı Tablet;5;1;6;613;
14.08.2026;SELÇUK ECZA DEPOSU;SELÇUK SAMSUN;8680001571550;BURCU ECZANESİ;TOKAT MERKEZ -1;FAMTREC;Famtrec 800/26,6mg 14 Film Kaplı Tablet;5;1;6;613;
14.08.2026;SELÇUK ECZA DEPOSU;SELÇUK SAMSUN;8680001514069;GÜNEŞ ECZANESİ;SAMSUN VEZIRKOPRU;FAMTREC;Famtrec 800/26,6mg 14 Film Kaplı Tablet;5;1;6;613;
14.08.2026;SELÇUK ECZA DEPOSU;SELÇUK SAMSUN;8680001521111;YENİ ECZANESİ;SAMSUN VEZIRKOPRU;FAMTREC;Famtrec 800/26,6mg 14 Film Kaplı Tablet;5;1;6;613;
14.08.2026;SELÇUK ECZA DEPOSU;SELÇUK TRABZON;8680001111213;KARADENİZ ECZANESİ;RIZE MERKEZ;FAMTREC;Famtrec 800/26,6mg 14 Film Kaplı Tablet;5;1;6;613;
14.08.2026;SELÇUK ECZA DEPOSU;SELÇUK TRABZON;8680001422494;DEMİRKILIÇ ECZANESİ;GIRESUN BULANCAK+PIRAZIZ;FAMTREC;Famtrec 800/26,6mg 30 Film Kaplı Tablet;2;0;2;438;
14.08.2026;SELÇUK ECZA DEPOSU;SELÇUK SAMSUN;8680001186365;ÜNİVERSİTE ASLI ECZANESİ;TOKAT MERKEZ -1;GRİPORT COLD;Griport Cold 20 Film Kaplı Tablet;5;1;6;505;
14.08.2026;SELÇUK ECZA DEPOSU;SELÇUK SAMSUN;8680001157587;GAZİ ECZANESİ;CORUM MERKEZ -1;GRİPORT COLD;Griport Cold 20 Film Kaplı Tablet;5;1;6;505;
14.08.2026;SELÇUK ECZA DEPOSU;SELÇUK SAMSUN;8680001155750;GÜLCAN ECZANESİ;CORUM GUNEYBATI ILCELER;GRİPORT COLD;Griport Cold 20 Film Kaplı Tablet;1;0;1;84;
14.08.2026;SELÇUK ECZA DEPOSU;SELÇUK SAMSUN;8680001186365;ÜNİVERSİTE ASLI ECZANESİ;TOKAT MERKEZ -1;GRİPORT COLD;Griport Cold 20 Film Kaplı Tablet;5;1;6;505;
14.08.2026;SELÇUK ECZA DEPOSU;SELÇUK SAMSUN;8680001153282;DİRİM ECZANESİ;ORDU MERKEZ -3;GRİPORT COLD;Griport Cold 20 Film Kaplı Tablet;5;1;6;505;
14.08.2026;SELÇUK ECZA DEPOSU;SELÇUK TRABZON;8680001547401;BAHAR ECZANESİ;TRABZON MERKEZ -4;GRİPORT COLD;Griport Cold 20 Film Kaplı Tablet;5;1;6;505;
14.08.2026;SELÇUK ECZA DEPOSU;SELÇUK SAMSUN;8680001137350;METİN ECZANESİ;SAMSUN DOGU ILCELER - 2;GRİPORT COLD;Griport Cold 20 Film Kaplı Tablet;5;1;6;505;
14.08.2026;İSTANBUL ECZA KOOP;İSKOOP MERKEZ;8680001755202;YİĞİT ECZANESİ;SAMSUN DOGU ILCELER;GRİPORT COLD;Griport Cold 20 Film Kaplı Tablet;5;1;6;505;
14.08.2026;İSTANBUL ECZA KOOP;İSKOOP MERKEZ;8680001489732;BEGÜM ECZANESİ;SAMSUN ATAKUM;MOKSEFEN;Moksefen 400 mg 7 Film Tablet;10;3;13;1.937;
14.08.2026;SELÇUK ECZA DEPOSU;SELÇUK SAMSUN;8680001121014;İLKAY ECZANESİ;AMASYA MERKEZ -1;MOKSEFEN;Moksefen 400 mg 7 Film Tablet;5;1;6;894;
14.08.2026;SELÇUK ECZA DEPOSU;SELÇUK TRABZON;8680001456918;DİLA ECZANESİ;TRABZON MERKEZ -1;MOKSEFEN;Moksefen 400 mg 7 Film Tablet;5;1;6;894;
14.08.2026;SELÇUK ECZA DEPOSU;SELÇUK ERZURUM;8680001119455;ŞEKER ECZANESİ;ERZURUM MERKEZ -3;MOKSEFEN;Moksefen 400 mg 7 Film Tablet;30;15;45;6.705;
14.08.2026;SELÇUK ECZA DEPOSU;SELÇUK ERZURUM;8680001618323;BEYAZIT ECZANESİ;AGRI DIYADIN+D.BEYAZIT;MOKSEFEN;Moksefen 400 mg 7 Film Tablet;5;1;6;894;
14.08.2026;SELÇUK ECZA DEPOSU;SELÇUK TRABZON;8680001108459;TOPÇU ECZANESİ;RIZE MERKEZ;MOKSEFEN;Moksefen 400 mg 7 Film Tablet;30;15;45;6.705;
14.08.2026;SELÇUK ECZA DEPOSU;SELÇUK ERZURUM;8680001132034;ESLEK ECZANESİ;ERZURUM GUNEY ILCELER;MOKSEFEN;Moksefen 400 mg 7 Film Tablet;10;3;13;1.937;
14.08.2026;SELÇUK ECZA DEPOSU;SELÇUK SAMSUN;8680001881116;ZEYNEP ECZANESİ;TOKAT TURHAL;MOKSEFEN;Moksefen 400 mg 7 Film Tablet;5;1;6;894;
14.08.2026;SELÇUK ECZA DEPOSU;SELÇUK TRABZON;8680001335046;ÇAMLICA ECZANESİ;ARTVIN MERKEZ+DOGU+GUNEY;MOKSEFEN;Moksefen 400 mg 7 Film Tablet;10;3;13;1.937;
14.08.2026;SELÇUK ECZA DEPOSU;SELÇUK SAMSUN;8680001496150;KOÇYİĞİT ECZANESİ;TOKAT MERKEZ -1;PANOCER;Panocer 40 mg 14 Enterik Kaplı Tablet;1;0;1;81;
14.08.2026;ALLIANCE HEALTHCARE;AH TRABZON;8680001272778;ZAMAN ECZANESİ;TRABZON MERKEZ -1;PANOCER;Panocer 40 mg 14 Enterik Kaplı Tablet;10;3;13;1.052;
14.08.2026;ALLIANCE HEALTHCARE;AH TRABZON;8680001289967;ENİS ECZANESİ;TRABZON MERKEZ -1;PANOCER;Panocer 40 mg 28 Enterik Kaplı Tablet;30;12;42;4.423;
14.08.2026;SELÇUK ECZA DEPOSU;SELÇUK ERZURUM;8680001119455;ŞEKER ECZANESİ;ERZURUM MERKEZ -3;PANOCER;Panocer 40 mg 28 Enterik Kaplı Tablet;100;60;160;16.850;
14.08.2026;ALLIANCE HEALTHCARE;AH SAMSUN;8680001944378;AKIN ECZANESİ;SAMSUN BAFRA;PANOCER;Panocer 40 mg 28 Enterik Kaplı Tablet;-73;-11;-84;-8.846;
14.08.2026;ALLIANCE HEALTHCARE;AH SAMSUN;8680001117857;DRAMALI ECZANESİ;SINOP MERKEZ;PANOCER;Panocer 40 mg 28 Enterik Kaplı Tablet;2;0;2;211;
14.08.2026;ALLIANCE HEALTHCARE;AH SAMSUN;8680001524532;ÖYKÜ ECZANESİ;SAMSUN ATAKUM;PANOCER;Panocer 40 mg 28 Enterik Kaplı Tablet;10;3;13;1.369;
14.08.2026;ALLIANCE HEALTHCARE;AH SAMSUN;8680001101337;BAŞALAN ECZANESİ;SAMSUN CANIK;PANOCER;Panocer 40 mg 28 Enterik Kaplı Tablet;50;25;75;7.898;
14.08.2026;ALLIANCE HEALTHCARE;AH SAMSUN;8680001115983;NİLÜFER ECZANESİ;SAMSUN DOGU ILCELER - 2;PANOCER;Panocer 40 mg 28 Enterik Kaplı Tablet;30;12;42;4.423;
14.08.2026;ALLIANCE HEALTHCARE;AH SAMSUN;8680001693221;CADDE YEDİTEPE ECZANESİ;CORUM MERKEZ -1;PANOCER;Panocer 40 mg 28 Enterik Kaplı Tablet;10;3;13;1.369;
14.08.2026;ALLIANCE HEALTHCARE;AH SAMSUN;8680001461363;YAMAN ECZANESİ;TOKAT ERBAA;PANOCER;Panocer 40 mg 28 Enterik Kaplı Tablet;165;135;300;31.594;
14.08.2026;İSTANBUL ECZA KOOP;İSKOOP MERKEZ;8680001491278;AFİYET ECZANESİ;SAMSUN CANIK;PANOCER;Panocer 40 mg 28 Enterik Kaplı Tablet;10;3;13;1.369;
14.08.2026;ALLIANCE HEALTHCARE;AH ORDU;8680001292448;ÇAMAŞ ECZANESİ;ORDU GUNEY ILCELER -1;PANOCER;Panocer 40 mg 28 Enterik Kaplı Tablet;10;3;13;1.369;
14.08.2026;ALLIANCE HEALTHCARE;AH ORDU;8680001151080;DERMAN ECZANESİ;ORDU MERKEZ -1;PANOCER;Panocer 40 mg 28 Enterik Kaplı Tablet;10;3;13;1.369;
14.08.2026;ALLIANCE HEALTHCARE;AH ORDU;8680001154135;ERGÜL ECZANESİ;ORDU MERKEZ -1;PANOCER;Panocer 40 mg 28 Enterik Kaplı Tablet;10;3;13;1.369;
14.08.2026;ALLIANCE HEALTHCARE;AH ERZURUM;8680001682836;KÜÇÜKBEY ECZANESİ;ERZURUM MERKEZ -3;PANOCER;Panocer 40 mg 28 Enterik Kaplı Tablet;50;25;75;7.898;
14.08.2026;SELÇUK ECZA DEPOSU;SELÇUK TRABZON;8680001805518;EMRE ECZANESİ;GUMUSHANE;PANOCER;Panocer 40 mg 28 Enterik Kaplı Tablet;100;60;160;16.850;
14.08.2026;SELÇUK ECZA DEPOSU;SELÇUK TRABZON;8680001335046;ÇAMLICA ECZANESİ;ARTVIN MERKEZ+DOGU+GUNEY;PANOCER;Panocer 40 mg 28 Enterik Kaplı Tablet;100;60;160;16.850;
14.08.2026;SELÇUK ECZA DEPOSU;SELÇUK TRABZON;8680001503735;KÜBRA ECZANESİ;RIZE MERKEZ;PANOCER;Panocer 40 mg 28 Enterik Kaplı Tablet;10;3;13;1.369;
14.08.2026;SELÇUK ECZA DEPOSU;SELÇUK TRABZON;8680001130177;DEVA ECZANESİ;RIZE MERKEZ;PANOCER;Panocer 40 mg 28 Enterik Kaplı Tablet;100;60;160;16.850;
14.08.2026;SELÇUK ECZA DEPOSU;SELÇUK TRABZON;8680001705771;ÇAMLIHEMŞİN ECZANESİ;RIZE BATI ILCELER;PANOCER;Panocer 40 mg 28 Enterik Kaplı Tablet;50;25;75;7.898;
14.08.2026;SELÇUK ECZA DEPOSU;SELÇUK ERZURUM;8680001484409;MERKEZ RESULOĞULLARI ECZANESİ;ERZURUM GUNEY ILCELER;PANOCER;Panocer 40 mg 28 Enterik Kaplı Tablet;165;135;300;31.594;
14.08.2026;SELÇUK ECZA DEPOSU;SELÇUK ERZURUM;8680001114429;ÖZLEM ECZANESİ;ERZURUM GUNEY ILCELER;PANOCER;Panocer 40 mg 28 Enterik Kaplı Tablet;50;25;75;7.898;
14.08.2026;SELÇUK ECZA DEPOSU;SELÇUK ERZURUM;8680001461868;ÇINAR ECZANESİ;ERZURUM MERKEZ -2;PANOCER;Panocer 40 mg 28 Enterik Kaplı Tablet;10;3;13;1.369;
14.08.2026;SELÇUK ECZA DEPOSU;SELÇUK TRABZON;8680001732036;SOYLU ECZANESİ;GUMUSHANE;PANOCER;Panocer 40 mg 28 Enterik Kaplı Tablet;30;12;42;4.423;
14.08.2026;ALLIANCE HEALTHCARE;AH KAYSERİ;8680001121267;MARMARA ECZANESİ;SIVAS MERKEZ -2;PANOCER;Panocer 40 mg 28 Enterik Kaplı Tablet;10;3;13;1.369;
14.08.2026;SELÇUK ECZA DEPOSU;SELÇUK TRABZON;8680001120406;YALI ECZANESİ;RIZE MERKEZ;PANOCER;Panocer 40 mg 28 Enterik Kaplı Tablet;50;25;75;7.898;
14.08.2026;SELÇUK ECZA DEPOSU;SELÇUK TRABZON;8680001202317;PINAR ECZANESİ;TRABZON DUZKOY+MACKA;PANOCER;Panocer 40 mg 28 Enterik Kaplı Tablet;165;135;300;31.594;
14.08.2026;SELÇUK ECZA DEPOSU;SELÇUK TRABZON;8680001117703;HAYAT ECZANESİ;ARTVIN KUZEY ILCELER;PANOCER;Panocer 40 mg 28 Enterik Kaplı Tablet;50;25;75;7.898;
14.08.2026;SELÇUK ECZA DEPOSU;SELÇUK SAMSUN;8680001551897;YENİ MECİTÖZÜ ECZANESİ;CORUM GUNEYDOGU ILCELER;PANOCER;Panocer 40 mg 28 Enterik Kaplı Tablet;30;12;42;4.423;
14.08.2026;SELÇUK ECZA DEPOSU;SELÇUK TRABZON;8680001723188;BİLGE ECZANESİ;ARTVIN KUZEY ILCELER;PANOCER;Panocer 40 mg 28 Enterik Kaplı Tablet;100;60;160;16.850;
14.08.2026;SELÇUK ECZA DEPOSU;SELÇUK TRABZON;8680001200894;ŞAHİN ECZANESİ;TRABZON BATI ILCELER - 2;PANOCER;Panocer 40 mg 28 Enterik Kaplı Tablet;10;3;13;1.369;
14.08.2026;SELÇUK ECZA DEPOSU;SELÇUK TRABZON;8680001748716;EZGI ECZANESİ;RIZE MERKEZ;PANOCER;Panocer 40 mg 28 Enterik Kaplı Tablet;10;3;13;1.369;
14.08.2026;SELÇUK ECZA DEPOSU;SELÇUK TRABZON;8680001805518;EMRE ECZANESİ;GUMUSHANE;PANOCER;Panocer 40 mg 28 Enterik Kaplı Tablet;3;0;3;316;
14.08.2026;SELÇUK ECZA DEPOSU;SELÇUK TRABZON;8680001187171;YÜCE ECZANESİ;GUMUSHANE;PANOCER;Panocer 40 mg 28 Enterik Kaplı Tablet;100;60;160;16.850;
14.08.2026;SELÇUK ECZA DEPOSU;SELÇUK SAMSUN;8680001159543;KARAOĞLU ECZANESİ;CORUM MERKEZ -1;PANOCER;Panocer 40 mg 28 Enterik Kaplı Tablet;50;25;75;7.898;
14.08.2026;SELÇUK ECZA DEPOSU;SELÇUK SAMSUN;8680001115242;SERKAN ECZANESİ;SINOP MERKEZ;PANOCER;Panocer 40 mg 28 Enterik Kaplı Tablet;10;3;13;1.369;
14.08.2026;SELÇUK ECZA DEPOSU;SELÇUK SAMSUN;8680001423613;BAHÇELER ECZANESİ;SAMSUN BAFRA;PANOCER;Panocer 40 mg 28 Enterik Kaplı Tablet;50;25;75;7.898;
14.08.2026;SELÇUK ECZA DEPOSU;SELÇUK SAMSUN;8680001144440;İSBİR ECZANESİ;CORUM MERKEZ -2;PANOCER;Panocer 40 mg 28 Enterik Kaplı Tablet;2;0;2;211;
14.08.2026;SELÇUK ECZA DEPOSU;SELÇUK ERZURUM;8680001706594;EMRE ECZANESİ;ERZURUM MERKEZ -3;PANOCER;Panocer 40 mg 28 Enterik Kaplı Tablet;30;12;42;4.423;
14.08.2026;SELÇUK ECZA DEPOSU;SELÇUK TRABZON;8680001825622;KARADUMAN ECZANESİ;TRABZON AKCAABAT;PANOCER;Panocer 40 mg 28 Enterik Kaplı Tablet;50;25;75;7.898;
14.08.2026;SELÇUK ECZA DEPOSU;SELÇUK SAMSUN;8680001149995;ONUR ECZANESİ;ORDU BATI ILCELER;PANOCER;Panocer 40 mg 28 Enterik Kaplı Tablet;60;30;90;9.478;
14.08.2026;SELÇUK ECZA DEPOSU;SELÇUK SAMSUN;8680001157587;GAZİ ECZANESİ;CORUM MERKEZ -1;PANOCER;Panocer 40 mg 28 Enterik Kaplı Tablet;10;3;13;1.369;
15.08.2026;SELÇUK ECZA DEPOSU;SELÇUK SAMSUN;8680001739073;AYLİN ECZANESİ;ORDU MERKEZ -3;ACİDPASS;Acidpass 10/800/165 mg 12 Çiğneme Tablet;20;3;23;2.581;
15.08.2026;SELÇUK ECZA DEPOSU;SELÇUK SAMSUN;8680001662968;MEYDAN ECZANESİ;SIVAS MERKEZ -2;ACİDPASS;Acidpass 10/800/165 mg 12 Çiğneme Tablet;10;1;11;1.235;
15.08.2026;İSTANBUL ECZA KOOP;İSKOOP MERKEZ;8680001715084;ALTINAY ECZANESİ;SAMSUN RASATHANE;ACİDPASS;Acidpass 10/800/165 mg 12 Çiğneme Tablet;1;0;1;112;
15.08.2026;İSTANBUL ECZA KOOP;İSKOOP MERKEZ;8680001114597;DOĞUŞ ECZANESİ;SAMSUN BAHCELIEVLER;ACİDPASS;Acidpass 10/800/165 mg 12 Çiğneme Tablet;10;1;11;1.235;
15.08.2026;SELÇUK ECZA DEPOSU;SELÇUK SAMSUN;8680001719563;DUMAN ECZANESİ;ORDU BATI ILCELER;ACİDPASS;Acidpass 10/800/165 mg 12 Çiğneme Tablet;3;0;3;337;
15.08.2026;SELÇUK ECZA DEPOSU;SELÇUK SAMSUN;8680001123896;AKPINAR ECZANESİ;SAMSUN HAVZA+KAVAK+LADIK;ACİDPASS;Acidpass 10/800/165 mg 12 Çiğneme Tablet;5;0;5;561;
15.08.2026;SELÇUK ECZA DEPOSU;SELÇUK SAMSUN;8680001733743;ECZANE İLGİ;TOKAT DOGU ILCELER;ACİDPASS;Acidpass 10/800/165 mg 12 Çiğneme Tablet;1;0;1;112;
15.08.2026;SELÇUK ECZA DEPOSU;SELÇUK SAMSUN;8680001733743;ECZANE İLGİ;TOKAT DOGU ILCELER;ACİDPASS;Acidpass 10/800/165 mg 12 Çiğneme Tablet;1;0;1;112;
15.08.2026;SELÇUK ECZA DEPOSU;SELÇUK ERZURUM;8680001105038;ERDOĞAN ECZANESİ;ERZURUM MERKEZ -3;ACİDPASS;Acidpass 10/800/165 mg 12 Çiğneme Tablet;3;0;3;337;
15.08.2026;SELÇUK ECZA DEPOSU;SELÇUK ERZURUM;8680001480685;BAHAR ECZANESİ;ERZURUM MERKEZ -1;ACİDPASS;Acidpass 10/800/165 mg 12 Çiğneme Tablet;10;1;11;1.235;
15.08.2026;SELÇUK ECZA DEPOSU;SELÇUK SAMSUN;8680001255566;YENİ MAHALLE ECZANESİ;ORDU MERKEZ -1;ACİDPASS;Acidpass 10/800/165 mg 6 Çiğneme Tablet;2;0;2;138;
15.08.2026;SELÇUK ECZA DEPOSU;SELÇUK ERZURUM;8680001715237;ARAS ECZANESİ;ERZURUM MERKEZ -3;ACİDPASS;Acidpass 10/800/165 mg 6 Çiğneme Tablet;2;0;2;138;
15.08.2026;SELÇUK ECZA DEPOSU;SELÇUK SAMSUN;8680001123179;YÜKSEL ECZANESİ;SINOP DOGU-BATI ILCELER;GRİPORT COLD;Griport Cold 20 Film Kaplı Tablet;10;3;13;1.094;
15.08.2026;SELÇUK ECZA DEPOSU;SELÇUK SAMSUN;8680001502035;SONER ECZANESİ;CORUM MERKEZ -2;GRİPORT COLD;Griport Cold 20 Film Kaplı Tablet;10;3;13;1.094;
15.08.2026;SELÇUK ECZA DEPOSU;SELÇUK SAMSUN;8680001750054;YAVUZ ECZANESİ;SAMSUN ALACAM+YAKAKENT;GRİPORT COLD;Griport Cold 20 Film Kaplı Tablet;10;3;13;1.094;
15.08.2026;SELÇUK ECZA DEPOSU;SELÇUK SAMSUN;8680001502035;SONER ECZANESİ;CORUM MERKEZ -2;GRİPORT COLD;Griport Cold 20 Film Kaplı Tablet;10;3;13;1.094;
15.08.2026;SELÇUK ECZA DEPOSU;SELÇUK ERZURUM;8680001117611;YENİ BÖLGE ECZANESİ;ERZURUM MERKEZ -3;MOKSEFEN;Moksefen 400 mg 7 Film Tablet;10;3;13;1.937;
15.08.2026;SELÇUK ECZA DEPOSU;SELÇUK SAMSUN;8680001108350;ALP ECZANESİ;SAMSUN ATAKUM;PANOCER;Panocer 40 mg 28 Enterik Kaplı Tablet;10;3;13;1.369;
15.08.2026;ALLIANCE HEALTHCARE;AH SAMSUN;8680001157662;BİLGE ECZANESİ;CORUM MERKEZ -2;PANOCER;Panocer 40 mg 28 Enterik Kaplı Tablet;10;3;13;1.369;
15.08.2026;ALLIANCE HEALTHCARE;AH SAMSUN;8680001860357;DUYAR ECZANESİ;CORUM MERKEZ -2;PANOCER;Panocer 40 mg 28 Enterik Kaplı Tablet;10;3;13;1.369;
16.08.2026;SELÇUK ECZA DEPOSU;SELÇUK ERZURUM;8680001899371;FIRAT ECZANESİ;ERZURUM GUNEY ILCELER;ACİDPASS;Acidpass 10/800/165 mg 12 Çiğneme Tablet;2;0;2;224;
16.08.2026;SELÇUK ECZA DEPOSU;SELÇUK SAMSUN;8680001148370;ODABAŞ ECZANESİ;ORDU MERKEZ -1;ACİDPASS;Acidpass 10/800/165 mg 12 Çiğneme Tablet;10;1;11;1.235;
16.08.2026;SELÇUK ECZA DEPOSU;SELÇUK SAMSUN;8680001110193;TAFLAN ECZANESİ;SAMSUN ATAKENT+19 MAYIS;ACİDPASS;Acidpass 10/800/165 mg 12 Çiğneme Tablet;10;1;11;1.235;
16.08.2026;SELÇUK ECZA DEPOSU;SELÇUK SAMSUN;8680001693221;CADDE YEDİTEPE ECZANESİ;CORUM MERKEZ -1;ACİDPASS;Acidpass 10/800/165 mg 12 Çiğneme Tablet;10;1;11;1.235;
16.08.2026;İSTANBUL ECZA KOOP;İSKOOP MERKEZ;8680001139927;SUNGURLU ECZANESİ;SAMSUN DOGU ILCELER - 2;ACİDPASS;Acidpass 10/800/165 mg 6 Çiğneme Tablet;10;1;11;758;
16.08.2026;SELÇUK ECZA DEPOSU;SELÇUK SAMSUN;8680001141104;MACİTOĞLU ECZANESİ;CORUM MERKEZ -2;GRİPORT COLD;Griport Cold 20 Film Kaplı Tablet;10;3;13;1.094;
16.08.2026;İSTANBUL ECZA KOOP;İSKOOP MERKEZ;8680001737123;ŞAHİN ECZANESİ;AMASYA MERZIFON;GRİPORT COLD;Griport Cold 20 Film Kaplı Tablet;10;3;13;1.094;
16.08.2026;SELÇUK ECZA DEPOSU;SELÇUK ERZURUM;8680001641130;DERMAN ECZANESİ;ERZURUM MERKEZ -3;PANOCER;Panocer 40 mg 28 Enterik Kaplı Tablet;10;3;13;1.369;
16.08.2026;İSTANBUL ECZA KOOP;İSKOOP MERKEZ;8680001108091;GÜMENEZ ECZANESİ;SAMSUN ALACAM+YAKAKENT;PANOCER;Panocer 40 mg 28 Enterik Kaplı Tablet;10;3;13;1.369;
16.08.2026;ALLIANCE HEALTHCARE;AH TRABZON;8680001654994;ULU ECZANESİ;TRABZON DOGU ILCELER -1;PANOCER;Panocer 40 mg 28 Enterik Kaplı Tablet;10;3;13;1.369;
17.08.2026;SELÇUK ECZA DEPOSU;SELÇUK ERZURUM;8680001453986;SELİMİYE ECZANESİ;ERZURUM MERKEZ -3;ACİDPASS;Acidpass 10/800/165 mg 12 Çiğneme Tablet;3;0;3;337;
17.08.2026;İSTANBUL ECZA KOOP;İSKOOP MERKEZ;8680001160150;YENİ ECZANESİ;AMASYA GOYNUCEK+TASOVA;ACİDPASS;Acidpass 10/800/165 mg 12 Çiğneme Tablet;5;0;5;561;
17.08.2026;İSTANBUL ECZA KOOP;İSKOOP MERKEZ;8680001181261;ÖZTÜRK ECZANESİ;TOKAT TURHAL;ACİDPASS;Acidpass 10/800/165 mg 12 Çiğneme Tablet;2;0;2;224;
17.08.2026;İSTANBUL ECZA KOOP;İSKOOP MERKEZ;8680001139057;GÜNGÖR ECZANESİ;AMASYA MERKEZ -2;ACİDPASS;Acidpass 10/800/165 mg 12 Çiğneme Tablet;2;0;2;224;
17.08.2026;SELÇUK ECZA DEPOSU;SELÇUK SAMSUN;8680001202973;SİNAN ECZANESİ;TOKAT BATI ILCELER;ACİDPASS;Acidpass 10/800/165 mg 12 Çiğneme Tablet;10;1;11;1.235;
17.08.2026;SELÇUK ECZA DEPOSU;SELÇUK SAMSUN;8680001802272;BACACI ECZANESI;ORDU GUNEY ILCELER -1;ACİDPASS;Acidpass 10/800/165 mg 12 Çiğneme Tablet;10;1;11;1.235;
17.08.2026;SELÇUK ECZA DEPOSU;SELÇUK SAMSUN;8680001886654;KAEN ECZANESİ;SAMSUN CANIK;ACİDPASS;Acidpass 10/800/165 mg 12 Çiğneme Tablet;3;0;3;337;
17.08.2026;SELÇUK ECZA DEPOSU;SELÇUK SAMSUN;8680001486342;KOÇAK ECZANESİ;CORUM MERKEZ -2;ACİDPASS;Acidpass 10/800/165 mg 12 Çiğneme Tablet;2;0;2;224;
17.08.2026;SELÇUK ECZA DEPOSU;SELÇUK TRABZON;8680001211364;DENİZ ECZANESİ;GIRESUN DOGU ILCELER -2;ACİDPASS;Acidpass 10/800/165 mg 12 Çiğneme Tablet;3;0;3;337;
17.08.2026;SELÇUK ECZA DEPOSU;SELÇUK TRABZON;8680001667314;ÖZMEN ECZANESİ;TRABZON MERKEZ -2;ACİDPASS;Acidpass 10/800/165 mg 12 Çiğneme Tablet;2;0;2;224;
17.08.2026;İSTANBUL ECZA KOOP;İSKOOP MERKEZ;8680001113637;YAĞMUR ECZANESİ;SINOP MERKEZ;ACİDPASS;Acidpass 10/800/165 mg 12 Çiğneme Tablet;10;1;11;1.235;
17.08.2026;SELÇUK ECZA DEPOSU;SELÇUK SAMSUN;8680001165681;KAYMAK ECZANESİ;ORDU MERKEZ -3;ACİDPASS;Acidpass 10/800/165 mg 12 Çiğneme Tablet;10;1;11;1.235;
17.08.2026;SELÇUK ECZA DEPOSU;SELÇUK ERZURUM;8680001175369;ARAS ECZANESİ;KARS ILCELER;ACİDPASS;Acidpass 10/800/165 mg 12 Çiğneme Tablet;2;0;2;224;
17.08.2026;SELÇUK ECZA DEPOSU;SELÇUK ERZURUM;8680001182312;SAĞLIK ECZANESİ;KARS MERKEZ;ACİDPASS;Acidpass 10/800/165 mg 12 Çiğneme Tablet;2;0;2;224;
17.08.2026;SELÇUK ECZA DEPOSU;SELÇUK ERZURUM;8680001915996;HARAKANI ECZANESİ;KARS MERKEZ;ACİDPASS;Acidpass 10/800/165 mg 12 Çiğneme Tablet;3;0;3;337;
17.08.2026;SELÇUK ECZA DEPOSU;SELÇUK TRABZON;8680001232833;ÇÖMLEKÇİ ECZANESİ;TRABZON MERKEZ -4;ACİDPASS;Acidpass 10/800/165 mg 12 Çiğneme Tablet;10;1;11;1.235;
17.08.2026;SELÇUK ECZA DEPOSU;SELÇUK TRABZON;8680001929078;RIZE ECZANESİ;RIZE MERKEZ;ACİDPASS;Acidpass 10/800/165 mg 12 Çiğneme Tablet;10;1;11;1.235;
17.08.2026;SELÇUK ECZA DEPOSU;SELÇUK TRABZON;8680001271429;ÇAYKARA ECZANESİ;TRABZON DOGU ILCELER -1;ACİDPASS;Acidpass 10/800/165 mg 12 Çiğneme Tablet;2;0;2;224;
17.08.2026;SELÇUK ECZA DEPOSU;SELÇUK ERZURUM;8680001742967;SÜPHAN ECZANESİ;AGRI ILCELER;ACİDPASS;Acidpass 10/800/165 mg 12 Çiğneme Tablet;4;0;4;449;
17.08.2026;SELÇUK ECZA DEPOSU;SELÇUK ERZURUM;8680001525478;TUĞÇE ECZANESİ;ERZURUM MERKEZ -1;ACİDPASS;Acidpass 10/800/165 mg 12 Çiğneme Tablet;10;1;11;1.235;
17.08.2026;SELÇUK ECZA DEPOSU;SELÇUK ERZURUM;8680001714285;DERMAN ECZANESİ;ERZURUM GUNEY ILCELER;ACİDPASS;Acidpass 10/800/165 mg 12 Çiğneme Tablet;2;0;2;224;
17.08.2026;SELÇUK ECZA DEPOSU;SELÇUK ERZURUM;8680001717484;EBRULİ ECZANESİ;ERZURUM MERKEZ -2;ACİDPASS;Acidpass 10/800/165 mg 12 Çiğneme Tablet;3;0;3;337;
17.08.2026;SELÇUK ECZA DEPOSU;SELÇUK TRABZON;8680001672479;AHSEN ECZANESİ;TRABZON DOGU ILCELER - 2;ACİDPASS;Acidpass 10/800/165 mg 12 Çiğneme Tablet;1;0;1;112;
17.08.2026;İSTANBUL ECZA KOOP;İSKOOP MERKEZ;8680001158751;MUTLU ECZANESİ;AMASYA ILCELER;ACİDPASS;Acidpass 10/800/165 mg 12 Çiğneme Tablet;10;2;12;1.347;
17.08.2026;İSTANBUL ECZA KOOP;İSKOOP MERKEZ;8680001116393;ELİF ECZANESİ;SINOP MERKEZ;ACİDPASS;Acidpass 10/800/165 mg 12 Çiğneme Tablet;2;0;2;224;
17.08.2026;İSTANBUL ECZA KOOP;İSKOOP MERKEZ;8680001124640;MADEN ECZANESİ;AMASYA MERKEZ -2;ACİDPASS;Acidpass 10/800/165 mg 12 Çiğneme Tablet;2;0;2;224;
17.08.2026;SELÇUK ECZA DEPOSU;SELÇUK SAMSUN;8680001200597;SAĞLIK ECZANESİ;TOKAT BATI ILCELER;ACİDPASS;Acidpass 10/800/165 mg 12 Çiğneme Tablet;3;0;3;337;
17.08.2026;SELÇUK ECZA DEPOSU;SELÇUK SAMSUN;8680001725984;YENİ SANAYİ ECZANESİ;ORDU MERKEZ -3;ACİDPASS;Acidpass 10/800/165 mg 12 Çiğneme Tablet;10;1;11;1.235;
17.08.2026;SELÇUK ECZA DEPOSU;SELÇUK SAMSUN;8680001113729;NUR ECZANESİ;SAMSUN ILKADIM - 2;ACİDPASS;Acidpass 10/800/165 mg 12 Çiğneme Tablet;1;0;1;112;
17.08.2026;SELÇUK ECZA DEPOSU;SELÇUK SAMSUN;8680001730186;ÖYKÜ ECZANESİ;ORDU MERKEZ -3;ACİDPASS;Acidpass 10/800/165 mg 12 Çiğneme Tablet;10;1;11;1.235;
17.08.2026;SELÇUK ECZA DEPOSU;SELÇUK SAMSUN;8680001146949;DUYGU ECZANESİ;CORUM MERKEZ -1;ACİDPASS;Acidpass 10/800/165 mg 12 Çiğneme Tablet;1;0;1;112;
17.08.2026;SELÇUK ECZA DEPOSU;SELÇUK SAMSUN;8680001167678;KARDELEN ECZANESİ;TOKAT MERKEZ -1;ACİDPASS;Acidpass 10/800/165 mg 12 Çiğneme Tablet;10;1;11;1.235;
17.08.2026;SELÇUK ECZA DEPOSU;SELÇUK SAMSUN;8680001112050;TÜRKER ECZANESİ;SAMSUN RASATHANE;ACİDPASS;Acidpass 10/800/165 mg 12 Çiğneme Tablet;2;0;2;224;
17.08.2026;SELÇUK ECZA DEPOSU;SELÇUK SAMSUN;8680001137350;METİN ECZANESİ;SAMSUN DOGU ILCELER - 2;ACİDPASS;Acidpass 10/800/165 mg 12 Çiğneme Tablet;10;1;11;1.235;
17.08.2026;SELÇUK ECZA DEPOSU;SELÇUK SAMSUN;8680001651429;KUZEY ECZANESİ;SAMSUN HAVZA+KAVAK+LADIK;ACİDPASS;Acidpass 10/800/165 mg 12 Çiğneme Tablet;2;0;2;224;
17.08.2026;SELÇUK ECZA DEPOSU;SELÇUK TRABZON;8680001485406;MEDEA ECZANESİ;ARTVIN KUZEY ILCELER;ACİDPASS;Acidpass 10/800/165 mg 12 Çiğneme Tablet;10;1;11;1.235;
17.08.2026;SELÇUK ECZA DEPOSU;SELÇUK SAMSUN;8680001835041;AKSU ECZANESİ;ORDU MERKEZ -3;ACİDPASS;Acidpass 10/800/165 mg 6 Çiğneme Tablet;2;0;2;138;
17.08.2026;SELÇUK ECZA DEPOSU;SELÇUK ERZURUM;8680001182312;SAĞLIK ECZANESİ;KARS MERKEZ;ACİDPASS;Acidpass 10/800/165 mg 6 Çiğneme Tablet;2;0;2;138;
17.08.2026;İSTANBUL ECZA KOOP;İSKOOP MERKEZ;8680001116393;ELİF ECZANESİ;SINOP MERKEZ;ACİDPASS;Acidpass 10/800/165 mg 6 Çiğneme Tablet;1;0;1;69;
17.08.2026;İSTANBUL ECZA KOOP;İSKOOP MERKEZ;8680001700615;ŞULE ECZANESİ;SAMSUN ATAKENT+19 MAYIS;ACİDPASS;Acidpass 10/800/165 mg 6 Çiğneme Tablet;1;0;1;69;
17.08.2026;SELÇUK ECZA DEPOSU;SELÇUK TRABZON;8680001442058;RABİA ECZANESİ;TRABZON AKCAABAT;FAMTREC;Famtrec 800/26,6mg 14 Film Kaplı Tablet;1;0;1;102;
17.08.2026;SELÇUK ECZA DEPOSU;SELÇUK SAMSUN;8680001278268;LOKMAN ECZANESİ;ORDU FATSA;FAMTREC;Famtrec 800/26,6mg 14 Film Kaplı Tablet;5;1;6;613;
17.08.2026;SELÇUK ECZA DEPOSU;SELÇUK SAMSUN;8680001561193;BAHARDALİ ECZANESİ;TOKAT DOGU ILCELER;FAMTREC;Famtrec 800/26,6mg 14 Film Kaplı Tablet;10;2;12;1.226;
17.08.2026;SELÇUK ECZA DEPOSU;SELÇUK SAMSUN;8680001216895;HAYAT ECZANESİ;TOKAT DOGU ILCELER;FAMTREC;Famtrec 800/26,6mg 14 Film Kaplı Tablet;5;1;6;613;
17.08.2026;İSTANBUL ECZA KOOP;İSKOOP MERKEZ;8680001499301;GİZEM ECZANESİ;AMASYA MERZIFON;FAMTREC;Famtrec 800/26,6mg 14 Film Kaplı Tablet;1;0;1;102;
17.08.2026;İSTANBUL ECZA KOOP;İSKOOP MERKEZ;8680001123148;MERVE ECZANESİ;SINOP DOGU-BATI ILCELER;GRİPORT COLD;Griport Cold 20 Film Kaplı Tablet;5;1;6;505;
17.08.2026;SELÇUK ECZA DEPOSU;SELÇUK SAMSUN;8680001521111;YENİ ECZANESİ;SAMSUN VEZIRKOPRU;GRİPORT COLD;Griport Cold 20 Film Kaplı Tablet;5;1;6;505;
17.08.2026;SELÇUK ECZA DEPOSU;SELÇUK SAMSUN;8680001120017;DÖRTYOL ECZANESİ;SIVAS MERKEZ -4;GRİPORT COLD;Griport Cold 20 Film Kaplı Tablet;2;0;2;168;
17.08.2026;SELÇUK ECZA DEPOSU;SELÇUK TRABZON;8680001491612;SEMİH ECZANESİ;TRABZON DOGU ILCELER - 2;GRİPORT COLD;Griport Cold 20 Film Kaplı Tablet;5;1;6;505;
17.08.2026;SELÇUK ECZA DEPOSU;SELÇUK SAMSUN;8680001145690;ŞİFA ECZANESİ;SAMSUN ALACAM+YAKAKENT;GRİPORT COLD;Griport Cold 20 Film Kaplı Tablet;5;1;6;505;
17.08.2026;SELÇUK ECZA DEPOSU;SELÇUK SAMSUN;8680001113842;GAZİ ECZANESİ;SAMSUN HURRIYET+ZAFER;GRİPORT COLD;Griport Cold 20 Film Kaplı Tablet;2;0;2;168;
17.08.2026;İSTANBUL ECZA KOOP;İSKOOP MERKEZ;8680001750337;GÖKÇE ECZANESİ;AMASYA MERKEZ -2;GRİPORT COLD;Griport Cold 20 Film Kaplı Tablet;5;1;6;505;
17.08.2026;İSTANBUL ECZA KOOP;İSKOOP MERKEZ;8680001158751;MUTLU ECZANESİ;AMASYA ILCELER;GRİPORT COLD;Griport Cold 20 Film Kaplı Tablet;40;20;60;5.049;
17.08.2026;İSTANBUL ECZA KOOP;İSKOOP MERKEZ;8680001491865;GÜLDEN ECZANESİ;SAMSUN VEZIRKOPRU;MOKSEFEN;Moksefen 400 mg 7 Film Tablet;10;3;13;1.937;
17.08.2026;SELÇUK ECZA DEPOSU;SELÇUK SAMSUN;8680001627868;GÜNEŞ ECZANESİ;ORDU MERKEZ -1;MOKSEFEN;Moksefen 400 mg 7 Film Tablet;5;1;6;894;
17.08.2026;SELÇUK ECZA DEPOSU;SELÇUK SAMSUN;8680001647125;NİMET ECZANESİ;ORDU DOGU ILCELER;MOKSEFEN;Moksefen 400 mg 7 Film Tablet;10;3;13;1.937;
17.08.2026;SELÇUK ECZA DEPOSU;SELÇUK TRABZON;8680001508426;DEVA ECZANESİ;GUMUSHANE;MOKSEFEN;Moksefen 400 mg 7 Film Tablet;-20;-10;-30;-4.470;
17.08.2026;SELÇUK ECZA DEPOSU;SELÇUK SAMSUN;8680001123544;KARADAYI ECZANESİ;SIVAS MERKEZ -3;MOKSEFEN;Moksefen 400 mg 7 Film Tablet;4;0;4;596;
17.08.2026;SELÇUK ECZA DEPOSU;SELÇUK TRABZON;8680001634354;KURT ECZANESİ;GIRESUN GUNEY ILCELER;MOKSEFEN;Moksefen 400 mg 7 Film Tablet;30;15;45;6.705;
17.08.2026;SELÇUK ECZA DEPOSU;SELÇUK SAMSUN;8680001812295;HANDE ECZANESİ;ORDU BATI ILCELER;MOKSEFEN;Moksefen 400 mg 7 Film Tablet;5;1;6;894;
17.08.2026;SELÇUK ECZA DEPOSU;SELÇUK SAMSUN;8680001524532;ÖYKÜ ECZANESİ;SAMSUN ATAKUM;MOKSEFEN;Moksefen 400 mg 7 Film Tablet;1;0;1;149;
17.08.2026;SELÇUK ECZA DEPOSU;SELÇUK SAMSUN;8680001123544;KARADAYI ECZANESİ;SIVAS MERKEZ -3;MOKSEFEN;Moksefen 400 mg 7 Film Tablet;1;1;2;298;
17.08.2026;SELÇUK ECZA DEPOSU;SELÇUK TRABZON;8680001857609;HALİDE ECZANESİ;GUMUSHANE;PANOCER;Panocer 40 mg 14 Enterik Kaplı Tablet;10;3;13;1.052;
17.08.2026;SELÇUK ECZA DEPOSU;SELÇUK ERZURUM;8680001662531;BÜŞRA DOĞAN ECZANESİ;AGRI MERKEZ;PANOCER;Panocer 40 mg 14 Enterik Kaplı Tablet;10;3;13;1.052;
17.08.2026;ALLIANCE HEALTHCARE;AH SAMSUN;8680001489756;HAVZA ŞİFA ECZANESİ;SAMSUN HAVZA+KAVAK+LADIK;PANOCER;Panocer 40 mg 14 Enterik Kaplı Tablet;3;0;3;243;
17.08.2026;ALLIANCE HEALTHCARE;AH SAMSUN;8680001116805;SEVEN ECZANESİ;AMASYA MERKEZ -2;PANOCER;Panocer 40 mg 28 Enterik Kaplı Tablet;10;3;13;1.369;
17.08.2026;ALLIANCE HEALTHCARE;AH SAMSUN;8680001796397;İREM ECZANESİ;SAMSUN DOGU ILCELER - 2;PANOCER;Panocer 40 mg 28 Enterik Kaplı Tablet;2;0;2;211;
17.08.2026;ALLIANCE HEALTHCARE;AH SAMSUN;8680001139415;KETENCİ ECZANESİ;SAMSUN ILKADIM - 2;PANOCER;Panocer 40 mg 28 Enterik Kaplı Tablet;10;3;13;1.369;
17.08.2026;ALLIANCE HEALTHCARE;AH SAMSUN;8680001137527;YENİ HASTANE ECZANESI;SAMSUN DOGU ILCELER - 2;PANOCER;Panocer 40 mg 28 Enterik Kaplı Tablet;10;3;13;1.369;
17.08.2026;ALLIANCE HEALTHCARE;AH SAMSUN;8680001618651;SAĞLIK ECZANESİ;SAMSUN DOGU ILCELER;PANOCER;Panocer 40 mg 28 Enterik Kaplı Tablet;30;12;42;4.423;
17.08.2026;ALLIANCE HEALTHCARE;AH SAMSUN;8680001177790;EKİN ECZANESİ;TOKAT DOGU ILCELER;PANOCER;Panocer 40 mg 28 Enterik Kaplı Tablet;10;0;10;1.053;
17.08.2026;İSTANBUL ECZA KOOP;İSKOOP MERKEZ;8680001219735;MURAT ECZANESİ;TOKAT TURHAL;PANOCER;Panocer 40 mg 28 Enterik Kaplı Tablet;10;3;13;1.369;
17.08.2026;İSTANBUL ECZA KOOP;İSKOOP MERKEZ;8680001160532;SAĞLIK ECZANESİ;SAMSUN BAFRA;PANOCER;Panocer 40 mg 28 Enterik Kaplı Tablet;30;12;42;4.423;
17.08.2026;ALLIANCE HEALTHCARE;AH ORDU;8680001163717;KARADENİZ ECZANESİ;ORDU DOGU ILCELER;PANOCER;Panocer 40 mg 28 Enterik Kaplı Tablet;10;3;13;1.369;
17.08.2026;ALLIANCE HEALTHCARE;AH ERZURUM;8680001444632;AYGÜN ECZANESİ;ERZURUM MERKEZ -3;PANOCER;Panocer 40 mg 28 Enterik Kaplı Tablet;10;3;13;1.369;
17.08.2026;ALLIANCE HEALTHCARE;AH ERZURUM;8680001474691;NUR ECZANESİ;KARS ILCELER;PANOCER;Panocer 40 mg 28 Enterik Kaplı Tablet;30;12;42;4.423;
17.08.2026;ALLIANCE HEALTHCARE;AH ORDU;8680001476572;GÜNAYDIN ECZANESİ;ORDU MERKEZ -3;PANOCER;Panocer 40 mg 28 Enterik Kaplı Tablet;10;3;13;1.369;
17.08.2026;ALLIANCE HEALTHCARE;AH ORDU;8680001460205;SELÇUK ECZANESİ;ORDU GUNEY ILCELER -1;PANOCER;Panocer 40 mg 28 Enterik Kaplı Tablet;10;3;13;1.369;
17.08.2026;ALLIANCE HEALTHCARE;AH ORDU;8680001897315;YAKACIK ECZANESI;ORDU GUNEY ILCELER -1;PANOCER;Panocer 40 mg 28 Enterik Kaplı Tablet;30;12;42;4.423;
17.08.2026;SELÇUK ECZA DEPOSU;SELÇUK ERZURUM;8680001714285;DERMAN ECZANESİ;ERZURUM GUNEY ILCELER;PANOCER;Panocer 40 mg 28 Enterik Kaplı Tablet;10;3;13;1.369;
17.08.2026;SELÇUK ECZA DEPOSU;SELÇUK ERZURUM;8680001646463;TİMUR ECZANESİ;ERZURUM MERKEZ -1;PANOCER;Panocer 40 mg 28 Enterik Kaplı Tablet;10;3;13;1.369;
17.08.2026;ALLIANCE HEALTHCARE;AH KAYSERİ;8680001500550;MAVİ ECZANE;SIVAS MERKEZ -4;PANOCER;Panocer 40 mg 28 Enterik Kaplı Tablet;10;3;13;1.369;
17.08.2026;SELÇUK ECZA DEPOSU;SELÇUK TRABZON;8680001857609;HALİDE ECZANESİ;GUMUSHANE;PANOCER;Panocer 40 mg 28 Enterik Kaplı Tablet;-100;-60;-160;-16.850;
17.08.2026;SELÇUK ECZA DEPOSU;SELÇUK TRABZON;8680001723041;MERKEZ ECZANESİ;TRABZON DUZKOY+MACKA;PANOCER;Panocer 40 mg 28 Enterik Kaplı Tablet;30;12;42;4.423;
17.08.2026;SELÇUK ECZA DEPOSU;SELÇUK SAMSUN;8680001160532;SAĞLIK ECZANESİ;SAMSUN BAFRA;PANOCER;Panocer 40 mg 28 Enterik Kaplı Tablet;30;12;42;4.423;
17.08.2026;SELÇUK ECZA DEPOSU;SELÇUK TRABZON;8680001117710;BAYRAKTAR ECZANESİ;ARTVIN KUZEY ILCELER;PANOCER;Panocer 40 mg 28 Enterik Kaplı Tablet;10;3;13;1.369;
17.08.2026;SELÇUK ECZA DEPOSU;SELÇUK TRABZON;8680001223893;DAMLA ECZANESİ;TRABZON DUZKOY+MACKA;PANOCER;Panocer 40 mg 28 Enterik Kaplı Tablet;10;3;13;1.369;
17.08.2026;SELÇUK ECZA DEPOSU;SELÇUK SAMSUN;8680001151431;KÜBRA ECZANESİ;SIVAS MERKEZ -2;PANOCER;Panocer 40 mg 28 Enterik Kaplı Tablet;4;0;4;421;
17.08.2026;SELÇUK ECZA DEPOSU;SELÇUK SAMSUN;8680001446681;SEVİLAY ECZANESİ;TOKAT MERKEZ -2;PANOCER;Panocer 40 mg 28 Enterik Kaplı Tablet;10;3;13;1.369;
17.08.2026;SELÇUK ECZA DEPOSU;SELÇUK SAMSUN;8680001756971;ERDEM ECZANESİ;TOKAT MERKEZ -2;PANOCER;Panocer 40 mg 28 Enterik Kaplı Tablet;10;3;13;1.369;
17.08.2026;SELÇUK ECZA DEPOSU;SELÇUK SAMSUN;8680001869817;GOKSEL ECZANESİ;SINOP GUNEY ILCELER;PANOCER;Panocer 40 mg 28 Enterik Kaplı Tablet;10;3;13;1.369;
17.08.2026;SELÇUK ECZA DEPOSU;SELÇUK SAMSUN;8680001666386;BEYZA ECZANESİ;SAMSUN CANIK;PANOCER;Panocer 40 mg 28 Enterik Kaplı Tablet;10;3;13;1.369;
17.08.2026;SELÇUK ECZA DEPOSU;SELÇUK SAMSUN;8680001124848;DEMET ECZANESİ;SIVAS MERKEZ -4;PANOCER;Panocer 40 mg 28 Enterik Kaplı Tablet;30;12;42;4.423;
17.08.2026;SELÇUK ECZA DEPOSU;SELÇUK SAMSUN;8680001114092;ŞİMŞEK ECZANESİ;SINOP MERKEZ;PANOCER;Panocer 40 mg 28 Enterik Kaplı Tablet;30;12;42;4.423;
17.08.2026;SELÇUK ECZA DEPOSU;SELÇUK SAMSUN;8680001105427;BURCU ECZANESİ;SAMSUN TERME;PANOCER;Panocer 40 mg 28 Enterik Kaplı Tablet;30;12;42;4.423;
17.08.2026;SELÇUK ECZA DEPOSU;SELÇUK SAMSUN;8680001531691;ÇALIŞKAN ECZANESİ;CORUM MERKEZ -3;PANOCER;Panocer 40 mg 28 Enterik Kaplı Tablet;10;3;13;1.369;
17.08.2026;İSTANBUL ECZA KOOP;İSKOOP MERKEZ;8680001181261;ÖZTÜRK ECZANESİ;TOKAT TURHAL;PANOCER;Panocer 40 mg 28 Enterik Kaplı Tablet;10;3;13;1.369;
17.08.2026;SELÇUK ECZA DEPOSU;SELÇUK TRABZON;8680001182701;HİSAR ECZANESİ;GIRESUN GUNEY ILCELER;PANOCER;Panocer 40 mg 28 Enterik Kaplı Tablet;10;3;13;1.369;
17.08.2026;SELÇUK ECZA DEPOSU;SELÇUK ERZURUM;8680001736195;EMEK ECZANESİ;AGRI ILCELER;PANOCER;Panocer 40 mg 28 Enterik Kaplı Tablet;30;12;42;4.423;
17.08.2026;SELÇUK ECZA DEPOSU;SELÇUK ERZURUM;8680001387571;POLAT ECZANESİ;ERZURUM MERKEZ -2;PANOCER;Panocer 40 mg 28 Enterik Kaplı Tablet;30;12;42;4.423;
18.08.2026;SELÇUK ECZA DEPOSU;SELÇUK ERZURUM;8680001109982;ŞAFAK ECZANESİ;ERZURUM MERKEZ -3;ACİDPASS;Acidpass 10/800/165 mg 12 Çiğneme Tablet;1;0;1;112;
18.08.2026;SELÇUK ECZA DEPOSU;SELÇUK TRABZON;8680001179046;GİRİFTİNOĞLU ECZANESİ;GUMUSHANE;ACİDPASS;Acidpass 10/800/165 mg 12 Çiğneme Tablet;1;0;1;112;
18.08.2026;SELÇUK ECZA DEPOSU;SELÇUK TRABZON;8680001743155;NUR ECZANESİ;GUMUSHANE;ACİDPASS;Acidpass 10/800/165 mg 12 Çiğneme Tablet;3;0;3;337;
18.08.2026;SELÇUK ECZA DEPOSU;SELÇUK TRABZON;8680001480739;LOTUS ECZANESİ;TRABZON DOGU ILCELER - 2;ACİDPASS;Acidpass 10/800/165 mg 12 Çiğneme Tablet;3;0;3;337;
18.08.2026;İSTANBUL ECZA KOOP;İSKOOP MERKEZ;8680001667208;MERVE ECZANESİ;AMASYA MERKEZ -1;ACİDPASS;Acidpass 10/800/165 mg 12 Çiğneme Tablet;10;1;11;1.235;
18.08.2026;İSTANBUL ECZA KOOP;İSKOOP MERKEZ;8680001524532;ÖYKÜ ECZANESİ;SAMSUN ATAKUM;ACİDPASS;Acidpass 10/800/165 mg 12 Çiğneme Tablet;10;1;11;1.235;
18.08.2026;İSTANBUL ECZA KOOP;İSKOOP MERKEZ;8680001120895;SARAÇOĞLU ECZANESİ;AMASYA MERKEZ -2;ACİDPASS;Acidpass 10/800/165 mg 12 Çiğneme Tablet;10;1;11;1.235;
18.08.2026;İSTANBUL ECZA KOOP;İSKOOP MERKEZ;8680001732821;25 MAYIS ECZANESİ;SAMSUN HAVZA+KAVAK+LADIK;ACİDPASS;Acidpass 10/800/165 mg 12 Çiğneme Tablet;10;1;11;1.235;
18.08.2026;İSTANBUL ECZA KOOP;İSKOOP MERKEZ;8680001141661;DERMAN ECZANESİ;AMASYA ILCELER;ACİDPASS;Acidpass 10/800/165 mg 12 Çiğneme Tablet;10;1;11;1.235;
18.08.2026;İSTANBUL ECZA KOOP;İSKOOP MERKEZ;8680001484027;HİLAL ALTEKİN ECZANESİ;AMASYA MERKEZ -1;ACİDPASS;Acidpass 10/800/165 mg 12 Çiğneme Tablet;10;2;12;1.347;
18.08.2026;İSTANBUL ECZA KOOP;İSKOOP MERKEZ;8680001121014;İLKAY ECZANESİ;AMASYA MERKEZ -1;ACİDPASS;Acidpass 10/800/165 mg 12 Çiğneme Tablet;10;1;11;1.235;
18.08.2026;SELÇUK ECZA DEPOSU;SELÇUK SAMSUN;8680001500611;SAHİL ECZANESİ;ORDU FATSA;ACİDPASS;Acidpass 10/800/165 mg 12 Çiğneme Tablet;10;1;11;1.235;
18.08.2026;SELÇUK ECZA DEPOSU;SELÇUK SAMSUN;8680001277230;MERKEZ ECZANESİ;ORDU FATSA;ACİDPASS;Acidpass 10/800/165 mg 12 Çiğneme Tablet;2;0;2;224;
18.08.2026;SELÇUK ECZA DEPOSU;SELÇUK SAMSUN;8680001233953;YAMANER ECZANESİ;ORDU UNYE;ACİDPASS;Acidpass 10/800/165 mg 12 Çiğneme Tablet;10;1;11;1.235;
18.08.2026;SELÇUK ECZA DEPOSU;SELÇUK TRABZON;8680001213757;HAYRAT ECZANESİ;TRABZON DOGU ILCELER -1;ACİDPASS;Acidpass 10/800/165 mg 12 Çiğneme Tablet;10;1;11;1.235;
18.08.2026;SELÇUK ECZA DEPOSU;SELÇUK TRABZON;8680001718818;İLGE ECZANESİ;TRABZON MERKEZ -3;ACİDPASS;Acidpass 10/800/165 mg 12 Çiğneme Tablet;10;1;11;1.235;
18.08.2026;İSTANBUL ECZA KOOP;İSKOOP MERKEZ;8680001116393;ELİF ECZANESİ;SINOP MERKEZ;ACİDPASS;Acidpass 10/800/165 mg 12 Çiğneme Tablet;2;0;2;224;
18.08.2026;SELÇUK ECZA DEPOSU;SELÇUK TRABZON;8680001865277;ALEMDAR ECZANESİ;TRABZON MERKEZ -1;ACİDPASS;Acidpass 10/800/165 mg 12 Çiğneme Tablet;10;2;12;1.347;
18.08.2026;SELÇUK ECZA DEPOSU;SELÇUK SAMSUN;8680001881093;ÇAĞLA ECZANESİ;SAMSUN VEZIRKOPRU;ACİDPASS;Acidpass 10/800/165 mg 12 Çiğneme Tablet;10;1;11;1.235;
18.08.2026;SELÇUK ECZA DEPOSU;SELÇUK TRABZON;8680001113224;SEVİM ECZANESİ;RIZE DOGU ILCELER;ACİDPASS;Acidpass 10/800/165 mg 12 Çiğneme Tablet;10;1;11;1.235;
18.08.2026;SELÇUK ECZA DEPOSU;SELÇUK TRABZON;8680001556236;BURÇİN ECZANESİ;TRABZON MERKEZ -4;ACİDPASS;Acidpass 10/800/165 mg 12 Çiğneme Tablet;5;0;5;561;
18.08.2026;SELÇUK ECZA DEPOSU;SELÇUK TRABZON;8680001268184;SEVGİ ECZANESİ;TRABZON MERKEZ -3;ACİDPASS;Acidpass 10/800/165 mg 12 Çiğneme Tablet;3;0;3;337;
18.08.2026;SELÇUK ECZA DEPOSU;SELÇUK TRABZON;8680001744961;ÇİÇEK ECZANESİ;RIZE BATI ILCELER;ACİDPASS;Acidpass 10/800/165 mg 12 Çiğneme Tablet;10;1;11;1.235;
18.08.2026;SELÇUK ECZA DEPOSU;SELÇUK ERZURUM;8680001425471;ÇİÇEK ECZANESİ;ERZINCAN MERKEZ;ACİDPASS;Acidpass 10/800/165 mg 12 Çiğneme Tablet;10;1;11;1.235;
18.08.2026;SELÇUK ECZA DEPOSU;SELÇUK TRABZON;8680001183067;BALLICA ECZANESİ;GIRESUN BULANCAK+PIRAZIZ;ACİDPASS;Acidpass 10/800/165 mg 6 Çiğneme Tablet;1;0;1;69;
18.08.2026;SELÇUK ECZA DEPOSU;SELÇUK TRABZON;8680001308965;SAĞLIK ECZANESİ;RIZE DOGU ILCELER;FAMTREC;Famtrec 800/26,6mg 14 Film Kaplı Tablet;1;0;1;102;
18.08.2026;SELÇUK ECZA DEPOSU;SELÇUK TRABZON;8680001115228;HALK ECZANESİ;RIZE DOGU ILCELER;FAMTREC;Famtrec 800/26,6mg 14 Film Kaplı Tablet;-5;-1;-6;-613;
18.08.2026;SELÇUK ECZA DEPOSU;SELÇUK SAMSUN;8680001422784;SAĞLIK ECZANESİ;SAMSUN TERME;FAMTREC;Famtrec 800/26,6mg 14 Film Kaplı Tablet;5;1;6;613;
18.08.2026;SELÇUK ECZA DEPOSU;SELÇUK SAMSUN;8680001421213;KARŞIYAKA ECZANESİ;ORDU MERKEZ -3;FAMTREC;Famtrec 800/26,6mg 14 Film Kaplı Tablet;5;1;6;613;
18.08.2026;SELÇUK ECZA DEPOSU;SELÇUK TRABZON;8680001752270;YAREN ECZANESİ;GUMUSHANE;FAMTREC;Famtrec 800/26,6mg 14 Film Kaplı Tablet;1;0;1;102;
18.08.2026;İSTANBUL ECZA KOOP;İSKOOP MERKEZ;8680001482542;SAĞLIK ECZANESİ;AMASYA GOYNUCEK+TASOVA;FAMTREC;Famtrec 800/26,6mg 14 Film Kaplı Tablet;2;0;2;204;
18.08.2026;SELÇUK ECZA DEPOSU;SELÇUK SAMSUN;8680001188697;SAĞLIK ECZANESİ;ORDU BATI ILCELER;FAMTREC;Famtrec 800/26,6mg 30 Film Kaplı Tablet;-4;0;-4;-876;
18.08.2026;SELÇUK ECZA DEPOSU;SELÇUK SAMSUN;8680001421909;YAŞAM ECZANESİ;CORUM MERKEZ -2;GRİPORT COLD;Griport Cold 20 Film Kaplı Tablet;10;3;13;1.094;
18.08.2026;SELÇUK ECZA DEPOSU;SELÇUK ERZURUM;8680001706594;EMRE ECZANESİ;ERZURUM MERKEZ -3;GRİPORT COLD;Griport Cold 20 Film Kaplı Tablet;20;8;28;2.356;
18.08.2026;SELÇUK ECZA DEPOSU;SELÇUK TRABZON;8680001272877;KONAK ECZANESİ;TRABZON MERKEZ -4;GRİPORT COLD;Griport Cold 20 Film Kaplı Tablet;1;0;1;84;
18.08.2026;SELÇUK ECZA DEPOSU;SELÇUK SAMSUN;8680001663323;ORTACAMİ ECZANESİ;SAMSUN VEZIRKOPRU;GRİPORT COLD;Griport Cold 20 Film Kaplı Tablet;2;0;2;168;
18.08.2026;SELÇUK ECZA DEPOSU;SELÇUK SAMSUN;8680001547227;ALBAYRAK ECZANESİ;SAMSUN RASATHANE;GRİPORT COLD;Griport Cold 20 Film Kaplı Tablet;5;1;6;505;
18.08.2026;SELÇUK ECZA DEPOSU;SELÇUK TRABZON;8680001684670;BAL ECZANESİ;TRABZON MERKEZ -4;GRİPORT COLD;Griport Cold 20 Film Kaplı Tablet;5;1;6;505;
18.08.2026;SELÇUK ECZA DEPOSU;SELÇUK SAMSUN;8680001890323;CAN ECZANESİ;TOKAT ERBAA;GRİPORT COLD;Griport Cold 20 Film Kaplı Tablet;3;0;3;252;
18.08.2026;SELÇUK ECZA DEPOSU;SELÇUK SAMSUN;8680001428236;NUR ECZANESİ;ORDU GUNEY ILCELER -1;MOKSEFEN;Moksefen 400 mg 7 Film Tablet;30;15;45;6.705;
18.08.2026;SELÇUK ECZA DEPOSU;SELÇUK SAMSUN;8680001890323;CAN ECZANESİ;TOKAT ERBAA;MOKSEFEN;Moksefen 400 mg 7 Film Tablet;5;1;6;894;
18.08.2026;SELÇUK ECZA DEPOSU;SELÇUK TRABZON;8680001929078;RIZE ECZANESİ;RIZE MERKEZ;MOKSEFEN;Moksefen 400 mg 7 Film Tablet;1;0;1;149;
18.08.2026;İSTANBUL ECZA KOOP;İSKOOP MERKEZ;8680001733026;ARI ECZANESİ;AMASYA GOYNUCEK+TASOVA;MOKSEFEN;Moksefen 400 mg 7 Film Tablet;5;1;6;894;
18.08.2026;SELÇUK ECZA DEPOSU;SELÇUK SAMSUN;8680001278268;LOKMAN ECZANESİ;ORDU FATSA;PANOCER;Panocer 40 mg 14 Enterik Kaplı Tablet;3;0;3;243;
18.08.2026;SELÇUK ECZA DEPOSU;SELÇUK TRABZON;8680001749447;DENİZ ECZANESİ;ARTVIN MERKEZ+DOGU+GUNEY;PANOCER;Panocer 40 mg 14 Enterik Kaplı Tablet;2;0;2;162;
18.08.2026;SELÇUK ECZA DEPOSU;SELÇUK TRABZON;8680001893294;BORDO MAVİ ECZANESİ;TRABZON MERKEZ -4;PANOCER;Panocer 40 mg 28 Enterik Kaplı Tablet;10;3;13;1.369;
18.08.2026;SELÇUK ECZA DEPOSU;SELÇUK TRABZON;8680001187171;YÜCE ECZANESİ;GUMUSHANE;PANOCER;Panocer 40 mg 28 Enterik Kaplı Tablet;-100;-60;-160;-16.850;
18.08.2026;SELÇUK ECZA DEPOSU;SELÇUK ERZURUM;8680001688609;SERHAT ECZANESİ;ERZURUM GUNEY ILCELER;PANOCER;Panocer 40 mg 28 Enterik Kaplı Tablet;10;3;13;1.369;
18.08.2026;SELÇUK ECZA DEPOSU;SELÇUK SAMSUN;8680001190881;ARTOVA ECZANESİ;TOKAT BATI ILCELER;PANOCER;Panocer 40 mg 28 Enterik Kaplı Tablet;10;3;13;1.369;
18.08.2026;İSTANBUL ECZA KOOP;İSKOOP MERKEZ;8680001116409;ERFELEK ECZANESİ;SINOP DOGU-BATI ILCELER;PANOCER;Panocer 40 mg 28 Enterik Kaplı Tablet;10;3;13;1.369;
18.08.2026;SELÇUK ECZA DEPOSU;SELÇUK SAMSUN;8680001417087;FİKRİ KARTAL ECZANESİ;CORUM KUZEY ILCELER;PANOCER;Panocer 40 mg 28 Enterik Kaplı Tablet;10;3;13;1.369;
18.08.2026;SELÇUK ECZA DEPOSU;SELÇUK SAMSUN;8680001894116;UMUT ECZANESİ;CORUM KARGI+OSMANCIK;PANOCER;Panocer 40 mg 28 Enterik Kaplı Tablet;3;0;3;316;
18.08.2026;SELÇUK ECZA DEPOSU;SELÇUK SAMSUN;8680001666829;ARİF ECZANESİ;ORDU DOGU ILCELER;PANOCER;Panocer 40 mg 28 Enterik Kaplı Tablet;10;3;13;1.369;
18.08.2026;SELÇUK ECZA DEPOSU;SELÇUK TRABZON;8680001909629;YENİAY YILDIRIM ECZANESİ;TRABZON K.BASI+SURMENE;PANOCER;Panocer 40 mg 28 Enterik Kaplı Tablet;10;3;13;1.369;
18.08.2026;SELÇUK ECZA DEPOSU;SELÇUK SAMSUN;8680001890323;CAN ECZANESİ;TOKAT ERBAA;PANOCER;Panocer 40 mg 28 Enterik Kaplı Tablet;4;0;4;421;
18.08.2026;SELÇUK ECZA DEPOSU;SELÇUK SAMSUN;8680001732821;25 MAYIS ECZANESİ;SAMSUN HAVZA+KAVAK+LADIK;PANOCER;Panocer 40 mg 28 Enterik Kaplı Tablet;30;12;42;4.423;
18.08.2026;SELÇUK ECZA DEPOSU;SELÇUK SAMSUN;8680001277230;MERKEZ ECZANESİ;ORDU FATSA;PANOCER;Panocer 40 mg 28 Enterik Kaplı Tablet;10;3;13;1.369;
18.08.2026;SELÇUK ECZA DEPOSU;SELÇUK SAMSUN;8680001142323;DERMAN ECZANESİ;CORUM MERKEZ -1;PANOCER;Panocer 40 mg 28 Enterik Kaplı Tablet;10;3;13;1.369;
18.08.2026;ALLIANCE HEALTHCARE;AH KAYSERİ;8680001122172;ALTINAY ECZANESİ;SIVAS MERKEZ -4;PANOCER;Panocer 40 mg 28 Enterik Kaplı Tablet;10;3;13;1.369;
18.08.2026;İSTANBUL ECZA KOOP;İSKOOP MERKEZ;8680001519224;GÖKÇE ECZANESİ;AMASYA GOYNUCEK+TASOVA;PANOCER;Panocer 40 mg 28 Enterik Kaplı Tablet;10;3;13;1.369;
18.08.2026;ALLIANCE HEALTHCARE;AH ORDU;8680001460205;SELÇUK ECZANESİ;ORDU GUNEY ILCELER -1;PANOCER;Panocer 40 mg 28 Enterik Kaplı Tablet;165;135;300;31.594;
18.08.2026;ALLIANCE HEALTHCARE;AH ORDU;8680001146932;BOZTEPE ECZANESİ;ORDU MERKEZ -2;PANOCER;Panocer 40 mg 28 Enterik Kaplı Tablet;10;3;13;1.369;
18.08.2026;ALLIANCE HEALTHCARE;AH ERZURUM;8680001553112;BEYZA ECZANESİ;AGRI ILCELER;PANOCER;Panocer 40 mg 28 Enterik Kaplı Tablet;10;3;13;1.369;
18.08.2026;ALLIANCE HEALTHCARE;AH SAMSUN;8680001720385;SÖNMEZ ECZANESİ;SAMSUN HAVZA+KAVAK+LADIK;PANOCER;Panocer 40 mg 28 Enterik Kaplı Tablet;10;3;13;1.369;
18.08.2026;ALLIANCE HEALTHCARE;AH TRABZON;8680001264636;DERYA ECZANESİ;TRABZON BATI ILCELER - 2;PANOCER;Panocer 40 mg 28 Enterik Kaplı Tablet;30;12;42;4.423;
18.08.2026;ALLIANCE HEALTHCARE;AH TRABZON;8680001535347;ŞAVŞAT ECZANESİ;ARTVIN MERKEZ+DOGU+GUNEY;PANOCER;Panocer 40 mg 28 Enterik Kaplı Tablet;30;12;42;4.423;
18.08.2026;ALLIANCE HEALTHCARE;AH ERZURUM;8680001731626;TÜRKAN ECZANESİ;ERZURUM GUNEY ILCELER;PANOCER;Panocer 40 mg 28 Enterik Kaplı Tablet;30;12;42;4.423;
18.08.2026;ALLIANCE HEALTHCARE;AH ERZURUM;8680001183487;SULTAN ECZANESİ;KARS MERKEZ;PANOCER;Panocer 40 mg 28 Enterik Kaplı Tablet;10;3;13;1.369;
18.08.2026;ALLIANCE HEALTHCARE;AH SAMSUN;8680001121557;OVALI ECZANESİ;SAMSUN DOGU ILCELER;PANOCER;Panocer 40 mg 28 Enterik Kaplı Tablet;10;3;13;1.369;
18.08.2026;ALLIANCE HEALTHCARE;AH SAMSUN;8680001180486;OKUDAN ECZANESİ;AMASYA MERZIFON;PANOCER;Panocer 40 mg 28 Enterik Kaplı Tablet;10;3;13;1.369;
19.08.2026;SELÇUK ECZA DEPOSU;SELÇUK ERZURUM;8680001527434;MERYEM ECZANESİ;ERZURUM GUNEY ILCELER;ACİDPASS;Acidpass 10/800/165 mg 12 Çiğneme Tablet;2;0;2;224;
19.08.2026;İSTANBUL ECZA KOOP;İSKOOP MERKEZ;8680001108602;YÜKSELEN ECZANESİ;SAMSUN BAHCELIEVLER;ACİDPASS;Acidpass 10/800/165 mg 12 Çiğneme Tablet;1;0;1;112;
19.08.2026;İSTANBUL ECZA KOOP;İSKOOP MERKEZ;8680001139927;SUNGURLU ECZANESİ;SAMSUN DOGU ILCELER - 2;ACİDPASS;Acidpass 10/800/165 mg 12 Çiğneme Tablet;10;1;11;1.235;
19.08.2026;İSTANBUL ECZA KOOP;İSKOOP MERKEZ;8680001122202;TEK ECZANESİ;SINOP GUNEY ILCELER;ACİDPASS;Acidpass 10/800/165 mg 12 Çiğneme Tablet;5;0;5;561;
19.08.2026;SELÇUK ECZA DEPOSU;SELÇUK TRABZON;8680001233618;DERYA ECZANESİ;TRABZON MERKEZ -4;ACİDPASS;Acidpass 10/800/165 mg 12 Çiğneme Tablet;20;3;23;2.581;
19.08.2026;SELÇUK ECZA DEPOSU;SELÇUK TRABZON;8680001690374;VATAN ECZANESİ;RIZE MERKEZ;ACİDPASS;Acidpass 10/800/165 mg 12 Çiğneme Tablet;150;60;210;23.569;
19.08.2026;SELÇUK ECZA DEPOSU;SELÇUK ERZURUM;8680001114573;SAĞLIK ECZANESİ;ERZURUM MERKEZ -3;ACİDPASS;Acidpass 10/800/165 mg 12 Çiğneme Tablet;3;0;3;337;
19.08.2026;SELÇUK ECZA DEPOSU;SELÇUK SAMSUN;8680001200597;SAĞLIK ECZANESİ;TOKAT BATI ILCELER;ACİDPASS;Acidpass 10/800/165 mg 12 Çiğneme Tablet;150;60;210;23.569;
19.08.2026;SELÇUK ECZA DEPOSU;SELÇUK SAMSUN;8680001500161;AYKUT ECZANESİ;SIVAS MERKEZ -2;ACİDPASS;Acidpass 10/800/165 mg 12 Çiğneme Tablet;10;1;11;1.235;
19.08.2026;İSTANBUL ECZA KOOP;İSKOOP MERKEZ;8680001807222;BALCI ECZANESİ;AMASYA ILCELER;ACİDPASS;Acidpass 10/800/165 mg 12 Çiğneme Tablet;20;3;23;2.581;
19.08.2026;İSTANBUL ECZA KOOP;İSKOOP MERKEZ;8680001139057;GÜNGÖR ECZANESİ;AMASYA MERKEZ -2;ACİDPASS;Acidpass 10/800/165 mg 12 Çiğneme Tablet;3;0;3;337;
19.08.2026;SELÇUK ECZA DEPOSU;SELÇUK TRABZON;8680001667314;ÖZMEN ECZANESİ;TRABZON MERKEZ -2;ACİDPASS;Acidpass 10/800/165 mg 12 Çiğneme Tablet;1;10;11;1.235;
19.08.2026;SELÇUK ECZA DEPOSU;SELÇUK TRABZON;8680001171453;KARACA ECZANESİ;GIRESUN MERKEZ -2;ACİDPASS;Acidpass 10/800/165 mg 12 Çiğneme Tablet;10;1;11;1.235;
19.08.2026;İSTANBUL ECZA KOOP;İSKOOP MERKEZ;8680001124268;ÖZGÜR ECZANESİ;SAMSUN ATAKUM;ACİDPASS;Acidpass 10/800/165 mg 12 Çiğneme Tablet;-10;-1;-11;-1.235;
19.08.2026;SELÇUK ECZA DEPOSU;SELÇUK TRABZON;8680001179046;GİRİFTİNOĞLU ECZANESİ;GUMUSHANE;ACİDPASS;Acidpass 10/800/165 mg 12 Çiğneme Tablet;2;0;2;224;
19.08.2026;SELÇUK ECZA DEPOSU;SELÇUK TRABZON;8680001276219;SERRA NUR ECZANESİ;TRABZON MERKEZ -1;ACİDPASS;Acidpass 10/800/165 mg 12 Çiğneme Tablet;10;2;12;1.347;
19.08.2026;SELÇUK ECZA DEPOSU;SELÇUK TRABZON;8680001624478;SAZBEYİ  ECZANESİ;GIRESUN MERKEZ -2;ACİDPASS;Acidpass 10/800/165 mg 12 Çiğneme Tablet;10;1;11;1.235;
19.08.2026;SELÇUK ECZA DEPOSU;SELÇUK SAMSUN;8680001179541;BAKLACI ECZANESİ;TOKAT TURHAL;ACİDPASS;Acidpass 10/800/165 mg 12 Çiğneme Tablet;3;0;3;337;
19.08.2026;SELÇUK ECZA DEPOSU;SELÇUK SAMSUN;8680001738359;SILA ECZANESİ;ORDU MERKEZ -3;ACİDPASS;Acidpass 10/800/165 mg 12 Çiğneme Tablet;10;1;11;1.235;
19.08.2026;SELÇUK ECZA DEPOSU;SELÇUK SAMSUN;8680001420100;YALI ECZANESİ;ORDU UNYE;ACİDPASS;Acidpass 10/800/165 mg 12 Çiğneme Tablet;2;0;2;224;
19.08.2026;SELÇUK ECZA DEPOSU;SELÇUK SAMSUN;8680001108350;ALP ECZANESİ;SAMSUN ATAKUM;ACİDPASS;Acidpass 10/800/165 mg 12 Çiğneme Tablet;10;1;11;1.235;
19.08.2026;SELÇUK ECZA DEPOSU;SELÇUK SAMSUN;8680001551897;YENİ MECİTÖZÜ ECZANESİ;CORUM GUNEYDOGU ILCELER;ACİDPASS;Acidpass 10/800/165 mg 12 Çiğneme Tablet;10;1;11;1.235;
19.08.2026;İSTANBUL ECZA KOOP;İSKOOP MERKEZ;8680001642045;OKAN ECZANESİ;SAMSUN RASATHANE;ACİDPASS;Acidpass 10/800/165 mg 12 Çiğneme Tablet;2;0;2;224;
19.08.2026;İSTANBUL ECZA KOOP;İSKOOP MERKEZ;8680001172993;KARDELEN ECZANESİ;SAMSUN CANIK;ACİDPASS;Acidpass 10/800/165 mg 12 Çiğneme Tablet;10;1;11;1.235;
19.08.2026;İSTANBUL ECZA KOOP;İSKOOP MERKEZ;8680001183166;HACIOĞLU ECZANESİ;AMASYA MERZIFON;ACİDPASS;Acidpass 10/800/165 mg 12 Çiğneme Tablet;150;60;210;23.569;
19.08.2026;SELÇUK ECZA DEPOSU;SELÇUK SAMSUN;8680001114375;GÜNGÖRMÜŞ ECZANESİ;SAMSUN ULUGAZI;ACİDPASS;Acidpass 10/800/165 mg 12 Çiğneme Tablet;2;0;2;224;
19.08.2026;SELÇUK ECZA DEPOSU;SELÇUK SAMSUN;8680001910861;YESİL ECZANESI;ORDU BATI ILCELER;ACİDPASS;Acidpass 10/800/165 mg 12 Çiğneme Tablet;20;3;23;2.581;
19.08.2026;SELÇUK ECZA DEPOSU;SELÇUK SAMSUN;8680001484003;AŞIKOĞLU ECZANESİ;TOKAT BATI ILCELER;ACİDPASS;Acidpass 10/800/165 mg 12 Çiğneme Tablet;10;1;11;1.235;
19.08.2026;SELÇUK ECZA DEPOSU;SELÇUK ERZURUM;8680001109982;ŞAFAK ECZANESİ;ERZURUM MERKEZ -3;ACİDPASS;Acidpass 10/800/165 mg 12 Çiğneme Tablet;1;0;1;112;
19.08.2026;SELÇUK ECZA DEPOSU;SELÇUK TRABZON;8680001667314;ÖZMEN ECZANESİ;TRABZON MERKEZ -2;ACİDPASS;Acidpass 10/800/165 mg 12 Çiğneme Tablet;10;1;11;1.235;
19.08.2026;SELÇUK ECZA DEPOSU;SELÇUK TRABZON;8680001116942;YENİ ÖZTÜRK ECZANESİ;RIZE BATI ILCELER;ACİDPASS;Acidpass 10/800/165 mg 12 Çiğneme Tablet;10;2;12;1.347;
19.08.2026;SELÇUK ECZA DEPOSU;SELÇUK TRABZON;8680001272112;ÖNDER ECZANESİ;TRABZON MERKEZ -2;ACİDPASS;Acidpass 10/800/165 mg 6 Çiğneme Tablet;2;0;2;138;
19.08.2026;SELÇUK ECZA DEPOSU;SELÇUK TRABZON;8680001198634;ÇUKURÇAYIR ECZANESİ;TRABZON MERKEZ -3;FAMTREC;Famtrec 800/26,6mg 14 Film Kaplı Tablet;1;0;1;102;
19.08.2026;SELÇUK ECZA DEPOSU;SELÇUK TRABZON;8680001876044;ARYA ECZANESİ;TRABZON MERKEZ -3;GRİPORT COLD;Griport Cold 20 Film Kaplı Tablet;1;0;1;84;
19.08.2026;SELÇUK ECZA DEPOSU;SELÇUK TRABZON;8680001229116;YAĞMUR ECZANESİ;TRABZON DOGU ILCELER - 2;GRİPORT COLD;Griport Cold 20 Film Kaplı Tablet;1;0;1;84;
19.08.2026;İSTANBUL ECZA KOOP;İSKOOP MERKEZ;8680001746101;EMİRGAN ECZANESİ;SAMSUN BAFRA;GRİPORT COLD;Griport Cold 20 Film Kaplı Tablet;1;0;1;84;
19.08.2026;SELÇUK ECZA DEPOSU;SELÇUK TRABZON;8680001527892;FEYZA ECZANESİ;TRABZON DOGU ILCELER - 2;GRİPORT COLD;Griport Cold 20 Film Kaplı Tablet;2;0;2;168;
19.08.2026;SELÇUK ECZA DEPOSU;SELÇUK TRABZON;8680001274260;NURAN ECZANESİ;TRABZON MERKEZ -4;GRİPORT COLD;Griport Cold 20 Film Kaplı Tablet;2;0;2;168;
19.08.2026;SELÇUK ECZA DEPOSU;SELÇUK ERZURUM;8680001896578;BETÜL ECZANESİ;ERZURUM MERKEZ -3;GRİPORT COLD;Griport Cold 20 Film Kaplı Tablet;20;8;28;2.356;
19.08.2026;SELÇUK ECZA DEPOSU;SELÇUK ERZURUM;8680001112418;TEKMAN ECZANESİ;ERZURUM GUNEY ILCELER;MOKSEFEN;Moksefen 400 mg 7 Film Tablet;30;15;45;6.705;
19.08.2026;SELÇUK ECZA DEPOSU;SELÇUK ERZURUM;8680001599837;MENGÜCELİ ECZANESİ;ERZINCAN MERKEZ;MOKSEFEN;Moksefen 400 mg 7 Film Tablet;5;1;6;894;
19.08.2026;SELÇUK ECZA DEPOSU;SELÇUK TRABZON;8680001108954;BEDİR ECZANESİ;RIZE MERKEZ;MOKSEFEN;Moksefen 400 mg 7 Film Tablet;10;3;13;1.937;
19.08.2026;SELÇUK ECZA DEPOSU;SELÇUK TRABZON;8680001224630;ŞİFA ECZANESİ;TRABZON DOGU ILCELER -1;MOKSEFEN;Moksefen 400 mg 7 Film Tablet;30;15;45;6.705;
19.08.2026;SELÇUK ECZA DEPOSU;SELÇUK ERZURUM;8680001420766;IŞIK ECZANESİ;AGRI ILCELER;MOKSEFEN;Moksefen 400 mg 7 Film Tablet;30;15;45;6.705;
19.08.2026;SELÇUK ECZA DEPOSU;SELÇUK TRABZON;8680001426201;ANADOLU ECZANESİ;RIZE MERKEZ;MOKSEFEN;Moksefen 400 mg 7 Film Tablet;30;15;45;6.705;
19.08.2026;SELÇUK ECZA DEPOSU;SELÇUK TRABZON;8680001625697;KANUNİ ECZANESİ;TRABZON DOGU ILCELER - 2;MOKSEFEN;Moksefen 400 mg 7 Film Tablet;30;15;45;6.705;
19.08.2026;SELÇUK ECZA DEPOSU;SELÇUK TRABZON;8680001378821;ARAKLI ECZANESİ;TRABZON DOGU ILCELER - 2;PANOCER;Panocer 40 mg 14 Enterik Kaplı Tablet;2;0;2;162;
19.08.2026;SELÇUK ECZA DEPOSU;SELÇUK TRABZON;8680001111343;EKŞİOĞLU ECZANESİ;RIZE BATI ILCELER;PANOCER;Panocer 40 mg 14 Enterik Kaplı Tablet;10;3;13;1.052;
19.08.2026;ALLIANCE HEALTHCARE;AH ERZURUM;8680001489763;ÇAKIR SEVEN ECZANESİ;ERZINCAN MERKEZ;PANOCER;Panocer 40 mg 14 Enterik Kaplı Tablet;10;3;13;1.052;
19.08.2026;ALLIANCE HEALTHCARE;AH SAMSUN;8680001147052;ERAY ECZANESİ;CORUM MERKEZ -3;PANOCER;Panocer 40 mg 14 Enterik Kaplı Tablet;2;0;2;162;
19.08.2026;ALLIANCE HEALTHCARE;AH SAMSUN;8680001144693;HAYAT ECZANESİ;CORUM KUZEY ILCELER;PANOCER;Panocer 40 mg 28 Enterik Kaplı Tablet;165;135;300;31.594;
19.08.2026;ALLIANCE HEALTHCARE;AH KAYSERİ;8680001602865;ZEHRA ECZANESİ;SIVAS MERKEZ -3;PANOCER;Panocer 40 mg 28 Enterik Kaplı Tablet;3;0;3;316;
19.08.2026;ALLIANCE HEALTHCARE;AH KAYSERİ;8680001376308;CAN ECZANESİ;SIVAS MERKEZ -2;PANOCER;Panocer 40 mg 28 Enterik Kaplı Tablet;10;3;13;1.369;
19.08.2026;ALLIANCE HEALTHCARE;AH TRABZON;8680001118502;ARHAVİ ECZANESİ;ARTVIN KUZEY ILCELER;PANOCER;Panocer 40 mg 28 Enterik Kaplı Tablet;10;3;13;1.369;
19.08.2026;ALLIANCE HEALTHCARE;AH TRABZON;8680001277117;KADİR ECZANESİ;TRABZON BATI ILCELER - 2;PANOCER;Panocer 40 mg 28 Enterik Kaplı Tablet;10;3;13;1.369;
19.08.2026;ALLIANCE HEALTHCARE;AH TRABZON;8680001178551;GÖKTAŞ ECZANESİ;ARTVIN KUZEY ILCELER;PANOCER;Panocer 40 mg 28 Enterik Kaplı Tablet;50;25;75;7.898;
19.08.2026;ALLIANCE HEALTHCARE;AH SAMSUN;8680001451104;SANDIKÇI ECZANESİ;SAMSUN BAFRA;PANOCER;Panocer 40 mg 28 Enterik Kaplı Tablet;165;135;300;31.594;
19.08.2026;ALLIANCE HEALTHCARE;AH SAMSUN;8680001243457;ÇAĞDAŞ ECZANESİ;TOKAT ERBAA;PANOCER;Panocer 40 mg 28 Enterik Kaplı Tablet;50;25;75;7.898;
19.08.2026;ALLIANCE HEALTHCARE;AH TRABZON;8680001471621;TURNA ECZANESİ;ARTVIN KUZEY ILCELER;PANOCER;Panocer 40 mg 28 Enterik Kaplı Tablet;50;25;75;7.898;
19.08.2026;ALLIANCE HEALTHCARE;AH TRABZON;8680001123568;HALK ECZANESİ;RIZE DOGU ILCELER;PANOCER;Panocer 40 mg 28 Enterik Kaplı Tablet;10;3;13;1.369;
19.08.2026;ALLIANCE HEALTHCARE;AH ERZURUM;8680001133901;ŞİFA ECZANESİ;KARS ILCELER;PANOCER;Panocer 40 mg 28 Enterik Kaplı Tablet;30;12;42;4.423;
19.08.2026;ALLIANCE HEALTHCARE;AH ORDU;8680001563258;MERT GERÇEKER ECZANESİ;ORDU MERKEZ -3;PANOCER;Panocer 40 mg 28 Enterik Kaplı Tablet;10;3;13;1.369;
19.08.2026;ALLIANCE HEALTHCARE;AH ORDU;8680001170517;İNCİ ECZANESİ;GIRESUN MERKEZ -1;PANOCER;Panocer 40 mg 28 Enterik Kaplı Tablet;10;3;13;1.369;
19.08.2026;ALLIANCE HEALTHCARE;AH ORDU;8680001679751;DERMAN ECZANESİ;ORDU FATSA;PANOCER;Panocer 40 mg 28 Enterik Kaplı Tablet;50;25;75;7.898;
19.08.2026;ALLIANCE HEALTHCARE;AH ORDU;8680001164882;GÖKHAN ECZANESİ;GIRESUN MERKEZ -2;PANOCER;Panocer 40 mg 28 Enterik Kaplı Tablet;30;12;42;4.423;
19.08.2026;İSTANBUL ECZA KOOP;İSKOOP MERKEZ;8680001859825;NURSEN ECZANESİ;AMASYA MERKEZ -2;PANOCER;Panocer 40 mg 28 Enterik Kaplı Tablet;10;3;13;1.369;
19.08.2026;ALLIANCE HEALTHCARE;AH AYDIN;8680001114009;UĞUR ECZANESİ;AGRI MERKEZ;PANOCER;Panocer 40 mg 28 Enterik Kaplı Tablet;50;25;75;7.898;
19.08.2026;SELÇUK ECZA DEPOSU;SELÇUK TRABZON;8680001278060;ERENLER ECZANESİ;TRABZON BATI ILCELER - 2;PANOCER;Panocer 40 mg 28 Enterik Kaplı Tablet;10;3;13;1.369;
19.08.2026;SELÇUK ECZA DEPOSU;SELÇUK TRABZON;8680001186273;ÇAĞIN ECZANESİ;GIRESUN BULANCAK+PIRAZIZ;PANOCER;Panocer 40 mg 28 Enterik Kaplı Tablet;10;3;13;1.369;
19.08.2026;ALLIANCE HEALTHCARE;AH KAYSERİ;8680001457748;YILDIRIM ECZANESİ;SIVAS MERKEZ -4;PANOCER;Panocer 40 mg 28 Enterik Kaplı Tablet;10;3;13;1.369;
19.08.2026;SELÇUK ECZA DEPOSU;SELÇUK TRABZON;8680001484904;İBNİ SİNA ECZANESİ;TRABZON MERKEZ -3;PANOCER;Panocer 40 mg 28 Enterik Kaplı Tablet;10;3;13;1.369;
19.08.2026;İSTANBUL ECZA KOOP;İSKOOP MERKEZ;8680001147731;VEFA ECZANESİ;CORUM MERKEZ -1;PANOCER;Panocer 40 mg 28 Enterik Kaplı Tablet;165;135;300;31.594;
19.08.2026;SELÇUK ECZA DEPOSU;SELÇUK TRABZON;8680001633913;IŞIK ECZANESİ;TRABZON AKCAABAT;PANOCER;Panocer 40 mg 28 Enterik Kaplı Tablet;30;12;42;4.423;
19.08.2026;SELÇUK ECZA DEPOSU;SELÇUK SAMSUN;8680001157006;HABOĞLU ECZANESİ;CORUM MERKEZ -2;PANOCER;Panocer 40 mg 28 Enterik Kaplı Tablet;10;3;13;1.369;
19.08.2026;SELÇUK ECZA DEPOSU;SELÇUK SAMSUN;8680001105427;BURCU ECZANESİ;SAMSUN TERME;PANOCER;Panocer 40 mg 28 Enterik Kaplı Tablet;135;123;258;27.171;
19.08.2026;SELÇUK ECZA DEPOSU;SELÇUK ERZURUM;8680001101146;DOĞU ECZANESİ;ERZURUM MERKEZ -1;PANOCER;Panocer 40 mg 28 Enterik Kaplı Tablet;10;3;13;1.369;
19.08.2026;SELÇUK ECZA DEPOSU;SELÇUK ERZURUM;8680001750887;YENİ ISTANBUL ECZANESİ;AGRI ILCELER;PANOCER;Panocer 40 mg 28 Enterik Kaplı Tablet;100;60;160;16.850;
19.08.2026;SELÇUK ECZA DEPOSU;SELÇUK TRABZON;8680001634354;KURT ECZANESİ;GIRESUN GUNEY ILCELER;PANOCER;Panocer 40 mg 28 Enterik Kaplı Tablet;165;135;300;31.594;
19.08.2026;SELÇUK ECZA DEPOSU;SELÇUK TRABZON;8680001594320;YEŞİL MAVİ ECZANESİ;RIZE MERKEZ;PANOCER;Panocer 40 mg 28 Enterik Kaplı Tablet;30;12;42;4.423;
19.08.2026;SELÇUK ECZA DEPOSU;SELÇUK SAMSUN;8680001719563;DUMAN ECZANESİ;ORDU BATI ILCELER;PANOCER;Panocer 40 mg 28 Enterik Kaplı Tablet;10;3;13;1.369;
19.08.2026;SELÇUK ECZA DEPOSU;SELÇUK SAMSUN;8680001159000;KILIÇ ECZANESİ;AMASYA GOYNUCEK+TASOVA;PANOCER;Panocer 40 mg 28 Enterik Kaplı Tablet;165;135;300;31.594;
19.08.2026;SELÇUK ECZA DEPOSU;SELÇUK SAMSUN;8680001486342;KOÇAK ECZANESİ;CORUM MERKEZ -2;PANOCER;Panocer 40 mg 28 Enterik Kaplı Tablet;10;3;13;1.369;
19.08.2026;SELÇUK ECZA DEPOSU;SELÇUK SAMSUN;8680001104079;GÜNBEYAZ ECZANESİ;SAMSUN ULUGAZI;PANOCER;Panocer 40 mg 28 Enterik Kaplı Tablet;10;3;13;1.369;
19.08.2026;SELÇUK ECZA DEPOSU;SELÇUK SAMSUN;8680001153657;SİRKECİLER ECZANESİ;CORUM KUZEY ILCELER;PANOCER;Panocer 40 mg 28 Enterik Kaplı Tablet;10;3;13;1.369;
20.08.2026;SELÇUK ECZA DEPOSU;SELÇUK SAMSUN;8680001472925;İLKÜVEZ ECZANESİ;ORDU BATI ILCELER;ACİDPASS;Acidpass 10/800/165 mg 12 Çiğneme Tablet;10;1;11;1.235;
20.08.2026;SELÇUK ECZA DEPOSU;SELÇUK SAMSUN;8680001115303;HAYAT ECZANESİ;SAMSUN BAFRA;ACİDPASS;Acidpass 10/800/165 mg 12 Çiğneme Tablet;20;3;23;2.581;
20.08.2026;SELÇUK ECZA DEPOSU;SELÇUK SAMSUN;8680001597277;NEVA ECZANESİ;ORDU UNYE;ACİDPASS;Acidpass 10/800/165 mg 12 Çiğneme Tablet;-1;0;-1;-112;
20.08.2026;SELÇUK ECZA DEPOSU;SELÇUK SAMSUN;8680001825264;SENA ÇAKMAK ECZANESİ;SAMSUN BAHCELIEVLER;ACİDPASS;Acidpass 10/800/165 mg 12 Çiğneme Tablet;10;1;11;1.235;
20.08.2026;SELÇUK ECZA DEPOSU;SELÇUK SAMSUN;8680001894116;UMUT ECZANESİ;CORUM KARGI+OSMANCIK;ACİDPASS;Acidpass 10/800/165 mg 12 Çiğneme Tablet;3;0;3;337;
20.08.2026;SELÇUK ECZA DEPOSU;SELÇUK SAMSUN;8680001116263;İNCİ ECZANESİ;SINOP MERKEZ;ACİDPASS;Acidpass 10/800/165 mg 12 Çiğneme Tablet;10;1;11;1.235;
20.08.2026;SELÇUK ECZA DEPOSU;SELÇUK SAMSUN;8680001521111;YENİ ECZANESİ;SAMSUN VEZIRKOPRU;ACİDPASS;Acidpass 10/800/165 mg 12 Çiğneme Tablet;10;1;11;1.235;
20.08.2026;SELÇUK ECZA DEPOSU;SELÇUK SAMSUN;8680001168538;KARŞIYAKA ECZANESİ;TOKAT MERKEZ -1;ACİDPASS;Acidpass 10/800/165 mg 12 Çiğneme Tablet;2;0;2;224;
20.08.2026;SELÇUK ECZA DEPOSU;SELÇUK SAMSUN;8680001902446;ŞAHİN ECZANESİ;SINOP GUNEY ILCELER;ACİDPASS;Acidpass 10/800/165 mg 12 Çiğneme Tablet;1;0;1;112;
20.08.2026;SELÇUK ECZA DEPOSU;SELÇUK SAMSUN;8680001104079;GÜNBEYAZ ECZANESİ;SAMSUN ULUGAZI;ACİDPASS;Acidpass 10/800/165 mg 12 Çiğneme Tablet;2;0;2;224;
20.08.2026;SELÇUK ECZA DEPOSU;SELÇUK SAMSUN;8680001886654;KAEN ECZANESİ;SAMSUN CANIK;ACİDPASS;Acidpass 10/800/165 mg 12 Çiğneme Tablet;2;0;2;224;
20.08.2026;SELÇUK ECZA DEPOSU;SELÇUK SAMSUN;8680001510870;YENİ EMEK ECZANESİ;SIVAS MERKEZ -4;ACİDPASS;Acidpass 10/800/165 mg 12 Çiğneme Tablet;10;1;11;1.235;
20.08.2026;SELÇUK ECZA DEPOSU;SELÇUK SAMSUN;8680001178940;ŞİFA ECZANESİ;TOKAT TURHAL;ACİDPASS;Acidpass 10/800/165 mg 12 Çiğneme Tablet;5;0;5;561;
20.08.2026;SELÇUK ECZA DEPOSU;SELÇUK TRABZON;8680001527892;FEYZA ECZANESİ;TRABZON DOGU ILCELER - 2;ACİDPASS;Acidpass 10/800/165 mg 12 Çiğneme Tablet;3;0;3;337;
20.08.2026;SELÇUK ECZA DEPOSU;SELÇUK TRABZON;8680001114146;UMUT ECZANESİ;ARTVIN MERKEZ+DOGU+GUNEY;ACİDPASS;Acidpass 10/800/165 mg 12 Çiğneme Tablet;10;1;11;1.235;
20.08.2026;SELÇUK ECZA DEPOSU;SELÇUK TRABZON;8680001103621;FAKÜLTE ECZANESİ;RIZE MERKEZ;ACİDPASS;Acidpass 10/800/165 mg 12 Çiğneme Tablet;50;15;65;7.295;
20.08.2026;SELÇUK ECZA DEPOSU;SELÇUK TRABZON;8680001123056;VATAN ECZANESİ;ARTVIN KUZEY ILCELER;ACİDPASS;Acidpass 10/800/165 mg 12 Çiğneme Tablet;20;3;23;2.581;
20.08.2026;SELÇUK ECZA DEPOSU;SELÇUK TRABZON;8680001179046;GİRİFTİNOĞLU ECZANESİ;GUMUSHANE;ACİDPASS;Acidpass 10/800/165 mg 12 Çiğneme Tablet;3;0;3;337;
20.08.2026;SELÇUK ECZA DEPOSU;SELÇUK TRABZON;8680001697496;İPEKYOLU ECZANESİ;TRABZON MERKEZ -4;ACİDPASS;Acidpass 10/800/165 mg 12 Çiğneme Tablet;2;0;2;224;
20.08.2026;SELÇUK ECZA DEPOSU;SELÇUK ERZURUM;8680001420766;IŞIK ECZANESİ;AGRI ILCELER;ACİDPASS;Acidpass 10/800/165 mg 12 Çiğneme Tablet;10;1;11;1.235;
20.08.2026;SELÇUK ECZA DEPOSU;SELÇUK ERZURUM;8680001109982;ŞAFAK ECZANESİ;ERZURUM MERKEZ -3;ACİDPASS;Acidpass 10/800/165 mg 12 Çiğneme Tablet;1;0;1;112;
20.08.2026;SELÇUK ECZA DEPOSU;SELÇUK ERZURUM;8680001641130;DERMAN ECZANESİ;ERZURUM MERKEZ -3;ACİDPASS;Acidpass 10/800/165 mg 12 Çiğneme Tablet;2;0;2;224;
20.08.2026;SELÇUK ECZA DEPOSU;SELÇUK ERZURUM;8680001387076;DERMAN ECZANESİ;AGRI ILCELER;ACİDPASS;Acidpass 10/800/165 mg 12 Çiğneme Tablet;3;0;3;337;
20.08.2026;SELÇUK ECZA DEPOSU;SELÇUK TRABZON;8680001133048;ÖZCAN ECZANESİ;ARTVIN MERKEZ+DOGU+GUNEY;ACİDPASS;Acidpass 10/800/165 mg 12 Çiğneme Tablet;5;0;5;561;
20.08.2026;SELÇUK ECZA DEPOSU;SELÇUK SAMSUN;8680001103997;ÇAPA ECZANESİ;SAMSUN KALE;ACİDPASS;Acidpass 10/800/165 mg 12 Çiğneme Tablet;10;1;11;1.235;
20.08.2026;SELÇUK ECZA DEPOSU;SELÇUK SAMSUN;8680001499301;GİZEM ECZANESİ;AMASYA MERZIFON;ACİDPASS;Acidpass 10/800/165 mg 12 Çiğneme Tablet;6;0;6;673;
20.08.2026;İSTANBUL ECZA KOOP;İSKOOP MERKEZ;8680001620074;VİTAMİN ECZANESİ;SAMSUN ATAKUM;ACİDPASS;Acidpass 10/800/165 mg 12 Çiğneme Tablet;10;1;11;1.235;
20.08.2026;İSTANBUL ECZA KOOP;İSKOOP MERKEZ;8680001143641;ŞİFA ECZANESİ;SAMSUN BAFRA;ACİDPASS;Acidpass 10/800/165 mg 12 Çiğneme Tablet;2;0;2;224;
20.08.2026;SELÇUK ECZA DEPOSU;SELÇUK TRABZON;8680001189830;YENİYOL ECZANESİ;GIRESUN MERKEZ -2;ACİDPASS;Acidpass 10/800/165 mg 12 Çiğneme Tablet;10;1;11;1.235;
20.08.2026;SELÇUK ECZA DEPOSU;SELÇUK TRABZON;8680001377022;EDİZ ECZANESİ;TRABZON MERKEZ -4;ACİDPASS;Acidpass 10/800/165 mg 12 Çiğneme Tablet;10;1;11;1.235;
20.08.2026;SELÇUK ECZA DEPOSU;SELÇUK TRABZON;8680001480739;LOTUS ECZANESİ;TRABZON DOGU ILCELER - 2;ACİDPASS;Acidpass 10/800/165 mg 12 Çiğneme Tablet;10;1;11;1.235;
20.08.2026;SELÇUK ECZA DEPOSU;SELÇUK TRABZON;8680001112869;OZAN ECZANESİ;ARTVIN MERKEZ+DOGU+GUNEY;ACİDPASS;Acidpass 10/800/165 mg 12 Çiğneme Tablet;20;3;23;2.581;
20.08.2026;SELÇUK ECZA DEPOSU;SELÇUK SAMSUN;8680001756971;ERDEM ECZANESİ;TOKAT MERKEZ -2;ACİDPASS;Acidpass 10/800/165 mg 12 Çiğneme Tablet;3;0;3;337;
20.08.2026;SELÇUK ECZA DEPOSU;SELÇUK ERZURUM;8680001641130;DERMAN ECZANESİ;ERZURUM MERKEZ -3;ACİDPASS;Acidpass 10/800/165 mg 12 Çiğneme Tablet;10;1;11;1.235;
20.08.2026;SELÇUK ECZA DEPOSU;SELÇUK ERZURUM;8680001664368;MERKEZ ECZANESİ;ERZURUM GUNEY ILCELER;ACİDPASS;Acidpass 10/800/165 mg 12 Çiğneme Tablet;2;0;2;224;
20.08.2026;İSTANBUL ECZA KOOP;İSKOOP MERKEZ;8680001119929;SAĞLIK ECZANESİ;SAMSUN DOGU ILCELER - 2;ACİDPASS;Acidpass 10/800/165 mg 12 Çiğneme Tablet;10;1;11;1.235;
20.08.2026;İSTANBUL ECZA KOOP;İSKOOP MERKEZ;8680001108602;YÜKSELEN ECZANESİ;SAMSUN BAHCELIEVLER;ACİDPASS;Acidpass 10/800/165 mg 12 Çiğneme Tablet;1;0;1;112;
20.08.2026;İSTANBUL ECZA KOOP;İSKOOP MERKEZ;8680001700615;ŞULE ECZANESİ;SAMSUN ATAKENT+19 MAYIS;ACİDPASS;Acidpass 10/800/165 mg 12 Çiğneme Tablet;1;0;1;112;
20.08.2026;SELÇUK ECZA DEPOSU;SELÇUK ERZURUM;8680001134595;TAŞLIÇAY ECZANESİ;AGRI ILCELER;ACİDPASS;Acidpass 10/800/165 mg 12 Çiğneme Tablet;1;0;1;112;
20.08.2026;SELÇUK ECZA DEPOSU;SELÇUK TRABZON;8680001133048;ÖZCAN ECZANESİ;ARTVIN MERKEZ+DOGU+GUNEY;ACİDPASS;Acidpass 10/800/165 mg 6 Çiğneme Tablet;5;0;5;344;
20.08.2026;SELÇUK ECZA DEPOSU;SELÇUK SAMSUN;8680001113408;BAYEZIT ECZANESİ;AMASYA MERKEZ -2;FAMTREC;Famtrec 800/26,6mg 14 Film Kaplı Tablet;1;0;1;102;
20.08.2026;İSTANBUL ECZA KOOP;İSKOOP MERKEZ;8680001141661;DERMAN ECZANESİ;AMASYA ILCELER;FAMTREC;Famtrec 800/26,6mg 14 Film Kaplı Tablet;1;0;1;102;
20.08.2026;İSTANBUL ECZA KOOP;İSKOOP MERKEZ;8680001667222;AMASYA ECZANESİ;AMASYA MERKEZ -2;FAMTREC;Famtrec 800/26,6mg 14 Film Kaplı Tablet;2;0;2;204;
20.08.2026;SELÇUK ECZA DEPOSU;SELÇUK SAMSUN;8680001278268;LOKMAN ECZANESİ;ORDU FATSA;FAMTREC;Famtrec 800/26,6mg 14 Film Kaplı Tablet;5;1;6;613;
20.08.2026;SELÇUK ECZA DEPOSU;SELÇUK SAMSUN;8680001486359;SU ECZANESİ;ORDU GUNEY ILCELER -1;FAMTREC;Famtrec 800/26,6mg 14 Film Kaplı Tablet;5;1;6;613;
20.08.2026;İSTANBUL ECZA KOOP;İSKOOP MERKEZ;8680001622849;ÖZGÜR ECZANESİ;SAMSUN VEZIRKOPRU;FAMTREC;Famtrec 800/26,6mg 14 Film Kaplı Tablet;5;1;6;613;
20.08.2026;SELÇUK ECZA DEPOSU;SELÇUK SAMSUN;8680001447992;EMİR ECZANESİ;ORDU GUNEY ILCELER -1;FAMTREC;Famtrec 800/26,6mg 14 Film Kaplı Tablet;5;1;6;613;
20.08.2026;SELÇUK ECZA DEPOSU;SELÇUK SAMSUN;8680001277919;İYİ ECZANESİ;ORDU FATSA;FAMTREC;Famtrec 800/26,6mg 14 Film Kaplı Tablet;5;1;6;613;
20.08.2026;SELÇUK ECZA DEPOSU;SELÇUK SAMSUN;8680001120871;YAŞAM ECZANESİ;SINOP DOGU-BATI ILCELER;GRİPORT COLD;Griport Cold 20 Film Kaplı Tablet;1;0;1;84;
20.08.2026;SELÇUK ECZA DEPOSU;SELÇUK SAMSUN;8680001442232;BAYGÜNEŞ ECZANESİ;SIVAS MERKEZ -4;GRİPORT COLD;Griport Cold 20 Film Kaplı Tablet;5;1;6;505;
20.08.2026;SELÇUK ECZA DEPOSU;SELÇUK TRABZON;8680001524129;BAYKAL ECZANESİ;GIRESUN DOGU ILCELER -1;GRİPORT COLD;Griport Cold 20 Film Kaplı Tablet;1;0;1;84;
20.08.2026;İSTANBUL ECZA KOOP;İSKOOP MERKEZ;8680001120857;ÖNSOY ECZANESİ;SINOP DOGU-BATI ILCELER;GRİPORT COLD;Griport Cold 20 Film Kaplı Tablet;10;3;13;1.094;
20.08.2026;İSTANBUL ECZA KOOP;İSKOOP MERKEZ;8680001123179;YÜKSEL ECZANESİ;SINOP DOGU-BATI ILCELER;GRİPORT COLD;Griport Cold 20 Film Kaplı Tablet;10;3;13;1.094;
20.08.2026;İSTANBUL ECZA KOOP;İSKOOP MERKEZ;8680001746101;EMİRGAN ECZANESİ;SAMSUN BAFRA;GRİPORT COLD;Griport Cold 20 Film Kaplı Tablet;5;1;6;505;
20.08.2026;SELÇUK ECZA DEPOSU;SELÇUK TRABZON;8680001202317;PINAR ECZANESİ;TRABZON DUZKOY+MACKA;GRİPORT COLD;Griport Cold 20 Film Kaplı Tablet;150;115;265;22.300;
20.08.2026;SELÇUK ECZA DEPOSU;SELÇUK TRABZON;8680001113538;DENİZ ECZANESİ;RIZE DOGU ILCELER;MOKSEFEN;Moksefen 400 mg 7 Film Tablet;30;15;45;6.705;
20.08.2026;SELÇUK ECZA DEPOSU;SELÇUK TRABZON;8680001114115;ARDEŞEN ECZANESİ;RIZE DOGU ILCELER;MOKSEFEN;Moksefen 400 mg 7 Film Tablet;10;3;13;1.937;
20.08.2026;SELÇUK ECZA DEPOSU;SELÇUK TRABZON;8680001112722;BİLSEL ECZANESİ;RIZE MERKEZ;MOKSEFEN;Moksefen 400 mg 7 Film Tablet;10;3;13;1.937;
20.08.2026;SELÇUK ECZA DEPOSU;SELÇUK SAMSUN;8680001144365;SAĞLIK ECZANESİ;CORUM MERKEZ -2;MOKSEFEN;Moksefen 400 mg 7 Film Tablet;10;3;13;1.937;
20.08.2026;SELÇUK ECZA DEPOSU;SELÇUK SAMSUN;8680001447992;EMİR ECZANESİ;ORDU GUNEY ILCELER -1;MOKSEFEN;Moksefen 400 mg 7 Film Tablet;30;15;45;6.705;
20.08.2026;SELÇUK ECZA DEPOSU;SELÇUK SAMSUN;8680001104222;CANSU ECZANESİ;SAMSUN DOGU ILCELER;MOKSEFEN;Moksefen 400 mg 7 Film Tablet;10;3;13;1.937;
20.08.2026;SELÇUK ECZA DEPOSU;SELÇUK SAMSUN;8680001110087;SEDEF ECZANESİ;SAMSUN ILKADIM - 2;MOKSEFEN;Moksefen 400 mg 7 Film Tablet;10;3;13;1.937;
20.08.2026;İSTANBUL ECZA KOOP;İSKOOP MERKEZ;8680001530397;LİVA ECZANESİ;SAMSUN ILKADIM - 2;MOKSEFEN;Moksefen 400 mg 7 Film Tablet;12;4;16;2.384;
20.08.2026;SELÇUK ECZA DEPOSU;SELÇUK ERZURUM;8680001387571;POLAT ECZANESİ;ERZURUM MERKEZ -2;MOKSEFEN;Moksefen 400 mg 7 Film Tablet;5;1;6;894;
20.08.2026;SELÇUK ECZA DEPOSU;SELÇUK SAMSUN;8680001123162;HATİPOĞLU ECZANESİ;AMASYA ILCELER;MOKSEFEN;Moksefen 400 mg 7 Film Tablet;10;3;13;1.937;
20.08.2026;ALLIANCE HEALTHCARE;AH SAMSUN;8680001489756;HAVZA ŞİFA ECZANESİ;SAMSUN HAVZA+KAVAK+LADIK;PANOCER;Panocer 40 mg 14 Enterik Kaplı Tablet;2;0;2;162;
20.08.2026;ALLIANCE HEALTHCARE;AH SAMSUN;8680001856534;NEFES ECZANESİ;SAMSUN BAHCELIEVLER;PANOCER;Panocer 40 mg 14 Enterik Kaplı Tablet;10;3;13;1.052;
20.08.2026;ALLIANCE HEALTHCARE;AH SAMSUN;8680001147779;ŞAHİN ECZANESİ;CORUM MERKEZ -3;PANOCER;Panocer 40 mg 28 Enterik Kaplı Tablet;10;3;13;1.369;
20.08.2026;ALLIANCE HEALTHCARE;AH SAMSUN;8680001171781;MELEK ECZANESİ;TOKAT MERKEZ -1;PANOCER;Panocer 40 mg 28 Enterik Kaplı Tablet;165;135;300;31.594;
20.08.2026;ALLIANCE HEALTHCARE;AH SAMSUN;8680001182053;GÜNEŞ ECZANESİ;TOKAT TURHAL;PANOCER;Panocer 40 mg 28 Enterik Kaplı Tablet;10;3;13;1.369;
20.08.2026;ALLIANCE HEALTHCARE;AH SAMSUN;8680001692644;ÇINAR ECZANESİ;SAMSUN ATAKENT+19 MAYIS;PANOCER;Panocer 40 mg 28 Enterik Kaplı Tablet;10;3;13;1.369;
20.08.2026;İSTANBUL ECZA KOOP;İSKOOP MERKEZ;8680001123124;YAVUZ ECZANESİ;SINOP DOGU-BATI ILCELER;PANOCER;Panocer 40 mg 28 Enterik Kaplı Tablet;10;3;13;1.369;
20.08.2026;ALLIANCE HEALTHCARE;AH ORDU;8680001554102;ALTINORDU ECZANESİ;ORDU MERKEZ -1;PANOCER;Panocer 40 mg 28 Enterik Kaplı Tablet;30;12;42;4.423;
20.08.2026;ALLIANCE HEALTHCARE;AH ORDU;8680001439232;GÜLŞAH ECZANESİ;GIRESUN DOGU ILCELER -1;PANOCER;Panocer 40 mg 28 Enterik Kaplı Tablet;10;3;13;1.369;
20.08.2026;ALLIANCE HEALTHCARE;AH ORDU;8680001419333;CÖMERT ECZANESİ;ORDU GUNEY ILCELER -1;PANOCER;Panocer 40 mg 28 Enterik Kaplı Tablet;165;135;300;31.594;
20.08.2026;ALLIANCE HEALTHCARE;AH ORDU;8680001188598;SAĞLIK ECZANESİ;ORDU DOGU ILCELER;PANOCER;Panocer 40 mg 28 Enterik Kaplı Tablet;10;3;13;1.369;
20.08.2026;SELÇUK ECZA DEPOSU;SELÇUK SAMSUN;8680001556984;YAŞAM ECZANESİ;AMASYA MERZIFON;PANOCER;Panocer 40 mg 28 Enterik Kaplı Tablet;-30;-12;-42;-4.423;
20.08.2026;SELÇUK ECZA DEPOSU;SELÇUK SAMSUN;8680001713301;YENİŞEHİR ECZANESİ;SIVAS MERKEZ -4;PANOCER;Panocer 40 mg 28 Enterik Kaplı Tablet;30;12;42;4.423;
20.08.2026;ALLIANCE HEALTHCARE;AH KAYSERİ;8680001147441;ÖRNEKOL ECZANESİ;SIVAS MERKEZ -3;PANOCER;Panocer 40 mg 28 Enterik Kaplı Tablet;10;3;13;1.369;
20.08.2026;SELÇUK ECZA DEPOSU;SELÇUK SAMSUN;8680001550487;ÇELİKER ECZANESİ;CORUM MERKEZ -3;PANOCER;Panocer 40 mg 28 Enterik Kaplı Tablet;10;3;13;1.369;
20.08.2026;SELÇUK ECZA DEPOSU;SELÇUK SAMSUN;8680001198917;DERMAN ECZANESİ;CORUM KARGI+OSMANCIK;PANOCER;Panocer 40 mg 28 Enterik Kaplı Tablet;10;3;13;1.369;
20.08.2026;SELÇUK ECZA DEPOSU;SELÇUK ERZURUM;8680001232307;GÜROL ECZANESİ;ERZINCAN MERKEZ;PANOCER;Panocer 40 mg 28 Enterik Kaplı Tablet;10;3;13;1.369;
20.08.2026;SELÇUK ECZA DEPOSU;SELÇUK ERZURUM;8680001126392;MERKEZ ECZANESİ;ERZURUM MERKEZ -1;PANOCER;Panocer 40 mg 28 Enterik Kaplı Tablet;30;12;42;4.423;
20.08.2026;SELÇUK ECZA DEPOSU;SELÇUK SAMSUN;8680001153343;DERMAN ECZANESİ;CORUM KUZEY ILCELER;PANOCER;Panocer 40 mg 28 Enterik Kaplı Tablet;10;3;13;1.369;
20.08.2026;SELÇUK ECZA DEPOSU;SELÇUK SAMSUN;8680001837755;KOCUR ECZANESI;AMASYA GOYNUCEK+TASOVA;PANOCER;Panocer 40 mg 28 Enterik Kaplı Tablet;30;12;42;4.423;
20.08.2026;SELÇUK ECZA DEPOSU;SELÇUK SAMSUN;8680001602865;ZEHRA ECZANESİ;SIVAS MERKEZ -3;PANOCER;Panocer 40 mg 28 Enterik Kaplı Tablet;165;135;300;31.594;
20.08.2026;SELÇUK ECZA DEPOSU;SELÇUK SAMSUN;8680001146888;ŞAMLIOĞLU ECZANESİ;CORUM MERKEZ -2;PANOCER;Panocer 40 mg 28 Enterik Kaplı Tablet;10;3;13;1.369;
20.08.2026;SELÇUK ECZA DEPOSU;SELÇUK SAMSUN;8680001170593;ÇAKIRTAŞ ECZANESİ;AMASYA ILCELER;PANOCER;Panocer 40 mg 28 Enterik Kaplı Tablet;165;135;300;31.594;
20.08.2026;SELÇUK ECZA DEPOSU;SELÇUK SAMSUN;8680001122400;ARIKAN ECZANESİ;SIVAS MERKEZ -2;PANOCER;Panocer 40 mg 28 Enterik Kaplı Tablet;30;12;42;4.423;
20.08.2026;SELÇUK ECZA DEPOSU;SELÇUK SAMSUN;8680001397532;MEHMETOĞLU ECZANESİ;TOKAT DOGU ILCELER;PANOCER;Panocer 40 mg 28 Enterik Kaplı Tablet;30;12;42;4.423;
20.08.2026;SELÇUK ECZA DEPOSU;SELÇUK SAMSUN;8680001129096;DERMAN ECZANESİ;SINOP GUNEY ILCELER;PANOCER;Panocer 40 mg 28 Enterik Kaplı Tablet;10;3;13;1.369;
20.08.2026;SELÇUK ECZA DEPOSU;SELÇUK TRABZON;8680001111343;EKŞİOĞLU ECZANESİ;RIZE BATI ILCELER;PANOCER;Panocer 40 mg 28 Enterik Kaplı Tablet;165;135;300;31.594;
20.08.2026;SELÇUK ECZA DEPOSU;SELÇUK SAMSUN;8680001154609;HAYAT ECZANESİ;CORUM GUNEYDOGU ILCELER;PANOCER;Panocer 40 mg 28 Enterik Kaplı Tablet;30;12;42;4.423;
20.08.2026;İSTANBUL ECZA KOOP;İSKOOP MERKEZ;8680001116232;BUKET ECZANESİ;SINOP MERKEZ;PANOCER;Panocer 40 mg 28 Enterik Kaplı Tablet;10;3;13;1.369;
20.08.2026;SELÇUK ECZA DEPOSU;SELÇUK TRABZON;8680001830473;OF ECZANESİ;TRABZON DOGU ILCELER -1;PANOCER;Panocer 40 mg 28 Enterik Kaplı Tablet;10;3;13;1.369;
20.08.2026;SELÇUK ECZA DEPOSU;SELÇUK TRABZON;8680001647439;HAYAT ECZANESİ;TRABZON K.BASI+SURMENE;PANOCER;Panocer 40 mg 28 Enterik Kaplı Tablet;2;0;2;211;
20.08.2026;SELÇUK ECZA DEPOSU;SELÇUK ERZURUM;8680001117611;YENİ BÖLGE ECZANESİ;ERZURUM MERKEZ -3;PANOCER;Panocer 40 mg 28 Enterik Kaplı Tablet;30;12;42;4.423;
21.08.2026;SELÇUK ECZA DEPOSU;SELÇUK ERZURUM;8680001947089;AĞGÜL ECZANESİ;ERZURUM MERKEZ -3;ACİDPASS;Acidpass 10/800/165 mg 12 Çiğneme Tablet;6;0;6;673;
21.08.2026;SELÇUK ECZA DEPOSU;SELÇUK ERZURUM;8680001906369;ESRA ECZANESİ;AGRI ILCELER;ACİDPASS;Acidpass 10/800/165 mg 12 Çiğneme Tablet;3;0;3;337;
21.08.2026;SELÇUK ECZA DEPOSU;SELÇUK ERZURUM;8680001569427;HAYAT ECZANESİ;ERZURUM MERKEZ -2;ACİDPASS;Acidpass 10/800/165 mg 12 Çiğneme Tablet;2;0;2;224;
21.08.2026;SELÇUK ECZA DEPOSU;SELÇUK TRABZON;8680001443925;DOĞANKÖY ŞİFA ECZANESİ;TRABZON AKCAABAT;ACİDPASS;Acidpass 10/800/165 mg 12 Çiğneme Tablet;8;0;8;898;
21.08.2026;SELÇUK ECZA DEPOSU;SELÇUK TRABZON;8680001112364;ŞİFA ECZANESİ;RIZE MERKEZ;ACİDPASS;Acidpass 10/800/165 mg 12 Çiğneme Tablet;10;1;11;1.235;
21.08.2026;SELÇUK ECZA DEPOSU;SELÇUK TRABZON;8680001201532;ATACAN ECZANESİ;TRABZON DOGU ILCELER - 2;ACİDPASS;Acidpass 10/800/165 mg 12 Çiğneme Tablet;1;0;1;112;
21.08.2026;İSTANBUL ECZA KOOP;İSKOOP MERKEZ;8680001164509;AYDINLAR ECZANESİ;AMASYA GOYNUCEK+TASOVA;ACİDPASS;Acidpass 10/800/165 mg 12 Çiğneme Tablet;10;1;11;1.235;
21.08.2026;İSTANBUL ECZA KOOP;İSKOOP MERKEZ;8680001128921;KURUPELİT ECZANESİ;SAMSUN ATAKENT+19 MAYIS;ACİDPASS;Acidpass 10/800/165 mg 12 Çiğneme Tablet;20;3;23;2.581;
21.08.2026;İSTANBUL ECZA KOOP;İSKOOP MERKEZ;8680001490417;IHLAMUR ECZANESİ;SAMSUN ATAKUM;ACİDPASS;Acidpass 10/800/165 mg 12 Çiğneme Tablet;2;0;2;224;
21.08.2026;İSTANBUL ECZA KOOP;İSKOOP MERKEZ;8680001490417;IHLAMUR ECZANESİ;SAMSUN ATAKUM;ACİDPASS;Acidpass 10/800/165 mg 12 Çiğneme Tablet;1;0;1;112;
21.08.2026;SELÇUK ECZA DEPOSU;SELÇUK SAMSUN;8680001796687;BUĞRA ECZANESI;ORDU MERKEZ -3;ACİDPASS;Acidpass 10/800/165 mg 12 Çiğneme Tablet;10;1;11;1.235;
21.08.2026;SELÇUK ECZA DEPOSU;SELÇUK SAMSUN;8680001101153;CEDİT ECZANESİ;SAMSUN ILKADIM - 2;ACİDPASS;Acidpass 10/800/165 mg 12 Çiğneme Tablet;5;0;5;561;
21.08.2026;SELÇUK ECZA DEPOSU;SELÇUK TRABZON;8680001122585;JÜLİDE NAZLI ECZANESİ;ARTVIN KUZEY ILCELER;ACİDPASS;Acidpass 10/800/165 mg 12 Çiğneme Tablet;20;3;23;2.581;
21.08.2026;SELÇUK ECZA DEPOSU;SELÇUK TRABZON;8680001456918;DİLA ECZANESİ;TRABZON MERKEZ -1;ACİDPASS;Acidpass 10/800/165 mg 12 Çiğneme Tablet;20;3;23;2.581;
21.08.2026;SELÇUK ECZA DEPOSU;SELÇUK TRABZON;8680001304233;HAKAN ECZANESİ;ARTVIN MERKEZ+DOGU+GUNEY;ACİDPASS;Acidpass 10/800/165 mg 12 Çiğneme Tablet;10;1;11;1.235;
21.08.2026;SELÇUK ECZA DEPOSU;SELÇUK TRABZON;8680001876044;ARYA ECZANESİ;TRABZON MERKEZ -3;ACİDPASS;Acidpass 10/800/165 mg 12 Çiğneme Tablet;2;0;2;224;
21.08.2026;SELÇUK ECZA DEPOSU;SELÇUK TRABZON;8680001165971;MEYDAN ECZANESİ;GIRESUN MERKEZ -2;ACİDPASS;Acidpass 10/800/165 mg 12 Çiğneme Tablet;10;1;11;1.235;
21.08.2026;SELÇUK ECZA DEPOSU;SELÇUK TRABZON;8680001259564;SUAT ECZANESİ;TRABZON MERKEZ -1;ACİDPASS;Acidpass 10/800/165 mg 12 Çiğneme Tablet;10;1;11;1.235;
21.08.2026;SELÇUK ECZA DEPOSU;SELÇUK SAMSUN;8680001158553;ERMAN ECZANESİ;CORUM MERKEZ -1;ACİDPASS;Acidpass 10/800/165 mg 12 Çiğneme Tablet;4;0;4;449;
21.08.2026;SELÇUK ECZA DEPOSU;SELÇUK SAMSUN;8680001510504;BÜŞRA BULUT ECZANESİ;TOKAT MERKEZ -1;ACİDPASS;Acidpass 10/800/165 mg 12 Çiğneme Tablet;3;0;3;337;
21.08.2026;SELÇUK ECZA DEPOSU;SELÇUK SAMSUN;8680001156443;ESRA ECZANESİ;ORDU FATSA;ACİDPASS;Acidpass 10/800/165 mg 12 Çiğneme Tablet;50;15;65;7.295;
21.08.2026;SELÇUK ECZA DEPOSU;SELÇUK SAMSUN;8680001646210;NİHAL ECZANESİ;SINOP MERKEZ;ACİDPASS;Acidpass 10/800/165 mg 12 Çiğneme Tablet;10;1;11;1.235;
21.08.2026;SELÇUK ECZA DEPOSU;SELÇUK ERZURUM;8680001877607;SARI ECZANESİ;AGRI ILCELER;ACİDPASS;Acidpass 10/800/165 mg 12 Çiğneme Tablet;10;1;11;1.235;
21.08.2026;SELÇUK ECZA DEPOSU;SELÇUK TRABZON;8680001625697;KANUNİ ECZANESİ;TRABZON DOGU ILCELER - 2;ACİDPASS;Acidpass 10/800/165 mg 12 Çiğneme Tablet;2;0;2;224;
21.08.2026;SELÇUK ECZA DEPOSU;SELÇUK TRABZON;8680001278008;HAKAN ECZANESİ;TRABZON MERKEZ -4;ACİDPASS;Acidpass 10/800/165 mg 12 Çiğneme Tablet;10;1;11;1.235;
21.08.2026;SELÇUK ECZA DEPOSU;SELÇUK TRABZON;8680001170906;HAYAT ECZANESİ;GUMUSHANE;ACİDPASS;Acidpass 10/800/165 mg 12 Çiğneme Tablet;10;1;11;1.235;
21.08.2026;SELÇUK ECZA DEPOSU;SELÇUK TRABZON;8680001597697;YAŞAM ECZANESİ;TRABZON MERKEZ -1;ACİDPASS;Acidpass 10/800/165 mg 12 Çiğneme Tablet;10;1;11;1.235;
21.08.2026;SELÇUK ECZA DEPOSU;SELÇUK TRABZON;8680001825622;KARADUMAN ECZANESİ;TRABZON AKCAABAT;ACİDPASS;Acidpass 10/800/165 mg 12 Çiğneme Tablet;50;15;65;7.295;
21.08.2026;SELÇUK ECZA DEPOSU;SELÇUK SAMSUN;8680001651399;DAVUT DURAK ECZANESI;ORDU UNYE;ACİDPASS;Acidpass 10/800/165 mg 12 Çiğneme Tablet;3;0;3;337;
21.08.2026;SELÇUK ECZA DEPOSU;SELÇUK SAMSUN;8680001692156;DEFNE ECZANESİ;ORDU BATI ILCELER;ACİDPASS;Acidpass 10/800/165 mg 12 Çiğneme Tablet;20;3;23;2.581;
21.08.2026;SELÇUK ECZA DEPOSU;SELÇUK TRABZON;8680001947768;HAYAT ECZANESİ;GIRESUN BULANCAK+PIRAZIZ;ACİDPASS;Acidpass 10/800/165 mg 12 Çiğneme Tablet;50;15;65;7.295;
21.08.2026;SELÇUK ECZA DEPOSU;SELÇUK TRABZON;8680001947065;KAAN ASLAN;GIRESUN MERKEZ -2;ACİDPASS;Acidpass 10/800/165 mg 12 Çiğneme Tablet;50;15;65;7.295;
21.08.2026;SELÇUK ECZA DEPOSU;SELÇUK TRABZON;8680001625697;KANUNİ ECZANESİ;TRABZON DOGU ILCELER - 2;ACİDPASS;Acidpass 10/800/165 mg 12 Çiğneme Tablet;1;0;1;112;
21.08.2026;İSTANBUL ECZA KOOP;İSKOOP MERKEZ;8680001123179;YÜKSEL ECZANESİ;SINOP DOGU-BATI ILCELER;ACİDPASS;Acidpass 10/800/165 mg 12 Çiğneme Tablet;5;0;5;561;
21.08.2026;İSTANBUL ECZA KOOP;İSKOOP MERKEZ;8680001845804;EDA ECZANESİ;SAMSUN DOGU ILCELER;ACİDPASS;Acidpass 10/800/165 mg 12 Çiğneme Tablet;2;0;2;224;
21.08.2026;İSTANBUL ECZA KOOP;İSKOOP MERKEZ;8680001177790;EKİN ECZANESİ;TOKAT DOGU ILCELER;ACİDPASS;Acidpass 10/800/165 mg 12 Çiğneme Tablet;10;1;11;1.235;
21.08.2026;İSTANBUL ECZA KOOP;İSKOOP MERKEZ;8680001130092;CANSARAN ECZANESİ;AMASYA MERKEZ -2;ACİDPASS;Acidpass 10/800/165 mg 12 Çiğneme Tablet;2;0;2;224;
21.08.2026;SELÇUK ECZA DEPOSU;SELÇUK TRABZON;8680001164882;GÖKHAN ECZANESİ;GIRESUN MERKEZ -2;ACİDPASS;Acidpass 10/800/165 mg 6 Çiğneme Tablet;1;0;1;69;
21.08.2026;SELÇUK ECZA DEPOSU;SELÇUK ERZURUM;8680001625963;PINAR ECZANESİ;ERZURUM MERKEZ -2;ACİDPASS;Acidpass 10/800/165 mg 6 Çiğneme Tablet;3;0;3;207;
21.08.2026;İSTANBUL ECZA KOOP;İSKOOP MERKEZ;8680001124541;YEŞİLOVA ECZANESİ;AMASYA MERKEZ -2;FAMTREC;Famtrec 800/26,6mg 14 Film Kaplı Tablet;4;0;4;409;
21.08.2026;İSTANBUL ECZA KOOP;İSKOOP MERKEZ;8680001714094;SAHİL ECZANESİ;SAMSUN ATAKENT+19 MAYIS;FAMTREC;Famtrec 800/26,6mg 14 Film Kaplı Tablet;1;0;1;102;
21.08.2026;SELÇUK ECZA DEPOSU;SELÇUK SAMSUN;8680001277674;SEYİTOĞLU ECZANESİ;ORDU FATSA;FAMTREC;Famtrec 800/26,6mg 14 Film Kaplı Tablet;1;0;1;102;
21.08.2026;SELÇUK ECZA DEPOSU;SELÇUK SAMSUN;8680001278152;KARDELEN ECZANESİ;ORDU FATSA;FAMTREC;Famtrec 800/26,6mg 14 Film Kaplı Tablet;1;0;1;102;
21.08.2026;SELÇUK ECZA DEPOSU;SELÇUK SAMSUN;8680001826919;ECE ECZANESİ;SIVAS MERKEZ -4;GRİPORT COLD;Griport Cold 20 Film Kaplı Tablet;10;3;13;1.094;
21.08.2026;SELÇUK ECZA DEPOSU;SELÇUK SAMSUN;8680001486359;SU ECZANESİ;ORDU GUNEY ILCELER -1;GRİPORT COLD;Griport Cold 20 Film Kaplı Tablet;5;1;6;505;
21.08.2026;SELÇUK ECZA DEPOSU;SELÇUK SAMSUN;8680001120871;YAŞAM ECZANESİ;SINOP DOGU-BATI ILCELER;GRİPORT COLD;Griport Cold 20 Film Kaplı Tablet;5;1;6;505;
21.08.2026;SELÇUK ECZA DEPOSU;SELÇUK SAMSUN;8680001826919;ECE ECZANESİ;SIVAS MERKEZ -4;GRİPORT COLD;Griport Cold 20 Film Kaplı Tablet;10;3;13;1.094;
21.08.2026;SELÇUK ECZA DEPOSU;SELÇUK SAMSUN;8680001601691;ELİF ECZANESİ;SIVAS MERKEZ -4;GRİPORT COLD;Griport Cold 20 Film Kaplı Tablet;5;1;6;505;
21.08.2026;İSTANBUL ECZA KOOP;İSKOOP MERKEZ;8680001141661;DERMAN ECZANESİ;AMASYA ILCELER;GRİPORT COLD;Griport Cold 20 Film Kaplı Tablet;10;3;13;1.094;
21.08.2026;SELÇUK ECZA DEPOSU;SELÇUK ERZURUM;8680001947089;AĞGÜL ECZANESİ;ERZURUM MERKEZ -3;GRİPORT COLD;Griport Cold 20 Film Kaplı Tablet;5;1;6;505;
21.08.2026;SELÇUK ECZA DEPOSU;SELÇUK TRABZON;8680001947768;HAYAT ECZANESİ;GIRESUN BULANCAK+PIRAZIZ;GRİPORT COLD;Griport Cold 20 Film Kaplı Tablet;10;3;13;1.094;
21.08.2026;İSTANBUL ECZA KOOP;İSKOOP MERKEZ;8680001175390;İSTANBUL ECZANESİ;AMASYA MERZIFON;GRİPORT COLD;Griport Cold 20 Film Kaplı Tablet;3;0;3;252;
21.08.2026;SELÇUK ECZA DEPOSU;SELÇUK SAMSUN;8680001233953;YAMANER ECZANESİ;ORDU UNYE;GRİPORT COLD;Griport Cold 20 Film Kaplı Tablet;40;20;60;5.049;
21.08.2026;SELÇUK ECZA DEPOSU;SELÇUK SAMSUN;8680001442232;BAYGÜNEŞ ECZANESİ;SIVAS MERKEZ -4;MOKSEFEN;Moksefen 400 mg 7 Film Tablet;5;1;6;894;
21.08.2026;SELÇUK ECZA DEPOSU;SELÇUK TRABZON;8680001289967;ENİS ECZANESİ;TRABZON MERKEZ -1;MOKSEFEN;Moksefen 400 mg 7 Film Tablet;60;30;90;13.410;
21.08.2026;İSTANBUL ECZA KOOP;İSKOOP MERKEZ;8680001620074;VİTAMİN ECZANESİ;SAMSUN ATAKUM;MOKSEFEN;Moksefen 400 mg 7 Film Tablet;1;0;1;149;
21.08.2026;İSTANBUL ECZA KOOP;İSKOOP MERKEZ;8680001450695;ALPAT ECZANESİ;TOKAT TURHAL;MOKSEFEN;Moksefen 400 mg 7 Film Tablet;10;3;13;1.937;
21.08.2026;SELÇUK ECZA DEPOSU;SELÇUK TRABZON;8680001186273;ÇAĞIN ECZANESİ;GIRESUN BULANCAK+PIRAZIZ;MOKSEFEN;Moksefen 400 mg 7 Film Tablet;3;0;3;447;
21.08.2026;SELÇUK ECZA DEPOSU;SELÇUK TRABZON;8680001205608;DİLEK ECZANESİ;TRABZON MERKEZ -1;MOKSEFEN;Moksefen 400 mg 7 Film Tablet;5;1;6;894;
21.08.2026;SELÇUK ECZA DEPOSU;SELÇUK SAMSUN;8680001655137;BESTE ECZANESİ;SIVAS MERKEZ -3;MOKSEFEN;Moksefen 400 mg 7 Film Tablet;10;3;13;1.937;
21.08.2026;ALLIANCE HEALTHCARE;AH SAMSUN;8680001172443;HAZNECİ ECZANESİ;AMASYA MERZIFON;PANOCER;Panocer 40 mg 14 Enterik Kaplı Tablet;1;0;1;81;
21.08.2026;ALLIANCE HEALTHCARE;AH SAMSUN;8680001619481;MEYDAN ECZANESİ;TOKAT ERBAA;PANOCER;Panocer 40 mg 28 Enterik Kaplı Tablet;30;12;42;4.423;
21.08.2026;ALLIANCE HEALTHCARE;AH SAMSUN;8680001175390;İSTANBUL ECZANESİ;AMASYA MERZIFON;PANOCER;Panocer 40 mg 28 Enterik Kaplı Tablet;30;12;42;4.423;
21.08.2026;ALLIANCE HEALTHCARE;AH SAMSUN;8680001199297;ŞENBİL ECZANESİ;TOKAT BATI ILCELER;PANOCER;Panocer 40 mg 28 Enterik Kaplı Tablet;10;3;13;1.369;
21.08.2026;ALLIANCE HEALTHCARE;AH SAMSUN;8680001663354;YAŞAM ECZANESİ;SAMSUN DOGU ILCELER;PANOCER;Panocer 40 mg 28 Enterik Kaplı Tablet;30;12;42;4.423;
21.08.2026;ALLIANCE HEALTHCARE;AH TRABZON;8680001743155;NUR ECZANESİ;GUMUSHANE;PANOCER;Panocer 40 mg 28 Enterik Kaplı Tablet;10;3;13;1.369;
21.08.2026;ALLIANCE HEALTHCARE;AH TRABZON;8680001657544;AKTOPRAK ECZANESİ;TRABZON MERKEZ -1;PANOCER;Panocer 40 mg 28 Enterik Kaplı Tablet;1;0;1;105;
21.08.2026;ALLIANCE HEALTHCARE;AH TRABZON;8680001254255;MERKEZ ECZANESİ;TRABZON AKCAABAT;PANOCER;Panocer 40 mg 28 Enterik Kaplı Tablet;1;0;1;105;
21.08.2026;ALLIANCE HEALTHCARE;AH TRABZON;8680001692774;ÇINAR ECZANESİ;GUMUSHANE;PANOCER;Panocer 40 mg 28 Enterik Kaplı Tablet;30;12;42;4.423;
21.08.2026;ALLIANCE HEALTHCARE;AH TRABZON;8680001657544;AKTOPRAK ECZANESİ;TRABZON MERKEZ -1;PANOCER;Panocer 40 mg 28 Enterik Kaplı Tablet;1;0;1;105;
21.08.2026;İSTANBUL ECZA KOOP;İSKOOP MERKEZ;8680001739875;SEFA ECZANESİ;SAMSUN ATAKUM;PANOCER;Panocer 40 mg 28 Enterik Kaplı Tablet;10;3;13;1.369;
21.08.2026;İSTANBUL ECZA KOOP;İSKOOP MERKEZ;8680001737123;ŞAHİN ECZANESİ;AMASYA MERZIFON;PANOCER;Panocer 40 mg 28 Enterik Kaplı Tablet;10;3;13;1.369;
21.08.2026;İSTANBUL ECZA KOOP;İSKOOP MERKEZ;8680001118212;VATAN ECZANESİ;AMASYA MERKEZ -1;PANOCER;Panocer 40 mg 28 Enterik Kaplı Tablet;10;3;13;1.369;
21.08.2026;ALLIANCE HEALTHCARE;AH ORDU;8680001170456;ŞİFA ECZANESİ;GIRESUN DOGU ILCELER -1;PANOCER;Panocer 40 mg 28 Enterik Kaplı Tablet;10;3;13;1.369;
21.08.2026;ALLIANCE HEALTHCARE;AH ORDU;8680001751044;KÜBRA ECZANESİ;GIRESUN GUNEY ILCELER;PANOCER;Panocer 40 mg 28 Enterik Kaplı Tablet;50;25;75;7.898;
21.08.2026;ALLIANCE HEALTHCARE;AH ORDU;8680001277001;GAZİ ECZANESİ;ORDU FATSA;PANOCER;Panocer 40 mg 28 Enterik Kaplı Tablet;10;3;13;1.369;
21.08.2026;ALLIANCE HEALTHCARE;AH ORDU;8680001450978;ZAFER ECZANESİ;GIRESUN BULANCAK+PIRAZIZ;PANOCER;Panocer 40 mg 28 Enterik Kaplı Tablet;30;12;42;4.423;
21.08.2026;ALLIANCE HEALTHCARE;AH ORDU;8680001147724;MEMLEKET ECZANESİ;ORDU BATI ILCELER;PANOCER;Panocer 40 mg 28 Enterik Kaplı Tablet;10;3;13;1.369;
21.08.2026;SELÇUK ECZA DEPOSU;SELÇUK SAMSUN;8680001137411;ÇINAR ECZANESİ;SAMSUN ADALET;PANOCER;Panocer 40 mg 28 Enterik Kaplı Tablet;1;0;1;105;
21.08.2026;ALLIANCE HEALTHCARE;AH KAYSERİ;8680001552306;MURAT ECZANESİ;SIVAS MERKEZ -3;PANOCER;Panocer 40 mg 28 Enterik Kaplı Tablet;10;3;13;1.369;
21.08.2026;SELÇUK ECZA DEPOSU;SELÇUK SAMSUN;8680001499301;GİZEM ECZANESİ;AMASYA MERZIFON;PANOCER;Panocer 40 mg 28 Enterik Kaplı Tablet;10;3;13;1.369;
21.08.2026;SELÇUK ECZA DEPOSU;SELÇUK ERZURUM;8680001472611;ÇELEBİ ECZANESİ;KARS MERKEZ;PANOCER;Panocer 40 mg 28 Enterik Kaplı Tablet;10;3;13;1.369;
21.08.2026;SELÇUK ECZA DEPOSU;SELÇUK TRABZON;8680001115488;IŞIK ECZANESİ;RIZE DOGU ILCELER;PANOCER;Panocer 40 mg 28 Enterik Kaplı Tablet;165;135;300;31.594;
21.08.2026;SELÇUK ECZA DEPOSU;SELÇUK TRABZON;8680001642366;ALEYNA ECZANESİ;TRABZON MERKEZ -1;PANOCER;Panocer 40 mg 28 Enterik Kaplı Tablet;10;3;13;1.369;
21.08.2026;SELÇUK ECZA DEPOSU;SELÇUK TRABZON;8680001947065;KAAN ASLAN;GIRESUN MERKEZ -2;PANOCER;Panocer 40 mg 28 Enterik Kaplı Tablet;30;12;42;4.423;
21.08.2026;SELÇUK ECZA DEPOSU;SELÇUK SAMSUN;8680001597307;KUZEY ECZANESİ;ORDU FATSA;PANOCER;Panocer 40 mg 28 Enterik Kaplı Tablet;30;12;42;4.423;
21.08.2026;SELÇUK ECZA DEPOSU;SELÇUK SAMSUN;8680001446681;SEVİLAY ECZANESİ;TOKAT MERKEZ -2;PANOCER;Panocer 40 mg 28 Enterik Kaplı Tablet;165;135;300;31.594;
21.08.2026;SELÇUK ECZA DEPOSU;SELÇUK SAMSUN;8680001511280;ANIL ECZANESİ;SIVAS MERKEZ -2;PANOCER;Panocer 40 mg 28 Enterik Kaplı Tablet;30;12;42;4.423;
21.08.2026;SELÇUK ECZA DEPOSU;SELÇUK SAMSUN;8680001179787;TEKELİ ECZANESİ;TOKAT TURHAL;PANOCER;Panocer 40 mg 28 Enterik Kaplı Tablet;30;12;42;4.423;
21.08.2026;SELÇUK ECZA DEPOSU;SELÇUK SAMSUN;8680001151486;SÜHA ECZANESİ;SIVAS MERKEZ -4;PANOCER;Panocer 40 mg 28 Enterik Kaplı Tablet;10;3;13;1.369;
21.08.2026;İSTANBUL ECZA KOOP;İSKOOP MERKEZ;8680001717705;SEVİL ECZANESI;AMASYA MERKEZ -2;PANOCER;Panocer 40 mg 28 Enterik Kaplı Tablet;10;3;13;1.369;
21.08.2026;SELÇUK ECZA DEPOSU;SELÇUK SAMSUN;8680001126019;İLKER ECZANESİ;SIVAS MERKEZ -2;PANOCER;Panocer 40 mg 28 Enterik Kaplı Tablet;1;0;1;105;
21.08.2026;SELÇUK ECZA DEPOSU;SELÇUK SAMSUN;8680001101542;ASYA ECZANESİ;SAMSUN DOGU ILCELER;PANOCER;Panocer 40 mg 28 Enterik Kaplı Tablet;2;0;2;211;
21.08.2026;SELÇUK ECZA DEPOSU;SELÇUK SAMSUN;8680001155897;TÜRKER ECZANESİ;CORUM MERKEZ -1;PANOCER;Panocer 40 mg 28 Enterik Kaplı Tablet;30;12;42;4.423;
21.08.2026;SELÇUK ECZA DEPOSU;SELÇUK TRABZON;8680001684670;BAL ECZANESİ;TRABZON MERKEZ -4;PANOCER;Panocer 40 mg 28 Enterik Kaplı Tablet;10;3;13;1.369;
21.08.2026;SELÇUK ECZA DEPOSU;SELÇUK TRABZON;8680001947768;HAYAT ECZANESİ;GIRESUN BULANCAK+PIRAZIZ;PANOCER;Panocer 40 mg 28 Enterik Kaplı Tablet;30;12;42;4.423;
21.08.2026;SELÇUK ECZA DEPOSU;SELÇUK ERZURUM;8680001130672;DİLER ECZANESİ;ERZURUM MERKEZ -3;PANOCER;Panocer 40 mg 28 Enterik Kaplı Tablet;165;135;300;31.594;
21.08.2026;SELÇUK ECZA DEPOSU;SELÇUK ERZURUM;8680001697311;ŞİFA ECZANESİ;ERZURUM GUNEY ILCELER;PANOCER;Panocer 40 mg 28 Enterik Kaplı Tablet;50;25;75;7.898;
22.08.2026;İSTANBUL ECZA KOOP;İSKOOP MERKEZ;8680001477821;DİLŞAT ECZANESİ;SAMSUN ATAKENT+19 MAYIS;ACİDPASS;Acidpass 10/800/165 mg 12 Çiğneme Tablet;10;1;11;1.235;
22.08.2026;SELÇUK ECZA DEPOSU;SELÇUK SAMSUN;8680001559176;SELÇUK ECZANESİ;SIVAS MERKEZ -4;ACİDPASS;Acidpass 10/800/165 mg 12 Çiğneme Tablet;10;1;11;1.235;
22.08.2026;SELÇUK ECZA DEPOSU;SELÇUK TRABZON;8680001893294;BORDO MAVİ ECZANESİ;TRABZON MERKEZ -4;ACİDPASS;Acidpass 10/800/165 mg 12 Çiğneme Tablet;2;0;2;224;
22.08.2026;SELÇUK ECZA DEPOSU;SELÇUK TRABZON;8680001428786;ŞAHİN ECZANESİ;TRABZON DOGU ILCELER - 2;ACİDPASS;Acidpass 10/800/165 mg 12 Çiğneme Tablet;20;3;23;2.581;
22.08.2026;SELÇUK ECZA DEPOSU;SELÇUK SAMSUN;8680001707973;ÜSTÜNDAĞ ECZANESİ;TOKAT MERKEZ -1;ACİDPASS;Acidpass 10/800/165 mg 12 Çiğneme Tablet;10;1;11;1.235;
22.08.2026;SELÇUK ECZA DEPOSU;SELÇUK SAMSUN;8680001149605;DEMİRTAŞ ECZANESİ;ORDU MERKEZ -1;ACİDPASS;Acidpass 10/800/165 mg 12 Çiğneme Tablet;10;1;11;1.235;
22.08.2026;İSTANBUL ECZA KOOP;İSKOOP MERKEZ;8680001827671;SANAT ECZANESİ;SAMSUN ATAKENT+19 MAYIS;ACİDPASS;Acidpass 10/800/165 mg 12 Çiğneme Tablet;1;0;1;112;
22.08.2026;SELÇUK ECZA DEPOSU;SELÇUK ERZURUM;8680001489954;ÇAYKARA ECZANESİ;ERZURUM MERKEZ -1;ACİDPASS;Acidpass 10/800/165 mg 6 Çiğneme Tablet;3;0;3;207;
22.08.2026;SELÇUK ECZA DEPOSU;SELÇUK ERZURUM;8680001516971;KERVANSARAY ECZANESİ;ERZURUM MERKEZ -3;GRİPORT COLD;Griport Cold 20 Film Kaplı Tablet;10;3;13;1.094;
22.08.2026;SELÇUK ECZA DEPOSU;SELÇUK ERZURUM;8680001566983;CADDE ECZANESİ;ERZURUM MERKEZ -3;GRİPORT COLD;Griport Cold 20 Film Kaplı Tablet;5;1;6;505;
22.08.2026;SELÇUK ECZA DEPOSU;SELÇUK SAMSUN;8680001147779;ŞAHİN ECZANESİ;CORUM MERKEZ -3;GRİPORT COLD;Griport Cold 20 Film Kaplı Tablet;10;3;13;1.094;
22.08.2026;SELÇUK ECZA DEPOSU;SELÇUK ERZURUM;8680001571208;KAHRAMANLAR ECZANESİ;ERZURUM MERKEZ -2;GRİPORT COLD;Griport Cold 20 Film Kaplı Tablet;10;3;13;1.094;
22.08.2026;SELÇUK ECZA DEPOSU;SELÇUK SAMSUN;8680001565795;MEYDAN ECZANESİ;TOKAT MERKEZ -1;PANOCER;Panocer 40 mg 28 Enterik Kaplı Tablet;10;3;13;1.369;
22.08.2026;ALLIANCE HEALTHCARE;AH SAMSUN;8680001740802;KESKİN ECZANESİ;SAMSUN DOGU ILCELER - 2;PANOCER;Panocer 40 mg 28 Enterik Kaplı Tablet;10;3;13;1.369;
22.08.2026;SELÇUK ECZA DEPOSU;SELÇUK SAMSUN;8680001120871;YAŞAM ECZANESİ;SINOP DOGU-BATI ILCELER;PANOCER;Panocer 40 mg 28 Enterik Kaplı Tablet;5;0;5;527;
23.08.2026;SELÇUK ECZA DEPOSU;SELÇUK TRABZON;8680001201266;NİSAN ECZANESİ;GIRESUN GUNEY ILCELER;ACİDPASS;Acidpass 10/800/165 mg 12 Çiğneme Tablet;10;1;11;1.235;
23.08.2026;SELÇUK ECZA DEPOSU;SELÇUK TRABZON;8680001463848;TILSIM ECZANESİ;TRABZON AKCAABAT;ACİDPASS;Acidpass 10/800/165 mg 12 Çiğneme Tablet;10;1;11;1.235;
23.08.2026;SELÇUK ECZA DEPOSU;SELÇUK ERZURUM;8680001122219;TURGUT ECZANESİ;ERZURUM MERKEZ -3;ACİDPASS;Acidpass 10/800/165 mg 12 Çiğneme Tablet;2;0;2;224;
23.08.2026;SELÇUK ECZA DEPOSU;SELÇUK TRABZON;8680001805518;EMRE ECZANESİ;GUMUSHANE;ACİDPASS;Acidpass 10/800/165 mg 12 Çiğneme Tablet;20;3;23;2.581;
23.08.2026;SELÇUK ECZA DEPOSU;SELÇUK SAMSUN;8680001679072;NİSAN ECZANESİ;ORDU MERKEZ -3;ACİDPASS;Acidpass 10/800/165 mg 12 Çiğneme Tablet;5;0;5;561;
23.08.2026;SELÇUK ECZA DEPOSU;SELÇUK TRABZON;8680001697496;İPEKYOLU ECZANESİ;TRABZON MERKEZ -4;ACİDPASS;Acidpass 10/800/165 mg 12 Çiğneme Tablet;2;0;2;224;
23.08.2026;SELÇUK ECZA DEPOSU;SELÇUK SAMSUN;8680001216895;HAYAT ECZANESİ;TOKAT DOGU ILCELER;ACİDPASS;Acidpass 10/800/165 mg 12 Çiğneme Tablet;20;3;23;2.581;
23.08.2026;SELÇUK ECZA DEPOSU;SELÇUK TRABZON;8680001264346;HAYIRLIOĞLU ECZANESİ;TRABZON MERKEZ -3;GRİPORT COLD;Griport Cold 20 Film Kaplı Tablet;5;1;6;505;
23.08.2026;SELÇUK ECZA DEPOSU;SELÇUK ERZURUM;8680001122219;TURGUT ECZANESİ;ERZURUM MERKEZ -3;GRİPORT COLD;Griport Cold 20 Film Kaplı Tablet;10;3;13;1.094;
23.08.2026;SELÇUK ECZA DEPOSU;SELÇUK ERZURUM;8680001122219;TURGUT ECZANESİ;ERZURUM MERKEZ -3;GRİPORT COLD;Griport Cold 20 Film Kaplı Tablet;10;3;13;1.094;
23.08.2026;SELÇUK ECZA DEPOSU;SELÇUK SAMSUN;8680001108671;ENGİZ ECZANESİ;SAMSUN ATAKENT+19 MAYIS;GRİPORT COLD;Griport Cold 20 Film Kaplı Tablet;40;20;60;5.049;
23.08.2026;SELÇUK ECZA DEPOSU;SELÇUK TRABZON;8680001175352;GÖKÇE ECZANESİ;GIRESUN MERKEZ -2;GRİPORT COLD;Griport Cold 20 Film Kaplı Tablet;10;3;13;1.094;
23.08.2026;SELÇUK ECZA DEPOSU;SELÇUK ERZURUM;8680001122219;TURGUT ECZANESİ;ERZURUM MERKEZ -3;GRİPORT COLD;Griport Cold 20 Film Kaplı Tablet;10;3;13;1.094;
23.08.2026;SELÇUK ECZA DEPOSU;SELÇUK SAMSUN;8680001629701;BURUNUCU ECZANESI;ORDU UNYE;MOKSEFEN;Moksefen 400 mg 7 Film Tablet;10;3;13;1.937;
23.08.2026;SELÇUK ECZA DEPOSU;SELÇUK SAMSUN;8680001518586;ELİF ECZANESİ;ORDU BATI ILCELER;MOKSEFEN;Moksefen 400 mg 7 Film Tablet;1;0;1;149;
23.08.2026;SELÇUK ECZA DEPOSU;SELÇUK SAMSUN;8680001518586;ELİF ECZANESİ;ORDU BATI ILCELER;MOKSEFEN;Moksefen 400 mg 7 Film Tablet;5;1;6;894;
23.08.2026;SELÇUK ECZA DEPOSU;SELÇUK SAMSUN;8680001518586;ELİF ECZANESİ;ORDU BATI ILCELER;MOKSEFEN;Moksefen 400 mg 7 Film Tablet;10;3;13;1.937;
23.08.2026;SELÇUK ECZA DEPOSU;SELÇUK ERZURUM;8680001835027;NAYKİ ECZANESİ;KARS ILCELER;PANOCER;Panocer 40 mg 28 Enterik Kaplı Tablet;30;12;42;4.423;
23.08.2026;SELÇUK ECZA DEPOSU;SELÇUK SAMSUN;8680001733743;ECZANE İLGİ;TOKAT DOGU ILCELER;PANOCER;Panocer 40 mg 28 Enterik Kaplı Tablet;4;0;4;421;
23.08.2026;İSTANBUL ECZA KOOP;İSKOOP MERKEZ;8680001703616;YAŞAM ECZANESİ;SAMSUN VEZIRKOPRU;PANOCER;Panocer 40 mg 28 Enterik Kaplı Tablet;4;0;4;421;
23.08.2026;ALLIANCE HEALTHCARE;AH ERZURUM;8680001114122;YILDIZ ECZANESİ;ERZURUM GUNEY ILCELER;PANOCER;Panocer 40 mg 28 Enterik Kaplı Tablet;10;3;13;1.369;
24.08.2026;İSTANBUL ECZA KOOP;İSKOOP MERKEZ;8680001116751;BAHÇELİEVLER ECZANESİ;SAMSUN BAHCELIEVLER;ACİDPASS;Acidpass 10/800/165 mg 12 Çiğneme Tablet;1;0;1;112;
24.08.2026;SELÇUK ECZA DEPOSU;SELÇUK ERZURUM;8680001698394;GÖZDE ECZANESİ;ERZURUM MERKEZ -1;ACİDPASS;Acidpass 10/800/165 mg 12 Çiğneme Tablet;1;0;1;112;
24.08.2026;SELÇUK ECZA DEPOSU;SELÇUK TRABZON;8680001112722;BİLSEL ECZANESİ;RIZE MERKEZ;ACİDPASS;Acidpass 10/800/165 mg 12 Çiğneme Tablet;10;1;11;1.235;
24.08.2026;SELÇUK ECZA DEPOSU;SELÇUK TRABZON;8680001491612;SEMİH ECZANESİ;TRABZON DOGU ILCELER - 2;ACİDPASS;Acidpass 10/800/165 mg 12 Çiğneme Tablet;2;0;2;224;
24.08.2026;SELÇUK ECZA DEPOSU;SELÇUK TRABZON;8680001251070;YAVUZ ECZANESİ;TRABZON AKCAABAT;ACİDPASS;Acidpass 10/800/165 mg 12 Çiğneme Tablet;10;1;11;1.235;
24.08.2026;SELÇUK ECZA DEPOSU;SELÇUK SAMSUN;8680001151899;ESRA ECZANESİ;SIVAS MERKEZ -2;ACİDPASS;Acidpass 10/800/165 mg 12 Çiğneme Tablet;-1;0;-1;-112;
24.08.2026;SELÇUK ECZA DEPOSU;SELÇUK SAMSUN;8680001420117;TEKİN ECZANESİ;ORDU UNYE;ACİDPASS;Acidpass 10/800/165 mg 12 Çiğneme Tablet;20;3;23;2.581;
24.08.2026;SELÇUK ECZA DEPOSU;SELÇUK SAMSUN;8680001157006;HABOĞLU ECZANESİ;CORUM MERKEZ -2;ACİDPASS;Acidpass 10/800/165 mg 12 Çiğneme Tablet;10;1;11;1.235;
24.08.2026;SELÇUK ECZA DEPOSU;SELÇUK SAMSUN;8680001101337;BAŞALAN ECZANESİ;SAMSUN CANIK;ACİDPASS;Acidpass 10/800/165 mg 12 Çiğneme Tablet;3;0;3;337;
24.08.2026;SELÇUK ECZA DEPOSU;SELÇUK SAMSUN;8680001115242;SERKAN ECZANESİ;SINOP MERKEZ;ACİDPASS;Acidpass 10/800/165 mg 12 Çiğneme Tablet;1;0;1;112;
24.08.2026;SELÇUK ECZA DEPOSU;SELÇUK SAMSUN;8680001139088;AYDIN ECZANESİ;SAMSUN BAFRA;ACİDPASS;Acidpass 10/800/165 mg 12 Çiğneme Tablet;10;1;11;1.235;
24.08.2026;SELÇUK ECZA DEPOSU;SELÇUK TRABZON;8680001116058;SAĞLIK ECZANESİ;RIZE DOGU ILCELER;ACİDPASS;Acidpass 10/800/165 mg 12 Çiğneme Tablet;20;3;23;2.581;
24.08.2026;SELÇUK ECZA DEPOSU;SELÇUK TRABZON;8680001179046;GİRİFTİNOĞLU ECZANESİ;GUMUSHANE;ACİDPASS;Acidpass 10/800/165 mg 12 Çiğneme Tablet;5;0;5;561;
24.08.2026;SELÇUK ECZA DEPOSU;SELÇUK TRABZON;8680001170463;ŞİFA ECZANESİ;GUMUSHANE;ACİDPASS;Acidpass 10/800/165 mg 12 Çiğneme Tablet;10;1;11;1.235;
24.08.2026;SELÇUK ECZA DEPOSU;SELÇUK TRABZON;8680001443925;DOĞANKÖY ŞİFA ECZANESİ;TRABZON AKCAABAT;ACİDPASS;Acidpass 10/800/165 mg 12 Çiğneme Tablet;10;1;11;1.235;
24.08.2026;SELÇUK ECZA DEPOSU;SELÇUK TRABZON;8680001697496;İPEKYOLU ECZANESİ;TRABZON MERKEZ -4;ACİDPASS;Acidpass 10/800/165 mg 12 Çiğneme Tablet;2;0;2;224;
24.08.2026;SELÇUK ECZA DEPOSU;SELÇUK SAMSUN;8680001157785;BUHARA ECZANESİ;CORUM MERKEZ -1;ACİDPASS;Acidpass 10/800/165 mg 12 Çiğneme Tablet;2;0;2;224;
24.08.2026;SELÇUK ECZA DEPOSU;SELÇUK SAMSUN;8680001103324;DÖRTYOL ECZANESİ;SAMSUN HAVZA+KAVAK+LADIK;ACİDPASS;Acidpass 10/800/165 mg 12 Çiğneme Tablet;10;1;11;1.235;
24.08.2026;SELÇUK ECZA DEPOSU;SELÇUK SAMSUN;8680001170678;GÖKHAN ECZANESİ;TOKAT DOGU ILCELER;ACİDPASS;Acidpass 10/800/165 mg 12 Çiğneme Tablet;3;0;3;337;
24.08.2026;SELÇUK ECZA DEPOSU;SELÇUK SAMSUN;8680001143313;UĞUR ECZANESİ;CORUM MERKEZ -1;ACİDPASS;Acidpass 10/800/165 mg 12 Çiğneme Tablet;2;0;2;224;
24.08.2026;SELÇUK ECZA DEPOSU;SELÇUK SAMSUN;8680001142286;KONAK ECZANESİ;ORDU MERKEZ -3;ACİDPASS;Acidpass 10/800/165 mg 12 Çiğneme Tablet;4;0;4;449;
24.08.2026;SELÇUK ECZA DEPOSU;SELÇUK ERZURUM;8680001300396;SÜPHAN ECZANESİ;ERZURUM MERKEZ -3;ACİDPASS;Acidpass 10/800/165 mg 12 Çiğneme Tablet;2;0;2;224;
24.08.2026;SELÇUK ECZA DEPOSU;SELÇUK ERZURUM;8680001746064;RABİA ECZANESİ;AGRI MERKEZ;ACİDPASS;Acidpass 10/800/165 mg 12 Çiğneme Tablet;5;0;5;561;
24.08.2026;SELÇUK ECZA DEPOSU;SELÇUK ERZURUM;8680001235476;ERHAN ECZANESİ;ERZINCAN MERKEZ;ACİDPASS;Acidpass 10/800/165 mg 12 Çiğneme Tablet;10;1;11;1.235;
24.08.2026;SELÇUK ECZA DEPOSU;SELÇUK TRABZON;8680001527892;FEYZA ECZANESİ;TRABZON DOGU ILCELER - 2;ACİDPASS;Acidpass 10/800/165 mg 12 Çiğneme Tablet;3;0;3;337;
24.08.2026;SELÇUK ECZA DEPOSU;SELÇUK TRABZON;8680001503735;KÜBRA ECZANESİ;RIZE MERKEZ;ACİDPASS;Acidpass 10/800/165 mg 12 Çiğneme Tablet;10;1;11;1.235;
24.08.2026;SELÇUK ECZA DEPOSU;SELÇUK SAMSUN;8680001381524;CAN ECZANESİ;ORDU BATI ILCELER;ACİDPASS;Acidpass 10/800/165 mg 12 Çiğneme Tablet;10;1;11;1.235;
24.08.2026;İSTANBUL ECZA KOOP;İSKOOP MERKEZ;8680001110667;ÜMİT ECZANESİ;SAMSUN ADALET;ACİDPASS;Acidpass 10/800/165 mg 12 Çiğneme Tablet;2;0;2;224;
24.08.2026;İSTANBUL ECZA KOOP;İSKOOP MERKEZ;8680001859825;NURSEN ECZANESİ;AMASYA MERKEZ -2;ACİDPASS;Acidpass 10/800/165 mg 12 Çiğneme Tablet;1;0;1;112;
24.08.2026;SELÇUK ECZA DEPOSU;SELÇUK SAMSUN;8680001642052;ESENTEPE ECZANESİ;SAMSUN VEZIRKOPRU;ACİDPASS;Acidpass 10/800/165 mg 6 Çiğneme Tablet;3;0;3;207;
24.08.2026;SELÇUK ECZA DEPOSU;SELÇUK ESKİŞEHİR;8680001421930;ÖZCAN ECZANESİ;TRABZON AKCAABAT;ACİDPASS;Acidpass 10/800/165 mg 6 Çiğneme Tablet;2;0;2;138;
24.08.2026;SELÇUK ECZA DEPOSU;SELÇUK SAMSUN;8680001120871;YAŞAM ECZANESİ;SINOP DOGU-BATI ILCELER;ACİDPASS;Acidpass 10/800/165 mg 6 Çiğneme Tablet;1;0;1;69;
24.08.2026;SELÇUK ECZA DEPOSU;SELÇUK SAMSUN;8680001479344;YEŞİLYURT ECZANESİ;TOKAT BATI ILCELER;ACİDPASS;Acidpass 10/800/165 mg 6 Çiğneme Tablet;1;0;1;69;
24.08.2026;SELÇUK ECZA DEPOSU;SELÇUK SAMSUN;8680001131259;USLU ECZANESİ;SAMSUN ILKADIM - 2;ACİDPASS;Acidpass 10/800/165 mg 6 Çiğneme Tablet;1;0;1;69;
24.08.2026;SELÇUK ECZA DEPOSU;SELÇUK TRABZON;8680001468584;UMUT ECZANESİ;TRABZON AKCAABAT;FAMTREC;Famtrec 800/26,6mg 14 Film Kaplı Tablet;5;1;6;613;
24.08.2026;SELÇUK ECZA DEPOSU;SELÇUK TRABZON;8680001102099;VERESELİ CAN ECZANESİ;RIZE MERKEZ;FAMTREC;Famtrec 800/26,6mg 14 Film Kaplı Tablet;1;0;1;102;
24.08.2026;SELÇUK ECZA DEPOSU;SELÇUK SAMSUN;8680001277360;SEÇKİN ECZANESİ;ORDU FATSA;FAMTREC;Famtrec 800/26,6mg 14 Film Kaplı Tablet;1;0;1;102;
24.08.2026;SELÇUK ECZA DEPOSU;SELÇUK TRABZON;8680001453931;LOKMAN HEKİM ECZANESİ;RIZE MERKEZ;FAMTREC;Famtrec 800/26,6mg 14 Film Kaplı Tablet;1;0;1;102;
24.08.2026;SELÇUK ECZA DEPOSU;SELÇUK SAMSUN;8680001419876;NUR ECZANESİ;ORDU MERKEZ -3;FAMTREC;Famtrec 800/26,6mg 14 Film Kaplı Tablet;2;0;2;204;
24.08.2026;SELÇUK ECZA DEPOSU;SELÇUK SAMSUN;8680001733811;SAĞLAM ECZANESİ;TOKAT DOGU ILCELER;FAMTREC;Famtrec 800/26,6mg 14 Film Kaplı Tablet;2;0;2;204;
24.08.2026;SELÇUK ECZA DEPOSU;SELÇUK SAMSUN;8680001109180;ÇINAR ECZANESİ;SAMSUN VEZIRKOPRU;FAMTREC;Famtrec 800/26,6mg 14 Film Kaplı Tablet;5;1;6;613;
24.08.2026;SELÇUK ECZA DEPOSU;SELÇUK ERZURUM;8680001739394;SARE ECZANESİ;ERZURUM MERKEZ -2;FAMTREC;Famtrec 800/26,6mg 14 Film Kaplı Tablet;1;0;1;102;
24.08.2026;SELÇUK ECZA DEPOSU;SELÇUK ERZURUM;8680001698394;GÖZDE ECZANESİ;ERZURUM MERKEZ -1;GRİPORT COLD;Griport Cold 20 Film Kaplı Tablet;1;0;1;84;
24.08.2026;SELÇUK ECZA DEPOSU;SELÇUK TRABZON;8680001684670;BAL ECZANESİ;TRABZON MERKEZ -4;GRİPORT COLD;Griport Cold 20 Film Kaplı Tablet;-5;-1;-6;-505;
24.08.2026;SELÇUK ECZA DEPOSU;SELÇUK TRABZON;8680001463848;TILSIM ECZANESİ;TRABZON AKCAABAT;GRİPORT COLD;Griport Cold 20 Film Kaplı Tablet;2;0;2;168;
24.08.2026;SELÇUK ECZA DEPOSU;SELÇUK TRABZON;8680001264520;MURATOĞLU ECZANESİ;TRABZON DUZKOY+MACKA;GRİPORT COLD;Griport Cold 20 Film Kaplı Tablet;2;0;2;168;
24.08.2026;SELÇUK ECZA DEPOSU;SELÇUK SAMSUN;8680001601691;ELİF ECZANESİ;SIVAS MERKEZ -4;GRİPORT COLD;Griport Cold 20 Film Kaplı Tablet;2;0;2;168;
24.08.2026;SELÇUK ECZA DEPOSU;SELÇUK SAMSUN;8680001158515;HAYAT ECZANESİ;ORDU GUNEY ILCELER -1;GRİPORT COLD;Griport Cold 20 Film Kaplı Tablet;5;1;6;505;
24.08.2026;İSTANBUL ECZA KOOP;İSKOOP MERKEZ;8680001120758;SIHHAT ECZANESİ;SINOP DOGU-BATI ILCELER;GRİPORT COLD;Griport Cold 20 Film Kaplı Tablet;5;1;6;505;
24.08.2026;SELÇUK ECZA DEPOSU;SELÇUK SAMSUN;8680001110810;FULYA ECZANESİ;SAMSUN ILKADIM - 2;GRİPORT COLD;Griport Cold 20 Film Kaplı Tablet;5;1;6;505;
24.08.2026;SELÇUK ECZA DEPOSU;SELÇUK SAMSUN;8680001108961;DOĞA ECZANESİ;SAMSUN ILKADIM - 2;GRİPORT COLD;Griport Cold 20 Film Kaplı Tablet;5;1;6;505;
24.08.2026;SELÇUK ECZA DEPOSU;SELÇUK TRABZON;8680001454020;DEVA ECZANESİ;GIRESUN BULANCAK+PIRAZIZ;GRİPORT COLD;Griport Cold 20 Film Kaplı Tablet;2;0;2;168;
24.08.2026;SELÇUK ECZA DEPOSU;SELÇUK TRABZON;8680001853953;MÜKAFAT ECZANESİ;TRABZON AKCAABAT;GRİPORT COLD;Griport Cold 20 Film Kaplı Tablet;10;3;13;1.094;
24.08.2026;SELÇUK ECZA DEPOSU;SELÇUK SAMSUN;8680001625666;EBRU ECZANESİ;SIVAS MERKEZ -4;MOKSEFEN;Moksefen 400 mg 7 Film Tablet;5;1;6;894;
24.08.2026;SELÇUK ECZA DEPOSU;SELÇUK SAMSUN;8680001727520;PELİTKÖY İPEK ECZANESİ;SAMSUN ATAKENT+19 MAYIS;MOKSEFEN;Moksefen 400 mg 7 Film Tablet;1;0;1;149;
24.08.2026;SELÇUK ECZA DEPOSU;SELÇUK SAMSUN;8680001117352;GÜLDEŞ ECZANESİ;SIVAS MERKEZ -2;MOKSEFEN;Moksefen 400 mg 7 Film Tablet;10;3;13;1.937;
24.08.2026;İSTANBUL ECZA KOOP;İSKOOP MERKEZ;8680001116256;FATİH ECZANESİ;AMASYA MERKEZ -2;MOKSEFEN;Moksefen 400 mg 7 Film Tablet;10;3;13;1.937;
24.08.2026;SELÇUK ECZA DEPOSU;SELÇUK SAMSUN;8680001500697;YAREN ECZANESİ;CORUM MERKEZ -2;MOKSEFEN;Moksefen 400 mg 7 Film Tablet;5;1;6;894;
24.08.2026;SELÇUK ECZA DEPOSU;SELÇUK SAMSUN;8680001697663;İSTİKAMET EYLÜL ECZANESİ;SAMSUN HURRIYET+ZAFER;MOKSEFEN;Moksefen 400 mg 7 Film Tablet;2;0;2;298;
24.08.2026;SELÇUK ECZA DEPOSU;SELÇUK SAMSUN;8680001447275;MUTLU ECZANESİ;SAMSUN ILKADIM - 2;MOKSEFEN;Moksefen 400 mg 7 Film Tablet;1;0;1;149;
24.08.2026;İSTANBUL ECZA KOOP;İSKOOP MERKEZ;8680001918256;KORKMAZ ECZANESİ;AMASYA GOYNUCEK+TASOVA;MOKSEFEN;Moksefen 400 mg 7 Film Tablet;-5;0;-5;-745;
24.08.2026;SELÇUK ECZA DEPOSU;SELÇUK SAMSUN;8680001157983;BÜYÜK ECZANESİ;CORUM MERKEZ -2;MOKSEFEN;Moksefen 400 mg 7 Film Tablet;5;1;6;894;
24.08.2026;SELÇUK ECZA DEPOSU;SELÇUK TRABZON;8680001264346;HAYIRLIOĞLU ECZANESİ;TRABZON MERKEZ -3;MOKSEFEN;Moksefen 400 mg 7 Film Tablet;1;0;1;149;
24.08.2026;SELÇUK ECZA DEPOSU;SELÇUK ERZURUM;8680001800322;SAĞLIK ECZANESİ;AGRI DIYADIN+D.BEYAZIT;MOKSEFEN;Moksefen 400 mg 7 Film Tablet;5;1;6;894;
24.08.2026;ALLIANCE HEALTHCARE;AH ORDU;8680001171729;KURTOĞLU ECZANESİ;GIRESUN MERKEZ -2;PANOCER;Panocer 40 mg 14 Enterik Kaplı Tablet;10;3;13;1.052;
24.08.2026;SELÇUK ECZA DEPOSU;SELÇUK ERZURUM;8680001520084;DURU ECZANESİ;AGRI MERKEZ;PANOCER;Panocer 40 mg 14 Enterik Kaplı Tablet;10;3;13;1.052;
24.08.2026;SELÇUK ECZA DEPOSU;SELÇUK SAMSUN;8680001165575;ŞİMŞEK ECZANESİ;TOKAT MERKEZ -1;PANOCER;Panocer 40 mg 14 Enterik Kaplı Tablet;2;0;2;162;
24.08.2026;SELÇUK ECZA DEPOSU;SELÇUK ERZURUM;8680001117567;DUMAN ECZANESİ;AGRI MERKEZ;PANOCER;Panocer 40 mg 28 Enterik Kaplı Tablet;10;3;13;1.369;
24.08.2026;SELÇUK ECZA DEPOSU;SELÇUK TRABZON;8680001466641;DERECİK MERKEZ ECZANESİ;TRABZON AKCAABAT;PANOCER;Panocer 40 mg 28 Enterik Kaplı Tablet;1;0;1;105;
24.08.2026;SELÇUK ECZA DEPOSU;SELÇUK SAMSUN;8680001521111;YENİ ECZANESİ;SAMSUN VEZIRKOPRU;PANOCER;Panocer 40 mg 28 Enterik Kaplı Tablet;10;3;13;1.369;
24.08.2026;SELÇUK ECZA DEPOSU;SELÇUK SAMSUN;8680001881093;ÇAĞLA ECZANESİ;SAMSUN VEZIRKOPRU;PANOCER;Panocer 40 mg 28 Enterik Kaplı Tablet;10;3;13;1.369;
24.08.2026;SELÇUK ECZA DEPOSU;SELÇUK SAMSUN;8680001154029;TUĞBA ECZANESİ;SIVAS MERKEZ -4;PANOCER;Panocer 40 mg 28 Enterik Kaplı Tablet;10;3;13;1.369;
24.08.2026;ALLIANCE HEALTHCARE;AH KAYSERİ;8680001472284;ÖZKAYNAK ECZANESİ;SIVAS MERKEZ -4;PANOCER;Panocer 40 mg 28 Enterik Kaplı Tablet;10;3;13;1.369;
24.08.2026;SELÇUK ECZA DEPOSU;SELÇUK SAMSUN;8680001475421;GENÇKURT ECZANESİ;CORUM GUNEYDOGU ILCELER;PANOCER;Panocer 40 mg 28 Enterik Kaplı Tablet;30;12;42;4.423;
24.08.2026;ALLIANCE HEALTHCARE;AH ORDU;8680001901760;TUĞÇEM ECZANESİ;ORDU FATSA;PANOCER;Panocer 40 mg 28 Enterik Kaplı Tablet;10;3;13;1.369;
24.08.2026;İSTANBUL ECZA KOOP;İSKOOP MERKEZ;8680001450695;ALPAT ECZANESİ;TOKAT TURHAL;PANOCER;Panocer 40 mg 28 Enterik Kaplı Tablet;5;0;5;527;
24.08.2026;ALLIANCE HEALTHCARE;AH ERZURUM;8680001848560;CAN ECZANESİ;AGRI DIYADIN+D.BEYAZIT;PANOCER;Panocer 40 mg 28 Enterik Kaplı Tablet;10;3;13;1.369;
24.08.2026;ALLIANCE HEALTHCARE;AH ERZURUM;8680001114306;MIZRAK ECZANESİ;AGRI MERKEZ;PANOCER;Panocer 40 mg 28 Enterik Kaplı Tablet;30;12;42;4.423;
24.08.2026;ALLIANCE HEALTHCARE;AH ORDU;8680001478897;EZGI ECZANESİ;ORDU MERKEZ -3;PANOCER;Panocer 40 mg 28 Enterik Kaplı Tablet;30;12;42;4.423;
24.08.2026;ALLIANCE HEALTHCARE;AH TRABZON;8680001232833;ÇÖMLEKÇİ ECZANESİ;TRABZON MERKEZ -4;PANOCER;Panocer 40 mg 28 Enterik Kaplı Tablet;10;3;13;1.369;
24.08.2026;ALLIANCE HEALTHCARE;AH SAMSUN;8680001108220;SAADET ECZANESİ;SAMSUN BAHCELIEVLER;PANOCER;Panocer 40 mg 28 Enterik Kaplı Tablet;10;3;13;1.369;
24.08.2026;ALLIANCE HEALTHCARE;AH SAMSUN;8680001505517;YAŞARDOĞU ECZANESİ;SAMSUN HAVZA+KAVAK+LADIK;PANOCER;Panocer 40 mg 28 Enterik Kaplı Tablet;10;3;13;1.369;
24.08.2026;ALLIANCE HEALTHCARE;AH SAMSUN;8680001198702;KOCATÜRK ECZANESİ;TOKAT BATI ILCELER;PANOCER;Panocer 40 mg 28 Enterik Kaplı Tablet;30;12;42;4.423;
24.08.2026;ALLIANCE HEALTHCARE;AH SAMSUN;8680001144679;HAYAT ECZANESİ;AMASYA ILCELER;PANOCER;Panocer 40 mg 28 Enterik Kaplı Tablet;30;12;42;4.423;
24.08.2026;ALLIANCE HEALTHCARE;AH SAMSUN;8680001104284;ATABAY ECZANESİ;SAMSUN ATAKUM;PANOCER;Panocer 40 mg 28 Enterik Kaplı Tablet;3;0;3;316;
24.08.2026;ALLIANCE HEALTHCARE;AH SAMSUN;8680001114801;FAZİLET ECZANESİ;SAMSUN DOGU ILCELER;PANOCER;Panocer 40 mg 28 Enterik Kaplı Tablet;2;0;2;211;
24.08.2026;ALLIANCE HEALTHCARE;AH SAMSUN;8680001796397;İREM ECZANESİ;SAMSUN DOGU ILCELER - 2;PANOCER;Panocer 40 mg 28 Enterik Kaplı Tablet;10;3;13;1.369;
24.08.2026;SELÇUK ECZA DEPOSU;SELÇUK ERZURUM;8680001698394;GÖZDE ECZANESİ;ERZURUM MERKEZ -1;PANOCER;Panocer 40 mg 28 Enterik Kaplı Tablet;5;0;5;527;
24.08.2026;SELÇUK ECZA DEPOSU;SELÇUK ERZURUM;8680001877607;SARI ECZANESİ;AGRI ILCELER;PANOCER;Panocer 40 mg 28 Enterik Kaplı Tablet;30;12;42;4.423;
24.08.2026;SELÇUK ECZA DEPOSU;SELÇUK TRABZON;8680001746033;DOĞA ECZANESİ;TRABZON DOGU ILCELER -1;PANOCER;Panocer 40 mg 28 Enterik Kaplı Tablet;2;0;2;211;
24.08.2026;SELÇUK ECZA DEPOSU;SELÇUK TRABZON;8680001225859;GÜVEN ECZANESİ;GUMUSHANE;PANOCER;Panocer 40 mg 28 Enterik Kaplı Tablet;10;3;13;1.369;
24.08.2026;SELÇUK ECZA DEPOSU;SELÇUK SAMSUN;8680001645213;ÖMÜR ECZANESİ;SIVAS MERKEZ -1;PANOCER;Panocer 40 mg 28 Enterik Kaplı Tablet;10;3;13;1.369;
24.08.2026;İSTANBUL ECZA KOOP;İSKOOP MERKEZ;8680001157846;BÜLBÜLOĞLU ECZANESİ;CORUM MERKEZ -2;PANOCER;Panocer 40 mg 28 Enterik Kaplı Tablet;10;3;13;1.369;
24.08.2026;İSTANBUL ECZA KOOP;İSKOOP MERKEZ;8680001860258;DENİZ ECZANESİ;SAMSUN ATAKENT+19 MAYIS;PANOCER;Panocer 40 mg 28 Enterik Kaplı Tablet;10;3;13;1.369;
24.08.2026;SELÇUK ECZA DEPOSU;SELÇUK SAMSUN;8680001908301;GOKCELİ ECZANESİ;SAMSUN DOGU ILCELER - 2;PANOCER;Panocer 40 mg 28 Enterik Kaplı Tablet;1;0;1;105;
24.08.2026;SELÇUK ECZA DEPOSU;SELÇUK SAMSUN;8680001738359;SILA ECZANESİ;ORDU MERKEZ -3;PANOCER;Panocer 40 mg 28 Enterik Kaplı Tablet;10;3;13;1.369;
24.08.2026;SELÇUK ECZA DEPOSU;SELÇUK TRABZON;8680001480739;LOTUS ECZANESİ;TRABZON DOGU ILCELER - 2;PANOCER;Panocer 40 mg 28 Enterik Kaplı Tablet;10;3;13;1.369;
24.08.2026;SELÇUK ECZA DEPOSU;SELÇUK SAMSUN;8680001646210;NİHAL ECZANESİ;SINOP MERKEZ;PANOCER;Panocer 40 mg 28 Enterik Kaplı Tablet;30;12;42;4.423;
24.08.2026;SELÇUK ECZA DEPOSU;SELÇUK SAMSUN;8680001153442;DERYA ECZANESİ;CORUM KUZEY ILCELER;PANOCER;Panocer 40 mg 28 Enterik Kaplı Tablet;10;3;13;1.369;
24.08.2026;SELÇUK ECZA DEPOSU;SELÇUK SAMSUN;8680001479344;YEŞİLYURT ECZANESİ;TOKAT BATI ILCELER;PANOCER;Panocer 40 mg 28 Enterik Kaplı Tablet;10;3;13;1.369;
24.08.2026;SELÇUK ECZA DEPOSU;SELÇUK SAMSUN;8680001190881;ARTOVA ECZANESİ;TOKAT BATI ILCELER;PANOCER;Panocer 40 mg 28 Enterik Kaplı Tablet;10;3;13;1.369;
24.08.2026;SELÇUK ECZA DEPOSU;SELÇUK SAMSUN;8680001123872;SELMA ECZANESİ;SIVAS MERKEZ -2;PANOCER;Panocer 40 mg 28 Enterik Kaplı Tablet;30;12;42;4.423;
25.08.2026;SELÇUK ECZA DEPOSU;SELÇUK SAMSUN;8680001449682;ZÜMRÜT ECZANESİ;SAMSUN ILKADIM - 2;ACİDPASS;Acidpass 10/800/165 mg 12 Çiğneme Tablet;1;0;1;112;
25.08.2026;SELÇUK ECZA DEPOSU;SELÇUK SAMSUN;8680001101337;BAŞALAN ECZANESİ;SAMSUN CANIK;ACİDPASS;Acidpass 10/800/165 mg 12 Çiğneme Tablet;10;1;11;1.235;
25.08.2026;SELÇUK ECZA DEPOSU;SELÇUK SAMSUN;8680001277254;ÖLÇEK ECZANESİ;ORDU FATSA;ACİDPASS;Acidpass 10/800/165 mg 12 Çiğneme Tablet;2;0;2;224;
25.08.2026;SELÇUK ECZA DEPOSU;SELÇUK SAMSUN;8680001123148;MERVE ECZANESİ;SINOP DOGU-BATI ILCELER;ACİDPASS;Acidpass 10/800/165 mg 12 Çiğneme Tablet;5;0;5;561;
25.08.2026;SELÇUK ECZA DEPOSU;SELÇUK SAMSUN;8680001141371;PELİN ECZANESİ;SAMSUN HURRIYET+ZAFER;ACİDPASS;Acidpass 10/800/165 mg 12 Çiğneme Tablet;2;0;2;224;
25.08.2026;SELÇUK ECZA DEPOSU;SELÇUK SAMSUN;8680001568949;VİTAMİN ECZANESİ;ORDU UNYE;ACİDPASS;Acidpass 10/800/165 mg 12 Çiğneme Tablet;50;15;65;7.295;
25.08.2026;SELÇUK ECZA DEPOSU;SELÇUK SAMSUN;8680001469574;TAN ECZANESİ;ORDU UNYE;ACİDPASS;Acidpass 10/800/165 mg 12 Çiğneme Tablet;10;1;11;1.235;
25.08.2026;SELÇUK ECZA DEPOSU;SELÇUK TRABZON;8680001182701;HİSAR ECZANESİ;GIRESUN GUNEY ILCELER;ACİDPASS;Acidpass 10/800/165 mg 12 Çiğneme Tablet;5;0;5;561;
25.08.2026;SELÇUK ECZA DEPOSU;SELÇUK TRABZON;8680001756018;ZEYTÜL ECZANESİ;ARTVIN KUZEY ILCELER;ACİDPASS;Acidpass 10/800/165 mg 12 Çiğneme Tablet;10;1;11;1.235;
25.08.2026;SELÇUK ECZA DEPOSU;SELÇUK TRABZON;8680001276028;AYLA ECZANESİ;TRABZON MERKEZ -1;ACİDPASS;Acidpass 10/800/165 mg 12 Çiğneme Tablet;20;3;23;2.581;
25.08.2026;SELÇUK ECZA DEPOSU;SELÇUK TRABZON;8680001213023;AYŞEGÜL ECZANESİ;GIRESUN DOGU ILCELER -1;ACİDPASS;Acidpass 10/800/165 mg 12 Çiğneme Tablet;2;0;2;224;
25.08.2026;SELÇUK ECZA DEPOSU;SELÇUK TRABZON;8680001918928;ÖNAL ECZANESİ;TRABZON DOGU ILCELER -1;ACİDPASS;Acidpass 10/800/165 mg 12 Çiğneme Tablet;5;0;5;561;
25.08.2026;SELÇUK ECZA DEPOSU;SELÇUK SAMSUN;8680001531301;PEKŞEN ECZANESİ;SAMSUN ATAKENT+19 MAYIS;ACİDPASS;Acidpass 10/800/165 mg 12 Çiğneme Tablet;10;1;11;1.235;
25.08.2026;SELÇUK ECZA DEPOSU;SELÇUK SAMSUN;8680001154609;HAYAT ECZANESİ;CORUM GUNEYDOGU ILCELER;ACİDPASS;Acidpass 10/800/165 mg 12 Çiğneme Tablet;20;3;23;2.581;
25.08.2026;İSTANBUL ECZA KOOP;İSKOOP MERKEZ;8680001116676;KAMER ECZANESİ;SAMSUN BAHCELIEVLER;ACİDPASS;Acidpass 10/800/165 mg 12 Çiğneme Tablet;2;0;2;224;
25.08.2026;İSTANBUL ECZA KOOP;İSKOOP MERKEZ;8680001340880;ÇAĞLA ECZANESİ;SAMSUN ILKADIM - 2;ACİDPASS;Acidpass 10/800/165 mg 12 Çiğneme Tablet;1;0;1;112;
25.08.2026;İSTANBUL ECZA KOOP;İSKOOP MERKEZ;8680001129881;BÜYÜK ECZANESİ;SINOP GUNEY ILCELER;ACİDPASS;Acidpass 10/800/165 mg 12 Çiğneme Tablet;3;0;3;337;
25.08.2026;SELÇUK ECZA DEPOSU;SELÇUK SAMSUN;8680001115242;SERKAN ECZANESİ;SINOP MERKEZ;ACİDPASS;Acidpass 10/800/165 mg 12 Çiğneme Tablet;10;1;11;1.235;
25.08.2026;SELÇUK ECZA DEPOSU;SELÇUK SAMSUN;8680001557295;NEFES ECZANESİ;TOKAT MERKEZ -2;ACİDPASS;Acidpass 10/800/165 mg 12 Çiğneme Tablet;3;0;3;337;
25.08.2026;SELÇUK ECZA DEPOSU;SELÇUK TRABZON;8680001667314;ÖZMEN ECZANESİ;TRABZON MERKEZ -2;ACİDPASS;Acidpass 10/800/165 mg 12 Çiğneme Tablet;-11;-11;-22;-2.469;
25.08.2026;SELÇUK ECZA DEPOSU;SELÇUK TRABZON;8680001201532;ATACAN ECZANESİ;TRABZON DOGU ILCELER - 2;ACİDPASS;Acidpass 10/800/165 mg 12 Çiğneme Tablet;2;0;2;224;
25.08.2026;SELÇUK ECZA DEPOSU;SELÇUK TRABZON;8680001625697;KANUNİ ECZANESİ;TRABZON DOGU ILCELER - 2;ACİDPASS;Acidpass 10/800/165 mg 12 Çiğneme Tablet;2;0;2;224;
25.08.2026;SELÇUK ECZA DEPOSU;SELÇUK TRABZON;8680001264346;HAYIRLIOĞLU ECZANESİ;TRABZON MERKEZ -3;ACİDPASS;Acidpass 10/800/165 mg 12 Çiğneme Tablet;2;0;2;224;
25.08.2026;SELÇUK ECZA DEPOSU;SELÇUK TRABZON;8680001695317;FURKAN BUCAN ECZANESİ;RIZE DOGU ILCELER;ACİDPASS;Acidpass 10/800/165 mg 12 Çiğneme Tablet;20;3;23;2.581;
25.08.2026;SELÇUK ECZA DEPOSU;SELÇUK TRABZON;8680001251797;CENGİZHAN ECZANESİ;TRABZON BATI ILCELER - 2;ACİDPASS;Acidpass 10/800/165 mg 12 Çiğneme Tablet;1;0;1;112;
25.08.2026;SELÇUK ECZA DEPOSU;SELÇUK ERZURUM;8680001735341;DENİZ ECZANESİ;ERZURUM MERKEZ -1;ACİDPASS;Acidpass 10/800/165 mg 12 Çiğneme Tablet;-4;0;-4;-449;
25.08.2026;SELÇUK ECZA DEPOSU;SELÇUK ERZURUM;8680001489954;ÇAYKARA ECZANESİ;ERZURUM MERKEZ -1;ACİDPASS;Acidpass 10/800/165 mg 12 Çiğneme Tablet;3;0;3;337;
25.08.2026;SELÇUK ECZA DEPOSU;SELÇUK ERZURUM;8680001717484;EBRULİ ECZANESİ;ERZURUM MERKEZ -2;ACİDPASS;Acidpass 10/800/165 mg 12 Çiğneme Tablet;3;0;3;337;
25.08.2026;SELÇUK ECZA DEPOSU;SELÇUK ERZURUM;8680001175369;ARAS ECZANESİ;KARS ILCELER;ACİDPASS;Acidpass 10/800/165 mg 12 Çiğneme Tablet;2;0;2;224;
25.08.2026;İSTANBUL ECZA KOOP;İSKOOP MERKEZ;8680001881567;MEVLANA ECZANESİ;SAMSUN BAFRA;ACİDPASS;Acidpass 10/800/165 mg 12 Çiğneme Tablet;10;1;11;1.235;
25.08.2026;SELÇUK ECZA DEPOSU;SELÇUK SAMSUN;8680001531301;PEKŞEN ECZANESİ;SAMSUN ATAKENT+19 MAYIS;ACİDPASS;Acidpass 10/800/165 mg 12 Çiğneme Tablet;1;0;1;112;
25.08.2026;İSTANBUL ECZA KOOP;İSKOOP MERKEZ;8680001859825;NURSEN ECZANESİ;AMASYA MERKEZ -2;ACİDPASS;Acidpass 10/800/165 mg 12 Çiğneme Tablet;2;0;2;224;
25.08.2026;İSTANBUL ECZA KOOP;İSKOOP MERKEZ;8680001859825;NURSEN ECZANESİ;AMASYA MERKEZ -2;ACİDPASS;Acidpass 10/800/165 mg 12 Çiğneme Tablet;3;0;3;337;
25.08.2026;İSTANBUL ECZA KOOP;İSKOOP MERKEZ;8680001113118;KOLAY ECZANESİ;SAMSUN BAFRA;ACİDPASS;Acidpass 10/800/165 mg 12 Çiğneme Tablet;20;3;23;2.581;
25.08.2026;SELÇUK ECZA DEPOSU;SELÇUK SAMSUN;8680001538843;BARTU ECZANESİ;SAMSUN ATAKUM;ACİDPASS;Acidpass 10/800/165 mg 12 Çiğneme Tablet;5;0;5;561;
25.08.2026;SELÇUK ECZA DEPOSU;SELÇUK SAMSUN;8680001171286;MUTLU ECZANESİ;AMASYA ILCELER;ACİDPASS;Acidpass 10/800/165 mg 12 Çiğneme Tablet;10;1;11;1.235;
25.08.2026;SELÇUK ECZA DEPOSU;SELÇUK SAMSUN;8680001137411;ÇINAR ECZANESİ;SAMSUN ADALET;ACİDPASS;Acidpass 10/800/165 mg 12 Çiğneme Tablet;2;0;2;224;
25.08.2026;SELÇUK ECZA DEPOSU;SELÇUK SAMSUN;8680001727520;PELİTKÖY İPEK ECZANESİ;SAMSUN ATAKENT+19 MAYIS;ACİDPASS;Acidpass 10/800/165 mg 12 Çiğneme Tablet;5;0;5;561;
25.08.2026;SELÇUK ECZA DEPOSU;SELÇUK TRABZON;8680001718979;ÖZYİĞİT ECZANESİ;TRABZON K.BASI+SURMENE;ACİDPASS;Acidpass 10/800/165 mg 12 Çiğneme Tablet;1;0;1;112;
25.08.2026;SELÇUK ECZA DEPOSU;SELÇUK ERZURUM;8680001105038;ERDOĞAN ECZANESİ;ERZURUM MERKEZ -3;ACİDPASS;Acidpass 10/800/165 mg 6 Çiğneme Tablet;3;0;3;207;
25.08.2026;SELÇUK ECZA DEPOSU;SELÇUK TRABZON;8680001130177;DEVA ECZANESİ;RIZE MERKEZ;ACİDPASS;Acidpass 10/800/165 mg 6 Çiğneme Tablet;3;0;3;207;
25.08.2026;SELÇUK ECZA DEPOSU;SELÇUK SAMSUN;8680001154609;HAYAT ECZANESİ;CORUM GUNEYDOGU ILCELER;ACİDPASS;Acidpass 10/800/165 mg 6 Çiğneme Tablet;1;0;1;69;
25.08.2026;SELÇUK ECZA DEPOSU;SELÇUK TRABZON;8680001718979;ÖZYİĞİT ECZANESİ;TRABZON K.BASI+SURMENE;ACİDPASS;Acidpass 10/800/165 mg 6 Çiğneme Tablet;1;0;1;69;
25.08.2026;SELÇUK ECZA DEPOSU;SELÇUK SAMSUN;8680001651849;ERTUĞRUL ECZANESİ;SIVAS MERKEZ -4;ACİDPASS;Acidpass 10/800/165 mg 6 Çiğneme Tablet;10;1;11;758;
25.08.2026;SELÇUK ECZA DEPOSU;SELÇUK SAMSUN;8680001530649;MİMAR SİNAN ECZANESİ;SAMSUN ATAKUM;FAMTREC;Famtrec 800/26,6mg 14 Film Kaplı Tablet;10;2;12;1.226;
25.08.2026;SELÇUK ECZA DEPOSU;SELÇUK TRABZON;8680001445417;VİLDAN ECZANESİ;TRABZON AKCAABAT;FAMTREC;Famtrec 800/26,6mg 14 Film Kaplı Tablet;1;0;1;102;
25.08.2026;SELÇUK ECZA DEPOSU;SELÇUK SAMSUN;8680001141326;ŞİFA ECZANESİ;AMASYA ILCELER;FAMTREC;Famtrec 800/26,6mg 14 Film Kaplı Tablet;2;0;2;204;
25.08.2026;SELÇUK ECZA DEPOSU;SELÇUK TRABZON;8680001453931;LOKMAN HEKİM ECZANESİ;RIZE MERKEZ;FAMTREC;Famtrec 800/26,6mg 14 Film Kaplı Tablet;2;0;2;204;
25.08.2026;SELÇUK ECZA DEPOSU;SELÇUK SAMSUN;8680001381524;CAN ECZANESİ;ORDU BATI ILCELER;FAMTREC;Famtrec 800/26,6mg 14 Film Kaplı Tablet;1;0;1;102;
25.08.2026;SELÇUK ECZA DEPOSU;SELÇUK SAMSUN;8680001518586;ELİF ECZANESİ;ORDU BATI ILCELER;FAMTREC;Famtrec 800/26,6mg 14 Film Kaplı Tablet;1;0;1;102;
25.08.2026;SELÇUK ECZA DEPOSU;SELÇUK SAMSUN;8680001277759;TOPALOĞLU ECZANESİ;ORDU FATSA;FAMTREC;Famtrec 800/26,6mg 14 Film Kaplı Tablet;5;1;6;613;
25.08.2026;SELÇUK ECZA DEPOSU;SELÇUK ERZURUM;8680001625963;PINAR ECZANESİ;ERZURUM MERKEZ -2;FAMTREC;Famtrec 800/26,6mg 14 Film Kaplı Tablet;5;1;6;613;
25.08.2026;SELÇUK ECZA DEPOSU;SELÇUK TRABZON;8680001735549;GÜNEŞ ECZANESİ;RIZE BATI ILCELER;FAMTREC;Famtrec 800/26,6mg 14 Film Kaplı Tablet;2;0;2;204;
25.08.2026;İSTANBUL ECZA KOOP;İSKOOP MERKEZ;8680001703616;YAŞAM ECZANESİ;SAMSUN VEZIRKOPRU;FAMTREC;Famtrec 800/26,6mg 14 Film Kaplı Tablet;1;0;1;102;
25.08.2026;İSTANBUL ECZA KOOP;İSKOOP MERKEZ;8680001156993;YENİ ECZANE;AMASYA ILCELER;GRİPORT COLD;Griport Cold 20 Film Kaplı Tablet;10;3;13;1.094;
25.08.2026;SELÇUK ECZA DEPOSU;SELÇUK ERZURUM;8680001489763;ÇAKIR SEVEN ECZANESİ;ERZINCAN MERKEZ;GRİPORT COLD;Griport Cold 20 Film Kaplı Tablet;1;0;1;84;
25.08.2026;SELÇUK ECZA DEPOSU;SELÇUK SAMSUN;8680001917051;LOKMAN DENIZ ECZANESI ATAKUM;SAMSUN ATAKENT+19 MAYIS;GRİPORT COLD;Griport Cold 20 Film Kaplı Tablet;5;1;6;505;
25.08.2026;İSTANBUL ECZA KOOP;İSKOOP MERKEZ;8680001746101;EMİRGAN ECZANESİ;SAMSUN BAFRA;GRİPORT COLD;Griport Cold 20 Film Kaplı Tablet;-5;0;-5;-421;
25.08.2026;İSTANBUL ECZA KOOP;İSKOOP MERKEZ;8680001112050;TÜRKER ECZANESİ;SAMSUN RASATHANE;GRİPORT COLD;Griport Cold 20 Film Kaplı Tablet;10;3;13;1.094;
25.08.2026;SELÇUK ECZA DEPOSU;SELÇUK TRABZON;8680001439249;DİLEK ECZANESİ;GIRESUN DOGU ILCELER -1;GRİPORT COLD;Griport Cold 20 Film Kaplı Tablet;1;0;1;84;
25.08.2026;SELÇUK ECZA DEPOSU;SELÇUK SAMSUN;8680001865581;YONCA ECZNESİ;SAMSUN ADALET;GRİPORT COLD;Griport Cold 20 Film Kaplı Tablet;-3;-1;-4;-337;
25.08.2026;SELÇUK ECZA DEPOSU;SELÇUK SAMSUN;8680001681464;YAKAKENT ECZANESİ;SAMSUN ALACAM+YAKAKENT;GRİPORT COLD;Griport Cold 20 Film Kaplı Tablet;5;1;6;505;
25.08.2026;SELÇUK ECZA DEPOSU;SELÇUK TRABZON;8680001664832;SARP ECZANESİ;ARTVIN KUZEY ILCELER;MOKSEFEN;Moksefen 400 mg 7 Film Tablet;2;0;2;298;
25.08.2026;SELÇUK ECZA DEPOSU;SELÇUK ERZURUM;8680001113989;ZEHRA ECZANESİ;ERZURUM GUNEY ILCELER;MOKSEFEN;Moksefen 400 mg 7 Film Tablet;5;1;6;894;
25.08.2026;İSTANBUL ECZA KOOP;İSKOOP MERKEZ;8680001739875;SEFA ECZANESİ;SAMSUN ATAKUM;MOKSEFEN;Moksefen 400 mg 7 Film Tablet;5;1;6;894;
25.08.2026;SELÇUK ECZA DEPOSU;SELÇUK SAMSUN;8680001469574;TAN ECZANESİ;ORDU UNYE;MOKSEFEN;Moksefen 400 mg 7 Film Tablet;5;1;6;894;
25.08.2026;SELÇUK ECZA DEPOSU;SELÇUK ERZURUM;8680001500628;TUĞÇE ECZANESİ;ERZINCAN MERKEZ;PANOCER;Panocer 40 mg 14 Enterik Kaplı Tablet;2;0;2;162;
25.08.2026;ALLIANCE HEALTHCARE;AH SAMSUN;8680001425808;BİLGE ECZANESİ;CORUM KARGI+OSMANCIK;PANOCER;Panocer 40 mg 14 Enterik Kaplı Tablet;2;0;2;162;
25.08.2026;ALLIANCE HEALTHCARE;AH SAMSUN;8680001664139;ŞURA ECZANESİ;SAMSUN RASATHANE;PANOCER;Panocer 40 mg 28 Enterik Kaplı Tablet;30;12;42;4.423;
25.08.2026;ALLIANCE HEALTHCARE;AH SAMSUN;8680001132393;GAMZE ECZANESİ;SAMSUN ALACAM+YAKAKENT;PANOCER;Panocer 40 mg 28 Enterik Kaplı Tablet;30;12;42;4.423;
25.08.2026;ALLIANCE HEALTHCARE;AH SAMSUN;8680001468553;KARTAL ECZANESİ;CORUM MERKEZ -3;PANOCER;Panocer 40 mg 28 Enterik Kaplı Tablet;10;3;13;1.369;
25.08.2026;ALLIANCE HEALTHCARE;AH SAMSUN;8680001641055;ERKAN ECZANESİ;SAMSUN CANIK;PANOCER;Panocer 40 mg 28 Enterik Kaplı Tablet;3;0;3;316;
25.08.2026;ALLIANCE HEALTHCARE;AH SAMSUN;8680001115860;STAD ECZANESİ;SAMSUN DOGU ILCELER - 2;PANOCER;Panocer 40 mg 28 Enterik Kaplı Tablet;30;12;42;4.423;
25.08.2026;ALLIANCE HEALTHCARE;AH TRABZON;8680001273881;GÜNIŞIĞI ECZANESİ;TRABZON DOGU ILCELER - 2;PANOCER;Panocer 40 mg 28 Enterik Kaplı Tablet;30;12;42;4.423;
25.08.2026;ALLIANCE HEALTHCARE;AH ORDU;8680001524136;DEMİR ECZANESİ;ORDU MERKEZ -1;PANOCER;Panocer 40 mg 28 Enterik Kaplı Tablet;10;3;13;1.369;
25.08.2026;İSTANBUL ECZA KOOP;İSKOOP MERKEZ;8680001181261;ÖZTÜRK ECZANESİ;TOKAT TURHAL;PANOCER;Panocer 40 mg 28 Enterik Kaplı Tablet;10;3;13;1.369;
25.08.2026;ALLIANCE HEALTHCARE;AH ORDU;8680001659210;KAYA ECZANESİ;GIRESUN GUNEY ILCELER;PANOCER;Panocer 40 mg 28 Enterik Kaplı Tablet;50;25;75;7.898;
25.08.2026;ALLIANCE HEALTHCARE;AH ORDU;8680001246724;YASEMİN ECZANESİ;ORDU UNYE;PANOCER;Panocer 40 mg 28 Enterik Kaplı Tablet;10;3;13;1.369;
25.08.2026;ALLIANCE HEALTHCARE;AH ORDU;8680001148103;MERKEZ ECZANESİ;ORDU MERKEZ -1;PANOCER;Panocer 40 mg 28 Enterik Kaplı Tablet;50;25;75;7.898;
25.08.2026;SELÇUK ECZA DEPOSU;SELÇUK SAMSUN;8680001188444;SAĞLIK ECZANESİ;ORDU UNYE;PANOCER;Panocer 40 mg 28 Enterik Kaplı Tablet;10;3;13;1.369;
25.08.2026;SELÇUK ECZA DEPOSU;SELÇUK SAMSUN;8680001428854;ÇAĞLA ECZANESİ;ORDU DOGU ILCELER;PANOCER;Panocer 40 mg 28 Enterik Kaplı Tablet;30;12;42;4.423;
25.08.2026;SELÇUK ECZA DEPOSU;SELÇUK TRABZON;8680001225859;GÜVEN ECZANESİ;GUMUSHANE;PANOCER;Panocer 40 mg 28 Enterik Kaplı Tablet;50;25;75;7.898;
25.08.2026;SELÇUK ECZA DEPOSU;SELÇUK SAMSUN;8680001649273;ELİF ECZANESİ;ORDU FATSA;PANOCER;Panocer 40 mg 28 Enterik Kaplı Tablet;10;3;13;1.369;
25.08.2026;SELÇUK ECZA DEPOSU;SELÇUK TRABZON;8680001187171;YÜCE ECZANESİ;GUMUSHANE;PANOCER;Panocer 40 mg 28 Enterik Kaplı Tablet;50;25;75;7.898;
25.08.2026;İSTANBUL ECZA KOOP;İSKOOP MERKEZ;8680001746101;EMİRGAN ECZANESİ;SAMSUN BAFRA;PANOCER;Panocer 40 mg 28 Enterik Kaplı Tablet;10;3;13;1.369;
25.08.2026;SELÇUK ECZA DEPOSU;SELÇUK SAMSUN;8680001187010;YALÇIN ECZANESİ;TOKAT DOGU ILCELER;PANOCER;Panocer 40 mg 28 Enterik Kaplı Tablet;10;3;13;1.369;
25.08.2026;SELÇUK ECZA DEPOSU;SELÇUK SAMSUN;8680001716036;TOKİLER ECZANESİ;SAMSUN RASATHANE;PANOCER;Panocer 40 mg 28 Enterik Kaplı Tablet;10;3;13;1.369;
25.08.2026;SELÇUK ECZA DEPOSU;SELÇUK SAMSUN;8680001120185;GÜNDÜZ ECZANESİ;SAMSUN RASATHANE;PANOCER;Panocer 40 mg 28 Enterik Kaplı Tablet;2;0;2;211;
25.08.2026;SELÇUK ECZA DEPOSU;SELÇUK SAMSUN;8680001169610;HIZIR ECZANESİ;TOKAT TURHAL;PANOCER;Panocer 40 mg 28 Enterik Kaplı Tablet;10;3;13;1.369;
25.08.2026;SELÇUK ECZA DEPOSU;SELÇUK SAMSUN;8680001792269;BORA ECZANESI;ORDU MERKEZ -1;PANOCER;Panocer 40 mg 28 Enterik Kaplı Tablet;2;0;2;211;
25.08.2026;SELÇUK ECZA DEPOSU;SELÇUK SAMSUN;8680001108107;SAĞLAM ECZANESİ;SAMSUN HURRIYET+ZAFER;PANOCER;Panocer 40 mg 28 Enterik Kaplı Tablet;1;0;1;105;
25.08.2026;SELÇUK ECZA DEPOSU;SELÇUK SAMSUN;8680001664016;NUMUNE ECZANESİ;TOKAT MERKEZ -2;PANOCER;Panocer 40 mg 28 Enterik Kaplı Tablet;10;3;13;1.369;
25.08.2026;SELÇUK ECZA DEPOSU;SELÇUK TRABZON;8680001200894;ŞAHİN ECZANESİ;TRABZON BATI ILCELER - 2;PANOCER;Panocer 40 mg 28 Enterik Kaplı Tablet;10;3;13;1.369;
25.08.2026;SELÇUK ECZA DEPOSU;SELÇUK TRABZON;8680001556236;BURÇİN ECZANESİ;TRABZON MERKEZ -4;PANOCER;Panocer 40 mg 28 Enterik Kaplı Tablet;10;3;13;1.369;
26.08.2026;SELÇUK ECZA DEPOSU;SELÇUK TRABZON;8680001736935;KEMERKAYA AKIN ECZANESİ;TRABZON MERKEZ -4;ACİDPASS;Acidpass 10/800/165 mg 12 Çiğneme Tablet;5;0;5;561;
26.08.2026;SELÇUK ECZA DEPOSU;SELÇUK TRABZON;8680001602841;MARAŞ ECZANESİ;TRABZON MERKEZ -4;ACİDPASS;Acidpass 10/800/165 mg 12 Çiğneme Tablet;3;0;3;337;
26.08.2026;SELÇUK ECZA DEPOSU;SELÇUK TRABZON;8680001274055;SOLAKLI ECZANESİ;TRABZON DOGU ILCELER -1;ACİDPASS;Acidpass 10/800/165 mg 12 Çiğneme Tablet;10;1;11;1.235;
26.08.2026;SELÇUK ECZA DEPOSU;SELÇUK SAMSUN;8680001170333;YİĞİT ECZANESİ;TOKAT MERKEZ -2;ACİDPASS;Acidpass 10/800/165 mg 12 Çiğneme Tablet;2;0;2;224;
26.08.2026;SELÇUK ECZA DEPOSU;SELÇUK SAMSUN;8680001129096;DERMAN ECZANESİ;SINOP GUNEY ILCELER;ACİDPASS;Acidpass 10/800/165 mg 12 Çiğneme Tablet;2;0;2;224;
26.08.2026;SELÇUK ECZA DEPOSU;SELÇUK SAMSUN;8680001421909;YAŞAM ECZANESİ;CORUM MERKEZ -2;ACİDPASS;Acidpass 10/800/165 mg 12 Çiğneme Tablet;20;3;23;2.581;
26.08.2026;SELÇUK ECZA DEPOSU;SELÇUK SAMSUN;8680001530649;MİMAR SİNAN ECZANESİ;SAMSUN ATAKUM;ACİDPASS;Acidpass 10/800/165 mg 12 Çiğneme Tablet;10;1;11;1.235;
26.08.2026;SELÇUK ECZA DEPOSU;SELÇUK SAMSUN;8680001147694;ECEM ECZANESİ;CORUM GUNEYBATI ILCELER;ACİDPASS;Acidpass 10/800/165 mg 12 Çiğneme Tablet;10;1;11;1.235;
26.08.2026;SELÇUK ECZA DEPOSU;SELÇUK SAMSUN;8680001120871;YAŞAM ECZANESİ;SINOP DOGU-BATI ILCELER;ACİDPASS;Acidpass 10/800/165 mg 12 Çiğneme Tablet;1;0;1;112;
26.08.2026;SELÇUK ECZA DEPOSU;SELÇUK SAMSUN;8680001369911;DEFNE ECZANESİ;ORDU MERKEZ -2;ACİDPASS;Acidpass 10/800/165 mg 12 Çiğneme Tablet;10;1;11;1.235;
26.08.2026;SELÇUK ECZA DEPOSU;SELÇUK SAMSUN;8680001417087;FİKRİ KARTAL ECZANESİ;CORUM KUZEY ILCELER;ACİDPASS;Acidpass 10/800/165 mg 12 Çiğneme Tablet;2;0;2;224;
26.08.2026;SELÇUK ECZA DEPOSU;SELÇUK SAMSUN;8680001187829;SAĞLIK ECZANESİ;ORDU DOGU ILCELER;ACİDPASS;Acidpass 10/800/165 mg 12 Çiğneme Tablet;3;0;3;337;
26.08.2026;SELÇUK ECZA DEPOSU;SELÇUK SAMSUN;8680001114375;GÜNGÖRMÜŞ ECZANESİ;SAMSUN ULUGAZI;ACİDPASS;Acidpass 10/800/165 mg 12 Çiğneme Tablet;1;0;1;112;
26.08.2026;İSTANBUL ECZA KOOP;İSKOOP MERKEZ;8680001715084;ALTINAY ECZANESİ;SAMSUN RASATHANE;ACİDPASS;Acidpass 10/800/165 mg 12 Çiğneme Tablet;1;0;1;112;
26.08.2026;İSTANBUL ECZA KOOP;İSKOOP MERKEZ;8680001130610;BULUT ECZANESİ;SAMSUN ATAKUM;ACİDPASS;Acidpass 10/800/165 mg 12 Çiğneme Tablet;150;60;210;23.569;
26.08.2026;SELÇUK ECZA DEPOSU;SELÇUK TRABZON;8680001497423;SAHİL ECZANESİ;RIZE MERKEZ;ACİDPASS;Acidpass 10/800/165 mg 12 Çiğneme Tablet;10;1;11;1.235;
26.08.2026;SELÇUK ECZA DEPOSU;SELÇUK ERZURUM;8680001171408;CAN ECZANESİ;KARS ILCELER;ACİDPASS;Acidpass 10/800/165 mg 12 Çiğneme Tablet;10;1;11;1.235;
26.08.2026;SELÇUK ECZA DEPOSU;SELÇUK TRABZON;8680001865277;ALEMDAR ECZANESİ;TRABZON MERKEZ -1;ACİDPASS;Acidpass 10/800/165 mg 12 Çiğneme Tablet;-10;-1;-11;-1.235;
26.08.2026;SELÇUK ECZA DEPOSU;SELÇUK ERZURUM;8680001899371;FIRAT ECZANESİ;ERZURUM GUNEY ILCELER;ACİDPASS;Acidpass 10/800/165 mg 12 Çiğneme Tablet;3;0;3;337;
26.08.2026;SELÇUK ECZA DEPOSU;SELÇUK TRABZON;8680001225071;PARK ECZANESİ;TRABZON MERKEZ -4;ACİDPASS;Acidpass 10/800/165 mg 12 Çiğneme Tablet;3;0;3;337;
26.08.2026;İSTANBUL ECZA KOOP;İSKOOP MERKEZ;8680001538843;BARTU ECZANESİ;SAMSUN ATAKUM;ACİDPASS;Acidpass 10/800/165 mg 12 Çiğneme Tablet;4;0;4;449;
26.08.2026;İSTANBUL ECZA KOOP;İSKOOP MERKEZ;8680001114351;CANİK ECZANESİ;SAMSUN CANIK;ACİDPASS;Acidpass 10/800/165 mg 12 Çiğneme Tablet;1;0;1;112;
26.08.2026;İSTANBUL ECZA KOOP;İSKOOP MERKEZ;8680001123346;GAZİLER ECZANESİ;SAMSUN BAFRA;ACİDPASS;Acidpass 10/800/165 mg 12 Çiğneme Tablet;5;0;5;561;
26.08.2026;İSTANBUL ECZA KOOP;İSKOOP MERKEZ;8680001114764;ÜMİT ECZANESİ;SINOP MERKEZ;ACİDPASS;Acidpass 10/800/165 mg 12 Çiğneme Tablet;10;1;11;1.235;
26.08.2026;SELÇUK ECZA DEPOSU;SELÇUK SAMSUN;8680001277919;İYİ ECZANESİ;ORDU FATSA;FAMTREC;Famtrec 800/26,6mg 14 Film Kaplı Tablet;5;1;6;613;
26.08.2026;SELÇUK ECZA DEPOSU;SELÇUK SAMSUN;8680001141791;ADA ECZANESİ;ORDU UNYE;FAMTREC;Famtrec 800/26,6mg 14 Film Kaplı Tablet;5;1;6;613;
26.08.2026;SELÇUK ECZA DEPOSU;SELÇUK TRABZON;8680001166633;YILMAZ ECZANESİ;GIRESUN DOGU ILCELER -1;FAMTREC;Famtrec 800/26,6mg 14 Film Kaplı Tablet;2;0;2;204;
26.08.2026;SELÇUK ECZA DEPOSU;SELÇUK TRABZON;8680001115488;IŞIK ECZANESİ;RIZE DOGU ILCELER;FAMTREC;Famtrec 800/26,6mg 14 Film Kaplı Tablet;1;0;1;102;
26.08.2026;SELÇUK ECZA DEPOSU;SELÇUK TRABZON;8680001734429;SAĞLIK ECZANESİ;TRABZON DOGU ILCELER -1;FAMTREC;Famtrec 800/26,6mg 14 Film Kaplı Tablet;1;0;1;102;
26.08.2026;SELÇUK ECZA DEPOSU;SELÇUK TRABZON;8680001484324;KİSARNA ECZANESİ;TRABZON MERKEZ -1;FAMTREC;Famtrec 800/26,6mg 14 Film Kaplı Tablet;1;0;1;102;
26.08.2026;SELÇUK ECZA DEPOSU;SELÇUK TRABZON;8680001454020;DEVA ECZANESİ;GIRESUN BULANCAK+PIRAZIZ;FAMTREC;Famtrec 800/26,6mg 14 Film Kaplı Tablet;1;0;1;102;
26.08.2026;SELÇUK ECZA DEPOSU;SELÇUK SAMSUN;8680001149995;ONUR ECZANESİ;ORDU BATI ILCELER;FAMTREC;Famtrec 800/26,6mg 14 Film Kaplı Tablet;2;0;2;204;
26.08.2026;SELÇUK ECZA DEPOSU;SELÇUK SAMSUN;8680001276967;DOĞA ECZANESİ;ORDU FATSA;FAMTREC;Famtrec 800/26,6mg 14 Film Kaplı Tablet;2;0;2;204;
26.08.2026;SELÇUK ECZA DEPOSU;SELÇUK SAMSUN;8680001159000;KILIÇ ECZANESİ;AMASYA GOYNUCEK+TASOVA;FAMTREC;Famtrec 800/26,6mg 14 Film Kaplı Tablet;10;2;12;1.226;
26.08.2026;SELÇUK ECZA DEPOSU;SELÇUK SAMSUN;8680001750054;YAVUZ ECZANESİ;SAMSUN ALACAM+YAKAKENT;FAMTREC;Famtrec 800/26,6mg 14 Film Kaplı Tablet;1;0;1;102;
26.08.2026;SELÇUK ECZA DEPOSU;SELÇUK SAMSUN;8680001389414;BESTE ECZANESİ;ORDU FATSA;FAMTREC;Famtrec 800/26,6mg 14 Film Kaplı Tablet;1;0;1;102;
26.08.2026;SELÇUK ECZA DEPOSU;SELÇUK SAMSUN;8680001252817;AKAR ECZANESİ;ORDU FATSA;FAMTREC;Famtrec 800/26,6mg 14 Film Kaplı Tablet;5;1;6;613;
26.08.2026;SELÇUK ECZA DEPOSU;SELÇUK SAMSUN;8680001277308;NOKTA ECZANESİ;ORDU FATSA;GRİPORT COLD;Griport Cold 20 Film Kaplı Tablet;1;0;1;84;
26.08.2026;SELÇUK ECZA DEPOSU;SELÇUK SAMSUN;8680001698097;PARK ECZANESİ;ORDU MERKEZ -1;GRİPORT COLD;Griport Cold 20 Film Kaplı Tablet;1;0;1;84;
26.08.2026;İSTANBUL ECZA KOOP;İSKOOP MERKEZ;8680001860258;DENİZ ECZANESİ;SAMSUN ATAKENT+19 MAYIS;GRİPORT COLD;Griport Cold 20 Film Kaplı Tablet;150;115;265;22.300;
26.08.2026;SELÇUK ECZA DEPOSU;SELÇUK ERZURUM;8680001444632;AYGÜN ECZANESİ;ERZURUM MERKEZ -3;GRİPORT COLD;Griport Cold 20 Film Kaplı Tablet;5;1;6;505;
26.08.2026;SELÇUK ECZA DEPOSU;SELÇUK TRABZON;8680001937974;HAN ECZANESİ;TRABZON MERKEZ -3;GRİPORT COLD;Griport Cold 20 Film Kaplı Tablet;1;0;1;84;
26.08.2026;SELÇUK ECZA DEPOSU;SELÇUK ERZURUM;8680001635214;ZEHRA ECZANESİ;ERZURUM MERKEZ -3;GRİPORT COLD;Griport Cold 20 Film Kaplı Tablet;10;3;13;1.094;
26.08.2026;İSTANBUL ECZA KOOP;İSKOOP MERKEZ;8680001117963;KADIFEKALE ECZANESİ;SAMSUN ILKADIM - 2;MOKSEFEN;Moksefen 400 mg 7 Film Tablet;5;1;6;894;
26.08.2026;SELÇUK ECZA DEPOSU;SELÇUK TRABZON;8680001202317;PINAR ECZANESİ;TRABZON DUZKOY+MACKA;MOKSEFEN;Moksefen 400 mg 7 Film Tablet;30;15;45;6.705;
26.08.2026;SELÇUK ECZA DEPOSU;SELÇUK TRABZON;8680001684670;BAL ECZANESİ;TRABZON MERKEZ -4;MOKSEFEN;Moksefen 400 mg 7 Film Tablet;5;1;6;894;
26.08.2026;SELÇUK ECZA DEPOSU;SELÇUK SAMSUN;8680001881093;ÇAĞLA ECZANESİ;SAMSUN VEZIRKOPRU;MOKSEFEN;Moksefen 400 mg 7 Film Tablet;5;1;6;894;
26.08.2026;SELÇUK ECZA DEPOSU;SELÇUK TRABZON;8680001110629;İYİDERE ECZANESİ;RIZE BATI ILCELER;MOKSEFEN;Moksefen 400 mg 7 Film Tablet;10;3;13;1.937;
26.08.2026;SELÇUK ECZA DEPOSU;SELÇUK ERZURUM;8680001489725;ŞÜKRAN ECZANESİ;AGRI MERKEZ;MOKSEFEN;Moksefen 400 mg 7 Film Tablet;5;1;6;894;
26.08.2026;SELÇUK ECZA DEPOSU;SELÇUK SAMSUN;8680001451098;VURAL ECZANESİ;SAMSUN ATAKENT+19 MAYIS;MOKSEFEN;Moksefen 400 mg 7 Film Tablet;30;15;45;6.705;
26.08.2026;SELÇUK ECZA DEPOSU;SELÇUK TRABZON;8680001109937;GÜNEYSU SERDAR ECZANESİ;RIZE BATI ILCELER;MOKSEFEN;Moksefen 400 mg 7 Film Tablet;10;3;13;1.937;
26.08.2026;ALLIANCE HEALTHCARE;AH ORDU;8680001490844;FATSA ECZANESİ;ORDU FATSA;PANOCER;Panocer 40 mg 14 Enterik Kaplı Tablet;3;0;3;243;
26.08.2026;ALLIANCE HEALTHCARE;AH ORDU;8680001296330;FATİH ECZANESİ;GIRESUN DOGU ILCELER -1;PANOCER;Panocer 40 mg 28 Enterik Kaplı Tablet;10;3;13;1.369;
26.08.2026;ALLIANCE HEALTHCARE;AH ERZURUM;8680001114122;YILDIZ ECZANESİ;ERZURUM GUNEY ILCELER;PANOCER;Panocer 40 mg 28 Enterik Kaplı Tablet;10;3;13;1.369;
26.08.2026;ALLIANCE HEALTHCARE;AH ERZURUM;8680001810277;TANCA ECZANESİ;AGRI DIYADIN+D.BEYAZIT;PANOCER;Panocer 40 mg 28 Enterik Kaplı Tablet;5;0;5;527;
26.08.2026;ALLIANCE HEALTHCARE;AH ERZURUM;8680001109920;NEFES ECZANESİ;AGRI DIYADIN+D.BEYAZIT;PANOCER;Panocer 40 mg 28 Enterik Kaplı Tablet;10;3;13;1.369;
26.08.2026;İSTANBUL ECZA KOOP;İSKOOP MERKEZ;8680001219735;MURAT ECZANESİ;TOKAT TURHAL;PANOCER;Panocer 40 mg 28 Enterik Kaplı Tablet;10;3;13;1.369;
26.08.2026;İSTANBUL ECZA KOOP;İSKOOP MERKEZ;8680001118212;VATAN ECZANESİ;AMASYA MERKEZ -1;PANOCER;Panocer 40 mg 28 Enterik Kaplı Tablet;165;135;300;31.594;
26.08.2026;İSTANBUL ECZA KOOP;İSKOOP MERKEZ;8680001122202;TEK ECZANESİ;SINOP GUNEY ILCELER;PANOCER;Panocer 40 mg 28 Enterik Kaplı Tablet;10;3;13;1.369;
26.08.2026;SELÇUK ECZA DEPOSU;SELÇUK ERZURUM;8680001714285;DERMAN ECZANESİ;ERZURUM GUNEY ILCELER;PANOCER;Panocer 40 mg 28 Enterik Kaplı Tablet;10;3;13;1.369;
26.08.2026;ALLIANCE HEALTHCARE;AH TRABZON;8680001473045;EBRU ECZANESİ;TRABZON DOGU ILCELER - 2;PANOCER;Panocer 40 mg 28 Enterik Kaplı Tablet;10;3;13;1.369;
26.08.2026;ALLIANCE HEALTHCARE;AH TRABZON;8680001501663;ESİROĞLU ECZANESİ;TRABZON DUZKOY+MACKA;PANOCER;Panocer 40 mg 28 Enterik Kaplı Tablet;10;3;13;1.369;
26.08.2026;ALLIANCE HEALTHCARE;AH TRABZON;8680001264346;HAYIRLIOĞLU ECZANESİ;TRABZON MERKEZ -3;PANOCER;Panocer 40 mg 28 Enterik Kaplı Tablet;2;0;2;211;
26.08.2026;ALLIANCE HEALTHCARE;AH SAMSUN;8680001101542;ASYA ECZANESİ;SAMSUN DOGU ILCELER;PANOCER;Panocer 40 mg 28 Enterik Kaplı Tablet;2;0;2;211;
26.08.2026;ALLIANCE HEALTHCARE;AH SAMSUN;8680001171606;DURU ECZANESİ;TOKAT MERKEZ -1;PANOCER;Panocer 40 mg 28 Enterik Kaplı Tablet;3;0;3;316;
26.08.2026;ALLIANCE HEALTHCARE;AH SAMSUN;8680001673605;ASRIN ECZANESİ;TOKAT ERBAA;PANOCER;Panocer 40 mg 28 Enterik Kaplı Tablet;4;0;4;421;
26.08.2026;ALLIANCE HEALTHCARE;AH SAMSUN;8680001421480;İNAL ECZANESİ;CORUM GUNEYDOGU ILCELER;PANOCER;Panocer 40 mg 28 Enterik Kaplı Tablet;30;12;42;4.423;
26.08.2026;ALLIANCE HEALTHCARE;AH SAMSUN;8680001417087;FİKRİ KARTAL ECZANESİ;CORUM KUZEY ILCELER;PANOCER;Panocer 40 mg 28 Enterik Kaplı Tablet;10;3;13;1.369;
26.08.2026;ALLIANCE HEALTHCARE;AH SAMSUN;8680001108497;SEVGİ ECZANESİ;SAMSUN RASATHANE;PANOCER;Panocer 40 mg 28 Enterik Kaplı Tablet;165;135;300;31.594;
26.08.2026;SELÇUK ECZA DEPOSU;SELÇUK SAMSUN;8680001118472;MERKEZ ECZANESİ;SAMSUN HAVZA+KAVAK+LADIK;PANOCER;Panocer 40 mg 28 Enterik Kaplı Tablet;10;3;13;1.369;
26.08.2026;SELÇUK ECZA DEPOSU;SELÇUK SAMSUN;8680001260034;DOKUZ EYLÜL ECZANESİ;SAMSUN RASATHANE;PANOCER;Panocer 40 mg 28 Enterik Kaplı Tablet;165;135;300;31.594;
26.08.2026;SELÇUK ECZA DEPOSU;SELÇUK ERZURUM;8680001811915;ŞİFA ECZANESİ;AGRI DIYADIN+D.BEYAZIT;PANOCER;Panocer 40 mg 28 Enterik Kaplı Tablet;10;3;13;1.369;
26.08.2026;SELÇUK ECZA DEPOSU;SELÇUK ERZURUM;8680001892662;EREN ECZANESİ;KARS ILCELER;PANOCER;Panocer 40 mg 28 Enterik Kaplı Tablet;10;3;13;1.369;
26.08.2026;İSTANBUL ECZA KOOP;İSKOOP MERKEZ;8680001122202;TEK ECZANESİ;SINOP GUNEY ILCELER;PANOCER;Panocer 40 mg 28 Enterik Kaplı Tablet;10;3;13;1.369;
27.08.2026;İSTANBUL ECZA KOOP;İSKOOP MERKEZ;8680001229338;HASAN ECZANESİ;TOKAT ERBAA;ACİDPASS;Acidpass 10/800/165 mg 12 Çiğneme Tablet;10;1;11;1.235;
27.08.2026;SELÇUK ECZA DEPOSU;SELÇUK SAMSUN;8680001601011;YILMAZ ECZANESİ;ORDU MERKEZ -3;ACİDPASS;Acidpass 10/800/165 mg 12 Çiğneme Tablet;10;1;11;1.235;
27.08.2026;İSTANBUL ECZA KOOP;İSKOOP MERKEZ;8680001121366;KARADENİZ ECZANESİ;SAMSUN ADALET;ACİDPASS;Acidpass 10/800/165 mg 12 Çiğneme Tablet;10;1;11;1.235;
27.08.2026;SELÇUK ECZA DEPOSU;SELÇUK SAMSUN;8680001486342;KOÇAK ECZANESİ;CORUM MERKEZ -2;ACİDPASS;Acidpass 10/800/165 mg 12 Çiğneme Tablet;4;0;4;449;
27.08.2026;SELÇUK ECZA DEPOSU;SELÇUK SAMSUN;8680001473229;GÖKMAN ECZANESİ;AMASYA MERKEZ -2;ACİDPASS;Acidpass 10/800/165 mg 12 Çiğneme Tablet;10;1;11;1.235;
27.08.2026;SELÇUK ECZA DEPOSU;SELÇUK SAMSUN;8680001551897;YENİ MECİTÖZÜ ECZANESİ;CORUM GUNEYDOGU ILCELER;ACİDPASS;Acidpass 10/800/165 mg 12 Çiğneme Tablet;10;1;11;1.235;
27.08.2026;SELÇUK ECZA DEPOSU;SELÇUK SAMSUN;8680001719563;DUMAN ECZANESİ;ORDU BATI ILCELER;ACİDPASS;Acidpass 10/800/165 mg 12 Çiğneme Tablet;3;0;3;337;
27.08.2026;SELÇUK ECZA DEPOSU;SELÇUK ERZURUM;8680001183487;SULTAN ECZANESİ;KARS MERKEZ;ACİDPASS;Acidpass 10/800/165 mg 12 Çiğneme Tablet;2;0;2;224;
27.08.2026;SELÇUK ECZA DEPOSU;SELÇUK TRABZON;8680001265886;TURAN ECZANESİ;TRABZON MERKEZ -4;ACİDPASS;Acidpass 10/800/165 mg 12 Çiğneme Tablet;2;0;2;224;
27.08.2026;SELÇUK ECZA DEPOSU;SELÇUK ERZURUM;8680001489954;ÇAYKARA ECZANESİ;ERZURUM MERKEZ -1;ACİDPASS;Acidpass 10/800/165 mg 12 Çiğneme Tablet;-3;0;-3;-337;
27.08.2026;SELÇUK ECZA DEPOSU;SELÇUK TRABZON;8680001274260;NURAN ECZANESİ;TRABZON MERKEZ -4;ACİDPASS;Acidpass 10/800/165 mg 12 Çiğneme Tablet;10;1;11;1.235;
27.08.2026;SELÇUK ECZA DEPOSU;SELÇUK SAMSUN;8680001563562;MERT ECZANESİ;SAMSUN ILKADIM - 2;ACİDPASS;Acidpass 10/800/165 mg 12 Çiğneme Tablet;20;3;23;2.581;
27.08.2026;SELÇUK ECZA DEPOSU;SELÇUK SAMSUN;8680001158898;ÖMÜR ECZANESİ;AMASYA ILCELER;ACİDPASS;Acidpass 10/800/165 mg 12 Çiğneme Tablet;10;1;11;1.235;
27.08.2026;SELÇUK ECZA DEPOSU;SELÇUK SAMSUN;8680001462049;TEZEL ECZANESİ;ORDU UNYE;ACİDPASS;Acidpass 10/800/165 mg 12 Çiğneme Tablet;10;1;11;1.235;
27.08.2026;SELÇUK ECZA DEPOSU;SELÇUK SAMSUN;8680001948413;GÖKAL ECZANESİ;TOKAT ERBAA;ACİDPASS;Acidpass 10/800/165 mg 12 Çiğneme Tablet;10;1;11;1.235;
27.08.2026;SELÇUK ECZA DEPOSU;SELÇUK TRABZON;8680001123827;SERHAT ECZANESİ;ARTVIN MERKEZ+DOGU+GUNEY;ACİDPASS;Acidpass 10/800/165 mg 12 Çiğneme Tablet;10;1;11;1.235;
27.08.2026;SELÇUK ECZA DEPOSU;SELÇUK TRABZON;8680001749973;BURCU ECZANESİ;TRABZON MERKEZ -2;ACİDPASS;Acidpass 10/800/165 mg 12 Çiğneme Tablet;2;0;2;224;
27.08.2026;SELÇUK ECZA DEPOSU;SELÇUK TRABZON;8680001710331;SENA ECZANESİ;GUMUSHANE;ACİDPASS;Acidpass 10/800/165 mg 12 Çiğneme Tablet;-4;0;-4;-449;
27.08.2026;SELÇUK ECZA DEPOSU;SELÇUK SAMSUN;8680001457748;YILDIRIM ECZANESİ;SIVAS MERKEZ -4;ACİDPASS;Acidpass 10/800/165 mg 12 Çiğneme Tablet;1;0;1;112;
27.08.2026;SELÇUK ECZA DEPOSU;SELÇUK SAMSUN;8680001881116;ZEYNEP ECZANESİ;TOKAT TURHAL;ACİDPASS;Acidpass 10/800/165 mg 12 Çiğneme Tablet;2;0;2;224;
27.08.2026;İSTANBUL ECZA KOOP;İSKOOP MERKEZ;8680001139057;GÜNGÖR ECZANESİ;AMASYA MERKEZ -2;ACİDPASS;Acidpass 10/800/165 mg 12 Çiğneme Tablet;2;0;2;224;
27.08.2026;İSTANBUL ECZA KOOP;İSKOOP MERKEZ;8680001714094;SAHİL ECZANESİ;SAMSUN ATAKENT+19 MAYIS;ACİDPASS;Acidpass 10/800/165 mg 12 Çiğneme Tablet;150;60;210;23.569;
27.08.2026;İSTANBUL ECZA KOOP;İSKOOP MERKEZ;8680001112920;OYA ECZANESİ;SAMSUN HAVZA+KAVAK+LADIK;ACİDPASS;Acidpass 10/800/165 mg 12 Çiğneme Tablet;10;1;11;1.235;
27.08.2026;İSTANBUL ECZA KOOP;İSKOOP MERKEZ;8680001127818;HASKÖY NALAN ECZANESİ;SAMSUN CANIK;ACİDPASS;Acidpass 10/800/165 mg 12 Çiğneme Tablet;4;0;4;449;
27.08.2026;SELÇUK ECZA DEPOSU;SELÇUK TRABZON;8680001527892;FEYZA ECZANESİ;TRABZON DOGU ILCELER - 2;ACİDPASS;Acidpass 10/800/165 mg 12 Çiğneme Tablet;3;0;3;337;
27.08.2026;SELÇUK ECZA DEPOSU;SELÇUK ERZURUM;8680001484409;MERKEZ RESULOĞULLARI ECZANESİ;ERZURUM GUNEY ILCELER;ACİDPASS;Acidpass 10/800/165 mg 12 Çiğneme Tablet;10;1;11;1.235;
27.08.2026;SELÇUK ECZA DEPOSU;SELÇUK TRABZON;8680001186273;ÇAĞIN ECZANESİ;GIRESUN BULANCAK+PIRAZIZ;ACİDPASS;Acidpass 10/800/165 mg 12 Çiğneme Tablet;20;3;23;2.581;
27.08.2026;SELÇUK ECZA DEPOSU;SELÇUK SAMSUN;8680001180363;ERCAN ECZANESİ;AMASYA MERZIFON;ACİDPASS;Acidpass 10/800/165 mg 12 Çiğneme Tablet;50;15;65;7.295;
27.08.2026;SELÇUK ECZA DEPOSU;SELÇUK SAMSUN;8680001151370;ÇİĞDEM ECZANESİ;SIVAS MERKEZ -3;ACİDPASS;Acidpass 10/800/165 mg 12 Çiğneme Tablet;4;0;4;449;
27.08.2026;SELÇUK ECZA DEPOSU;SELÇUK SAMSUN;8680001104079;GÜNBEYAZ ECZANESİ;SAMSUN ULUGAZI;ACİDPASS;Acidpass 10/800/165 mg 12 Çiğneme Tablet;2;0;2;224;
27.08.2026;SELÇUK ECZA DEPOSU;SELÇUK SAMSUN;8680001276967;DOĞA ECZANESİ;ORDU FATSA;FAMTREC;Famtrec 800/26,6mg 14 Film Kaplı Tablet;2;0;2;204;
27.08.2026;SELÇUK ECZA DEPOSU;SELÇUK TRABZON;8680001472710;ŞEBİN ECZANESİ;GIRESUN GUNEY ILCELER;FAMTREC;Famtrec 800/26,6mg 14 Film Kaplı Tablet;1;0;1;102;
27.08.2026;SELÇUK ECZA DEPOSU;SELÇUK ERZURUM;8680001600229;ŞÜKRÜPAŞA ECZANESİ;ERZURUM MERKEZ -1;FAMTREC;Famtrec 800/26,6mg 14 Film Kaplı Tablet;1;0;1;102;
27.08.2026;SELÇUK ECZA DEPOSU;SELÇUK ERZURUM;8680001688609;SERHAT ECZANESİ;ERZURUM GUNEY ILCELER;FAMTREC;Famtrec 800/26,6mg 14 Film Kaplı Tablet;3;0;3;307;
27.08.2026;SELÇUK ECZA DEPOSU;SELÇUK SAMSUN;8680001649273;ELİF ECZANESİ;ORDU FATSA;FAMTREC;Famtrec 800/26,6mg 14 Film Kaplı Tablet;1;0;1;102;
27.08.2026;SELÇUK ECZA DEPOSU;SELÇUK SAMSUN;8680001740581;AYŞENUR ECZANESİ;ORDU FATSA;FAMTREC;Famtrec 800/26,6mg 30 Film Kaplı Tablet;-1;0;-1;-219;
27.08.2026;SELÇUK ECZA DEPOSU;SELÇUK SAMSUN;8680001277308;NOKTA ECZANESİ;ORDU FATSA;GRİPORT COLD;Griport Cold 20 Film Kaplı Tablet;5;1;6;505;
27.08.2026;SELÇUK ECZA DEPOSU;SELÇUK SAMSUN;8680001619481;MEYDAN ECZANESİ;TOKAT ERBAA;GRİPORT COLD;Griport Cold 20 Film Kaplı Tablet;5;1;6;505;
27.08.2026;SELÇUK ECZA DEPOSU;SELÇUK SAMSUN;8680001715992;EKİCİ ECZANESİ;SIVAS MERKEZ -2;GRİPORT COLD;Griport Cold 20 Film Kaplı Tablet;5;1;6;505;
27.08.2026;SELÇUK ECZA DEPOSU;SELÇUK SAMSUN;8680001715992;EKİCİ ECZANESİ;SIVAS MERKEZ -2;GRİPORT COLD;Griport Cold 20 Film Kaplı Tablet;2;0;2;168;
27.08.2026;İSTANBUL ECZA KOOP;İSKOOP MERKEZ;8680001114252;RENDECİ ECZANESİ;SAMSUN BAHCELIEVLER;GRİPORT COLD;Griport Cold 20 Film Kaplı Tablet;5;1;6;505;
27.08.2026;İSTANBUL ECZA KOOP;İSKOOP MERKEZ;8680001499301;GİZEM ECZANESİ;AMASYA MERZIFON;GRİPORT COLD;Griport Cold 20 Film Kaplı Tablet;10;3;13;1.094;
27.08.2026;SELÇUK ECZA DEPOSU;SELÇUK TRABZON;8680001552191;KALKANDERE ECZANESİ;RIZE BATI ILCELER;GRİPORT COLD;Griport Cold 20 Film Kaplı Tablet;10;3;13;1.094;
27.08.2026;SELÇUK ECZA DEPOSU;SELÇUK SAMSUN;8680001948413;GÖKAL ECZANESİ;TOKAT ERBAA;GRİPORT COLD;Griport Cold 20 Film Kaplı Tablet;1;0;1;84;
27.08.2026;SELÇUK ECZA DEPOSU;SELÇUK TRABZON;8680001597697;YAŞAM ECZANESİ;TRABZON MERKEZ -1;MOKSEFEN;Moksefen 400 mg 7 Film Tablet;-5;-1;-6;-894;
27.08.2026;SELÇUK ECZA DEPOSU;SELÇUK TRABZON;8680001283088;ŞÜKRANİYE ECZANESİ;TRABZON MERKEZ -1;MOKSEFEN;Moksefen 400 mg 7 Film Tablet;30;15;45;6.705;
27.08.2026;SELÇUK ECZA DEPOSU;SELÇUK ERZURUM;8680001489763;ÇAKIR SEVEN ECZANESİ;ERZINCAN MERKEZ;MOKSEFEN;Moksefen 400 mg 7 Film Tablet;30;15;45;6.705;
27.08.2026;SELÇUK ECZA DEPOSU;SELÇUK SAMSUN;8680001840847;DOGA ECZANESI;TOKAT DOGU ILCELER;MOKSEFEN;Moksefen 400 mg 7 Film Tablet;5;1;6;894;
27.08.2026;SELÇUK ECZA DEPOSU;SELÇUK SAMSUN;8680001486359;SU ECZANESİ;ORDU GUNEY ILCELER -1;MOKSEFEN;Moksefen 400 mg 7 Film Tablet;5;1;6;894;
27.08.2026;SELÇUK ECZA DEPOSU;SELÇUK TRABZON;8680001102822;DENİZ ECZANESİ;RIZE MERKEZ;MOKSEFEN;Moksefen 400 mg 7 Film Tablet;30;15;45;6.705;
27.08.2026;SELÇUK ECZA DEPOSU;SELÇUK TRABZON;8680001213023;AYŞEGÜL ECZANESİ;GIRESUN DOGU ILCELER -1;MOKSEFEN;Moksefen 400 mg 7 Film Tablet;5;1;6;894;
27.08.2026;SELÇUK ECZA DEPOSU;SELÇUK ERZURUM;8680001145980;ÖZLEM ECZANESİ;AGRI ILCELER;PANOCER;Panocer 40 mg 28 Enterik Kaplı Tablet;10;3;13;1.369;
27.08.2026;SELÇUK ECZA DEPOSU;SELÇUK ERZURUM;8680001603749;ERZİNCAN  ECZANESI;ERZINCAN MERKEZ;PANOCER;Panocer 40 mg 28 Enterik Kaplı Tablet;10;3;13;1.369;
27.08.2026;SELÇUK ECZA DEPOSU;SELÇUK SAMSUN;8680001476473;DEFNE ECZANESİ;CORUM GUNEYBATI ILCELER;PANOCER;Panocer 40 mg 28 Enterik Kaplı Tablet;165;135;300;31.594;
27.08.2026;İSTANBUL ECZA KOOP;İSKOOP MERKEZ;8680001418961;LADİK ELİF ECZANESİ;SAMSUN HAVZA+KAVAK+LADIK;PANOCER;Panocer 40 mg 28 Enterik Kaplı Tablet;10;3;13;1.369;
27.08.2026;SELÇUK ECZA DEPOSU;SELÇUK TRABZON;8680001654994;ULU ECZANESİ;TRABZON DOGU ILCELER -1;PANOCER;Panocer 40 mg 28 Enterik Kaplı Tablet;30;12;42;4.423;
27.08.2026;ALLIANCE HEALTHCARE;AH ERZURUM;8680001703869;MONA ECZANESİ;AGRI DIYADIN+D.BEYAZIT;PANOCER;Panocer 40 mg 28 Enterik Kaplı Tablet;100;60;160;16.850;
27.08.2026;ALLIANCE HEALTHCARE;AH ORDU;8680001154425;SARIKAYA ECZANESİ;ORDU UNYE;PANOCER;Panocer 40 mg 28 Enterik Kaplı Tablet;10;3;13;1.369;
27.08.2026;ALLIANCE HEALTHCARE;AH SAMSUN;8680001669196;BATUR ECZANESİ;SAMSUN ATAKENT+19 MAYIS;PANOCER;Panocer 40 mg 28 Enterik Kaplı Tablet;4;0;4;421;
27.08.2026;ALLIANCE HEALTHCARE;AH SAMSUN;8680001642052;ESENTEPE ECZANESİ;SAMSUN VEZIRKOPRU;PANOCER;Panocer 40 mg 28 Enterik Kaplı Tablet;10;3;13;1.369;
27.08.2026;ALLIANCE HEALTHCARE;AH SAMSUN;8680001641055;ERKAN ECZANESİ;SAMSUN CANIK;PANOCER;Panocer 40 mg 28 Enterik Kaplı Tablet;10;3;13;1.369;
27.08.2026;ALLIANCE HEALTHCARE;AH SAMSUN;8680001112982;TARHAN ECZANESİ;SAMSUN HURRIYET+ZAFER;PANOCER;Panocer 40 mg 28 Enterik Kaplı Tablet;10;3;13;1.369;
27.08.2026;ALLIANCE HEALTHCARE;AH SAMSUN;8680001155019;HİCRET ECZANESİ;CORUM GUNEYDOGU ILCELER;PANOCER;Panocer 40 mg 28 Enterik Kaplı Tablet;50;25;75;7.898;
27.08.2026;ALLIANCE HEALTHCARE;AH SAMSUN;8680001468102;YENİ MAHALLE ECZANESİ;SAMSUN ATAKENT+19 MAYIS;PANOCER;Panocer 40 mg 28 Enterik Kaplı Tablet;10;3;13;1.369;
27.08.2026;ALLIANCE HEALTHCARE;AH SAMSUN;8680001750054;YAVUZ ECZANESİ;SAMSUN ALACAM+YAKAKENT;PANOCER;Panocer 40 mg 28 Enterik Kaplı Tablet;10;3;13;1.369;
27.08.2026;ALLIANCE HEALTHCARE;AH SAMSUN;8680001102853;AYHAN ECZANESİ;SAMSUN BAFRA;PANOCER;Panocer 40 mg 28 Enterik Kaplı Tablet;30;12;42;4.423;
27.08.2026;ALLIANCE HEALTHCARE;AH TRABZON;8680001729548;LOTUS ECZANESİ;ARTVIN MERKEZ+DOGU+GUNEY;PANOCER;Panocer 40 mg 28 Enterik Kaplı Tablet;10;3;13;1.369;
27.08.2026;SELÇUK ECZA DEPOSU;SELÇUK SAMSUN;8680001117741;DERMAN ECZANESİ;SIVAS MERKEZ -4;PANOCER;Panocer 40 mg 28 Enterik Kaplı Tablet;30;12;42;4.423;
27.08.2026;SELÇUK ECZA DEPOSU;SELÇUK ERZURUM;8680001814541;OKTAY VURAL ECZANESİ;AGRI ILCELER;PANOCER;Panocer 40 mg 28 Enterik Kaplı Tablet;165;135;300;31.594;
27.08.2026;SELÇUK ECZA DEPOSU;SELÇUK ERZURUM;8680001899371;FIRAT ECZANESİ;ERZURUM GUNEY ILCELER;PANOCER;Panocer 40 mg 28 Enterik Kaplı Tablet;30;12;42;4.423;
27.08.2026;SELÇUK ECZA DEPOSU;SELÇUK TRABZON;8680001746033;DOĞA ECZANESİ;TRABZON DOGU ILCELER -1;PANOCER;Panocer 40 mg 28 Enterik Kaplı Tablet;2;0;2;211;
27.08.2026;SELÇUK ECZA DEPOSU;SELÇUK SAMSUN;8680001948413;GÖKAL ECZANESİ;TOKAT ERBAA;PANOCER;Panocer 40 mg 28 Enterik Kaplı Tablet;1;0;1;105;
27.08.2026;SELÇUK ECZA DEPOSU;SELÇUK SAMSUN;8680001461257;NİLÜFER ECZANESİ;TOKAT MERKEZ -1;PANOCER;Panocer 40 mg 28 Enterik Kaplı Tablet;165;135;300;31.594;
27.08.2026;SELÇUK ECZA DEPOSU;SELÇUK SAMSUN;8680001676798;SİNEM ECZANESİ;SAMSUN CANIK;PANOCER;Panocer 40 mg 28 Enterik Kaplı Tablet;10;3;13;1.369;
27.08.2026;SELÇUK ECZA DEPOSU;SELÇUK SAMSUN;8680001204373;BURAK ECZANESİ;TOKAT BATI ILCELER;PANOCER;Panocer 40 mg 28 Enterik Kaplı Tablet;165;135;300;31.594;
27.08.2026;SELÇUK ECZA DEPOSU;SELÇUK SAMSUN;8680001783458;BEYZADE ECZANESİ;SAMSUN BAHCELIEVLER;PANOCER;Panocer 40 mg 28 Enterik Kaplı Tablet;10;3;13;1.369;
27.08.2026;SELÇUK ECZA DEPOSU;SELÇUK SAMSUN;8680001158744;ZEREN ECZANESİ;SIVAS MERKEZ -4;PANOCER;Panocer 40 mg 28 Enterik Kaplı Tablet;10;3;13;1.369;
27.08.2026;SELÇUK ECZA DEPOSU;SELÇUK SAMSUN;8680001559176;SELÇUK ECZANESİ;SIVAS MERKEZ -4;PANOCER;Panocer 40 mg 28 Enterik Kaplı Tablet;165;135;300;31.594;
28.08.2026;SELÇUK ECZA DEPOSU;SELÇUK SAMSUN;8680001423958;ANADOLU ECZANESİ;SAMSUN BAHCELIEVLER;ACİDPASS;Acidpass 10/800/165 mg 12 Çiğneme Tablet;1;0;1;112;
28.08.2026;SELÇUK ECZA DEPOSU;SELÇUK SAMSUN;8680001167234;ASLI ECZANESİ;TOKAT MERKEZ -1;ACİDPASS;Acidpass 10/800/165 mg 12 Çiğneme Tablet;2;0;2;224;
28.08.2026;SELÇUK ECZA DEPOSU;SELÇUK SAMSUN;8680001518500;FERAH ECZANESİ;SAMSUN ADALET;ACİDPASS;Acidpass 10/800/165 mg 12 Çiğneme Tablet;2;0;2;224;
28.08.2026;SELÇUK ECZA DEPOSU;SELÇUK SAMSUN;8680001462650;BUKET ECZANESİ;SIVAS MERKEZ -4;ACİDPASS;Acidpass 10/800/165 mg 12 Çiğneme Tablet;1;0;1;112;
28.08.2026;SELÇUK ECZA DEPOSU;SELÇUK SAMSUN;8680001159000;KILIÇ ECZANESİ;AMASYA GOYNUCEK+TASOVA;ACİDPASS;Acidpass 10/800/165 mg 12 Çiğneme Tablet;50;15;65;7.295;
28.08.2026;SELÇUK ECZA DEPOSU;SELÇUK SAMSUN;8680001113897;GÖKÇE ECZANESİ;SINOP MERKEZ;ACİDPASS;Acidpass 10/800/165 mg 12 Çiğneme Tablet;6;0;6;673;
28.08.2026;SELÇUK ECZA DEPOSU;SELÇUK SAMSUN;8680001475421;GENÇKURT ECZANESİ;CORUM GUNEYDOGU ILCELER;ACİDPASS;Acidpass 10/800/165 mg 12 Çiğneme Tablet;50;15;65;7.295;
28.08.2026;SELÇUK ECZA DEPOSU;SELÇUK SAMSUN;8680001216260;AKSOY ECZANESİ;TOKAT DOGU ILCELER;ACİDPASS;Acidpass 10/800/165 mg 12 Çiğneme Tablet;3;0;3;337;
28.08.2026;SELÇUK ECZA DEPOSU;SELÇUK SAMSUN;8680001111756;ANIL ECZANESİ;SAMSUN BAHCELIEVLER;ACİDPASS;Acidpass 10/800/165 mg 12 Çiğneme Tablet;1;0;1;112;
28.08.2026;SELÇUK ECZA DEPOSU;SELÇUK SAMSUN;8680001369911;DEFNE ECZANESİ;ORDU MERKEZ -2;ACİDPASS;Acidpass 10/800/165 mg 12 Çiğneme Tablet;10;1;11;1.235;
28.08.2026;SELÇUK ECZA DEPOSU;SELÇUK SAMSUN;8680001413171;AYKANAT ECZANESİ;SAMSUN ATAKUM;ACİDPASS;Acidpass 10/800/165 mg 12 Çiğneme Tablet;2;0;2;224;
28.08.2026;SELÇUK ECZA DEPOSU;SELÇUK SAMSUN;8680001278268;LOKMAN ECZANESİ;ORDU FATSA;ACİDPASS;Acidpass 10/800/165 mg 12 Çiğneme Tablet;10;1;11;1.235;
28.08.2026;SELÇUK ECZA DEPOSU;SELÇUK SAMSUN;8680001379095;ŞİFA ECZANESİ;CORUM MERKEZ -3;ACİDPASS;Acidpass 10/800/165 mg 12 Çiğneme Tablet;50;15;65;7.295;
28.08.2026;SELÇUK ECZA DEPOSU;SELÇUK TRABZON;8680001623709;AYDIN ECZANESİ;TRABZON AKCAABAT;ACİDPASS;Acidpass 10/800/165 mg 12 Çiğneme Tablet;20;3;23;2.581;
28.08.2026;SELÇUK ECZA DEPOSU;SELÇUK TRABZON;8680001625697;KANUNİ ECZANESİ;TRABZON DOGU ILCELER - 2;ACİDPASS;Acidpass 10/800/165 mg 12 Çiğneme Tablet;1;0;1;112;
28.08.2026;SELÇUK ECZA DEPOSU;SELÇUK TRABZON;8680001201532;ATACAN ECZANESİ;TRABZON DOGU ILCELER - 2;ACİDPASS;Acidpass 10/800/165 mg 12 Çiğneme Tablet;10;1;11;1.235;
28.08.2026;SELÇUK ECZA DEPOSU;SELÇUK TRABZON;8680001260416;YENİ ECZANE;TRABZON K.BASI+SURMENE;ACİDPASS;Acidpass 10/800/165 mg 12 Çiğneme Tablet;10;1;11;1.235;
28.08.2026;SELÇUK ECZA DEPOSU;SELÇUK ERZURUM;8680001947089;AĞGÜL ECZANESİ;ERZURUM MERKEZ -3;ACİDPASS;Acidpass 10/800/165 mg 12 Çiğneme Tablet;10;1;11;1.235;
28.08.2026;SELÇUK ECZA DEPOSU;SELÇUK TRABZON;8680001566273;SADIK ECZANESİ;GIRESUN DOGU ILCELER -1;ACİDPASS;Acidpass 10/800/165 mg 12 Çiğneme Tablet;1;0;1;112;
28.08.2026;SELÇUK ECZA DEPOSU;SELÇUK SAMSUN;8680001180363;ERCAN ECZANESİ;AMASYA MERZIFON;ACİDPASS;Acidpass 10/800/165 mg 12 Çiğneme Tablet;-50;-15;-65;-7.295;
28.08.2026;SELÇUK ECZA DEPOSU;SELÇUK SAMSUN;8680001788118;SİBEL ECZANESİ;SAMSUN DOGU ILCELER;ACİDPASS;Acidpass 10/800/165 mg 12 Çiğneme Tablet;20;3;23;2.581;
28.08.2026;İSTANBUL ECZA KOOP;İSKOOP MERKEZ;8680001181261;ÖZTÜRK ECZANESİ;TOKAT TURHAL;ACİDPASS;Acidpass 10/800/165 mg 12 Çiğneme Tablet;2;0;2;224;
28.08.2026;İSTANBUL ECZA KOOP;İSKOOP MERKEZ;8680001656240;UĞUR ECZANESİ;AMASYA MERKEZ -2;ACİDPASS;Acidpass 10/800/165 mg 12 Çiğneme Tablet;2;0;2;224;
28.08.2026;İSTANBUL ECZA KOOP;İSKOOP MERKEZ;8680001116805;SEVEN ECZANESİ;AMASYA MERKEZ -2;ACİDPASS;Acidpass 10/800/165 mg 12 Çiğneme Tablet;10;1;11;1.235;
28.08.2026;İSTANBUL ECZA KOOP;İSKOOP MERKEZ;8680001181261;ÖZTÜRK ECZANESİ;TOKAT TURHAL;ACİDPASS;Acidpass 10/800/165 mg 12 Çiğneme Tablet;1;0;1;112;
28.08.2026;İSTANBUL ECZA KOOP;İSKOOP MERKEZ;8680001122202;TEK ECZANESİ;SINOP GUNEY ILCELER;ACİDPASS;Acidpass 10/800/165 mg 12 Çiğneme Tablet;5;0;5;561;
28.08.2026;SELÇUK ECZA DEPOSU;SELÇUK TRABZON;8680001474653;ÇATAK ECZANESİ;TRABZON MERKEZ -1;ACİDPASS;Acidpass 10/800/165 mg 12 Çiğneme Tablet;-2;0;-2;-224;
28.08.2026;SELÇUK ECZA DEPOSU;SELÇUK SAMSUN;8680001715992;EKİCİ ECZANESİ;SIVAS MERKEZ -2;ACİDPASS;Acidpass 10/800/165 mg 12 Çiğneme Tablet;10;1;11;1.235;
28.08.2026;SELÇUK ECZA DEPOSU;SELÇUK SAMSUN;8680001369911;DEFNE ECZANESİ;ORDU MERKEZ -2;ACİDPASS;Acidpass 10/800/165 mg 12 Çiğneme Tablet;-10;-1;-11;-1.235;
28.08.2026;SELÇUK ECZA DEPOSU;SELÇUK SAMSUN;8680001155071;ÇAĞLAR ECZANESİ;CORUM GUNEYBATI ILCELER;ACİDPASS;Acidpass 10/800/165 mg 12 Çiğneme Tablet;10;1;11;1.235;
28.08.2026;SELÇUK ECZA DEPOSU;SELÇUK ERZURUM;8680001746064;RABİA ECZANESİ;AGRI MERKEZ;ACİDPASS;Acidpass 10/800/165 mg 12 Çiğneme Tablet;10;1;11;1.235;
28.08.2026;SELÇUK ECZA DEPOSU;SELÇUK TRABZON;8680001251797;CENGİZHAN ECZANESİ;TRABZON BATI ILCELER - 2;ACİDPASS;Acidpass 10/800/165 mg 12 Çiğneme Tablet;2;0;2;224;
28.08.2026;SELÇUK ECZA DEPOSU;SELÇUK TRABZON;8680001164547;IŞIK ECZANESİ;GIRESUN MERKEZ -2;ACİDPASS;Acidpass 10/800/165 mg 12 Çiğneme Tablet;20;3;23;2.581;
28.08.2026;SELÇUK ECZA DEPOSU;SELÇUK TRABZON;8680001137565;BAYRAK ECZANESİ;TRABZON DOGU ILCELER - 2;ACİDPASS;Acidpass 10/800/165 mg 12 Çiğneme Tablet;10;1;11;1.235;
28.08.2026;SELÇUK ECZA DEPOSU;SELÇUK TRABZON;8680001467242;GÜCE ECZANESİ;GIRESUN DOGU ILCELER -1;ACİDPASS;Acidpass 10/800/165 mg 12 Çiğneme Tablet;1;0;1;112;
28.08.2026;SELÇUK ECZA DEPOSU;SELÇUK TRABZON;8680001669851;SENA ECZANESİ;TRABZON MERKEZ -1;ACİDPASS;Acidpass 10/800/165 mg 12 Çiğneme Tablet;20;3;23;2.581;
28.08.2026;SELÇUK ECZA DEPOSU;SELÇUK TRABZON;8680001103706;BİZİM ECZANESİ;RIZE MERKEZ;ACİDPASS;Acidpass 10/800/165 mg 6 Çiğneme Tablet;10;1;11;758;
28.08.2026;SELÇUK ECZA DEPOSU;SELÇUK SAMSUN;8680001113897;GÖKÇE ECZANESİ;SINOP MERKEZ;ACİDPASS;Acidpass 10/800/165 mg 6 Çiğneme Tablet;4;0;4;276;
28.08.2026;SELÇUK ECZA DEPOSU;SELÇUK SAMSUN;8680001486489;KOZA ECZANESİ;SAMSUN ILKADIM - 2;ACİDPASS;Acidpass 10/800/165 mg 6 Çiğneme Tablet;2;0;2;138;
28.08.2026;SELÇUK ECZA DEPOSU;SELÇUK SAMSUN;8680001479344;YEŞİLYURT ECZANESİ;TOKAT BATI ILCELER;ACİDPASS;Acidpass 10/800/165 mg 6 Çiğneme Tablet;1;0;1;69;
28.08.2026;SELÇUK ECZA DEPOSU;SELÇUK SAMSUN;8680001101542;ASYA ECZANESİ;SAMSUN DOGU ILCELER;FAMTREC;Famtrec 800/26,6mg 14 Film Kaplı Tablet;2;0;2;204;
28.08.2026;SELÇUK ECZA DEPOSU;SELÇUK SAMSUN;8680001121090;ERGİN ECZANESİ;SAMSUN VEZIRKOPRU;FAMTREC;Famtrec 800/26,6mg 14 Film Kaplı Tablet;5;1;6;613;
28.08.2026;İSTANBUL ECZA KOOP;İSKOOP MERKEZ;8680001124640;MADEN ECZANESİ;AMASYA MERKEZ -2;FAMTREC;Famtrec 800/26,6mg 14 Film Kaplı Tablet;1;0;1;102;
28.08.2026;SELÇUK ECZA DEPOSU;SELÇUK TRABZON;8680001636631;İMREN ECZANESİ;RIZE MERKEZ;FAMTREC;Famtrec 800/26,6mg 14 Film Kaplı Tablet;1;0;1;102;
28.08.2026;SELÇUK ECZA DEPOSU;SELÇUK ERZURUM;8680001444632;AYGÜN ECZANESİ;ERZURUM MERKEZ -3;FAMTREC;Famtrec 800/26,6mg 14 Film Kaplı Tablet;1;0;1;102;
28.08.2026;SELÇUK ECZA DEPOSU;SELÇUK ERZURUM;8680001113989;ZEHRA ECZANESİ;ERZURUM GUNEY ILCELER;FAMTREC;Famtrec 800/26,6mg 14 Film Kaplı Tablet;5;1;6;613;
28.08.2026;SELÇUK ECZA DEPOSU;SELÇUK SAMSUN;8680001695935;GÖNÜL ECZANESİ;ORDU GUNEY ILCELER -1;FAMTREC;Famtrec 800/26,6mg 14 Film Kaplı Tablet;1;0;1;102;
28.08.2026;İSTANBUL ECZA KOOP;İSKOOP MERKEZ;8680001667222;AMASYA ECZANESİ;AMASYA MERKEZ -2;FAMTREC;Famtrec 800/26,6mg 14 Film Kaplı Tablet;5;1;6;613;
28.08.2026;İSTANBUL ECZA KOOP;İSKOOP MERKEZ;8680001331116;ŞENEL ECZANESİ;AMASYA MERKEZ -1;FAMTREC;Famtrec 800/26,6mg 14 Film Kaplı Tablet;1;0;1;102;
28.08.2026;İSTANBUL ECZA KOOP;İSKOOP MERKEZ;8680001519231;ALPEREN BOL ECZANESİ;AMASYA GOYNUCEK+TASOVA;FAMTREC;Famtrec 800/26,6mg 14 Film Kaplı Tablet;1;0;1;102;
28.08.2026;İSTANBUL ECZA KOOP;İSKOOP MERKEZ;8680001123148;MERVE ECZANESİ;SINOP DOGU-BATI ILCELER;GRİPORT COLD;Griport Cold 20 Film Kaplı Tablet;10;3;13;1.094;
28.08.2026;SELÇUK ECZA DEPOSU;SELÇUK TRABZON;8680001463848;TILSIM ECZANESİ;TRABZON AKCAABAT;GRİPORT COLD;Griport Cold 20 Film Kaplı Tablet;1;0;1;84;
28.08.2026;İSTANBUL ECZA KOOP;İSKOOP MERKEZ;8680001120758;SIHHAT ECZANESİ;SINOP DOGU-BATI ILCELER;GRİPORT COLD;Griport Cold 20 Film Kaplı Tablet;5;1;6;505;
28.08.2026;İSTANBUL ECZA KOOP;İSKOOP MERKEZ;8680001118212;VATAN ECZANESİ;AMASYA MERKEZ -1;GRİPORT COLD;Griport Cold 20 Film Kaplı Tablet;10;3;13;1.094;
28.08.2026;SELÇUK ECZA DEPOSU;SELÇUK SAMSUN;8680001826919;ECE ECZANESİ;SIVAS MERKEZ -4;GRİPORT COLD;Griport Cold 20 Film Kaplı Tablet;-13;-6;-19;-1.599;
28.08.2026;SELÇUK ECZA DEPOSU;SELÇUK SAMSUN;8680001109418;YEŞİLOĞLU ECZANESİ;SAMSUN DOGU ILCELER;GRİPORT COLD;Griport Cold 20 Film Kaplı Tablet;2;0;2;168;
28.08.2026;SELÇUK ECZA DEPOSU;SELÇUK SAMSUN;8680001655137;BESTE ECZANESİ;SIVAS MERKEZ -3;MOKSEFEN;Moksefen 400 mg 7 Film Tablet;30;15;45;6.705;
28.08.2026;SELÇUK ECZA DEPOSU;SELÇUK SAMSUN;8680001442232;BAYGÜNEŞ ECZANESİ;SIVAS MERKEZ -4;MOKSEFEN;Moksefen 400 mg 7 Film Tablet;30;15;45;6.705;
28.08.2026;SELÇUK ECZA DEPOSU;SELÇUK SAMSUN;8680001129362;AKAY ECZANESİ;SINOP GUNEY ILCELER;MOKSEFEN;Moksefen 400 mg 7 Film Tablet;30;15;45;6.705;
28.08.2026;SELÇUK ECZA DEPOSU;SELÇUK TRABZON;8680001664740;CANSU ECZANESİ;TRABZON MERKEZ -1;MOKSEFEN;Moksefen 400 mg 7 Film Tablet;5;1;6;894;
28.08.2026;SELÇUK ECZA DEPOSU;SELÇUK TRABZON;8680001472376;HALK ECZANESİ;ARTVIN KUZEY ILCELER;MOKSEFEN;Moksefen 400 mg 7 Film Tablet;10;3;13;1.937;
28.08.2026;SELÇUK ECZA DEPOSU;SELÇUK ERZURUM;8680001485635;TANRIVERDİ ECZANESİ;KARS MERKEZ;MOKSEFEN;Moksefen 400 mg 7 Film Tablet;30;15;45;6.705;
28.08.2026;SELÇUK ECZA DEPOSU;SELÇUK SAMSUN;8680001116799;EKİN ECZANESİ;SINOP DOGU-BATI ILCELER;MOKSEFEN;Moksefen 400 mg 7 Film Tablet;10;3;13;1.937;
28.08.2026;İSTANBUL ECZA KOOP;İSKOOP MERKEZ;8680001118144;SÖĞÜTLÜ ECZANESİ;SAMSUN TERME;MOKSEFEN;Moksefen 400 mg 7 Film Tablet;5;1;6;894;
28.08.2026;SELÇUK ECZA DEPOSU;SELÇUK TRABZON;8680001796229;KIBRIS ECZANESİ;TRABZON MERKEZ -4;PANOCER;Panocer 40 mg 14 Enterik Kaplı Tablet;2;0;2;162;
28.08.2026;SELÇUK ECZA DEPOSU;SELÇUK TRABZON;8680001459643;TUĞBA ECZANESİ;GIRESUN MERKEZ -2;PANOCER;Panocer 40 mg 28 Enterik Kaplı Tablet;10;3;13;1.369;
28.08.2026;SELÇUK ECZA DEPOSU;SELÇUK TRABZON;8680001918928;ÖNAL ECZANESİ;TRABZON DOGU ILCELER -1;PANOCER;Panocer 40 mg 28 Enterik Kaplı Tablet;10;3;13;1.369;
28.08.2026;SELÇUK ECZA DEPOSU;SELÇUK ERZURUM;8680001600229;ŞÜKRÜPAŞA ECZANESİ;ERZURUM MERKEZ -1;PANOCER;Panocer 40 mg 28 Enterik Kaplı Tablet;10;3;13;1.369;
28.08.2026;İSTANBUL ECZA KOOP;İSKOOP MERKEZ;8680001113095;AZİZ ECZANESİ;SAMSUN ADALET;PANOCER;Panocer 40 mg 28 Enterik Kaplı Tablet;1;0;1;105;
28.08.2026;İSTANBUL ECZA KOOP;İSKOOP MERKEZ;8680001138487;SAMSUN ECZANESİ;SAMSUN ATAKUM;PANOCER;Panocer 40 mg 28 Enterik Kaplı Tablet;1;0;1;105;
28.08.2026;SELÇUK ECZA DEPOSU;SELÇUK SAMSUN;8680001121908;DENİZ ECZANESİ;SAMSUN BAFRA;PANOCER;Panocer 40 mg 28 Enterik Kaplı Tablet;10;3;13;1.369;
28.08.2026;SELÇUK ECZA DEPOSU;SELÇUK SAMSUN;8680001419517;CEYLAN ECZANESİ;SIVAS MERKEZ -2;PANOCER;Panocer 40 mg 28 Enterik Kaplı Tablet;10;3;13;1.369;
28.08.2026;SELÇUK ECZA DEPOSU;SELÇUK SAMSUN;8680001421909;YAŞAM ECZANESİ;CORUM MERKEZ -2;PANOCER;Panocer 40 mg 28 Enterik Kaplı Tablet;10;3;13;1.369;
28.08.2026;SELÇUK ECZA DEPOSU;SELÇUK SAMSUN;8680001143481;ALPER ECZANESİ;SAMSUN DOGU ILCELER;PANOCER;Panocer 40 mg 28 Enterik Kaplı Tablet;10;3;13;1.369;
28.08.2026;SELÇUK ECZA DEPOSU;SELÇUK SAMSUN;8680001156009;ŞİFA ECZANESİ;CORUM KARGI+OSMANCIK;PANOCER;Panocer 40 mg 28 Enterik Kaplı Tablet;10;3;13;1.369;
28.08.2026;SELÇUK ECZA DEPOSU;SELÇUK TRABZON;8680001213757;HAYRAT ECZANESİ;TRABZON DOGU ILCELER -1;PANOCER;Panocer 40 mg 28 Enterik Kaplı Tablet;30;12;42;4.423;
28.08.2026;SELÇUK ECZA DEPOSU;SELÇUK TRABZON;8680001566273;SADIK ECZANESİ;GIRESUN DOGU ILCELER -1;PANOCER;Panocer 40 mg 28 Enterik Kaplı Tablet;10;3;13;1.369;
28.08.2026;ALLIANCE HEALTHCARE;AH ORDU;8680001919048;BUSE ECZANESİ KUMRU;ORDU BATI ILCELER;PANOCER;Panocer 40 mg 28 Enterik Kaplı Tablet;10;3;13;1.369;
28.08.2026;İSTANBUL ECZA KOOP;İSKOOP MERKEZ;8680001499301;GİZEM ECZANESİ;AMASYA MERZIFON;PANOCER;Panocer 40 mg 28 Enterik Kaplı Tablet;10;3;13;1.369;
28.08.2026;İSTANBUL ECZA KOOP;İSKOOP MERKEZ;8680001110667;ÜMİT ECZANESİ;SAMSUN ADALET;PANOCER;Panocer 40 mg 28 Enterik Kaplı Tablet;2;0;2;211;
28.08.2026;ALLIANCE HEALTHCARE;AH ORDU;8680001171729;KURTOĞLU ECZANESİ;GIRESUN MERKEZ -2;PANOCER;Panocer 40 mg 28 Enterik Kaplı Tablet;1;0;1;105;
28.08.2026;ALLIANCE HEALTHCARE;AH TRABZON;8680001188482;ŞİFA ECZANESİ;GUMUSHANE;PANOCER;Panocer 40 mg 28 Enterik Kaplı Tablet;10;3;13;1.369;
28.08.2026;SELÇUK ECZA DEPOSU;SELÇUK ERZURUM;8680001117222;HİLAL ECZANESİ;ERZURUM GUNEY ILCELER;PANOCER;Panocer 40 mg 28 Enterik Kaplı Tablet;50;25;75;7.898;
28.08.2026;ALLIANCE HEALTHCARE;AH SAMSUN;8680001116805;SEVEN ECZANESİ;AMASYA MERKEZ -2;PANOCER;Panocer 40 mg 28 Enterik Kaplı Tablet;10;3;13;1.369;
28.08.2026;ALLIANCE HEALTHCARE;AH SAMSUN;8680001658411;SAĞLIK ECZANESİ;SAMSUN DOGU ILCELER;PANOCER;Panocer 40 mg 28 Enterik Kaplı Tablet;3;0;3;316;
28.08.2026;ALLIANCE HEALTHCARE;AH SAMSUN;8680001105106;ANADOLU ECZANESİ;SAMSUN TERME;PANOCER;Panocer 40 mg 28 Enterik Kaplı Tablet;30;12;42;4.423;
28.08.2026;ALLIANCE HEALTHCARE;AH SAMSUN;8680001513369;SÜMER ECZANESİ;SAMSUN HAVZA+KAVAK+LADIK;PANOCER;Panocer 40 mg 28 Enterik Kaplı Tablet;10;3;13;1.369;
28.08.2026;ALLIANCE HEALTHCARE;AH SAMSUN;8680001527342;ANKA ECZANESİ;SINOP GUNEY ILCELER;PANOCER;Panocer 40 mg 28 Enterik Kaplı Tablet;10;3;13;1.369;
28.08.2026;SELÇUK ECZA DEPOSU;SELÇUK TRABZON;8680001744961;ÇİÇEK ECZANESİ;RIZE BATI ILCELER;PANOCER;Panocer 40 mg 28 Enterik Kaplı Tablet;10;3;13;1.369;
28.08.2026;SELÇUK ECZA DEPOSU;SELÇUK ERZURUM;8680001171774;ARTAÇ ECZANESİ;KARS ILCELER;PANOCER;Panocer 40 mg 28 Enterik Kaplı Tablet;2;0;2;211;
28.08.2026;SELÇUK ECZA DEPOSU;SELÇUK ERZURUM;8680001947089;AĞGÜL ECZANESİ;ERZURUM MERKEZ -3;PANOCER;Panocer 40 mg 28 Enterik Kaplı Tablet;10;3;13;1.369;
28.08.2026;SELÇUK ECZA DEPOSU;SELÇUK TRABZON;8680001623709;AYDIN ECZANESİ;TRABZON AKCAABAT;PANOCER;Panocer 40 mg 28 Enterik Kaplı Tablet;30;12;42;4.423;
28.08.2026;SELÇUK ECZA DEPOSU;SELÇUK TRABZON;8680001657438;EYÜPOĞLU ECZANESİ;GIRESUN DOGU ILCELER -1;PANOCER;Panocer 40 mg 28 Enterik Kaplı Tablet;10;3;13;1.369;
28.08.2026;SELÇUK ECZA DEPOSU;SELÇUK TRABZON;8680001417711;KEŞAP ECZANESİ;GIRESUN DOGU ILCELER -1;PANOCER;Panocer 40 mg 28 Enterik Kaplı Tablet;2;0;2;211;
28.08.2026;SELÇUK ECZA DEPOSU;SELÇUK SAMSUN;8680001130108;HOCAOĞLU ECZANESİ;SAMSUN BAHCELIEVLER;PANOCER;Panocer 40 mg 28 Enterik Kaplı Tablet;10;3;13;1.369;
29.08.2026;SELÇUK ECZA DEPOSU;SELÇUK TRABZON;8680001251797;CENGİZHAN ECZANESİ;TRABZON BATI ILCELER - 2;ACİDPASS;Acidpass 10/800/165 mg 12 Çiğneme Tablet;1;0;1;112;
29.08.2026;İSTANBUL ECZA KOOP;İSKOOP MERKEZ;8680001499301;GİZEM ECZANESİ;AMASYA MERZIFON;ACİDPASS;Acidpass 10/800/165 mg 12 Çiğneme Tablet;10;1;11;1.235;
29.08.2026;SELÇUK ECZA DEPOSU;SELÇUK SAMSUN;8680001726905;DEVA ECZANESİ;ORDU DOGU ILCELER;ACİDPASS;Acidpass 10/800/165 mg 12 Çiğneme Tablet;3;0;3;337;
29.08.2026;SELÇUK ECZA DEPOSU;SELÇUK TRABZON;8680001664764;İREM ECZANESİ;GIRESUN MERKEZ -2;ACİDPASS;Acidpass 10/800/165 mg 12 Çiğneme Tablet;20;3;23;2.581;
29.08.2026;SELÇUK ECZA DEPOSU;SELÇUK TRABZON;8680001335046;ÇAMLICA ECZANESİ;ARTVIN MERKEZ+DOGU+GUNEY;ACİDPASS;Acidpass 10/800/165 mg 12 Çiğneme Tablet;10;1;11;1.235;
29.08.2026;SELÇUK ECZA DEPOSU;SELÇUK ERZURUM;8680001387571;POLAT ECZANESİ;ERZURUM MERKEZ -2;ACİDPASS;Acidpass 10/800/165 mg 6 Çiğneme Tablet;2;0;2;138;
29.08.2026;SELÇUK ECZA DEPOSU;SELÇUK ERZURUM;8680001529384;ŞEHİR BÖLGE ECZANESİ;ERZURUM MERKEZ -3;GRİPORT COLD;Griport Cold 20 Film Kaplı Tablet;5;1;6;505;
29.08.2026;İSTANBUL ECZA KOOP;İSKOOP MERKEZ;8680001116072;MEDİS ECZANESİ;SAMSUN ADALET;GRİPORT COLD;Griport Cold 20 Film Kaplı Tablet;10;3;13;1.094;
29.08.2026;SELÇUK ECZA DEPOSU;SELÇUK TRABZON;8680001701919;SELDA ECZANESİ;TRABZON MERKEZ -4;GRİPORT COLD;Griport Cold 20 Film Kaplı Tablet;3;0;3;252;
29.08.2026;SELÇUK ECZA DEPOSU;SELÇUK SAMSUN;8680001733828;DERYA DENİZ ECZANESİ;TOKAT DOGU ILCELER;MOKSEFEN;Moksefen 400 mg 7 Film Tablet;10;3;13;1.937;
29.08.2026;SELÇUK ECZA DEPOSU;SELÇUK ERZURUM;8680001119455;ŞEKER ECZANESİ;ERZURUM MERKEZ -3;MOKSEFEN;Moksefen 400 mg 7 Film Tablet;0;-2;-2;-298;
29.08.2026;ALLIANCE HEALTHCARE;AH ORDU;8680001490844;FATSA ECZANESİ;ORDU FATSA;PANOCER;Panocer 40 mg 14 Enterik Kaplı Tablet;10;3;13;1.052;
29.08.2026;ALLIANCE HEALTHCARE;AH ERZURUM;8680001425471;ÇİÇEK ECZANESİ;ERZINCAN MERKEZ;PANOCER;Panocer 40 mg 28 Enterik Kaplı Tablet;10;3;13;1.369;
29.08.2026;ALLIANCE HEALTHCARE;AH ERZURUM;8680001183487;SULTAN ECZANESİ;KARS MERKEZ;PANOCER;Panocer 40 mg 28 Enterik Kaplı Tablet;10;3;13;1.369;
29.08.2026;SELÇUK ECZA DEPOSU;SELÇUK TRABZON;8680001120406;YALI ECZANESİ;RIZE MERKEZ;PANOCER;Panocer 40 mg 28 Enterik Kaplı Tablet;-50;-25;-75;-7.898;
29.08.2026;SELÇUK ECZA DEPOSU;SELÇUK ERZURUM;8680001119455;ŞEKER ECZANESİ;ERZURUM MERKEZ -3;PANOCER;Panocer 40 mg 28 Enterik Kaplı Tablet;0;-1;-1;-105;
30.08.2026;SELÇUK ECZA DEPOSU;SELÇUK ERZURUM;8680001693542;BARAN ECZANESİ;KARS ILCELER;ACİDPASS;Acidpass 10/800/165 mg 12 Çiğneme Tablet;10;1;11;1.235;
30.08.2026;SELÇUK ECZA DEPOSU;SELÇUK SAMSUN;8680001420100;YALI ECZANESİ;ORDU UNYE;ACİDPASS;Acidpass 10/800/165 mg 12 Çiğneme Tablet;1;0;1;112;
30.08.2026;İSTANBUL ECZA KOOP;İSKOOP MERKEZ;8680001545056;EYLÜL ECZANESİ;SAMSUN ATAKUM;ACİDPASS;Acidpass 10/800/165 mg 12 Çiğneme Tablet;10;1;11;1.235;
30.08.2026;İSTANBUL ECZA KOOP;İSKOOP MERKEZ;8680001121182;YASEMİN ECZANESİ;AMASYA MERKEZ -2;ACİDPASS;Acidpass 10/800/165 mg 12 Çiğneme Tablet;3;0;3;337;
30.08.2026;İSTANBUL ECZA KOOP;İSKOOP MERKEZ;8680001121182;YASEMİN ECZANESİ;AMASYA MERKEZ -2;ACİDPASS;Acidpass 10/800/165 mg 12 Çiğneme Tablet;3;0;3;337;
30.08.2026;SELÇUK ECZA DEPOSU;SELÇUK TRABZON;8680001417711;KEŞAP ECZANESİ;GIRESUN DOGU ILCELER -1;ACİDPASS;Acidpass 10/800/165 mg 6 Çiğneme Tablet;2;0;2;138;
30.08.2026;SELÇUK ECZA DEPOSU;SELÇUK SAMSUN;8680001156634;FİLİZ ECZANESİ;ORDU MERKEZ -2;MOKSEFEN;Moksefen 400 mg 7 Film Tablet;5;1;6;894;
30.08.2026;SELÇUK ECZA DEPOSU;SELÇUK SAMSUN;8680001554423;BAŞARAN ECZANESİ;SAMSUN RASATHANE;PANOCER;Panocer 40 mg 28 Enterik Kaplı Tablet;10;3;13;1.369;
30.08.2026;ALLIANCE HEALTHCARE;AH TRABZON;8680001338566;FARUK ECZANESİ;TRABZON MERKEZ -1;PANOCER;Panocer 40 mg 28 Enterik Kaplı Tablet;10;3;13;1.369;
31.08.2026;İSTANBUL ECZA KOOP;İSKOOP MERKEZ;8680001421763;BESTE ECZANESİ;AMASYA MERKEZ -2;ACİDPASS;Acidpass 10/800/165 mg 12 Çiğneme Tablet;2;0;2;224;
31.08.2026;İSTANBUL ECZA KOOP;İSKOOP MERKEZ;8680001144006;YARAR ECZANESİ;AMASYA ILCELER;ACİDPASS;Acidpass 10/800/165 mg 12 Çiğneme Tablet;10;1;11;1.235;
31.08.2026;SELÇUK ECZA DEPOSU;SELÇUK TRABZON;8680001485406;MEDEA ECZANESİ;ARTVIN KUZEY ILCELER;ACİDPASS;Acidpass 10/800/165 mg 12 Çiğneme Tablet;10;1;11;1.235;
31.08.2026;SELÇUK ECZA DEPOSU;SELÇUK TRABZON;8680001705771;ÇAMLIHEMŞİN ECZANESİ;RIZE BATI ILCELER;ACİDPASS;Acidpass 10/800/165 mg 12 Çiğneme Tablet;10;1;11;1.235;
31.08.2026;SELÇUK ECZA DEPOSU;SELÇUK TRABZON;8680001123414;KARADENİZ ECZANESİ;RIZE DOGU ILCELER;ACİDPASS;Acidpass 10/800/165 mg 12 Çiğneme Tablet;10;1;11;1.235;
31.08.2026;SELÇUK ECZA DEPOSU;SELÇUK ERZURUM;8680001714285;DERMAN ECZANESİ;ERZURUM GUNEY ILCELER;ACİDPASS;Acidpass 10/800/165 mg 12 Çiğneme Tablet;2;0;2;224;
31.08.2026;SELÇUK ECZA DEPOSU;SELÇUK SAMSUN;8680001488216;ÇİĞDEM ECZANESİ;AMASYA ILCELER;ACİDPASS;Acidpass 10/800/165 mg 12 Çiğneme Tablet;20;3;23;2.581;
31.08.2026;İSTANBUL ECZA KOOP;İSKOOP MERKEZ;8680001103447;HEKİMOĞLU ECZANESİ;SAMSUN CANIK;ACİDPASS;Acidpass 10/800/165 mg 12 Çiğneme Tablet;3;0;3;337;
31.08.2026;SELÇUK ECZA DEPOSU;SELÇUK SAMSUN;8680001692699;TAHA ECZANESİ;SAMSUN ATAKUM;ACİDPASS;Acidpass 10/800/165 mg 12 Çiğneme Tablet;3;0;3;337;
31.08.2026;SELÇUK ECZA DEPOSU;SELÇUK SAMSUN;8680001188420;SAĞLIK ECZANESİ;ORDU MERKEZ -2;ACİDPASS;Acidpass 10/800/165 mg 12 Çiğneme Tablet;10;1;11;1.235;
31.08.2026;SELÇUK ECZA DEPOSU;SELÇUK SAMSUN;8680001158195;ÇAĞLI ECZANESİ;CORUM MERKEZ -1;ACİDPASS;Acidpass 10/800/165 mg 12 Çiğneme Tablet;10;1;11;1.235;
31.08.2026;SELÇUK ECZA DEPOSU;SELÇUK SAMSUN;8680001422104;SERDAR ECZANESİ;TOKAT MERKEZ -1;ACİDPASS;Acidpass 10/800/165 mg 12 Çiğneme Tablet;6;0;6;673;
31.08.2026;SELÇUK ECZA DEPOSU;SELÇUK SAMSUN;8680001145263;GÜNAYDIN ECZANESİ;CORUM MERKEZ -3;ACİDPASS;Acidpass 10/800/165 mg 12 Çiğneme Tablet;10;1;11;1.235;
31.08.2026;SELÇUK ECZA DEPOSU;SELÇUK SAMSUN;8680001158553;ERMAN ECZANESİ;CORUM MERKEZ -1;ACİDPASS;Acidpass 10/800/165 mg 12 Çiğneme Tablet;2;0;2;224;
31.08.2026;SELÇUK ECZA DEPOSU;SELÇUK SAMSUN;8680001158553;ERMAN ECZANESİ;CORUM MERKEZ -1;ACİDPASS;Acidpass 10/800/165 mg 12 Çiğneme Tablet;2;0;2;224;
31.08.2026;SELÇUK ECZA DEPOSU;SELÇUK SAMSUN;8680001147403;ELİF ECZANESİ;CORUM MERKEZ -1;ACİDPASS;Acidpass 10/800/165 mg 12 Çiğneme Tablet;10;1;11;1.235;
31.08.2026;SELÇUK ECZA DEPOSU;SELÇUK SAMSUN;8680001116256;FATİH ECZANESİ;AMASYA MERKEZ -2;ACİDPASS;Acidpass 10/800/165 mg 12 Çiğneme Tablet;10;1;11;1.235;
31.08.2026;SELÇUK ECZA DEPOSU;SELÇUK SAMSUN;8680001163717;KARADENİZ ECZANESİ;ORDU DOGU ILCELER;ACİDPASS;Acidpass 10/800/165 mg 12 Çiğneme Tablet;5;0;5;561;
31.08.2026;SELÇUK ECZA DEPOSU;SELÇUK TRABZON;8680001277117;KADİR ECZANESİ;TRABZON BATI ILCELER - 2;ACİDPASS;Acidpass 10/800/165 mg 12 Çiğneme Tablet;5;0;5;561;
31.08.2026;SELÇUK ECZA DEPOSU;SELÇUK SAMSUN;8680001948888;KOÇ ECZANESİ;ORDU FATSA;ACİDPASS;Acidpass 10/800/165 mg 12 Çiğneme Tablet;20;3;23;2.581;
31.08.2026;İSTANBUL ECZA KOOP;İSKOOP MERKEZ;8680001465699;GİZEM ECZANESİ;SINOP DOGU-BATI ILCELER;ACİDPASS;Acidpass 10/800/165 mg 12 Çiğneme Tablet;20;3;23;2.581;
31.08.2026;SELÇUK ECZA DEPOSU;SELÇUK ERZURUM;8680001698394;GÖZDE ECZANESİ;ERZURUM MERKEZ -1;ACİDPASS;Acidpass 10/800/165 mg 12 Çiğneme Tablet;1;0;1;112;
31.08.2026;SELÇUK ECZA DEPOSU;SELÇUK TRABZON;8680001749973;BURCU ECZANESİ;TRABZON MERKEZ -2;ACİDPASS;Acidpass 10/800/165 mg 12 Çiğneme Tablet;-1;0;-1;-112;
31.08.2026;SELÇUK ECZA DEPOSU;SELÇUK ERZURUM;8680001899371;FIRAT ECZANESİ;ERZURUM GUNEY ILCELER;ACİDPASS;Acidpass 10/800/165 mg 12 Çiğneme Tablet;2;0;2;224;
31.08.2026;SELÇUK ECZA DEPOSU;SELÇUK TRABZON;8680001257065;YAZICI ECZANESİ;TRABZON MERKEZ -4;ACİDPASS;Acidpass 10/800/165 mg 12 Çiğneme Tablet;5;0;5;561;
31.08.2026;SELÇUK ECZA DEPOSU;SELÇUK TRABZON;8680001339976;TOPALOĞLU ECZANESİ;TRABZON DOGU ILCELER -1;ACİDPASS;Acidpass 10/800/165 mg 12 Çiğneme Tablet;10;1;11;1.235;
31.08.2026;SELÇUK ECZA DEPOSU;SELÇUK TRABZON;8680001170463;ŞİFA ECZANESİ;GUMUSHANE;ACİDPASS;Acidpass 10/800/165 mg 6 Çiğneme Tablet;10;1;11;758;
31.08.2026;SELÇUK ECZA DEPOSU;SELÇUK SAMSUN;8680001943159;ELA ECZANESİ;SAMSUN ATAKENT+19 MAYIS;ACİDPASS;Acidpass 10/800/165 mg 6 Çiğneme Tablet;5;0;5;344;
31.08.2026;SELÇUK ECZA DEPOSU;SELÇUK SAMSUN;8680001520909;RUMEYSA ECZANESİ;SIVAS MERKEZ -2;FAMTREC;Famtrec 800/26,6mg 14 Film Kaplı Tablet;2;0;2;204;
31.08.2026;SELÇUK ECZA DEPOSU;SELÇUK SAMSUN;8680001740581;AYŞENUR ECZANESİ;ORDU FATSA;FAMTREC;Famtrec 800/26,6mg 14 Film Kaplı Tablet;1;0;1;102;
31.08.2026;SELÇUK ECZA DEPOSU;SELÇUK SAMSUN;8680001302963;YENİ ECZANESİ;ORDU MERKEZ -2;FAMTREC;Famtrec 800/26,6mg 14 Film Kaplı Tablet;1;0;1;102;
31.08.2026;SELÇUK ECZA DEPOSU;SELÇUK SAMSUN;8680001806300;ŞÜKRÜ ECZANESİ;ORDU BATI ILCELER;FAMTREC;Famtrec 800/26,6mg 14 Film Kaplı Tablet;2;0;2;204;
31.08.2026;SELÇUK ECZA DEPOSU;SELÇUK SAMSUN;8680001740581;AYŞENUR ECZANESİ;ORDU FATSA;FAMTREC;Famtrec 800/26,6mg 14 Film Kaplı Tablet;2;0;2;204;
31.08.2026;SELÇUK ECZA DEPOSU;SELÇUK TRABZON;8680001170876;IŞIK ECZANESİ;GUMUSHANE;FAMTREC;Famtrec 800/26,6mg 14 Film Kaplı Tablet;2;0;2;204;
31.08.2026;SELÇUK ECZA DEPOSU;SELÇUK ERZURUM;8680001168767;PASİNLER ECZANESİ;ERZURUM GUNEY ILCELER;FAMTREC;Famtrec 800/26,6mg 14 Film Kaplı Tablet;3;0;3;307;
31.08.2026;SELÇUK ECZA DEPOSU;SELÇUK SAMSUN;8680001695935;GÖNÜL ECZANESİ;ORDU GUNEY ILCELER -1;FAMTREC;Famtrec 800/26,6mg 14 Film Kaplı Tablet;1;0;1;102;
31.08.2026;SELÇUK ECZA DEPOSU;SELÇUK SAMSUN;8680001185276;BAŞÇİFTLİK ECZANESİ;TOKAT DOGU ILCELER;FAMTREC;Famtrec 800/26,6mg 14 Film Kaplı Tablet;1;0;1;102;
31.08.2026;İSTANBUL ECZA KOOP;İSKOOP MERKEZ;8680001118212;VATAN ECZANESİ;AMASYA MERKEZ -1;FAMTREC;Famtrec 800/26,6mg 14 Film Kaplı Tablet;1;0;1;102;
31.08.2026;İSTANBUL ECZA KOOP;İSKOOP MERKEZ;8680001120758;SIHHAT ECZANESİ;SINOP DOGU-BATI ILCELER;GRİPORT COLD;Griport Cold 20 Film Kaplı Tablet;10;3;13;1.094;
31.08.2026;SELÇUK ECZA DEPOSU;SELÇUK SAMSUN;8680001111565;ERDEN ECZANESİ;SAMSUN ATAKUM;GRİPORT COLD;Griport Cold 20 Film Kaplı Tablet;5;1;6;505;
31.08.2026;SELÇUK ECZA DEPOSU;SELÇUK ERZURUM;8680001698394;GÖZDE ECZANESİ;ERZURUM MERKEZ -1;MOKSEFEN;Moksefen 400 mg 7 Film Tablet;1;0;1;149;
31.08.2026;SELÇUK ECZA DEPOSU;SELÇUK ERZURUM;8680001112418;TEKMAN ECZANESİ;ERZURUM GUNEY ILCELER;MOKSEFEN;Moksefen 400 mg 7 Film Tablet;30;15;45;6.705;
31.08.2026;SELÇUK ECZA DEPOSU;SELÇUK ERZURUM;8680001714285;DERMAN ECZANESİ;ERZURUM GUNEY ILCELER;PANOCER;Panocer 40 mg 28 Enterik Kaplı Tablet;10;3;13;1.369;
31.08.2026;SELÇUK ECZA DEPOSU;SELÇUK ERZURUM;8680001239030;ARI ECZANESİ;ERZINCAN MERKEZ;PANOCER;Panocer 40 mg 28 Enterik Kaplı Tablet;10;3;13;1.369;
31.08.2026;SELÇUK ECZA DEPOSU;SELÇUK SAMSUN;8680001138647;ÖZLEM ECZANESİ;SINOP DOGU-BATI ILCELER;PANOCER;Panocer 40 mg 28 Enterik Kaplı Tablet;10;3;13;1.369;
31.08.2026;SELÇUK ECZA DEPOSU;SELÇUK ERZURUM;8680001698622;YAŞAM ECZANESİ;ERZURUM GUNEY ILCELER;PANOCER;Panocer 40 mg 28 Enterik Kaplı Tablet;10;3;13;1.369;
31.08.2026;SELÇUK ECZA DEPOSU;SELÇUK TRABZON;8680001473922;TOLGA ECZANESİ;GIRESUN DOGU ILCELER -1;PANOCER;Panocer 40 mg 28 Enterik Kaplı Tablet;10;3;13;1.369;
31.08.2026;SELÇUK ECZA DEPOSU;SELÇUK TRABZON;8680001659203;FEYZA ECZANESİ;ARTVIN KUZEY ILCELER;PANOCER;Panocer 40 mg 28 Enterik Kaplı Tablet;30;12;42;4.423;
31.08.2026;SELÇUK ECZA DEPOSU;SELÇUK SAMSUN;8680001666829;ARİF ECZANESİ;ORDU DOGU ILCELER;PANOCER;Panocer 40 mg 28 Enterik Kaplı Tablet;30;12;42;4.423;
31.08.2026;SELÇUK ECZA DEPOSU;SELÇUK SAMSUN;8680001183128;ÇAĞRI ECZANESİ;TOKAT MERKEZ -2;PANOCER;Panocer 40 mg 28 Enterik Kaplı Tablet;10;3;13;1.369;
31.08.2026;SELÇUK ECZA DEPOSU;SELÇUK TRABZON;8680001185917;MELİS ECZANESİ;GIRESUN BULANCAK+PIRAZIZ;PANOCER;Panocer 40 mg 28 Enterik Kaplı Tablet;10;3;13;1.369;
31.08.2026;İSTANBUL ECZA KOOP;İSKOOP MERKEZ;8680001199297;ŞENBİL ECZANESİ;TOKAT BATI ILCELER;PANOCER;Panocer 40 mg 28 Enterik Kaplı Tablet;10;3;13;1.369;
31.08.2026;ALLIANCE HEALTHCARE;AH ORDU;8680001156580;FATİH ECZANESİ;ORDU MERKEZ -1;PANOCER;Panocer 40 mg 28 Enterik Kaplı Tablet;2;0;2;211;
31.08.2026;ALLIANCE HEALTHCARE;AH ORDU;8680001163717;KARADENİZ ECZANESİ;ORDU DOGU ILCELER;PANOCER;Panocer 40 mg 28 Enterik Kaplı Tablet;10;3;13;1.369;
31.08.2026;ALLIANCE HEALTHCARE;AH TRABZON;8680001535347;ŞAVŞAT ECZANESİ;ARTVIN MERKEZ+DOGU+GUNEY;PANOCER;Panocer 40 mg 28 Enterik Kaplı Tablet;10;3;13;1.369;
31.08.2026;ALLIANCE HEALTHCARE;AH KAYSERİ;8680001559183;BAĞDAT ECZANESİ;SIVAS MERKEZ -4;PANOCER;Panocer 40 mg 28 Enterik Kaplı Tablet;10;3;13;1.369;
31.08.2026;ALLIANCE HEALTHCARE;AH TRABZON;8680001283088;ŞÜKRANİYE ECZANESİ;TRABZON MERKEZ -1;PANOCER;Panocer 40 mg 28 Enterik Kaplı Tablet;30;12;42;4.423;
31.08.2026;ALLIANCE HEALTHCARE;AH TRABZON;8680001198276;SAĞLIK ECZANESİ;TRABZON DOGU ILCELER -1;PANOCER;Panocer 40 mg 28 Enterik Kaplı Tablet;50;25;75;7.898;
31.08.2026;ALLIANCE HEALTHCARE;AH SAMSUN;8680001658411;SAĞLIK ECZANESİ;SAMSUN DOGU ILCELER;PANOCER;Panocer 40 mg 28 Enterik Kaplı Tablet;3;0;3;316;
31.08.2026;ALLIANCE HEALTHCARE;AH SAMSUN;8680001346851;BULVAR ECZANESİ;SAMSUN BAFRA;PANOCER;Panocer 40 mg 28 Enterik Kaplı Tablet;5;0;5;527;
31.08.2026;ALLIANCE HEALTHCARE;AH SAMSUN;8680001453061;ÖMÜREVLERİ ECZANESİ;SAMSUN ATAKUM;PANOCER;Panocer 40 mg 28 Enterik Kaplı Tablet;1;0;1;105;
31.08.2026;ALLIANCE HEALTHCARE;AH SAMSUN;8680001124367;ELİF ECZANESİ;SAMSUN BAFRA;PANOCER;Panocer 40 mg 28 Enterik Kaplı Tablet;30;12;42;4.423;
31.08.2026;ALLIANCE HEALTHCARE;AH SAMSUN;8680001102150;BÜYÜK ECZANESİ;SAMSUN ATAKUM;PANOCER;Panocer 40 mg 28 Enterik Kaplı Tablet;3;0;3;316;
31.08.2026;ALLIANCE HEALTHCARE;AH SAMSUN;8680001132935;MERKEZ ECZANESİ;SAMSUN BAFRA;PANOCER;Panocer 40 mg 28 Enterik Kaplı Tablet;30;12;42;4.423;
31.08.2026;ALLIANCE HEALTHCARE;AH SAMSUN;8680001460229;ELİF ECZANESİ;SAMSUN DOGU ILCELER - 2;PANOCER;Panocer 40 mg 28 Enterik Kaplı Tablet;30;12;42;4.423;
31.08.2026;ALLIANCE HEALTHCARE;AH SAMSUN;8680001658411;SAĞLIK ECZANESİ;SAMSUN DOGU ILCELER;PANOCER;Panocer 40 mg 28 Enterik Kaplı Tablet;2;0;2;211;
31.08.2026;SELÇUK ECZA DEPOSU;SELÇUK SAMSUN;8680001123148;MERVE ECZANESİ;SINOP DOGU-BATI ILCELER;PANOCER;Panocer 40 mg 28 Enterik Kaplı Tablet;2;0;2;211;
31.08.2026;İSTANBUL ECZA KOOP;İSKOOP MERKEZ;8680001730612;KUMSAL ECZANESİ;SINOP DOGU-BATI ILCELER;PANOCER;Panocer 40 mg 28 Enterik Kaplı Tablet;10;3;13;1.369;
31.08.2026;SELÇUK ECZA DEPOSU;SELÇUK SAMSUN;8680001263066;LAÇİN ECZANESİ;SINOP MERKEZ;PANOCER;Panocer 40 mg 28 Enterik Kaplı Tablet;10;3;13;1.369;
31.08.2026;SELÇUK ECZA DEPOSU;SELÇUK SAMSUN;8680001170678;GÖKHAN ECZANESİ;TOKAT DOGU ILCELER;PANOCER;Panocer 40 mg 28 Enterik Kaplı Tablet;10;3;13;1.369;
31.08.2026;SELÇUK ECZA DEPOSU;SELÇUK SAMSUN;8680001428854;ÇAĞLA ECZANESİ;ORDU DOGU ILCELER;PANOCER;Panocer 40 mg 28 Enterik Kaplı Tablet;-30;-12;-42;-4.423;
31.08.2026;SELÇUK ECZA DEPOSU;SELÇUK SAMSUN;8680001112050;TÜRKER ECZANESİ;SAMSUN RASATHANE;PANOCER;Panocer 40 mg 28 Enterik Kaplı Tablet;10;3;13;1.369;
31.08.2026;SELÇUK ECZA DEPOSU;SELÇUK SAMSUN;8680001190881;ARTOVA ECZANESİ;TOKAT BATI ILCELER;PANOCER;Panocer 40 mg 28 Enterik Kaplı Tablet;6;0;6;632;
31.08.2026;SELÇUK ECZA DEPOSU;SELÇUK SAMSUN;8680001733743;ECZANE İLGİ;TOKAT DOGU ILCELER;PANOCER;Panocer 40 mg 28 Enterik Kaplı Tablet;10;3;13;1.369;
