Tarih;Ana Depo;Depo;GLN;Kontak Adı;Kontak Brick;Ürün;Form;Satış Adet;Satış MF;Toplam Satış;Toplam Tutar;İade
01.07.2026;ALLIANCE HEALTHCARE;AH ERZURUM;8680001848560;CAN ECZANESİ;AGRI DIYADIN+D.BEYAZIT;ACİDPASS;Acidpass 10/800/165 mg 12 Çiğneme Tablet;5;0;5;561;
01.07.2026;SELÇUK ECZA DEPOSU;SELÇUK ERZURUM;8680001752201;ÇAPA ECZANESİ;AGRI DIYADIN+D.BEYAZIT;MOKSEFEN;Moksefen 400 mg 7 Film Tablet;5;1;6;745;
01.07.2026;ALLIANCE HEALTHCARE;AH ERZURUM;8680001631988;EYLÜL ECZANESİ;AGRI DIYADIN+D.BEYAZIT;PANOCER;Panocer 40 mg 28 Enterik Kaplı Tablet;50;25;75;5.266;
01.07.2026;ALLIANCE HEALTHCARE;AH ERZURUM;8680001848560;CAN ECZANESİ;AGRI DIYADIN+D.BEYAZIT;PANOCER;Panocer 40 mg 28 Enterik Kaplı Tablet;10;3;13;1.053;
02.07.2026;SELÇUK ECZA DEPOSU;SELÇUK ERZURUM;8680001102396;ALTINÖRS ECZANESİ;AGRI DIYADIN+D.BEYAZIT;MOKSEFEN;Moksefen 400 mg 7 Film Tablet;5;1;6;745;
02.07.2026;ALLIANCE HEALTHCARE;AH ERZURUM;8680001800322;SAĞLIK ECZANESİ;AGRI DIYADIN+D.BEYAZIT;MOKSEFEN;Moksefen 400 mg 7 Film Tablet;5;1;6;745;
02.07.2026;SELÇUK ECZA DEPOSU;SELÇUK ERZURUM;8680001913473;BERFIN ECZ.TUTAK;AGRI DIYADIN+D.BEYAZIT;MOKSEFEN;Moksefen 400 mg 7 Film Tablet;5;1;6;745;
03.07.2026;SELÇUK ECZA DEPOSU;SELÇUK ERZURUM;8680001713295;AFA ECZANESİ;AGRI DIYADIN+D.BEYAZIT;PANOCER;Panocer 40 mg 28 Enterik Kaplı Tablet;30;12;42;3.159;
03.07.2026;SELÇUK ECZA DEPOSU;SELÇUK ERZURUM;8680001721993;DERMAN DİYADİN ECZANESİ;AGRI DIYADIN+D.BEYAZIT;PANOCER;Panocer 40 mg 28 Enterik Kaplı Tablet;100;60;160;10.531;
06.07.2026;ALLIANCE HEALTHCARE;AH ERZURUM;8680001703869;MONA ECZANESİ;AGRI DIYADIN+D.BEYAZIT;MOKSEFEN;Moksefen 400 mg 7 Film Tablet;20;10;30;2.980;
09.07.2026;ALLIANCE HEALTHCARE;AH ERZURUM;8680001695218;SULTAN ECZANESİ;AGRI DIYADIN+D.BEYAZIT;ACİDPASS;Acidpass 10/800/165 mg 12 Çiğneme Tablet;5;0;5;561;
09.07.2026;SELÇUK ECZA DEPOSU;SELÇUK ERZURUM;8680001811915;ŞİFA ECZANESİ;AGRI DIYADIN+D.BEYAZIT;ACİDPASS;Acidpass 10/800/165 mg 12 Çiğneme Tablet;2;0;2;224;
09.07.2026;SELÇUK ECZA DEPOSU;SELÇUK ERZURUM;8680001898152;YENI HALK ECAZANESİ;AGRI DIYADIN+D.BEYAZIT;ACİDPASS;Acidpass 10/800/165 mg 12 Çiğneme Tablet;3;0;3;337;
09.07.2026;ALLIANCE HEALTHCARE;AH ERZURUM;8680001703869;MONA ECZANESİ;AGRI DIYADIN+D.BEYAZIT;PANOCER;Panocer 40 mg 28 Enterik Kaplı Tablet;50;25;75;5.266;
09.07.2026;ALLIANCE HEALTHCARE;AH ERZURUM;8680001814909;YAŞAM ECZANESİ;AGRI DIYADIN+D.BEYAZIT;PANOCER;Panocer 40 mg 28 Enterik Kaplı Tablet;10;3;13;1.053;
10.07.2026;SELÇUK ECZA DEPOSU;SELÇUK ERZURUM;8680001811915;ŞİFA ECZANESİ;AGRI DIYADIN+D.BEYAZIT;MOKSEFEN;Moksefen 400 mg 7 Film Tablet;2;0;2;298;
10.07.2026;ALLIANCE HEALTHCARE;AH ERZURUM;8680001145935;DİLAN ECZANESİ;AGRI DIYADIN+D.BEYAZIT;PANOCER;Panocer 40 mg 28 Enterik Kaplı Tablet;10;3;13;1.053;
10.07.2026;SELÇUK ECZA DEPOSU;SELÇUK ERZURUM;8680001642403;DOĞA ECZANESİ;AGRI DIYADIN+D.BEYAZIT;PANOCER;Panocer 40 mg 28 Enterik Kaplı Tablet;10;3;13;1.053;
13.07.2026;ALLIANCE HEALTHCARE;AH ERZURUM;8680001703869;MONA ECZANESİ;AGRI DIYADIN+D.BEYAZIT;GRİPORT COLD;Griport Cold 20 Film Kaplı Tablet;6;1;7;505;
13.07.2026;ALLIANCE HEALTHCARE;AH ERZURUM;8680001848560;CAN ECZANESİ;AGRI DIYADIN+D.BEYAZIT;PANOCER;Panocer 40 mg 28 Enterik Kaplı Tablet;10;3;13;1.053;
13.07.2026;SELÇUK ECZA DEPOSU;SELÇUK ERZURUM;8680001898152;YENI HALK ECAZANESİ;AGRI DIYADIN+D.BEYAZIT;PANOCER;Panocer 40 mg 28 Enterik Kaplı Tablet;10;3;13;1.053;
14.07.2026;SELÇUK ECZA DEPOSU;SELÇUK ERZURUM;8680001102396;ALTINÖRS ECZANESİ;AGRI DIYADIN+D.BEYAZIT;ACİDPASS;Acidpass 10/800/165 mg 12 Çiğneme Tablet;1;0;1;112;
14.07.2026;ALLIANCE HEALTHCARE;AH ERZURUM;8680001811915;ŞİFA ECZANESİ;AGRI DIYADIN+D.BEYAZIT;ACİDPASS;Acidpass 10/800/165 mg 12 Çiğneme Tablet;3;0;3;337;
15.07.2026;ALLIANCE HEALTHCARE;AH ERZURUM;8680001810277;TANCA ECZANESİ;AGRI DIYADIN+D.BEYAZIT;PANOCER;Panocer 40 mg 28 Enterik Kaplı Tablet;3;0;3;316;
16.07.2026;ALLIANCE HEALTHCARE;AH ERZURUM;8680001102396;ALTINÖRS ECZANESİ;AGRI DIYADIN+D.BEYAZIT;ACİDPASS;Acidpass 10/800/165 mg 12 Çiğneme Tablet;2;0;2;224;
16.07.2026;SELÇUK ECZA DEPOSU;SELÇUK ERZURUM;8680001726561;DÜNYA ECZANESİ;AGRI DIYADIN+D.BEYAZIT;PANOCER;Panocer 40 mg 28 Enterik Kaplı Tablet;10;3;13;1.053;
17.07.2026;SELÇUK ECZA DEPOSU;SELÇUK ERZURUM;8680001814909;YAŞAM ECZANESİ;AGRI DIYADIN+D.BEYAZIT;ACİDPASS;Acidpass 10/800/165 mg 12 Çiğneme Tablet;2;0;2;224;
17.07.2026;ALLIANCE HEALTHCARE;AH ERZURUM;8680001810277;TANCA ECZANESİ;AGRI DIYADIN+D.BEYAZIT;PANOCER;Panocer 40 mg 28 Enterik Kaplı Tablet;4;0;4;421;
20.07.2026;SELÇUK ECZA DEPOSU;SELÇUK ERZURUM;8680001663729;ZEYNEP ECZANESİ;AGRI DIYADIN+D.BEYAZIT;ACİDPASS;Acidpass 10/800/165 mg 12 Çiğneme Tablet;2;0;2;224;
21.07.2026;ALLIANCE HEALTHCARE;AH ERZURUM;8680001472628;EGE ECZANESİ;AGRI DIYADIN+D.BEYAZIT;PANOCER;Panocer 40 mg 28 Enterik Kaplı Tablet;10;3;13;1.053;
21.07.2026;ALLIANCE HEALTHCARE;AH ERZURUM;8680001811915;ŞİFA ECZANESİ;AGRI DIYADIN+D.BEYAZIT;PANOCER;Panocer 40 mg 28 Enterik Kaplı Tablet;5;0;5;527;
22.07.2026;SELÇUK ECZA DEPOSU;SELÇUK ERZURUM;8680001752225;YAĞMUR ECZANESİ;AGRI DIYADIN+D.BEYAZIT;ACİDPASS;Acidpass 10/800/165 mg 12 Çiğneme Tablet;3;0;3;337;
22.07.2026;SELÇUK ECZA DEPOSU;SELÇUK ERZURUM;8680001145935;DİLAN ECZANESİ;AGRI DIYADIN+D.BEYAZIT;PANOCER;Panocer 40 mg 28 Enterik Kaplı Tablet;10;3;13;1.053;
23.07.2026;ALLIANCE HEALTHCARE;AH ERZURUM;8680001440801;TEKİN ECZANESİ;AGRI DIYADIN+D.BEYAZIT;FAMTREC;Famtrec 800/26,6mg 14 Film Kaplı Tablet;2;0;2;204;
23.07.2026;ALLIANCE HEALTHCARE;AH ERZURUM;8680001811915;ŞİFA ECZANESİ;AGRI DIYADIN+D.BEYAZIT;PANOCER;Panocer 40 mg 28 Enterik Kaplı Tablet;10;3;13;1.053;
24.07.2026;SELÇUK ECZA DEPOSU;SELÇUK ERZURUM;8680001752201;ÇAPA ECZANESİ;AGRI DIYADIN+D.BEYAZIT;PANOCER;Panocer 40 mg 28 Enterik Kaplı Tablet;10;3;13;1.053;
26.07.2026;SELÇUK ECZA DEPOSU;SELÇUK ERZURUM;8680001145935;DİLAN ECZANESİ;AGRI DIYADIN+D.BEYAZIT;PANOCER;Panocer 40 mg 28 Enterik Kaplı Tablet;10;3;13;1.053;
27.07.2026;ALLIANCE HEALTHCARE;AH ERZURUM;8680001703869;MONA ECZANESİ;AGRI DIYADIN+D.BEYAZIT;ACİDPASS;Acidpass 10/800/165 mg 12 Çiğneme Tablet;10;1;11;1.122;
27.07.2026;SELÇUK ECZA DEPOSU;SELÇUK ERZURUM;8680001145935;DİLAN ECZANESİ;AGRI DIYADIN+D.BEYAZIT;PANOCER;Panocer 40 mg 28 Enterik Kaplı Tablet;20;6;26;2.106;
29.07.2026;ALLIANCE HEALTHCARE;AH ERZURUM;8680001472628;EGE ECZANESİ;AGRI DIYADIN+D.BEYAZIT;ACİDPASS;Acidpass 10/800/165 mg 12 Çiğneme Tablet;3;0;3;337;
30.07.2026;ALLIANCE HEALTHCARE;AH ERZURUM;8680001703869;MONA ECZANESİ;AGRI DIYADIN+D.BEYAZIT;MOKSEFEN;Moksefen 400 mg 7 Film Tablet;20;10;30;2.980;
30.07.2026;ALLIANCE HEALTHCARE;AH ERZURUM;8680001800322;SAĞLIK ECZANESİ;AGRI DIYADIN+D.BEYAZIT;PANOCER;Panocer 40 mg 28 Enterik Kaplı Tablet;2;0;2;211;
30.07.2026;SELÇUK ECZA DEPOSU;SELÇUK ERZURUM;8680001811915;ŞİFA ECZANESİ;AGRI DIYADIN+D.BEYAZIT;PANOCER;Panocer 40 mg 28 Enterik Kaplı Tablet;10;3;13;1.053;
30.07.2026;SELÇUK ECZA DEPOSU;SELÇUK ERZURUM;8680001814909;YAŞAM ECZANESİ;AGRI DIYADIN+D.BEYAZIT;PANOCER;Panocer 40 mg 28 Enterik Kaplı Tablet;10;3;13;1.053;
01.07.2026;SELÇUK ECZA DEPOSU;SELÇUK ERZURUM;8680001145980;ÖZLEM ECZANESİ;AGRI ILCELER;ACİDPASS;Acidpass 10/800/165 mg 12 Çiğneme Tablet;3;0;3;337;
01.07.2026;ALLIANCE HEALTHCARE;AH ERZURUM;8680001861699;ŞİFA ECZANESİ;AGRI ILCELER;ACİDPASS;Acidpass 10/800/165 mg 6 Çiğneme Tablet;2;0;2;138;
02.07.2026;SELÇUK ECZA DEPOSU;SELÇUK ERZURUM;8680001750887;YENİ İSTANBUL ECZANESİ;AGRI ILCELER;ACİDPASS;Acidpass 10/800/165 mg 12 Çiğneme Tablet;10;1;11;1.122;
03.07.2026;ALLIANCE HEALTHCARE;AH ERZURUM;8680001906369;ESRA ECZANESİ;AGRI ILCELER;PANOCER;Panocer 40 mg 28 Enterik Kaplı Tablet;30;12;42;3.159;
06.07.2026;ALLIANCE HEALTHCARE;AH ERZURUM;8680001111923;ELEŞKİRT ECZANESİ;AGRI ILCELER;GRİPORT COLD;Griport Cold 20 Film Kaplı Tablet;1;0;1;84;
08.07.2026;SELÇUK ECZA DEPOSU;SELÇUK ERZURUM;8680001103102;TUTAK ECZANESİ;AGRI ILCELER;PANOCER;Panocer 40 mg 28 Enterik Kaplı Tablet;30;12;42;3.159;
09.07.2026;NEVZAT ECZA DEPOSU;NEVZAT ERZURUM;8680001695386;ÖMER ECZANESİ;AGRI ILCELER;PANOCER;Panocer 40 mg 28 Enterik Kaplı Tablet;30;12;42;3.159;
09.07.2026;SELÇUK ECZA DEPOSU;SELÇUK ERZURUM;8680001145980;ÖZLEM ECZANESİ;AGRI ILCELER;PANOCER;Panocer 40 mg 28 Enterik Kaplı Tablet;30;12;42;3.159;
10.07.2026;SELÇUK ECZA DEPOSU;SELÇUK ERZURUM;8680001721962;MERKEZ ECZANESİ;AGRI ILCELER;PANOCER;Panocer 40 mg 28 Enterik Kaplı Tablet;165;135;300;17.377;
13.07.2026;ALLIANCE HEALTHCARE;AH ERZURUM;8680001458844;DEVA ECZANESİ;AGRI ILCELER;ACİDPASS;Acidpass 10/800/165 mg 12 Çiğneme Tablet;3;0;3;337;
13.07.2026;SELÇUK ECZA DEPOSU;SELÇUK ERZURUM;8680001742967;SÜPHAN ECZANESİ;AGRI ILCELER;ACİDPASS;Acidpass 10/800/165 mg 12 Çiğneme Tablet;3;0;3;337;
13.07.2026;SELÇUK ECZA DEPOSU;SELÇUK ERZURUM;8680001553112;BEYZA ECZANESİ;AGRI ILCELER;PANOCER;Panocer 40 mg 28 Enterik Kaplı Tablet;10;3;13;1.053;
14.07.2026;SELÇUK ECZA DEPOSU;SELÇUK ERZURUM;8680001485857;EMEK ECZANESİ;AGRI ILCELER;ACİDPASS;Acidpass 10/800/165 mg 12 Çiğneme Tablet;3;0;3;337;
14.07.2026;SELÇUK ECZA DEPOSU;SELÇUK ERZURUM;8680001485857;EMEK ECZANESİ;AGRI ILCELER;GRİPORT COLD;Griport Cold 20 Film Kaplı Tablet;15;0;15;1.262;
14.07.2026;SELÇUK ECZA DEPOSU;SELÇUK ERZURUM;8680001145980;ÖZLEM ECZANESİ;AGRI ILCELER;GRİPORT COLD;Griport Cold 20 Film Kaplı Tablet;12;0;12;1.010;
14.07.2026;ALLIANCE HEALTHCARE;AH ERZURUM;8680001906369;ESRA ECZANESİ;AGRI ILCELER;MOKSEFEN;Moksefen 400 mg 7 Film Tablet;5;1;6;745;
14.07.2026;NEVZAT ECZA DEPOSU;NEVZAT ERZURUM;8680001695386;ÖMER ECZANESİ;AGRI ILCELER;PANOCER;Panocer 40 mg 28 Enterik Kaplı Tablet;30;12;42;3.159;
16.07.2026;NEVZAT ECZA DEPOSU;NEVZAT ERZURUM;8680001695386;ÖMER ECZANESİ;AGRI ILCELER;PANOCER;Panocer 40 mg 28 Enterik Kaplı Tablet;10;3;13;1.053;
16.07.2026;ALLIANCE HEALTHCARE;AH ERZURUM;8680001750887;YENİ İSTANBUL ECZANESİ;AGRI ILCELER;PANOCER;Panocer 40 mg 28 Enterik Kaplı Tablet;30;12;42;3.159;
18.07.2026;SELÇUK ECZA DEPOSU;SELÇUK ERZURUM;8680001485857;EMEK ECZANESİ;AGRI ILCELER;PANOCER;Panocer 40 mg 28 Enterik Kaplı Tablet;100;60;160;10.531;
20.07.2026;SELÇUK ECZA DEPOSU;SELÇUK ERZURUM;8680001631247;HAMUR ECZANESİ;AGRI ILCELER;ACİDPASS;Acidpass 10/800/165 mg 12 Çiğneme Tablet;2;0;2;224;
22.07.2026;SELÇUK ECZA DEPOSU;SELÇUK ERZURUM;8680001906369;ESRA ECZANESİ;AGRI ILCELER;GRİPORT COLD;Griport Cold 20 Film Kaplı Tablet;6;1;7;505;
23.07.2026;SELÇUK ECZA DEPOSU;SELÇUK ERZURUM;8680001462322;ŞİFA ECZANESİ;AGRI ILCELER;PANOCER;Panocer 40 mg 28 Enterik Kaplı Tablet;165;135;300;17.377;
24.07.2026;SELÇUK ECZA DEPOSU;SELÇUK ERZURUM;8680001387076;DERMAN ECZANESİ;AGRI ILCELER;MOKSEFEN;Moksefen 400 mg 7 Film Tablet;20;10;30;2.980;
24.07.2026;SELÇUK ECZA DEPOSU;SELÇUK ERZURUM;8680001846719;CARE ECZANESİ;AGRI ILCELER;MOKSEFEN;Moksefen 400 mg 7 Film Tablet;5;1;6;745;
27.07.2026;ALLIANCE HEALTHCARE;AH ERZURUM;8680001458844;DEVA ECZANESİ;AGRI ILCELER;ACİDPASS;Acidpass 10/800/165 mg 12 Çiğneme Tablet;10;1;11;1.122;
27.07.2026;NEVZAT ECZA DEPOSU;NEVZAT ERZURUM;8680001458844;DEVA ECZANESİ;AGRI ILCELER;PANOCER;Panocer 40 mg 28 Enterik Kaplı Tablet;10;3;13;1.053;
29.07.2026;SELÇUK ECZA DEPOSU;SELÇUK ERZURUM;8680001631247;HAMUR ECZANESİ;AGRI ILCELER;ACİDPASS;Acidpass 10/800/165 mg 12 Çiğneme Tablet;2;0;2;224;
29.07.2026;ALLIANCE HEALTHCARE;AH ERZURUM;8680001736195;EMEK ECZANESİ;AGRI ILCELER;MOKSEFEN;Moksefen 400 mg 7 Film Tablet;5;1;6;745;
30.07.2026;ALLIANCE HEALTHCARE;AH ERZURUM;8680001103102;TUTAK ECZANESİ;AGRI ILCELER;PANOCER;Panocer 40 mg 28 Enterik Kaplı Tablet;50;25;75;5.266;
01.07.2026;ALLIANCE HEALTHCARE;AH ERZURUM;8680001695133;KAYA ECZANESİ;AGRI MERKEZ;PANOCER;Panocer 40 mg 28 Enterik Kaplı Tablet;50;25;75;5.266;
02.07.2026;ALLIANCE HEALTHCARE;AH ERZURUM;8680001114009;UĞUR ECZANESİ;AGRI MERKEZ;ACİDPASS;Acidpass 10/800/165 mg 12 Çiğneme Tablet;-3;0;-3;-337;
02.07.2026;ALLIANCE HEALTHCARE;AH ERZURUM;8680001522156;YENİ ARI ECZANESİ;AGRI MERKEZ;PANOCER;Panocer 40 mg 28 Enterik Kaplı Tablet;50;25;75;5.266;
02.07.2026;ALLIANCE HEALTHCARE;AH ERZURUM;8680001114009;UĞUR ECZANESİ;AGRI MERKEZ;PANOCER;Panocer 40 mg 28 Enterik Kaplı Tablet;-4;-3;-7;-421;
03.07.2026;ALLIANCE HEALTHCARE;AH ERZURUM;8680001114412;SEVGİ ECZANESİ;AGRI MERKEZ;FAMTREC;Famtrec 800/26,6mg 14 Film Kaplı Tablet;1;0;1;102;
03.07.2026;ALLIANCE HEALTHCARE;AH ERZURUM;8680001114306;MIZRAK ECZANESİ;AGRI MERKEZ;FAMTREC;Famtrec 800/26,6mg 14 Film Kaplı Tablet;5;1;6;511;
03.07.2026;SELÇUK ECZA DEPOSU;SELÇUK ERZURUM;8680001114382;YAŞAM ECZANESİ;AGRI MERKEZ;FAMTREC;Famtrec 800/26,6mg 14 Film Kaplı Tablet;5;1;6;511;
03.07.2026;ALLIANCE HEALTHCARE;AH ERZURUM;8680001522156;YENİ ARI ECZANESİ;AGRI MERKEZ;FAMTREC;Famtrec 800/26,6mg 14 Film Kaplı Tablet;1;0;1;102;
03.07.2026;SELÇUK ECZA DEPOSU;SELÇUK ERZURUM;8680001481484;HİRA ECZANESİ;AGRI MERKEZ;FAMTREC;Famtrec 800/26,6mg 14 Film Kaplı Tablet;5;1;6;511;
03.07.2026;ALLIANCE HEALTHCARE;AH ERZURUM;8680001480630;HAYAT ECZANESİ;AGRI MERKEZ;FAMTREC;Famtrec 800/26,6mg 14 Film Kaplı Tablet;5;1;6;511;
03.07.2026;SELÇUK ECZA DEPOSU;SELÇUK ERZURUM;8680001520084;DURU ECZANESİ;AGRI MERKEZ;FAMTREC;Famtrec 800/26,6mg 14 Film Kaplı Tablet;1;0;1;102;
03.07.2026;ALLIANCE HEALTHCARE;AH ERZURUM;8680001665624;NURAY ECZANESİ;AGRI MERKEZ;FAMTREC;Famtrec 800/26,6mg 14 Film Kaplı Tablet;1;0;1;102;
03.07.2026;ALLIANCE HEALTHCARE;AH ERZURUM;8680001701469;EREN ECZANESİ;AGRI MERKEZ;FAMTREC;Famtrec 800/26,6mg 14 Film Kaplı Tablet;1;0;1;102;
03.07.2026;ALLIANCE HEALTHCARE;AH ERZURUM;8680001114009;UĞUR ECZANESİ;AGRI MERKEZ;GRİPORT COLD;Griport Cold 20 Film Kaplı Tablet;-1;0;-1;-84;
06.07.2026;ALLIANCE HEALTHCARE;AH ERZURUM;8680001459056;GÜVEN ECZANESİ;AGRI MERKEZ;ACİDPASS;Acidpass 10/800/165 mg 12 Çiğneme Tablet;3;0;3;337;
06.07.2026;ALLIANCE HEALTHCARE;AH ERZURUM;8680001459056;GÜVEN ECZANESİ;AGRI MERKEZ;ACİDPASS;Acidpass 10/800/165 mg 12 Çiğneme Tablet;10;1;11;1.122;
06.07.2026;SELÇUK ECZA DEPOSU;SELÇUK ERZURUM;8680001415489;AĞRI ECZANESİ;AGRI MERKEZ;ACİDPASS;Acidpass 10/800/165 mg 12 Çiğneme Tablet;5;0;5;561;
06.07.2026;ALLIANCE HEALTHCARE;AH ERZURUM;8680001114009;UĞUR ECZANESİ;AGRI MERKEZ;MOKSEFEN;Moksefen 400 mg 7 Film Tablet;-5;-1;-6;-745;
07.07.2026;ALLIANCE HEALTHCARE;AH ERZURUM;8680001114306;MIZRAK ECZANESİ;AGRI MERKEZ;ACİDPASS;Acidpass 10/800/165 mg 12 Çiğneme Tablet;10;1;11;1.122;
07.07.2026;ALLIANCE HEALTHCARE;AH ERZURUM;8680001695232;KARACA ECZANESİ;AGRI MERKEZ;ACİDPASS;Acidpass 10/800/165 mg 12 Çiğneme Tablet;10;1;11;1.122;
07.07.2026;ALLIANCE HEALTHCARE;AH ERZURUM;8680001701476;OKYANUS ECZANESİ;AGRI MERKEZ;ACİDPASS;Acidpass 10/800/165 mg 12 Çiğneme Tablet;10;1;11;1.122;
07.07.2026;ALLIANCE HEALTHCARE;AH ERZURUM;8680001695232;KARACA ECZANESİ;AGRI MERKEZ;FAMTREC;Famtrec 800/26,6mg 14 Film Kaplı Tablet;2;0;2;204;
08.07.2026;ALLIANCE HEALTHCARE;AH ERZURUM;8680001459056;GÜVEN ECZANESİ;AGRI MERKEZ;ACİDPASS;Acidpass 10/800/165 mg 12 Çiğneme Tablet;-3;0;-3;-337;
10.07.2026;ALLIANCE HEALTHCARE;AH ERZURUM;8680001481804;ALTINTAŞ ECZANESİ;AGRI MERKEZ;ACİDPASS;Acidpass 10/800/165 mg 12 Çiğneme Tablet;1;0;1;112;
10.07.2026;ALLIANCE HEALTHCARE;AH ERZURUM;8680001716517;TAYSUN ECZANESİ;AGRI MERKEZ;PANOCER;Panocer 40 mg 28 Enterik Kaplı Tablet;165;135;300;17.377;
13.07.2026;ALLIANCE HEALTHCARE;AH ERZURUM;8680001480630;HAYAT ECZANESİ;AGRI MERKEZ;ACİDPASS;Acidpass 10/800/165 mg 12 Çiğneme Tablet;3;0;3;337;
13.07.2026;ALLIANCE HEALTHCARE;AH ERZURUM;8680001695157;TURAN ECZANESİ;AGRI MERKEZ;ACİDPASS;Acidpass 10/800/165 mg 12 Çiğneme Tablet;1;0;1;112;
13.07.2026;ALLIANCE HEALTHCARE;AH ERZURUM;8680001695157;TURAN ECZANESİ;AGRI MERKEZ;ACİDPASS;Acidpass 10/800/165 mg 12 Çiğneme Tablet;1;0;1;112;
14.07.2026;SELÇUK ECZA DEPOSU;SELÇUK ERZURUM;8680001459056;GÜVEN ECZANESİ;AGRI MERKEZ;PANOCER;Panocer 40 mg 14 Enterik Kaplı Tablet;2;0;2;162;
21.07.2026;SELÇUK ECZA DEPOSU;SELÇUK ERZURUM;8680001661350;RUKİYE ECZANESİ;AGRI MERKEZ;ACİDPASS;Acidpass 10/800/165 mg 12 Çiğneme Tablet;2;0;2;224;
22.07.2026;NEVZAT ECZA DEPOSU;NEVZAT ERZURUM;8680001489725;ŞÜKRAN ECZANESİ;AGRI MERKEZ;ACİDPASS;Acidpass 10/800/165 mg 12 Çiğneme Tablet;2;0;2;224;
22.07.2026;SELÇUK ECZA DEPOSU;SELÇUK ERZURUM;8680001123650;SAĞLIK ECZANESİ;AGRI MERKEZ;ACİDPASS;Acidpass 10/800/165 mg 12 Çiğneme Tablet;10;1;11;1.122;
22.07.2026;NEVZAT ECZA DEPOSU;NEVZAT ERZURUM;8680001481804;ALTINTAŞ ECZANESİ;AGRI MERKEZ;ACİDPASS;Acidpass 10/800/165 mg 12 Çiğneme Tablet;1;0;1;112;
22.07.2026;NEVZAT ECZA DEPOSU;NEVZAT ERZURUM;8680001730896;KÖPRÜBAŞI ECZANESİ;AGRI MERKEZ;ACİDPASS;Acidpass 10/800/165 mg 12 Çiğneme Tablet;1;0;1;112;
23.07.2026;SELÇUK ECZA DEPOSU;SELÇUK ERZURUM;8680001661350;RUKİYE ECZANESİ;AGRI MERKEZ;ACİDPASS;Acidpass 10/800/165 mg 6 Çiğneme Tablet;1;0;1;69;
23.07.2026;ALLIANCE HEALTHCARE;AH ERZURUM;8680001746064;RABİA ECZANESİ;AGRI MERKEZ;FAMTREC;Famtrec 800/26,6mg 14 Film Kaplı Tablet;2;0;2;204;
23.07.2026;SELÇUK ECZA DEPOSU;SELÇUK ERZURUM;8680001746064;RABİA ECZANESİ;AGRI MERKEZ;FAMTREC;Famtrec 800/26,6mg 14 Film Kaplı Tablet;2;0;2;204;
24.07.2026;SELÇUK ECZA DEPOSU;SELÇUK ERZURUM;8680001654918;HARUN ECZANESİ;AGRI MERKEZ;ACİDPASS;Acidpass 10/800/165 mg 12 Çiğneme Tablet;1;0;1;112;
24.07.2026;SELÇUK ECZA DEPOSU;SELÇUK ERZURUM;8680001481484;HİRA ECZANESİ;AGRI MERKEZ;ACİDPASS;Acidpass 10/800/165 mg 6 Çiğneme Tablet;1;0;1;69;
24.07.2026;ALLIANCE HEALTHCARE;AH ERZURUM;8680001145843;YONCA ECZANESİ;AGRI MERKEZ;FAMTREC;Famtrec 800/26,6mg 14 Film Kaplı Tablet;1;0;1;102;
24.07.2026;NEVZAT ECZA DEPOSU;NEVZAT ERZURUM;8680001695157;TURAN ECZANESİ;AGRI MERKEZ;MOKSEFEN;Moksefen 400 mg 7 Film Tablet;5;1;6;745;
27.07.2026;SELÇUK ECZA DEPOSU;SELÇUK ERZURUM;8680001415489;AĞRI ECZANESİ;AGRI MERKEZ;ACİDPASS;Acidpass 10/800/165 mg 12 Çiğneme Tablet;3;0;3;337;
27.07.2026;SELÇUK ECZA DEPOSU;SELÇUK ERZURUM;8680001654918;HARUN ECZANESİ;AGRI MERKEZ;ACİDPASS;Acidpass 10/800/165 mg 12 Çiğneme Tablet;1;0;1;112;
27.07.2026;ALLIANCE HEALTHCARE;AH ERZURUM;8680001481804;ALTINTAŞ ECZANESİ;AGRI MERKEZ;PANOCER;Panocer 40 mg 28 Enterik Kaplı Tablet;30;12;42;3.159;
28.07.2026;SELÇUK ECZA DEPOSU;SELÇUK ERZURUM;8680001480630;HAYAT ECZANESİ;AGRI MERKEZ;ACİDPASS;Acidpass 10/800/165 mg 12 Çiğneme Tablet;3;0;3;337;
28.07.2026;ALLIANCE HEALTHCARE;AH ERZURUM;8680001719877;EYLÜL ECZANESİ;AGRI MERKEZ;PANOCER;Panocer 40 mg 28 Enterik Kaplı Tablet;-63;-37;-100;-6.635;
30.07.2026;ALLIANCE HEALTHCARE;AH ERZURUM;8680001481804;ALTINTAŞ ECZANESİ;AGRI MERKEZ;ACİDPASS;Acidpass 10/800/165 mg 12 Çiğneme Tablet;1;0;1;112;
30.07.2026;SELÇUK ECZA DEPOSU;SELÇUK ERZURUM;8680001481804;ALTINTAŞ ECZANESİ;AGRI MERKEZ;ACİDPASS;Acidpass 10/800/165 mg 12 Çiğneme Tablet;2;0;2;224;
30.07.2026;SELÇUK ECZA DEPOSU;SELÇUK ERZURUM;8680001633852;KONAK ECZANESİ;AGRI MERKEZ;PANOCER;Panocer 40 mg 28 Enterik Kaplı Tablet;5;0;5;527;
31.07.2026;SELÇUK ECZA DEPOSU;SELÇUK ERZURUM;8680001145782;YOL ECZANESİ;AGRI MERKEZ;GRİPORT COLD;Griport Cold 20 Film Kaplı Tablet;-20;-7;-27;-1.683;
02.07.2026;İSTANBUL ECZA KOOP;İSKOOP MERKEZ;8680001519224;GÖKÇE ECZANESİ;AMASYA GOYNUCEK+TASOVA;MOKSEFEN;Moksefen 400 mg 7 Film Tablet;10;3;13;1.490;
07.07.2026;SELÇUK ECZA DEPOSU;SELÇUK SAMSUN;8680001837755;KOCUR ECZANESI;AMASYA GOYNUCEK+TASOVA;ACİDPASS;Acidpass 10/800/165 mg 12 Çiğneme Tablet;10;1;11;1.122;
08.07.2026;NEVZAT ECZA DEPOSU;NEVZAT SAMSUN;8680001413812;EVREN ECZANESİ;AMASYA GOYNUCEK+TASOVA;FAMTREC;Famtrec 800/26,6mg 14 Film Kaplı Tablet;10;2;12;1.022;
09.07.2026;SELÇUK ECZA DEPOSU;SELÇUK SAMSUN;8680001159000;KILIÇ ECZANESİ;AMASYA GOYNUCEK+TASOVA;FAMTREC;Famtrec 800/26,6mg 14 Film Kaplı Tablet;2;0;2;204;
10.07.2026;İSTANBUL ECZA KOOP;İSKOOP MERKEZ;8680001159000;KILIÇ ECZANESİ;AMASYA GOYNUCEK+TASOVA;FAMTREC;Famtrec 800/26,6mg 14 Film Kaplı Tablet;5;1;6;511;
10.07.2026;SELÇUK ECZA DEPOSU;SELÇUK SAMSUN;8680001159000;KILIÇ ECZANESİ;AMASYA GOYNUCEK+TASOVA;GRİPORT COLD;Griport Cold 20 Film Kaplı Tablet;30;15;45;2.525;
13.07.2026;NEVZAT ECZA DEPOSU;NEVZAT SAMSUN;8680001413812;EVREN ECZANESİ;AMASYA GOYNUCEK+TASOVA;MOKSEFEN;Moksefen 400 mg 7 Film Tablet;5;1;6;745;
14.07.2026;SELÇUK ECZA DEPOSU;SELÇUK SAMSUN;8680001837755;KOCUR ECZANESI;AMASYA GOYNUCEK+TASOVA;GRİPORT COLD;Griport Cold 20 Film Kaplı Tablet;6;1;7;505;
14.07.2026;NEVZAT ECZA DEPOSU;NEVZAT SAMSUN;8680001413812;EVREN ECZANESİ;AMASYA GOYNUCEK+TASOVA;PANOCER;Panocer 40 mg 28 Enterik Kaplı Tablet;10;3;13;1.053;
16.07.2026;İSTANBUL ECZA KOOP;İSKOOP MERKEZ;8680001929115;BENSU ECZANESİ;AMASYA GOYNUCEK+TASOVA;ACİDPASS;Acidpass 10/800/165 mg 12 Çiğneme Tablet;10;1;11;1.122;
17.07.2026;SELÇUK ECZA DEPOSU;SELÇUK SAMSUN;8680001159000;KILIÇ ECZANESİ;AMASYA GOYNUCEK+TASOVA;ACİDPASS;Acidpass 10/800/165 mg 12 Çiğneme Tablet;50;15;65;5.612;
17.07.2026;İSTANBUL ECZA KOOP;İSKOOP MERKEZ;8680001413812;EVREN ECZANESİ;AMASYA GOYNUCEK+TASOVA;PANOCER;Panocer 40 mg 28 Enterik Kaplı Tablet;10;3;13;1.053;
18.07.2026;İSTANBUL ECZA KOOP;İSKOOP MERKEZ;8680001733026;ARI ECZANESİ;AMASYA GOYNUCEK+TASOVA;ACİDPASS;Acidpass 10/800/165 mg 12 Çiğneme Tablet;3;0;3;337;
20.07.2026;İSTANBUL ECZA KOOP;İSKOOP MERKEZ;8680001413812;EVREN ECZANESİ;AMASYA GOYNUCEK+TASOVA;PANOCER;Panocer 40 mg 28 Enterik Kaplı Tablet;30;12;42;3.159;
22.07.2026;İSTANBUL ECZA KOOP;İSKOOP MERKEZ;8680001164509;AYDINLAR ECZANESİ;AMASYA GOYNUCEK+TASOVA;MOKSEFEN;Moksefen 400 mg 7 Film Tablet;5;1;6;745;
24.07.2026;NEVZAT ECZA DEPOSU;NEVZAT SAMSUN;8680001413812;EVREN ECZANESİ;AMASYA GOYNUCEK+TASOVA;ACİDPASS;Acidpass 10/800/165 mg 12 Çiğneme Tablet;20;3;23;2.245;
24.07.2026;SELÇUK ECZA DEPOSU;SELÇUK SAMSUN;8680001160853;TAŞOVA ECZANESİ;AMASYA GOYNUCEK+TASOVA;MOKSEFEN;Moksefen 400 mg 7 Film Tablet;10;3;13;1.490;
24.07.2026;İSTANBUL ECZA KOOP;İSKOOP MERKEZ;8680001733026;ARI ECZANESİ;AMASYA GOYNUCEK+TASOVA;PANOCER;Panocer 40 mg 28 Enterik Kaplı Tablet;10;3;13;1.053;
27.07.2026;İSTANBUL ECZA KOOP;İSKOOP MERKEZ;8680001733026;ARI ECZANESİ;AMASYA GOYNUCEK+TASOVA;ACİDPASS;Acidpass 10/800/165 mg 12 Çiğneme Tablet;3;0;3;337;
28.07.2026;SELÇUK ECZA DEPOSU;SELÇUK SAMSUN;8680001929115;BENSU ECZANESİ;AMASYA GOYNUCEK+TASOVA;FAMTREC;Famtrec 800/26,6mg 14 Film Kaplı Tablet;1;0;1;102;
28.07.2026;NEVZAT ECZA DEPOSU;NEVZAT SAMSUN;8680001413812;EVREN ECZANESİ;AMASYA GOYNUCEK+TASOVA;MOKSEFEN;Moksefen 400 mg 7 Film Tablet;10;3;13;1.490;
29.07.2026;İSTANBUL ECZA KOOP;İSKOOP MERKEZ;8680001159000;KILIÇ ECZANESİ;AMASYA GOYNUCEK+TASOVA;FAMTREC;Famtrec 800/26,6mg 14 Film Kaplı Tablet;4;0;4;409;
29.07.2026;İSTANBUL ECZA KOOP;İSKOOP MERKEZ;8680001160150;YENİ ECZANESİ;AMASYA GOYNUCEK+TASOVA;PANOCER;Panocer 40 mg 28 Enterik Kaplı Tablet;30;12;42;3.159;
30.07.2026;NEVZAT ECZA DEPOSU;NEVZAT SAMSUN;8680001413812;EVREN ECZANESİ;AMASYA GOYNUCEK+TASOVA;FAMTREC;Famtrec 800/26,6mg 14 Film Kaplı Tablet;9;0;9;920;
30.07.2026;NEVZAT ECZA DEPOSU;NEVZAT SAMSUN;8680001413812;EVREN ECZANESİ;AMASYA GOYNUCEK+TASOVA;FAMTREC;Famtrec 800/26,6mg 14 Film Kaplı Tablet;1;0;1;102;
30.07.2026;İSTANBUL ECZA KOOP;İSKOOP MERKEZ;8680001413812;EVREN ECZANESİ;AMASYA GOYNUCEK+TASOVA;PANOCER;Panocer 40 mg 28 Enterik Kaplı Tablet;10;3;13;1.053;
31.07.2026;ALLIANCE HEALTHCARE;AH SAMSUN;8680001160853;TAŞOVA ECZANESİ;AMASYA GOYNUCEK+TASOVA;ACİDPASS;Acidpass 10/800/165 mg 12 Çiğneme Tablet;3;0;3;337;
31.07.2026;ALLIANCE HEALTHCARE;AH SAMSUN;8680001164691;TİRYAKİOĞLU ECZANESİ;AMASYA GOYNUCEK+TASOVA;PANOCER;Panocer 40 mg 28 Enterik Kaplı Tablet;10;3;13;1.053;
01.07.2026;ALLIANCE HEALTHCARE;AH SAMSUN;8680001702633;TONKUŞ ECZANESİ;AMASYA ILCELER;ACİDPASS;Acidpass 10/800/165 mg 12 Çiğneme Tablet;10;1;11;1.122;
02.07.2026;NEVZAT ECZA DEPOSU;NEVZAT SAMSUN;8680001170593;ÇAKIRTAŞ ECZANESİ;AMASYA ILCELER;ACİDPASS;Acidpass 10/800/165 mg 12 Çiğneme Tablet;150;60;210;16.835;
02.07.2026;NEVZAT ECZA DEPOSU;NEVZAT SAMSUN;8680001170593;ÇAKIRTAŞ ECZANESİ;AMASYA ILCELER;ACİDPASS;Acidpass 10/800/165 mg 12 Çiğneme Tablet;150;60;210;16.835;
02.07.2026;İSTANBUL ECZA KOOP;İSKOOP MERKEZ;8680001807222;BALCI ECZANESİ;AMASYA ILCELER;ACİDPASS;Acidpass 10/800/165 mg 12 Çiğneme Tablet;20;3;23;2.245;
02.07.2026;SELÇUK ECZA DEPOSU;SELÇUK SAMSUN;8680001158898;ÖMÜR ECZANESİ;AMASYA ILCELER;MOKSEFEN;Moksefen 400 mg 7 Film Tablet;5;1;6;745;
03.07.2026;SELÇUK ECZA DEPOSU;SELÇUK SAMSUN;8680001171286;MUTLU ECZANESİ;AMASYA ILCELER;ACİDPASS;Acidpass 10/800/165 mg 12 Çiğneme Tablet;10;1;11;1.122;
03.07.2026;İSTANBUL ECZA KOOP;İSKOOP MERKEZ;8680001807222;BALCI ECZANESİ;AMASYA ILCELER;GRİPORT COLD;Griport Cold 20 Film Kaplı Tablet;1;0;1;84;
03.07.2026;ALLIANCE HEALTHCARE;AH SAMSUN;8680001702633;TONKUŞ ECZANESİ;AMASYA ILCELER;PANOCER;Panocer 40 mg 28 Enterik Kaplı Tablet;50;25;75;5.266;
07.07.2026;ALLIANCE HEALTHCARE;AH SAMSUN;8680001171163;KIZIKLI ECZANESİ;AMASYA ILCELER;ACİDPASS;Acidpass 10/800/165 mg 12 Çiğneme Tablet;50;15;65;5.612;
07.07.2026;İSTANBUL ECZA KOOP;İSKOOP MERKEZ;8680001470112;ÇAĞDAŞ ECZANESİ;AMASYA ILCELER;ACİDPASS;Acidpass 10/800/165 mg 12 Çiğneme Tablet;150;60;210;16.835;
07.07.2026;SELÇUK ECZA DEPOSU;SELÇUK SAMSUN;8680001158898;ÖMÜR ECZANESİ;AMASYA ILCELER;FAMTREC;Famtrec 800/26,6mg 14 Film Kaplı Tablet;5;1;6;511;
07.07.2026;SELÇUK ECZA DEPOSU;SELÇUK SAMSUN;8680001158751;MUTLU ECZANESİ;AMASYA ILCELER;FAMTREC;Famtrec 800/26,6mg 14 Film Kaplı Tablet;5;1;6;511;
07.07.2026;İSTANBUL ECZA KOOP;İSKOOP MERKEZ;8680001155699;SAĞLIK ECZANESİ;AMASYA ILCELER;FAMTREC;Famtrec 800/26,6mg 14 Film Kaplı Tablet;1;0;1;102;
07.07.2026;NEVZAT ECZA DEPOSU;NEVZAT SAMSUN;8680001141326;ŞİFA ECZANESİ;AMASYA ILCELER;MOKSEFEN;Moksefen 400 mg 7 Film Tablet;5;1;6;745;
07.07.2026;ALLIANCE HEALTHCARE;AH SAMSUN;8680001488216;ÇİĞDEM ECZANESİ;AMASYA ILCELER;PANOCER;Panocer 40 mg 28 Enterik Kaplı Tablet;30;12;42;3.159;
08.07.2026;SELÇUK ECZA DEPOSU;SELÇUK SAMSUN;8680001488216;ÇİĞDEM ECZANESİ;AMASYA ILCELER;ACİDPASS;Acidpass 10/800/165 mg 12 Çiğneme Tablet;20;3;23;2.245;
08.07.2026;NEVZAT ECZA DEPOSU;NEVZAT SAMSUN;8680001155699;SAĞLIK ECZANESİ;AMASYA ILCELER;FAMTREC;Famtrec 800/26,6mg 14 Film Kaplı Tablet;1;0;1;102;
08.07.2026;NEVZAT ECZA DEPOSU;NEVZAT SAMSUN;8680001158898;ÖMÜR ECZANESİ;AMASYA ILCELER;MOKSEFEN;Moksefen 400 mg 7 Film Tablet;5;1;6;745;
10.07.2026;NEVZAT ECZA DEPOSU;NEVZAT SAMSUN;8680001450398;SERKAN ECZANESİ;AMASYA ILCELER;PANOCER;Panocer 40 mg 28 Enterik Kaplı Tablet;30;12;42;3.159;
11.07.2026;SELÇUK ECZA DEPOSU;SELÇUK SAMSUN;8680001158898;ÖMÜR ECZANESİ;AMASYA ILCELER;ACİDPASS;Acidpass 10/800/165 mg 12 Çiğneme Tablet;20;3;23;2.245;
11.07.2026;NEVZAT ECZA DEPOSU;NEVZAT SAMSUN;8680001450398;SERKAN ECZANESİ;AMASYA ILCELER;FAMTREC;Famtrec 800/26,6mg 14 Film Kaplı Tablet;1;0;1;102;
12.07.2026;NEVZAT ECZA DEPOSU;NEVZAT SAMSUN;8680001422081;BURÇİN ECZANESİ;AMASYA ILCELER;GRİPORT COLD;Griport Cold 20 Film Kaplı Tablet;12;4;16;1.010;
14.07.2026;NEVZAT ECZA DEPOSU;NEVZAT SAMSUN;8680001450398;SERKAN ECZANESİ;AMASYA ILCELER;ACİDPASS;Acidpass 10/800/165 mg 12 Çiğneme Tablet;2;0;2;224;
16.07.2026;İSTANBUL ECZA KOOP;İSKOOP MERKEZ;8680001807222;BALCI ECZANESİ;AMASYA ILCELER;PANOCER;Panocer 40 mg 28 Enterik Kaplı Tablet;10;3;13;1.053;
17.07.2026;İSTANBUL ECZA KOOP;İSKOOP MERKEZ;8680001155699;SAĞLIK ECZANESİ;AMASYA ILCELER;ACİDPASS;Acidpass 10/800/165 mg 12 Çiğneme Tablet;2;0;2;224;
20.07.2026;NEVZAT ECZA DEPOSU;NEVZAT SAMSUN;8680001158898;ÖMÜR ECZANESİ;AMASYA ILCELER;ACİDPASS;Acidpass 10/800/165 mg 6 Çiğneme Tablet;2;0;2;138;
20.07.2026;ALLIANCE HEALTHCARE;AH SAMSUN;8680001158898;ÖMÜR ECZANESİ;AMASYA ILCELER;GRİPORT COLD;Griport Cold 20 Film Kaplı Tablet;6;1;7;505;
20.07.2026;İSTANBUL ECZA KOOP;İSKOOP MERKEZ;8680001155699;SAĞLIK ECZANESİ;AMASYA ILCELER;MOKSEFEN;Moksefen 400 mg 7 Film Tablet;10;3;13;1.490;
22.07.2026;NEVZAT ECZA DEPOSU;NEVZAT SAMSUN;8680001450398;SERKAN ECZANESİ;AMASYA ILCELER;ACİDPASS;Acidpass 10/800/165 mg 12 Çiğneme Tablet;10;1;11;1.122;
22.07.2026;NEVZAT ECZA DEPOSU;NEVZAT SAMSUN;8680001450398;SERKAN ECZANESİ;AMASYA ILCELER;ACİDPASS;Acidpass 10/800/165 mg 12 Çiğneme Tablet;3;0;3;337;
23.07.2026;İSTANBUL ECZA KOOP;İSKOOP MERKEZ;8680001807222;BALCI ECZANESİ;AMASYA ILCELER;PANOCER;Panocer 40 mg 28 Enterik Kaplı Tablet;10;3;13;1.053;
24.07.2026;SELÇUK ECZA DEPOSU;SELÇUK SAMSUN;8680001123162;HATİPOĞLU ECZANESİ;AMASYA ILCELER;PANOCER;Panocer 40 mg 28 Enterik Kaplı Tablet;10;3;13;1.053;
26.07.2026;ALLIANCE HEALTHCARE;AH SAMSUN;8680001158898;ÖMÜR ECZANESİ;AMASYA ILCELER;ACİDPASS;Acidpass 10/800/165 mg 6 Çiğneme Tablet;2;0;2;138;
27.07.2026;ALLIANCE HEALTHCARE;AH SAMSUN;8680001473793;YILDIRIM ECZANESİ;AMASYA ILCELER;FAMTREC;Famtrec 800/26,6mg 14 Film Kaplı Tablet;5;1;6;511;
28.07.2026;NEVZAT ECZA DEPOSU;NEVZAT SAMSUN;8680001157235;ÖZNUR ECZANESİ;AMASYA ILCELER;ACİDPASS;Acidpass 10/800/165 mg 12 Çiğneme Tablet;20;3;23;2.245;
28.07.2026;ALLIANCE HEALTHCARE;AH SAMSUN;8680001157235;ÖZNUR ECZANESİ;AMASYA ILCELER;FAMTREC;Famtrec 800/26,6mg 14 Film Kaplı Tablet;2;0;2;204;
31.07.2026;ALLIANCE HEALTHCARE;AH SAMSUN;8680001144006;YARAR ECZANESİ;AMASYA ILCELER;FAMTREC;Famtrec 800/26,6mg 14 Film Kaplı Tablet;2;0;2;204;
31.07.2026;ALLIANCE HEALTHCARE;AH SAMSUN;8680001158898;ÖMÜR ECZANESİ;AMASYA ILCELER;GRİPORT COLD;Griport Cold 20 Film Kaplı Tablet;6;1;7;505;
01.07.2026;İSTANBUL ECZA KOOP;İSKOOP MERKEZ;8680001122189;ZEYNEP ECZANESİ;AMASYA MERKEZ -1;ACİDPASS;Acidpass 10/800/165 mg 12 Çiğneme Tablet;10;1;11;1.122;
01.07.2026;İSTANBUL ECZA KOOP;İSKOOP MERKEZ;8680001131150;SAĞLIK ECZANESİ;AMASYA MERKEZ -1;ACİDPASS;Acidpass 10/800/165 mg 12 Çiğneme Tablet;10;1;11;1.122;
01.07.2026;İSTANBUL ECZA KOOP;İSKOOP MERKEZ;8680001121014;İLKAY ECZANESİ;AMASYA MERKEZ -1;GRİPORT COLD;Griport Cold 20 Film Kaplı Tablet;12;4;16;1.010;
01.07.2026;İSTANBUL ECZA KOOP;İSKOOP MERKEZ;8680001720156;LAVANTA ECZANESİ;AMASYA MERKEZ -1;GRİPORT COLD;Griport Cold 20 Film Kaplı Tablet;6;1;7;505;
01.07.2026;ALLIANCE HEALTHCARE;AH SAMSUN;8680001129690;ÖZLEM ECZANESİ;AMASYA MERKEZ -1;PANOCER;Panocer 40 mg 28 Enterik Kaplı Tablet;165;135;300;17.377;
01.07.2026;İSTANBUL ECZA KOOP;İSKOOP MERKEZ;8680001121304;MÜJDE ECZANESİ;AMASYA MERKEZ -1;PANOCER;Panocer 40 mg 28 Enterik Kaplı Tablet;10;3;13;1.053;
01.07.2026;İSTANBUL ECZA KOOP;İSKOOP MERKEZ;8680001131150;SAĞLIK ECZANESİ;AMASYA MERKEZ -1;PANOCER;Panocer 40 mg 28 Enterik Kaplı Tablet;30;12;42;3.159;
02.07.2026;NEVZAT ECZA DEPOSU;NEVZAT SAMSUN;8680001121182;YASEMİN ECZANESİ;AMASYA MERKEZ -1;PANOCER;Panocer 40 mg 28 Enterik Kaplı Tablet;3;0;3;316;
03.07.2026;İSTANBUL ECZA KOOP;İSKOOP MERKEZ;8680001130634;GÖNÜL ECZANESİ;AMASYA MERKEZ -1;GRİPORT COLD;Griport Cold 20 Film Kaplı Tablet;12;4;16;1.010;
06.07.2026;İSTANBUL ECZA KOOP;İSKOOP MERKEZ;8680001118212;VATAN ECZANESİ;AMASYA MERKEZ -1;GRİPORT COLD;Griport Cold 20 Film Kaplı Tablet;6;1;7;505;
07.07.2026;ALLIANCE HEALTHCARE;AH SAMSUN;8680001501373;HUZUR ECZANESİ;AMASYA MERKEZ -1;PANOCER;Panocer 40 mg 28 Enterik Kaplı Tablet;50;25;75;5.266;
08.07.2026;İSTANBUL ECZA KOOP;İSKOOP MERKEZ;8680001747115;PEKER ECZANESİ;AMASYA MERKEZ -1;PANOCER;Panocer 40 mg 28 Enterik Kaplı Tablet;10;3;13;1.053;
09.07.2026;ALLIANCE HEALTHCARE;AH SAMSUN;8680001655717;ÖZGÜR ECZANESİ;AMASYA MERKEZ -1;FAMTREC;Famtrec 800/26,6mg 14 Film Kaplı Tablet;1;0;1;102;
10.07.2026;ALLIANCE HEALTHCARE;AH SAMSUN;8680001454945;KÜBRA ECZANESİ;AMASYA MERKEZ -1;ACİDPASS;Acidpass 10/800/165 mg 12 Çiğneme Tablet;10;1;11;1.122;
10.07.2026;İSTANBUL ECZA KOOP;İSKOOP MERKEZ;8680001484027;HİLAL ALTEKİN ECZANESİ;AMASYA MERKEZ -1;ACİDPASS;Acidpass 10/800/165 mg 12 Çiğneme Tablet;10;1;11;1.122;
10.07.2026;İSTANBUL ECZA KOOP;İSKOOP MERKEZ;8680001484027;HİLAL ALTEKİN ECZANESİ;AMASYA MERKEZ -1;GRİPORT COLD;Griport Cold 20 Film Kaplı Tablet;2;0;2;168;
10.07.2026;İSTANBUL ECZA KOOP;İSKOOP MERKEZ;8680001118212;VATAN ECZANESİ;AMASYA MERKEZ -1;PANOCER;Panocer 40 mg 28 Enterik Kaplı Tablet;10;3;13;1.053;
14.07.2026;SELÇUK ECZA DEPOSU;SELÇUK SAMSUN;8680001747115;PEKER ECZANESİ;AMASYA MERKEZ -1;ACİDPASS;Acidpass 10/800/165 mg 12 Çiğneme Tablet;10;1;11;1.122;
20.07.2026;NEVZAT ECZA DEPOSU;NEVZAT SAMSUN;8680001121182;YASEMİN ECZANESİ;AMASYA MERKEZ -1;ACİDPASS;Acidpass 10/800/165 mg 12 Çiğneme Tablet;3;0;3;337;
20.07.2026;İSTANBUL ECZA KOOP;İSKOOP MERKEZ;8680001720156;LAVANTA ECZANESİ;AMASYA MERKEZ -1;ACİDPASS;Acidpass 10/800/165 mg 12 Çiğneme Tablet;3;0;3;337;
20.07.2026;İSTANBUL ECZA KOOP;İSKOOP MERKEZ;8680001121014;İLKAY ECZANESİ;AMASYA MERKEZ -1;PANOCER;Panocer 40 mg 28 Enterik Kaplı Tablet;10;3;13;1.053;
21.07.2026;İSTANBUL ECZA KOOP;İSKOOP MERKEZ;8680001130634;GÖNÜL ECZANESİ;AMASYA MERKEZ -1;ACİDPASS;Acidpass 10/800/165 mg 6 Çiğneme Tablet;2;0;2;138;
21.07.2026;İSTANBUL ECZA KOOP;İSKOOP MERKEZ;8680001655717;ÖZGÜR ECZANESİ;AMASYA MERKEZ -1;PANOCER;Panocer 40 mg 28 Enterik Kaplı Tablet;30;12;42;3.159;
22.07.2026;ALLIANCE HEALTHCARE;AH SAMSUN;8680001129690;ÖZLEM ECZANESİ;AMASYA MERKEZ -1;FAMTREC;Famtrec 800/26,6mg 14 Film Kaplı Tablet;5;1;6;511;
23.07.2026;NEVZAT ECZA DEPOSU;NEVZAT SAMSUN;8680001127184;ALBAYRAK ECZANESİ;AMASYA MERKEZ -1;FAMTREC;Famtrec 800/26,6mg 14 Film Kaplı Tablet;2;0;2;204;
24.07.2026;ALLIANCE HEALTHCARE;AH SAMSUN;8680001127184;ALBAYRAK ECZANESİ;AMASYA MERKEZ -1;FAMTREC;Famtrec 800/26,6mg 14 Film Kaplı Tablet;2;0;2;204;
27.07.2026;SELÇUK ECZA DEPOSU;SELÇUK SAMSUN;8680001331116;ŞENEL ECZANESİ;AMASYA MERKEZ -1;FAMTREC;Famtrec 800/26,6mg 14 Film Kaplı Tablet;2;0;2;204;
27.07.2026;SELÇUK ECZA DEPOSU;SELÇUK SAMSUN;8680001129690;ÖZLEM ECZANESİ;AMASYA MERKEZ -1;FAMTREC;Famtrec 800/26,6mg 14 Film Kaplı Tablet;5;1;6;511;
28.07.2026;SELÇUK ECZA DEPOSU;SELÇUK SAMSUN;8680001122073;ÇAĞATAY ECZANESİ;AMASYA MERKEZ -1;FAMTREC;Famtrec 800/26,6mg 14 Film Kaplı Tablet;2;0;2;204;
28.07.2026;ALLIANCE HEALTHCARE;AH SAMSUN;8680001454945;KÜBRA ECZANESİ;AMASYA MERKEZ -1;FAMTREC;Famtrec 800/26,6mg 14 Film Kaplı Tablet;1;0;1;102;
28.07.2026;SELÇUK ECZA DEPOSU;SELÇUK SAMSUN;8680001484027;HİLAL ALTEKİN ECZANESİ;AMASYA MERKEZ -1;FAMTREC;Famtrec 800/26,6mg 14 Film Kaplı Tablet;5;1;6;511;
28.07.2026;İSTANBUL ECZA KOOP;İSKOOP MERKEZ;8680001118212;VATAN ECZANESİ;AMASYA MERKEZ -1;GRİPORT COLD;Griport Cold 20 Film Kaplı Tablet;3;0;3;252;
30.07.2026;İSTANBUL ECZA KOOP;İSKOOP MERKEZ;8680001720156;LAVANTA ECZANESİ;AMASYA MERKEZ -1;PANOCER;Panocer 40 mg 28 Enterik Kaplı Tablet;10;3;13;1.053;
31.07.2026;ALLIANCE HEALTHCARE;AH SAMSUN;8680001127184;ALBAYRAK ECZANESİ;AMASYA MERKEZ -1;FAMTREC;Famtrec 800/26,6mg 14 Film Kaplı Tablet;2;0;2;204;
31.07.2026;İSTANBUL ECZA KOOP;İSKOOP MERKEZ;8680001118212;VATAN ECZANESİ;AMASYA MERKEZ -1;GRİPORT COLD;Griport Cold 20 Film Kaplı Tablet;3;0;3;252;
01.07.2026;İSTANBUL ECZA KOOP;İSKOOP MERKEZ;8680001130283;VİTAMİN ECZANESİ;AMASYA MERKEZ -2;ACİDPASS;Acidpass 10/800/165 mg 12 Çiğneme Tablet;3;0;3;337;
01.07.2026;NEVZAT ECZA DEPOSU;NEVZAT SAMSUN;8680001124640;MADEN ECZANESİ;AMASYA MERKEZ -2;ACİDPASS;Acidpass 10/800/165 mg 12 Çiğneme Tablet;3;0;3;337;
01.07.2026;İSTANBUL ECZA KOOP;İSKOOP MERKEZ;8680001572182;ÖZLÜ ECZANESİ;AMASYA MERKEZ -2;ACİDPASS;Acidpass 10/800/165 mg 12 Çiğneme Tablet;10;1;11;1.122;
01.07.2026;İSTANBUL ECZA KOOP;İSKOOP MERKEZ;8680001713516;EZGİ ECZANESİ;AMASYA MERKEZ -2;PANOCER;Panocer 40 mg 28 Enterik Kaplı Tablet;330;270;600;34.753;
02.07.2026;ALLIANCE HEALTHCARE;AH SAMSUN;8680001509072;SAYGIN ECZANESİ;AMASYA MERKEZ -2;ACİDPASS;Acidpass 10/800/165 mg 6 Çiğneme Tablet;1;0;1;69;
02.07.2026;İSTANBUL ECZA KOOP;İSKOOP MERKEZ;8680001859825;NURSEN ECZANESI;AMASYA MERKEZ -2;ACİDPASS;Acidpass 10/800/165 mg 6 Çiğneme Tablet;2;0;2;138;
02.07.2026;ALLIANCE HEALTHCARE;AH SAMSUN;8680001421763;BESTE ECZANESİ;AMASYA MERKEZ -2;MOKSEFEN;Moksefen 400 mg 7 Film Tablet;10;3;13;1.490;
03.07.2026;İSTANBUL ECZA KOOP;İSKOOP MERKEZ;8680001130092;CANSARAN ECZANESİ;AMASYA MERKEZ -2;GRİPORT COLD;Griport Cold 20 Film Kaplı Tablet;1;0;1;84;
03.07.2026;İSTANBUL ECZA KOOP;İSKOOP MERKEZ;8680001717705;SEVİL ECZANESİ;AMASYA MERKEZ -2;GRİPORT COLD;Griport Cold 20 Film Kaplı Tablet;1;0;1;84;
06.07.2026;İSTANBUL ECZA KOOP;İSKOOP MERKEZ;8680001859825;NURSEN ECZANESI;AMASYA MERKEZ -2;ACİDPASS;Acidpass 10/800/165 mg 12 Çiğneme Tablet;4;0;4;449;
06.07.2026;İSTANBUL ECZA KOOP;İSKOOP MERKEZ;8680001509072;SAYGIN ECZANESİ;AMASYA MERKEZ -2;PANOCER;Panocer 40 mg 28 Enterik Kaplı Tablet;10;3;13;1.053;
07.07.2026;ALLIANCE HEALTHCARE;AH SAMSUN;8680001421763;BESTE ECZANESİ;AMASYA MERKEZ -2;ACİDPASS;Acidpass 10/800/165 mg 12 Çiğneme Tablet;10;1;11;1.122;
07.07.2026;İSTANBUL ECZA KOOP;İSKOOP MERKEZ;8680001473786;YILMAZ ECZANESİ;AMASYA MERKEZ -2;ACİDPASS;Acidpass 10/800/165 mg 12 Çiğneme Tablet;3;0;3;337;
07.07.2026;ALLIANCE HEALTHCARE;AH SAMSUN;8680001116805;SEVEN ECZANESİ;AMASYA MERKEZ -2;ACİDPASS;Acidpass 10/800/165 mg 12 Çiğneme Tablet;10;1;11;1.122;
07.07.2026;İSTANBUL ECZA KOOP;İSKOOP MERKEZ;8680001421763;BESTE ECZANESİ;AMASYA MERKEZ -2;PANOCER;Panocer 40 mg 28 Enterik Kaplı Tablet;10;3;13;1.053;
07.07.2026;ALLIANCE HEALTHCARE;AH SAMSUN;8680001421763;BESTE ECZANESİ;AMASYA MERKEZ -2;PANOCER;Panocer 40 mg 28 Enterik Kaplı Tablet;30;12;42;3.159;
08.07.2026;SELÇUK ECZA DEPOSU;SELÇUK SAMSUN;8680001116201;EVRİM ECZANESİ;AMASYA MERKEZ -2;ACİDPASS;Acidpass 10/800/165 mg 12 Çiğneme Tablet;10;1;11;1.122;
09.07.2026;ALLIANCE HEALTHCARE;AH SAMSUN;8680001120895;SARAÇOĞLU ECZANESİ;AMASYA MERKEZ -2;ACİDPASS;Acidpass 10/800/165 mg 12 Çiğneme Tablet;10;1;11;1.122;
09.07.2026;İSTANBUL ECZA KOOP;İSKOOP MERKEZ;8680001473786;YILMAZ ECZANESİ;AMASYA MERKEZ -2;ACİDPASS;Acidpass 10/800/165 mg 12 Çiğneme Tablet;10;1;11;1.122;
09.07.2026;ALLIANCE HEALTHCARE;AH SAMSUN;8680001116256;FATİH ECZANESİ;AMASYA MERKEZ -2;FAMTREC;Famtrec 800/26,6mg 14 Film Kaplı Tablet;2;0;2;204;
09.07.2026;ALLIANCE HEALTHCARE;AH SAMSUN;8680001116256;FATİH ECZANESİ;AMASYA MERKEZ -2;FAMTREC;Famtrec 800/26,6mg 14 Film Kaplı Tablet;1;0;1;102;
09.07.2026;SELÇUK ECZA DEPOSU;SELÇUK SAMSUN;8680001116256;FATİH ECZANESİ;AMASYA MERKEZ -2;FAMTREC;Famtrec 800/26,6mg 14 Film Kaplı Tablet;1;0;1;102;
09.07.2026;ALLIANCE HEALTHCARE;AH SAMSUN;8680001117932;MERKEZ ECZANESİ;AMASYA MERKEZ -2;FAMTREC;Famtrec 800/26,6mg 14 Film Kaplı Tablet;1;0;1;102;
09.07.2026;NEVZAT ECZA DEPOSU;NEVZAT SAMSUN;8680001116201;EVRİM ECZANESİ;AMASYA MERKEZ -2;FAMTREC;Famtrec 800/26,6mg 14 Film Kaplı Tablet;2;0;2;204;
09.07.2026;SELÇUK ECZA DEPOSU;SELÇUK SAMSUN;8680001124886;CANLI ECZANESİ;AMASYA MERKEZ -2;FAMTREC;Famtrec 800/26,6mg 14 Film Kaplı Tablet;1;0;1;102;
09.07.2026;ALLIANCE HEALTHCARE;AH SAMSUN;8680001486465;BAŞAK ECZANESİ;AMASYA MERKEZ -2;FAMTREC;Famtrec 800/26,6mg 14 Film Kaplı Tablet;5;1;6;511;
09.07.2026;ALLIANCE HEALTHCARE;AH SAMSUN;8680001486465;BAŞAK ECZANESİ;AMASYA MERKEZ -2;FAMTREC;Famtrec 800/26,6mg 14 Film Kaplı Tablet;1;0;1;102;
09.07.2026;ALLIANCE HEALTHCARE;AH SAMSUN;8680001124541;YEŞİLOVA ECZANESİ;AMASYA MERKEZ -2;FAMTREC;Famtrec 800/26,6mg 14 Film Kaplı Tablet;1;0;1;102;
09.07.2026;İSTANBUL ECZA KOOP;İSKOOP MERKEZ;8680001717705;SEVİL ECZANESİ;AMASYA MERKEZ -2;MOKSEFEN;Moksefen 400 mg 7 Film Tablet;2;0;2;298;
09.07.2026;ALLIANCE HEALTHCARE;AH SAMSUN;8680001130283;VİTAMİN ECZANESİ;AMASYA MERKEZ -2;PANOCER;Panocer 40 mg 28 Enterik Kaplı Tablet;10;3;13;1.053;
10.07.2026;İSTANBUL ECZA KOOP;İSKOOP MERKEZ;8680001122516;CANDAŞ ECZANESİ;AMASYA MERKEZ -2;ACİDPASS;Acidpass 10/800/165 mg 12 Çiğneme Tablet;10;1;11;1.122;
10.07.2026;ALLIANCE HEALTHCARE;AH SAMSUN;8680001509072;SAYGIN ECZANESİ;AMASYA MERKEZ -2;ACİDPASS;Acidpass 10/800/165 mg 12 Çiğneme Tablet;10;1;11;1.122;
10.07.2026;ALLIANCE HEALTHCARE;AH SAMSUN;8680001473229;GÖKMAN ECZANESİ;AMASYA MERKEZ -2;ACİDPASS;Acidpass 10/800/165 mg 12 Çiğneme Tablet;10;1;11;1.122;
10.07.2026;ALLIANCE HEALTHCARE;AH SAMSUN;8680001124541;YEŞİLOVA ECZANESİ;AMASYA MERKEZ -2;FAMTREC;Famtrec 800/26,6mg 14 Film Kaplı Tablet;3;0;3;307;
10.07.2026;İSTANBUL ECZA KOOP;İSKOOP MERKEZ;8680001124640;MADEN ECZANESİ;AMASYA MERKEZ -2;GRİPORT COLD;Griport Cold 20 Film Kaplı Tablet;6;1;7;505;
11.07.2026;İSTANBUL ECZA KOOP;İSKOOP MERKEZ;8680001124640;MADEN ECZANESİ;AMASYA MERKEZ -2;ACİDPASS;Acidpass 10/800/165 mg 12 Çiğneme Tablet;2;0;2;224;
12.07.2026;NEVZAT ECZA DEPOSU;NEVZAT SAMSUN;8680001124640;MADEN ECZANESİ;AMASYA MERKEZ -2;FAMTREC;Famtrec 800/26,6mg 14 Film Kaplı Tablet;1;0;1;102;
13.07.2026;ALLIANCE HEALTHCARE;AH SAMSUN;8680001473229;GÖKMAN ECZANESİ;AMASYA MERKEZ -2;FAMTREC;Famtrec 800/26,6mg 14 Film Kaplı Tablet;1;0;1;102;
14.07.2026;ALLIANCE HEALTHCARE;AH SAMSUN;8680001120895;SARAÇOĞLU ECZANESİ;AMASYA MERKEZ -2;PANOCER;Panocer 40 mg 28 Enterik Kaplı Tablet;10;3;13;1.053;
16.07.2026;İSTANBUL ECZA KOOP;İSKOOP MERKEZ;8680001124640;MADEN ECZANESİ;AMASYA MERKEZ -2;ACİDPASS;Acidpass 10/800/165 mg 12 Çiğneme Tablet;2;0;2;224;
16.07.2026;İSTANBUL ECZA KOOP;İSKOOP MERKEZ;8680001713516;EZGİ ECZANESİ;AMASYA MERKEZ -2;ACİDPASS;Acidpass 10/800/165 mg 12 Çiğneme Tablet;2;0;2;224;
16.07.2026;İSTANBUL ECZA KOOP;İSKOOP MERKEZ;8680001124640;MADEN ECZANESİ;AMASYA MERKEZ -2;ACİDPASS;Acidpass 10/800/165 mg 6 Çiğneme Tablet;2;0;2;138;
16.07.2026;İSTANBUL ECZA KOOP;İSKOOP MERKEZ;8680001473786;YILMAZ ECZANESİ;AMASYA MERKEZ -2;GRİPORT COLD;Griport Cold 20 Film Kaplı Tablet;1;0;1;84;
17.07.2026;İSTANBUL ECZA KOOP;İSKOOP MERKEZ;8680001124640;MADEN ECZANESİ;AMASYA MERKEZ -2;PANOCER;Panocer 40 mg 28 Enterik Kaplı Tablet;30;12;42;3.159;
18.07.2026;İSTANBUL ECZA KOOP;İSKOOP MERKEZ;8680001750337;GÖKÇE ECZANESİ;AMASYA MERKEZ -2;PANOCER;Panocer 40 mg 28 Enterik Kaplı Tablet;10;3;13;1.053;
20.07.2026;ALLIANCE HEALTHCARE;AH SAMSUN;8680001116256;FATİH ECZANESİ;AMASYA MERKEZ -2;ACİDPASS;Acidpass 10/800/165 mg 12 Çiğneme Tablet;10;1;11;1.122;
20.07.2026;İSTANBUL ECZA KOOP;İSKOOP MERKEZ;8680001473786;YILMAZ ECZANESİ;AMASYA MERKEZ -2;ACİDPASS;Acidpass 10/800/165 mg 12 Çiğneme Tablet;20;3;23;2.245;
20.07.2026;ALLIANCE HEALTHCARE;AH SAMSUN;8680001116805;SEVEN ECZANESİ;AMASYA MERKEZ -2;PANOCER;Panocer 40 mg 28 Enterik Kaplı Tablet;10;3;13;1.053;
21.07.2026;İSTANBUL ECZA KOOP;İSKOOP MERKEZ;8680001116805;SEVEN ECZANESİ;AMASYA MERKEZ -2;ACİDPASS;Acidpass 10/800/165 mg 12 Çiğneme Tablet;6;0;6;673;
21.07.2026;ALLIANCE HEALTHCARE;AH SAMSUN;8680001702251;DAMLA ECZANESİ;AMASYA MERKEZ -2;PANOCER;Panocer 40 mg 28 Enterik Kaplı Tablet;10;3;13;1.053;
22.07.2026;İSTANBUL ECZA KOOP;İSKOOP MERKEZ;8680001717705;SEVİL ECZANESİ;AMASYA MERKEZ -2;ACİDPASS;Acidpass 10/800/165 mg 12 Çiğneme Tablet;20;3;23;2.245;
22.07.2026;İSTANBUL ECZA KOOP;İSKOOP MERKEZ;8680001124541;YEŞİLOVA ECZANESİ;AMASYA MERKEZ -2;MOKSEFEN;Moksefen 400 mg 7 Film Tablet;5;1;6;745;
22.07.2026;ALLIANCE HEALTHCARE;AH SAMSUN;8680001509072;SAYGIN ECZANESİ;AMASYA MERKEZ -2;PANOCER;Panocer 40 mg 28 Enterik Kaplı Tablet;165;135;300;17.377;
23.07.2026;İSTANBUL ECZA KOOP;İSKOOP MERKEZ;8680001473786;YILMAZ ECZANESİ;AMASYA MERKEZ -2;ACİDPASS;Acidpass 10/800/165 mg 12 Çiğneme Tablet;150;60;210;16.835;
24.07.2026;ALLIANCE HEALTHCARE;AH SAMSUN;8680001509072;SAYGIN ECZANESİ;AMASYA MERKEZ -2;ACİDPASS;Acidpass 10/800/165 mg 12 Çiğneme Tablet;-10;-1;-11;-1.122;
24.07.2026;İSTANBUL ECZA KOOP;İSKOOP MERKEZ;8680001124541;YEŞİLOVA ECZANESİ;AMASYA MERKEZ -2;ACİDPASS;Acidpass 10/800/165 mg 12 Çiğneme Tablet;10;1;11;1.122;
24.07.2026;İSTANBUL ECZA KOOP;İSKOOP MERKEZ;8680001124886;CANLI ECZANESİ;AMASYA MERKEZ -2;FAMTREC;Famtrec 800/26,6mg 14 Film Kaplı Tablet;2;0;2;204;
24.07.2026;İSTANBUL ECZA KOOP;İSKOOP MERKEZ;8680001124541;YEŞİLOVA ECZANESİ;AMASYA MERKEZ -2;FAMTREC;Famtrec 800/26,6mg 14 Film Kaplı Tablet;5;1;6;511;
27.07.2026;SELÇUK ECZA DEPOSU;SELÇUK SAMSUN;8680001509072;SAYGIN ECZANESİ;AMASYA MERKEZ -2;FAMTREC;Famtrec 800/26,6mg 14 Film Kaplı Tablet;1;0;1;102;
27.07.2026;SELÇUK ECZA DEPOSU;SELÇUK SAMSUN;8680001509072;SAYGIN ECZANESİ;AMASYA MERKEZ -2;FAMTREC;Famtrec 800/26,6mg 14 Film Kaplı Tablet;1;0;1;102;
27.07.2026;NEVZAT ECZA DEPOSU;NEVZAT SAMSUN;8680001473229;GÖKMAN ECZANESİ;AMASYA MERKEZ -2;FAMTREC;Famtrec 800/26,6mg 14 Film Kaplı Tablet;2;0;2;204;
27.07.2026;İSTANBUL ECZA KOOP;İSKOOP MERKEZ;8680001169863;VURAL ECZANESİ;AMASYA MERKEZ -2;PANOCER;Panocer 40 mg 28 Enterik Kaplı Tablet;30;12;42;3.159;
28.07.2026;İSTANBUL ECZA KOOP;İSKOOP MERKEZ;8680001421763;BESTE ECZANESİ;AMASYA MERKEZ -2;ACİDPASS;Acidpass 10/800/165 mg 12 Çiğneme Tablet;6;0;6;673;
28.07.2026;SELÇUK ECZA DEPOSU;SELÇUK SAMSUN;8680001421763;BESTE ECZANESİ;AMASYA MERKEZ -2;FAMTREC;Famtrec 800/26,6mg 14 Film Kaplı Tablet;3;0;3;307;
28.07.2026;SELÇUK ECZA DEPOSU;SELÇUK SAMSUN;8680001116256;FATİH ECZANESİ;AMASYA MERKEZ -2;PANOCER;Panocer 40 mg 28 Enterik Kaplı Tablet;10;3;13;1.053;
29.07.2026;İSTANBUL ECZA KOOP;İSKOOP MERKEZ;8680001130283;VİTAMİN ECZANESİ;AMASYA MERKEZ -2;ACİDPASS;Acidpass 10/800/165 mg 12 Çiğneme Tablet;2;0;2;224;
30.07.2026;ALLIANCE HEALTHCARE;AH SAMSUN;8680001116256;FATİH ECZANESİ;AMASYA MERKEZ -2;ACİDPASS;Acidpass 10/800/165 mg 12 Çiğneme Tablet;10;1;11;1.122;
30.07.2026;İSTANBUL ECZA KOOP;İSKOOP MERKEZ;8680001421763;BESTE ECZANESİ;AMASYA MERKEZ -2;ACİDPASS;Acidpass 10/800/165 mg 12 Çiğneme Tablet;10;1;11;1.122;
30.07.2026;İSTANBUL ECZA KOOP;İSKOOP MERKEZ;8680001421763;BESTE ECZANESİ;AMASYA MERKEZ -2;ACİDPASS;Acidpass 10/800/165 mg 6 Çiğneme Tablet;6;0;6;413;
30.07.2026;İSTANBUL ECZA KOOP;İSKOOP MERKEZ;8680001713516;EZGİ ECZANESİ;AMASYA MERKEZ -2;ACİDPASS;Acidpass 10/800/165 mg 6 Çiğneme Tablet;2;0;2;138;
30.07.2026;ALLIANCE HEALTHCARE;AH SAMSUN;8680001116256;FATİH ECZANESİ;AMASYA MERKEZ -2;FAMTREC;Famtrec 800/26,6mg 14 Film Kaplı Tablet;3;0;3;307;
30.07.2026;ALLIANCE HEALTHCARE;AH SAMSUN;8680001473229;GÖKMAN ECZANESİ;AMASYA MERKEZ -2;GRİPORT COLD;Griport Cold 20 Film Kaplı Tablet;1;0;1;84;
30.07.2026;İSTANBUL ECZA KOOP;İSKOOP MERKEZ;8680001744312;GÜNEŞ ECZANESİ;AMASYA MERKEZ -2;GRİPORT COLD;Griport Cold 20 Film Kaplı Tablet;1;0;1;84;
30.07.2026;İSTANBUL ECZA KOOP;İSKOOP MERKEZ;8680001717705;SEVİL ECZANESİ;AMASYA MERKEZ -2;PANOCER;Panocer 40 mg 28 Enterik Kaplı Tablet;10;3;13;1.053;
31.07.2026;ALLIANCE HEALTHCARE;AH SAMSUN;8680001130092;CANSARAN ECZANESİ;AMASYA MERKEZ -2;FAMTREC;Famtrec 800/26,6mg 14 Film Kaplı Tablet;1;0;1;102;
31.07.2026;ALLIANCE HEALTHCARE;AH SAMSUN;8680001124541;YEŞİLOVA ECZANESİ;AMASYA MERKEZ -2;FAMTREC;Famtrec 800/26,6mg 14 Film Kaplı Tablet;3;0;3;307;
01.07.2026;ALLIANCE HEALTHCARE;AH SAMSUN;8680001171934;TEKNECİ ECZANESİ;AMASYA MERZIFON;ACİDPASS;Acidpass 10/800/165 mg 12 Çiğneme Tablet;20;3;23;2.245;
01.07.2026;SELÇUK ECZA DEPOSU;SELÇUK SAMSUN;8680001499301;GİZEM ECZANESİ;AMASYA MERZIFON;ACİDPASS;Acidpass 10/800/165 mg 12 Çiğneme Tablet;10;1;11;1.122;
01.07.2026;ALLIANCE HEALTHCARE;AH SAMSUN;8680001470938;HAKAN ECZANESİ;AMASYA MERZIFON;ACİDPASS;Acidpass 10/800/165 mg 12 Çiğneme Tablet;20;3;23;2.245;
01.07.2026;İSTANBUL ECZA KOOP;İSKOOP MERKEZ;8680001737123;ŞAHİN ECZANESİ;AMASYA MERZIFON;ACİDPASS;Acidpass 10/800/165 mg 12 Çiğneme Tablet;50;15;65;5.612;
01.07.2026;ALLIANCE HEALTHCARE;AH SAMSUN;8680001172443;HAZNECİ ECZANESİ;AMASYA MERZIFON;PANOCER;Panocer 40 mg 14 Enterik Kaplı Tablet;1;0;1;81;
01.07.2026;ALLIANCE HEALTHCARE;AH SAMSUN;8680001172443;HAZNECİ ECZANESİ;AMASYA MERZIFON;PANOCER;Panocer 40 mg 28 Enterik Kaplı Tablet;10;3;13;1.053;
01.07.2026;ALLIANCE HEALTHCARE;AH SAMSUN;8680001171934;TEKNECİ ECZANESİ;AMASYA MERZIFON;PANOCER;Panocer 40 mg 28 Enterik Kaplı Tablet;30;12;42;3.159;
02.07.2026;ALLIANCE HEALTHCARE;AH SAMSUN;8680001447541;DOĞANER ECZANESİ;AMASYA MERZIFON;ACİDPASS;Acidpass 10/800/165 mg 12 Çiğneme Tablet;50;15;65;5.612;
02.07.2026;SELÇUK ECZA DEPOSU;SELÇUK SAMSUN;8680001499301;GİZEM ECZANESİ;AMASYA MERZIFON;ACİDPASS;Acidpass 10/800/165 mg 12 Çiğneme Tablet;10;1;11;1.122;
03.07.2026;SELÇUK ECZA DEPOSU;SELÇUK SAMSUN;8680001180660;BERRİN ECZANESİ;AMASYA MERZIFON;ACİDPASS;Acidpass 10/800/165 mg 12 Çiğneme Tablet;10;1;11;1.122;
03.07.2026;ALLIANCE HEALTHCARE;AH SAMSUN;8680001175390;İSTANBUL ECZANESİ;AMASYA MERZIFON;ACİDPASS;Acidpass 10/800/165 mg 12 Çiğneme Tablet;20;3;23;2.245;
03.07.2026;İSTANBUL ECZA KOOP;İSKOOP MERKEZ;8680001182756;GÜLŞAH ECZANESİ;AMASYA MERZIFON;PANOCER;Panocer 40 mg 28 Enterik Kaplı Tablet;30;12;42;3.159;
06.07.2026;ALLIANCE HEALTHCARE;AH SAMSUN;8680001169740;SAĞLIK ECZANESİ;AMASYA MERZIFON;PANOCER;Panocer 40 mg 14 Enterik Kaplı Tablet;3;0;3;243;
06.07.2026;NEVZAT ECZA DEPOSU;NEVZAT SAMSUN;8680001179909;YENİ ECZANESİ;AMASYA MERZIFON;PANOCER;Panocer 40 mg 28 Enterik Kaplı Tablet;10;3;13;1.053;
06.07.2026;İSTANBUL ECZA KOOP;İSKOOP MERKEZ;8680001737123;ŞAHİN ECZANESİ;AMASYA MERZIFON;PANOCER;Panocer 40 mg 28 Enterik Kaplı Tablet;30;12;42;3.159;
07.07.2026;İSTANBUL ECZA KOOP;İSKOOP MERKEZ;8680001447541;DOĞANER ECZANESİ;AMASYA MERZIFON;PANOCER;Panocer 40 mg 28 Enterik Kaplı Tablet;100;60;160;10.531;
08.07.2026;ALLIANCE HEALTHCARE;AH SAMSUN;8680001182817;KEREM ECZANESİ;AMASYA MERZIFON;GRİPORT COLD;Griport Cold 20 Film Kaplı Tablet;12;4;16;1.010;
09.07.2026;İSTANBUL ECZA KOOP;İSKOOP MERKEZ;8680001178230;KOÇAK ECZANESİ;AMASYA MERZIFON;ACİDPASS;Acidpass 10/800/165 mg 12 Çiğneme Tablet;5;0;5;561;
09.07.2026;ALLIANCE HEALTHCARE;AH SAMSUN;8680001182817;KEREM ECZANESİ;AMASYA MERZIFON;ACİDPASS;Acidpass 10/800/165 mg 12 Çiğneme Tablet;20;3;23;2.245;
09.07.2026;SELÇUK ECZA DEPOSU;SELÇUK SAMSUN;8680001180363;ERCAN ECZANESİ;AMASYA MERZIFON;FAMTREC;Famtrec 800/26,6mg 14 Film Kaplı Tablet;5;1;6;511;
09.07.2026;ALLIANCE HEALTHCARE;AH SAMSUN;8680001648160;GÜLFER ECZANESİ;AMASYA MERZIFON;FAMTREC;Famtrec 800/26,6mg 14 Film Kaplı Tablet;1;0;1;102;
09.07.2026;SELÇUK ECZA DEPOSU;SELÇUK SAMSUN;8680001178124;ÇELİK ECZANESİ;AMASYA MERZIFON;PANOCER;Panocer 40 mg 28 Enterik Kaplı Tablet;10;3;13;1.053;
09.07.2026;ALLIANCE HEALTHCARE;AH SAMSUN;8680001182817;KEREM ECZANESİ;AMASYA MERZIFON;PANOCER;Panocer 40 mg 28 Enterik Kaplı Tablet;50;25;75;5.266;
10.07.2026;ALLIANCE HEALTHCARE;AH SAMSUN;8680001470938;HAKAN ECZANESİ;AMASYA MERZIFON;ACİDPASS;Acidpass 10/800/165 mg 6 Çiğneme Tablet;2;0;2;138;
10.07.2026;SELÇUK ECZA DEPOSU;SELÇUK SAMSUN;8680001180363;ERCAN ECZANESİ;AMASYA MERZIFON;MOKSEFEN;Moksefen 400 mg 7 Film Tablet;5;1;6;745;
10.07.2026;İSTANBUL ECZA KOOP;İSKOOP MERKEZ;8680001182923;GÜL ECZANESİ;AMASYA MERZIFON;PANOCER;Panocer 40 mg 28 Enterik Kaplı Tablet;10;3;13;1.053;
13.07.2026;ALLIANCE HEALTHCARE;AH SAMSUN;8680001818037;CANSU ECZANESİ;AMASYA MERZIFON;ACİDPASS;Acidpass 10/800/165 mg 12 Çiğneme Tablet;10;1;11;1.122;
13.07.2026;ALLIANCE HEALTHCARE;AH SAMSUN;8680001175390;İSTANBUL ECZANESİ;AMASYA MERZIFON;PANOCER;Panocer 40 mg 28 Enterik Kaplı Tablet;10;3;13;1.053;
14.07.2026;NEVZAT ECZA DEPOSU;NEVZAT SAMSUN;8680001180172;CİVEK ECZANESİ;AMASYA MERZIFON;FAMTREC;Famtrec 800/26,6mg 14 Film Kaplı Tablet;1;0;1;102;
14.07.2026;İSTANBUL ECZA KOOP;İSKOOP MERKEZ;8680001499301;GİZEM ECZANESİ;AMASYA MERZIFON;PANOCER;Panocer 40 mg 28 Enterik Kaplı Tablet;10;3;13;1.053;
14.07.2026;SELÇUK ECZA DEPOSU;SELÇUK SAMSUN;8680001499301;GİZEM ECZANESİ;AMASYA MERZIFON;PANOCER;Panocer 40 mg 28 Enterik Kaplı Tablet;10;3;13;1.053;
20.07.2026;ALLIANCE HEALTHCARE;AH SAMSUN;8680001178230;KOÇAK ECZANESİ;AMASYA MERZIFON;ACİDPASS;Acidpass 10/800/165 mg 12 Çiğneme Tablet;10;1;11;1.122;
21.07.2026;NEVZAT ECZA DEPOSU;NEVZAT SAMSUN;8680001180660;BERRİN ECZANESİ;AMASYA MERZIFON;ACİDPASS;Acidpass 10/800/165 mg 12 Çiğneme Tablet;20;3;23;2.245;
22.07.2026;NEVZAT ECZA DEPOSU;NEVZAT SAMSUN;8680001169474;DERMAN ECZANESİ;AMASYA MERZIFON;ACİDPASS;Acidpass 10/800/165 mg 12 Çiğneme Tablet;10;1;11;1.122;
22.07.2026;ALLIANCE HEALTHCARE;AH SAMSUN;8680001172443;HAZNECİ ECZANESİ;AMASYA MERZIFON;PANOCER;Panocer 40 mg 28 Enterik Kaplı Tablet;10;3;13;1.053;
23.07.2026;İSTANBUL ECZA KOOP;İSKOOP MERKEZ;8680001185368;HAYAT ECZANESİ;AMASYA MERZIFON;ACİDPASS;Acidpass 10/800/165 mg 12 Çiğneme Tablet;10;1;11;1.122;
23.07.2026;ALLIANCE HEALTHCARE;AH SAMSUN;8680001172443;HAZNECİ ECZANESİ;AMASYA MERZIFON;ACİDPASS;Acidpass 10/800/165 mg 12 Çiğneme Tablet;10;1;11;1.122;
23.07.2026;NEVZAT ECZA DEPOSU;NEVZAT SAMSUN;8680001169740;SAĞLIK ECZANESİ;AMASYA MERZIFON;FAMTREC;Famtrec 800/26,6mg 14 Film Kaplı Tablet;5;1;6;511;
23.07.2026;İSTANBUL ECZA KOOP;İSKOOP MERKEZ;8680001178230;KOÇAK ECZANESİ;AMASYA MERZIFON;GRİPORT COLD;Griport Cold 20 Film Kaplı Tablet;6;1;7;505;
24.07.2026;SELÇUK ECZA DEPOSU;SELÇUK SAMSUN;8680001499301;GİZEM ECZANESİ;AMASYA MERZIFON;FAMTREC;Famtrec 800/26,6mg 14 Film Kaplı Tablet;1;0;1;102;
26.07.2026;ALLIANCE HEALTHCARE;AH SAMSUN;8680001182817;KEREM ECZANESİ;AMASYA MERZIFON;GRİPORT COLD;Griport Cold 20 Film Kaplı Tablet;6;1;7;505;
27.07.2026;NEVZAT ECZA DEPOSU;NEVZAT SAMSUN;8680001179909;YENİ ECZANESİ;AMASYA MERZIFON;ACİDPASS;Acidpass 10/800/165 mg 12 Çiğneme Tablet;10;1;11;1.122;
27.07.2026;SELÇUK ECZA DEPOSU;SELÇUK SAMSUN;8680001499301;GİZEM ECZANESİ;AMASYA MERZIFON;FAMTREC;Famtrec 800/26,6mg 14 Film Kaplı Tablet;2;0;2;204;
28.07.2026;NEVZAT ECZA DEPOSU;NEVZAT SAMSUN;8680001169580;SAHİL ECZANESİ;AMASYA MERZIFON;ACİDPASS;Acidpass 10/800/165 mg 12 Çiğneme Tablet;2;0;2;224;
29.07.2026;ALLIANCE HEALTHCARE;AH SAMSUN;8680001180172;CİVEK ECZANESİ;AMASYA MERZIFON;FAMTREC;Famtrec 800/26,6mg 14 Film Kaplı Tablet;2;0;2;204;
29.07.2026;ALLIANCE HEALTHCARE;AH SAMSUN;8680001818037;CANSU ECZANESİ;AMASYA MERZIFON;PANOCER;Panocer 40 mg 28 Enterik Kaplı Tablet;10;3;13;1.053;
30.07.2026;ALLIANCE HEALTHCARE;AH SAMSUN;8680001180172;CİVEK ECZANESİ;AMASYA MERZIFON;FAMTREC;Famtrec 800/26,6mg 14 Film Kaplı Tablet;5;1;6;511;
30.07.2026;ALLIANCE HEALTHCARE;AH SAMSUN;8680001171934;TEKNECİ ECZANESİ;AMASYA MERZIFON;FAMTREC;Famtrec 800/26,6mg 14 Film Kaplı Tablet;1;0;1;102;
31.07.2026;ALLIANCE HEALTHCARE;AH SAMSUN;8680001172443;HAZNECİ ECZANESİ;AMASYA MERZIFON;ACİDPASS;Acidpass 10/800/165 mg 12 Çiğneme Tablet;10;1;11;1.122;
02.07.2026;SELÇUK ECZA DEPOSU;SELÇUK TRABZON;8680001471621;TURNA ECZANESİ;ARTVIN KUZEY ILCELER;PANOCER;Panocer 40 mg 28 Enterik Kaplı Tablet;30;12;42;3.159;
03.07.2026;SELÇUK ECZA DEPOSU;SELÇUK TRABZON;8680001132485;YENİ BAYRAKTAR ECZANESİ;ARTVIN KUZEY ILCELER;ACİDPASS;Acidpass 10/800/165 mg 12 Çiğneme Tablet;2;0;2;224;
03.07.2026;SELÇUK ECZA DEPOSU;SELÇUK TRABZON;8680001912025;MİHRAP ECZANESİ;ARTVIN KUZEY ILCELER;ACİDPASS;Acidpass 10/800/165 mg 12 Çiğneme Tablet;50;15;65;5.612;
03.07.2026;SELÇUK ECZA DEPOSU;SELÇUK TRABZON;8680001132485;YENİ BAYRAKTAR ECZANESİ;ARTVIN KUZEY ILCELER;ACİDPASS;Acidpass 10/800/165 mg 6 Çiğneme Tablet;1;0;1;69;
03.07.2026;ALLIANCE HEALTHCARE;AH TRABZON;8680001643592;SELİN ECZANESİ;ARTVIN KUZEY ILCELER;GRİPORT COLD;Griport Cold 20 Film Kaplı Tablet;6;1;7;505;
07.07.2026;NEVZAT ECZA DEPOSU;NEVZAT TRABZON;8680001485406;MEDEA ECZANESİ;ARTVIN KUZEY ILCELER;ACİDPASS;Acidpass 10/800/165 mg 12 Çiğneme Tablet;20;3;23;2.245;
08.07.2026;ALLIANCE HEALTHCARE;AH TRABZON;8680001178551;GÖKTAŞ ECZANESİ;ARTVIN KUZEY ILCELER;PANOCER;Panocer 40 mg 28 Enterik Kaplı Tablet;50;25;75;5.266;
09.07.2026;SELÇUK ECZA DEPOSU;SELÇUK TRABZON;8680001472376;HALK ECZANESİ;ARTVIN KUZEY ILCELER;ACİDPASS;Acidpass 10/800/165 mg 12 Çiğneme Tablet;10;1;11;1.122;
09.07.2026;ALLIANCE HEALTHCARE;AH TRABZON;8680001494293;AYÇA ECZANESİ;ARTVIN KUZEY ILCELER;PANOCER;Panocer 40 mg 28 Enterik Kaplı Tablet;20;6;26;2.106;
10.07.2026;SELÇUK ECZA DEPOSU;SELÇUK TRABZON;8680001127870;SAĞLIK ECZANESİ;ARTVIN KUZEY ILCELER;ACİDPASS;Acidpass 10/800/165 mg 12 Çiğneme Tablet;50;15;65;5.612;
10.07.2026;SELÇUK ECZA DEPOSU;SELÇUK TRABZON;8680001664832;SARP ECZANESİ;ARTVIN KUZEY ILCELER;FAMTREC;Famtrec 800/26,6mg 14 Film Kaplı Tablet;5;1;6;511;
10.07.2026;SELÇUK ECZA DEPOSU;SELÇUK TRABZON;8680001756018;ZEYTÜL ECZANESİ;ARTVIN KUZEY ILCELER;MOKSEFEN;Moksefen 400 mg 7 Film Tablet;5;1;6;745;
10.07.2026;SELÇUK ECZA DEPOSU;SELÇUK TRABZON;8680001114948;HALK ECZANESİ;ARTVIN KUZEY ILCELER;PANOCER;Panocer 40 mg 28 Enterik Kaplı Tablet;165;135;300;17.377;
11.07.2026;ALLIANCE HEALTHCARE;AH TRABZON;8680001122325;YASEMİN ECZANESİ;ARTVIN KUZEY ILCELER;PANOCER;Panocer 40 mg 28 Enterik Kaplı Tablet;30;12;42;3.159;
13.07.2026;SELÇUK ECZA DEPOSU;SELÇUK TRABZON;8680001122325;YASEMİN ECZANESİ;ARTVIN KUZEY ILCELER;ACİDPASS;Acidpass 10/800/165 mg 12 Çiğneme Tablet;10;1;11;1.122;
14.07.2026;ALLIANCE HEALTHCARE;AH TRABZON;8680001131020;GÖKBERK ECZANESI;ARTVIN KUZEY ILCELER;MOKSEFEN;Moksefen 400 mg 7 Film Tablet;10;3;13;1.490;
17.07.2026;ALLIANCE HEALTHCARE;AH TRABZON;8680001471621;TURNA ECZANESİ;ARTVIN KUZEY ILCELER;ACİDPASS;Acidpass 10/800/165 mg 12 Çiğneme Tablet;10;1;11;1.122;
17.07.2026;ALLIANCE HEALTHCARE;AH TRABZON;8680001117703;HAYAT ECZANESİ;ARTVIN KUZEY ILCELER;ACİDPASS;Acidpass 10/800/165 mg 12 Çiğneme Tablet;10;1;11;1.122;
18.07.2026;SELÇUK ECZA DEPOSU;SELÇUK TRABZON;8680001118502;ARHAVİ ECZANESİ;ARTVIN KUZEY ILCELER;PANOCER;Panocer 40 mg 28 Enterik Kaplı Tablet;1;0;1;105;
20.07.2026;SELÇUK ECZA DEPOSU;SELÇUK TRABZON;8680001472376;HALK ECZANESİ;ARTVIN KUZEY ILCELER;MOKSEFEN;Moksefen 400 mg 7 Film Tablet;5;1;6;745;
22.07.2026;ALLIANCE HEALTHCARE;AH TRABZON;8680001122325;YASEMİN ECZANESİ;ARTVIN KUZEY ILCELER;ACİDPASS;Acidpass 10/800/165 mg 12 Çiğneme Tablet;20;3;23;2.245;
23.07.2026;ALLIANCE HEALTHCARE;AH TRABZON;8680001471621;TURNA ECZANESİ;ARTVIN KUZEY ILCELER;ACİDPASS;Acidpass 10/800/165 mg 12 Çiğneme Tablet;20;3;23;2.245;
23.07.2026;SELÇUK ECZA DEPOSU;SELÇUK TRABZON;8680001122776;CEBECİ ECZANESİ;ARTVIN KUZEY ILCELER;FAMTREC;Famtrec 800/26,6mg 14 Film Kaplı Tablet;5;1;6;511;
23.07.2026;SELÇUK ECZA DEPOSU;SELÇUK TRABZON;8680001121823;ÖZLEM ECZANESİ;ARTVIN KUZEY ILCELER;FAMTREC;Famtrec 800/26,6mg 14 Film Kaplı Tablet;1;0;1;102;
23.07.2026;SELÇUK ECZA DEPOSU;SELÇUK TRABZON;8680001114948;HALK ECZANESİ;ARTVIN KUZEY ILCELER;FAMTREC;Famtrec 800/26,6mg 14 Film Kaplı Tablet;5;1;6;511;
23.07.2026;SELÇUK ECZA DEPOSU;SELÇUK TRABZON;8680001122776;CEBECİ ECZANESİ;ARTVIN KUZEY ILCELER;GRİPORT COLD;Griport Cold 20 Film Kaplı Tablet;12;4;16;1.010;
23.07.2026;SELÇUK ECZA DEPOSU;SELÇUK TRABZON;8680001117987;ALTINPOST ECZANESİ;ARTVIN KUZEY ILCELER;MOKSEFEN;Moksefen 400 mg 7 Film Tablet;10;3;13;1.490;
23.07.2026;SELÇUK ECZA DEPOSU;SELÇUK TRABZON;8680001122776;CEBECİ ECZANESİ;ARTVIN KUZEY ILCELER;PANOCER;Panocer 40 mg 28 Enterik Kaplı Tablet;165;135;300;17.377;
24.07.2026;SELÇUK ECZA DEPOSU;SELÇUK TRABZON;8680001122776;CEBECİ ECZANESİ;ARTVIN KUZEY ILCELER;ACİDPASS;Acidpass 10/800/165 mg 12 Çiğneme Tablet;50;15;65;5.612;
24.07.2026;SELÇUK ECZA DEPOSU;SELÇUK TRABZON;8680001121823;ÖZLEM ECZANESİ;ARTVIN KUZEY ILCELER;ACİDPASS;Acidpass 10/800/165 mg 12 Çiğneme Tablet;50;15;65;5.612;
24.07.2026;SELÇUK ECZA DEPOSU;SELÇUK TRABZON;8680001114948;HALK ECZANESİ;ARTVIN KUZEY ILCELER;ACİDPASS;Acidpass 10/800/165 mg 12 Çiğneme Tablet;50;15;65;5.612;
24.07.2026;SELÇUK ECZA DEPOSU;SELÇUK TRABZON;8680001127870;SAĞLIK ECZANESİ;ARTVIN KUZEY ILCELER;FAMTREC;Famtrec 800/26,6mg 14 Film Kaplı Tablet;5;1;6;511;
24.07.2026;SELÇUK ECZA DEPOSU;SELÇUK TRABZON;8680001117710;BAYRAKTAR ECZANESİ;ARTVIN KUZEY ILCELER;PANOCER;Panocer 40 mg 28 Enterik Kaplı Tablet;10;3;13;1.053;
27.07.2026;NEVZAT ECZA DEPOSU;NEVZAT TRABZON;8680001659203;FEYZA ECZANESİ;ARTVIN KUZEY ILCELER;GRİPORT COLD;Griport Cold 20 Film Kaplı Tablet;6;1;7;505;
29.07.2026;ALLIANCE HEALTHCARE;AH TRABZON;8680001723188;BİLGE ECZANESİ;ARTVIN KUZEY ILCELER;ACİDPASS;Acidpass 10/800/165 mg 6 Çiğneme Tablet;10;1;11;689;
29.07.2026;SELÇUK ECZA DEPOSU;SELÇUK TRABZON;8680001117710;BAYRAKTAR ECZANESİ;ARTVIN KUZEY ILCELER;MOKSEFEN;Moksefen 400 mg 7 Film Tablet;3;0;3;447;
29.07.2026;ALLIANCE HEALTHCARE;AH TRABZON;8680001723188;BİLGE ECZANESİ;ARTVIN KUZEY ILCELER;MOKSEFEN;Moksefen 400 mg 7 Film Tablet;2;0;2;298;
31.07.2026;SELÇUK ECZA DEPOSU;SELÇUK TRABZON;8680001118502;ARHAVİ ECZANESİ;ARTVIN KUZEY ILCELER;ACİDPASS;Acidpass 10/800/165 mg 6 Çiğneme Tablet;1;0;1;69;
31.07.2026;SELÇUK ECZA DEPOSU;SELÇUK TRABZON;8680001485406;MEDEA ECZANESİ;ARTVIN KUZEY ILCELER;FAMTREC;Famtrec 800/26,6mg 14 Film Kaplı Tablet;1;0;1;102;
31.07.2026;ALLIANCE HEALTHCARE;AH TRABZON;8680001723188;BİLGE ECZANESİ;ARTVIN KUZEY ILCELER;FAMTREC;Famtrec 800/26,6mg 14 Film Kaplı Tablet;5;1;6;511;
31.07.2026;SELÇUK ECZA DEPOSU;SELÇUK TRABZON;8680001485406;MEDEA ECZANESİ;ARTVIN KUZEY ILCELER;GRİPORT COLD;Griport Cold 20 Film Kaplı Tablet;6;1;7;505;
31.07.2026;SELÇUK ECZA DEPOSU;SELÇUK TRABZON;8680001121823;ÖZLEM ECZANESİ;ARTVIN KUZEY ILCELER;MOKSEFEN;Moksefen 400 mg 7 Film Tablet;20;10;30;2.980;
01.07.2026;ALLIANCE HEALTHCARE;AH TRABZON;8680001481286;ÖZIŞIK ECZANESİ;ARTVIN MERKEZ+DOGU+GUNEY;MOKSEFEN;Moksefen 400 mg 7 Film Tablet;5;1;6;745;
02.07.2026;NEVZAT ECZA DEPOSU;NEVZAT ERZURUM;8680001121489;SARIKAYA ECZANESİ;ARTVIN MERKEZ+DOGU+GUNEY;ACİDPASS;Acidpass 10/800/165 mg 12 Çiğneme Tablet;20;3;23;2.245;
03.07.2026;SELÇUK ECZA DEPOSU;SELÇUK TRABZON;8680001492497;ÖMÜR ECZANESİ;ARTVIN MERKEZ+DOGU+GUNEY;ACİDPASS;Acidpass 10/800/165 mg 12 Çiğneme Tablet;10;1;11;1.122;
03.07.2026;ALLIANCE HEALTHCARE;AH TRABZON;8680001115655;SAĞLIK ECZANESİ;ARTVIN MERKEZ+DOGU+GUNEY;GRİPORT COLD;Griport Cold 20 Film Kaplı Tablet;6;1;7;505;
03.07.2026;ALLIANCE HEALTHCARE;AH TRABZON;8680001729548;LOTUS ECZANESİ;ARTVIN MERKEZ+DOGU+GUNEY;GRİPORT COLD;Griport Cold 20 Film Kaplı Tablet;2;0;2;168;
03.07.2026;ALLIANCE HEALTHCARE;AH TRABZON;8680001304233;HAKAN ECZANESİ;ARTVIN MERKEZ+DOGU+GUNEY;MOKSEFEN;Moksefen 400 mg 7 Film Tablet;5;1;6;745;
06.07.2026;SELÇUK ECZA DEPOSU;SELÇUK TRABZON;8680001304233;HAKAN ECZANESİ;ARTVIN MERKEZ+DOGU+GUNEY;ACİDPASS;Acidpass 10/800/165 mg 12 Çiğneme Tablet;10;1;11;1.122;
06.07.2026;SELÇUK ECZA DEPOSU;SELÇUK TRABZON;8680001114146;UMUT ECZANESİ;ARTVIN MERKEZ+DOGU+GUNEY;ACİDPASS;Acidpass 10/800/165 mg 12 Çiğneme Tablet;10;1;11;1.122;
06.07.2026;NEVZAT ECZA DEPOSU;NEVZAT ERZURUM;8680001832750;YUSUFELİ ECZANESİ;ARTVIN MERKEZ+DOGU+GUNEY;ACİDPASS;Acidpass 10/800/165 mg 12 Çiğneme Tablet;10;1;11;1.122;
07.07.2026;SELÇUK ECZA DEPOSU;SELÇUK TRABZON;8680001335046;ÇAMLICA ECZANESİ;ARTVIN MERKEZ+DOGU+GUNEY;PANOCER;Panocer 40 mg 14 Enterik Kaplı Tablet;10;3;13;809;
08.07.2026;ALLIANCE HEALTHCARE;AH TRABZON;8680001481286;ÖZIŞIK ECZANESİ;ARTVIN MERKEZ+DOGU+GUNEY;ACİDPASS;Acidpass 10/800/165 mg 12 Çiğneme Tablet;10;1;11;1.122;
08.07.2026;ALLIANCE HEALTHCARE;AH TRABZON;8680001115075;DEMİR ECZANESİ;ARTVIN MERKEZ+DOGU+GUNEY;ACİDPASS;Acidpass 10/800/165 mg 12 Çiğneme Tablet;10;1;11;1.122;
08.07.2026;SELÇUK ECZA DEPOSU;SELÇUK TRABZON;8680001335046;ÇAMLICA ECZANESİ;ARTVIN MERKEZ+DOGU+GUNEY;MOKSEFEN;Moksefen 400 mg 7 Film Tablet;10;3;13;1.490;
09.07.2026;ALLIANCE HEALTHCARE;AH TRABZON;8680001473205;MELTEM ECZANESİ;ARTVIN MERKEZ+DOGU+GUNEY;ACİDPASS;Acidpass 10/800/165 mg 12 Çiğneme Tablet;10;1;11;1.122;
09.07.2026;ALLIANCE HEALTHCARE;AH TRABZON;8680001496594;YAĞMUR ECZANESİ;ARTVIN MERKEZ+DOGU+GUNEY;FAMTREC;Famtrec 800/26,6mg 14 Film Kaplı Tablet;1;0;1;102;
09.07.2026;SELÇUK ECZA DEPOSU;SELÇUK TRABZON;8680001471591;ÖMER ECZANESİ;ARTVIN MERKEZ+DOGU+GUNEY;FAMTREC;Famtrec 800/26,6mg 14 Film Kaplı Tablet;1;0;1;102;
09.07.2026;ALLIANCE HEALTHCARE;AH TRABZON;8680001473205;MELTEM ECZANESİ;ARTVIN MERKEZ+DOGU+GUNEY;FAMTREC;Famtrec 800/26,6mg 14 Film Kaplı Tablet;1;0;1;102;
09.07.2026;SELÇUK ECZA DEPOSU;SELÇUK TRABZON;8680001114146;UMUT ECZANESİ;ARTVIN MERKEZ+DOGU+GUNEY;FAMTREC;Famtrec 800/26,6mg 14 Film Kaplı Tablet;1;0;1;102;
09.07.2026;SELÇUK ECZA DEPOSU;SELÇUK TRABZON;8680001115655;SAĞLIK ECZANESİ;ARTVIN MERKEZ+DOGU+GUNEY;FAMTREC;Famtrec 800/26,6mg 14 Film Kaplı Tablet;1;0;1;102;
09.07.2026;SELÇUK ECZA DEPOSU;SELÇUK TRABZON;8680001492497;ÖMÜR ECZANESİ;ARTVIN MERKEZ+DOGU+GUNEY;FAMTREC;Famtrec 800/26,6mg 14 Film Kaplı Tablet;1;0;1;102;
09.07.2026;SELÇUK ECZA DEPOSU;SELÇUK TRABZON;8680001540846;LİVANE ECZANESİ;ARTVIN MERKEZ+DOGU+GUNEY;FAMTREC;Famtrec 800/26,6mg 14 Film Kaplı Tablet;1;0;1;102;
09.07.2026;SELÇUK ECZA DEPOSU;SELÇUK TRABZON;8680001304233;HAKAN ECZANESİ;ARTVIN MERKEZ+DOGU+GUNEY;MOKSEFEN;Moksefen 400 mg 7 Film Tablet;10;3;13;1.490;
10.07.2026;NEVZAT ECZA DEPOSU;NEVZAT ERZURUM;8680001121489;SARIKAYA ECZANESİ;ARTVIN MERKEZ+DOGU+GUNEY;GRİPORT COLD;Griport Cold 20 Film Kaplı Tablet;12;4;16;1.010;
13.07.2026;ALLIANCE HEALTHCARE;AH TRABZON;8680001729548;LOTUS ECZANESİ;ARTVIN MERKEZ+DOGU+GUNEY;ACİDPASS;Acidpass 10/800/165 mg 12 Çiğneme Tablet;10;1;11;1.122;
13.07.2026;SELÇUK ECZA DEPOSU;SELÇUK TRABZON;8680001114146;UMUT ECZANESİ;ARTVIN MERKEZ+DOGU+GUNEY;MOKSEFEN;Moksefen 400 mg 7 Film Tablet;5;1;6;745;
14.07.2026;ALLIANCE HEALTHCARE;AH TRABZON;8680001832750;YUSUFELİ ECZANESİ;ARTVIN MERKEZ+DOGU+GUNEY;PANOCER;Panocer 40 mg 14 Enterik Kaplı Tablet;2;0;2;162;
17.07.2026;ALLIANCE HEALTHCARE;AH TRABZON;8680001729548;LOTUS ECZANESİ;ARTVIN MERKEZ+DOGU+GUNEY;MOKSEFEN;Moksefen 400 mg 7 Film Tablet;5;1;6;745;
18.07.2026;SELÇUK ECZA DEPOSU;SELÇUK TRABZON;8680001115655;SAĞLIK ECZANESİ;ARTVIN MERKEZ+DOGU+GUNEY;PANOCER;Panocer 40 mg 28 Enterik Kaplı Tablet;165;135;300;17.377;
20.07.2026;SELÇUK ECZA DEPOSU;SELÇUK TRABZON;8680001335046;ÇAMLICA ECZANESİ;ARTVIN MERKEZ+DOGU+GUNEY;ACİDPASS;Acidpass 10/800/165 mg 12 Çiğneme Tablet;10;1;11;1.122;
21.07.2026;ALLIANCE HEALTHCARE;AH TRABZON;8680001535347;ŞAVŞAT ECZANESİ;ARTVIN MERKEZ+DOGU+GUNEY;ACİDPASS;Acidpass 10/800/165 mg 12 Çiğneme Tablet;20;3;23;2.245;
22.07.2026;SELÇUK ECZA DEPOSU;SELÇUK TRABZON;8680001112869;OZAN ECZANESİ;ARTVIN MERKEZ+DOGU+GUNEY;MOKSEFEN;Moksefen 400 mg 7 Film Tablet;20;10;30;2.980;
24.07.2026;SELÇUK ECZA DEPOSU;SELÇUK TRABZON;8680001114146;UMUT ECZANESİ;ARTVIN MERKEZ+DOGU+GUNEY;ACİDPASS;Acidpass 10/800/165 mg 12 Çiğneme Tablet;20;3;23;2.245;
24.07.2026;SELÇUK ECZA DEPOSU;SELÇUK TRABZON;8680001114146;UMUT ECZANESİ;ARTVIN MERKEZ+DOGU+GUNEY;MOKSEFEN;Moksefen 400 mg 7 Film Tablet;10;3;13;1.490;
24.07.2026;SELÇUK ECZA DEPOSU;SELÇUK TRABZON;8680001115853;AKIN ECZANESİ;ARTVIN MERKEZ+DOGU+GUNEY;PANOCER;Panocer 40 mg 14 Enterik Kaplı Tablet;2;0;2;162;
26.07.2026;SELÇUK ECZA DEPOSU;SELÇUK TRABZON;8680001304233;HAKAN ECZANESİ;ARTVIN MERKEZ+DOGU+GUNEY;GRİPORT COLD;Griport Cold 20 Film Kaplı Tablet;6;1;7;505;
27.07.2026;SELÇUK ECZA DEPOSU;SELÇUK TRABZON;8680001304233;HAKAN ECZANESİ;ARTVIN MERKEZ+DOGU+GUNEY;ACİDPASS;Acidpass 10/800/165 mg 12 Çiğneme Tablet;10;1;11;1.122;
27.07.2026;ALLIANCE HEALTHCARE;AH TRABZON;8680001729548;LOTUS ECZANESİ;ARTVIN MERKEZ+DOGU+GUNEY;PANOCER;Panocer 40 mg 28 Enterik Kaplı Tablet;10;3;13;1.053;
29.07.2026;SELÇUK ECZA DEPOSU;SELÇUK TRABZON;8680001749447;DENİZ ECZANESİ;ARTVIN MERKEZ+DOGU+GUNEY;PANOCER;Panocer 40 mg 14 Enterik Kaplı Tablet;2;0;2;162;
29.07.2026;NEVZAT ECZA DEPOSU;NEVZAT ERZURUM;8680001121489;SARIKAYA ECZANESİ;ARTVIN MERKEZ+DOGU+GUNEY;PANOCER;Panocer 40 mg 28 Enterik Kaplı Tablet;300;245;545;31.594;
30.07.2026;ALLIANCE HEALTHCARE;AH TRABZON;8680001121489;SARIKAYA ECZANESİ;ARTVIN MERKEZ+DOGU+GUNEY;ACİDPASS;Acidpass 10/800/165 mg 12 Çiğneme Tablet;20;3;23;2.245;
30.07.2026;SELÇUK ECZA DEPOSU;SELÇUK TRABZON;8680001123827;SERHAT ECZANESİ;ARTVIN MERKEZ+DOGU+GUNEY;ACİDPASS;Acidpass 10/800/165 mg 12 Çiğneme Tablet;6;0;6;673;
30.07.2026;ALLIANCE HEALTHCARE;AH TRABZON;8680001121489;SARIKAYA ECZANESİ;ARTVIN MERKEZ+DOGU+GUNEY;FAMTREC;Famtrec 800/26,6mg 14 Film Kaplı Tablet;5;1;6;511;
30.07.2026;ALLIANCE HEALTHCARE;AH TRABZON;8680001729548;LOTUS ECZANESİ;ARTVIN MERKEZ+DOGU+GUNEY;FAMTREC;Famtrec 800/26,6mg 14 Film Kaplı Tablet;5;1;6;511;
30.07.2026;ALLIANCE HEALTHCARE;AH TRABZON;8680001832750;YUSUFELİ ECZANESİ;ARTVIN MERKEZ+DOGU+GUNEY;FAMTREC;Famtrec 800/26,6mg 14 Film Kaplı Tablet;1;0;1;102;
30.07.2026;ALLIANCE HEALTHCARE;AH TRABZON;8680001121489;SARIKAYA ECZANESİ;ARTVIN MERKEZ+DOGU+GUNEY;MOKSEFEN;Moksefen 400 mg 7 Film Tablet;20;10;30;2.980;
01.07.2026;SELÇUK ECZA DEPOSU;SELÇUK SAMSUN;8680001154845;ARZUM ECZANESİ;CORUM GUNEYBATI ILCELER;ACİDPASS;Acidpass 10/800/165 mg 12 Çiğneme Tablet;20;3;23;2.245;
01.07.2026;SELÇUK ECZA DEPOSU;SELÇUK SAMSUN;8680001183975;MERKEZ ECZANESİ;CORUM GUNEYBATI ILCELER;MOKSEFEN;Moksefen 400 mg 7 Film Tablet;5;1;6;745;
01.07.2026;NEVZAT ECZA DEPOSU;NEVZAT SAMSUN;8680001155705;HEKİMOĞLU ECZANESİ;CORUM GUNEYBATI ILCELER;PANOCER;Panocer 40 mg 28 Enterik Kaplı Tablet;165;135;300;17.377;
02.07.2026;ALLIANCE HEALTHCARE;AH SAMSUN;8680001155682;ALAFOĞLU ECZANESİ;CORUM GUNEYBATI ILCELER;ACİDPASS;Acidpass 10/800/165 mg 12 Çiğneme Tablet;10;1;11;1.122;
06.07.2026;ALLIANCE HEALTHCARE;AH SAMSUN;8680001155705;HEKİMOĞLU ECZANESİ;CORUM GUNEYBATI ILCELER;FAMTREC;Famtrec 800/26,6mg 14 Film Kaplı Tablet;5;1;6;511;
06.07.2026;ALLIANCE HEALTHCARE;AH SAMSUN;8680001156283;ŞİFA ECZANESİ;CORUM GUNEYBATI ILCELER;FAMTREC;Famtrec 800/26,6mg 14 Film Kaplı Tablet;1;0;1;102;
06.07.2026;ALLIANCE HEALTHCARE;AH SAMSUN;8680001476473;DEFNE ECZANESİ;CORUM GUNEYBATI ILCELER;FAMTREC;Famtrec 800/26,6mg 14 Film Kaplı Tablet;5;1;6;511;
06.07.2026;ALLIANCE HEALTHCARE;AH SAMSUN;8680001155071;ÇAĞLAR ECZANESİ;CORUM GUNEYBATI ILCELER;FAMTREC;Famtrec 800/26,6mg 14 Film Kaplı Tablet;5;1;6;511;
06.07.2026;ALLIANCE HEALTHCARE;AH SAMSUN;8680001155682;ALAFOĞLU ECZANESİ;CORUM GUNEYBATI ILCELER;FAMTREC;Famtrec 800/26,6mg 14 Film Kaplı Tablet;5;1;6;511;
06.07.2026;ALLIANCE HEALTHCARE;AH SAMSUN;8680001155033;DERMANOĞLU  ECZANESİ;CORUM GUNEYBATI ILCELER;FAMTREC;Famtrec 800/26,6mg 14 Film Kaplı Tablet;5;1;6;511;
07.07.2026;ALLIANCE HEALTHCARE;AH SAMSUN;8680001144976;ÖNDER ECZANESİ;CORUM GUNEYBATI ILCELER;FAMTREC;Famtrec 800/26,6mg 14 Film Kaplı Tablet;5;1;6;511;
07.07.2026;ALLIANCE HEALTHCARE;AH SAMSUN;8680001750801;DERMAN ECZANESİ;CORUM GUNEYBATI ILCELER;GRİPORT COLD;Griport Cold 20 Film Kaplı Tablet;30;15;45;2.525;
07.07.2026;ALLIANCE HEALTHCARE;AH SAMSUN;8680001144976;ÖNDER ECZANESİ;CORUM GUNEYBATI ILCELER;GRİPORT COLD;Griport Cold 20 Film Kaplı Tablet;12;4;16;1.010;
07.07.2026;ALLIANCE HEALTHCARE;AH SAMSUN;8680001155071;ÇAĞLAR ECZANESİ;CORUM GUNEYBATI ILCELER;GRİPORT COLD;Griport Cold 20 Film Kaplı Tablet;12;4;16;1.010;
07.07.2026;ALLIANCE HEALTHCARE;AH SAMSUN;8680001144976;ÖNDER ECZANESİ;CORUM GUNEYBATI ILCELER;MOKSEFEN;Moksefen 400 mg 7 Film Tablet;20;10;30;2.980;
08.07.2026;SELÇUK ECZA DEPOSU;SELÇUK SAMSUN;8680001155750;GÜLCAN ECZANESİ;CORUM GUNEYBATI ILCELER;ACİDPASS;Acidpass 10/800/165 mg 12 Çiğneme Tablet;20;3;23;2.245;
09.07.2026;ALLIANCE HEALTHCARE;AH SAMSUN;8680001155705;HEKİMOĞLU ECZANESİ;CORUM GUNEYBATI ILCELER;PANOCER;Panocer 40 mg 14 Enterik Kaplı Tablet;10;3;13;809;
10.07.2026;SELÇUK ECZA DEPOSU;SELÇUK SAMSUN;8680001155750;GÜLCAN ECZANESİ;CORUM GUNEYBATI ILCELER;MOKSEFEN;Moksefen 400 mg 7 Film Tablet;5;1;6;745;
17.07.2026;ALLIANCE HEALTHCARE;AH SAMSUN;8680001155682;ALAFOĞLU ECZANESİ;CORUM GUNEYBATI ILCELER;FAMTREC;Famtrec 800/26,6mg 14 Film Kaplı Tablet;-5;-1;-6;-511;
17.07.2026;SELÇUK ECZA DEPOSU;SELÇUK SAMSUN;8680001155682;ALAFOĞLU ECZANESİ;CORUM GUNEYBATI ILCELER;FAMTREC;Famtrec 800/26,6mg 14 Film Kaplı Tablet;5;1;6;511;
17.07.2026;ALLIANCE HEALTHCARE;AH SAMSUN;8680001155033;DERMANOĞLU  ECZANESİ;CORUM GUNEYBATI ILCELER;FAMTREC;Famtrec 800/26,6mg 14 Film Kaplı Tablet;5;1;6;511;
17.07.2026;ALLIANCE HEALTHCARE;AH SAMSUN;8680001156283;ŞİFA ECZANESİ;CORUM GUNEYBATI ILCELER;PANOCER;Panocer 40 mg 28 Enterik Kaplı Tablet;50;25;75;5.266;
20.07.2026;ALLIANCE HEALTHCARE;AH SAMSUN;8680001337644;BOĞAZKALE ECZANESİ;CORUM GUNEYBATI ILCELER;FAMTREC;Famtrec 800/26,6mg 14 Film Kaplı Tablet;5;1;6;511;
20.07.2026;ALLIANCE HEALTHCARE;AH SAMSUN;8680001839735;EMRE ECZANESİ;CORUM GUNEYBATI ILCELER;FAMTREC;Famtrec 800/26,6mg 14 Film Kaplı Tablet;1;0;1;102;
20.07.2026;ALLIANCE HEALTHCARE;AH SAMSUN;8680001337644;BOĞAZKALE ECZANESİ;CORUM GUNEYBATI ILCELER;PANOCER;Panocer 40 mg 28 Enterik Kaplı Tablet;50;25;75;5.266;
22.07.2026;ALLIANCE HEALTHCARE;AH SAMSUN;8680001156283;ŞİFA ECZANESİ;CORUM GUNEYBATI ILCELER;PANOCER;Panocer 40 mg 14 Enterik Kaplı Tablet;2;0;2;162;
24.07.2026;SELÇUK ECZA DEPOSU;SELÇUK SAMSUN;8680001155071;ÇAĞLAR ECZANESİ;CORUM GUNEYBATI ILCELER;ACİDPASS;Acidpass 10/800/165 mg 12 Çiğneme Tablet;10;1;11;1.122;
27.07.2026;ALLIANCE HEALTHCARE;AH SAMSUN;8680001337644;BOĞAZKALE ECZANESİ;CORUM GUNEYBATI ILCELER;FAMTREC;Famtrec 800/26,6mg 14 Film Kaplı Tablet;10;2;12;1.022;
29.07.2026;ALLIANCE HEALTHCARE;AH SAMSUN;8680001839735;EMRE ECZANESİ;CORUM GUNEYBATI ILCELER;ACİDPASS;Acidpass 10/800/165 mg 6 Çiğneme Tablet;10;1;11;689;
01.07.2026;SELÇUK ECZA DEPOSU;SELÇUK SAMSUN;8680001475421;GENÇKURT ECZANESİ;CORUM GUNEYDOGU ILCELER;GRİPORT COLD;Griport Cold 20 Film Kaplı Tablet;12;4;16;1.010;
09.07.2026;ALLIANCE HEALTHCARE;AH SAMSUN;8680001155019;HİCRET ECZANESİ;CORUM GUNEYDOGU ILCELER;ACİDPASS;Acidpass 10/800/165 mg 12 Çiğneme Tablet;10;1;11;1.122;
10.07.2026;SELÇUK ECZA DEPOSU;SELÇUK SAMSUN;8680001421480;İNAL ECZANESİ;CORUM GUNEYDOGU ILCELER;ACİDPASS;Acidpass 10/800/165 mg 12 Çiğneme Tablet;20;3;23;2.245;
10.07.2026;ALLIANCE HEALTHCARE;AH SAMSUN;8680001149827;BAYRAK ECZANESİ;CORUM GUNEYDOGU ILCELER;PANOCER;Panocer 40 mg 28 Enterik Kaplı Tablet;10;3;13;1.053;
13.07.2026;SELÇUK ECZA DEPOSU;SELÇUK SAMSUN;8680001421480;İNAL ECZANESİ;CORUM GUNEYDOGU ILCELER;ACİDPASS;Acidpass 10/800/165 mg 12 Çiğneme Tablet;-20;-3;-23;-2.245;
14.07.2026;ALLIANCE HEALTHCARE;AH SAMSUN;8680001850013;ALACA ECZANESİ;CORUM GUNEYDOGU ILCELER;PANOCER;Panocer 40 mg 28 Enterik Kaplı Tablet;165;135;300;17.377;
16.07.2026;ALLIANCE HEALTHCARE;AH SAMSUN;8680001156016;ENGİNİN ECZANESİ;CORUM GUNEYDOGU ILCELER;ACİDPASS;Acidpass 10/800/165 mg 12 Çiğneme Tablet;10;1;11;1.122;
16.07.2026;SELÇUK ECZA DEPOSU;SELÇUK SAMSUN;8680001551897;YENİ MECİTÖZÜ ECZANESİ;CORUM GUNEYDOGU ILCELER;PANOCER;Panocer 40 mg 28 Enterik Kaplı Tablet;10;3;13;1.053;
17.07.2026;SELÇUK ECZA DEPOSU;SELÇUK SAMSUN;8680001551897;YENİ MECİTÖZÜ ECZANESİ;CORUM GUNEYDOGU ILCELER;PANOCER;Panocer 40 mg 28 Enterik Kaplı Tablet;2;0;2;211;
21.07.2026;NEVZAT ECZA DEPOSU;NEVZAT SAMSUN;8680001154739;KAFKAS ECZANESİ;CORUM GUNEYDOGU ILCELER;ACİDPASS;Acidpass 10/800/165 mg 12 Çiğneme Tablet;10;1;11;1.122;
21.07.2026;SELÇUK ECZA DEPOSU;SELÇUK SAMSUN;8680001156016;ENGİNİN ECZANESİ;CORUM GUNEYDOGU ILCELER;PANOCER;Panocer 40 mg 28 Enterik Kaplı Tablet;30;12;42;3.159;
24.07.2026;SELÇUK ECZA DEPOSU;SELÇUK SAMSUN;8680001475421;GENÇKURT ECZANESİ;CORUM GUNEYDOGU ILCELER;PANOCER;Panocer 40 mg 28 Enterik Kaplı Tablet;10;3;13;1.053;
24.07.2026;ALLIANCE HEALTHCARE;AH SAMSUN;8680001421480;İNAL ECZANESİ;CORUM GUNEYDOGU ILCELER;PANOCER;Panocer 40 mg 28 Enterik Kaplı Tablet;30;12;42;3.159;
24.07.2026;SELÇUK ECZA DEPOSU;SELÇUK SAMSUN;8680001551897;YENİ MECİTÖZÜ ECZANESİ;CORUM GUNEYDOGU ILCELER;PANOCER;Panocer 40 mg 28 Enterik Kaplı Tablet;10;3;13;1.053;
28.07.2026;ALLIANCE HEALTHCARE;AH SAMSUN;8680001155019;HİCRET ECZANESİ;CORUM GUNEYDOGU ILCELER;ACİDPASS;Acidpass 10/800/165 mg 12 Çiğneme Tablet;10;1;11;1.122;
29.07.2026;SELÇUK ECZA DEPOSU;SELÇUK SAMSUN;8680001154739;KAFKAS ECZANESİ;CORUM GUNEYDOGU ILCELER;ACİDPASS;Acidpass 10/800/165 mg 12 Çiğneme Tablet;10;1;11;1.122;
30.07.2026;SELÇUK ECZA DEPOSU;SELÇUK SAMSUN;8680001154098;DANACI ECZANESİ;CORUM GUNEYDOGU ILCELER;MOKSEFEN;Moksefen 400 mg 7 Film Tablet;5;1;6;745;
01.07.2026;İSTANBUL ECZA KOOP;İSKOOP MERKEZ;8680001156009;ŞİFA ECZANESİ;CORUM KARGI+OSMANCIK;ACİDPASS;Acidpass 10/800/165 mg 12 Çiğneme Tablet;5;0;5;561;
01.07.2026;ALLIANCE HEALTHCARE;AH SAMSUN;8680001596638;MEHMET ECZANESİ;CORUM KARGI+OSMANCIK;ACİDPASS;Acidpass 10/800/165 mg 12 Çiğneme Tablet;50;15;65;5.612;
01.07.2026;NEVZAT ECZA DEPOSU;NEVZAT SAMSUN;8680001156221;OSMANCIK ECZANESİ;CORUM KARGI+OSMANCIK;PANOCER;Panocer 40 mg 28 Enterik Kaplı Tablet;50;25;75;5.266;
01.07.2026;SELÇUK ECZA DEPOSU;SELÇUK SAMSUN;8680001697847;ASLAN ECZANESİ;CORUM KARGI+OSMANCIK;PANOCER;Panocer 40 mg 28 Enterik Kaplı Tablet;165;135;300;17.377;
03.07.2026;NEVZAT ECZA DEPOSU;NEVZAT SAMSUN;8680001156078;ESRA ECZANESİ;CORUM KARGI+OSMANCIK;PANOCER;Panocer 40 mg 28 Enterik Kaplı Tablet;30;12;42;3.159;
06.07.2026;ALLIANCE HEALTHCARE;AH SAMSUN;8680001198917;DERMAN ECZANESİ;CORUM KARGI+OSMANCIK;PANOCER;Panocer 40 mg 28 Enterik Kaplı Tablet;4;0;4;421;
07.07.2026;NEVZAT ECZA DEPOSU;NEVZAT SAMSUN;8680001697847;ASLAN ECZANESİ;CORUM KARGI+OSMANCIK;FAMTREC;Famtrec 800/26,6mg 14 Film Kaplı Tablet;10;2;12;1.022;
08.07.2026;ALLIANCE HEALTHCARE;AH SAMSUN;8680001198917;DERMAN ECZANESİ;CORUM KARGI+OSMANCIK;ACİDPASS;Acidpass 10/800/165 mg 12 Çiğneme Tablet;1;0;1;112;
08.07.2026;SELÇUK ECZA DEPOSU;SELÇUK SAMSUN;8680001380152;DEVA ECZANESİ;CORUM KARGI+OSMANCIK;ACİDPASS;Acidpass 10/800/165 mg 12 Çiğneme Tablet;50;15;65;5.612;
08.07.2026;SELÇUK ECZA DEPOSU;SELÇUK SAMSUN;8680001380152;DEVA ECZANESİ;CORUM KARGI+OSMANCIK;FAMTREC;Famtrec 800/26,6mg 14 Film Kaplı Tablet;5;1;6;511;
08.07.2026;NEVZAT ECZA DEPOSU;NEVZAT SAMSUN;8680001156061;MERKEZ ECZANESİ;CORUM KARGI+OSMANCIK;FAMTREC;Famtrec 800/26,6mg 14 Film Kaplı Tablet;2;0;2;204;
08.07.2026;İSTANBUL ECZA KOOP;İSKOOP MERKEZ;8680001156184;BÜYÜK ECZANESİ;CORUM KARGI+OSMANCIK;PANOCER;Panocer 40 mg 28 Enterik Kaplı Tablet;10;3;13;1.053;
09.07.2026;SELÇUK ECZA DEPOSU;SELÇUK SAMSUN;8680001697847;ASLAN ECZANESİ;CORUM KARGI+OSMANCIK;ACİDPASS;Acidpass 10/800/165 mg 12 Çiğneme Tablet;20;3;23;2.245;
09.07.2026;NEVZAT ECZA DEPOSU;NEVZAT SAMSUN;8680001156061;MERKEZ ECZANESİ;CORUM KARGI+OSMANCIK;FAMTREC;Famtrec 800/26,6mg 14 Film Kaplı Tablet;5;1;6;511;
09.07.2026;İSTANBUL ECZA KOOP;İSKOOP MERKEZ;8680001156009;ŞİFA ECZANESİ;CORUM KARGI+OSMANCIK;PANOCER;Panocer 40 mg 28 Enterik Kaplı Tablet;10;3;13;1.053;
10.07.2026;İSTANBUL ECZA KOOP;İSKOOP MERKEZ;8680001156108;TOPÇUOĞLU ECZANESİ;CORUM KARGI+OSMANCIK;ACİDPASS;Acidpass 10/800/165 mg 12 Çiğneme Tablet;50;15;65;5.612;
10.07.2026;SELÇUK ECZA DEPOSU;SELÇUK SAMSUN;8680001156061;MERKEZ ECZANESİ;CORUM KARGI+OSMANCIK;ACİDPASS;Acidpass 10/800/165 mg 12 Çiğneme Tablet;20;3;23;2.245;
10.07.2026;SELÇUK ECZA DEPOSU;SELÇUK SAMSUN;8680001156184;BÜYÜK ECZANESİ;CORUM KARGI+OSMANCIK;PANOCER;Panocer 40 mg 28 Enterik Kaplı Tablet;10;3;13;1.053;
10.07.2026;İSTANBUL ECZA KOOP;İSKOOP MERKEZ;8680001156108;TOPÇUOĞLU ECZANESİ;CORUM KARGI+OSMANCIK;PANOCER;Panocer 40 mg 28 Enterik Kaplı Tablet;100;60;160;10.531;
12.07.2026;SELÇUK ECZA DEPOSU;SELÇUK SAMSUN;8680001156320;DEMET ECZANESİ;CORUM KARGI+OSMANCIK;MOKSEFEN;Moksefen 400 mg 7 Film Tablet;5;1;6;745;
13.07.2026;SELÇUK ECZA DEPOSU;SELÇUK SAMSUN;8680001380152;DEVA ECZANESİ;CORUM KARGI+OSMANCIK;MOKSEFEN;Moksefen 400 mg 7 Film Tablet;10;3;13;1.490;
16.07.2026;ALLIANCE HEALTHCARE;AH SAMSUN;8680001198917;DERMAN ECZANESİ;CORUM KARGI+OSMANCIK;ACİDPASS;Acidpass 10/800/165 mg 12 Çiğneme Tablet;5;0;5;561;
16.07.2026;SELÇUK ECZA DEPOSU;SELÇUK SAMSUN;8680001894116;UMUT ECZANESİ;CORUM KARGI+OSMANCIK;PANOCER;Panocer 40 mg 28 Enterik Kaplı Tablet;5;0;5;527;
17.07.2026;SELÇUK ECZA DEPOSU;SELÇUK SAMSUN;8680001149018;ŞİFA ECZANESİ;CORUM KARGI+OSMANCIK;ACİDPASS;Acidpass 10/800/165 mg 12 Çiğneme Tablet;10;1;11;1.122;
17.07.2026;İSTANBUL ECZA KOOP;İSKOOP MERKEZ;8680001156009;ŞİFA ECZANESİ;CORUM KARGI+OSMANCIK;GRİPORT COLD;Griport Cold 20 Film Kaplı Tablet;1;0;1;84;
17.07.2026;ALLIANCE HEALTHCARE;AH SAMSUN;8680001149018;ŞİFA ECZANESİ;CORUM KARGI+OSMANCIK;PANOCER;Panocer 40 mg 28 Enterik Kaplı Tablet;10;3;13;1.053;
17.07.2026;SELÇUK ECZA DEPOSU;SELÇUK SAMSUN;8680001149018;ŞİFA ECZANESİ;CORUM KARGI+OSMANCIK;PANOCER;Panocer 40 mg 28 Enterik Kaplı Tablet;10;3;13;1.053;
17.07.2026;ALLIANCE HEALTHCARE;AH SAMSUN;8680001425808;BİLGE ECZANESİ;CORUM KARGI+OSMANCIK;PANOCER;Panocer 40 mg 28 Enterik Kaplı Tablet;10;3;13;1.053;
18.07.2026;SELÇUK ECZA DEPOSU;SELÇUK SAMSUN;8680001596638;MEHMET ECZANESİ;CORUM KARGI+OSMANCIK;PANOCER;Panocer 40 mg 28 Enterik Kaplı Tablet;30;12;42;3.159;
20.07.2026;ALLIANCE HEALTHCARE;AH SAMSUN;8680001156078;ESRA ECZANESİ;CORUM KARGI+OSMANCIK;ACİDPASS;Acidpass 10/800/165 mg 12 Çiğneme Tablet;10;1;11;1.122;
20.07.2026;NEVZAT ECZA DEPOSU;NEVZAT SAMSUN;8680001380152;DEVA ECZANESİ;CORUM KARGI+OSMANCIK;GRİPORT COLD;Griport Cold 20 Film Kaplı Tablet;12;4;16;1.010;
21.07.2026;NEVZAT ECZA DEPOSU;NEVZAT SAMSUN;8680001156320;DEMET ECZANESİ;CORUM KARGI+OSMANCIK;ACİDPASS;Acidpass 10/800/165 mg 12 Çiğneme Tablet;5;0;5;561;
21.07.2026;NEVZAT ECZA DEPOSU;NEVZAT SAMSUN;8680001156221;OSMANCIK ECZANESİ;CORUM KARGI+OSMANCIK;FAMTREC;Famtrec 800/26,6mg 14 Film Kaplı Tablet;1;0;1;102;
21.07.2026;NEVZAT ECZA DEPOSU;NEVZAT SAMSUN;8680001156061;MERKEZ ECZANESİ;CORUM KARGI+OSMANCIK;FAMTREC;Famtrec 800/26,6mg 14 Film Kaplı Tablet;-2;0;-2;-204;
21.07.2026;NEVZAT ECZA DEPOSU;NEVZAT SAMSUN;8680001198917;DERMAN ECZANESİ;CORUM KARGI+OSMANCIK;PANOCER;Panocer 40 mg 28 Enterik Kaplı Tablet;4;0;4;421;
22.07.2026;SELÇUK ECZA DEPOSU;SELÇUK SAMSUN;8680001156160;GÜNEŞ ECZANESİ;CORUM KARGI+OSMANCIK;PANOCER;Panocer 40 mg 28 Enterik Kaplı Tablet;10;3;13;1.053;
23.07.2026;İSTANBUL ECZA KOOP;İSKOOP MERKEZ;8680001447640;KARGI ECZANESİ;CORUM KARGI+OSMANCIK;ACİDPASS;Acidpass 10/800/165 mg 12 Çiğneme Tablet;10;1;11;1.122;
28.07.2026;SELÇUK ECZA DEPOSU;SELÇUK SAMSUN;8680001156320;DEMET ECZANESİ;CORUM KARGI+OSMANCIK;ACİDPASS;Acidpass 10/800/165 mg 12 Çiğneme Tablet;2;0;2;224;
29.07.2026;SELÇUK ECZA DEPOSU;SELÇUK SAMSUN;8680001156160;GÜNEŞ ECZANESİ;CORUM KARGI+OSMANCIK;ACİDPASS;Acidpass 10/800/165 mg 12 Çiğneme Tablet;10;1;11;1.122;
29.07.2026;NEVZAT ECZA DEPOSU;NEVZAT SAMSUN;8680001447640;KARGI ECZANESİ;CORUM KARGI+OSMANCIK;FAMTREC;Famtrec 800/26,6mg 14 Film Kaplı Tablet;1;0;1;102;
30.07.2026;SELÇUK ECZA DEPOSU;SELÇUK SAMSUN;8680001156320;DEMET ECZANESİ;CORUM KARGI+OSMANCIK;PANOCER;Panocer 40 mg 28 Enterik Kaplı Tablet;5;0;5;527;
31.07.2026;İSTANBUL ECZA KOOP;İSKOOP MERKEZ;8680001156009;ŞİFA ECZANESİ;CORUM KARGI+OSMANCIK;PANOCER;Panocer 40 mg 28 Enterik Kaplı Tablet;10;3;13;1.053;
02.07.2026;SELÇUK ECZA DEPOSU;SELÇUK SAMSUN;8680001153671;GÖZDE ECZANESİ;CORUM KUZEY ILCELER;ACİDPASS;Acidpass 10/800/165 mg 12 Çiğneme Tablet;10;1;11;1.122;
04.07.2026;SELÇUK ECZA DEPOSU;SELÇUK SAMSUN;8680001526260;ŞİFA ECZANESİ;CORUM KUZEY ILCELER;ACİDPASS;Acidpass 10/800/165 mg 12 Çiğneme Tablet;2;0;2;224;
06.07.2026;ALLIANCE HEALTHCARE;AH SAMSUN;8680001144693;HAYAT ECZANESİ;CORUM KUZEY ILCELER;GRİPORT COLD;Griport Cold 20 Film Kaplı Tablet;1;0;1;84;
06.07.2026;ALLIANCE HEALTHCARE;AH SAMSUN;8680001144693;HAYAT ECZANESİ;CORUM KUZEY ILCELER;GRİPORT COLD;Griport Cold 20 Film Kaplı Tablet;1;0;1;84;
07.07.2026;SELÇUK ECZA DEPOSU;SELÇUK SAMSUN;8680001153442;DERYA ECZANESİ;CORUM KUZEY ILCELER;PANOCER;Panocer 40 mg 28 Enterik Kaplı Tablet;10;3;13;1.053;
08.07.2026;SELÇUK ECZA DEPOSU;SELÇUK SAMSUN;8680001422968;FUNDA ÜNAL ECZANESİ;CORUM KUZEY ILCELER;ACİDPASS;Acidpass 10/800/165 mg 6 Çiğneme Tablet;2;0;2;138;
08.07.2026;NEVZAT ECZA DEPOSU;NEVZAT SAMSUN;8680001153657;SİRKECİLER ECZANESİ;CORUM KUZEY ILCELER;PANOCER;Panocer 40 mg 28 Enterik Kaplı Tablet;5;0;5;527;
10.07.2026;SELÇUK ECZA DEPOSU;SELÇUK SAMSUN;8680001153343;DERMAN ECZANESİ;CORUM KUZEY ILCELER;ACİDPASS;Acidpass 10/800/165 mg 12 Çiğneme Tablet;3;0;3;337;
10.07.2026;SELÇUK ECZA DEPOSU;SELÇUK SAMSUN;8680001517350;ŞİFA ECZANESİ;CORUM KUZEY ILCELER;ACİDPASS;Acidpass 10/800/165 mg 12 Çiğneme Tablet;3;0;3;337;
10.07.2026;SELÇUK ECZA DEPOSU;SELÇUK SAMSUN;8680001417087;FİKRİ KARTAL ECZANESİ;CORUM KUZEY ILCELER;PANOCER;Panocer 40 mg 28 Enterik Kaplı Tablet;50;25;75;5.266;
13.07.2026;SELÇUK ECZA DEPOSU;SELÇUK SAMSUN;8680001417087;FİKRİ KARTAL ECZANESİ;CORUM KUZEY ILCELER;PANOCER;Panocer 40 mg 28 Enterik Kaplı Tablet;-50;-25;-75;-5.266;
13.07.2026;NEVZAT ECZA DEPOSU;NEVZAT SAMSUN;8680001153343;DERMAN ECZANESİ;CORUM KUZEY ILCELER;PANOCER;Panocer 40 mg 28 Enterik Kaplı Tablet;10;3;13;1.053;
16.07.2026;SELÇUK ECZA DEPOSU;SELÇUK SAMSUN;8680001417087;FİKRİ KARTAL ECZANESİ;CORUM KUZEY ILCELER;ACİDPASS;Acidpass 10/800/165 mg 12 Çiğneme Tablet;3;0;3;337;
16.07.2026;SELÇUK ECZA DEPOSU;SELÇUK SAMSUN;8680001153480;GÜMÜŞAĞA ECZANESİ;CORUM KUZEY ILCELER;ACİDPASS;Acidpass 10/800/165 mg 12 Çiğneme Tablet;4;0;4;449;
17.07.2026;SELÇUK ECZA DEPOSU;SELÇUK SAMSUN;8680001153657;SİRKECİLER ECZANESİ;CORUM KUZEY ILCELER;PANOCER;Panocer 40 mg 28 Enterik Kaplı Tablet;1;0;1;105;
20.07.2026;SELÇUK ECZA DEPOSU;SELÇUK SAMSUN;8680001154005;SERDAROĞLU ECZANESİ;CORUM KUZEY ILCELER;PANOCER;Panocer 40 mg 28 Enterik Kaplı Tablet;10;3;13;1.053;
21.07.2026;SELÇUK ECZA DEPOSU;SELÇUK SAMSUN;8680001153671;GÖZDE ECZANESİ;CORUM KUZEY ILCELER;FAMTREC;Famtrec 800/26,6mg 14 Film Kaplı Tablet;1;0;1;102;
22.07.2026;ALLIANCE HEALTHCARE;AH SAMSUN;8680001728534;YAREN ECZANESİ;CORUM KUZEY ILCELER;ACİDPASS;Acidpass 10/800/165 mg 12 Çiğneme Tablet;2;0;2;224;
22.07.2026;NEVZAT ECZA DEPOSU;NEVZAT SAMSUN;8680001153671;GÖZDE ECZANESİ;CORUM KUZEY ILCELER;FAMTREC;Famtrec 800/26,6mg 14 Film Kaplı Tablet;5;1;6;511;
22.07.2026;ALLIANCE HEALTHCARE;AH SAMSUN;8680001153602;BARIŞ ECZANESİ;CORUM KUZEY ILCELER;PANOCER;Panocer 40 mg 28 Enterik Kaplı Tablet;165;135;300;17.377;
25.07.2026;ALLIANCE HEALTHCARE;AH SAMSUN;8680001728534;YAREN ECZANESİ;CORUM KUZEY ILCELER;PANOCER;Panocer 40 mg 28 Enterik Kaplı Tablet;10;3;13;1.053;
28.07.2026;SELÇUK ECZA DEPOSU;SELÇUK SAMSUN;8680001153442;DERYA ECZANESİ;CORUM KUZEY ILCELER;ACİDPASS;Acidpass 10/800/165 mg 12 Çiğneme Tablet;2;0;2;224;
28.07.2026;ALLIANCE HEALTHCARE;AH SAMSUN;8680001153343;DERMAN ECZANESİ;CORUM KUZEY ILCELER;PANOCER;Panocer 40 mg 28 Enterik Kaplı Tablet;10;3;13;1.053;
28.07.2026;ALLIANCE HEALTHCARE;AH SAMSUN;8680001758135;BAYAT ECZANESİ;CORUM KUZEY ILCELER;PANOCER;Panocer 40 mg 28 Enterik Kaplı Tablet;10;3;13;1.053;
29.07.2026;SELÇUK ECZA DEPOSU;SELÇUK SAMSUN;8680001517350;ŞİFA ECZANESİ;CORUM KUZEY ILCELER;ACİDPASS;Acidpass 10/800/165 mg 12 Çiğneme Tablet;10;1;11;1.122;
29.07.2026;SELÇUK ECZA DEPOSU;SELÇUK SAMSUN;8680001517350;ŞİFA ECZANESİ;CORUM KUZEY ILCELER;ACİDPASS;Acidpass 10/800/165 mg 12 Çiğneme Tablet;10;1;11;1.122;
29.07.2026;SELÇUK ECZA DEPOSU;SELÇUK SAMSUN;8680001417087;FİKRİ KARTAL ECZANESİ;CORUM KUZEY ILCELER;PANOCER;Panocer 40 mg 28 Enterik Kaplı Tablet;4;0;4;421;
29.07.2026;ALLIANCE HEALTHCARE;AH SAMSUN;8680001417087;FİKRİ KARTAL ECZANESİ;CORUM KUZEY ILCELER;PANOCER;Panocer 40 mg 28 Enterik Kaplı Tablet;10;3;13;1.053;
31.07.2026;ALLIANCE HEALTHCARE;AH SAMSUN;8680001156603;YÜKSEL ECZANESİ;CORUM KUZEY ILCELER;PANOCER;Panocer 40 mg 14 Enterik Kaplı Tablet;1;0;1;81;
01.07.2026;SELÇUK ECZA DEPOSU;SELÇUK SAMSUN;8680001155897;TÜRKER ECZANESİ;CORUM MERKEZ -1;ACİDPASS;Acidpass 10/800/165 mg 12 Çiğneme Tablet;5;0;5;561;
01.07.2026;NEVZAT ECZA DEPOSU;NEVZAT SAMSUN;8680001158553;ERMAN ECZANESİ;CORUM MERKEZ -1;GRİPORT COLD;Griport Cold 20 Film Kaplı Tablet;12;4;16;1.010;
02.07.2026;ALLIANCE HEALTHCARE;AH SAMSUN;8680001499076;İSKENDER ECZANESİ;CORUM MERKEZ -1;GRİPORT COLD;Griport Cold 20 Film Kaplı Tablet;3;0;3;252;
03.07.2026;ALLIANCE HEALTHCARE;AH SAMSUN;8680001419340;ESER ECZANESİ;CORUM MERKEZ -1;ACİDPASS;Acidpass 10/800/165 mg 12 Çiğneme Tablet;10;1;11;1.122;
03.07.2026;ALLIANCE HEALTHCARE;AH SAMSUN;8680001154265;KAYA ECZANESİ;CORUM MERKEZ -1;GRİPORT COLD;Griport Cold 20 Film Kaplı Tablet;30;15;45;2.525;
03.07.2026;NEVZAT ECZA DEPOSU;NEVZAT SAMSUN;8680001158553;ERMAN ECZANESİ;CORUM MERKEZ -1;MOKSEFEN;Moksefen 400 mg 7 Film Tablet;1;0;1;149;
03.07.2026;SELÇUK ECZA DEPOSU;SELÇUK SAMSUN;8680001158553;ERMAN ECZANESİ;CORUM MERKEZ -1;PANOCER;Panocer 40 mg 28 Enterik Kaplı Tablet;10;3;13;1.053;
04.07.2026;SELÇUK ECZA DEPOSU;SELÇUK SAMSUN;8680001146758;OYA ECZANESİ;CORUM MERKEZ -1;GRİPORT COLD;Griport Cold 20 Film Kaplı Tablet;6;1;7;505;
04.07.2026;NEVZAT ECZA DEPOSU;NEVZAT SAMSUN;8680001157587;GAZİ ECZANESİ;CORUM MERKEZ -1;PANOCER;Panocer 40 mg 28 Enterik Kaplı Tablet;10;3;13;1.053;
06.07.2026;ALLIANCE HEALTHCARE;AH SAMSUN;8680001144495;ÖZTÜRK ECZANESİ;CORUM MERKEZ -1;PANOCER;Panocer 40 mg 28 Enterik Kaplı Tablet;30;12;42;3.159;
06.07.2026;SELÇUK ECZA DEPOSU;SELÇUK SAMSUN;8680001155897;TÜRKER ECZANESİ;CORUM MERKEZ -1;PANOCER;Panocer 40 mg 28 Enterik Kaplı Tablet;10;3;13;1.053;
08.07.2026;SELÇUK ECZA DEPOSU;SELÇUK SAMSUN;8680001693221;CADDE YEDİTEPE ECZANESİ;CORUM MERKEZ -1;GRİPORT COLD;Griport Cold 20 Film Kaplı Tablet;6;1;7;505;
08.07.2026;ALLIANCE HEALTHCARE;AH SAMSUN;8680001601073;IHLAMUR ECZANESİ;CORUM MERKEZ -1;PANOCER;Panocer 40 mg 28 Enterik Kaplı Tablet;10;3;13;1.053;
09.07.2026;SELÇUK ECZA DEPOSU;SELÇUK SAMSUN;8680001142323;DERMAN ECZANESİ;CORUM MERKEZ -1;PANOCER;Panocer 40 mg 28 Enterik Kaplı Tablet;10;3;13;1.053;
10.07.2026;SELÇUK ECZA DEPOSU;SELÇUK SAMSUN;8680001143719;ALBAYRAK ECZANESİ;CORUM MERKEZ -1;ACİDPASS;Acidpass 10/800/165 mg 12 Çiğneme Tablet;20;3;23;2.245;
10.07.2026;SELÇUK ECZA DEPOSU;SELÇUK SAMSUN;8680001157525;LEBLEBİCİOĞLU ECZANESİ;CORUM MERKEZ -1;ACİDPASS;Acidpass 10/800/165 mg 12 Çiğneme Tablet;10;1;11;1.122;
10.07.2026;SELÇUK ECZA DEPOSU;SELÇUK SAMSUN;8680001142163;ÖMÜR ECZANESİ;CORUM MERKEZ -1;ACİDPASS;Acidpass 10/800/165 mg 12 Çiğneme Tablet;10;1;11;1.122;
10.07.2026;SELÇUK ECZA DEPOSU;SELÇUK SAMSUN;8680001693221;CADDE YEDİTEPE ECZANESİ;CORUM MERKEZ -1;PANOCER;Panocer 40 mg 28 Enterik Kaplı Tablet;10;3;13;1.053;
11.07.2026;NEVZAT ECZA DEPOSU;NEVZAT SAMSUN;8680001147731;VEFA ECZANESİ;CORUM MERKEZ -1;FAMTREC;Famtrec 800/26,6mg 14 Film Kaplı Tablet;2;0;2;204;
13.07.2026;SELÇUK ECZA DEPOSU;SELÇUK SAMSUN;8680001146949;DUYGU ECZANESİ;CORUM MERKEZ -1;ACİDPASS;Acidpass 10/800/165 mg 12 Çiğneme Tablet;1;0;1;112;
13.07.2026;SELÇUK ECZA DEPOSU;SELÇUK SAMSUN;8680001158553;ERMAN ECZANESİ;CORUM MERKEZ -1;ACİDPASS;Acidpass 10/800/165 mg 12 Çiğneme Tablet;3;0;3;337;
13.07.2026;SELÇUK ECZA DEPOSU;SELÇUK SAMSUN;8680001156979;DİKEN ECZANESİ;CORUM MERKEZ -1;GRİPORT COLD;Griport Cold 20 Film Kaplı Tablet;12;4;16;1.010;
14.07.2026;NEVZAT ECZA DEPOSU;NEVZAT SAMSUN;8680001153916;ÜNALDI ECZANESİ;CORUM MERKEZ -1;ACİDPASS;Acidpass 10/800/165 mg 12 Çiğneme Tablet;20;3;23;2.245;
14.07.2026;SELÇUK ECZA DEPOSU;SELÇUK SAMSUN;8680001745463;23 NİSAN ECZANESİ;CORUM MERKEZ -1;GRİPORT COLD;Griport Cold 20 Film Kaplı Tablet;12;4;16;1.010;
16.07.2026;SELÇUK ECZA DEPOSU;SELÇUK SAMSUN;8680001147656;VARİNLİ ECZANESİ;CORUM MERKEZ -1;ACİDPASS;Acidpass 10/800/165 mg 12 Çiğneme Tablet;20;3;23;2.245;
16.07.2026;SELÇUK ECZA DEPOSU;SELÇUK SAMSUN;8680001475155;ODABAŞ ECZANESİ;CORUM MERKEZ -1;ACİDPASS;Acidpass 10/800/165 mg 12 Çiğneme Tablet;20;3;23;2.245;
16.07.2026;ALLIANCE HEALTHCARE;AH SAMSUN;8680001499076;İSKENDER ECZANESİ;CORUM MERKEZ -1;FAMTREC;Famtrec 800/26,6mg 14 Film Kaplı Tablet;1;0;1;102;
16.07.2026;SELÇUK ECZA DEPOSU;SELÇUK SAMSUN;8680001158553;ERMAN ECZANESİ;CORUM MERKEZ -1;FAMTREC;Famtrec 800/26,6mg 14 Film Kaplı Tablet;1;0;1;102;
16.07.2026;NEVZAT ECZA DEPOSU;NEVZAT SAMSUN;8680001158553;ERMAN ECZANESİ;CORUM MERKEZ -1;FAMTREC;Famtrec 800/26,6mg 14 Film Kaplı Tablet;1;0;1;102;
16.07.2026;NEVZAT ECZA DEPOSU;NEVZAT SAMSUN;8680001158553;ERMAN ECZANESİ;CORUM MERKEZ -1;PANOCER;Panocer 40 mg 28 Enterik Kaplı Tablet;10;3;13;1.053;
17.07.2026;ALLIANCE HEALTHCARE;AH SAMSUN;8680001142323;DERMAN ECZANESİ;CORUM MERKEZ -1;ACİDPASS;Acidpass 10/800/165 mg 12 Çiğneme Tablet;2;0;2;224;
17.07.2026;SELÇUK ECZA DEPOSU;SELÇUK SAMSUN;8680001158553;ERMAN ECZANESİ;CORUM MERKEZ -1;ACİDPASS;Acidpass 10/800/165 mg 12 Çiğneme Tablet;2;0;2;224;
17.07.2026;SELÇUK ECZA DEPOSU;SELÇUK SAMSUN;8680001693221;CADDE YEDİTEPE ECZANESİ;CORUM MERKEZ -1;ACİDPASS;Acidpass 10/800/165 mg 12 Çiğneme Tablet;10;1;11;1.122;
18.07.2026;NEVZAT ECZA DEPOSU;NEVZAT SAMSUN;8680001157587;GAZİ ECZANESİ;CORUM MERKEZ -1;ACİDPASS;Acidpass 10/800/165 mg 12 Çiğneme Tablet;10;1;11;1.122;
20.07.2026;SELÇUK ECZA DEPOSU;SELÇUK SAMSUN;8680001158195;ÇAĞLI ECZANESİ;CORUM MERKEZ -1;ACİDPASS;Acidpass 10/800/165 mg 12 Çiğneme Tablet;10;1;11;1.122;
20.07.2026;ALLIANCE HEALTHCARE;AH SAMSUN;8680001461066;GÖKMEN ECZANESİ;CORUM MERKEZ -1;ACİDPASS;Acidpass 10/800/165 mg 12 Çiğneme Tablet;20;3;23;2.245;
20.07.2026;SELÇUK ECZA DEPOSU;SELÇUK SAMSUN;8680001158195;ÇAĞLI ECZANESİ;CORUM MERKEZ -1;PANOCER;Panocer 40 mg 28 Enterik Kaplı Tablet;30;12;42;3.159;
21.07.2026;ALLIANCE HEALTHCARE;AH SAMSUN;8680001499076;İSKENDER ECZANESİ;CORUM MERKEZ -1;ACİDPASS;Acidpass 10/800/165 mg 12 Çiğneme Tablet;5;0;5;561;
21.07.2026;İSTANBUL ECZA KOOP;İSKOOP MERKEZ;8680001144495;ÖZTÜRK ECZANESİ;CORUM MERKEZ -1;ACİDPASS;Acidpass 10/800/165 mg 12 Çiğneme Tablet;20;3;23;2.245;
22.07.2026;SELÇUK ECZA DEPOSU;SELÇUK SAMSUN;8680001155897;TÜRKER ECZANESİ;CORUM MERKEZ -1;ACİDPASS;Acidpass 10/800/165 mg 12 Çiğneme Tablet;5;0;5;561;
22.07.2026;SELÇUK ECZA DEPOSU;SELÇUK SAMSUN;8680001156979;DİKEN ECZANESİ;CORUM MERKEZ -1;FAMTREC;Famtrec 800/26,6mg 14 Film Kaplı Tablet;1;0;1;102;
22.07.2026;SELÇUK ECZA DEPOSU;SELÇUK SAMSUN;8680001158195;ÇAĞLI ECZANESİ;CORUM MERKEZ -1;MOKSEFEN;Moksefen 400 mg 7 Film Tablet;1;0;1;149;
22.07.2026;SELÇUK ECZA DEPOSU;SELÇUK SAMSUN;8680001157587;GAZİ ECZANESİ;CORUM MERKEZ -1;PANOCER;Panocer 40 mg 28 Enterik Kaplı Tablet;10;3;13;1.053;
22.07.2026;İSTANBUL ECZA KOOP;İSKOOP MERKEZ;8680001144495;ÖZTÜRK ECZANESİ;CORUM MERKEZ -1;PANOCER;Panocer 40 mg 28 Enterik Kaplı Tablet;100;60;160;10.531;
23.07.2026;NEVZAT ECZA DEPOSU;NEVZAT SAMSUN;8680001149476;ÖZÇETİN ECZANESİ;CORUM MERKEZ -1;MOKSEFEN;Moksefen 400 mg 7 Film Tablet;5;1;6;745;
23.07.2026;İSTANBUL ECZA KOOP;İSKOOP MERKEZ;8680001474141;BİLGİN ECZANESİ;CORUM MERKEZ -1;PANOCER;Panocer 40 mg 28 Enterik Kaplı Tablet;50;25;75;5.266;
23.07.2026;SELÇUK ECZA DEPOSU;SELÇUK SAMSUN;8680001693221;CADDE YEDİTEPE ECZANESİ;CORUM MERKEZ -1;PANOCER;Panocer 40 mg 28 Enterik Kaplı Tablet;10;3;13;1.053;
24.07.2026;SELÇUK ECZA DEPOSU;SELÇUK SAMSUN;8680001158553;ERMAN ECZANESİ;CORUM MERKEZ -1;ACİDPASS;Acidpass 10/800/165 mg 12 Çiğneme Tablet;2;0;2;224;
28.07.2026;SELÇUK ECZA DEPOSU;SELÇUK SAMSUN;8680001146949;DUYGU ECZANESİ;CORUM MERKEZ -1;ACİDPASS;Acidpass 10/800/165 mg 12 Çiğneme Tablet;1;0;1;112;
28.07.2026;SELÇUK ECZA DEPOSU;SELÇUK SAMSUN;8680001158553;ERMAN ECZANESİ;CORUM MERKEZ -1;PANOCER;Panocer 40 mg 28 Enterik Kaplı Tablet;10;3;13;1.053;
29.07.2026;NEVZAT ECZA DEPOSU;NEVZAT SAMSUN;8680001154265;KAYA ECZANESİ;CORUM MERKEZ -1;ACİDPASS;Acidpass 10/800/165 mg 12 Çiğneme Tablet;10;1;11;1.122;
29.07.2026;ALLIANCE HEALTHCARE;AH SAMSUN;8680001142323;DERMAN ECZANESİ;CORUM MERKEZ -1;ACİDPASS;Acidpass 10/800/165 mg 6 Çiğneme Tablet;1;0;1;69;
30.07.2026;SELÇUK ECZA DEPOSU;SELÇUK SAMSUN;8680001146949;DUYGU ECZANESİ;CORUM MERKEZ -1;ACİDPASS;Acidpass 10/800/165 mg 12 Çiğneme Tablet;1;0;1;112;
30.07.2026;ALLIANCE HEALTHCARE;AH SAMSUN;8680001154265;KAYA ECZANESİ;CORUM MERKEZ -1;PANOCER;Panocer 40 mg 28 Enterik Kaplı Tablet;50;25;75;5.266;
30.07.2026;SELÇUK ECZA DEPOSU;SELÇUK SAMSUN;8680001143719;ALBAYRAK ECZANESİ;CORUM MERKEZ -1;PANOCER;Panocer 40 mg 28 Enterik Kaplı Tablet;10;3;13;1.053;
01.07.2026;SELÇUK ECZA DEPOSU;SELÇUK SAMSUN;8680001148202;AKMAN ECZANESİ;CORUM MERKEZ -2;MOKSEFEN;Moksefen 400 mg 7 Film Tablet;5;1;6;745;
02.07.2026;NEVZAT ECZA DEPOSU;NEVZAT SAMSUN;8680001501618;KALENDER ECZANESİ;CORUM MERKEZ -2;MOKSEFEN;Moksefen 400 mg 7 Film Tablet;1;0;1;149;
02.07.2026;SELÇUK ECZA DEPOSU;SELÇUK SAMSUN;8680001633036;CANSU ECZANESİ;CORUM MERKEZ -2;PANOCER;Panocer 40 mg 28 Enterik Kaplı Tablet;10;3;13;1.053;
03.07.2026;SELÇUK ECZA DEPOSU;SELÇUK SAMSUN;8680001143313;UĞUR ECZANESİ;CORUM MERKEZ -2;ACİDPASS;Acidpass 10/800/165 mg 12 Çiğneme Tablet;2;0;2;224;
03.07.2026;SELÇUK ECZA DEPOSU;SELÇUK SAMSUN;8680001410286;CEYHUN ECZANESİ;CORUM MERKEZ -2;PANOCER;Panocer 40 mg 28 Enterik Kaplı Tablet;165;135;300;17.377;
06.07.2026;SELÇUK ECZA DEPOSU;SELÇUK SAMSUN;8680001502035;SONER ECZANESİ;CORUM MERKEZ -2;ACİDPASS;Acidpass 10/800/165 mg 12 Çiğneme Tablet;2;0;2;224;
06.07.2026;ALLIANCE HEALTHCARE;AH SAMSUN;8680001672196;MİLÖNÜ ECZANESİ;CORUM MERKEZ -2;ACİDPASS;Acidpass 10/800/165 mg 12 Çiğneme Tablet;1;0;1;112;
07.07.2026;SELÇUK ECZA DEPOSU;SELÇUK SAMSUN;8680001157006;HABOĞLU ECZANESİ;CORUM MERKEZ -2;ACİDPASS;Acidpass 10/800/165 mg 12 Çiğneme Tablet;10;1;11;1.122;
07.07.2026;ALLIANCE HEALTHCARE;AH SAMSUN;8680001500697;YAREN ECZANESİ;CORUM MERKEZ -2;ACİDPASS;Acidpass 10/800/165 mg 12 Çiğneme Tablet;10;1;11;1.122;
08.07.2026;SELÇUK ECZA DEPOSU;SELÇUK SAMSUN;8680001157006;HABOĞLU ECZANESİ;CORUM MERKEZ -2;ACİDPASS;Acidpass 10/800/165 mg 12 Çiğneme Tablet;10;1;11;1.122;
08.07.2026;SELÇUK ECZA DEPOSU;SELÇUK SAMSUN;8680001155477;SEVİNÇ ECZANESİ;CORUM MERKEZ -2;ACİDPASS;Acidpass 10/800/165 mg 12 Çiğneme Tablet;10;1;11;1.122;
10.07.2026;SELÇUK ECZA DEPOSU;SELÇUK SAMSUN;8680001157006;HABOĞLU ECZANESİ;CORUM MERKEZ -2;ACİDPASS;Acidpass 10/800/165 mg 12 Çiğneme Tablet;10;1;11;1.122;
10.07.2026;ALLIANCE HEALTHCARE;AH SAMSUN;8680001410286;CEYHUN ECZANESİ;CORUM MERKEZ -2;ACİDPASS;Acidpass 10/800/165 mg 12 Çiğneme Tablet;2;0;2;224;
10.07.2026;SELÇUK ECZA DEPOSU;SELÇUK SAMSUN;8680001149735;ABALI ECZANESİ;CORUM MERKEZ -2;ACİDPASS;Acidpass 10/800/165 mg 12 Çiğneme Tablet;10;1;11;1.122;
10.07.2026;SELÇUK ECZA DEPOSU;SELÇUK SAMSUN;8680001502035;SONER ECZANESİ;CORUM MERKEZ -2;PANOCER;Panocer 40 mg 28 Enterik Kaplı Tablet;30;12;42;3.159;
10.07.2026;ALLIANCE HEALTHCARE;AH SAMSUN;8680001827947;EKİN ECZANESİ;CORUM MERKEZ -2;PANOCER;Panocer 40 mg 28 Enterik Kaplı Tablet;50;25;75;5.266;
13.07.2026;NEVZAT ECZA DEPOSU;NEVZAT SAMSUN;8680001141104;MACİTOĞLU ECZANESİ;CORUM MERKEZ -2;PANOCER;Panocer 40 mg 28 Enterik Kaplı Tablet;10;3;13;1.053;
14.07.2026;NEVZAT ECZA DEPOSU;NEVZAT SAMSUN;8680001156764;SEVDA ECZANESİ;CORUM MERKEZ -2;ACİDPASS;Acidpass 10/800/165 mg 12 Çiğneme Tablet;20;3;23;2.245;
14.07.2026;ALLIANCE HEALTHCARE;AH SAMSUN;8680001672196;MİLÖNÜ ECZANESİ;CORUM MERKEZ -2;ACİDPASS;Acidpass 10/800/165 mg 12 Çiğneme Tablet;1;0;1;112;
14.07.2026;ALLIANCE HEALTHCARE;AH SAMSUN;8680001148363;PINAR ECZANESİ;CORUM MERKEZ -2;FAMTREC;Famtrec 800/26,6mg 14 Film Kaplı Tablet;5;1;6;511;
14.07.2026;SELÇUK ECZA DEPOSU;SELÇUK SAMSUN;8680001551507;SEDA ECZANESİ;CORUM MERKEZ -2;FAMTREC;Famtrec 800/26,6mg 14 Film Kaplı Tablet;5;1;6;511;
14.07.2026;ALLIANCE HEALTHCARE;AH SAMSUN;8680001759811;NEFES ECZANESİ;CORUM MERKEZ -2;FAMTREC;Famtrec 800/26,6mg 14 Film Kaplı Tablet;5;1;6;511;
14.07.2026;SELÇUK ECZA DEPOSU;SELÇUK SAMSUN;8680001421909;YAŞAM ECZANESİ;CORUM MERKEZ -2;PANOCER;Panocer 40 mg 28 Enterik Kaplı Tablet;10;3;13;1.053;
16.07.2026;ALLIANCE HEALTHCARE;AH SAMSUN;8680001157662;BİLGE ECZANESİ;CORUM MERKEZ -2;ACİDPASS;Acidpass 10/800/165 mg 12 Çiğneme Tablet;10;1;11;1.122;
16.07.2026;SELÇUK ECZA DEPOSU;SELÇUK SAMSUN;8680001159505;KARAKAŞLI ECZANESİ;CORUM MERKEZ -2;PANOCER;Panocer 40 mg 28 Enterik Kaplı Tablet;10;3;13;1.053;
16.07.2026;NEVZAT ECZA DEPOSU;NEVZAT SAMSUN;8680001155477;SEVİNÇ ECZANESİ;CORUM MERKEZ -2;PANOCER;Panocer 40 mg 28 Enterik Kaplı Tablet;10;3;13;1.053;
17.07.2026;NEVZAT ECZA DEPOSU;NEVZAT SAMSUN;8680001157846;BÜLBÜLOĞLU ECZANESİ;CORUM MERKEZ -2;ACİDPASS;Acidpass 10/800/165 mg 12 Çiğneme Tablet;10;1;11;1.122;
17.07.2026;NEVZAT ECZA DEPOSU;NEVZAT SAMSUN;8680001157846;BÜLBÜLOĞLU ECZANESİ;CORUM MERKEZ -2;MOKSEFEN;Moksefen 400 mg 7 Film Tablet;5;1;6;745;
17.07.2026;ALLIANCE HEALTHCARE;AH SAMSUN;8680001672196;MİLÖNÜ ECZANESİ;CORUM MERKEZ -2;MOKSEFEN;Moksefen 400 mg 7 Film Tablet;1;0;1;149;
18.07.2026;ALLIANCE HEALTHCARE;AH SAMSUN;8680001502035;SONER ECZANESİ;CORUM MERKEZ -2;ACİDPASS;Acidpass 10/800/165 mg 12 Çiğneme Tablet;10;1;11;1.122;
20.07.2026;ALLIANCE HEALTHCARE;AH SAMSUN;8680001551507;SEDA ECZANESİ;CORUM MERKEZ -2;ACİDPASS;Acidpass 10/800/165 mg 12 Çiğneme Tablet;10;1;11;1.122;
20.07.2026;ALLIANCE HEALTHCARE;AH SAMSUN;8680001672196;MİLÖNÜ ECZANESİ;CORUM MERKEZ -2;ACİDPASS;Acidpass 10/800/165 mg 12 Çiğneme Tablet;2;0;2;224;
21.07.2026;ALLIANCE HEALTHCARE;AH SAMSUN;8680001148363;PINAR ECZANESİ;CORUM MERKEZ -2;PANOCER;Panocer 40 mg 28 Enterik Kaplı Tablet;30;12;42;3.159;
22.07.2026;SELÇUK ECZA DEPOSU;SELÇUK SAMSUN;8680001158645;KUBATLAR ECZANESİ;CORUM MERKEZ -2;GRİPORT COLD;Griport Cold 20 Film Kaplı Tablet;12;4;16;1.010;
22.07.2026;NEVZAT ECZA DEPOSU;NEVZAT SAMSUN;8680001159581;GÜNEŞ ECZANESİ;CORUM MERKEZ -2;MOKSEFEN;Moksefen 400 mg 7 Film Tablet;1;0;1;149;
23.07.2026;SELÇUK ECZA DEPOSU;SELÇUK SAMSUN;8680001486342;KOÇAK ECZANESİ;CORUM MERKEZ -2;ACİDPASS;Acidpass 10/800/165 mg 12 Çiğneme Tablet;2;0;2;224;
23.07.2026;NEVZAT ECZA DEPOSU;NEVZAT SAMSUN;8680001155477;SEVİNÇ ECZANESİ;CORUM MERKEZ -2;MOKSEFEN;Moksefen 400 mg 7 Film Tablet;5;1;6;745;
23.07.2026;ALLIANCE HEALTHCARE;AH SAMSUN;8680001144365;SAĞLIK ECZANESİ;CORUM MERKEZ -2;PANOCER;Panocer 40 mg 28 Enterik Kaplı Tablet;10;3;13;1.053;
23.07.2026;SELÇUK ECZA DEPOSU;SELÇUK SAMSUN;8680001486342;KOÇAK ECZANESİ;CORUM MERKEZ -2;PANOCER;Panocer 40 mg 28 Enterik Kaplı Tablet;10;3;13;1.053;
24.07.2026;SELÇUK ECZA DEPOSU;SELÇUK SAMSUN;8680001158089;DEVA ECZANESİ;CORUM MERKEZ -2;ACİDPASS;Acidpass 10/800/165 mg 12 Çiğneme Tablet;10;1;11;1.122;
24.07.2026;NEVZAT ECZA DEPOSU;NEVZAT SAMSUN;8680001759811;NEFES ECZANESİ;CORUM MERKEZ -2;ACİDPASS;Acidpass 10/800/165 mg 12 Çiğneme Tablet;10;1;11;1.122;
24.07.2026;SELÇUK ECZA DEPOSU;SELÇUK SAMSUN;8680001338399;ÖNAL ECZANESİ;CORUM MERKEZ -2;PANOCER;Panocer 40 mg 28 Enterik Kaplı Tablet;50;25;75;5.266;
27.07.2026;SELÇUK ECZA DEPOSU;SELÇUK SAMSUN;8680001156764;SEVDA ECZANESİ;CORUM MERKEZ -2;PANOCER;Panocer 40 mg 28 Enterik Kaplı Tablet;10;3;13;1.053;
27.07.2026;SELÇUK ECZA DEPOSU;SELÇUK SAMSUN;8680001146888;ŞAMLIOĞLU ECZANESİ;CORUM MERKEZ -2;PANOCER;Panocer 40 mg 28 Enterik Kaplı Tablet;10;3;13;1.053;
28.07.2026;NEVZAT ECZA DEPOSU;NEVZAT SAMSUN;8680001159581;GÜNEŞ ECZANESİ;CORUM MERKEZ -2;ACİDPASS;Acidpass 10/800/165 mg 12 Çiğneme Tablet;10;1;11;1.122;
28.07.2026;ALLIANCE HEALTHCARE;AH SAMSUN;8680001148363;PINAR ECZANESİ;CORUM MERKEZ -2;ACİDPASS;Acidpass 10/800/165 mg 12 Çiğneme Tablet;20;3;23;2.245;
28.07.2026;ALLIANCE HEALTHCARE;AH SAMSUN;8680001144365;SAĞLIK ECZANESİ;CORUM MERKEZ -2;MOKSEFEN;Moksefen 400 mg 7 Film Tablet;5;1;6;745;
01.07.2026;ALLIANCE HEALTHCARE;AH SAMSUN;8680001158256;DOĞA ECZANESİ;CORUM MERKEZ -3;ACİDPASS;Acidpass 10/800/165 mg 12 Çiğneme Tablet;10;1;11;1.122;
01.07.2026;NEVZAT ECZA DEPOSU;NEVZAT SAMSUN;8680001147779;ŞAHİN ECZANESİ;CORUM MERKEZ -3;GRİPORT COLD;Griport Cold 20 Film Kaplı Tablet;6;1;7;505;
01.07.2026;NEVZAT ECZA DEPOSU;NEVZAT SAMSUN;8680001531691;ÇALIŞKAN ECZANESİ;CORUM MERKEZ -3;PANOCER;Panocer 40 mg 28 Enterik Kaplı Tablet;10;3;13;1.053;
02.07.2026;İSTANBUL ECZA KOOP;İSKOOP MERKEZ;8680001656578;ARYA ECZANESİ;CORUM MERKEZ -3;ACİDPASS;Acidpass 10/800/165 mg 12 Çiğneme Tablet;10;1;11;1.122;
02.07.2026;NEVZAT ECZA DEPOSU;NEVZAT SAMSUN;8680001148127;YASEMİN ECZANESİ;CORUM MERKEZ -3;MOKSEFEN;Moksefen 400 mg 7 Film Tablet;20;10;30;2.980;
02.07.2026;NEVZAT ECZA DEPOSU;NEVZAT SAMSUN;8680001148127;YASEMİN ECZANESİ;CORUM MERKEZ -3;PANOCER;Panocer 40 mg 28 Enterik Kaplı Tablet;10;3;13;1.053;
02.07.2026;ALLIANCE HEALTHCARE;AH SAMSUN;8680001468553;KARTAL ECZANESİ;CORUM MERKEZ -3;PANOCER;Panocer 40 mg 28 Enterik Kaplı Tablet;10;3;13;1.053;
02.07.2026;SELÇUK ECZA DEPOSU;SELÇUK SAMSUN;8680001379095;ŞİFA ECZANESİ;CORUM MERKEZ -3;PANOCER;Panocer 40 mg 28 Enterik Kaplı Tablet;165;135;300;17.377;
02.07.2026;İSTANBUL ECZA KOOP;İSKOOP MERKEZ;8680001656578;ARYA ECZANESİ;CORUM MERKEZ -3;PANOCER;Panocer 40 mg 28 Enterik Kaplı Tablet;165;135;300;17.377;
03.07.2026;ALLIANCE HEALTHCARE;AH SAMSUN;8680001147465;DAMLA GÜMÜŞAĞA ECZANESİ;CORUM MERKEZ -3;ACİDPASS;Acidpass 10/800/165 mg 6 Çiğneme Tablet;1;0;1;69;
03.07.2026;ALLIANCE HEALTHCARE;AH SAMSUN;8680001853069;HEKIMOGLU ECZANESI;CORUM MERKEZ -3;MOKSEFEN;Moksefen 400 mg 7 Film Tablet;5;1;6;745;
04.07.2026;SELÇUK ECZA DEPOSU;SELÇUK SAMSUN;8680001148837;VOLKAN ECZANESİ;CORUM MERKEZ -3;ACİDPASS;Acidpass 10/800/165 mg 12 Çiğneme Tablet;20;3;23;2.245;
04.07.2026;ALLIANCE HEALTHCARE;AH SAMSUN;8680001860319;PELİN ECZANESİ;CORUM MERKEZ -3;ACİDPASS;Acidpass 10/800/165 mg 12 Çiğneme Tablet;10;1;11;1.122;
05.07.2026;SELÇUK ECZA DEPOSU;SELÇUK SAMSUN;8680001651726;KAPAKLI EKİN ECZANESİ;CORUM MERKEZ -3;MOKSEFEN;Moksefen 400 mg 7 Film Tablet;10;3;13;1.490;
06.07.2026;ALLIANCE HEALTHCARE;AH SAMSUN;8680001144044;BOZDOĞAN ECZANESİ;CORUM MERKEZ -3;ACİDPASS;Acidpass 10/800/165 mg 12 Çiğneme Tablet;20;3;23;2.245;
06.07.2026;ALLIANCE HEALTHCARE;AH SAMSUN;8680001468553;KARTAL ECZANESİ;CORUM MERKEZ -3;ACİDPASS;Acidpass 10/800/165 mg 12 Çiğneme Tablet;3;0;3;337;
06.07.2026;İSTANBUL ECZA KOOP;İSKOOP MERKEZ;8680001156818;LOKMAN ECZANESİ;CORUM MERKEZ -3;ACİDPASS;Acidpass 10/800/165 mg 12 Çiğneme Tablet;3;0;3;337;
06.07.2026;İSTANBUL ECZA KOOP;İSKOOP MERKEZ;8680001156818;LOKMAN ECZANESİ;CORUM MERKEZ -3;ACİDPASS;Acidpass 10/800/165 mg 12 Çiğneme Tablet;5;0;5;561;
07.07.2026;ALLIANCE HEALTHCARE;AH SAMSUN;8680001468553;KARTAL ECZANESİ;CORUM MERKEZ -3;ACİDPASS;Acidpass 10/800/165 mg 12 Çiğneme Tablet;2;0;2;224;
07.07.2026;SELÇUK ECZA DEPOSU;SELÇUK SAMSUN;8680001715589;HİTİT ECZANESİ;CORUM MERKEZ -3;ACİDPASS;Acidpass 10/800/165 mg 12 Çiğneme Tablet;10;1;11;1.122;
07.07.2026;NEVZAT ECZA DEPOSU;NEVZAT SAMSUN;8680001158256;DOĞA ECZANESİ;CORUM MERKEZ -3;MOKSEFEN;Moksefen 400 mg 7 Film Tablet;5;1;6;745;
08.07.2026;ALLIANCE HEALTHCARE;AH SAMSUN;8680001468553;KARTAL ECZANESİ;CORUM MERKEZ -3;ACİDPASS;Acidpass 10/800/165 mg 12 Çiğneme Tablet;2;0;2;224;
08.07.2026;SELÇUK ECZA DEPOSU;SELÇUK SAMSUN;8680001531691;ÇALIŞKAN ECZANESİ;CORUM MERKEZ -3;ACİDPASS;Acidpass 10/800/165 mg 12 Çiğneme Tablet;1;0;1;112;
08.07.2026;ALLIANCE HEALTHCARE;AH SAMSUN;8680001377527;SEDEF ECZANESİ;CORUM MERKEZ -3;PANOCER;Panocer 40 mg 28 Enterik Kaplı Tablet;100;60;160;10.531;
08.07.2026;SELÇUK ECZA DEPOSU;SELÇUK SAMSUN;8680001550487;ÇELİKER ECZANESİ;CORUM MERKEZ -3;PANOCER;Panocer 40 mg 28 Enterik Kaplı Tablet;30;12;42;3.159;
08.07.2026;SELÇUK ECZA DEPOSU;SELÇUK SAMSUN;8680001531691;ÇALIŞKAN ECZANESİ;CORUM MERKEZ -3;PANOCER;Panocer 40 mg 28 Enterik Kaplı Tablet;30;12;42;3.159;
09.07.2026;ALLIANCE HEALTHCARE;AH SAMSUN;8680001145003;GÜVEN ECZANESİ;CORUM MERKEZ -3;ACİDPASS;Acidpass 10/800/165 mg 6 Çiğneme Tablet;50;15;65;3.445;
10.07.2026;SELÇUK ECZA DEPOSU;SELÇUK SAMSUN;8680001147779;ŞAHİN ECZANESİ;CORUM MERKEZ -3;ACİDPASS;Acidpass 10/800/165 mg 12 Çiğneme Tablet;10;1;11;1.122;
10.07.2026;SELÇUK ECZA DEPOSU;SELÇUK SAMSUN;8680001156702;GÖKGÖZ ECZANESİ;CORUM MERKEZ -3;ACİDPASS;Acidpass 10/800/165 mg 12 Çiğneme Tablet;20;3;23;2.245;
10.07.2026;SELÇUK ECZA DEPOSU;SELÇUK SAMSUN;8680001463879;İKBAL ECZANESİ;CORUM MERKEZ -3;ACİDPASS;Acidpass 10/800/165 mg 12 Çiğneme Tablet;20;3;23;2.245;
10.07.2026;SELÇUK ECZA DEPOSU;SELÇUK SAMSUN;8680001463879;İKBAL ECZANESİ;CORUM MERKEZ -3;GRİPORT COLD;Griport Cold 20 Film Kaplı Tablet;1;0;1;84;
10.07.2026;ALLIANCE HEALTHCARE;AH SAMSUN;8680001145003;GÜVEN ECZANESİ;CORUM MERKEZ -3;PANOCER;Panocer 40 mg 28 Enterik Kaplı Tablet;165;135;300;17.377;
11.07.2026;SELÇUK ECZA DEPOSU;SELÇUK SAMSUN;8680001156702;GÖKGÖZ ECZANESİ;CORUM MERKEZ -3;GRİPORT COLD;Griport Cold 20 Film Kaplı Tablet;12;4;16;1.010;
11.07.2026;NEVZAT ECZA DEPOSU;NEVZAT SAMSUN;8680001148837;VOLKAN ECZANESİ;CORUM MERKEZ -3;GRİPORT COLD;Griport Cold 20 Film Kaplı Tablet;6;1;7;505;
11.07.2026;NEVZAT ECZA DEPOSU;NEVZAT SAMSUN;8680001715589;HİTİT ECZANESİ;CORUM MERKEZ -3;GRİPORT COLD;Griport Cold 20 Film Kaplı Tablet;6;1;7;505;
11.07.2026;SELÇUK ECZA DEPOSU;SELÇUK SAMSUN;8680001148837;VOLKAN ECZANESİ;CORUM MERKEZ -3;MOKSEFEN;Moksefen 400 mg 7 Film Tablet;1;0;1;149;
11.07.2026;SELÇUK ECZA DEPOSU;SELÇUK SAMSUN;8680001148837;VOLKAN ECZANESİ;CORUM MERKEZ -3;MOKSEFEN;Moksefen 400 mg 7 Film Tablet;10;3;13;1.490;
11.07.2026;SELÇUK ECZA DEPOSU;SELÇUK SAMSUN;8680001688579;SÜNBÜLCÜ ECZANESİ;CORUM MERKEZ -3;MOKSEFEN;Moksefen 400 mg 7 Film Tablet;5;1;6;745;
13.07.2026;SELÇUK ECZA DEPOSU;SELÇUK SAMSUN;8680001531691;ÇALIŞKAN ECZANESİ;CORUM MERKEZ -3;ACİDPASS;Acidpass 10/800/165 mg 12 Çiğneme Tablet;1;0;1;112;
13.07.2026;SELÇUK ECZA DEPOSU;SELÇUK SAMSUN;8680001531691;ÇALIŞKAN ECZANESİ;CORUM MERKEZ -3;ACİDPASS;Acidpass 10/800/165 mg 6 Çiğneme Tablet;1;0;1;69;
13.07.2026;ALLIANCE HEALTHCARE;AH SAMSUN;8680001468553;KARTAL ECZANESİ;CORUM MERKEZ -3;PANOCER;Panocer 40 mg 28 Enterik Kaplı Tablet;10;3;13;1.053;
13.07.2026;ALLIANCE HEALTHCARE;AH SAMSUN;8680001643424;AYÇAM ECZANESİ;CORUM MERKEZ -3;PANOCER;Panocer 40 mg 28 Enterik Kaplı Tablet;10;3;13;1.053;
14.07.2026;ALLIANCE HEALTHCARE;AH SAMSUN;8680001531691;ÇALIŞKAN ECZANESİ;CORUM MERKEZ -3;ACİDPASS;Acidpass 10/800/165 mg 12 Çiğneme Tablet;1;0;1;112;
14.07.2026;SELÇUK ECZA DEPOSU;SELÇUK SAMSUN;8680001651726;KAPAKLI EKİN ECZANESİ;CORUM MERKEZ -3;ACİDPASS;Acidpass 10/800/165 mg 12 Çiğneme Tablet;50;15;65;5.612;
14.07.2026;SELÇUK ECZA DEPOSU;SELÇUK SAMSUN;8680001463879;İKBAL ECZANESİ;CORUM MERKEZ -3;FAMTREC;Famtrec 800/26,6mg 14 Film Kaplı Tablet;1;0;1;102;
14.07.2026;SELÇUK ECZA DEPOSU;SELÇUK SAMSUN;8680001651726;KAPAKLI EKİN ECZANESİ;CORUM MERKEZ -3;FAMTREC;Famtrec 800/26,6mg 14 Film Kaplı Tablet;5;1;6;511;
14.07.2026;SELÇUK ECZA DEPOSU;SELÇUK SAMSUN;8680001715589;HİTİT ECZANESİ;CORUM MERKEZ -3;FAMTREC;Famtrec 800/26,6mg 14 Film Kaplı Tablet;2;0;2;204;
16.07.2026;SELÇUK ECZA DEPOSU;SELÇUK SAMSUN;8680001531691;ÇALIŞKAN ECZANESİ;CORUM MERKEZ -3;ACİDPASS;Acidpass 10/800/165 mg 12 Çiğneme Tablet;1;0;1;112;
16.07.2026;NEVZAT ECZA DEPOSU;NEVZAT SAMSUN;8680001463879;İKBAL ECZANESİ;CORUM MERKEZ -3;GRİPORT COLD;Griport Cold 20 Film Kaplı Tablet;6;1;7;505;
17.07.2026;ALLIANCE HEALTHCARE;AH SAMSUN;8680001468553;KARTAL ECZANESİ;CORUM MERKEZ -3;ACİDPASS;Acidpass 10/800/165 mg 12 Çiğneme Tablet;3;0;3;337;
17.07.2026;SELÇUK ECZA DEPOSU;SELÇUK SAMSUN;8680001468553;KARTAL ECZANESİ;CORUM MERKEZ -3;ACİDPASS;Acidpass 10/800/165 mg 12 Çiğneme Tablet;3;0;3;337;
17.07.2026;NEVZAT ECZA DEPOSU;NEVZAT SAMSUN;8680001468553;KARTAL ECZANESİ;CORUM MERKEZ -3;ACİDPASS;Acidpass 10/800/165 mg 6 Çiğneme Tablet;1;0;1;69;
17.07.2026;NEVZAT ECZA DEPOSU;NEVZAT SAMSUN;8680001468553;KARTAL ECZANESİ;CORUM MERKEZ -3;GRİPORT COLD;Griport Cold 20 Film Kaplı Tablet;1;0;1;84;
17.07.2026;NEVZAT ECZA DEPOSU;NEVZAT SAMSUN;8680001468553;KARTAL ECZANESİ;CORUM MERKEZ -3;GRİPORT COLD;Griport Cold 20 Film Kaplı Tablet;1;0;1;84;
17.07.2026;SELÇUK ECZA DEPOSU;SELÇUK SAMSUN;8680001715589;HİTİT ECZANESİ;CORUM MERKEZ -3;GRİPORT COLD;Griport Cold 20 Film Kaplı Tablet;6;1;7;505;
17.07.2026;NEVZAT ECZA DEPOSU;NEVZAT SAMSUN;8680001148127;YASEMİN ECZANESİ;CORUM MERKEZ -3;PANOCER;Panocer 40 mg 28 Enterik Kaplı Tablet;10;3;13;1.053;
17.07.2026;NEVZAT ECZA DEPOSU;NEVZAT SAMSUN;8680001156818;LOKMAN ECZANESİ;CORUM MERKEZ -3;PANOCER;Panocer 40 mg 28 Enterik Kaplı Tablet;10;3;13;1.053;
18.07.2026;SELÇUK ECZA DEPOSU;SELÇUK SAMSUN;8680001715589;HİTİT ECZANESİ;CORUM MERKEZ -3;MOKSEFEN;Moksefen 400 mg 7 Film Tablet;5;1;6;745;
19.07.2026;SELÇUK ECZA DEPOSU;SELÇUK SAMSUN;8680001688579;SÜNBÜLCÜ ECZANESİ;CORUM MERKEZ -3;ACİDPASS;Acidpass 10/800/165 mg 12 Çiğneme Tablet;10;1;11;1.122;
20.07.2026;SELÇUK ECZA DEPOSU;SELÇUK SAMSUN;8680001463879;İKBAL ECZANESİ;CORUM MERKEZ -3;FAMTREC;Famtrec 800/26,6mg 14 Film Kaplı Tablet;1;0;1;102;
20.07.2026;SELÇUK ECZA DEPOSU;SELÇUK SAMSUN;8680001688579;SÜNBÜLCÜ ECZANESİ;CORUM MERKEZ -3;FAMTREC;Famtrec 800/26,6mg 14 Film Kaplı Tablet;1;0;1;102;
20.07.2026;ALLIANCE HEALTHCARE;AH SAMSUN;8680001468553;KARTAL ECZANESİ;CORUM MERKEZ -3;GRİPORT COLD;Griport Cold 20 Film Kaplı Tablet;1;0;1;84;
22.07.2026;SELÇUK ECZA DEPOSU;SELÇUK SAMSUN;8680001531691;ÇALIŞKAN ECZANESİ;CORUM MERKEZ -3;ACİDPASS;Acidpass 10/800/165 mg 12 Çiğneme Tablet;2;0;2;224;
22.07.2026;SELÇUK ECZA DEPOSU;SELÇUK SAMSUN;8680001379095;ŞİFA ECZANESİ;CORUM MERKEZ -3;GRİPORT COLD;Griport Cold 20 Film Kaplı Tablet;2;0;2;168;
23.07.2026;ALLIANCE HEALTHCARE;AH SAMSUN;8680001468553;KARTAL ECZANESİ;CORUM MERKEZ -3;PANOCER;Panocer 40 mg 28 Enterik Kaplı Tablet;10;3;13;1.053;
24.07.2026;SELÇUK ECZA DEPOSU;SELÇUK SAMSUN;8680001643424;AYÇAM ECZANESİ;CORUM MERKEZ -3;ACİDPASS;Acidpass 10/800/165 mg 12 Çiğneme Tablet;1;0;1;112;
24.07.2026;SELÇUK ECZA DEPOSU;SELÇUK SAMSUN;8680001853069;HEKIMOGLU ECZANESI;CORUM MERKEZ -3;ACİDPASS;Acidpass 10/800/165 mg 12 Çiğneme Tablet;20;3;23;2.245;
25.07.2026;ALLIANCE HEALTHCARE;AH SAMSUN;8680001148127;YASEMİN ECZANESİ;CORUM MERKEZ -3;ACİDPASS;Acidpass 10/800/165 mg 12 Çiğneme Tablet;10;1;11;1.122;
25.07.2026;ALLIANCE HEALTHCARE;AH SAMSUN;8680001148127;YASEMİN ECZANESİ;CORUM MERKEZ -3;ACİDPASS;Acidpass 10/800/165 mg 6 Çiğneme Tablet;2;0;2;138;
27.07.2026;ALLIANCE HEALTHCARE;AH SAMSUN;8680001148127;YASEMİN ECZANESİ;CORUM MERKEZ -3;PANOCER;Panocer 40 mg 28 Enterik Kaplı Tablet;30;12;42;3.159;
27.07.2026;SELÇUK ECZA DEPOSU;SELÇUK SAMSUN;8680001156818;LOKMAN ECZANESİ;CORUM MERKEZ -3;PANOCER;Panocer 40 mg 28 Enterik Kaplı Tablet;10;3;13;1.053;
28.07.2026;NEVZAT ECZA DEPOSU;NEVZAT SAMSUN;8680001550487;ÇELİKER ECZANESİ;CORUM MERKEZ -3;ACİDPASS;Acidpass 10/800/165 mg 6 Çiğneme Tablet;2;0;2;138;
28.07.2026;SELÇUK ECZA DEPOSU;SELÇUK SAMSUN;8680001145003;GÜVEN ECZANESİ;CORUM MERKEZ -3;GRİPORT COLD;Griport Cold 20 Film Kaplı Tablet;6;1;7;505;
29.07.2026;SELÇUK ECZA DEPOSU;SELÇUK SAMSUN;8680001515523;ÇORUM ECZANESİ;CORUM MERKEZ -3;ACİDPASS;Acidpass 10/800/165 mg 12 Çiğneme Tablet;20;3;23;2.245;
29.07.2026;NEVZAT ECZA DEPOSU;NEVZAT SAMSUN;8680001688579;SÜNBÜLCÜ ECZANESİ;CORUM MERKEZ -3;MOKSEFEN;Moksefen 400 mg 7 Film Tablet;5;1;6;745;
29.07.2026;SELÇUK ECZA DEPOSU;SELÇUK SAMSUN;8680001338344;BOSTANCI ECZANESİ;CORUM MERKEZ -3;PANOCER;Panocer 40 mg 28 Enterik Kaplı Tablet;165;135;300;17.377;
29.07.2026;ALLIANCE HEALTHCARE;AH SAMSUN;8680001148004;YÜKSEL ECZANESİ;CORUM MERKEZ -3;PANOCER;Panocer 40 mg 28 Enterik Kaplı Tablet;30;12;42;3.159;
29.07.2026;SELÇUK ECZA DEPOSU;SELÇUK SAMSUN;8680001853069;HEKIMOGLU ECZANESI;CORUM MERKEZ -3;PANOCER;Panocer 40 mg 28 Enterik Kaplı Tablet;10;3;13;1.053;
29.07.2026;SELÇUK ECZA DEPOSU;SELÇUK SAMSUN;8680001853069;HEKIMOGLU ECZANESI;CORUM MERKEZ -3;PANOCER;Panocer 40 mg 28 Enterik Kaplı Tablet;10;3;13;1.053;
31.07.2026;ALLIANCE HEALTHCARE;AH SAMSUN;8680001468553;KARTAL ECZANESİ;CORUM MERKEZ -3;PANOCER;Panocer 40 mg 28 Enterik Kaplı Tablet;1;0;1;105;
01.07.2026;SELÇUK ECZA DEPOSU;SELÇUK ERZURUM;8680001265930;KEMALİYE ŞİFA ECZANESİ;ERZINCAN ILCELER;ACİDPASS;Acidpass 10/800/165 mg 12 Çiğneme Tablet;2;0;2;224;
02.07.2026;SELÇUK ECZA DEPOSU;SELÇUK ERZURUM;8680001266159;EMRAH ECZANESİ;ERZINCAN ILCELER;MOKSEFEN;Moksefen 400 mg 7 Film Tablet;10;3;13;1.490;
03.07.2026;SELÇUK ECZA DEPOSU;SELÇUK ERZURUM;8680001535231;ALTINKENT ECZANESİ;ERZINCAN ILCELER;ACİDPASS;Acidpass 10/800/165 mg 12 Çiğneme Tablet;20;3;23;2.245;
10.07.2026;SELÇUK ECZA DEPOSU;SELÇUK ERZURUM;8680001462674;KEMAH ECZANESİ;ERZINCAN ILCELER;ACİDPASS;Acidpass 10/800/165 mg 12 Çiğneme Tablet;50;15;65;5.612;
10.07.2026;SELÇUK ECZA DEPOSU;SELÇUK ERZURUM;8680001656035;KÜBRA NUR ECZANESİ;ERZINCAN ILCELER;MOKSEFEN;Moksefen 400 mg 7 Film Tablet;20;10;30;2.980;
13.07.2026;SELÇUK ECZA DEPOSU;SELÇUK ERZURUM;8680001900138;YENİ BARIŞ ECZANESİ;ERZINCAN ILCELER;ACİDPASS;Acidpass 10/800/165 mg 12 Çiğneme Tablet;2;0;2;224;
13.07.2026;SELÇUK ECZA DEPOSU;SELÇUK ERZURUM;8680001239979;LOKMAN HEKİM ECZANESİ;ERZINCAN ILCELER;ACİDPASS;Acidpass 10/800/165 mg 6 Çiğneme Tablet;10;1;11;689;
16.07.2026;SELÇUK ECZA DEPOSU;SELÇUK ERZURUM;8680001265824;GÜLİZ ECZANESİ;ERZINCAN ILCELER;ACİDPASS;Acidpass 10/800/165 mg 12 Çiğneme Tablet;10;1;11;1.122;
22.07.2026;SELÇUK ECZA DEPOSU;SELÇUK ERZURUM;8680001265930;KEMALİYE ŞİFA ECZANESİ;ERZINCAN ILCELER;MOKSEFEN;Moksefen 400 mg 7 Film Tablet;5;1;6;745;
22.07.2026;SELÇUK ECZA DEPOSU;SELÇUK ERZURUM;8680001457090;ÇAYIRLI ECZANESİ;ERZINCAN ILCELER;PANOCER;Panocer 40 mg 28 Enterik Kaplı Tablet;165;135;300;17.377;
24.07.2026;SELÇUK ECZA DEPOSU;SELÇUK ERZURUM;8680001462674;KEMAH ECZANESİ;ERZINCAN ILCELER;PANOCER;Panocer 40 mg 28 Enterik Kaplı Tablet;165;135;300;17.377;
28.07.2026;SELÇUK ECZA DEPOSU;SELÇUK ERZURUM;8680001239979;LOKMAN HEKİM ECZANESİ;ERZINCAN ILCELER;ACİDPASS;Acidpass 10/800/165 mg 12 Çiğneme Tablet;2;0;2;224;
29.07.2026;SELÇUK ECZA DEPOSU;SELÇUK ERZURUM;8680001656035;KÜBRA NUR ECZANESİ;ERZINCAN ILCELER;ACİDPASS;Acidpass 10/800/165 mg 12 Çiğneme Tablet;10;1;11;1.122;
29.07.2026;SELÇUK ECZA DEPOSU;SELÇUK ERZURUM;8680001266074;MERCAN ECZANESİ;ERZINCAN ILCELER;PANOCER;Panocer 40 mg 28 Enterik Kaplı Tablet;10;3;13;1.053;
30.07.2026;NEVZAT ECZA DEPOSU;NEVZAT ERZURUM;8680001457090;ÇAYIRLI ECZANESİ;ERZINCAN ILCELER;ACİDPASS;Acidpass 10/800/165 mg 12 Çiğneme Tablet;10;1;11;1.122;
30.07.2026;SELÇUK ECZA DEPOSU;SELÇUK ERZURUM;8680001266159;EMRAH ECZANESİ;ERZINCAN ILCELER;PANOCER;Panocer 40 mg 14 Enterik Kaplı Tablet;1;0;1;81;
01.07.2026;SELÇUK ECZA DEPOSU;SELÇUK ERZURUM;8680001431373;ONUR ECZANESİ;ERZINCAN MERKEZ;ACİDPASS;Acidpass 10/800/165 mg 12 Çiğneme Tablet;4;0;4;449;
01.07.2026;SELÇUK ECZA DEPOSU;SELÇUK ERZURUM;8680001231560;KÜLTÜR ECZANESİ;ERZINCAN MERKEZ;PANOCER;Panocer 40 mg 28 Enterik Kaplı Tablet;10;3;13;1.053;
01.07.2026;ALLIANCE HEALTHCARE;AH ERZURUM;8680001235766;CAN ECZANESİ;ERZINCAN MERKEZ;PANOCER;Panocer 40 mg 28 Enterik Kaplı Tablet;50;25;75;5.266;
01.07.2026;NEVZAT ECZA DEPOSU;NEVZAT ERZURUM;8680001599837;MENGÜCELİ ECZANESİ;ERZINCAN MERKEZ;PANOCER;Panocer 40 mg 28 Enterik Kaplı Tablet;50;25;75;5.266;
02.07.2026;SELÇUK ECZA DEPOSU;SELÇUK ERZURUM;8680001238989;DERMAN ECZANESİ;ERZINCAN MERKEZ;ACİDPASS;Acidpass 10/800/165 mg 12 Çiğneme Tablet;2;0;2;224;
02.07.2026;ALLIANCE HEALTHCARE;AH ERZURUM;8680001422500;YENİ NİL ECZANESİ;ERZINCAN MERKEZ;ACİDPASS;Acidpass 10/800/165 mg 12 Çiğneme Tablet;2;0;2;224;
02.07.2026;SELÇUK ECZA DEPOSU;SELÇUK ERZURUM;8680001231560;KÜLTÜR ECZANESİ;ERZINCAN MERKEZ;ACİDPASS;Acidpass 10/800/165 mg 12 Çiğneme Tablet;3;0;3;337;
02.07.2026;NEVZAT ECZA DEPOSU;NEVZAT ERZURUM;8680001709700;MERKEZ ECZANESİ;ERZINCAN MERKEZ;ACİDPASS;Acidpass 10/800/165 mg 12 Çiğneme Tablet;3;0;3;337;
02.07.2026;SELÇUK ECZA DEPOSU;SELÇUK ERZURUM;8680001938407;HAYAT ECZANESİ;ERZINCAN MERKEZ;ACİDPASS;Acidpass 10/800/165 mg 12 Çiğneme Tablet;3;0;3;337;
02.07.2026;NEVZAT ECZA DEPOSU;NEVZAT ERZURUM;8680001470860;IHLAMUR ECZANESİ;ERZINCAN MERKEZ;MOKSEFEN;Moksefen 400 mg 7 Film Tablet;1;0;1;149;
02.07.2026;NEVZAT ECZA DEPOSU;NEVZAT ERZURUM;8680001599837;MENGÜCELİ ECZANESİ;ERZINCAN MERKEZ;MOKSEFEN;Moksefen 400 mg 7 Film Tablet;5;1;6;745;
02.07.2026;ALLIANCE HEALTHCARE;AH ERZURUM;8680001237784;ÖNER ECZANESİ;ERZINCAN MERKEZ;PANOCER;Panocer 40 mg 28 Enterik Kaplı Tablet;50;25;75;5.266;
02.07.2026;SELÇUK ECZA DEPOSU;SELÇUK ERZURUM;8680001603749;ERZİNCAN  ECZANESI;ERZINCAN MERKEZ;PANOCER;Panocer 40 mg 28 Enterik Kaplı Tablet;10;3;13;1.053;
03.07.2026;NEVZAT ECZA DEPOSU;NEVZAT ERZURUM;8680001470860;IHLAMUR ECZANESİ;ERZINCAN MERKEZ;MOKSEFEN;Moksefen 400 mg 7 Film Tablet;1;0;1;149;
03.07.2026;SELÇUK ECZA DEPOSU;SELÇUK ERZURUM;8680001235476;ERHAN ECZANESİ;ERZINCAN MERKEZ;PANOCER;Panocer 40 mg 28 Enterik Kaplı Tablet;50;25;75;5.266;
03.07.2026;SELÇUK ECZA DEPOSU;SELÇUK ERZURUM;8680001938407;HAYAT ECZANESİ;ERZINCAN MERKEZ;PANOCER;Panocer 40 mg 28 Enterik Kaplı Tablet;165;135;300;17.377;
04.07.2026;SELÇUK ECZA DEPOSU;SELÇUK ERZURUM;8680001239030;ARI ECZANESİ;ERZINCAN MERKEZ;ACİDPASS;Acidpass 10/800/165 mg 12 Çiğneme Tablet;3;0;3;337;
06.07.2026;NEVZAT ECZA DEPOSU;NEVZAT ERZURUM;8680001233342;SAĞLIK ECZANESİ;ERZINCAN MERKEZ;ACİDPASS;Acidpass 10/800/165 mg 12 Çiğneme Tablet;10;1;11;1.122;
06.07.2026;SELÇUK ECZA DEPOSU;SELÇUK ERZURUM;8680001646470;DÜNYA ECZANESİ;ERZINCAN MERKEZ;ACİDPASS;Acidpass 10/800/165 mg 12 Çiğneme Tablet;10;1;11;1.122;
06.07.2026;SELÇUK ECZA DEPOSU;SELÇUK ERZURUM;8680001938407;HAYAT ECZANESİ;ERZINCAN MERKEZ;ACİDPASS;Acidpass 10/800/165 mg 12 Çiğneme Tablet;10;1;11;1.122;
06.07.2026;NEVZAT ECZA DEPOSU;NEVZAT ERZURUM;8680001238460;GÜLER ECZANESİ;ERZINCAN MERKEZ;MOKSEFEN;Moksefen 400 mg 7 Film Tablet;5;1;6;745;
06.07.2026;SELÇUK ECZA DEPOSU;SELÇUK ERZURUM;8680001239030;ARI ECZANESİ;ERZINCAN MERKEZ;PANOCER;Panocer 40 mg 28 Enterik Kaplı Tablet;10;3;13;1.053;
07.07.2026;NEVZAT ECZA DEPOSU;NEVZAT ERZURUM;8680001235896;PINAR ECZANESİ;ERZINCAN MERKEZ;ACİDPASS;Acidpass 10/800/165 mg 12 Çiğneme Tablet;3;0;3;337;
07.07.2026;ALLIANCE HEALTHCARE;AH ERZURUM;8680001237784;ÖNER ECZANESİ;ERZINCAN MERKEZ;ACİDPASS;Acidpass 10/800/165 mg 12 Çiğneme Tablet;20;3;23;2.245;
07.07.2026;SELÇUK ECZA DEPOSU;SELÇUK ERZURUM;8680001232437;ELİF ECZANESİ;ERZINCAN MERKEZ;ACİDPASS;Acidpass 10/800/165 mg 12 Çiğneme Tablet;10;1;11;1.122;
07.07.2026;NEVZAT ECZA DEPOSU;NEVZAT ERZURUM;8680001500628;TUĞÇE ECZANESİ;ERZINCAN MERKEZ;GRİPORT COLD;Griport Cold 20 Film Kaplı Tablet;3;0;3;252;
07.07.2026;NEVZAT ECZA DEPOSU;NEVZAT ERZURUM;8680001470860;IHLAMUR ECZANESİ;ERZINCAN MERKEZ;PANOCER;Panocer 40 mg 28 Enterik Kaplı Tablet;30;12;42;3.159;
07.07.2026;ALLIANCE HEALTHCARE;AH ERZURUM;8680001233342;SAĞLIK ECZANESİ;ERZINCAN MERKEZ;PANOCER;Panocer 40 mg 28 Enterik Kaplı Tablet;165;135;300;17.377;
08.07.2026;ALLIANCE HEALTHCARE;AH ERZURUM;8680001659685;CEREN ECZANESİ;ERZINCAN MERKEZ;ACİDPASS;Acidpass 10/800/165 mg 12 Çiğneme Tablet;50;15;65;5.612;
08.07.2026;SELÇUK ECZA DEPOSU;SELÇUK ERZURUM;8680001659685;CEREN ECZANESİ;ERZINCAN MERKEZ;ACİDPASS;Acidpass 10/800/165 mg 12 Çiğneme Tablet;20;3;23;2.245;
08.07.2026;SELÇUK ECZA DEPOSU;SELÇUK ERZURUM;8680001238989;DERMAN ECZANESİ;ERZINCAN MERKEZ;PANOCER;Panocer 40 mg 28 Enterik Kaplı Tablet;30;12;42;3.159;
08.07.2026;NEVZAT ECZA DEPOSU;NEVZAT ERZURUM;8680001235896;PINAR ECZANESİ;ERZINCAN MERKEZ;PANOCER;Panocer 40 mg 28 Enterik Kaplı Tablet;10;3;13;1.053;
08.07.2026;SELÇUK ECZA DEPOSU;SELÇUK ERZURUM;8680001381081;FERİT ECZANESİ;ERZINCAN MERKEZ;PANOCER;Panocer 40 mg 28 Enterik Kaplı Tablet;50;25;75;5.266;
09.07.2026;SELÇUK ECZA DEPOSU;SELÇUK ERZURUM;8680001238989;DERMAN ECZANESİ;ERZINCAN MERKEZ;ACİDPASS;Acidpass 10/800/165 mg 12 Çiğneme Tablet;2;0;2;224;
09.07.2026;SELÇUK ECZA DEPOSU;SELÇUK ERZURUM;8680001120598;ZÜBEYDE ECZANESİ;ERZINCAN MERKEZ;ACİDPASS;Acidpass 10/800/165 mg 12 Çiğneme Tablet;20;3;23;2.245;
09.07.2026;SELÇUK ECZA DEPOSU;SELÇUK ERZURUM;8680001232437;ELİF ECZANESİ;ERZINCAN MERKEZ;ACİDPASS;Acidpass 10/800/165 mg 12 Çiğneme Tablet;10;1;11;1.122;
09.07.2026;NEVZAT ECZA DEPOSU;NEVZAT ERZURUM;8680001470860;IHLAMUR ECZANESİ;ERZINCAN MERKEZ;MOKSEFEN;Moksefen 400 mg 7 Film Tablet;2;0;2;298;
09.07.2026;NEVZAT ECZA DEPOSU;NEVZAT ERZURUM;8680001233342;SAĞLIK ECZANESİ;ERZINCAN MERKEZ;MOKSEFEN;Moksefen 400 mg 7 Film Tablet;10;3;13;1.490;
10.07.2026;SELÇUK ECZA DEPOSU;SELÇUK ERZURUM;8680001938407;HAYAT ECZANESİ;ERZINCAN MERKEZ;MOKSEFEN;Moksefen 400 mg 7 Film Tablet;5;1;6;745;
10.07.2026;ALLIANCE HEALTHCARE;AH ERZURUM;8680001237784;ÖNER ECZANESİ;ERZINCAN MERKEZ;PANOCER;Panocer 40 mg 14 Enterik Kaplı Tablet;10;3;13;809;
10.07.2026;ALLIANCE HEALTHCARE;AH ERZURUM;8680001659685;CEREN ECZANESİ;ERZINCAN MERKEZ;PANOCER;Panocer 40 mg 14 Enterik Kaplı Tablet;10;3;13;809;
10.07.2026;ALLIANCE HEALTHCARE;AH ERZURUM;8680001483846;GAZİ ECZANESİ;ERZINCAN MERKEZ;PANOCER;Panocer 40 mg 28 Enterik Kaplı Tablet;30;12;42;3.159;
10.07.2026;NEVZAT ECZA DEPOSU;NEVZAT ERZURUM;8680001483846;GAZİ ECZANESİ;ERZINCAN MERKEZ;PANOCER;Panocer 40 mg 28 Enterik Kaplı Tablet;30;12;42;3.159;
10.07.2026;SELÇUK ECZA DEPOSU;SELÇUK ERZURUM;8680001660728;ŞEBNEM ECZANESİ;ERZINCAN MERKEZ;PANOCER;Panocer 40 mg 28 Enterik Kaplı Tablet;50;25;75;5.266;
11.07.2026;SELÇUK ECZA DEPOSU;SELÇUK ERZURUM;8680001659685;CEREN ECZANESİ;ERZINCAN MERKEZ;ACİDPASS;Acidpass 10/800/165 mg 12 Çiğneme Tablet;-20;-3;-23;-2.245;
13.07.2026;NEVZAT ECZA DEPOSU;NEVZAT ERZURUM;8680001470860;IHLAMUR ECZANESİ;ERZINCAN MERKEZ;MOKSEFEN;Moksefen 400 mg 7 Film Tablet;1;0;1;149;
14.07.2026;ALLIANCE HEALTHCARE;AH ERZURUM;8680001460977;KÜBRA NAZIR ECZANESİ;ERZINCAN MERKEZ;ACİDPASS;Acidpass 10/800/165 mg 12 Çiğneme Tablet;50;15;65;5.612;
14.07.2026;NEVZAT ECZA DEPOSU;NEVZAT ERZURUM;8680001235896;PINAR ECZANESİ;ERZINCAN MERKEZ;FAMTREC;Famtrec 800/26,6mg 14 Film Kaplı Tablet;2;0;2;204;
14.07.2026;NEVZAT ECZA DEPOSU;NEVZAT ERZURUM;8680001747986;ŞİFA ECZANESİ;ERZINCAN MERKEZ;MOKSEFEN;Moksefen 400 mg 7 Film Tablet;5;1;6;745;
14.07.2026;NEVZAT ECZA DEPOSU;NEVZAT ERZURUM;8680001465958;GÜL ECZANESİ;ERZINCAN MERKEZ;PANOCER;Panocer 40 mg 14 Enterik Kaplı Tablet;1;0;1;81;
16.07.2026;NEVZAT ECZA DEPOSU;NEVZAT ERZURUM;8680001599837;MENGÜCELİ ECZANESİ;ERZINCAN MERKEZ;ACİDPASS;Acidpass 10/800/165 mg 12 Çiğneme Tablet;3;0;3;337;
16.07.2026;NEVZAT ECZA DEPOSU;NEVZAT ERZURUM;8680001470860;IHLAMUR ECZANESİ;ERZINCAN MERKEZ;MOKSEFEN;Moksefen 400 mg 7 Film Tablet;5;1;6;745;
16.07.2026;NEVZAT ECZA DEPOSU;NEVZAT ERZURUM;8680001743117;ZEHRA ECZANESİ;ERZINCAN MERKEZ;PANOCER;Panocer 40 mg 14 Enterik Kaplı Tablet;10;3;13;809;
17.07.2026;SELÇUK ECZA DEPOSU;SELÇUK ERZURUM;8680001431373;ONUR ECZANESİ;ERZINCAN MERKEZ;ACİDPASS;Acidpass 10/800/165 mg 12 Çiğneme Tablet;5;0;5;561;
17.07.2026;SELÇUK ECZA DEPOSU;SELÇUK ERZURUM;8680001231560;KÜLTÜR ECZANESİ;ERZINCAN MERKEZ;ACİDPASS;Acidpass 10/800/165 mg 12 Çiğneme Tablet;4;0;4;449;
17.07.2026;SELÇUK ECZA DEPOSU;SELÇUK ERZURUM;8680001519514;ESRA ECZANESİ;ERZINCAN MERKEZ;ACİDPASS;Acidpass 10/800/165 mg 12 Çiğneme Tablet;2;0;2;224;
17.07.2026;ALLIANCE HEALTHCARE;AH ERZURUM;8680001232307;GÜROL ECZANESİ;ERZINCAN MERKEZ;PANOCER;Panocer 40 mg 28 Enterik Kaplı Tablet;10;3;13;1.053;
20.07.2026;ALLIANCE HEALTHCARE;AH ERZURUM;8680001232710;EDİS ECZANESİ;ERZINCAN MERKEZ;PANOCER;Panocer 40 mg 14 Enterik Kaplı Tablet;10;3;13;809;
20.07.2026;SELÇUK ECZA DEPOSU;SELÇUK ERZURUM;8680001646470;DÜNYA ECZANESİ;ERZINCAN MERKEZ;PANOCER;Panocer 40 mg 28 Enterik Kaplı Tablet;10;3;13;1.053;
21.07.2026;NEVZAT ECZA DEPOSU;NEVZAT ERZURUM;8680001500628;TUĞÇE ECZANESİ;ERZINCAN MERKEZ;ACİDPASS;Acidpass 10/800/165 mg 12 Çiğneme Tablet;2;0;2;224;
21.07.2026;NEVZAT ECZA DEPOSU;NEVZAT ERZURUM;8680001431373;ONUR ECZANESİ;ERZINCAN MERKEZ;ACİDPASS;Acidpass 10/800/165 mg 6 Çiğneme Tablet;2;0;2;138;
21.07.2026;SELÇUK ECZA DEPOSU;SELÇUK ERZURUM;8680001465958;GÜL ECZANESİ;ERZINCAN MERKEZ;PANOCER;Panocer 40 mg 28 Enterik Kaplı Tablet;10;3;13;1.053;
22.07.2026;ALLIANCE HEALTHCARE;AH ERZURUM;8680001709700;MERKEZ ECZANESİ;ERZINCAN MERKEZ;ACİDPASS;Acidpass 10/800/165 mg 12 Çiğneme Tablet;10;1;11;1.122;
22.07.2026;SELÇUK ECZA DEPOSU;SELÇUK ERZURUM;8680001231928;AKSOY ECZANESİ;ERZINCAN MERKEZ;MOKSEFEN;Moksefen 400 mg 7 Film Tablet;20;10;30;2.980;
22.07.2026;SELÇUK ECZA DEPOSU;SELÇUK ERZURUM;8680001232437;ELİF ECZANESİ;ERZINCAN MERKEZ;MOKSEFEN;Moksefen 400 mg 7 Film Tablet;10;3;13;1.490;
22.07.2026;SELÇUK ECZA DEPOSU;SELÇUK ERZURUM;8680001238910;AKTAŞ ECZANESİ;ERZINCAN MERKEZ;PANOCER;Panocer 40 mg 14 Enterik Kaplı Tablet;2;0;2;162;
22.07.2026;ALLIANCE HEALTHCARE;AH ERZURUM;8680001238583;TERZİOĞLU ECZANESİ;ERZINCAN MERKEZ;PANOCER;Panocer 40 mg 14 Enterik Kaplı Tablet;10;3;13;809;
22.07.2026;SELÇUK ECZA DEPOSU;SELÇUK ERZURUM;8680001646470;DÜNYA ECZANESİ;ERZINCAN MERKEZ;PANOCER;Panocer 40 mg 28 Enterik Kaplı Tablet;100;60;160;10.531;
23.07.2026;NEVZAT ECZA DEPOSU;NEVZAT ERZURUM;8680001470860;IHLAMUR ECZANESİ;ERZINCAN MERKEZ;PANOCER;Panocer 40 mg 28 Enterik Kaplı Tablet;10;3;13;1.053;
24.07.2026;NEVZAT ECZA DEPOSU;NEVZAT ERZURUM;8680001599837;MENGÜCELİ ECZANESİ;ERZINCAN MERKEZ;ACİDPASS;Acidpass 10/800/165 mg 12 Çiğneme Tablet;2;0;2;224;
24.07.2026;ALLIANCE HEALTHCARE;AH ERZURUM;8680001749003;DENİZ ECZANESİ;ERZINCAN MERKEZ;PANOCER;Panocer 40 mg 14 Enterik Kaplı Tablet;10;3;13;809;
24.07.2026;SELÇUK ECZA DEPOSU;SELÇUK ERZURUM;8680001599837;MENGÜCELİ ECZANESİ;ERZINCAN MERKEZ;PANOCER;Panocer 40 mg 14 Enterik Kaplı Tablet;10;3;13;809;
24.07.2026;NEVZAT ECZA DEPOSU;NEVZAT ERZURUM;8680001235896;PINAR ECZANESİ;ERZINCAN MERKEZ;PANOCER;Panocer 40 mg 28 Enterik Kaplı Tablet;10;3;13;1.053;
27.07.2026;NEVZAT ECZA DEPOSU;NEVZAT ERZURUM;8680001231928;AKSOY ECZANESİ;ERZINCAN MERKEZ;ACİDPASS;Acidpass 10/800/165 mg 12 Çiğneme Tablet;10;1;11;1.122;
27.07.2026;NEVZAT ECZA DEPOSU;NEVZAT ERZURUM;8680001599837;MENGÜCELİ ECZANESİ;ERZINCAN MERKEZ;ACİDPASS;Acidpass 10/800/165 mg 12 Çiğneme Tablet;2;0;2;224;
27.07.2026;SELÇUK ECZA DEPOSU;SELÇUK ERZURUM;8680001425471;ÇİÇEK ECZANESİ;ERZINCAN MERKEZ;MOKSEFEN;Moksefen 400 mg 7 Film Tablet;5;1;6;745;
28.07.2026;NEVZAT ECZA DEPOSU;NEVZAT ERZURUM;8680001599837;MENGÜCELİ ECZANESİ;ERZINCAN MERKEZ;ACİDPASS;Acidpass 10/800/165 mg 12 Çiğneme Tablet;4;0;4;449;
28.07.2026;ALLIANCE HEALTHCARE;AH ERZURUM;8680001233120;DEVA ECZANESİ;ERZINCAN MERKEZ;MOKSEFEN;Moksefen 400 mg 7 Film Tablet;5;1;6;745;
28.07.2026;SELÇUK ECZA DEPOSU;SELÇUK ERZURUM;8680001519514;ESRA ECZANESİ;ERZINCAN MERKEZ;MOKSEFEN;Moksefen 400 mg 7 Film Tablet;5;1;6;745;
28.07.2026;ALLIANCE HEALTHCARE;AH ERZURUM;8680001709700;MERKEZ ECZANESİ;ERZINCAN MERKEZ;MOKSEFEN;Moksefen 400 mg 7 Film Tablet;5;1;6;745;
29.07.2026;SELÇUK ECZA DEPOSU;SELÇUK ERZURUM;8680001938407;HAYAT ECZANESİ;ERZINCAN MERKEZ;ACİDPASS;Acidpass 10/800/165 mg 12 Çiğneme Tablet;20;3;23;2.245;
29.07.2026;SELÇUK ECZA DEPOSU;SELÇUK ERZURUM;8680001233021;BOĞAZİÇİ ECZANESİ;ERZINCAN MERKEZ;FAMTREC;Famtrec 800/26,6mg 14 Film Kaplı Tablet;5;1;6;511;
29.07.2026;SELÇUK ECZA DEPOSU;SELÇUK ERZURUM;8680001526307;MURAT ECZANESİ;ERZINCAN MERKEZ;FAMTREC;Famtrec 800/26,6mg 14 Film Kaplı Tablet;2;0;2;204;
29.07.2026;ALLIANCE HEALTHCARE;AH ERZURUM;8680001379002;ÖZKAYA ECZANESİ;ERZINCAN MERKEZ;PANOCER;Panocer 40 mg 28 Enterik Kaplı Tablet;50;25;75;5.266;
30.07.2026;NEVZAT ECZA DEPOSU;NEVZAT ERZURUM;8680001235896;PINAR ECZANESİ;ERZINCAN MERKEZ;ACİDPASS;Acidpass 10/800/165 mg 12 Çiğneme Tablet;1;0;1;112;
30.07.2026;SELÇUK ECZA DEPOSU;SELÇUK ERZURUM;8680001465958;GÜL ECZANESİ;ERZINCAN MERKEZ;ACİDPASS;Acidpass 10/800/165 mg 12 Çiğneme Tablet;10;1;11;1.122;
30.07.2026;NEVZAT ECZA DEPOSU;NEVZAT ERZURUM;8680001120598;ZÜBEYDE ECZANESİ;ERZINCAN MERKEZ;PANOCER;Panocer 40 mg 14 Enterik Kaplı Tablet;10;3;13;809;
30.07.2026;ALLIANCE HEALTHCARE;AH ERZURUM;8680001235766;CAN ECZANESİ;ERZINCAN MERKEZ;PANOCER;Panocer 40 mg 14 Enterik Kaplı Tablet;1;0;1;81;
30.07.2026;SELÇUK ECZA DEPOSU;SELÇUK ERZURUM;8680001747986;ŞİFA ECZANESİ;ERZINCAN MERKEZ;PANOCER;Panocer 40 mg 28 Enterik Kaplı Tablet;10;3;13;1.053;
31.07.2026;SELÇUK ECZA DEPOSU;SELÇUK ERZURUM;8680001451630;ÖZGE ECZANESİ;ERZINCAN MERKEZ;ACİDPASS;Acidpass 10/800/165 mg 12 Çiğneme Tablet;10;1;11;1.122;
01.07.2026;ALLIANCE HEALTHCARE;AH ERZURUM;8680001114122;YILDIZ ECZANESİ;ERZURUM GUNEY ILCELER;ACİDPASS;Acidpass 10/800/165 mg 12 Çiğneme Tablet;3;0;3;337;
01.07.2026;SELÇUK ECZA DEPOSU;SELÇUK ERZURUM;8680001114429;ÖZLEM ECZANESİ;ERZURUM GUNEY ILCELER;ACİDPASS;Acidpass 10/800/165 mg 12 Çiğneme Tablet;5;0;5;561;
01.07.2026;SELÇUK ECZA DEPOSU;SELÇUK ERZURUM;8680001117222;HİLAL ECZANESİ;ERZURUM GUNEY ILCELER;ACİDPASS;Acidpass 10/800/165 mg 12 Çiğneme Tablet;10;1;11;1.122;
01.07.2026;SELÇUK ECZA DEPOSU;SELÇUK ERZURUM;8680001168767;PASİNLER ECZANESİ;ERZURUM GUNEY ILCELER;ACİDPASS;Acidpass 10/800/165 mg 12 Çiğneme Tablet;3;0;3;337;
01.07.2026;ALLIANCE HEALTHCARE;AH ERZURUM;8680001690855;ŞEHR-İ ŞİFA ECZANESİ;ERZURUM GUNEY ILCELER;ACİDPASS;Acidpass 10/800/165 mg 12 Çiğneme Tablet;10;1;11;1.122;
01.07.2026;NEVZAT ECZA DEPOSU;NEVZAT ERZURUM;8680001688609;SERHAT ECZANESİ;ERZURUM GUNEY ILCELER;ACİDPASS;Acidpass 10/800/165 mg 12 Çiğneme Tablet;2;0;2;224;
01.07.2026;NEVZAT ECZA DEPOSU;NEVZAT ERZURUM;8680001688609;SERHAT ECZANESİ;ERZURUM GUNEY ILCELER;ACİDPASS;Acidpass 10/800/165 mg 6 Çiğneme Tablet;1;0;1;69;
01.07.2026;SELÇUK ECZA DEPOSU;SELÇUK ERZURUM;8680001688609;SERHAT ECZANESİ;ERZURUM GUNEY ILCELER;MOKSEFEN;Moksefen 400 mg 7 Film Tablet;10;3;13;1.490;
01.07.2026;ALLIANCE HEALTHCARE;AH ERZURUM;8680001114122;YILDIZ ECZANESİ;ERZURUM GUNEY ILCELER;PANOCER;Panocer 40 mg 28 Enterik Kaplı Tablet;30;12;42;3.159;
01.07.2026;SELÇUK ECZA DEPOSU;SELÇUK ERZURUM;8680001114429;ÖZLEM ECZANESİ;ERZURUM GUNEY ILCELER;PANOCER;Panocer 40 mg 28 Enterik Kaplı Tablet;50;25;75;5.266;
01.07.2026;NEVZAT ECZA DEPOSU;NEVZAT ERZURUM;8680001664368;MERKEZ ECZANESİ;ERZURUM GUNEY ILCELER;PANOCER;Panocer 40 mg 28 Enterik Kaplı Tablet;30;12;42;3.159;
01.07.2026;SELÇUK ECZA DEPOSU;SELÇUK ERZURUM;8680001700363;BEYOĞLU ECZANESİ;ERZURUM GUNEY ILCELER;PANOCER;Panocer 40 mg 28 Enterik Kaplı Tablet;165;135;300;17.377;
01.07.2026;NEVZAT ECZA DEPOSU;NEVZAT ERZURUM;8680001707904;ÇİĞDEM ECZANESİ;ERZURUM GUNEY ILCELER;PANOCER;Panocer 40 mg 28 Enterik Kaplı Tablet;100;60;160;10.531;
01.07.2026;NEVZAT ECZA DEPOSU;NEVZAT ERZURUM;8680001866229;FATİH ECZANESİ;ERZURUM GUNEY ILCELER;PANOCER;Panocer 40 mg 28 Enterik Kaplı Tablet;10;3;13;1.053;
02.07.2026;ALLIANCE HEALTHCARE;AH ERZURUM;8680001117888;YILDIRIM ECZANESİ;ERZURUM GUNEY ILCELER;ACİDPASS;Acidpass 10/800/165 mg 12 Çiğneme Tablet;1;0;1;112;
02.07.2026;NEVZAT ECZA DEPOSU;NEVZAT ERZURUM;8680001731169;ÇAT ECZANESİ;ERZURUM GUNEY ILCELER;ACİDPASS;Acidpass 10/800/165 mg 12 Çiğneme Tablet;10;1;11;1.122;
02.07.2026;SELÇUK ECZA DEPOSU;SELÇUK ERZURUM;8680001698622;YAŞAM ECZANESİ;ERZURUM GUNEY ILCELER;MOKSEFEN;Moksefen 400 mg 7 Film Tablet;10;3;13;1.490;
03.07.2026;SELÇUK ECZA DEPOSU;SELÇUK ERZURUM;8680001132034;ESLEK ECZANESİ;ERZURUM GUNEY ILCELER;ACİDPASS;Acidpass 10/800/165 mg 12 Çiğneme Tablet;20;3;23;2.245;
03.07.2026;ALLIANCE HEALTHCARE;AH ERZURUM;8680001114122;YILDIZ ECZANESİ;ERZURUM GUNEY ILCELER;ACİDPASS;Acidpass 10/800/165 mg 12 Çiğneme Tablet;2;0;2;224;
03.07.2026;ALLIANCE HEALTHCARE;AH ERZURUM;8680001664368;MERKEZ ECZANESİ;ERZURUM GUNEY ILCELER;ACİDPASS;Acidpass 10/800/165 mg 12 Çiğneme Tablet;5;0;5;561;
03.07.2026;SELÇUK ECZA DEPOSU;SELÇUK ERZURUM;8680001132034;ESLEK ECZANESİ;ERZURUM GUNEY ILCELER;FAMTREC;Famtrec 800/26,6mg 14 Film Kaplı Tablet;5;1;6;511;
03.07.2026;SELÇUK ECZA DEPOSU;SELÇUK ERZURUM;8680001113989;ZEHRA ECZANESİ;ERZURUM GUNEY ILCELER;FAMTREC;Famtrec 800/26,6mg 14 Film Kaplı Tablet;10;2;12;1.022;
03.07.2026;ALLIANCE HEALTHCARE;AH ERZURUM;8680001527434;MERYEM ECZANESİ;ERZURUM GUNEY ILCELER;FAMTREC;Famtrec 800/26,6mg 14 Film Kaplı Tablet;5;1;6;511;
03.07.2026;ALLIANCE HEALTHCARE;AH ERZURUM;8680001168767;PASİNLER ECZANESİ;ERZURUM GUNEY ILCELER;FAMTREC;Famtrec 800/26,6mg 14 Film Kaplı Tablet;2;0;2;204;
03.07.2026;ALLIANCE HEALTHCARE;AH ERZURUM;8680001664368;MERKEZ ECZANESİ;ERZURUM GUNEY ILCELER;FAMTREC;Famtrec 800/26,6mg 14 Film Kaplı Tablet;1;0;1;102;
03.07.2026;ALLIANCE HEALTHCARE;AH ERZURUM;8680001114429;ÖZLEM ECZANESİ;ERZURUM GUNEY ILCELER;MOKSEFEN;Moksefen 400 mg 7 Film Tablet;10;3;13;1.490;
03.07.2026;NEVZAT ECZA DEPOSU;NEVZAT ERZURUM;8680001707904;ÇİĞDEM ECZANESİ;ERZURUM GUNEY ILCELER;MOKSEFEN;Moksefen 400 mg 7 Film Tablet;10;3;13;1.490;
03.07.2026;SELÇUK ECZA DEPOSU;SELÇUK ERZURUM;8680001878291;ASYA ECZ.ERZURUM;ERZURUM GUNEY ILCELER;MOKSEFEN;Moksefen 400 mg 7 Film Tablet;10;3;13;1.490;
03.07.2026;SELÇUK ECZA DEPOSU;SELÇUK ERZURUM;8680001484409;MERKEZ RESULOĞULLARI ECZANESİ;ERZURUM GUNEY ILCELER;PANOCER;Panocer 40 mg 28 Enterik Kaplı Tablet;100;60;160;10.531;
03.07.2026;ALLIANCE HEALTHCARE;AH ERZURUM;8680001168767;PASİNLER ECZANESİ;ERZURUM GUNEY ILCELER;PANOCER;Panocer 40 mg 28 Enterik Kaplı Tablet;100;60;160;10.531;
03.07.2026;SELÇUK ECZA DEPOSU;SELÇUK ERZURUM;8680001734672;BEYOĞLU ECZANESİ;ERZURUM GUNEY ILCELER;PANOCER;Panocer 40 mg 28 Enterik Kaplı Tablet;165;135;300;17.377;
06.07.2026;SELÇUK ECZA DEPOSU;SELÇUK ERZURUM;8680001484409;MERKEZ RESULOĞULLARI ECZANESİ;ERZURUM GUNEY ILCELER;ACİDPASS;Acidpass 10/800/165 mg 12 Çiğneme Tablet;2;0;2;224;
06.07.2026;SELÇUK ECZA DEPOSU;SELÇUK ERZURUM;8680001112418;TEKMAN ECZANESİ;ERZURUM GUNEY ILCELER;ACİDPASS;Acidpass 10/800/165 mg 12 Çiğneme Tablet;5;0;5;561;
06.07.2026;NEVZAT ECZA DEPOSU;NEVZAT ERZURUM;8680001707904;ÇİĞDEM ECZANESİ;ERZURUM GUNEY ILCELER;ACİDPASS;Acidpass 10/800/165 mg 12 Çiğneme Tablet;3;0;3;337;
06.07.2026;SELÇUK ECZA DEPOSU;SELÇUK ERZURUM;8680001112418;TEKMAN ECZANESİ;ERZURUM GUNEY ILCELER;MOKSEFEN;Moksefen 400 mg 7 Film Tablet;5;1;6;745;
06.07.2026;ALLIANCE HEALTHCARE;AH ERZURUM;8680001519798;YENİ HİLAL ECZANESİ;ERZURUM GUNEY ILCELER;PANOCER;Panocer 40 mg 28 Enterik Kaplı Tablet;10;3;13;1.053;
06.07.2026;SELÇUK ECZA DEPOSU;SELÇUK ERZURUM;8680001697311;ŞİFA ECZANESİ;ERZURUM GUNEY ILCELER;PANOCER;Panocer 40 mg 28 Enterik Kaplı Tablet;30;12;42;3.159;
06.07.2026;NEVZAT ECZA DEPOSU;NEVZAT ERZURUM;8680001714285;DERMAN ECZANESİ;ERZURUM GUNEY ILCELER;PANOCER;Panocer 40 mg 28 Enterik Kaplı Tablet;10;3;13;1.053;
07.07.2026;ALLIANCE HEALTHCARE;AH ERZURUM;8680001114122;YILDIZ ECZANESİ;ERZURUM GUNEY ILCELER;ACİDPASS;Acidpass 10/800/165 mg 12 Çiğneme Tablet;2;0;2;224;
07.07.2026;ALLIANCE HEALTHCARE;AH ERZURUM;8680001168767;PASİNLER ECZANESİ;ERZURUM GUNEY ILCELER;ACİDPASS;Acidpass 10/800/165 mg 12 Çiğneme Tablet;10;1;11;1.122;
07.07.2026;SELÇUK ECZA DEPOSU;SELÇUK ERZURUM;8680001112418;TEKMAN ECZANESİ;ERZURUM GUNEY ILCELER;MOKSEFEN;Moksefen 400 mg 7 Film Tablet;30;15;45;4.470;
07.07.2026;ALLIANCE HEALTHCARE;AH ERZURUM;8680001519798;YENİ HİLAL ECZANESİ;ERZURUM GUNEY ILCELER;PANOCER;Panocer 40 mg 28 Enterik Kaplı Tablet;100;60;160;10.531;
08.07.2026;ALLIANCE HEALTHCARE;AH ERZURUM;8680001114122;YILDIZ ECZANESİ;ERZURUM GUNEY ILCELER;ACİDPASS;Acidpass 10/800/165 mg 12 Çiğneme Tablet;2;0;2;224;
09.07.2026;ALLIANCE HEALTHCARE;AH ERZURUM;8680001114122;YILDIZ ECZANESİ;ERZURUM GUNEY ILCELER;ACİDPASS;Acidpass 10/800/165 mg 12 Çiğneme Tablet;2;0;2;224;
09.07.2026;SELÇUK ECZA DEPOSU;SELÇUK ERZURUM;8680001112418;TEKMAN ECZANESİ;ERZURUM GUNEY ILCELER;FAMTREC;Famtrec 800/26,6mg 14 Film Kaplı Tablet;30;6;36;3.066;
09.07.2026;ALLIANCE HEALTHCARE;AH ERZURUM;8680001114429;ÖZLEM ECZANESİ;ERZURUM GUNEY ILCELER;MOKSEFEN;Moksefen 400 mg 7 Film Tablet;10;3;13;1.490;
09.07.2026;SELÇUK ECZA DEPOSU;SELÇUK ERZURUM;8680001688609;SERHAT ECZANESİ;ERZURUM GUNEY ILCELER;PANOCER;Panocer 40 mg 28 Enterik Kaplı Tablet;10;3;13;1.053;
09.07.2026;ALLIANCE HEALTHCARE;AH ERZURUM;8680001731626;TÜRKAN ECZANESİ;ERZURUM GUNEY ILCELER;PANOCER;Panocer 40 mg 28 Enterik Kaplı Tablet;5;0;5;527;
09.07.2026;SELÇUK ECZA DEPOSU;SELÇUK ERZURUM;8680001930579;BUKET ECZANESİ;ERZURUM GUNEY ILCELER;PANOCER;Panocer 40 mg 28 Enterik Kaplı Tablet;30;12;42;3.159;
10.07.2026;ALLIANCE HEALTHCARE;AH ERZURUM;8680001114122;YILDIZ ECZANESİ;ERZURUM GUNEY ILCELER;ACİDPASS;Acidpass 10/800/165 mg 12 Çiğneme Tablet;4;0;4;449;
11.07.2026;NEVZAT ECZA DEPOSU;NEVZAT ERZURUM;8680001113989;ZEHRA ECZANESİ;ERZURUM GUNEY ILCELER;PANOCER;Panocer 40 mg 28 Enterik Kaplı Tablet;1;0;1;105;
12.07.2026;ALLIANCE HEALTHCARE;AH ERZURUM;8680001114122;YILDIZ ECZANESİ;ERZURUM GUNEY ILCELER;ACİDPASS;Acidpass 10/800/165 mg 12 Çiğneme Tablet;3;0;3;337;
13.07.2026;ALLIANCE HEALTHCARE;AH ERZURUM;8680001114122;YILDIZ ECZANESİ;ERZURUM GUNEY ILCELER;ACİDPASS;Acidpass 10/800/165 mg 12 Çiğneme Tablet;2;0;2;224;
13.07.2026;ALLIANCE HEALTHCARE;AH ERZURUM;8680001690855;ŞEHR-İ ŞİFA ECZANESİ;ERZURUM GUNEY ILCELER;ACİDPASS;Acidpass 10/800/165 mg 12 Çiğneme Tablet;10;1;11;1.122;
13.07.2026;SELÇUK ECZA DEPOSU;SELÇUK ERZURUM;8680001697311;ŞİFA ECZANESİ;ERZURUM GUNEY ILCELER;ACİDPASS;Acidpass 10/800/165 mg 12 Çiğneme Tablet;10;1;11;1.122;
13.07.2026;ALLIANCE HEALTHCARE;AH ERZURUM;8680001714285;DERMAN ECZANESİ;ERZURUM GUNEY ILCELER;ACİDPASS;Acidpass 10/800/165 mg 12 Çiğneme Tablet;1;0;1;112;
13.07.2026;NEVZAT ECZA DEPOSU;NEVZAT ERZURUM;8680001903429;EFTELYA ECZANESİ;ERZURUM GUNEY ILCELER;ACİDPASS;Acidpass 10/800/165 mg 12 Çiğneme Tablet;2;0;2;224;
13.07.2026;SELÇUK ECZA DEPOSU;SELÇUK ERZURUM;8680001688609;SERHAT ECZANESİ;ERZURUM GUNEY ILCELER;PANOCER;Panocer 40 mg 28 Enterik Kaplı Tablet;30;12;42;3.159;
13.07.2026;SELÇUK ECZA DEPOSU;SELÇUK ERZURUM;8680001714285;DERMAN ECZANESİ;ERZURUM GUNEY ILCELER;PANOCER;Panocer 40 mg 28 Enterik Kaplı Tablet;10;3;13;1.053;
13.07.2026;SELÇUK ECZA DEPOSU;SELÇUK ERZURUM;8680001899371;FIRAT ECZANESİ;ERZURUM GUNEY ILCELER;PANOCER;Panocer 40 mg 28 Enterik Kaplı Tablet;30;12;42;3.159;
14.07.2026;SELÇUK ECZA DEPOSU;SELÇUK ERZURUM;8680001899371;FIRAT ECZANESİ;ERZURUM GUNEY ILCELER;GRİPORT COLD;Griport Cold 20 Film Kaplı Tablet;6;1;7;505;
14.07.2026;ALLIANCE HEALTHCARE;AH ERZURUM;8680001527434;MERYEM ECZANESİ;ERZURUM GUNEY ILCELER;PANOCER;Panocer 40 mg 28 Enterik Kaplı Tablet;10;3;13;1.053;
15.07.2026;ALLIANCE HEALTHCARE;AH ERZURUM;8680001519798;YENİ HİLAL ECZANESİ;ERZURUM GUNEY ILCELER;MOKSEFEN;Moksefen 400 mg 7 Film Tablet;5;1;6;745;
17.07.2026;SELÇUK ECZA DEPOSU;SELÇUK ERZURUM;8680001899371;FIRAT ECZANESİ;ERZURUM GUNEY ILCELER;ACİDPASS;Acidpass 10/800/165 mg 12 Çiğneme Tablet;2;0;2;224;
17.07.2026;ALLIANCE HEALTHCARE;AH ERZURUM;8680001114122;YILDIZ ECZANESİ;ERZURUM GUNEY ILCELER;PANOCER;Panocer 40 mg 28 Enterik Kaplı Tablet;10;3;13;1.053;
18.07.2026;ALLIANCE HEALTHCARE;AH ERZURUM;8680001714285;DERMAN ECZANESİ;ERZURUM GUNEY ILCELER;ACİDPASS;Acidpass 10/800/165 mg 12 Çiğneme Tablet;3;0;3;337;
18.07.2026;SELÇUK ECZA DEPOSU;SELÇUK ERZURUM;8680001931101;GOKNUR ECZ.YAKUTIYE;ERZURUM GUNEY ILCELER;GRİPORT COLD;Griport Cold 20 Film Kaplı Tablet;6;1;7;505;
20.07.2026;ALLIANCE HEALTHCARE;AH ERZURUM;8680001519798;YENİ HİLAL ECZANESİ;ERZURUM GUNEY ILCELER;ACİDPASS;Acidpass 10/800/165 mg 12 Çiğneme Tablet;10;1;11;1.122;
20.07.2026;SELÇUK ECZA DEPOSU;SELÇUK ERZURUM;8680001484409;MERKEZ RESULOĞULLARI ECZANESİ;ERZURUM GUNEY ILCELER;ACİDPASS;Acidpass 10/800/165 mg 12 Çiğneme Tablet;2;0;2;224;
20.07.2026;NEVZAT ECZA DEPOSU;NEVZAT ERZURUM;8680001113989;ZEHRA ECZANESİ;ERZURUM GUNEY ILCELER;GRİPORT COLD;Griport Cold 20 Film Kaplı Tablet;60;40;100;5.049;
20.07.2026;SELÇUK ECZA DEPOSU;SELÇUK ERZURUM;8680001714285;DERMAN ECZANESİ;ERZURUM GUNEY ILCELER;MOKSEFEN;Moksefen 400 mg 7 Film Tablet;5;1;6;745;
22.07.2026;ALLIANCE HEALTHCARE;AH ERZURUM;8680001690855;ŞEHR-İ ŞİFA ECZANESİ;ERZURUM GUNEY ILCELER;PANOCER;Panocer 40 mg 28 Enterik Kaplı Tablet;50;25;75;5.266;
23.07.2026;ALLIANCE HEALTHCARE;AH ERZURUM;8680001168767;PASİNLER ECZANESİ;ERZURUM GUNEY ILCELER;ACİDPASS;Acidpass 10/800/165 mg 12 Çiğneme Tablet;10;1;11;1.122;
23.07.2026;SELÇUK ECZA DEPOSU;SELÇUK ERZURUM;8680001113989;ZEHRA ECZANESİ;ERZURUM GUNEY ILCELER;MOKSEFEN;Moksefen 400 mg 7 Film Tablet;20;10;30;2.980;
23.07.2026;ALLIANCE HEALTHCARE;AH ERZURUM;8680001168767;PASİNLER ECZANESİ;ERZURUM GUNEY ILCELER;PANOCER;Panocer 40 mg 14 Enterik Kaplı Tablet;1;0;1;81;
23.07.2026;ALLIANCE HEALTHCARE;AH ERZURUM;8680001714285;DERMAN ECZANESİ;ERZURUM GUNEY ILCELER;PANOCER;Panocer 40 mg 28 Enterik Kaplı Tablet;10;3;13;1.053;
23.07.2026;SELÇUK ECZA DEPOSU;SELÇUK ERZURUM;8680001907960;DEVA ECZANESİ;ERZURUM GUNEY ILCELER;PANOCER;Panocer 40 mg 28 Enterik Kaplı Tablet;50;25;75;5.266;
24.07.2026;ALLIANCE HEALTHCARE;AH ERZURUM;8680001664368;MERKEZ ECZANESİ;ERZURUM GUNEY ILCELER;ACİDPASS;Acidpass 10/800/165 mg 12 Çiğneme Tablet;2;0;2;224;
24.07.2026;NEVZAT ECZA DEPOSU;NEVZAT ERZURUM;8680001866229;FATİH ECZANESİ;ERZURUM GUNEY ILCELER;ACİDPASS;Acidpass 10/800/165 mg 12 Çiğneme Tablet;3;0;3;337;
24.07.2026;SELÇUK ECZA DEPOSU;SELÇUK ERZURUM;8680001907960;DEVA ECZANESİ;ERZURUM GUNEY ILCELER;ACİDPASS;Acidpass 10/800/165 mg 12 Çiğneme Tablet;10;1;11;1.122;
24.07.2026;ALLIANCE HEALTHCARE;AH ERZURUM;8680001114122;YILDIZ ECZANESİ;ERZURUM GUNEY ILCELER;PANOCER;Panocer 40 mg 28 Enterik Kaplı Tablet;5;0;5;527;
24.07.2026;ALLIANCE HEALTHCARE;AH ERZURUM;8680001114122;YILDIZ ECZANESİ;ERZURUM GUNEY ILCELER;PANOCER;Panocer 40 mg 28 Enterik Kaplı Tablet;10;3;13;1.053;
24.07.2026;ALLIANCE HEALTHCARE;AH ERZURUM;8680001664368;MERKEZ ECZANESİ;ERZURUM GUNEY ILCELER;PANOCER;Panocer 40 mg 28 Enterik Kaplı Tablet;10;3;13;1.053;
27.07.2026;SELÇUK ECZA DEPOSU;SELÇUK ERZURUM;8680001112418;TEKMAN ECZANESİ;ERZURUM GUNEY ILCELER;ACİDPASS;Acidpass 10/800/165 mg 12 Çiğneme Tablet;5;0;5;561;
27.07.2026;SELÇUK ECZA DEPOSU;SELÇUK ERZURUM;8680001707904;ÇİĞDEM ECZANESİ;ERZURUM GUNEY ILCELER;ACİDPASS;Acidpass 10/800/165 mg 12 Çiğneme Tablet;2;0;2;224;
27.07.2026;NEVZAT ECZA DEPOSU;NEVZAT ERZURUM;8680001899371;FIRAT ECZANESİ;ERZURUM GUNEY ILCELER;ACİDPASS;Acidpass 10/800/165 mg 12 Çiğneme Tablet;3;0;3;337;
27.07.2026;SELÇUK ECZA DEPOSU;SELÇUK ERZURUM;8680001753086;DERMAN ECZANESİ;ERZURUM GUNEY ILCELER;GRİPORT COLD;Griport Cold 20 Film Kaplı Tablet;1;0;1;84;
28.07.2026;ALLIANCE HEALTHCARE;AH ERZURUM;8680001114122;YILDIZ ECZANESİ;ERZURUM GUNEY ILCELER;ACİDPASS;Acidpass 10/800/165 mg 12 Çiğneme Tablet;2;0;2;224;
28.07.2026;SELÇUK ECZA DEPOSU;SELÇUK ERZURUM;8680001697311;ŞİFA ECZANESİ;ERZURUM GUNEY ILCELER;PANOCER;Panocer 40 mg 28 Enterik Kaplı Tablet;30;12;42;3.159;
29.07.2026;SELÇUK ECZA DEPOSU;SELÇUK ERZURUM;8680001664368;MERKEZ ECZANESİ;ERZURUM GUNEY ILCELER;PANOCER;Panocer 40 mg 28 Enterik Kaplı Tablet;10;3;13;1.053;
30.07.2026;SELÇUK ECZA DEPOSU;SELÇUK ERZURUM;8680001484409;MERKEZ RESULOĞULLARI ECZANESİ;ERZURUM GUNEY ILCELER;ACİDPASS;Acidpass 10/800/165 mg 12 Çiğneme Tablet;3;0;3;337;
30.07.2026;ALLIANCE HEALTHCARE;AH ERZURUM;8680001114122;YILDIZ ECZANESİ;ERZURUM GUNEY ILCELER;PANOCER;Panocer 40 mg 28 Enterik Kaplı Tablet;2;0;2;211;
31.07.2026;ALLIANCE HEALTHCARE;AH ERZURUM;8680001117888;YILDIRIM ECZANESİ;ERZURUM GUNEY ILCELER;ACİDPASS;Acidpass 10/800/165 mg 12 Çiğneme Tablet;1;0;1;112;
31.07.2026;NEVZAT ECZA DEPOSU;NEVZAT ERZURUM;8680001734672;BEYOĞLU ECZANESİ;ERZURUM GUNEY ILCELER;ACİDPASS;Acidpass 10/800/165 mg 12 Çiğneme Tablet;10;1;11;1.122;
31.07.2026;SELÇUK ECZA DEPOSU;SELÇUK ERZURUM;8680001878291;ASYA ECZ.ERZURUM;ERZURUM GUNEY ILCELER;FAMTREC;Famtrec 800/26,6mg 14 Film Kaplı Tablet;1;0;1;102;
31.07.2026;SELÇUK ECZA DEPOSU;SELÇUK ERZURUM;8680001688609;SERHAT ECZANESİ;ERZURUM GUNEY ILCELER;PANOCER;Panocer 40 mg 28 Enterik Kaplı Tablet;-10;-3;-13;-1.053;
31.07.2026;NEVZAT ECZA DEPOSU;NEVZAT ERZURUM;8680001731169;ÇAT ECZANESİ;ERZURUM GUNEY ILCELER;PANOCER;Panocer 40 mg 28 Enterik Kaplı Tablet;5;0;5;527;
01.07.2026;ALLIANCE HEALTHCARE;AH ERZURUM;8680001553556;PAZARYOLU ECZANESİ;ERZURUM KUZEY ILCELER;ACİDPASS;Acidpass 10/800/165 mg 12 Çiğneme Tablet;10;1;11;1.122;
01.07.2026;ALLIANCE HEALTHCARE;AH ERZURUM;8680001304837;DOST ECZANESİ;ERZURUM KUZEY ILCELER;ACİDPASS;Acidpass 10/800/165 mg 6 Çiğneme Tablet;2;0;2;138;
01.07.2026;SELÇUK ECZA DEPOSU;SELÇUK ERZURUM;8680001903122;AKŞAR ECZANESİ;ERZURUM KUZEY ILCELER;PANOCER;Panocer 40 mg 28 Enterik Kaplı Tablet;165;135;300;17.377;
02.07.2026;SELÇUK ECZA DEPOSU;SELÇUK ERZURUM;8680001516544;KARAHAN ECZANESİ;ERZURUM KUZEY ILCELER;ACİDPASS;Acidpass 10/800/165 mg 12 Çiğneme Tablet;1;0;1;112;
02.07.2026;ALLIANCE HEALTHCARE;AH ERZURUM;8680001636969;BİLEN ECZANESİ;ERZURUM KUZEY ILCELER;ACİDPASS;Acidpass 10/800/165 mg 12 Çiğneme Tablet;4;0;4;449;
02.07.2026;SELÇUK ECZA DEPOSU;SELÇUK ERZURUM;8680001906468;ZEYNEP ECZANESİ;ERZURUM KUZEY ILCELER;ACİDPASS;Acidpass 10/800/165 mg 12 Çiğneme Tablet;-10;-1;-11;-1.122;
02.07.2026;ALLIANCE HEALTHCARE;AH ERZURUM;8680001114917;ÖZNUR ECZANESİ;ERZURUM KUZEY ILCELER;PANOCER;Panocer 40 mg 28 Enterik Kaplı Tablet;10;3;13;1.053;
02.07.2026;ALLIANCE HEALTHCARE;AH ERZURUM;8680001116539;ŞİFA ECZANESİ;ERZURUM KUZEY ILCELER;PANOCER;Panocer 40 mg 28 Enterik Kaplı Tablet;165;135;300;17.377;
02.07.2026;SELÇUK ECZA DEPOSU;SELÇUK ERZURUM;8680001832323;TAŞBAŞI ECZANESİ;ERZURUM KUZEY ILCELER;PANOCER;Panocer 40 mg 28 Enterik Kaplı Tablet;100;60;160;10.531;
03.07.2026;SELÇUK ECZA DEPOSU;SELÇUK ERZURUM;8680001782918;GÜLSÜM ÇEKEN ECZANESİ;ERZURUM KUZEY ILCELER;ACİDPASS;Acidpass 10/800/165 mg 12 Çiğneme Tablet;5;0;5;561;
03.07.2026;ALLIANCE HEALTHCARE;AH ERZURUM;8680001425525;ÖRTÜLÜ ECZANESİ;ERZURUM KUZEY ILCELER;PANOCER;Panocer 40 mg 28 Enterik Kaplı Tablet;50;25;75;5.266;
04.07.2026;SELÇUK ECZA DEPOSU;SELÇUK ERZURUM;8680001627301;ÖMER FARUK ECZANESİ;ERZURUM KUZEY ILCELER;ACİDPASS;Acidpass 10/800/165 mg 12 Çiğneme Tablet;5;0;5;561;
05.07.2026;NEVZAT ECZA DEPOSU;NEVZAT ERZURUM;8680001758524;ÜSTÜN ECZANESİ;ERZURUM KUZEY ILCELER;GRİPORT COLD;Griport Cold 20 Film Kaplı Tablet;6;1;7;505;
05.07.2026;SELÇUK ECZA DEPOSU;SELÇUK ERZURUM;8680001238750;BÜYÜK NARMAN ECZANESİ;ERZURUM KUZEY ILCELER;PANOCER;Panocer 40 mg 28 Enterik Kaplı Tablet;30;12;42;3.159;
07.07.2026;ALLIANCE HEALTHCARE;AH ERZURUM;8680001118083;YAĞMUR ECZANESİ;ERZURUM KUZEY ILCELER;ACİDPASS;Acidpass 10/800/165 mg 12 Çiğneme Tablet;10;1;11;1.122;
07.07.2026;NEVZAT ECZA DEPOSU;NEVZAT ERZURUM;8680001129805;ÖZTÜRK ECZANESİ;ERZURUM KUZEY ILCELER;ACİDPASS;Acidpass 10/800/165 mg 12 Çiğneme Tablet;10;1;11;1.122;
07.07.2026;SELÇUK ECZA DEPOSU;SELÇUK ERZURUM;8680001545353;BUĞRAHAN ECZANESİ;ERZURUM KUZEY ILCELER;ACİDPASS;Acidpass 10/800/165 mg 6 Çiğneme Tablet;1;0;1;69;
07.07.2026;NEVZAT ECZA DEPOSU;NEVZAT ERZURUM;8680001487967;AŞKALE ECZANESİ;ERZURUM KUZEY ILCELER;GRİPORT COLD;Griport Cold 20 Film Kaplı Tablet;3;0;3;252;
07.07.2026;SELÇUK ECZA DEPOSU;SELÇUK ERZURUM;8680001636969;BİLEN ECZANESİ;ERZURUM KUZEY ILCELER;GRİPORT COLD;Griport Cold 20 Film Kaplı Tablet;4;0;4;337;
07.07.2026;NEVZAT ECZA DEPOSU;NEVZAT ERZURUM;8680001672851;EBRAR ECZANESİ;ERZURUM KUZEY ILCELER;GRİPORT COLD;Griport Cold 20 Film Kaplı Tablet;6;1;7;505;
07.07.2026;SELÇUK ECZA DEPOSU;SELÇUK ERZURUM;8680001116478;GÖKÇE ECZANESİ;ERZURUM KUZEY ILCELER;PANOCER;Panocer 40 mg 28 Enterik Kaplı Tablet;165;135;300;17.377;
08.07.2026;SELÇUK ECZA DEPOSU;SELÇUK ERZURUM;8680001449804;HİLAL ECZANESİ;ERZURUM KUZEY ILCELER;ACİDPASS;Acidpass 10/800/165 mg 12 Çiğneme Tablet;10;1;11;1.122;
08.07.2026;NEVZAT ECZA DEPOSU;NEVZAT ERZURUM;8680001516544;KARAHAN ECZANESİ;ERZURUM KUZEY ILCELER;ACİDPASS;Acidpass 10/800/165 mg 12 Çiğneme Tablet;2;0;2;224;
08.07.2026;SELÇUK ECZA DEPOSU;SELÇUK ERZURUM;8680001605194;DADAŞKENT ECZANESİ;ERZURUM KUZEY ILCELER;ACİDPASS;Acidpass 10/800/165 mg 12 Çiğneme Tablet;10;1;11;1.122;
08.07.2026;SELÇUK ECZA DEPOSU;SELÇUK ERZURUM;8680001516544;KARAHAN ECZANESİ;ERZURUM KUZEY ILCELER;GRİPORT COLD;Griport Cold 20 Film Kaplı Tablet;2;0;2;168;
08.07.2026;SELÇUK ECZA DEPOSU;SELÇUK ERZURUM;8680001129805;ÖZTÜRK ECZANESİ;ERZURUM KUZEY ILCELER;PANOCER;Panocer 40 mg 28 Enterik Kaplı Tablet;30;12;42;3.159;
08.07.2026;SELÇUK ECZA DEPOSU;SELÇUK ERZURUM;8680001126866;YAYLA ECZANESİ;ERZURUM KUZEY ILCELER;PANOCER;Panocer 40 mg 28 Enterik Kaplı Tablet;10;3;13;1.053;
08.07.2026;SELÇUK ECZA DEPOSU;SELÇUK ERZURUM;8680001129669;ÇAMLICA ECZANESİ;ERZURUM KUZEY ILCELER;PANOCER;Panocer 40 mg 28 Enterik Kaplı Tablet;8;0;8;843;
08.07.2026;SELÇUK ECZA DEPOSU;SELÇUK ERZURUM;8680001627301;ÖMER FARUK ECZANESİ;ERZURUM KUZEY ILCELER;PANOCER;Panocer 40 mg 28 Enterik Kaplı Tablet;50;25;75;5.266;
09.07.2026;NEVZAT ECZA DEPOSU;NEVZAT ERZURUM;8680001516544;KARAHAN ECZANESİ;ERZURUM KUZEY ILCELER;GRİPORT COLD;Griport Cold 20 Film Kaplı Tablet;2;0;2;168;
10.07.2026;SELÇUK ECZA DEPOSU;SELÇUK ERZURUM;8680001636969;BİLEN ECZANESİ;ERZURUM KUZEY ILCELER;PANOCER;Panocer 40 mg 28 Enterik Kaplı Tablet;4;0;4;421;
12.07.2026;ALLIANCE HEALTHCARE;AH ERZURUM;8680001114917;ÖZNUR ECZANESİ;ERZURUM KUZEY ILCELER;ACİDPASS;Acidpass 10/800/165 mg 12 Çiğneme Tablet;1;0;1;112;
14.07.2026;SELÇUK ECZA DEPOSU;SELÇUK ERZURUM;8680001116478;GÖKÇE ECZANESİ;ERZURUM KUZEY ILCELER;ACİDPASS;Acidpass 10/800/165 mg 12 Çiğneme Tablet;10;1;11;1.122;
14.07.2026;ALLIANCE HEALTHCARE;AH ERZURUM;8680001376940;BİZİM ECZANESİ;ERZURUM KUZEY ILCELER;ACİDPASS;Acidpass 10/800/165 mg 12 Çiğneme Tablet;2;0;2;224;
14.07.2026;ALLIANCE HEALTHCARE;AH ERZURUM;8680001627813;UZUNOĞLU ECZANESİ;ERZURUM KUZEY ILCELER;ACİDPASS;Acidpass 10/800/165 mg 12 Çiğneme Tablet;5;0;5;561;
14.07.2026;ALLIANCE HEALTHCARE;AH ERZURUM;8680001627813;UZUNOĞLU ECZANESİ;ERZURUM KUZEY ILCELER;ACİDPASS;Acidpass 10/800/165 mg 12 Çiğneme Tablet;5;0;5;561;
14.07.2026;ALLIANCE HEALTHCARE;AH ERZURUM;8680001642847;MERKEZ ECZANESİ;ERZURUM KUZEY ILCELER;GRİPORT COLD;Griport Cold 20 Film Kaplı Tablet;1;0;1;84;
16.07.2026;ALLIANCE HEALTHCARE;AH ERZURUM;8680001114917;ÖZNUR ECZANESİ;ERZURUM KUZEY ILCELER;ACİDPASS;Acidpass 10/800/165 mg 12 Çiğneme Tablet;1;0;1;112;
16.07.2026;ALLIANCE HEALTHCARE;AH ERZURUM;8680001114917;ÖZNUR ECZANESİ;ERZURUM KUZEY ILCELER;ACİDPASS;Acidpass 10/800/165 mg 12 Çiğneme Tablet;1;0;1;112;
17.07.2026;SELÇUK ECZA DEPOSU;SELÇUK ERZURUM;8680001636969;BİLEN ECZANESİ;ERZURUM KUZEY ILCELER;GRİPORT COLD;Griport Cold 20 Film Kaplı Tablet;1;0;1;84;
20.07.2026;ALLIANCE HEALTHCARE;AH ERZURUM;8680001469963;YENİ BURÇAK ECZANESİ;ERZURUM KUZEY ILCELER;ACİDPASS;Acidpass 10/800/165 mg 12 Çiğneme Tablet;10;1;11;1.122;
20.07.2026;ALLIANCE HEALTHCARE;AH ERZURUM;8680001627301;ÖMER FARUK ECZANESİ;ERZURUM KUZEY ILCELER;ACİDPASS;Acidpass 10/800/165 mg 12 Çiğneme Tablet;3;0;3;337;
20.07.2026;SELÇUK ECZA DEPOSU;SELÇUK ERZURUM;8680001699117;ENES ECZANESİ;ERZURUM KUZEY ILCELER;ACİDPASS;Acidpass 10/800/165 mg 12 Çiğneme Tablet;3;0;3;337;
20.07.2026;ALLIANCE HEALTHCARE;AH ERZURUM;8680001447138;ILICA ECZANESİ;ERZURUM KUZEY ILCELER;GRİPORT COLD;Griport Cold 20 Film Kaplı Tablet;6;1;7;505;
20.07.2026;ALLIANCE HEALTHCARE;AH ERZURUM;8680001744046;FATOŞ ECZANESİ;ERZURUM KUZEY ILCELER;GRİPORT COLD;Griport Cold 20 Film Kaplı Tablet;1;0;1;84;
20.07.2026;ALLIANCE HEALTHCARE;AH ERZURUM;8680001116867;OLTU ECZANESİ;ERZURUM KUZEY ILCELER;MOKSEFEN;Moksefen 400 mg 7 Film Tablet;20;10;30;2.980;
20.07.2026;ALLIANCE HEALTHCARE;AH ERZURUM;8680001118083;YAĞMUR ECZANESİ;ERZURUM KUZEY ILCELER;PANOCER;Panocer 40 mg 28 Enterik Kaplı Tablet;10;3;13;1.053;
20.07.2026;SELÇUK ECZA DEPOSU;SELÇUK ERZURUM;8680001636969;BİLEN ECZANESİ;ERZURUM KUZEY ILCELER;PANOCER;Panocer 40 mg 28 Enterik Kaplı Tablet;5;0;5;527;
20.07.2026;ALLIANCE HEALTHCARE;AH ERZURUM;8680001627301;ÖMER FARUK ECZANESİ;ERZURUM KUZEY ILCELER;PANOCER;Panocer 40 mg 28 Enterik Kaplı Tablet;30;12;42;3.159;
21.07.2026;ALLIANCE HEALTHCARE;AH ERZURUM;8680001447138;ILICA ECZANESİ;ERZURUM KUZEY ILCELER;ACİDPASS;Acidpass 10/800/165 mg 12 Çiğneme Tablet;3;0;3;337;
21.07.2026;SELÇUK ECZA DEPOSU;SELÇUK ERZURUM;8680001447350;LATİF ECZANESİ;ERZURUM KUZEY ILCELER;ACİDPASS;Acidpass 10/800/165 mg 12 Çiğneme Tablet;3;0;3;337;
22.07.2026;SELÇUK ECZA DEPOSU;SELÇUK ERZURUM;8680001636969;BİLEN ECZANESİ;ERZURUM KUZEY ILCELER;FAMTREC;Famtrec 800/26,6mg 14 Film Kaplı Tablet;1;0;1;102;
22.07.2026;SELÇUK ECZA DEPOSU;SELÇUK ERZURUM;8680001849109;İSPİR ECZANESİ;ERZURUM KUZEY ILCELER;PANOCER;Panocer 40 mg 28 Enterik Kaplı Tablet;50;25;75;5.266;
24.07.2026;SELÇUK ECZA DEPOSU;SELÇUK ERZURUM;8680001834662;TORTUM ECZANESİ;ERZURUM KUZEY ILCELER;ACİDPASS;Acidpass 10/800/165 mg 12 Çiğneme Tablet;1;0;1;112;
24.07.2026;SELÇUK ECZA DEPOSU;SELÇUK ERZURUM;8680001116478;GÖKÇE ECZANESİ;ERZURUM KUZEY ILCELER;MOKSEFEN;Moksefen 400 mg 7 Film Tablet;5;1;6;745;
24.07.2026;SELÇUK ECZA DEPOSU;SELÇUK ERZURUM;8680001636969;BİLEN ECZANESİ;ERZURUM KUZEY ILCELER;PANOCER;Panocer 40 mg 28 Enterik Kaplı Tablet;5;0;5;527;
27.07.2026;NEVZAT ECZA DEPOSU;NEVZAT ERZURUM;8680001545353;BUĞRAHAN ECZANESİ;ERZURUM KUZEY ILCELER;ACİDPASS;Acidpass 10/800/165 mg 12 Çiğneme Tablet;10;1;11;1.122;
27.07.2026;SELÇUK ECZA DEPOSU;SELÇUK ERZURUM;8680001116935;DERYA ECZANESİ;ERZURUM KUZEY ILCELER;PANOCER;Panocer 40 mg 28 Enterik Kaplı Tablet;10;3;13;1.053;
28.07.2026;NEVZAT ECZA DEPOSU;NEVZAT ERZURUM;8680001699117;ENES ECZANESİ;ERZURUM KUZEY ILCELER;ACİDPASS;Acidpass 10/800/165 mg 12 Çiğneme Tablet;3;0;3;337;
28.07.2026;ALLIANCE HEALTHCARE;AH ERZURUM;8680001744046;FATOŞ ECZANESİ;ERZURUM KUZEY ILCELER;GRİPORT COLD;Griport Cold 20 Film Kaplı Tablet;6;1;7;505;
28.07.2026;ALLIANCE HEALTHCARE;AH ERZURUM;8680001527472;CAN ECZANESİ;ERZURUM KUZEY ILCELER;PANOCER;Panocer 40 mg 28 Enterik Kaplı Tablet;30;12;42;3.159;
29.07.2026;NEVZAT ECZA DEPOSU;NEVZAT ERZURUM;8680001481491;ÇAĞLA ECZANESİ;ERZURUM KUZEY ILCELER;ACİDPASS;Acidpass 10/800/165 mg 12 Çiğneme Tablet;10;1;11;1.122;
29.07.2026;SELÇUK ECZA DEPOSU;SELÇUK ERZURUM;8680001758524;ÜSTÜN ECZANESİ;ERZURUM KUZEY ILCELER;ACİDPASS;Acidpass 10/800/165 mg 12 Çiğneme Tablet;2;0;2;224;
30.07.2026;SELÇUK ECZA DEPOSU;SELÇUK ERZURUM;8680001627301;ÖMER FARUK ECZANESİ;ERZURUM KUZEY ILCELER;ACİDPASS;Acidpass 10/800/165 mg 12 Çiğneme Tablet;10;1;11;1.122;
30.07.2026;SELÇUK ECZA DEPOSU;SELÇUK ERZURUM;8680001834662;TORTUM ECZANESİ;ERZURUM KUZEY ILCELER;ACİDPASS;Acidpass 10/800/165 mg 12 Çiğneme Tablet;1;0;1;112;
30.07.2026;ALLIANCE HEALTHCARE;AH ERZURUM;8680001425525;ÖRTÜLÜ ECZANESİ;ERZURUM KUZEY ILCELER;PANOCER;Panocer 40 mg 28 Enterik Kaplı Tablet;10;3;13;1.053;
31.07.2026;SELÇUK ECZA DEPOSU;SELÇUK ERZURUM;8680001627301;ÖMER FARUK ECZANESİ;ERZURUM KUZEY ILCELER;PANOCER;Panocer 40 mg 28 Enterik Kaplı Tablet;10;3;13;1.053;
01.07.2026;SELÇUK ECZA DEPOSU;SELÇUK ERZURUM;8680001103461;ADA ECZANESİ;ERZURUM MERKEZ -1;GRİPORT COLD;Griport Cold 20 Film Kaplı Tablet;6;1;7;505;
01.07.2026;SELÇUK ECZA DEPOSU;SELÇUK ERZURUM;8680001698394;GÖZDE ECZANESİ;ERZURUM MERKEZ -1;GRİPORT COLD;Griport Cold 20 Film Kaplı Tablet;1;0;1;84;
01.07.2026;ALLIANCE HEALTHCARE;AH ERZURUM;8680001698394;GÖZDE ECZANESİ;ERZURUM MERKEZ -1;MOKSEFEN;Moksefen 400 mg 7 Film Tablet;1;0;1;149;
01.07.2026;NEVZAT ECZA DEPOSU;NEVZAT ERZURUM;8680001718238;TEBESSÜM ECZANESİ;ERZURUM MERKEZ -1;PANOCER;Panocer 40 mg 28 Enterik Kaplı Tablet;10;3;13;1.053;
02.07.2026;NEVZAT ECZA DEPOSU;NEVZAT ERZURUM;8680001530403;CEVİZ ECZANESİ;ERZURUM MERKEZ -1;ACİDPASS;Acidpass 10/800/165 mg 12 Çiğneme Tablet;10;1;11;1.122;
02.07.2026;SELÇUK ECZA DEPOSU;SELÇUK ERZURUM;8680001109531;HÜRRİYET ECZANESİ;ERZURUM MERKEZ -1;GRİPORT COLD;Griport Cold 20 Film Kaplı Tablet;6;1;7;505;
02.07.2026;ALLIANCE HEALTHCARE;AH ERZURUM;8680001646807;HASTANELER ECZANESİ;ERZURUM MERKEZ -1;PANOCER;Panocer 40 mg 28 Enterik Kaplı Tablet;10;3;13;1.053;
03.07.2026;ALLIANCE HEALTHCARE;AH ERZURUM;8680001101290;UYGUR ECZANESİ;ERZURUM MERKEZ -1;ACİDPASS;Acidpass 10/800/165 mg 12 Çiğneme Tablet;3;0;3;337;
06.07.2026;SELÇUK ECZA DEPOSU;SELÇUK ERZURUM;8680001506668;GÜLAKAR ECZANESİ;ERZURUM MERKEZ -1;ACİDPASS;Acidpass 10/800/165 mg 12 Çiğneme Tablet;10;1;11;1.122;
06.07.2026;SELÇUK ECZA DEPOSU;SELÇUK ERZURUM;8680001646463;TİMUR ECZANESİ;ERZURUM MERKEZ -1;ACİDPASS;Acidpass 10/800/165 mg 6 Çiğneme Tablet;2;0;2;138;
07.07.2026;ALLIANCE HEALTHCARE;AH ERZURUM;8680001530403;CEVİZ ECZANESİ;ERZURUM MERKEZ -1;GRİPORT COLD;Griport Cold 20 Film Kaplı Tablet;3;0;3;252;
08.07.2026;NEVZAT ECZA DEPOSU;NEVZAT ERZURUM;8680001430031;ERZURUM ECZANESİ;ERZURUM MERKEZ -1;ACİDPASS;Acidpass 10/800/165 mg 12 Çiğneme Tablet;2;0;2;224;
08.07.2026;SELÇUK ECZA DEPOSU;SELÇUK ERZURUM;8680001698394;GÖZDE ECZANESİ;ERZURUM MERKEZ -1;ACİDPASS;Acidpass 10/800/165 mg 12 Çiğneme Tablet;1;0;1;112;
08.07.2026;ALLIANCE HEALTHCARE;AH ERZURUM;8680001430031;ERZURUM ECZANESİ;ERZURUM MERKEZ -1;GRİPORT COLD;Griport Cold 20 Film Kaplı Tablet;2;0;2;168;
08.07.2026;SELÇUK ECZA DEPOSU;SELÇUK ERZURUM;8680001698394;GÖZDE ECZANESİ;ERZURUM MERKEZ -1;GRİPORT COLD;Griport Cold 20 Film Kaplı Tablet;1;0;1;84;
08.07.2026;ALLIANCE HEALTHCARE;AH ERZURUM;8680001121328;KAYA ECZANESİ;ERZURUM MERKEZ -1;GRİPORT COLD;Griport Cold 20 Film Kaplı Tablet;3;0;3;252;
08.07.2026;NEVZAT ECZA DEPOSU;NEVZAT ERZURUM;8680001698394;GÖZDE ECZANESİ;ERZURUM MERKEZ -1;MOKSEFEN;Moksefen 400 mg 7 Film Tablet;1;0;1;149;
09.07.2026;SELÇUK ECZA DEPOSU;SELÇUK ERZURUM;8680001646807;HASTANELER ECZANESİ;ERZURUM MERKEZ -1;ACİDPASS;Acidpass 10/800/165 mg 12 Çiğneme Tablet;10;1;11;1.122;
09.07.2026;SELÇUK ECZA DEPOSU;SELÇUK ERZURUM;8680001112661;HİLALKENT ECZANESİ;ERZURUM MERKEZ -1;FAMTREC;Famtrec 800/26,6mg 14 Film Kaplı Tablet;5;1;6;511;
09.07.2026;SELÇUK ECZA DEPOSU;SELÇUK ERZURUM;8680001735341;DENİZ ECZANESİ;ERZURUM MERKEZ -1;GRİPORT COLD;Griport Cold 20 Film Kaplı Tablet;6;1;7;505;
09.07.2026;NEVZAT ECZA DEPOSU;NEVZAT ERZURUM;8680001122127;SULTAN ECZANESİ;ERZURUM MERKEZ -1;PANOCER;Panocer 40 mg 28 Enterik Kaplı Tablet;30;12;42;3.159;
09.07.2026;NEVZAT ECZA DEPOSU;NEVZAT ERZURUM;8680001109388;SU ECZANESİ;ERZURUM MERKEZ -1;PANOCER;Panocer 40 mg 28 Enterik Kaplı Tablet;50;25;75;5.266;
10.07.2026;ALLIANCE HEALTHCARE;AH ERZURUM;8680001111664;GEZ ECZANESİ;ERZURUM MERKEZ -1;ACİDPASS;Acidpass 10/800/165 mg 12 Çiğneme Tablet;10;1;11;1.122;
10.07.2026;SELÇUK ECZA DEPOSU;SELÇUK ERZURUM;8680001646807;HASTANELER ECZANESİ;ERZURUM MERKEZ -1;GRİPORT COLD;Griport Cold 20 Film Kaplı Tablet;12;4;16;1.010;
13.07.2026;SELÇUK ECZA DEPOSU;SELÇUK ERZURUM;8680001108930;BAYSAL ECZANESİ;ERZURUM MERKEZ -1;ACİDPASS;Acidpass 10/800/165 mg 12 Çiğneme Tablet;2;0;2;224;
13.07.2026;SELÇUK ECZA DEPOSU;SELÇUK ERZURUM;8680001698394;GÖZDE ECZANESİ;ERZURUM MERKEZ -1;ACİDPASS;Acidpass 10/800/165 mg 12 Çiğneme Tablet;2;0;2;224;
14.07.2026;SELÇUK ECZA DEPOSU;SELÇUK ERZURUM;8680001480685;BAHAR ECZANESİ;ERZURUM MERKEZ -1;ACİDPASS;Acidpass 10/800/165 mg 6 Çiğneme Tablet;2;0;2;138;
17.07.2026;ALLIANCE HEALTHCARE;AH ERZURUM;8680001101146;DOĞU ECZANESİ;ERZURUM MERKEZ -1;ACİDPASS;Acidpass 10/800/165 mg 12 Çiğneme Tablet;10;1;11;1.122;
17.07.2026;ALLIANCE HEALTHCARE;AH ERZURUM;8680001101290;UYGUR ECZANESİ;ERZURUM MERKEZ -1;ACİDPASS;Acidpass 10/800/165 mg 12 Çiğneme Tablet;2;0;2;224;
17.07.2026;ALLIANCE HEALTHCARE;AH ERZURUM;8680001525478;TUĞÇE ECZANESİ;ERZURUM MERKEZ -1;ACİDPASS;Acidpass 10/800/165 mg 12 Çiğneme Tablet;10;1;11;1.122;
17.07.2026;SELÇUK ECZA DEPOSU;SELÇUK ERZURUM;8680001506668;GÜLAKAR ECZANESİ;ERZURUM MERKEZ -1;GRİPORT COLD;Griport Cold 20 Film Kaplı Tablet;2;0;2;168;
17.07.2026;SELÇUK ECZA DEPOSU;SELÇUK ERZURUM;8680001698394;GÖZDE ECZANESİ;ERZURUM MERKEZ -1;GRİPORT COLD;Griport Cold 20 Film Kaplı Tablet;1;0;1;84;
17.07.2026;SELÇUK ECZA DEPOSU;SELÇUK ERZURUM;8680001735341;DENİZ ECZANESİ;ERZURUM MERKEZ -1;PANOCER;Panocer 40 mg 28 Enterik Kaplı Tablet;10;3;13;1.053;
18.07.2026;ALLIANCE HEALTHCARE;AH ERZURUM;8680001506668;GÜLAKAR ECZANESİ;ERZURUM MERKEZ -1;GRİPORT COLD;Griport Cold 20 Film Kaplı Tablet;1;0;1;84;
20.07.2026;SELÇUK ECZA DEPOSU;SELÇUK ERZURUM;8680001122127;SULTAN ECZANESİ;ERZURUM MERKEZ -1;ACİDPASS;Acidpass 10/800/165 mg 12 Çiğneme Tablet;10;1;11;1.122;
20.07.2026;NEVZAT ECZA DEPOSU;NEVZAT ERZURUM;8680001530403;CEVİZ ECZANESİ;ERZURUM MERKEZ -1;GRİPORT COLD;Griport Cold 20 Film Kaplı Tablet;1;0;1;84;
20.07.2026;ALLIANCE HEALTHCARE;AH ERZURUM;8680001698394;GÖZDE ECZANESİ;ERZURUM MERKEZ -1;MOKSEFEN;Moksefen 400 mg 7 Film Tablet;1;0;1;149;
21.07.2026;NEVZAT ECZA DEPOSU;NEVZAT ERZURUM;8680001101290;UYGUR ECZANESİ;ERZURUM MERKEZ -1;GRİPORT COLD;Griport Cold 20 Film Kaplı Tablet;6;1;7;505;
22.07.2026;SELÇUK ECZA DEPOSU;SELÇUK ERZURUM;8680001698394;GÖZDE ECZANESİ;ERZURUM MERKEZ -1;ACİDPASS;Acidpass 10/800/165 mg 12 Çiğneme Tablet;2;0;2;224;
23.07.2026;SELÇUK ECZA DEPOSU;SELÇUK ERZURUM;8680001116003;ERENLER ECZANESİ;ERZURUM MERKEZ -1;ACİDPASS;Acidpass 10/800/165 mg 12 Çiğneme Tablet;3;0;3;337;
23.07.2026;NEVZAT ECZA DEPOSU;NEVZAT ERZURUM;8680001101290;UYGUR ECZANESİ;ERZURUM MERKEZ -1;ACİDPASS;Acidpass 10/800/165 mg 6 Çiğneme Tablet;3;0;3;207;
24.07.2026;ALLIANCE HEALTHCARE;AH ERZURUM;8680001646463;TİMUR ECZANESİ;ERZURUM MERKEZ -1;ACİDPASS;Acidpass 10/800/165 mg 12 Çiğneme Tablet;4;0;4;449;
24.07.2026;SELÇUK ECZA DEPOSU;SELÇUK ERZURUM;8680001126392;MERKEZ ECZANESİ;ERZURUM MERKEZ -1;GRİPORT COLD;Griport Cold 20 Film Kaplı Tablet;6;1;7;505;
24.07.2026;SELÇUK ECZA DEPOSU;SELÇUK ERZURUM;8680001698394;GÖZDE ECZANESİ;ERZURUM MERKEZ -1;MOKSEFEN;Moksefen 400 mg 7 Film Tablet;5;1;6;745;
24.07.2026;ALLIANCE HEALTHCARE;AH ERZURUM;8680001103461;ADA ECZANESİ;ERZURUM MERKEZ -1;PANOCER;Panocer 40 mg 28 Enterik Kaplı Tablet;5;0;5;527;
24.07.2026;SELÇUK ECZA DEPOSU;SELÇUK ERZURUM;8680001698394;GÖZDE ECZANESİ;ERZURUM MERKEZ -1;PANOCER;Panocer 40 mg 28 Enterik Kaplı Tablet;10;3;13;1.053;
27.07.2026;SELÇUK ECZA DEPOSU;SELÇUK ERZURUM;8680001735341;DENİZ ECZANESİ;ERZURUM MERKEZ -1;ACİDPASS;Acidpass 10/800/165 mg 12 Çiğneme Tablet;4;0;4;449;
27.07.2026;NEVZAT ECZA DEPOSU;NEVZAT ERZURUM;8680001111664;GEZ ECZANESİ;ERZURUM MERKEZ -1;PANOCER;Panocer 40 mg 28 Enterik Kaplı Tablet;10;3;13;1.053;
28.07.2026;SELÇUK ECZA DEPOSU;SELÇUK ERZURUM;8680001469550;BAKAN ECZANESİ;ERZURUM MERKEZ -1;ACİDPASS;Acidpass 10/800/165 mg 12 Çiğneme Tablet;5;0;5;561;
28.07.2026;ALLIANCE HEALTHCARE;AH ERZURUM;8680001698394;GÖZDE ECZANESİ;ERZURUM MERKEZ -1;GRİPORT COLD;Griport Cold 20 Film Kaplı Tablet;1;0;1;84;
29.07.2026;NEVZAT ECZA DEPOSU;NEVZAT ERZURUM;8680001122127;SULTAN ECZANESİ;ERZURUM MERKEZ -1;GRİPORT COLD;Griport Cold 20 Film Kaplı Tablet;6;1;7;505;
30.07.2026;ALLIANCE HEALTHCARE;AH ERZURUM;8680001430031;ERZURUM ECZANESİ;ERZURUM MERKEZ -1;ACİDPASS;Acidpass 10/800/165 mg 12 Çiğneme Tablet;2;0;2;224;
31.07.2026;SELÇUK ECZA DEPOSU;SELÇUK ERZURUM;8680001646463;TİMUR ECZANESİ;ERZURUM MERKEZ -1;ACİDPASS;Acidpass 10/800/165 mg 12 Çiğneme Tablet;3;0;3;337;
31.07.2026;ALLIANCE HEALTHCARE;AH ERZURUM;8680001676064;KOMBİNA ECZANESİ;ERZURUM MERKEZ -1;FAMTREC;Famtrec 800/26,6mg 14 Film Kaplı Tablet;1;0;1;102;
31.07.2026;SELÇUK ECZA DEPOSU;SELÇUK ERZURUM;8680001698394;GÖZDE ECZANESİ;ERZURUM MERKEZ -1;GRİPORT COLD;Griport Cold 20 Film Kaplı Tablet;1;0;1;84;
01.07.2026;NEVZAT ECZA DEPOSU;NEVZAT ERZURUM;8680001111268;SEVGİ ECZANESİ;ERZURUM MERKEZ -2;ACİDPASS;Acidpass 10/800/165 mg 12 Çiğneme Tablet;10;1;11;1.122;
01.07.2026;ALLIANCE HEALTHCARE;AH ERZURUM;8680001625963;PINAR ECZANESİ;ERZURUM MERKEZ -2;ACİDPASS;Acidpass 10/800/165 mg 12 Çiğneme Tablet;10;1;11;1.122;
01.07.2026;SELÇUK ECZA DEPOSU;SELÇUK ERZURUM;8680001739394;SARE ECZANESİ;ERZURUM MERKEZ -2;ACİDPASS;Acidpass 10/800/165 mg 12 Çiğneme Tablet;10;1;11;1.122;
01.07.2026;SELÇUK ECZA DEPOSU;SELÇUK ERZURUM;8680001387571;POLAT ECZANESİ;ERZURUM MERKEZ -2;PANOCER;Panocer 40 mg 28 Enterik Kaplı Tablet;10;3;13;1.053;
08.07.2026;ALLIANCE HEALTHCARE;AH ERZURUM;8680001868513;KONGRE EZCANESİ;ERZURUM MERKEZ -2;ACİDPASS;Acidpass 10/800/165 mg 12 Çiğneme Tablet;10;1;11;1.122;
08.07.2026;NEVZAT ECZA DEPOSU;NEVZAT ERZURUM;8680001461868;ÇINAR ECZANESİ;ERZURUM MERKEZ -2;PANOCER;Panocer 40 mg 28 Enterik Kaplı Tablet;10;3;13;1.053;
08.07.2026;ALLIANCE HEALTHCARE;AH ERZURUM;8680001868513;KONGRE EZCANESİ;ERZURUM MERKEZ -2;PANOCER;Panocer 40 mg 28 Enterik Kaplı Tablet;30;12;42;3.159;
09.07.2026;SELÇUK ECZA DEPOSU;SELÇUK ERZURUM;8680001387571;POLAT ECZANESİ;ERZURUM MERKEZ -2;ACİDPASS;Acidpass 10/800/165 mg 12 Çiğneme Tablet;2;0;2;224;
09.07.2026;SELÇUK ECZA DEPOSU;SELÇUK ERZURUM;8680001119646;UÇAR ECZANESİ;ERZURUM MERKEZ -2;ACİDPASS;Acidpass 10/800/165 mg 12 Çiğneme Tablet;2;0;2;224;
09.07.2026;SELÇUK ECZA DEPOSU;SELÇUK ERZURUM;8680001119646;UÇAR ECZANESİ;ERZURUM MERKEZ -2;FAMTREC;Famtrec 800/26,6mg 14 Film Kaplı Tablet;5;1;6;511;
09.07.2026;NEVZAT ECZA DEPOSU;NEVZAT ERZURUM;8680001111268;SEVGİ ECZANESİ;ERZURUM MERKEZ -2;FAMTREC;Famtrec 800/26,6mg 14 Film Kaplı Tablet;5;1;6;511;
09.07.2026;ALLIANCE HEALTHCARE;AH ERZURUM;8680001625963;PINAR ECZANESİ;ERZURUM MERKEZ -2;FAMTREC;Famtrec 800/26,6mg 14 Film Kaplı Tablet;5;1;6;511;
10.07.2026;SELÇUK ECZA DEPOSU;SELÇUK ERZURUM;8680001111268;SEVGİ ECZANESİ;ERZURUM MERKEZ -2;FAMTREC;Famtrec 800/26,6mg 14 Film Kaplı Tablet;-1;0;-1;-102;
10.07.2026;NEVZAT ECZA DEPOSU;NEVZAT ERZURUM;8680001111268;SEVGİ ECZANESİ;ERZURUM MERKEZ -2;FAMTREC;Famtrec 800/26,6mg 14 Film Kaplı Tablet;10;2;12;1.022;
10.07.2026;SELÇUK ECZA DEPOSU;SELÇUK ERZURUM;8680001111268;SEVGİ ECZANESİ;ERZURUM MERKEZ -2;FAMTREC;Famtrec 800/26,6mg 14 Film Kaplı Tablet;1;0;1;102;
11.07.2026;ALLIANCE HEALTHCARE;AH ERZURUM;8680001470488;GÖLBAŞI ECZANESİ;ERZURUM MERKEZ -2;PANOCER;Panocer 40 mg 14 Enterik Kaplı Tablet;10;3;13;809;
13.07.2026;NEVZAT ECZA DEPOSU;NEVZAT ERZURUM;8680001119646;UÇAR ECZANESİ;ERZURUM MERKEZ -2;ACİDPASS;Acidpass 10/800/165 mg 12 Çiğneme Tablet;2;0;2;224;
13.07.2026;ALLIANCE HEALTHCARE;AH ERZURUM;8680001470488;GÖLBAŞI ECZANESİ;ERZURUM MERKEZ -2;FAMTREC;Famtrec 800/26,6mg 14 Film Kaplı Tablet;2;0;2;204;
13.07.2026;ALLIANCE HEALTHCARE;AH ERZURUM;8680001625963;PINAR ECZANESİ;ERZURUM MERKEZ -2;FAMTREC;Famtrec 800/26,6mg 14 Film Kaplı Tablet;10;2;12;1.022;
13.07.2026;SELÇUK ECZA DEPOSU;SELÇUK ERZURUM;8680001649839;FATİH ECZANESİ;ERZURUM MERKEZ -2;FAMTREC;Famtrec 800/26,6mg 14 Film Kaplı Tablet;2;0;2;204;
14.07.2026;ALLIANCE HEALTHCARE;AH ERZURUM;8680001569427;HAYAT ECZANESİ;ERZURUM MERKEZ -2;FAMTREC;Famtrec 800/26,6mg 14 Film Kaplı Tablet;1;0;1;102;
16.07.2026;ALLIANCE HEALTHCARE;AH ERZURUM;8680001124220;MAHALLEBAŞI ECZANESİ;ERZURUM MERKEZ -2;ACİDPASS;Acidpass 10/800/165 mg 12 Çiğneme Tablet;2;0;2;224;
16.07.2026;ALLIANCE HEALTHCARE;AH ERZURUM;8680001717484;EBRULİ ECZANESİ;ERZURUM MERKEZ -2;PANOCER;Panocer 40 mg 28 Enterik Kaplı Tablet;100;60;160;10.531;
17.07.2026;SELÇUK ECZA DEPOSU;SELÇUK ERZURUM;8680001124220;MAHALLEBAŞI ECZANESİ;ERZURUM MERKEZ -2;PANOCER;Panocer 40 mg 28 Enterik Kaplı Tablet;50;25;75;5.266;
21.07.2026;SELÇUK ECZA DEPOSU;SELÇUK ERZURUM;8680001111091;ŞÜHEDA ECZANESİ;ERZURUM MERKEZ -2;ACİDPASS;Acidpass 10/800/165 mg 12 Çiğneme Tablet;10;1;11;1.122;
21.07.2026;ALLIANCE HEALTHCARE;AH ERZURUM;8680001131518;TUNA ECZANESİ;ERZURUM MERKEZ -2;FAMTREC;Famtrec 800/26,6mg 14 Film Kaplı Tablet;5;1;6;511;
21.07.2026;ALLIANCE HEALTHCARE;AH ERZURUM;8680001625963;PINAR ECZANESİ;ERZURUM MERKEZ -2;FAMTREC;Famtrec 800/26,6mg 14 Film Kaplı Tablet;10;2;12;1.022;
21.07.2026;SELÇUK ECZA DEPOSU;SELÇUK ERZURUM;8680001461868;ÇINAR ECZANESİ;ERZURUM MERKEZ -2;GRİPORT COLD;Griport Cold 20 Film Kaplı Tablet;12;4;16;1.010;
22.07.2026;ALLIANCE HEALTHCARE;AH ERZURUM;8680001487639;CENGİZ ECZANESİ;ERZURUM MERKEZ -2;ACİDPASS;Acidpass 10/800/165 mg 12 Çiğneme Tablet;10;1;11;1.122;
22.07.2026;SELÇUK ECZA DEPOSU;SELÇUK ERZURUM;8680001124220;MAHALLEBAŞI ECZANESİ;ERZURUM MERKEZ -2;ACİDPASS;Acidpass 10/800/165 mg 12 Çiğneme Tablet;2;0;2;224;
22.07.2026;SELÇUK ECZA DEPOSU;SELÇUK ERZURUM;8680001119646;UÇAR ECZANESİ;ERZURUM MERKEZ -2;FAMTREC;Famtrec 800/26,6mg 14 Film Kaplı Tablet;5;1;6;511;
22.07.2026;SELÇUK ECZA DEPOSU;SELÇUK ERZURUM;8680001111091;ŞÜHEDA ECZANESİ;ERZURUM MERKEZ -2;PANOCER;Panocer 40 mg 28 Enterik Kaplı Tablet;10;3;13;1.053;
23.07.2026;ALLIANCE HEALTHCARE;AH ERZURUM;8680001479153;GÜRCÜKAPI ECZANESİ;ERZURUM MERKEZ -2;ACİDPASS;Acidpass 10/800/165 mg 12 Çiğneme Tablet;2;0;2;224;
23.07.2026;NEVZAT ECZA DEPOSU;NEVZAT ERZURUM;8680001571208;KAHRAMANLAR ECZANESİ;ERZURUM MERKEZ -2;PANOCER;Panocer 40 mg 28 Enterik Kaplı Tablet;50;25;75;5.266;
24.07.2026;SELÇUK ECZA DEPOSU;SELÇUK ERZURUM;8680001571208;KAHRAMANLAR ECZANESİ;ERZURUM MERKEZ -2;MOKSEFEN;Moksefen 400 mg 7 Film Tablet;20;10;30;2.980;
25.07.2026;ALLIANCE HEALTHCARE;AH ERZURUM;8680001479153;GÜRCÜKAPI ECZANESİ;ERZURUM MERKEZ -2;MOKSEFEN;Moksefen 400 mg 7 Film Tablet;5;1;6;745;
27.07.2026;NEVZAT ECZA DEPOSU;NEVZAT ERZURUM;8680001111268;SEVGİ ECZANESİ;ERZURUM MERKEZ -2;FAMTREC;Famtrec 800/26,6mg 14 Film Kaplı Tablet;10;2;12;1.022;
28.07.2026;SELÇUK ECZA DEPOSU;SELÇUK ERZURUM;8680001569427;HAYAT ECZANESİ;ERZURUM MERKEZ -2;ACİDPASS;Acidpass 10/800/165 mg 12 Çiğneme Tablet;2;0;2;224;
28.07.2026;SELÇUK ECZA DEPOSU;SELÇUK ERZURUM;8680001569427;HAYAT ECZANESİ;ERZURUM MERKEZ -2;ACİDPASS;Acidpass 10/800/165 mg 6 Çiğneme Tablet;1;0;1;69;
28.07.2026;SELÇUK ECZA DEPOSU;SELÇUK ERZURUM;8680001387571;POLAT ECZANESİ;ERZURUM MERKEZ -2;PANOCER;Panocer 40 mg 28 Enterik Kaplı Tablet;10;3;13;1.053;
29.07.2026;ALLIANCE HEALTHCARE;AH ERZURUM;8680001625963;PINAR ECZANESİ;ERZURUM MERKEZ -2;FAMTREC;Famtrec 800/26,6mg 14 Film Kaplı Tablet;10;2;12;1.022;
31.07.2026;NEVZAT ECZA DEPOSU;NEVZAT ERZURUM;8680001461868;ÇINAR ECZANESİ;ERZURUM MERKEZ -2;MOKSEFEN;Moksefen 400 mg 7 Film Tablet;10;3;13;1.490;
01.07.2026;SELÇUK ECZA DEPOSU;SELÇUK ERZURUM;8680001460267;TURAN ECZANESİ;ERZURUM MERKEZ -3;ACİDPASS;Acidpass 10/800/165 mg 12 Çiğneme Tablet;2;0;2;224;
01.07.2026;ALLIANCE HEALTHCARE;AH ERZURUM;8680001430291;KAYAKYOLU ECZANESİ;ERZURUM MERKEZ -3;GRİPORT COLD;Griport Cold 20 Film Kaplı Tablet;12;4;16;1.010;
01.07.2026;NEVZAT ECZA DEPOSU;NEVZAT ERZURUM;8680001114573;SAĞLIK ECZANESİ;ERZURUM MERKEZ -3;MOKSEFEN;Moksefen 400 mg 7 Film Tablet;5;1;6;745;
01.07.2026;SELÇUK ECZA DEPOSU;SELÇUK ERZURUM;8680001114535;SAĞLAM ECZANESİ;ERZURUM MERKEZ -3;PANOCER;Panocer 40 mg 14 Enterik Kaplı Tablet;10;3;13;809;
01.07.2026;SELÇUK ECZA DEPOSU;SELÇUK ERZURUM;8680001706594;EMRE ECZANESİ;ERZURUM MERKEZ -3;PANOCER;Panocer 40 mg 28 Enterik Kaplı Tablet;10;3;13;1.053;
02.07.2026;SELÇUK ECZA DEPOSU;SELÇUK ERZURUM;8680001122219;TURGUT ECZANESİ;ERZURUM MERKEZ -3;ACİDPASS;Acidpass 10/800/165 mg 12 Çiğneme Tablet;2;0;2;224;
02.07.2026;SELÇUK ECZA DEPOSU;SELÇUK ERZURUM;8680001105038;ERDOĞAN ECZANESİ;ERZURUM MERKEZ -3;ACİDPASS;Acidpass 10/800/165 mg 12 Çiğneme Tablet;1;0;1;112;
02.07.2026;ALLIANCE HEALTHCARE;AH ERZURUM;8680001566983;CADDE ECZANESİ;ERZURUM MERKEZ -3;ACİDPASS;Acidpass 10/800/165 mg 12 Çiğneme Tablet;3;0;3;337;
02.07.2026;SELÇUK ECZA DEPOSU;SELÇUK ERZURUM;8680001635191;DOLUNAY ECZANESİ;ERZURUM MERKEZ -3;ACİDPASS;Acidpass 10/800/165 mg 12 Çiğneme Tablet;10;1;11;1.122;
02.07.2026;SELÇUK ECZA DEPOSU;SELÇUK ERZURUM;8680001641130;DERMAN ECZANESİ;ERZURUM MERKEZ -3;ACİDPASS;Acidpass 10/800/165 mg 12 Çiğneme Tablet;1;0;1;112;
02.07.2026;NEVZAT ECZA DEPOSU;NEVZAT ERZURUM;8680001706594;EMRE ECZANESİ;ERZURUM MERKEZ -3;ACİDPASS;Acidpass 10/800/165 mg 12 Çiğneme Tablet;20;3;23;2.245;
02.07.2026;ALLIANCE HEALTHCARE;AH ERZURUM;8680001117611;YENİ BÖLGE ECZANESİ;ERZURUM MERKEZ -3;PANOCER;Panocer 40 mg 28 Enterik Kaplı Tablet;50;25;75;5.266;
02.07.2026;ALLIANCE HEALTHCARE;AH ERZURUM;8680001599974;MERVE ECZANESİ;ERZURUM MERKEZ -3;PANOCER;Panocer 40 mg 28 Enterik Kaplı Tablet;30;12;42;3.159;
02.07.2026;SELÇUK ECZA DEPOSU;SELÇUK ERZURUM;8680001868520;YONCALIK ECZANESİ;ERZURUM MERKEZ -3;PANOCER;Panocer 40 mg 28 Enterik Kaplı Tablet;30;12;42;3.159;
03.07.2026;SELÇUK ECZA DEPOSU;SELÇUK ERZURUM;8680001444632;AYGÜN ECZANESİ;ERZURUM MERKEZ -3;ACİDPASS;Acidpass 10/800/165 mg 12 Çiğneme Tablet;20;3;23;2.245;
03.07.2026;NEVZAT ECZA DEPOSU;NEVZAT ERZURUM;8680001104437;SERPİL ECZANESİ;ERZURUM MERKEZ -3;ACİDPASS;Acidpass 10/800/165 mg 12 Çiğneme Tablet;4;0;4;449;
03.07.2026;SELÇUK ECZA DEPOSU;SELÇUK ERZURUM;8680001444632;AYGÜN ECZANESİ;ERZURUM MERKEZ -3;FAMTREC;Famtrec 800/26,6mg 14 Film Kaplı Tablet;1;0;1;102;
03.07.2026;ALLIANCE HEALTHCARE;AH ERZURUM;8680001123087;DERYA ECZANESİ;ERZURUM MERKEZ -3;FAMTREC;Famtrec 800/26,6mg 14 Film Kaplı Tablet;5;1;6;511;
03.07.2026;ALLIANCE HEALTHCARE;AH ERZURUM;8680001119509;YILMAZ ECZANESİ;ERZURUM MERKEZ -3;GRİPORT COLD;Griport Cold 20 Film Kaplı Tablet;30;15;45;2.525;
03.07.2026;ALLIANCE HEALTHCARE;AH ERZURUM;8680001104185;ŞİFA ECZANESİ;ERZURUM MERKEZ -3;PANOCER;Panocer 40 mg 28 Enterik Kaplı Tablet;2;0;2;211;
06.07.2026;SELÇUK ECZA DEPOSU;SELÇUK ERZURUM;8680001130672;DİLER ECZANESİ;ERZURUM MERKEZ -3;FAMTREC;Famtrec 800/26,6mg 14 Film Kaplı Tablet;5;1;6;511;
06.07.2026;ALLIANCE HEALTHCARE;AH ERZURUM;8680001683093;ERTUĞRULGAZİ ECZANESİ;ERZURUM MERKEZ -3;GRİPORT COLD;Griport Cold 20 Film Kaplı Tablet;2;0;2;168;
07.07.2026;ALLIANCE HEALTHCARE;AH ERZURUM;8680001109678;BİZİM ECZANESİ;ERZURUM MERKEZ -3;ACİDPASS;Acidpass 10/800/165 mg 12 Çiğneme Tablet;10;1;11;1.122;
07.07.2026;SELÇUK ECZA DEPOSU;SELÇUK ERZURUM;8680001641130;DERMAN ECZANESİ;ERZURUM MERKEZ -3;ACİDPASS;Acidpass 10/800/165 mg 12 Çiğneme Tablet;1;0;1;112;
07.07.2026;ALLIANCE HEALTHCARE;AH ERZURUM;8680001119271;GÜVEN ECZANESİ;ERZURUM MERKEZ -3;GRİPORT COLD;Griport Cold 20 Film Kaplı Tablet;12;4;16;1.010;
07.07.2026;NEVZAT ECZA DEPOSU;NEVZAT ERZURUM;8680001114573;SAĞLIK ECZANESİ;ERZURUM MERKEZ -3;MOKSEFEN;Moksefen 400 mg 7 Film Tablet;-5;-1;-6;-745;
07.07.2026;ALLIANCE HEALTHCARE;AH ERZURUM;8680001118359;YAŞAM ECZANESİ;ERZURUM MERKEZ -3;PANOCER;Panocer 40 mg 28 Enterik Kaplı Tablet;165;135;300;17.377;
08.07.2026;NEVZAT ECZA DEPOSU;NEVZAT ERZURUM;8680001488797;SEYHUN ECZANESİ;ERZURUM MERKEZ -3;ACİDPASS;Acidpass 10/800/165 mg 12 Çiğneme Tablet;1;0;1;112;
08.07.2026;SELÇUK ECZA DEPOSU;SELÇUK ERZURUM;8680001105038;ERDOĞAN ECZANESİ;ERZURUM MERKEZ -3;ACİDPASS;Acidpass 10/800/165 mg 12 Çiğneme Tablet;2;0;2;224;
08.07.2026;ALLIANCE HEALTHCARE;AH ERZURUM;8680001119271;GÜVEN ECZANESİ;ERZURUM MERKEZ -3;GRİPORT COLD;Griport Cold 20 Film Kaplı Tablet;12;4;16;1.010;
09.07.2026;NEVZAT ECZA DEPOSU;NEVZAT ERZURUM;8680001109982;ŞAFAK ECZANESİ;ERZURUM MERKEZ -3;ACİDPASS;Acidpass 10/800/165 mg 12 Çiğneme Tablet;10;1;11;1.122;
09.07.2026;SELÇUK ECZA DEPOSU;SELÇUK ERZURUM;8680001105038;ERDOĞAN ECZANESİ;ERZURUM MERKEZ -3;ACİDPASS;Acidpass 10/800/165 mg 12 Çiğneme Tablet;2;0;2;224;
09.07.2026;SELÇUK ECZA DEPOSU;SELÇUK ERZURUM;8680001113149;BİLGİNER ECZANESİ;ERZURUM MERKEZ -3;ACİDPASS;Acidpass 10/800/165 mg 12 Çiğneme Tablet;3;0;3;337;
09.07.2026;ALLIANCE HEALTHCARE;AH ERZURUM;8680001444632;AYGÜN ECZANESİ;ERZURUM MERKEZ -3;PANOCER;Panocer 40 mg 28 Enterik Kaplı Tablet;10;3;13;1.053;
10.07.2026;ALLIANCE HEALTHCARE;AH ERZURUM;8680001109982;ŞAFAK ECZANESİ;ERZURUM MERKEZ -3;FAMTREC;Famtrec 800/26,6mg 14 Film Kaplı Tablet;1;0;1;102;
10.07.2026;ALLIANCE HEALTHCARE;AH ERZURUM;8680001119295;FULYA ECZANESİ;ERZURUM MERKEZ -3;FAMTREC;Famtrec 800/26,6mg 14 Film Kaplı Tablet;10;2;12;1.022;
10.07.2026;SELÇUK ECZA DEPOSU;SELÇUK ERZURUM;8680001119455;ŞEKER ECZANESİ;ERZURUM MERKEZ -3;FAMTREC;Famtrec 800/26,6mg 14 Film Kaplı Tablet;5;1;6;511;
10.07.2026;SELÇUK ECZA DEPOSU;SELÇUK ERZURUM;8680001115921;YILDIZKENT ECZANESİ;ERZURUM MERKEZ -3;FAMTREC;Famtrec 800/26,6mg 14 Film Kaplı Tablet;1;0;1;102;
10.07.2026;SELÇUK ECZA DEPOSU;SELÇUK ERZURUM;8680001115921;YILDIZKENT ECZANESİ;ERZURUM MERKEZ -3;FAMTREC;Famtrec 800/26,6mg 14 Film Kaplı Tablet;1;0;1;102;
10.07.2026;SELÇUK ECZA DEPOSU;SELÇUK ERZURUM;8680001115921;YILDIZKENT ECZANESİ;ERZURUM MERKEZ -3;FAMTREC;Famtrec 800/26,6mg 14 Film Kaplı Tablet;1;0;1;102;
10.07.2026;SELÇUK ECZA DEPOSU;SELÇUK ERZURUM;8680001115921;YILDIZKENT ECZANESİ;ERZURUM MERKEZ -3;FAMTREC;Famtrec 800/26,6mg 14 Film Kaplı Tablet;5;1;6;511;
10.07.2026;NEVZAT ECZA DEPOSU;NEVZAT ERZURUM;8680001639083;SAFA ECZANESİ;ERZURUM MERKEZ -3;FAMTREC;Famtrec 800/26,6mg 14 Film Kaplı Tablet;5;1;6;511;
10.07.2026;SELÇUK ECZA DEPOSU;SELÇUK ERZURUM;8680001105038;ERDOĞAN ECZANESİ;ERZURUM MERKEZ -3;GRİPORT COLD;Griport Cold 20 Film Kaplı Tablet;2;0;2;168;
10.07.2026;SELÇUK ECZA DEPOSU;SELÇUK ERZURUM;8680001915934;FİRDEVS ECZANESİ;ERZURUM MERKEZ -3;PANOCER;Panocer 40 mg 28 Enterik Kaplı Tablet;-84;-89;-173;-8.846;
11.07.2026;SELÇUK ECZA DEPOSU;SELÇUK ERZURUM;8680001114535;SAĞLAM ECZANESİ;ERZURUM MERKEZ -3;ACİDPASS;Acidpass 10/800/165 mg 12 Çiğneme Tablet;5;0;5;561;
11.07.2026;SELÇUK ECZA DEPOSU;SELÇUK ERZURUM;8680001130672;DİLER ECZANESİ;ERZURUM MERKEZ -3;GRİPORT COLD;Griport Cold 20 Film Kaplı Tablet;30;15;45;2.525;
12.07.2026;ALLIANCE HEALTHCARE;AH ERZURUM;8680001115778;SELÇUK ECZANESİ;ERZURUM MERKEZ -3;GRİPORT COLD;Griport Cold 20 Film Kaplı Tablet;3;0;3;252;
12.07.2026;SELÇUK ECZA DEPOSU;SELÇUK ERZURUM;8680001444632;AYGÜN ECZANESİ;ERZURUM MERKEZ -3;MOKSEFEN;Moksefen 400 mg 7 Film Tablet;1;0;1;149;
13.07.2026;ALLIANCE HEALTHCARE;AH ERZURUM;8680001119219;SEFA ECZANESİ;ERZURUM MERKEZ -3;ACİDPASS;Acidpass 10/800/165 mg 12 Çiğneme Tablet;2;0;2;224;
13.07.2026;ALLIANCE HEALTHCARE;AH ERZURUM;8680001641130;DERMAN ECZANESİ;ERZURUM MERKEZ -3;ACİDPASS;Acidpass 10/800/165 mg 12 Çiğneme Tablet;2;0;2;224;
13.07.2026;NEVZAT ECZA DEPOSU;NEVZAT ERZURUM;8680001486656;UZUN ECZANESİ;ERZURUM MERKEZ -3;ACİDPASS;Acidpass 10/800/165 mg 6 Çiğneme Tablet;2;0;2;138;
13.07.2026;NEVZAT ECZA DEPOSU;NEVZAT ERZURUM;8680001706594;EMRE ECZANESİ;ERZURUM MERKEZ -3;ACİDPASS;Acidpass 10/800/165 mg 6 Çiğneme Tablet;1;0;1;69;
13.07.2026;NEVZAT ECZA DEPOSU;NEVZAT ERZURUM;8680001649020;HUZUR ECZANESİ;ERZURUM MERKEZ -3;MOKSEFEN;Moksefen 400 mg 7 Film Tablet;5;1;6;745;
13.07.2026;SELÇUK ECZA DEPOSU;SELÇUK ERZURUM;8680001706594;EMRE ECZANESİ;ERZURUM MERKEZ -3;MOKSEFEN;Moksefen 400 mg 7 Film Tablet;1;0;1;149;
14.07.2026;SELÇUK ECZA DEPOSU;SELÇUK ERZURUM;8680001486656;UZUN ECZANESİ;ERZURUM MERKEZ -3;ACİDPASS;Acidpass 10/800/165 mg 12 Çiğneme Tablet;10;1;11;1.122;
14.07.2026;SELÇUK ECZA DEPOSU;SELÇUK ERZURUM;8680001641130;DERMAN ECZANESİ;ERZURUM MERKEZ -3;ACİDPASS;Acidpass 10/800/165 mg 12 Çiğneme Tablet;2;0;2;224;
14.07.2026;ALLIANCE HEALTHCARE;AH ERZURUM;8680001896578;BETÜL ECZANESİ;ERZURUM MERKEZ -3;ACİDPASS;Acidpass 10/800/165 mg 12 Çiğneme Tablet;3;0;3;337;
14.07.2026;SELÇUK ECZA DEPOSU;SELÇUK ERZURUM;8680001896578;BETÜL ECZANESİ;ERZURUM MERKEZ -3;ACİDPASS;Acidpass 10/800/165 mg 6 Çiğneme Tablet;20;3;23;1.378;
14.07.2026;SELÇUK ECZA DEPOSU;SELÇUK ERZURUM;8680001122219;TURGUT ECZANESİ;ERZURUM MERKEZ -3;GRİPORT COLD;Griport Cold 20 Film Kaplı Tablet;12;4;16;1.010;
14.07.2026;SELÇUK ECZA DEPOSU;SELÇUK ERZURUM;8680001621279;ŞEHİR 25 ECZANESİ;ERZURUM MERKEZ -3;MOKSEFEN;Moksefen 400 mg 7 Film Tablet;3;0;3;447;
14.07.2026;ALLIANCE HEALTHCARE;AH ERZURUM;8680001377756;VURAL ECZANESİ;ERZURUM MERKEZ -3;PANOCER;Panocer 40 mg 14 Enterik Kaplı Tablet;10;3;13;809;
16.07.2026;SELÇUK ECZA DEPOSU;SELÇUK ERZURUM;8680001488797;SEYHUN ECZANESİ;ERZURUM MERKEZ -3;ACİDPASS;Acidpass 10/800/165 mg 12 Çiğneme Tablet;2;0;2;224;
16.07.2026;NEVZAT ECZA DEPOSU;NEVZAT ERZURUM;8680001641130;DERMAN ECZANESİ;ERZURUM MERKEZ -3;ACİDPASS;Acidpass 10/800/165 mg 12 Çiğneme Tablet;2;0;2;224;
16.07.2026;SELÇUK ECZA DEPOSU;SELÇUK ERZURUM;8680001641130;DERMAN ECZANESİ;ERZURUM MERKEZ -3;ACİDPASS;Acidpass 10/800/165 mg 12 Çiğneme Tablet;3;0;3;337;
16.07.2026;SELÇUK ECZA DEPOSU;SELÇUK ERZURUM;8680001635191;DOLUNAY ECZANESİ;ERZURUM MERKEZ -3;FAMTREC;Famtrec 800/26,6mg 14 Film Kaplı Tablet;1;0;1;102;
16.07.2026;SELÇUK ECZA DEPOSU;SELÇUK ERZURUM;8680001105038;ERDOĞAN ECZANESİ;ERZURUM MERKEZ -3;GRİPORT COLD;Griport Cold 20 Film Kaplı Tablet;2;0;2;168;
16.07.2026;ALLIANCE HEALTHCARE;AH ERZURUM;8680001119219;SEFA ECZANESİ;ERZURUM MERKEZ -3;MOKSEFEN;Moksefen 400 mg 7 Film Tablet;10;3;13;1.490;
17.07.2026;SELÇUK ECZA DEPOSU;SELÇUK ERZURUM;8680001119295;FULYA ECZANESİ;ERZURUM MERKEZ -3;ACİDPASS;Acidpass 10/800/165 mg 6 Çiğneme Tablet;3;0;3;207;
17.07.2026;SELÇUK ECZA DEPOSU;SELÇUK ERZURUM;8680001117611;YENİ BÖLGE ECZANESİ;ERZURUM MERKEZ -3;PANOCER;Panocer 40 mg 28 Enterik Kaplı Tablet;30;12;42;3.159;
18.07.2026;ALLIANCE HEALTHCARE;AH ERZURUM;8680001119219;SEFA ECZANESİ;ERZURUM MERKEZ -3;ACİDPASS;Acidpass 10/800/165 mg 12 Çiğneme Tablet;1;0;1;112;
18.07.2026;SELÇUK ECZA DEPOSU;SELÇUK ERZURUM;8680001105038;ERDOĞAN ECZANESİ;ERZURUM MERKEZ -3;ACİDPASS;Acidpass 10/800/165 mg 12 Çiğneme Tablet;4;0;4;449;
18.07.2026;SELÇUK ECZA DEPOSU;SELÇUK ERZURUM;8680001488797;SEYHUN ECZANESİ;ERZURUM MERKEZ -3;GRİPORT COLD;Griport Cold 20 Film Kaplı Tablet;30;15;45;2.525;
18.07.2026;SELÇUK ECZA DEPOSU;SELÇUK ERZURUM;8680001488797;SEYHUN ECZANESİ;ERZURUM MERKEZ -3;MOKSEFEN;Moksefen 400 mg 7 Film Tablet;5;1;6;745;
18.07.2026;SELÇUK ECZA DEPOSU;SELÇUK ERZURUM;8680001109678;BİZİM ECZANESİ;ERZURUM MERKEZ -3;MOKSEFEN;Moksefen 400 mg 7 Film Tablet;30;15;45;4.470;
21.07.2026;SELÇUK ECZA DEPOSU;SELÇUK ERZURUM;8680001111138;YILDIZKENT KAVŞAK ECZANESİ;ERZURUM MERKEZ -3;FAMTREC;Famtrec 800/26,6mg 14 Film Kaplı Tablet;1;0;1;102;
21.07.2026;SELÇUK ECZA DEPOSU;SELÇUK ERZURUM;8680001486656;UZUN ECZANESİ;ERZURUM MERKEZ -3;GRİPORT COLD;Griport Cold 20 Film Kaplı Tablet;6;1;7;505;
21.07.2026;NEVZAT ECZA DEPOSU;NEVZAT ERZURUM;8680001486656;UZUN ECZANESİ;ERZURUM MERKEZ -3;PANOCER;Panocer 40 mg 28 Enterik Kaplı Tablet;10;3;13;1.053;
22.07.2026;ALLIANCE HEALTHCARE;AH ERZURUM;8680001119226;ÜNLÜ ECZANESİ;ERZURUM MERKEZ -3;ACİDPASS;Acidpass 10/800/165 mg 12 Çiğneme Tablet;20;3;23;2.245;
22.07.2026;ALLIANCE HEALTHCARE;AH ERZURUM;8680001566983;CADDE ECZANESİ;ERZURUM MERKEZ -3;ACİDPASS;Acidpass 10/800/165 mg 12 Çiğneme Tablet;3;0;3;337;
22.07.2026;ALLIANCE HEALTHCARE;AH ERZURUM;8680001118359;YAŞAM ECZANESİ;ERZURUM MERKEZ -3;GRİPORT COLD;Griport Cold 20 Film Kaplı Tablet;60;40;100;5.049;
23.07.2026;SELÇUK ECZA DEPOSU;SELÇUK ERZURUM;8680001104185;ŞİFA ECZANESİ;ERZURUM MERKEZ -3;ACİDPASS;Acidpass 10/800/165 mg 6 Çiğneme Tablet;2;0;2;138;
23.07.2026;SELÇUK ECZA DEPOSU;SELÇUK ERZURUM;8680001105038;ERDOĞAN ECZANESİ;ERZURUM MERKEZ -3;GRİPORT COLD;Griport Cold 20 Film Kaplı Tablet;6;1;7;505;
24.07.2026;SELÇUK ECZA DEPOSU;SELÇUK ERZURUM;8680001300396;SÜPHAN ECZANESİ;ERZURUM MERKEZ -3;ACİDPASS;Acidpass 10/800/165 mg 12 Çiğneme Tablet;2;0;2;224;
24.07.2026;SELÇUK ECZA DEPOSU;SELÇUK ERZURUM;8680001637591;FIRAT ECZANESİ;ERZURUM MERKEZ -3;FAMTREC;Famtrec 800/26,6mg 14 Film Kaplı Tablet;1;0;1;102;
24.07.2026;SELÇUK ECZA DEPOSU;SELÇUK ERZURUM;8680001109982;ŞAFAK ECZANESİ;ERZURUM MERKEZ -3;GRİPORT COLD;Griport Cold 20 Film Kaplı Tablet;6;1;7;505;
24.07.2026;ALLIANCE HEALTHCARE;AH ERZURUM;8680001109982;ŞAFAK ECZANESİ;ERZURUM MERKEZ -3;PANOCER;Panocer 40 mg 28 Enterik Kaplı Tablet;2;0;2;211;
25.07.2026;SELÇUK ECZA DEPOSU;SELÇUK ERZURUM;8680001637591;FIRAT ECZANESİ;ERZURUM MERKEZ -3;GRİPORT COLD;Griport Cold 20 Film Kaplı Tablet;12;4;16;1.010;
27.07.2026;SELÇUK ECZA DEPOSU;SELÇUK ERZURUM;8680001421435;YENİ ARAŞTIRMA ECZANESİ;ERZURUM MERKEZ -3;ACİDPASS;Acidpass 10/800/165 mg 12 Çiğneme Tablet;10;1;11;1.122;
27.07.2026;SELÇUK ECZA DEPOSU;SELÇUK ERZURUM;8680001114535;SAĞLAM ECZANESİ;ERZURUM MERKEZ -3;ACİDPASS;Acidpass 10/800/165 mg 12 Çiğneme Tablet;10;1;11;1.122;
27.07.2026;ALLIANCE HEALTHCARE;AH ERZURUM;8680001377756;VURAL ECZANESİ;ERZURUM MERKEZ -3;ACİDPASS;Acidpass 10/800/165 mg 12 Çiğneme Tablet;5;0;5;561;
27.07.2026;SELÇUK ECZA DEPOSU;SELÇUK ERZURUM;8680001566983;CADDE ECZANESİ;ERZURUM MERKEZ -3;ACİDPASS;Acidpass 10/800/165 mg 12 Çiğneme Tablet;2;0;2;224;
27.07.2026;SELÇUK ECZA DEPOSU;SELÇUK ERZURUM;8680001115778;SELÇUK ECZANESİ;ERZURUM MERKEZ -3;ACİDPASS;Acidpass 10/800/165 mg 6 Çiğneme Tablet;1;0;1;69;
27.07.2026;SELÇUK ECZA DEPOSU;SELÇUK ERZURUM;8680001486656;UZUN ECZANESİ;ERZURUM MERKEZ -3;FAMTREC;Famtrec 800/26,6mg 14 Film Kaplı Tablet;1;0;1;102;
27.07.2026;ALLIANCE HEALTHCARE;AH ERZURUM;8680001117611;YENİ BÖLGE ECZANESİ;ERZURUM MERKEZ -3;MOKSEFEN;Moksefen 400 mg 7 Film Tablet;10;3;13;1.490;
27.07.2026;ALLIANCE HEALTHCARE;AH ERZURUM;8680001119226;ÜNLÜ ECZANESİ;ERZURUM MERKEZ -3;PANOCER;Panocer 40 mg 28 Enterik Kaplı Tablet;10;3;13;1.053;
28.07.2026;ALLIANCE HEALTHCARE;AH ERZURUM;8680001116171;DADAŞ ECZANESİ;ERZURUM MERKEZ -3;ACİDPASS;Acidpass 10/800/165 mg 12 Çiğneme Tablet;3;0;3;337;
28.07.2026;ALLIANCE HEALTHCARE;AH ERZURUM;8680001104185;ŞİFA ECZANESİ;ERZURUM MERKEZ -3;ACİDPASS;Acidpass 10/800/165 mg 12 Çiğneme Tablet;2;0;2;224;
28.07.2026;SELÇUK ECZA DEPOSU;SELÇUK ERZURUM;8680001460267;TURAN ECZANESİ;ERZURUM MERKEZ -3;ACİDPASS;Acidpass 10/800/165 mg 12 Çiğneme Tablet;2;0;2;224;
28.07.2026;NEVZAT ECZA DEPOSU;NEVZAT ERZURUM;8680001122219;TURGUT ECZANESİ;ERZURUM MERKEZ -3;ACİDPASS;Acidpass 10/800/165 mg 12 Çiğneme Tablet;3;0;3;337;
28.07.2026;SELÇUK ECZA DEPOSU;SELÇUK ERZURUM;8680001117611;YENİ BÖLGE ECZANESİ;ERZURUM MERKEZ -3;ACİDPASS;Acidpass 10/800/165 mg 12 Çiğneme Tablet;10;1;11;1.122;
28.07.2026;SELÇUK ECZA DEPOSU;SELÇUK ERZURUM;8680001105038;ERDOĞAN ECZANESİ;ERZURUM MERKEZ -3;ACİDPASS;Acidpass 10/800/165 mg 12 Çiğneme Tablet;1;0;1;112;
28.07.2026;SELÇUK ECZA DEPOSU;SELÇUK ERZURUM;8680001637591;FIRAT ECZANESİ;ERZURUM MERKEZ -3;ACİDPASS;Acidpass 10/800/165 mg 12 Çiğneme Tablet;4;0;4;449;
28.07.2026;ALLIANCE HEALTHCARE;AH ERZURUM;8680001516889;YENİ BUHARA ECZANESİ;ERZURUM MERKEZ -3;ACİDPASS;Acidpass 10/800/165 mg 6 Çiğneme Tablet;2;0;2;138;
28.07.2026;ALLIANCE HEALTHCARE;AH ERZURUM;8680001104185;ŞİFA ECZANESİ;ERZURUM MERKEZ -3;PANOCER;Panocer 40 mg 28 Enterik Kaplı Tablet;3;0;3;316;
28.07.2026;SELÇUK ECZA DEPOSU;SELÇUK ERZURUM;8680001117611;YENİ BÖLGE ECZANESİ;ERZURUM MERKEZ -3;PANOCER;Panocer 40 mg 28 Enterik Kaplı Tablet;30;12;42;3.159;
29.07.2026;NEVZAT ECZA DEPOSU;NEVZAT ERZURUM;8680001649020;HUZUR ECZANESİ;ERZURUM MERKEZ -3;ACİDPASS;Acidpass 10/800/165 mg 12 Çiğneme Tablet;1;0;1;112;
29.07.2026;SELÇUK ECZA DEPOSU;SELÇUK ERZURUM;8680001649020;HUZUR ECZANESİ;ERZURUM MERKEZ -3;MOKSEFEN;Moksefen 400 mg 7 Film Tablet;3;0;3;447;
30.07.2026;SELÇUK ECZA DEPOSU;SELÇUK ERZURUM;8680001460267;TURAN ECZANESİ;ERZURUM MERKEZ -3;ACİDPASS;Acidpass 10/800/165 mg 12 Çiğneme Tablet;2;0;2;224;
30.07.2026;ALLIANCE HEALTHCARE;AH ERZURUM;8680001668168;ASRIN ECZANESİ;ERZURUM MERKEZ -3;ACİDPASS;Acidpass 10/800/165 mg 12 Çiğneme Tablet;20;3;23;2.245;
30.07.2026;SELÇUK ECZA DEPOSU;SELÇUK ERZURUM;8680001119455;ŞEKER ECZANESİ;ERZURUM MERKEZ -3;FAMTREC;Famtrec 800/26,6mg 14 Film Kaplı Tablet;-5;-1;-6;-511;
31.07.2026;ALLIANCE HEALTHCARE;AH ERZURUM;8680001529384;ŞEHİR BÖLGE ECZANESİ;ERZURUM MERKEZ -3;ACİDPASS;Acidpass 10/800/165 mg 12 Çiğneme Tablet;10;1;11;1.122;
31.07.2026;SELÇUK ECZA DEPOSU;SELÇUK ERZURUM;8680001715237;ARAS ECZANESİ;ERZURUM MERKEZ -3;GRİPORT COLD;Griport Cold 20 Film Kaplı Tablet;5;0;5;421;
01.07.2026;SELÇUK ECZA DEPOSU;SELÇUK TRABZON;8680001163250;VERESELİ HAYAT ECZANESİ;GIRESUN BULANCAK+PIRAZIZ;ACİDPASS;Acidpass 10/800/165 mg 12 Çiğneme Tablet;10;1;11;1.122;
01.07.2026;ALLIANCE HEALTHCARE;AH ORDU;8680001187959;GÜRSOY ECZANESİ;GIRESUN BULANCAK+PIRAZIZ;ACİDPASS;Acidpass 10/800/165 mg 12 Çiğneme Tablet;10;1;11;1.122;
01.07.2026;SELÇUK ECZA DEPOSU;SELÇUK TRABZON;8680001454020;DEVA ECZANESİ;GIRESUN BULANCAK+PIRAZIZ;ACİDPASS;Acidpass 10/800/165 mg 12 Çiğneme Tablet;10;1;11;1.122;
01.07.2026;ALLIANCE HEALTHCARE;AH ORDU;8680001714575;ŞAHİN ECZANESİ;GIRESUN BULANCAK+PIRAZIZ;ACİDPASS;Acidpass 10/800/165 mg 12 Çiğneme Tablet;20;3;23;2.245;
01.07.2026;ALLIANCE HEALTHCARE;AH ORDU;8680001710324;YAREN ECZANESİ;GIRESUN BULANCAK+PIRAZIZ;ACİDPASS;Acidpass 10/800/165 mg 12 Çiğneme Tablet;10;1;11;1.122;
01.07.2026;SELÇUK ECZA DEPOSU;SELÇUK TRABZON;8680001215669;ARSLAN ECZANESİ;GIRESUN BULANCAK+PIRAZIZ;MOKSEFEN;Moksefen 400 mg 7 Film Tablet;20;10;30;2.980;
01.07.2026;ALLIANCE HEALTHCARE;AH ORDU;8680001187959;GÜRSOY ECZANESİ;GIRESUN BULANCAK+PIRAZIZ;MOKSEFEN;Moksefen 400 mg 7 Film Tablet;10;3;13;1.490;
01.07.2026;ALLIANCE HEALTHCARE;AH ORDU;8680001215669;ARSLAN ECZANESİ;GIRESUN BULANCAK+PIRAZIZ;PANOCER;Panocer 40 mg 28 Enterik Kaplı Tablet;10;3;13;1.053;
01.07.2026;SELÇUK ECZA DEPOSU;SELÇUK TRABZON;8680001454020;DEVA ECZANESİ;GIRESUN BULANCAK+PIRAZIZ;PANOCER;Panocer 40 mg 28 Enterik Kaplı Tablet;10;3;13;1.053;
03.07.2026;ALLIANCE HEALTHCARE;AH ORDU;8680001215669;ARSLAN ECZANESİ;GIRESUN BULANCAK+PIRAZIZ;ACİDPASS;Acidpass 10/800/165 mg 12 Çiğneme Tablet;10;1;11;1.122;
03.07.2026;ALLIANCE HEALTHCARE;AH ORDU;8680001710324;YAREN ECZANESİ;GIRESUN BULANCAK+PIRAZIZ;PANOCER;Panocer 40 mg 28 Enterik Kaplı Tablet;10;3;13;1.053;
06.07.2026;SELÇUK ECZA DEPOSU;SELÇUK TRABZON;8680001215669;ARSLAN ECZANESİ;GIRESUN BULANCAK+PIRAZIZ;GRİPORT COLD;Griport Cold 20 Film Kaplı Tablet;6;1;7;505;
07.07.2026;SELÇUK ECZA DEPOSU;SELÇUK TRABZON;8680001185917;MELİS ECZANESİ;GIRESUN BULANCAK+PIRAZIZ;ACİDPASS;Acidpass 10/800/165 mg 12 Çiğneme Tablet;10;1;11;1.122;
07.07.2026;ALLIANCE HEALTHCARE;AH ORDU;8680001450978;ZAFER ECZANESİ;GIRESUN BULANCAK+PIRAZIZ;ACİDPASS;Acidpass 10/800/165 mg 6 Çiğneme Tablet;2;0;2;138;
09.07.2026;SELÇUK ECZA DEPOSU;SELÇUK TRABZON;8680001367177;DENİZ ECZANESİ;GIRESUN BULANCAK+PIRAZIZ;ACİDPASS;Acidpass 10/800/165 mg 12 Çiğneme Tablet;2;0;2;224;
09.07.2026;ALLIANCE HEALTHCARE;AH ORDU;8680001186990;İLGİ ECZANESİ;GIRESUN BULANCAK+PIRAZIZ;MOKSEFEN;Moksefen 400 mg 7 Film Tablet;5;1;6;745;
09.07.2026;SELÇUK ECZA DEPOSU;SELÇUK TRABZON;8680001187058;KARDELEN ECZANESİ;GIRESUN BULANCAK+PIRAZIZ;PANOCER;Panocer 40 mg 14 Enterik Kaplı Tablet;4;0;4;324;
09.07.2026;SELÇUK ECZA DEPOSU;SELÇUK TRABZON;8680001187058;KARDELEN ECZANESİ;GIRESUN BULANCAK+PIRAZIZ;PANOCER;Panocer 40 mg 14 Enterik Kaplı Tablet;1;0;1;81;
13.07.2026;NEVZAT ECZA DEPOSU;NEVZAT TRABZON;8680001454020;DEVA ECZANESİ;GIRESUN BULANCAK+PIRAZIZ;ACİDPASS;Acidpass 10/800/165 mg 12 Çiğneme Tablet;4;0;4;449;
13.07.2026;SELÇUK ECZA DEPOSU;SELÇUK TRABZON;8680001179091;SAĞLIK ECZANESİ;GIRESUN BULANCAK+PIRAZIZ;MOKSEFEN;Moksefen 400 mg 7 Film Tablet;20;10;30;2.980;
14.07.2026;SELÇUK ECZA DEPOSU;SELÇUK TRABZON;8680001163250;VERESELİ HAYAT ECZANESİ;GIRESUN BULANCAK+PIRAZIZ;ACİDPASS;Acidpass 10/800/165 mg 12 Çiğneme Tablet;10;1;11;1.122;
14.07.2026;NEVZAT ECZA DEPOSU;NEVZAT TRABZON;8680001454020;DEVA ECZANESİ;GIRESUN BULANCAK+PIRAZIZ;ACİDPASS;Acidpass 10/800/165 mg 12 Çiğneme Tablet;10;1;11;1.122;
14.07.2026;SELÇUK ECZA DEPOSU;SELÇUK TRABZON;8680001422494;DEMİRKILIÇ ECZANESİ;GIRESUN BULANCAK+PIRAZIZ;MOKSEFEN;Moksefen 400 mg 7 Film Tablet;5;1;6;745;
16.07.2026;SELÇUK ECZA DEPOSU;SELÇUK TRABZON;8680001367177;DENİZ ECZANESİ;GIRESUN BULANCAK+PIRAZIZ;ACİDPASS;Acidpass 10/800/165 mg 12 Çiğneme Tablet;2;0;2;224;
16.07.2026;ALLIANCE HEALTHCARE;AH ORDU;8680001187058;KARDELEN ECZANESİ;GIRESUN BULANCAK+PIRAZIZ;MOKSEFEN;Moksefen 400 mg 7 Film Tablet;20;10;30;2.980;
17.07.2026;ALLIANCE HEALTHCARE;AH ORDU;8680001710324;YAREN ECZANESİ;GIRESUN BULANCAK+PIRAZIZ;ACİDPASS;Acidpass 10/800/165 mg 12 Çiğneme Tablet;10;1;11;1.122;
17.07.2026;ALLIANCE HEALTHCARE;AH ORDU;8680001710324;YAREN ECZANESİ;GIRESUN BULANCAK+PIRAZIZ;PANOCER;Panocer 40 mg 28 Enterik Kaplı Tablet;10;3;13;1.053;
18.07.2026;SELÇUK ECZA DEPOSU;SELÇUK TRABZON;8680001186273;ÇAĞIN ECZANESİ;GIRESUN BULANCAK+PIRAZIZ;ACİDPASS;Acidpass 10/800/165 mg 12 Çiğneme Tablet;10;1;11;1.122;
18.07.2026;NEVZAT ECZA DEPOSU;NEVZAT TRABZON;8680001200191;ÖZDEMİR ECZANESİ;GIRESUN BULANCAK+PIRAZIZ;ACİDPASS;Acidpass 10/800/165 mg 12 Çiğneme Tablet;5;0;5;561;
18.07.2026;SELÇUK ECZA DEPOSU;SELÇUK TRABZON;8680001454020;DEVA ECZANESİ;GIRESUN BULANCAK+PIRAZIZ;ACİDPASS;Acidpass 10/800/165 mg 12 Çiğneme Tablet;10;1;11;1.122;
20.07.2026;SELÇUK ECZA DEPOSU;SELÇUK TRABZON;8680001367177;DENİZ ECZANESİ;GIRESUN BULANCAK+PIRAZIZ;ACİDPASS;Acidpass 10/800/165 mg 12 Çiğneme Tablet;10;1;11;1.122;
21.07.2026;ALLIANCE HEALTHCARE;AH ORDU;8680001187959;GÜRSOY ECZANESİ;GIRESUN BULANCAK+PIRAZIZ;ACİDPASS;Acidpass 10/800/165 mg 12 Çiğneme Tablet;10;1;11;1.122;
21.07.2026;SELÇUK ECZA DEPOSU;SELÇUK TRABZON;8680001182282;MARTI ECZANESİ;GIRESUN BULANCAK+PIRAZIZ;FAMTREC;Famtrec 800/26,6mg 14 Film Kaplı Tablet;1;0;1;102;
21.07.2026;SELÇUK ECZA DEPOSU;SELÇUK TRABZON;8680001182282;MARTI ECZANESİ;GIRESUN BULANCAK+PIRAZIZ;FAMTREC;Famtrec 800/26,6mg 30 Film Kaplı Tablet;1;0;1;219;
21.07.2026;SELÇUK ECZA DEPOSU;SELÇUK TRABZON;8680001183067;BALLICA ECZANESİ;GIRESUN BULANCAK+PIRAZIZ;GRİPORT COLD;Griport Cold 20 Film Kaplı Tablet;12;4;16;1.010;
21.07.2026;SELÇUK ECZA DEPOSU;SELÇUK TRABZON;8680001714575;ŞAHİN ECZANESİ;GIRESUN BULANCAK+PIRAZIZ;MOKSEFEN;Moksefen 400 mg 7 Film Tablet;5;1;6;745;
22.07.2026;NEVZAT ECZA DEPOSU;NEVZAT TRABZON;8680001166251;BULANCAK ECZANESİ;GIRESUN BULANCAK+PIRAZIZ;PANOCER;Panocer 40 mg 28 Enterik Kaplı Tablet;10;3;13;1.053;
22.07.2026;SELÇUK ECZA DEPOSU;SELÇUK TRABZON;8680001454020;DEVA ECZANESİ;GIRESUN BULANCAK+PIRAZIZ;PANOCER;Panocer 40 mg 28 Enterik Kaplı Tablet;10;3;13;1.053;
24.07.2026;SELÇUK ECZA DEPOSU;SELÇUK TRABZON;8680001422494;DEMİRKILIÇ ECZANESİ;GIRESUN BULANCAK+PIRAZIZ;ACİDPASS;Acidpass 10/800/165 mg 12 Çiğneme Tablet;20;3;23;2.245;
24.07.2026;SELÇUK ECZA DEPOSU;SELÇUK TRABZON;8680001187959;GÜRSOY ECZANESİ;GIRESUN BULANCAK+PIRAZIZ;GRİPORT COLD;Griport Cold 20 Film Kaplı Tablet;-28;-20;-48;-2.356;
27.07.2026;NEVZAT ECZA DEPOSU;NEVZAT TRABZON;8680001187096;DOĞA ECZANESİ;GIRESUN BULANCAK+PIRAZIZ;PANOCER;Panocer 40 mg 28 Enterik Kaplı Tablet;30;12;42;3.159;
27.07.2026;ALLIANCE HEALTHCARE;AH ORDU;8680001212873;MÜGE ECZANESİ;GIRESUN BULANCAK+PIRAZIZ;PANOCER;Panocer 40 mg 28 Enterik Kaplı Tablet;30;12;42;3.159;
28.07.2026;ALLIANCE HEALTHCARE;AH ORDU;8680001183067;BALLICA ECZANESİ;GIRESUN BULANCAK+PIRAZIZ;ACİDPASS;Acidpass 10/800/165 mg 12 Çiğneme Tablet;50;10;60;5.612;
28.07.2026;ALLIANCE HEALTHCARE;AH ORDU;8680001187096;DOĞA ECZANESİ;GIRESUN BULANCAK+PIRAZIZ;ACİDPASS;Acidpass 10/800/165 mg 12 Çiğneme Tablet;10;1;11;1.122;
28.07.2026;NEVZAT ECZA DEPOSU;NEVZAT TRABZON;8680001200191;ÖZDEMİR ECZANESİ;GIRESUN BULANCAK+PIRAZIZ;ACİDPASS;Acidpass 10/800/165 mg 12 Çiğneme Tablet;10;1;11;1.122;
28.07.2026;ALLIANCE HEALTHCARE;AH ORDU;8680001187058;KARDELEN ECZANESİ;GIRESUN BULANCAK+PIRAZIZ;ACİDPASS;Acidpass 10/800/165 mg 12 Çiğneme Tablet;50;10;60;5.612;
29.07.2026;NEVZAT ECZA DEPOSU;NEVZAT TRABZON;8680001166251;BULANCAK ECZANESİ;GIRESUN BULANCAK+PIRAZIZ;ACİDPASS;Acidpass 10/800/165 mg 12 Çiğneme Tablet;10;1;11;1.122;
30.07.2026;NEVZAT ECZA DEPOSU;NEVZAT TRABZON;8680001200191;ÖZDEMİR ECZANESİ;GIRESUN BULANCAK+PIRAZIZ;MOKSEFEN;Moksefen 400 mg 7 Film Tablet;5;1;6;745;
31.07.2026;ALLIANCE HEALTHCARE;AH ORDU;8680001212873;MÜGE ECZANESİ;GIRESUN BULANCAK+PIRAZIZ;ACİDPASS;Acidpass 10/800/165 mg 12 Çiğneme Tablet;20;3;23;2.245;
31.07.2026;SELÇUK ECZA DEPOSU;SELÇUK TRABZON;8680001163250;VERESELİ HAYAT ECZANESİ;GIRESUN BULANCAK+PIRAZIZ;ACİDPASS;Acidpass 10/800/165 mg 12 Çiğneme Tablet;-1;0;-1;-112;
31.07.2026;SELÇUK ECZA DEPOSU;SELÇUK TRABZON;8680001187393;PİRAZİZ ECZANESİ;GIRESUN BULANCAK+PIRAZIZ;FAMTREC;Famtrec 800/26,6mg 14 Film Kaplı Tablet;10;2;12;1.022;
31.07.2026;SELÇUK ECZA DEPOSU;SELÇUK TRABZON;8680001163250;VERESELİ HAYAT ECZANESİ;GIRESUN BULANCAK+PIRAZIZ;GRİPORT COLD;Griport Cold 20 Film Kaplı Tablet;-3;-1;-4;-252;
31.07.2026;SELÇUK ECZA DEPOSU;SELÇUK TRABZON;8680001186273;ÇAĞIN ECZANESİ;GIRESUN BULANCAK+PIRAZIZ;PANOCER;Panocer 40 mg 28 Enterik Kaplı Tablet;10;3;13;1.053;
31.07.2026;SELÇUK ECZA DEPOSU;SELÇUK TRABZON;8680001163250;VERESELİ HAYAT ECZANESİ;GIRESUN BULANCAK+PIRAZIZ;PANOCER;Panocer 40 mg 28 Enterik Kaplı Tablet;-4;-2;-6;-421;
01.07.2026;SELÇUK ECZA DEPOSU;SELÇUK TRABZON;8680001634354;KURT ECZANESİ;GIRESUN GUNEY ILCELER;MOKSEFEN;Moksefen 400 mg 7 Film Tablet;20;10;30;2.980;
01.07.2026;ALLIANCE HEALTHCARE;AH ORDU;8680001187928;YENİ ÇAMOLUK ECZANESİ;GIRESUN GUNEY ILCELER;MOKSEFEN;Moksefen 400 mg 7 Film Tablet;40;20;60;5.960;
03.07.2026;SELÇUK ECZA DEPOSU;SELÇUK TRABZON;8680001472710;ŞEBİN ECZANESİ;GIRESUN GUNEY ILCELER;MOKSEFEN;Moksefen 400 mg 7 Film Tablet;20;10;30;2.980;
07.07.2026;SELÇUK ECZA DEPOSU;SELÇUK TRABZON;8680001170654;DERMAN ECZANESİ;GIRESUN GUNEY ILCELER;PANOCER;Panocer 40 mg 28 Enterik Kaplı Tablet;10;3;13;1.053;
09.07.2026;SELÇUK ECZA DEPOSU;SELÇUK TRABZON;8680001170722;ŞENLİKOĞLU ECZANESİ;GIRESUN GUNEY ILCELER;ACİDPASS;Acidpass 10/800/165 mg 12 Çiğneme Tablet;10;1;11;1.122;
10.07.2026;SELÇUK ECZA DEPOSU;SELÇUK TRABZON;8680001170722;ŞENLİKOĞLU ECZANESİ;GIRESUN GUNEY ILCELER;GRİPORT COLD;Griport Cold 20 Film Kaplı Tablet;2;0;2;168;
10.07.2026;SELÇUK ECZA DEPOSU;SELÇUK TRABZON;8680001741601;AYSE ECZANESI;GIRESUN GUNEY ILCELER;PANOCER;Panocer 40 mg 28 Enterik Kaplı Tablet;10;3;13;1.053;
13.07.2026;SELÇUK ECZA DEPOSU;SELÇUK TRABZON;8680001170722;ŞENLİKOĞLU ECZANESİ;GIRESUN GUNEY ILCELER;PANOCER;Panocer 40 mg 28 Enterik Kaplı Tablet;10;3;13;1.053;
14.07.2026;SELÇUK ECZA DEPOSU;SELÇUK TRABZON;8680001741601;AYSE ECZANESI;GIRESUN GUNEY ILCELER;ACİDPASS;Acidpass 10/800/165 mg 12 Çiğneme Tablet;10;1;11;1.122;
14.07.2026;ALLIANCE HEALTHCARE;AH ORDU;8680001201266;NİSAN ECZANESİ;GIRESUN GUNEY ILCELER;PANOCER;Panocer 40 mg 28 Enterik Kaplı Tablet;10;3;13;1.053;
14.07.2026;ALLIANCE HEALTHCARE;AH ORDU;8680001659210;KAYA ECZANESİ;GIRESUN GUNEY ILCELER;PANOCER;Panocer 40 mg 28 Enterik Kaplı Tablet;30;12;42;3.159;
16.07.2026;NEVZAT ECZA DEPOSU;NEVZAT TRABZON;8680001170579;DERELİ ECZANESİ;GIRESUN GUNEY ILCELER;ACİDPASS;Acidpass 10/800/165 mg 12 Çiğneme Tablet;3;0;3;337;
17.07.2026;SELÇUK ECZA DEPOSU;SELÇUK TRABZON;8680001170579;DERELİ ECZANESİ;GIRESUN GUNEY ILCELER;ACİDPASS;Acidpass 10/800/165 mg 6 Çiğneme Tablet;3;0;3;207;
17.07.2026;SELÇUK ECZA DEPOSU;SELÇUK TRABZON;8680001472710;ŞEBİN ECZANESİ;GIRESUN GUNEY ILCELER;GRİPORT COLD;Griport Cold 20 Film Kaplı Tablet;12;4;16;1.010;
17.07.2026;ALLIANCE HEALTHCARE;AH ORDU;8680001201266;NİSAN ECZANESİ;GIRESUN GUNEY ILCELER;MOKSEFEN;Moksefen 400 mg 7 Film Tablet;5;1;6;745;
18.07.2026;SELÇUK ECZA DEPOSU;SELÇUK TRABZON;8680001659210;KAYA ECZANESİ;GIRESUN GUNEY ILCELER;ACİDPASS;Acidpass 10/800/165 mg 12 Çiğneme Tablet;20;3;23;2.245;
18.07.2026;ALLIANCE HEALTHCARE;AH ORDU;8680001170654;DERMAN ECZANESİ;GIRESUN GUNEY ILCELER;ACİDPASS;Acidpass 10/800/165 mg 6 Çiğneme Tablet;3;0;3;207;
23.07.2026;SELÇUK ECZA DEPOSU;SELÇUK TRABZON;8680001170722;ŞENLİKOĞLU ECZANESİ;GIRESUN GUNEY ILCELER;PANOCER;Panocer 40 mg 28 Enterik Kaplı Tablet;10;3;13;1.053;
24.07.2026;ALLIANCE HEALTHCARE;AH ORDU;8680001182701;HİSAR ECZANESİ;GIRESUN GUNEY ILCELER;ACİDPASS;Acidpass 10/800/165 mg 12 Çiğneme Tablet;2;0;2;224;
24.07.2026;SELÇUK ECZA DEPOSU;SELÇUK TRABZON;8680001634354;KURT ECZANESİ;GIRESUN GUNEY ILCELER;ACİDPASS;Acidpass 10/800/165 mg 12 Çiğneme Tablet;10;1;11;1.122;
25.07.2026;ALLIANCE HEALTHCARE;AH ORDU;8680001201266;NİSAN ECZANESİ;GIRESUN GUNEY ILCELER;ACİDPASS;Acidpass 10/800/165 mg 12 Çiğneme Tablet;10;1;11;1.122;
29.07.2026;SELÇUK ECZA DEPOSU;SELÇUK TRABZON;8680001726721;FURKAN ECZANESİ;GIRESUN GUNEY ILCELER;PANOCER;Panocer 40 mg 28 Enterik Kaplı Tablet;50;25;75;5.266;
30.07.2026;SELÇUK ECZA DEPOSU;SELÇUK TRABZON;8680001170579;DERELİ ECZANESİ;GIRESUN GUNEY ILCELER;MOKSEFEN;Moksefen 400 mg 7 Film Tablet;5;1;6;745;
31.07.2026;ALLIANCE HEALTHCARE;AH ORDU;8680001170722;ŞENLİKOĞLU ECZANESİ;GIRESUN GUNEY ILCELER;ACİDPASS;Acidpass 10/800/165 mg 12 Çiğneme Tablet;5;0;5;561;
01.07.2026;SELÇUK ECZA DEPOSU;SELÇUK TRABZON;8680001173051;BİLGİ ECZANESİ;GIRESUN MERKEZ -1;PANOCER;Panocer 40 mg 28 Enterik Kaplı Tablet;10;3;13;1.053;
03.07.2026;SELÇUK ECZA DEPOSU;SELÇUK TRABZON;8680001165186;BEKTAŞOĞLU ECZANESİ;GIRESUN MERKEZ -1;ACİDPASS;Acidpass 10/800/165 mg 12 Çiğneme Tablet;20;3;23;2.245;
09.07.2026;ALLIANCE HEALTHCARE;AH ORDU;8680001172986;SOKAKBAŞI ECZANESİ;GIRESUN MERKEZ -1;PANOCER;Panocer 40 mg 28 Enterik Kaplı Tablet;10;3;13;1.053;
15.07.2026;SELÇUK ECZA DEPOSU;SELÇUK TRABZON;8680001165186;BEKTAŞOĞLU ECZANESİ;GIRESUN MERKEZ -1;PANOCER;Panocer 40 mg 28 Enterik Kaplı Tablet;10;3;13;1.053;
21.07.2026;SELÇUK ECZA DEPOSU;SELÇUK TRABZON;8680001170517;İNCİ ECZANESİ;GIRESUN MERKEZ -1;PANOCER;Panocer 40 mg 28 Enterik Kaplı Tablet;10;3;13;1.053;
22.07.2026;ALLIANCE HEALTHCARE;AH ORDU;8680001203635;ÇOTANAK ECZANESİ;GIRESUN MERKEZ -1;PANOCER;Panocer 40 mg 28 Enterik Kaplı Tablet;50;25;75;5.266;
24.07.2026;SELÇUK ECZA DEPOSU;SELÇUK TRABZON;8680001165186;BEKTAŞOĞLU ECZANESİ;GIRESUN MERKEZ -1;ACİDPASS;Acidpass 10/800/165 mg 12 Çiğneme Tablet;10;1;11;1.122;
24.07.2026;SELÇUK ECZA DEPOSU;SELÇUK TRABZON;8680001165186;BEKTAŞOĞLU ECZANESİ;GIRESUN MERKEZ -1;MOKSEFEN;Moksefen 400 mg 7 Film Tablet;5;1;6;745;
24.07.2026;SELÇUK ECZA DEPOSU;SELÇUK TRABZON;8680001165186;BEKTAŞOĞLU ECZANESİ;GIRESUN MERKEZ -1;PANOCER;Panocer 40 mg 28 Enterik Kaplı Tablet;30;12;42;3.159;
01.07.2026;ALLIANCE HEALTHCARE;AH ORDU;8680001499892;TUĞÇE ECZANESİ;GIRESUN MERKEZ -2;ACİDPASS;Acidpass 10/800/165 mg 12 Çiğneme Tablet;20;3;23;2.245;
01.07.2026;ALLIANCE HEALTHCARE;AH ORDU;8680001167418;GÖKALP ECZANESİ;GIRESUN MERKEZ -2;ACİDPASS;Acidpass 10/800/165 mg 12 Çiğneme Tablet;5;0;5;561;
01.07.2026;ALLIANCE HEALTHCARE;AH ORDU;8680001165018;ELİF ECZANESİ;GIRESUN MERKEZ -2;ACİDPASS;Acidpass 10/800/165 mg 12 Çiğneme Tablet;10;1;11;1.122;
01.07.2026;SELÇUK ECZA DEPOSU;SELÇUK TRABZON;8680001671588;SÜRENSOY ECZANESİ;GIRESUN MERKEZ -2;GRİPORT COLD;Griport Cold 20 Film Kaplı Tablet;12;4;16;1.010;
01.07.2026;SELÇUK ECZA DEPOSU;SELÇUK TRABZON;8680001671588;SÜRENSOY ECZANESİ;GIRESUN MERKEZ -2;GRİPORT COLD;Griport Cold 20 Film Kaplı Tablet;12;4;16;1.010;
01.07.2026;SELÇUK ECZA DEPOSU;SELÇUK TRABZON;8680001642038;ZELİHA ÖDEMİŞ ECZANESİ;GIRESUN MERKEZ -2;PANOCER;Panocer 40 mg 14 Enterik Kaplı Tablet;3;0;3;243;
01.07.2026;SELÇUK ECZA DEPOSU;SELÇUK TRABZON;8680001165971;MEYDAN ECZANESİ;GIRESUN MERKEZ -2;PANOCER;Panocer 40 mg 28 Enterik Kaplı Tablet;10;3;13;1.053;
01.07.2026;SELÇUK ECZA DEPOSU;SELÇUK TRABZON;8680001505753;AYDINLAR ECZANESİ;GIRESUN MERKEZ -2;PANOCER;Panocer 40 mg 28 Enterik Kaplı Tablet;1;0;1;105;
01.07.2026;ALLIANCE HEALTHCARE;AH ORDU;8680001525522;CANER ECZANESİ;GIRESUN MERKEZ -2;PANOCER;Panocer 40 mg 28 Enterik Kaplı Tablet;10;3;13;1.053;
01.07.2026;ALLIANCE HEALTHCARE;AH ORDU;8680001499892;TUĞÇE ECZANESİ;GIRESUN MERKEZ -2;ACİDPASS;Acidpass 10/800/165 mg 12 Çiğneme Tablet;20;3;23;2.245;
01.07.2026;ALLIANCE HEALTHCARE;AH ORDU;8680001167418;GÖKALP ECZANESİ;GIRESUN MERKEZ -2;ACİDPASS;Acidpass 10/800/165 mg 12 Çiğneme Tablet;5;0;5;561;
01.07.2026;ALLIANCE HEALTHCARE;AH ORDU;8680001165018;ELİF ECZANESİ;GIRESUN MERKEZ -2;ACİDPASS;Acidpass 10/800/165 mg 12 Çiğneme Tablet;10;1;11;1.122;
01.07.2026;SELÇUK ECZA DEPOSU;SELÇUK TRABZON;8680001671588;SÜRENSOY ECZANESİ;GIRESUN MERKEZ -2;GRİPORT COLD;Griport Cold 20 Film Kaplı Tablet;12;4;16;1.010;
01.07.2026;SELÇUK ECZA DEPOSU;SELÇUK TRABZON;8680001671588;SÜRENSOY ECZANESİ;GIRESUN MERKEZ -2;GRİPORT COLD;Griport Cold 20 Film Kaplı Tablet;12;4;16;1.010;
01.07.2026;SELÇUK ECZA DEPOSU;SELÇUK TRABZON;8680001642038;ZELİHA ÖDEMİŞ ECZANESİ;GIRESUN MERKEZ -2;PANOCER;Panocer 40 mg 14 Enterik Kaplı Tablet;3;0;3;243;
01.07.2026;SELÇUK ECZA DEPOSU;SELÇUK TRABZON;8680001165971;MEYDAN ECZANESİ;GIRESUN MERKEZ -2;PANOCER;Panocer 40 mg 28 Enterik Kaplı Tablet;10;3;13;1.053;
01.07.2026;SELÇUK ECZA DEPOSU;SELÇUK TRABZON;8680001505753;AYDINLAR ECZANESİ;GIRESUN MERKEZ -2;PANOCER;Panocer 40 mg 28 Enterik Kaplı Tablet;1;0;1;105;
01.07.2026;ALLIANCE HEALTHCARE;AH ORDU;8680001525522;CANER ECZANESİ;GIRESUN MERKEZ -2;PANOCER;Panocer 40 mg 28 Enterik Kaplı Tablet;10;3;13;1.053;
02.07.2026;ALLIANCE HEALTHCARE;AH ORDU;8680001165285;PINAR ECZANESİ;GIRESUN MERKEZ -2;PANOCER;Panocer 40 mg 28 Enterik Kaplı Tablet;10;3;13;1.053;
02.07.2026;ALLIANCE HEALTHCARE;AH ORDU;8680001165285;PINAR ECZANESİ;GIRESUN MERKEZ -2;PANOCER;Panocer 40 mg 28 Enterik Kaplı Tablet;10;3;13;1.053;
03.07.2026;SELÇUK ECZA DEPOSU;SELÇUK TRABZON;8680001518326;AKYILDIZ ECZANESİ;GIRESUN MERKEZ -2;ACİDPASS;Acidpass 10/800/165 mg 12 Çiğneme Tablet;50;15;65;5.612;
03.07.2026;SELÇUK ECZA DEPOSU;SELÇUK TRABZON;8680001518326;AKYILDIZ ECZANESİ;GIRESUN MERKEZ -2;ACİDPASS;Acidpass 10/800/165 mg 12 Çiğneme Tablet;50;15;65;5.612;
06.07.2026;SELÇUK ECZA DEPOSU;SELÇUK TRABZON;8680001496730;SEFA ECZANESİ;GIRESUN MERKEZ -2;ACİDPASS;Acidpass 10/800/165 mg 12 Çiğneme Tablet;20;3;23;2.245;
06.07.2026;SELÇUK ECZA DEPOSU;SELÇUK TRABZON;8680001515240;GİZEM ECZANESİ;GIRESUN MERKEZ -2;ACİDPASS;Acidpass 10/800/165 mg 12 Çiğneme Tablet;10;1;11;1.122;
06.07.2026;SELÇUK ECZA DEPOSU;SELÇUK TRABZON;8680001567829;ZEYNEP ECZANESİ;GIRESUN MERKEZ -2;MOKSEFEN;Moksefen 400 mg 7 Film Tablet;5;1;6;745;
06.07.2026;NEVZAT ECZA DEPOSU;NEVZAT TRABZON;8680001175352;GÖKÇE ECZANESİ;GIRESUN MERKEZ -2;PANOCER;Panocer 40 mg 28 Enterik Kaplı Tablet;10;3;13;1.053;
06.07.2026;SELÇUK ECZA DEPOSU;SELÇUK TRABZON;8680001684878;HAZAR ECZANESİ;GIRESUN MERKEZ -2;PANOCER;Panocer 40 mg 28 Enterik Kaplı Tablet;2;0;2;211;
06.07.2026;SELÇUK ECZA DEPOSU;SELÇUK TRABZON;8680001496730;SEFA ECZANESİ;GIRESUN MERKEZ -2;ACİDPASS;Acidpass 10/800/165 mg 12 Çiğneme Tablet;20;3;23;2.245;
06.07.2026;SELÇUK ECZA DEPOSU;SELÇUK TRABZON;8680001515240;GİZEM ECZANESİ;GIRESUN MERKEZ -2;ACİDPASS;Acidpass 10/800/165 mg 12 Çiğneme Tablet;10;1;11;1.122;
06.07.2026;SELÇUK ECZA DEPOSU;SELÇUK TRABZON;8680001567829;ZEYNEP ECZANESİ;GIRESUN MERKEZ -2;MOKSEFEN;Moksefen 400 mg 7 Film Tablet;5;1;6;745;
06.07.2026;NEVZAT ECZA DEPOSU;NEVZAT TRABZON;8680001175352;GÖKÇE ECZANESİ;GIRESUN MERKEZ -2;PANOCER;Panocer 40 mg 28 Enterik Kaplı Tablet;10;3;13;1.053;
06.07.2026;SELÇUK ECZA DEPOSU;SELÇUK TRABZON;8680001684878;HAZAR ECZANESİ;GIRESUN MERKEZ -2;PANOCER;Panocer 40 mg 28 Enterik Kaplı Tablet;2;0;2;211;
08.07.2026;ALLIANCE HEALTHCARE;AH ORDU;8680001459643;TUĞBA ECZANESİ;GIRESUN MERKEZ -2;PANOCER;Panocer 40 mg 28 Enterik Kaplı Tablet;10;3;13;1.053;
08.07.2026;ALLIANCE HEALTHCARE;AH ORDU;8680001459643;TUĞBA ECZANESİ;GIRESUN MERKEZ -2;PANOCER;Panocer 40 mg 28 Enterik Kaplı Tablet;10;3;13;1.053;
09.07.2026;SELÇUK ECZA DEPOSU;SELÇUK TRABZON;8680001189830;YENİYOL ECZANESİ;GIRESUN MERKEZ -2;ACİDPASS;Acidpass 10/800/165 mg 12 Çiğneme Tablet;10;1;11;1.122;
09.07.2026;ALLIANCE HEALTHCARE;AH ORDU;8680001518876;EMRE ECZANESİ;GIRESUN MERKEZ -2;ACİDPASS;Acidpass 10/800/165 mg 12 Çiğneme Tablet;20;3;23;2.245;
09.07.2026;SELÇUK ECZA DEPOSU;SELÇUK TRABZON;8680001514380;SERPİL ECZANESİ;GIRESUN MERKEZ -2;GRİPORT COLD;Griport Cold 20 Film Kaplı Tablet;12;4;16;1.010;
09.07.2026;SELÇUK ECZA DEPOSU;SELÇUK TRABZON;8680001165971;MEYDAN ECZANESİ;GIRESUN MERKEZ -2;MOKSEFEN;Moksefen 400 mg 7 Film Tablet;20;10;30;2.980;
09.07.2026;SELÇUK ECZA DEPOSU;SELÇUK TRABZON;8680001626038;KUTLAY ECZANESİ;GIRESUN MERKEZ -2;PANOCER;Panocer 40 mg 28 Enterik Kaplı Tablet;10;3;13;1.053;
09.07.2026;SELÇUK ECZA DEPOSU;SELÇUK TRABZON;8680001189830;YENİYOL ECZANESİ;GIRESUN MERKEZ -2;ACİDPASS;Acidpass 10/800/165 mg 12 Çiğneme Tablet;10;1;11;1.122;
09.07.2026;ALLIANCE HEALTHCARE;AH ORDU;8680001518876;EMRE ECZANESİ;GIRESUN MERKEZ -2;ACİDPASS;Acidpass 10/800/165 mg 12 Çiğneme Tablet;20;3;23;2.245;
09.07.2026;SELÇUK ECZA DEPOSU;SELÇUK TRABZON;8680001514380;SERPİL ECZANESİ;GIRESUN MERKEZ -2;GRİPORT COLD;Griport Cold 20 Film Kaplı Tablet;12;4;16;1.010;
09.07.2026;SELÇUK ECZA DEPOSU;SELÇUK TRABZON;8680001165971;MEYDAN ECZANESİ;GIRESUN MERKEZ -2;MOKSEFEN;Moksefen 400 mg 7 Film Tablet;20;10;30;2.980;
09.07.2026;SELÇUK ECZA DEPOSU;SELÇUK TRABZON;8680001626038;KUTLAY ECZANESİ;GIRESUN MERKEZ -2;PANOCER;Panocer 40 mg 28 Enterik Kaplı Tablet;10;3;13;1.053;
10.07.2026;ALLIANCE HEALTHCARE;AH ORDU;8680001171729;KURTOĞLU ECZANESİ;GIRESUN MERKEZ -2;ACİDPASS;Acidpass 10/800/165 mg 12 Çiğneme Tablet;2;0;2;224;
10.07.2026;ALLIANCE HEALTHCARE;AH ORDU;8680001171729;KURTOĞLU ECZANESİ;GIRESUN MERKEZ -2;ACİDPASS;Acidpass 10/800/165 mg 12 Çiğneme Tablet;2;0;2;224;
13.07.2026;SELÇUK ECZA DEPOSU;SELÇUK TRABZON;8680001505753;AYDINLAR ECZANESİ;GIRESUN MERKEZ -2;GRİPORT COLD;Griport Cold 20 Film Kaplı Tablet;6;1;7;505;
13.07.2026;SELÇUK ECZA DEPOSU;SELÇUK TRABZON;8680001505753;AYDINLAR ECZANESİ;GIRESUN MERKEZ -2;GRİPORT COLD;Griport Cold 20 Film Kaplı Tablet;6;1;7;505;
14.07.2026;ALLIANCE HEALTHCARE;AH ORDU;8680001167418;GÖKALP ECZANESİ;GIRESUN MERKEZ -2;ACİDPASS;Acidpass 10/800/165 mg 12 Çiğneme Tablet;2;0;2;224;
14.07.2026;SELÇUK ECZA DEPOSU;SELÇUK TRABZON;8680001658428;CEM ECZANESİ;GIRESUN MERKEZ -2;ACİDPASS;Acidpass 10/800/165 mg 12 Çiğneme Tablet;20;3;23;2.245;
14.07.2026;SELÇUK ECZA DEPOSU;SELÇUK TRABZON;8680001172900;IRMAK ECZANESİ;GIRESUN MERKEZ -2;MOKSEFEN;Moksefen 400 mg 7 Film Tablet;1;0;1;149;
14.07.2026;ALLIANCE HEALTHCARE;AH ORDU;8680001171729;KURTOĞLU ECZANESİ;GIRESUN MERKEZ -2;PANOCER;Panocer 40 mg 14 Enterik Kaplı Tablet;2;0;2;162;
14.07.2026;ALLIANCE HEALTHCARE;AH ORDU;8680001167418;GÖKALP ECZANESİ;GIRESUN MERKEZ -2;ACİDPASS;Acidpass 10/800/165 mg 12 Çiğneme Tablet;2;0;2;224;
14.07.2026;SELÇUK ECZA DEPOSU;SELÇUK TRABZON;8680001658428;CEM ECZANESİ;GIRESUN MERKEZ -2;ACİDPASS;Acidpass 10/800/165 mg 12 Çiğneme Tablet;20;3;23;2.245;
14.07.2026;SELÇUK ECZA DEPOSU;SELÇUK TRABZON;8680001172900;IRMAK ECZANESİ;GIRESUN MERKEZ -2;MOKSEFEN;Moksefen 400 mg 7 Film Tablet;1;0;1;149;
14.07.2026;ALLIANCE HEALTHCARE;AH ORDU;8680001171729;KURTOĞLU ECZANESİ;GIRESUN MERKEZ -2;PANOCER;Panocer 40 mg 14 Enterik Kaplı Tablet;2;0;2;162;
16.07.2026;ALLIANCE HEALTHCARE;AH ORDU;8680001165285;PINAR ECZANESİ;GIRESUN MERKEZ -2;ACİDPASS;Acidpass 10/800/165 mg 12 Çiğneme Tablet;20;3;23;2.245;
16.07.2026;ALLIANCE HEALTHCARE;AH ORDU;8680001162918;ÇAĞRI ECZANESİ;GIRESUN MERKEZ -2;GRİPORT COLD;Griport Cold 20 Film Kaplı Tablet;6;1;7;505;
16.07.2026;SELÇUK ECZA DEPOSU;SELÇUK TRABZON;8680001671588;SÜRENSOY ECZANESİ;GIRESUN MERKEZ -2;MOKSEFEN;Moksefen 400 mg 7 Film Tablet;10;3;13;1.490;
16.07.2026;SELÇUK ECZA DEPOSU;SELÇUK TRABZON;8680001165018;ELİF ECZANESİ;GIRESUN MERKEZ -2;PANOCER;Panocer 40 mg 28 Enterik Kaplı Tablet;10;3;13;1.053;
16.07.2026;ALLIANCE HEALTHCARE;AH ORDU;8680001165285;PINAR ECZANESİ;GIRESUN MERKEZ -2;ACİDPASS;Acidpass 10/800/165 mg 12 Çiğneme Tablet;20;3;23;2.245;
16.07.2026;ALLIANCE HEALTHCARE;AH ORDU;8680001162918;ÇAĞRI ECZANESİ;GIRESUN MERKEZ -2;GRİPORT COLD;Griport Cold 20 Film Kaplı Tablet;6;1;7;505;
16.07.2026;SELÇUK ECZA DEPOSU;SELÇUK TRABZON;8680001671588;SÜRENSOY ECZANESİ;GIRESUN MERKEZ -2;MOKSEFEN;Moksefen 400 mg 7 Film Tablet;10;3;13;1.490;
16.07.2026;SELÇUK ECZA DEPOSU;SELÇUK TRABZON;8680001165018;ELİF ECZANESİ;GIRESUN MERKEZ -2;PANOCER;Panocer 40 mg 28 Enterik Kaplı Tablet;10;3;13;1.053;
17.07.2026;NEVZAT ECZA DEPOSU;NEVZAT TRABZON;8680001171453;KARACA ECZANESİ;GIRESUN MERKEZ -2;ACİDPASS;Acidpass 10/800/165 mg 12 Çiğneme Tablet;10;1;11;1.122;
17.07.2026;SELÇUK ECZA DEPOSU;SELÇUK TRABZON;8680001656752;YAŞAM ECZANESİ;GIRESUN MERKEZ -2;ACİDPASS;Acidpass 10/800/165 mg 12 Çiğneme Tablet;50;15;65;5.612;
17.07.2026;SELÇUK ECZA DEPOSU;SELÇUK TRABZON;8680001459643;TUĞBA ECZANESİ;GIRESUN MERKEZ -2;MOKSEFEN;Moksefen 400 mg 7 Film Tablet;20;10;30;2.980;
17.07.2026;NEVZAT ECZA DEPOSU;NEVZAT TRABZON;8680001171453;KARACA ECZANESİ;GIRESUN MERKEZ -2;ACİDPASS;Acidpass 10/800/165 mg 12 Çiğneme Tablet;10;1;11;1.122;
17.07.2026;SELÇUK ECZA DEPOSU;SELÇUK TRABZON;8680001656752;YAŞAM ECZANESİ;GIRESUN MERKEZ -2;ACİDPASS;Acidpass 10/800/165 mg 12 Çiğneme Tablet;50;15;65;5.612;
17.07.2026;SELÇUK ECZA DEPOSU;SELÇUK TRABZON;8680001459643;TUĞBA ECZANESİ;GIRESUN MERKEZ -2;MOKSEFEN;Moksefen 400 mg 7 Film Tablet;20;10;30;2.980;
18.07.2026;SELÇUK ECZA DEPOSU;SELÇUK TRABZON;8680001505753;AYDINLAR ECZANESİ;GIRESUN MERKEZ -2;MOKSEFEN;Moksefen 400 mg 7 Film Tablet;20;10;30;2.980;
18.07.2026;SELÇUK ECZA DEPOSU;SELÇUK TRABZON;8680001505753;AYDINLAR ECZANESİ;GIRESUN MERKEZ -2;MOKSEFEN;Moksefen 400 mg 7 Film Tablet;20;10;30;2.980;
20.07.2026;SELÇUK ECZA DEPOSU;SELÇUK TRABZON;8680001445721;ARDA ECZANESİ;GIRESUN MERKEZ -2;ACİDPASS;Acidpass 10/800/165 mg 12 Çiğneme Tablet;1;0;1;112;
20.07.2026;SELÇUK ECZA DEPOSU;SELÇUK TRABZON;8680001445721;ARDA ECZANESİ;GIRESUN MERKEZ -2;ACİDPASS;Acidpass 10/800/165 mg 12 Çiğneme Tablet;1;0;1;112;
21.07.2026;ALLIANCE HEALTHCARE;AH ORDU;8680001167418;GÖKALP ECZANESİ;GIRESUN MERKEZ -2;ACİDPASS;Acidpass 10/800/165 mg 12 Çiğneme Tablet;10;1;11;1.122;
21.07.2026;ALLIANCE HEALTHCARE;AH ORDU;8680001624478;SAZBEYİ  ECZANESİ;GIRESUN MERKEZ -2;ACİDPASS;Acidpass 10/800/165 mg 12 Çiğneme Tablet;10;1;11;1.122;
21.07.2026;NEVZAT ECZA DEPOSU;NEVZAT TRABZON;8680001678167;ABACIBUKU ECZANESİ;GIRESUN MERKEZ -2;ACİDPASS;Acidpass 10/800/165 mg 12 Çiğneme Tablet;10;1;11;1.122;
21.07.2026;SELÇUK ECZA DEPOSU;SELÇUK TRABZON;8680001171453;KARACA ECZANESİ;GIRESUN MERKEZ -2;MOKSEFEN;Moksefen 400 mg 7 Film Tablet;5;1;6;745;
21.07.2026;ALLIANCE HEALTHCARE;AH ORDU;8680001167418;GÖKALP ECZANESİ;GIRESUN MERKEZ -2;ACİDPASS;Acidpass 10/800/165 mg 12 Çiğneme Tablet;10;1;11;1.122;
21.07.2026;ALLIANCE HEALTHCARE;AH ORDU;8680001624478;SAZBEYİ  ECZANESİ;GIRESUN MERKEZ -2;ACİDPASS;Acidpass 10/800/165 mg 12 Çiğneme Tablet;10;1;11;1.122;
21.07.2026;NEVZAT ECZA DEPOSU;NEVZAT TRABZON;8680001678167;ABACIBUKU ECZANESİ;GIRESUN MERKEZ -2;ACİDPASS;Acidpass 10/800/165 mg 12 Çiğneme Tablet;10;1;11;1.122;
21.07.2026;SELÇUK ECZA DEPOSU;SELÇUK TRABZON;8680001171453;KARACA ECZANESİ;GIRESUN MERKEZ -2;MOKSEFEN;Moksefen 400 mg 7 Film Tablet;5;1;6;745;
22.07.2026;ALLIANCE HEALTHCARE;AH ORDU;8680001175352;GÖKÇE ECZANESİ;GIRESUN MERKEZ -2;ACİDPASS;Acidpass 10/800/165 mg 12 Çiğneme Tablet;50;15;65;5.612;
22.07.2026;ALLIANCE HEALTHCARE;AH ORDU;8680001525522;CANER ECZANESİ;GIRESUN MERKEZ -2;ACİDPASS;Acidpass 10/800/165 mg 12 Çiğneme Tablet;50;15;65;5.612;
22.07.2026;ALLIANCE HEALTHCARE;AH ORDU;8680001164882;GÖKHAN ECZANESİ;GIRESUN MERKEZ -2;ACİDPASS;Acidpass 10/800/165 mg 6 Çiğneme Tablet;1;0;1;69;
22.07.2026;NEVZAT ECZA DEPOSU;NEVZAT TRABZON;8680001175352;GÖKÇE ECZANESİ;GIRESUN MERKEZ -2;GRİPORT COLD;Griport Cold 20 Film Kaplı Tablet;5;0;5;421;
22.07.2026;ALLIANCE HEALTHCARE;AH ORDU;8680001175352;GÖKÇE ECZANESİ;GIRESUN MERKEZ -2;ACİDPASS;Acidpass 10/800/165 mg 12 Çiğneme Tablet;50;15;65;5.612;
22.07.2026;ALLIANCE HEALTHCARE;AH ORDU;8680001525522;CANER ECZANESİ;GIRESUN MERKEZ -2;ACİDPASS;Acidpass 10/800/165 mg 12 Çiğneme Tablet;50;15;65;5.612;
22.07.2026;ALLIANCE HEALTHCARE;AH ORDU;8680001164882;GÖKHAN ECZANESİ;GIRESUN MERKEZ -2;ACİDPASS;Acidpass 10/800/165 mg 6 Çiğneme Tablet;1;0;1;69;
22.07.2026;NEVZAT ECZA DEPOSU;NEVZAT TRABZON;8680001175352;GÖKÇE ECZANESİ;GIRESUN MERKEZ -2;GRİPORT COLD;Griport Cold 20 Film Kaplı Tablet;5;0;5;421;
23.07.2026;SELÇUK ECZA DEPOSU;SELÇUK TRABZON;8680001165971;MEYDAN ECZANESİ;GIRESUN MERKEZ -2;ACİDPASS;Acidpass 10/800/165 mg 12 Çiğneme Tablet;3;0;3;337;
23.07.2026;SELÇUK ECZA DEPOSU;SELÇUK TRABZON;8680001514380;SERPİL ECZANESİ;GIRESUN MERKEZ -2;ACİDPASS;Acidpass 10/800/165 mg 6 Çiğneme Tablet;1;0;1;69;
23.07.2026;SELÇUK ECZA DEPOSU;SELÇUK TRABZON;8680001165971;MEYDAN ECZANESİ;GIRESUN MERKEZ -2;ACİDPASS;Acidpass 10/800/165 mg 12 Çiğneme Tablet;3;0;3;337;
23.07.2026;SELÇUK ECZA DEPOSU;SELÇUK TRABZON;8680001514380;SERPİL ECZANESİ;GIRESUN MERKEZ -2;ACİDPASS;Acidpass 10/800/165 mg 6 Çiğneme Tablet;1;0;1;69;
24.07.2026;SELÇUK ECZA DEPOSU;SELÇUK TRABZON;8680001450756;EBRU ECZANESİ;GIRESUN MERKEZ -2;ACİDPASS;Acidpass 10/800/165 mg 12 Çiğneme Tablet;20;3;23;2.245;
24.07.2026;SELÇUK ECZA DEPOSU;SELÇUK TRABZON;8680001167166;ANNAKKAYA ECZANESİ;GIRESUN MERKEZ -2;ACİDPASS;Acidpass 10/800/165 mg 12 Çiğneme Tablet;10;1;11;1.122;
24.07.2026;SELÇUK ECZA DEPOSU;SELÇUK TRABZON;8680001514380;SERPİL ECZANESİ;GIRESUN MERKEZ -2;ACİDPASS;Acidpass 10/800/165 mg 12 Çiğneme Tablet;10;1;11;1.122;
24.07.2026;SELÇUK ECZA DEPOSU;SELÇUK TRABZON;8680001642038;ZELİHA ÖDEMİŞ ECZANESİ;GIRESUN MERKEZ -2;ACİDPASS;Acidpass 10/800/165 mg 12 Çiğneme Tablet;20;3;23;2.245;
24.07.2026;SELÇUK ECZA DEPOSU;SELÇUK TRABZON;8680001173266;HÜLYA ECZANESİ;GIRESUN MERKEZ -2;MOKSEFEN;Moksefen 400 mg 7 Film Tablet;10;3;13;1.490;
24.07.2026;SELÇUK ECZA DEPOSU;SELÇUK TRABZON;8680001518876;EMRE ECZANESİ;GIRESUN MERKEZ -2;MOKSEFEN;Moksefen 400 mg 7 Film Tablet;20;10;30;2.980;
24.07.2026;SELÇUK ECZA DEPOSU;SELÇUK TRABZON;8680001450756;EBRU ECZANESİ;GIRESUN MERKEZ -2;ACİDPASS;Acidpass 10/800/165 mg 12 Çiğneme Tablet;20;3;23;2.245;
24.07.2026;SELÇUK ECZA DEPOSU;SELÇUK TRABZON;8680001167166;ANNAKKAYA ECZANESİ;GIRESUN MERKEZ -2;ACİDPASS;Acidpass 10/800/165 mg 12 Çiğneme Tablet;10;1;11;1.122;
24.07.2026;SELÇUK ECZA DEPOSU;SELÇUK TRABZON;8680001514380;SERPİL ECZANESİ;GIRESUN MERKEZ -2;ACİDPASS;Acidpass 10/800/165 mg 12 Çiğneme Tablet;10;1;11;1.122;
24.07.2026;SELÇUK ECZA DEPOSU;SELÇUK TRABZON;8680001642038;ZELİHA ÖDEMİŞ ECZANESİ;GIRESUN MERKEZ -2;ACİDPASS;Acidpass 10/800/165 mg 12 Çiğneme Tablet;20;3;23;2.245;
24.07.2026;SELÇUK ECZA DEPOSU;SELÇUK TRABZON;8680001173266;HÜLYA ECZANESİ;GIRESUN MERKEZ -2;MOKSEFEN;Moksefen 400 mg 7 Film Tablet;10;3;13;1.490;
24.07.2026;SELÇUK ECZA DEPOSU;SELÇUK TRABZON;8680001518876;EMRE ECZANESİ;GIRESUN MERKEZ -2;MOKSEFEN;Moksefen 400 mg 7 Film Tablet;20;10;30;2.980;
27.07.2026;SELÇUK ECZA DEPOSU;SELÇUK TRABZON;8680001758043;ÖNAL ECZANE;GIRESUN MERKEZ -2;GRİPORT COLD;Griport Cold 20 Film Kaplı Tablet;2;0;2;168;
27.07.2026;SELÇUK ECZA DEPOSU;SELÇUK TRABZON;8680001758043;ÖNAL ECZANE;GIRESUN MERKEZ -2;GRİPORT COLD;Griport Cold 20 Film Kaplı Tablet;2;0;2;168;
28.07.2026;ALLIANCE HEALTHCARE;AH ORDU;8680001483327;MERVE ECZANESİ;GIRESUN MERKEZ -2;ACİDPASS;Acidpass 10/800/165 mg 12 Çiğneme Tablet;20;3;23;2.245;
28.07.2026;ALLIANCE HEALTHCARE;AH ORDU;8680001167418;GÖKALP ECZANESİ;GIRESUN MERKEZ -2;PANOCER;Panocer 40 mg 28 Enterik Kaplı Tablet;3;0;3;316;
28.07.2026;SELÇUK ECZA DEPOSU;SELÇUK TRABZON;8680001165971;MEYDAN ECZANESİ;GIRESUN MERKEZ -2;PANOCER;Panocer 40 mg 28 Enterik Kaplı Tablet;3;0;3;316;
28.07.2026;ALLIANCE HEALTHCARE;AH ORDU;8680001483327;MERVE ECZANESİ;GIRESUN MERKEZ -2;ACİDPASS;Acidpass 10/800/165 mg 12 Çiğneme Tablet;20;3;23;2.245;
28.07.2026;ALLIANCE HEALTHCARE;AH ORDU;8680001167418;GÖKALP ECZANESİ;GIRESUN MERKEZ -2;PANOCER;Panocer 40 mg 28 Enterik Kaplı Tablet;3;0;3;316;
28.07.2026;SELÇUK ECZA DEPOSU;SELÇUK TRABZON;8680001165971;MEYDAN ECZANESİ;GIRESUN MERKEZ -2;PANOCER;Panocer 40 mg 28 Enterik Kaplı Tablet;3;0;3;316;
29.07.2026;SELÇUK ECZA DEPOSU;SELÇUK TRABZON;8680001445721;ARDA ECZANESİ;GIRESUN MERKEZ -2;ACİDPASS;Acidpass 10/800/165 mg 12 Çiğneme Tablet;-1;0;-1;-112;
29.07.2026;SELÇUK ECZA DEPOSU;SELÇUK TRABZON;8680001165971;MEYDAN ECZANESİ;GIRESUN MERKEZ -2;ACİDPASS;Acidpass 10/800/165 mg 12 Çiğneme Tablet;2;0;2;224;
29.07.2026;SELÇUK ECZA DEPOSU;SELÇUK TRABZON;8680001445721;ARDA ECZANESİ;GIRESUN MERKEZ -2;GRİPORT COLD;Griport Cold 20 Film Kaplı Tablet;-2;0;-2;-168;
29.07.2026;SELÇUK ECZA DEPOSU;SELÇUK TRABZON;8680001626038;KUTLAY ECZANESİ;GIRESUN MERKEZ -2;MOKSEFEN;Moksefen 400 mg 7 Film Tablet;5;1;6;745;
29.07.2026;SELÇUK ECZA DEPOSU;SELÇUK TRABZON;8680001445721;ARDA ECZANESİ;GIRESUN MERKEZ -2;PANOCER;Panocer 40 mg 28 Enterik Kaplı Tablet;-2;-1;-3;-211;
29.07.2026;SELÇUK ECZA DEPOSU;SELÇUK TRABZON;8680001567829;ZEYNEP ECZANESİ;GIRESUN MERKEZ -2;PANOCER;Panocer 40 mg 28 Enterik Kaplı Tablet;30;12;42;3.159;
29.07.2026;SELÇUK ECZA DEPOSU;SELÇUK TRABZON;8680001445721;ARDA ECZANESİ;GIRESUN MERKEZ -2;ACİDPASS;Acidpass 10/800/165 mg 12 Çiğneme Tablet;-1;0;-1;-112;
29.07.2026;SELÇUK ECZA DEPOSU;SELÇUK TRABZON;8680001165971;MEYDAN ECZANESİ;GIRESUN MERKEZ -2;ACİDPASS;Acidpass 10/800/165 mg 12 Çiğneme Tablet;2;0;2;224;
29.07.2026;SELÇUK ECZA DEPOSU;SELÇUK TRABZON;8680001445721;ARDA ECZANESİ;GIRESUN MERKEZ -2;GRİPORT COLD;Griport Cold 20 Film Kaplı Tablet;-2;0;-2;-168;
29.07.2026;SELÇUK ECZA DEPOSU;SELÇUK TRABZON;8680001626038;KUTLAY ECZANESİ;GIRESUN MERKEZ -2;MOKSEFEN;Moksefen 400 mg 7 Film Tablet;5;1;6;745;
29.07.2026;SELÇUK ECZA DEPOSU;SELÇUK TRABZON;8680001445721;ARDA ECZANESİ;GIRESUN MERKEZ -2;PANOCER;Panocer 40 mg 28 Enterik Kaplı Tablet;-2;-1;-3;-211;
29.07.2026;SELÇUK ECZA DEPOSU;SELÇUK TRABZON;8680001567829;ZEYNEP ECZANESİ;GIRESUN MERKEZ -2;PANOCER;Panocer 40 mg 28 Enterik Kaplı Tablet;30;12;42;3.159;
30.07.2026;SELÇUK ECZA DEPOSU;SELÇUK TRABZON;8680001445721;ARDA ECZANESİ;GIRESUN MERKEZ -2;ACİDPASS;Acidpass 10/800/165 mg 12 Çiğneme Tablet;1;0;1;112;
30.07.2026;SELÇUK ECZA DEPOSU;SELÇUK TRABZON;8680001517299;ONUR ECZANESİ;GIRESUN MERKEZ -2;ACİDPASS;Acidpass 10/800/165 mg 12 Çiğneme Tablet;20;3;23;2.245;
30.07.2026;SELÇUK ECZA DEPOSU;SELÇUK TRABZON;8680001928415;NİSANUR ECZANESİ;GIRESUN MERKEZ -2;MOKSEFEN;Moksefen 400 mg 7 Film Tablet;1;0;1;149;
30.07.2026;ALLIANCE HEALTHCARE;AH ORDU;8680001517299;ONUR ECZANESİ;GIRESUN MERKEZ -2;PANOCER;Panocer 40 mg 28 Enterik Kaplı Tablet;50;25;75;5.266;
30.07.2026;SELÇUK ECZA DEPOSU;SELÇUK TRABZON;8680001445721;ARDA ECZANESİ;GIRESUN MERKEZ -2;ACİDPASS;Acidpass 10/800/165 mg 12 Çiğneme Tablet;1;0;1;112;
30.07.2026;SELÇUK ECZA DEPOSU;SELÇUK TRABZON;8680001517299;ONUR ECZANESİ;GIRESUN MERKEZ -2;ACİDPASS;Acidpass 10/800/165 mg 12 Çiğneme Tablet;20;3;23;2.245;
30.07.2026;SELÇUK ECZA DEPOSU;SELÇUK TRABZON;8680001928415;NİSANUR ECZANESİ;GIRESUN MERKEZ -2;MOKSEFEN;Moksefen 400 mg 7 Film Tablet;1;0;1;149;
30.07.2026;ALLIANCE HEALTHCARE;AH ORDU;8680001517299;ONUR ECZANESİ;GIRESUN MERKEZ -2;PANOCER;Panocer 40 mg 28 Enterik Kaplı Tablet;50;25;75;5.266;
31.07.2026;ALLIANCE HEALTHCARE;AH ORDU;8680001758043;ÖNAL ECZANE;GIRESUN MERKEZ -2;GRİPORT COLD;Griport Cold 20 Film Kaplı Tablet;2;0;2;168;
31.07.2026;ALLIANCE HEALTHCARE;AH ORDU;8680001758043;ÖNAL ECZANE;GIRESUN MERKEZ -2;GRİPORT COLD;Griport Cold 20 Film Kaplı Tablet;2;0;2;168;
01.07.2026;ALLIANCE HEALTHCARE;AH TRABZON;8680001751310;ŞEKER ECZANESİ;GUMUSHANE;GRİPORT COLD;Griport Cold 20 Film Kaplı Tablet;60;40;100;5.049;
01.07.2026;SELÇUK ECZA DEPOSU;SELÇUK TRABZON;8680001710331;SENA ECZANESİ;GUMUSHANE;PANOCER;Panocer 40 mg 28 Enterik Kaplı Tablet;30;12;42;3.159;
01.07.2026;ALLIANCE HEALTHCARE;AH TRABZON;8680001751310;ŞEKER ECZANESİ;GUMUSHANE;PANOCER;Panocer 40 mg 28 Enterik Kaplı Tablet;50;25;75;5.266;
02.07.2026;SELÇUK ECZA DEPOSU;SELÇUK TRABZON;8680001449767;ERDEM ECZANESİ;GUMUSHANE;ACİDPASS;Acidpass 10/800/165 mg 12 Çiğneme Tablet;27;4;31;3.030;
02.07.2026;ALLIANCE HEALTHCARE;AH TRABZON;8680001932153;MORDUT ECZANESİ;GUMUSHANE;ACİDPASS;Acidpass 10/800/165 mg 12 Çiğneme Tablet;50;15;65;5.612;
02.07.2026;ALLIANCE HEALTHCARE;AH TRABZON;8680001417018;LOKMAN HEKİM ECZANESİ;GUMUSHANE;PANOCER;Panocer 40 mg 28 Enterik Kaplı Tablet;165;135;300;17.377;
02.07.2026;ALLIANCE HEALTHCARE;AH TRABZON;8680001417018;LOKMAN HEKİM ECZANESİ;GUMUSHANE;PANOCER;Panocer 40 mg 28 Enterik Kaplı Tablet;165;135;300;17.377;
03.07.2026;SELÇUK ECZA DEPOSU;SELÇUK TRABZON;8680001200351;KARADENİZ ECZANESİ;GUMUSHANE;ACİDPASS;Acidpass 10/800/165 mg 12 Çiğneme Tablet;3;0;3;337;
03.07.2026;ALLIANCE HEALTHCARE;AH TRABZON;8680001175291;VERESELİ KARACA ECZANESİ;GUMUSHANE;GRİPORT COLD;Griport Cold 20 Film Kaplı Tablet;12;4;16;1.010;
03.07.2026;SELÇUK ECZA DEPOSU;SELÇUK TRABZON;8680001174898;ÖZKAN ECZANESİ;GUMUSHANE;MOKSEFEN;Moksefen 400 mg 7 Film Tablet;20;10;30;2.980;
03.07.2026;SELÇUK ECZA DEPOSU;SELÇUK TRABZON;8680001508426;DEVA ECZANESİ;GUMUSHANE;MOKSEFEN;Moksefen 400 mg 7 Film Tablet;20;10;30;2.980;
03.07.2026;ALLIANCE HEALTHCARE;AH TRABZON;8680001751310;ŞEKER ECZANESİ;GUMUSHANE;MOKSEFEN;Moksefen 400 mg 7 Film Tablet;10;3;13;1.490;
03.07.2026;SELÇUK ECZA DEPOSU;SELÇUK TRABZON;8680001186617;KÜRTÜN SİMGE ECZANESİ;GUMUSHANE;PANOCER;Panocer 40 mg 28 Enterik Kaplı Tablet;50;25;75;5.266;
05.07.2026;ALLIANCE HEALTHCARE;AH TRABZON;8680001793495;YAĞMUR ECZANESİ;GUMUSHANE;PANOCER;Panocer 40 mg 28 Enterik Kaplı Tablet;30;12;42;3.159;
06.07.2026;ALLIANCE HEALTHCARE;AH TRABZON;8680001732036;SOYLU ECZANESİ;GUMUSHANE;MOKSEFEN;Moksefen 400 mg 7 Film Tablet;2;0;2;298;
07.07.2026;SELÇUK ECZA DEPOSU;SELÇUK TRABZON;8680001710331;SENA ECZANESİ;GUMUSHANE;ACİDPASS;Acidpass 10/800/165 mg 12 Çiğneme Tablet;10;1;11;1.122;
08.07.2026;SELÇUK ECZA DEPOSU;SELÇUK TRABZON;8680001174898;ÖZKAN ECZANESİ;GUMUSHANE;MOKSEFEN;Moksefen 400 mg 7 Film Tablet;-20;-10;-30;-2.980;
09.07.2026;SELÇUK ECZA DEPOSU;SELÇUK TRABZON;8680001752270;YAREN ECZANESİ;GUMUSHANE;ACİDPASS;Acidpass 10/800/165 mg 12 Çiğneme Tablet;2;0;2;224;
09.07.2026;ALLIANCE HEALTHCARE;AH TRABZON;8680001732036;SOYLU ECZANESİ;GUMUSHANE;MOKSEFEN;Moksefen 400 mg 7 Film Tablet;10;3;13;1.490;
09.07.2026;SELÇUK ECZA DEPOSU;SELÇUK TRABZON;8680001225859;GÜVEN ECZANESİ;GUMUSHANE;PANOCER;Panocer 40 mg 28 Enterik Kaplı Tablet;30;12;42;3.159;
10.07.2026;SELÇUK ECZA DEPOSU;SELÇUK TRABZON;8680001519828;SİNEM ECZANESİ;GUMUSHANE;ACİDPASS;Acidpass 10/800/165 mg 12 Çiğneme Tablet;20;3;23;2.245;
10.07.2026;SELÇUK ECZA DEPOSU;SELÇUK TRABZON;8680001170876;IŞIK ECZANESİ;GUMUSHANE;MOKSEFEN;Moksefen 400 mg 7 Film Tablet;10;3;13;1.490;
11.07.2026;SELÇUK ECZA DEPOSU;SELÇUK TRABZON;8680001857609;HALİDE ECZANESİ;GUMUSHANE;PANOCER;Panocer 40 mg 14 Enterik Kaplı Tablet;1;0;1;81;
13.07.2026;ALLIANCE HEALTHCARE;AH TRABZON;8680001200016;ÖZTÜRK ECZANESİ;GUMUSHANE;ACİDPASS;Acidpass 10/800/165 mg 12 Çiğneme Tablet;10;1;11;1.122;
13.07.2026;ALLIANCE HEALTHCARE;AH TRABZON;8680001712915;AYDIN ECZANESİ;GUMUSHANE;PANOCER;Panocer 40 mg 14 Enterik Kaplı Tablet;2;0;2;162;
14.07.2026;ALLIANCE HEALTHCARE;AH TRABZON;8680001172009;SAĞLIK ECZANESİ;GUMUSHANE;ACİDPASS;Acidpass 10/800/165 mg 12 Çiğneme Tablet;20;3;23;2.245;
14.07.2026;ALLIANCE HEALTHCARE;AH TRABZON;8680001170906;HAYAT ECZANESİ;GUMUSHANE;PANOCER;Panocer 40 mg 28 Enterik Kaplı Tablet;30;12;42;3.159;
14.07.2026;ALLIANCE HEALTHCARE;AH TRABZON;8680001522439;YAŞAM ECZANESİ;GUMUSHANE;PANOCER;Panocer 40 mg 28 Enterik Kaplı Tablet;10;3;13;1.053;
16.07.2026;ALLIANCE HEALTHCARE;AH TRABZON;8680001181766;HUZUR ECZANESİ;GUMUSHANE;MOKSEFEN;Moksefen 400 mg 7 Film Tablet;20;10;30;2.980;
16.07.2026;ALLIANCE HEALTHCARE;AH TRABZON;8680001743155;NUR ECZANESİ;GUMUSHANE;MOKSEFEN;Moksefen 400 mg 7 Film Tablet;10;3;13;1.490;
17.07.2026;ALLIANCE HEALTHCARE;AH TRABZON;8680001188482;ŞİFA ECZANESİ;GUMUSHANE;PANOCER;Panocer 40 mg 28 Enterik Kaplı Tablet;10;3;13;1.053;
18.07.2026;SELÇUK ECZA DEPOSU;SELÇUK TRABZON;8680001225859;GÜVEN ECZANESİ;GUMUSHANE;ACİDPASS;Acidpass 10/800/165 mg 12 Çiğneme Tablet;10;1;11;1.122;
18.07.2026;SELÇUK ECZA DEPOSU;SELÇUK TRABZON;8680001516100;TORUL ECZANESİ;GUMUSHANE;PANOCER;Panocer 40 mg 28 Enterik Kaplı Tablet;165;135;300;17.377;
19.07.2026;SELÇUK ECZA DEPOSU;SELÇUK TRABZON;8680001170463;ŞİFA ECZANESİ;GUMUSHANE;ACİDPASS;Acidpass 10/800/165 mg 12 Çiğneme Tablet;10;1;11;1.122;
22.07.2026;ALLIANCE HEALTHCARE;AH TRABZON;8680001179046;GİRİFTİNOĞLU ECZANESİ;GUMUSHANE;ACİDPASS;Acidpass 10/800/165 mg 12 Çiğneme Tablet;4;0;4;449;
23.07.2026;SELÇUK ECZA DEPOSU;SELÇUK TRABZON;8680001743155;NUR ECZANESİ;GUMUSHANE;ACİDPASS;Acidpass 10/800/165 mg 12 Çiğneme Tablet;2;0;2;224;
23.07.2026;SELÇUK ECZA DEPOSU;SELÇUK TRABZON;8680001201976;ŞİFA ECZANESİ;GUMUSHANE;MOKSEFEN;Moksefen 400 mg 7 Film Tablet;30;15;45;4.470;
26.07.2026;ALLIANCE HEALTHCARE;AH TRABZON;8680001732036;SOYLU ECZANESİ;GUMUSHANE;ACİDPASS;Acidpass 10/800/165 mg 6 Çiğneme Tablet;1;0;1;69;
26.07.2026;SELÇUK ECZA DEPOSU;SELÇUK TRABZON;8680001752270;YAREN ECZANESİ;GUMUSHANE;PANOCER;Panocer 40 mg 28 Enterik Kaplı Tablet;10;3;13;1.053;
27.07.2026;ALLIANCE HEALTHCARE;AH TRABZON;8680001519828;SİNEM ECZANESİ;GUMUSHANE;GRİPORT COLD;Griport Cold 20 Film Kaplı Tablet;6;1;7;505;
28.07.2026;SELÇUK ECZA DEPOSU;SELÇUK TRABZON;8680001200351;KARADENİZ ECZANESİ;GUMUSHANE;ACİDPASS;Acidpass 10/800/165 mg 12 Çiğneme Tablet;10;1;11;1.122;
28.07.2026;ALLIANCE HEALTHCARE;AH TRABZON;8680001516100;TORUL ECZANESİ;GUMUSHANE;ACİDPASS;Acidpass 10/800/165 mg 12 Çiğneme Tablet;10;1;11;1.122;
28.07.2026;ALLIANCE HEALTHCARE;AH TRABZON;8680001172009;SAĞLIK ECZANESİ;GUMUSHANE;MOKSEFEN;Moksefen 400 mg 7 Film Tablet;20;10;30;2.980;
28.07.2026;ALLIANCE HEALTHCARE;AH TRABZON;8680001174898;ÖZKAN ECZANESİ;GUMUSHANE;PANOCER;Panocer 40 mg 28 Enterik Kaplı Tablet;10;3;13;1.053;
29.07.2026;ALLIANCE HEALTHCARE;AH TRABZON;8680001732036;SOYLU ECZANESİ;GUMUSHANE;ACİDPASS;Acidpass 10/800/165 mg 12 Çiğneme Tablet;1;0;1;112;
30.07.2026;ALLIANCE HEALTHCARE;AH TRABZON;8680001170876;IŞIK ECZANESİ;GUMUSHANE;ACİDPASS;Acidpass 10/800/165 mg 12 Çiğneme Tablet;10;1;11;1.122;
30.07.2026;ALLIANCE HEALTHCARE;AH TRABZON;8680001175291;VERESELİ KARACA ECZANESİ;GUMUSHANE;ACİDPASS;Acidpass 10/800/165 mg 12 Çiğneme Tablet;10;1;11;1.122;
30.07.2026;ALLIANCE HEALTHCARE;AH TRABZON;8680001170906;HAYAT ECZANESİ;GUMUSHANE;ACİDPASS;Acidpass 10/800/165 mg 12 Çiğneme Tablet;2;0;2;224;
30.07.2026;ALLIANCE HEALTHCARE;AH TRABZON;8680001464593;EYLÜL ECZANESİ;GUMUSHANE;FAMTREC;Famtrec 800/26,6mg 14 Film Kaplı Tablet;5;1;6;511;
30.07.2026;SELÇUK ECZA DEPOSU;SELÇUK TRABZON;8680001516100;TORUL ECZANESİ;GUMUSHANE;MOKSEFEN;Moksefen 400 mg 7 Film Tablet;20;10;30;2.980;
30.07.2026;SELÇUK ECZA DEPOSU;SELÇUK TRABZON;8680001449767;ERDEM ECZANESİ;GUMUSHANE;PANOCER;Panocer 40 mg 28 Enterik Kaplı Tablet;165;135;300;17.377;
30.07.2026;ALLIANCE HEALTHCARE;AH TRABZON;8680001793495;YAĞMUR ECZANESİ;GUMUSHANE;PANOCER;Panocer 40 mg 28 Enterik Kaplı Tablet;30;12;42;3.159;
31.07.2026;ALLIANCE HEALTHCARE;AH TRABZON;8680001417018;LOKMAN HEKİM ECZANESİ;GUMUSHANE;ACİDPASS;Acidpass 10/800/165 mg 12 Çiğneme Tablet;10;1;11;1.122;
31.07.2026;ALLIANCE HEALTHCARE;AH TRABZON;8680001175291;VERESELİ KARACA ECZANESİ;GUMUSHANE;FAMTREC;Famtrec 800/26,6mg 14 Film Kaplı Tablet;5;1;6;511;
31.07.2026;ALLIANCE HEALTHCARE;AH TRABZON;8680001417018;LOKMAN HEKİM ECZANESİ;GUMUSHANE;FAMTREC;Famtrec 800/26,6mg 14 Film Kaplı Tablet;5;1;6;511;
01.07.2026;SELÇUK ECZA DEPOSU;SELÇUK ERZURUM;8680001488131;KARABAĞ ECZANESİ;KARS ILCELER;ACİDPASS;Acidpass 10/800/165 mg 12 Çiğneme Tablet;1;0;1;112;
01.07.2026;NEVZAT ECZA DEPOSU;NEVZAT ERZURUM;8680001307692;SAFFET ECZANESİ;KARS ILCELER;PANOCER;Panocer 40 mg 28 Enterik Kaplı Tablet;10;3;13;1.053;
01.07.2026;SELÇUK ECZA DEPOSU;SELÇUK ERZURUM;8680001488131;KARABAĞ ECZANESİ;KARS ILCELER;PANOCER;Panocer 40 mg 28 Enterik Kaplı Tablet;3;0;3;316;
01.07.2026;SELÇUK ECZA DEPOSU;SELÇUK ERZURUM;8680001693542;BARAN ECZANESİ;KARS ILCELER;PANOCER;Panocer 40 mg 28 Enterik Kaplı Tablet;165;135;300;17.377;
03.07.2026;SELÇUK ECZA DEPOSU;SELÇUK ERZURUM;8680001732296;RÜMEYSA ECZANESİ;KARS ILCELER;ACİDPASS;Acidpass 10/800/165 mg 12 Çiğneme Tablet;1;0;1;112;
06.07.2026;SELÇUK ECZA DEPOSU;SELÇUK ERZURUM;8680001175369;ARAS ECZANESİ;KARS ILCELER;ACİDPASS;Acidpass 10/800/165 mg 12 Çiğneme Tablet;2;0;2;224;
06.07.2026;SELÇUK ECZA DEPOSU;SELÇUK ERZURUM;8680001488131;KARABAĞ ECZANESİ;KARS ILCELER;ACİDPASS;Acidpass 10/800/165 mg 12 Çiğneme Tablet;2;0;2;224;
06.07.2026;SELÇUK ECZA DEPOSU;SELÇUK ERZURUM;8680001178520;SAĞLIK ECZANESİ;KARS ILCELER;ACİDPASS;Acidpass 10/800/165 mg 12 Çiğneme Tablet;10;1;11;1.122;
07.07.2026;SELÇUK ECZA DEPOSU;SELÇUK ERZURUM;8680001488131;KARABAĞ ECZANESİ;KARS ILCELER;ACİDPASS;Acidpass 10/800/165 mg 12 Çiğneme Tablet;-1;0;-1;-112;
07.07.2026;SELÇUK ECZA DEPOSU;SELÇUK ERZURUM;8680001731756;DAĞPINAR ECZANESİ;KARS ILCELER;PANOCER;Panocer 40 mg 28 Enterik Kaplı Tablet;50;25;75;5.266;
09.07.2026;ALLIANCE HEALTHCARE;AH ERZURUM;8680001492718;AKIN ECZANESİ;KARS ILCELER;ACİDPASS;Acidpass 10/800/165 mg 12 Çiğneme Tablet;10;1;11;1.122;
09.07.2026;SELÇUK ECZA DEPOSU;SELÇUK ERZURUM;8680001892662;EREN ECZANESİ;KARS ILCELER;ACİDPASS;Acidpass 10/800/165 mg 12 Çiğneme Tablet;3;0;3;337;
10.07.2026;SELÇUK ECZA DEPOSU;SELÇUK ERZURUM;8680001174836;ŞİFA ECZANESİ;KARS ILCELER;MOKSEFEN;Moksefen 400 mg 7 Film Tablet;20;10;30;2.980;
14.07.2026;SELÇUK ECZA DEPOSU;SELÇUK ERZURUM;8680001492718;AKIN ECZANESİ;KARS ILCELER;PANOCER;Panocer 40 mg 28 Enterik Kaplı Tablet;50;25;75;5.266;
16.07.2026;SELÇUK ECZA DEPOSU;SELÇUK ERZURUM;8680001732296;RÜMEYSA ECZANESİ;KARS ILCELER;ACİDPASS;Acidpass 10/800/165 mg 12 Çiğneme Tablet;2;0;2;224;
16.07.2026;SELÇUK ECZA DEPOSU;SELÇUK ERZURUM;8680001898107;AKYAKA ECZANESİ;KARS ILCELER;ACİDPASS;Acidpass 10/800/165 mg 6 Çiğneme Tablet;3;0;3;207;
16.07.2026;SELÇUK ECZA DEPOSU;SELÇUK ERZURUM;8680001932245;MEHTAP BUZ ECZANESİ;KARS ILCELER;MOKSEFEN;Moksefen 400 mg 7 Film Tablet;2;0;2;298;
16.07.2026;ALLIANCE HEALTHCARE;AH ERZURUM;8680001178520;SAĞLIK ECZANESİ;KARS ILCELER;PANOCER;Panocer 40 mg 28 Enterik Kaplı Tablet;165;135;300;17.377;
17.07.2026;SELÇUK ECZA DEPOSU;SELÇUK ERZURUM;8680001175369;ARAS ECZANESİ;KARS ILCELER;ACİDPASS;Acidpass 10/800/165 mg 12 Çiğneme Tablet;1;0;1;112;
17.07.2026;SELÇUK ECZA DEPOSU;SELÇUK ERZURUM;8680001171774;ARTAÇ ECZANESİ;KARS ILCELER;ACİDPASS;Acidpass 10/800/165 mg 12 Çiğneme Tablet;2;0;2;224;
17.07.2026;SELÇUK ECZA DEPOSU;SELÇUK ERZURUM;8680001501267;SARIKAMIS ECZANESİ;KARS ILCELER;PANOCER;Panocer 40 mg 28 Enterik Kaplı Tablet;165;135;300;17.377;
17.07.2026;SELÇUK ECZA DEPOSU;SELÇUK ERZURUM;8680001900015;CİVAN ECZANESİ;KARS ILCELER;PANOCER;Panocer 40 mg 28 Enterik Kaplı Tablet;165;135;300;17.377;
18.07.2026;SELÇUK ECZA DEPOSU;SELÇUK ERZURUM;8680001693542;BARAN ECZANESİ;KARS ILCELER;ACİDPASS;Acidpass 10/800/165 mg 12 Çiğneme Tablet;10;1;11;1.122;
20.07.2026;SELÇUK ECZA DEPOSU;SELÇUK ERZURUM;8680001501267;SARIKAMIS ECZANESİ;KARS ILCELER;MOKSEFEN;Moksefen 400 mg 7 Film Tablet;5;1;6;745;
20.07.2026;ALLIANCE HEALTHCARE;AH ERZURUM;8680001133901;ŞİFA ECZANESİ;KARS ILCELER;PANOCER;Panocer 40 mg 28 Enterik Kaplı Tablet;10;3;13;1.053;
22.07.2026;SELÇUK ECZA DEPOSU;SELÇUK ERZURUM;8680001171408;CAN ECZANESİ;KARS ILCELER;ACİDPASS;Acidpass 10/800/165 mg 12 Çiğneme Tablet;2;0;2;224;
22.07.2026;SELÇUK ECZA DEPOSU;SELÇUK ERZURUM;8680001730810;CAN ECZANESİ;KARS ILCELER;PANOCER;Panocer 40 mg 28 Enterik Kaplı Tablet;165;135;300;17.377;
22.07.2026;SELÇUK ECZA DEPOSU;SELÇUK ERZURUM;8680001835027;NAYKİ ECZANESİ;KARS ILCELER;PANOCER;Panocer 40 mg 28 Enterik Kaplı Tablet;10;3;13;1.053;
23.07.2026;SELÇUK ECZA DEPOSU;SELÇUK ERZURUM;8680001501267;SARIKAMIS ECZANESİ;KARS ILCELER;ACİDPASS;Acidpass 10/800/165 mg 12 Çiğneme Tablet;10;1;11;1.122;
23.07.2026;SELÇUK ECZA DEPOSU;SELÇUK ERZURUM;8680001174836;ŞİFA ECZANESİ;KARS ILCELER;PANOCER;Panocer 40 mg 28 Enterik Kaplı Tablet;165;135;300;17.377;
28.07.2026;SELÇUK ECZA DEPOSU;SELÇUK ERZURUM;8680001796465;ÇİĞDEM ECZANESİ;KARS ILCELER;ACİDPASS;Acidpass 10/800/165 mg 12 Çiğneme Tablet;1;0;1;112;
28.07.2026;SELÇUK ECZA DEPOSU;SELÇUK ERZURUM;8680001171774;ARTAÇ ECZANESİ;KARS ILCELER;PANOCER;Panocer 40 mg 28 Enterik Kaplı Tablet;50;25;75;5.266;
30.07.2026;NEVZAT ECZA DEPOSU;NEVZAT ERZURUM;8680001732296;RÜMEYSA ECZANESİ;KARS ILCELER;ACİDPASS;Acidpass 10/800/165 mg 12 Çiğneme Tablet;2;0;2;224;
30.07.2026;NEVZAT ECZA DEPOSU;NEVZAT ERZURUM;8680001174836;ŞİFA ECZANESİ;KARS ILCELER;GRİPORT COLD;Griport Cold 20 Film Kaplı Tablet;1;0;1;84;
31.07.2026;ALLIANCE HEALTHCARE;AH ERZURUM;8680001172795;DİYAR ECZANESİ;KARS ILCELER;MOKSEFEN;Moksefen 400 mg 7 Film Tablet;10;3;13;1.490;
31.07.2026;ALLIANCE HEALTHCARE;AH ERZURUM;8680001174836;ŞİFA ECZANESİ;KARS ILCELER;PANOCER;Panocer 40 mg 28 Enterik Kaplı Tablet;10;3;13;1.053;
01.07.2026;SELÇUK ECZA DEPOSU;SELÇUK ERZURUM;8680001488155;FAİKBEY ECZANESİ;KARS MERKEZ;ACİDPASS;Acidpass 10/800/165 mg 12 Çiğneme Tablet;20;3;23;2.245;
02.07.2026;SELÇUK ECZA DEPOSU;SELÇUK ERZURUM;8680001437870;NİDA ECZANESİ;KARS MERKEZ;GRİPORT COLD;Griport Cold 20 Film Kaplı Tablet;1;0;1;84;
02.07.2026;SELÇUK ECZA DEPOSU;SELÇUK ERZURUM;8680001437870;NİDA ECZANESİ;KARS MERKEZ;MOKSEFEN;Moksefen 400 mg 7 Film Tablet;20;10;30;2.980;
03.07.2026;NEVZAT ECZA DEPOSU;NEVZAT ERZURUM;8680001493203;CEREN ECZANESİ;KARS MERKEZ;PANOCER;Panocer 40 mg 28 Enterik Kaplı Tablet;-3;-2;-5;-316;
07.07.2026;NEVZAT ECZA DEPOSU;NEVZAT ERZURUM;8680001485635;TANRIVERDİ ECZANESİ;KARS MERKEZ;MOKSEFEN;Moksefen 400 mg 7 Film Tablet;20;10;30;2.980;
10.07.2026;SELÇUK ECZA DEPOSU;SELÇUK ERZURUM;8680001695034;YAŞAM ECZANESİ;KARS MERKEZ;ACİDPASS;Acidpass 10/800/165 mg 6 Çiğneme Tablet;10;1;11;689;
10.07.2026;SELÇUK ECZA DEPOSU;SELÇUK ERZURUM;8680001695034;YAŞAM ECZANESİ;KARS MERKEZ;MOKSEFEN;Moksefen 400 mg 7 Film Tablet;20;10;30;2.980;
13.07.2026;NEVZAT ECZA DEPOSU;NEVZAT ERZURUM;8680001642304;FURKAN ECZANESİ;KARS MERKEZ;MOKSEFEN;Moksefen 400 mg 7 Film Tablet;5;1;6;745;
13.07.2026;SELÇUK ECZA DEPOSU;SELÇUK ERZURUM;8680001472611;ÇELEBİ ECZANESİ;KARS MERKEZ;PANOCER;Panocer 40 mg 28 Enterik Kaplı Tablet;10;3;13;1.053;
16.07.2026;NEVZAT ECZA DEPOSU;NEVZAT ERZURUM;8680001181155;NAKİ ECZANESİ;KARS MERKEZ;ACİDPASS;Acidpass 10/800/165 mg 12 Çiğneme Tablet;3;0;3;337;
16.07.2026;NEVZAT ECZA DEPOSU;NEVZAT ERZURUM;8680001181155;NAKİ ECZANESİ;KARS MERKEZ;ACİDPASS;Acidpass 10/800/165 mg 12 Çiğneme Tablet;3;0;3;337;
16.07.2026;ALLIANCE HEALTHCARE;AH ERZURUM;8680001695027;MERYEM ECZANESİ;KARS MERKEZ;ACİDPASS;Acidpass 10/800/165 mg 12 Çiğneme Tablet;2;0;2;224;
16.07.2026;SELÇUK ECZA DEPOSU;SELÇUK ERZURUM;8680001182312;SAĞLIK ECZANESİ;KARS MERKEZ;PANOCER;Panocer 40 mg 28 Enterik Kaplı Tablet;30;12;42;3.159;
16.07.2026;SELÇUK ECZA DEPOSU;SELÇUK ERZURUM;8680001650361;ENBİYA ECZANESİ;KARS MERKEZ;PANOCER;Panocer 40 mg 28 Enterik Kaplı Tablet;30;12;42;3.159;
17.07.2026;ALLIANCE HEALTHCARE;AH ERZURUM;8680001185269;DİLBER ECZANESİ;KARS MERKEZ;PANOCER;Panocer 40 mg 14 Enterik Kaplı Tablet;10;3;13;809;
18.07.2026;SELÇUK ECZA DEPOSU;SELÇUK ERZURUM;8680001181155;NAKİ ECZANESİ;KARS MERKEZ;PANOCER;Panocer 40 mg 28 Enterik Kaplı Tablet;165;135;300;17.377;
20.07.2026;ALLIANCE HEALTHCARE;AH ERZURUM;8680001642304;FURKAN ECZANESİ;KARS MERKEZ;ACİDPASS;Acidpass 10/800/165 mg 12 Çiğneme Tablet;5;0;5;561;
21.07.2026;ALLIANCE HEALTHCARE;AH ERZURUM;8680001514434;YETİMOĞLU ECZANESİ;KARS MERKEZ;ACİDPASS;Acidpass 10/800/165 mg 12 Çiğneme Tablet;10;1;11;1.122;
23.07.2026;SELÇUK ECZA DEPOSU;SELÇUK ERZURUM;8680001470341;DEMİR ECZANESİ;KARS MERKEZ;ACİDPASS;Acidpass 10/800/165 mg 6 Çiğneme Tablet;10;1;11;689;
24.07.2026;ALLIANCE HEALTHCARE;AH ERZURUM;8680001721481;KARS ECZANESİ;KARS MERKEZ;ACİDPASS;Acidpass 10/800/165 mg 12 Çiğneme Tablet;1;0;1;112;
24.07.2026;ALLIANCE HEALTHCARE;AH ERZURUM;8680001721481;KARS ECZANESİ;KARS MERKEZ;ACİDPASS;Acidpass 10/800/165 mg 6 Çiğneme Tablet;1;0;1;69;
25.07.2026;SELÇUK ECZA DEPOSU;SELÇUK ERZURUM;8680001488155;FAİKBEY ECZANESİ;KARS MERKEZ;GRİPORT COLD;Griport Cold 20 Film Kaplı Tablet;1;0;1;84;
27.07.2026;SELÇUK ECZA DEPOSU;SELÇUK ERZURUM;8680001488155;FAİKBEY ECZANESİ;KARS MERKEZ;GRİPORT COLD;Griport Cold 20 Film Kaplı Tablet;1;0;1;84;
27.07.2026;NEVZAT ECZA DEPOSU;NEVZAT ERZURUM;8680001503728;HAYAT ECZANESİ;KARS MERKEZ;PANOCER;Panocer 40 mg 28 Enterik Kaplı Tablet;10;3;13;1.053;
28.07.2026;SELÇUK ECZA DEPOSU;SELÇUK ERZURUM;8680001642304;FURKAN ECZANESİ;KARS MERKEZ;ACİDPASS;Acidpass 10/800/165 mg 12 Çiğneme Tablet;10;1;11;1.122;
29.07.2026;SELÇUK ECZA DEPOSU;SELÇUK ERZURUM;8680001743209;KÜBRA ECZANESİ;KARS MERKEZ;MOKSEFEN;Moksefen 400 mg 7 Film Tablet;5;1;6;745;
30.07.2026;SELÇUK ECZA DEPOSU;SELÇUK ERZURUM;8680001640089;BESTE İDİL ECZANESİ;KARS MERKEZ;PANOCER;Panocer 40 mg 28 Enterik Kaplı Tablet;50;25;75;5.266;
31.07.2026;SELÇUK ECZA DEPOSU;SELÇUK ERZURUM;8680001470341;DEMİR ECZANESİ;KARS MERKEZ;ACİDPASS;Acidpass 10/800/165 mg 12 Çiğneme Tablet;10;1;11;1.122;
01.07.2026;SELÇUK ECZA DEPOSU;SELÇUK SAMSUN;8680001719563;DUMAN ECZANESİ;ORDU BATI ILCELER;ACİDPASS;Acidpass 10/800/165 mg 12 Çiğneme Tablet;5;0;5;561;
01.07.2026;SELÇUK ECZA DEPOSU;SELÇUK SAMSUN;8680001647842;ZEHRA ECZANESİ;ORDU BATI ILCELER;PANOCER;Panocer 40 mg 14 Enterik Kaplı Tablet;2;0;2;162;
01.07.2026;ALLIANCE HEALTHCARE;AH ORDU;8680001147724;MEMLEKET ECZANESİ;ORDU BATI ILCELER;PANOCER;Panocer 40 mg 28 Enterik Kaplı Tablet;10;3;13;1.053;
03.07.2026;ALLIANCE HEALTHCARE;AH ORDU;8680001451470;UZMAN ECZANESİ;ORDU BATI ILCELER;ACİDPASS;Acidpass 10/800/165 mg 12 Çiğneme Tablet;20;3;23;2.245;
03.07.2026;SELÇUK ECZA DEPOSU;SELÇUK SAMSUN;8680001719563;DUMAN ECZANESİ;ORDU BATI ILCELER;ACİDPASS;Acidpass 10/800/165 mg 12 Çiğneme Tablet;2;0;2;224;
03.07.2026;SELÇUK ECZA DEPOSU;SELÇUK SAMSUN;8680001202782;ŞİFA ECZANESİ;ORDU BATI ILCELER;MOKSEFEN;Moksefen 400 mg 7 Film Tablet;20;10;30;2.980;
03.07.2026;SELÇUK ECZA DEPOSU;SELÇUK SAMSUN;8680001692156;DEFNE ECZANESİ;ORDU BATI ILCELER;MOKSEFEN;Moksefen 400 mg 7 Film Tablet;30;15;45;4.470;
03.07.2026;SELÇUK ECZA DEPOSU;SELÇUK SAMSUN;8680001692101;İSTİKLAL ECZANESİ;ORDU BATI ILCELER;MOKSEFEN;Moksefen 400 mg 7 Film Tablet;20;10;30;2.980;
03.07.2026;ALLIANCE HEALTHCARE;AH ORDU;8680001522095;YAVUZ ECZANESİ;ORDU BATI ILCELER;PANOCER;Panocer 40 mg 28 Enterik Kaplı Tablet;10;3;13;1.053;
06.07.2026;SELÇUK ECZA DEPOSU;SELÇUK SAMSUN;8680001692101;İSTİKLAL ECZANESİ;ORDU BATI ILCELER;ACİDPASS;Acidpass 10/800/165 mg 12 Çiğneme Tablet;10;1;11;1.122;
06.07.2026;SELÇUK ECZA DEPOSU;SELÇUK SAMSUN;8680001518586;ELİF ECZANESİ;ORDU BATI ILCELER;MOKSEFEN;Moksefen 400 mg 7 Film Tablet;5;1;6;745;
06.07.2026;SELÇUK ECZA DEPOSU;SELÇUK SAMSUN;8680001381524;CAN ECZANESİ;ORDU BATI ILCELER;PANOCER;Panocer 40 mg 28 Enterik Kaplı Tablet;10;3;13;1.053;
07.07.2026;NEVZAT ECZA DEPOSU;NEVZAT TRABZON;8680001158423;HALK ECZANESİ;ORDU BATI ILCELER;ACİDPASS;Acidpass 10/800/165 mg 12 Çiğneme Tablet;10;1;11;1.122;
07.07.2026;SELÇUK ECZA DEPOSU;SELÇUK SAMSUN;8680001692156;DEFNE ECZANESİ;ORDU BATI ILCELER;FAMTREC;Famtrec 800/26,6mg 14 Film Kaplı Tablet;1;0;1;102;
07.07.2026;NEVZAT ECZA DEPOSU;NEVZAT TRABZON;8680001158423;HALK ECZANESİ;ORDU BATI ILCELER;MOKSEFEN;Moksefen 400 mg 7 Film Tablet;5;1;6;745;
07.07.2026;NEVZAT ECZA DEPOSU;NEVZAT TRABZON;8680001148097;CANTÜRK ECZANESİ;ORDU BATI ILCELER;PANOCER;Panocer 40 mg 28 Enterik Kaplı Tablet;10;3;13;1.053;
09.07.2026;SELÇUK ECZA DEPOSU;SELÇUK SAMSUN;8680001719563;DUMAN ECZANESİ;ORDU BATI ILCELER;PANOCER;Panocer 40 mg 28 Enterik Kaplı Tablet;10;3;13;1.053;
10.07.2026;SELÇUK ECZA DEPOSU;SELÇUK SAMSUN;8680001160273;HAYAT ECZANESİ;ORDU BATI ILCELER;ACİDPASS;Acidpass 10/800/165 mg 12 Çiğneme Tablet;20;3;23;2.245;
10.07.2026;NEVZAT ECZA DEPOSU;NEVZAT TRABZON;8680001719563;DUMAN ECZANESİ;ORDU BATI ILCELER;ACİDPASS;Acidpass 10/800/165 mg 12 Çiğneme Tablet;2;0;2;224;
13.07.2026;SELÇUK ECZA DEPOSU;SELÇUK SAMSUN;8680001910861;YESİL ECZANESI;ORDU BATI ILCELER;ACİDPASS;Acidpass 10/800/165 mg 12 Çiğneme Tablet;10;1;11;1.122;
16.07.2026;SELÇUK ECZA DEPOSU;SELÇUK SAMSUN;8680001692156;DEFNE ECZANESİ;ORDU BATI ILCELER;FAMTREC;Famtrec 800/26,6mg 14 Film Kaplı Tablet;1;0;1;102;
16.07.2026;NEVZAT ECZA DEPOSU;NEVZAT TRABZON;8680001518586;ELİF ECZANESİ;ORDU BATI ILCELER;PANOCER;Panocer 40 mg 28 Enterik Kaplı Tablet;10;3;13;1.053;
17.07.2026;SELÇUK ECZA DEPOSU;SELÇUK SAMSUN;8680001806300;ŞÜKRÜ ECZANESİ;ORDU BATI ILCELER;PANOCER;Panocer 40 mg 28 Enterik Kaplı Tablet;10;3;13;1.053;
18.07.2026;ALLIANCE HEALTHCARE;AH ORDU;8680001369768;DİLA ECZANESİ;ORDU BATI ILCELER;ACİDPASS;Acidpass 10/800/165 mg 12 Çiğneme Tablet;10;1;11;1.122;
18.07.2026;ALLIANCE HEALTHCARE;AH ORDU;8680001518586;ELİF ECZANESİ;ORDU BATI ILCELER;ACİDPASS;Acidpass 10/800/165 mg 12 Çiğneme Tablet;10;1;11;1.122;
20.07.2026;SELÇUK ECZA DEPOSU;SELÇUK SAMSUN;8680001692101;İSTİKLAL ECZANESİ;ORDU BATI ILCELER;ACİDPASS;Acidpass 10/800/165 mg 12 Çiğneme Tablet;10;1;11;1.122;
20.07.2026;SELÇUK ECZA DEPOSU;SELÇUK SAMSUN;8680001692101;İSTİKLAL ECZANESİ;ORDU BATI ILCELER;FAMTREC;Famtrec 800/26,6mg 14 Film Kaplı Tablet;2;0;2;204;
21.07.2026;ALLIANCE HEALTHCARE;AH ORDU;8680001919048;BUSE ECZANESİ KUMRU;ORDU BATI ILCELER;PANOCER;Panocer 40 mg 28 Enterik Kaplı Tablet;10;3;13;1.053;
22.07.2026;SELÇUK ECZA DEPOSU;SELÇUK SAMSUN;8680001369751;SAĞLIK ECZANESİ;ORDU BATI ILCELER;ACİDPASS;Acidpass 10/800/165 mg 12 Çiğneme Tablet;10;1;11;1.122;
22.07.2026;SELÇUK ECZA DEPOSU;SELÇUK SAMSUN;8680001910861;YESİL ECZANESI;ORDU BATI ILCELER;MOKSEFEN;Moksefen 400 mg 7 Film Tablet;20;10;30;2.980;
23.07.2026;NEVZAT ECZA DEPOSU;NEVZAT TRABZON;8680001158423;HALK ECZANESİ;ORDU BATI ILCELER;MOKSEFEN;Moksefen 400 mg 7 Film Tablet;5;1;6;745;
24.07.2026;SELÇUK ECZA DEPOSU;SELÇUK SAMSUN;8680001160273;HAYAT ECZANESİ;ORDU BATI ILCELER;MOKSEFEN;Moksefen 400 mg 7 Film Tablet;20;10;30;2.980;
24.07.2026;ALLIANCE HEALTHCARE;AH ORDU;8680001147519;LALELİ ECZANESİ;ORDU BATI ILCELER;PANOCER;Panocer 40 mg 28 Enterik Kaplı Tablet;50;25;75;5.266;
24.07.2026;SELÇUK ECZA DEPOSU;SELÇUK SAMSUN;8680001719563;DUMAN ECZANESİ;ORDU BATI ILCELER;PANOCER;Panocer 40 mg 28 Enterik Kaplı Tablet;10;3;13;1.053;
26.07.2026;SELÇUK ECZA DEPOSU;SELÇUK SAMSUN;8680001692156;DEFNE ECZANESİ;ORDU BATI ILCELER;ACİDPASS;Acidpass 10/800/165 mg 12 Çiğneme Tablet;10;1;11;1.122;
27.07.2026;SELÇUK ECZA DEPOSU;SELÇUK SAMSUN;8680001142118;ANADOLU ECZANESİ;ORDU BATI ILCELER;ACİDPASS;Acidpass 10/800/165 mg 12 Çiğneme Tablet;20;3;23;2.245;
27.07.2026;ALLIANCE HEALTHCARE;AH ORDU;8680001158423;HALK ECZANESİ;ORDU BATI ILCELER;MOKSEFEN;Moksefen 400 mg 7 Film Tablet;5;1;6;745;
31.07.2026;ALLIANCE HEALTHCARE;AH ORDU;8680001151226;VONA ECZANESI;ORDU BATI ILCELER;ACİDPASS;Acidpass 10/800/165 mg 12 Çiğneme Tablet;10;1;11;1.122;
31.07.2026;ALLIANCE HEALTHCARE;AH ORDU;8680001151226;VONA ECZANESI;ORDU BATI ILCELER;PANOCER;Panocer 40 mg 28 Enterik Kaplı Tablet;10;3;13;1.053;
31.07.2026;SELÇUK ECZA DEPOSU;SELÇUK SAMSUN;8680001719563;DUMAN ECZANESİ;ORDU BATI ILCELER;PANOCER;Panocer 40 mg 28 Enterik Kaplı Tablet;10;3;13;1.053;
01.07.2026;SELÇUK ECZA DEPOSU;SELÇUK SAMSUN;8680001647125;NİMET ECZANESİ;ORDU DOGU ILCELER;ACİDPASS;Acidpass 10/800/165 mg 12 Çiğneme Tablet;20;3;23;2.245;
01.07.2026;SELÇUK ECZA DEPOSU;SELÇUK SAMSUN;8680001666829;ARİF ECZANESİ;ORDU DOGU ILCELER;ACİDPASS;Acidpass 10/800/165 mg 12 Çiğneme Tablet;20;3;23;2.245;
01.07.2026;NEVZAT ECZA DEPOSU;NEVZAT TRABZON;8680001202294;ŞAHİN ECZANESİ;ORDU DOGU ILCELER;GRİPORT COLD;Griport Cold 20 Film Kaplı Tablet;2;0;2;168;
01.07.2026;NEVZAT ECZA DEPOSU;NEVZAT TRABZON;8680001726905;DEVA ECZANESİ;ORDU DOGU ILCELER;GRİPORT COLD;Griport Cold 20 Film Kaplı Tablet;6;1;7;505;
02.07.2026;SELÇUK ECZA DEPOSU;SELÇUK SAMSUN;8680001709571;LOTUS ECZANESİ;ORDU DOGU ILCELER;PANOCER;Panocer 40 mg 28 Enterik Kaplı Tablet;10;3;13;1.053;
03.07.2026;ALLIANCE HEALTHCARE;AH ORDU;8680001161065;DOĞAN ECZANESİ;ORDU DOGU ILCELER;ACİDPASS;Acidpass 10/800/165 mg 12 Çiğneme Tablet;50;15;65;5.612;
03.07.2026;ALLIANCE HEALTHCARE;AH ORDU;8680001213276;MESUDİYE ECZANESİ;ORDU DOGU ILCELER;ACİDPASS;Acidpass 10/800/165 mg 12 Çiğneme Tablet;20;3;23;2.245;
03.07.2026;SELÇUK ECZA DEPOSU;SELÇUK SAMSUN;8680001709571;LOTUS ECZANESİ;ORDU DOGU ILCELER;ACİDPASS;Acidpass 10/800/165 mg 12 Çiğneme Tablet;10;1;11;1.122;
03.07.2026;ALLIANCE HEALTHCARE;AH ORDU;8680001753178;LOTUS ECZANESİ;ORDU DOGU ILCELER;PANOCER;Panocer 40 mg 28 Enterik Kaplı Tablet;4;0;4;421;
06.07.2026;SELÇUK ECZA DEPOSU;SELÇUK SAMSUN;8680001163717;KARADENİZ ECZANESİ;ORDU DOGU ILCELER;PANOCER;Panocer 40 mg 28 Enterik Kaplı Tablet;10;3;13;1.053;
07.07.2026;SELÇUK ECZA DEPOSU;SELÇUK SAMSUN;8680001187829;SAĞLIK ECZANESİ;ORDU DOGU ILCELER;ACİDPASS;Acidpass 10/800/165 mg 12 Çiğneme Tablet;3;0;3;337;
07.07.2026;SELÇUK ECZA DEPOSU;SELÇUK SAMSUN;8680001713677;YENİ MEDRESEÖNÜ ECZANESİ;ORDU DOGU ILCELER;ACİDPASS;Acidpass 10/800/165 mg 12 Çiğneme Tablet;5;0;5;561;
07.07.2026;ALLIANCE HEALTHCARE;AH ORDU;8680001753178;LOTUS ECZANESİ;ORDU DOGU ILCELER;PANOCER;Panocer 40 mg 28 Enterik Kaplı Tablet;10;3;13;1.053;
09.07.2026;SELÇUK ECZA DEPOSU;SELÇUK SAMSUN;8680001163717;KARADENİZ ECZANESİ;ORDU DOGU ILCELER;ACİDPASS;Acidpass 10/800/165 mg 12 Çiğneme Tablet;5;0;5;561;
09.07.2026;ALLIANCE HEALTHCARE;AH ORDU;8680001150618;ÖZTEKİN ECZANESİ;ORDU DOGU ILCELER;ACİDPASS;Acidpass 10/800/165 mg 12 Çiğneme Tablet;20;3;23;2.245;
09.07.2026;ALLIANCE HEALTHCARE;AH ORDU;8680001202218;ŞAFAK ECZANESİ;ORDU DOGU ILCELER;PANOCER;Panocer 40 mg 28 Enterik Kaplı Tablet;2;0;2;211;
10.07.2026;ALLIANCE HEALTHCARE;AH ORDU;8680001202218;ŞAFAK ECZANESİ;ORDU DOGU ILCELER;PANOCER;Panocer 40 mg 28 Enterik Kaplı Tablet;3;0;3;316;
10.07.2026;SELÇUK ECZA DEPOSU;SELÇUK SAMSUN;8680001709571;LOTUS ECZANESİ;ORDU DOGU ILCELER;PANOCER;Panocer 40 mg 28 Enterik Kaplı Tablet;10;3;13;1.053;
11.07.2026;ALLIANCE HEALTHCARE;AH ORDU;8680001897032;EMRE DENİZ ECZANESİ;ORDU DOGU ILCELER;MOKSEFEN;Moksefen 400 mg 7 Film Tablet;5;1;6;745;
13.07.2026;ALLIANCE HEALTHCARE;AH ORDU;8680001188598;SAĞLIK ECZANESİ;ORDU DOGU ILCELER;ACİDPASS;Acidpass 10/800/165 mg 12 Çiğneme Tablet;20;3;23;2.245;
13.07.2026;ALLIANCE HEALTHCARE;AH ORDU;8680001163717;KARADENİZ ECZANESİ;ORDU DOGU ILCELER;PANOCER;Panocer 40 mg 28 Enterik Kaplı Tablet;10;3;13;1.053;
14.07.2026;ALLIANCE HEALTHCARE;AH ORDU;8680001726905;DEVA ECZANESİ;ORDU DOGU ILCELER;ACİDPASS;Acidpass 10/800/165 mg 12 Çiğneme Tablet;10;1;11;1.122;
14.07.2026;ALLIANCE HEALTHCARE;AH ORDU;8680001202294;ŞAHİN ECZANESİ;ORDU DOGU ILCELER;PANOCER;Panocer 40 mg 28 Enterik Kaplı Tablet;3;0;3;316;
14.07.2026;SELÇUK ECZA DEPOSU;SELÇUK SAMSUN;8680001647125;NİMET ECZANESİ;ORDU DOGU ILCELER;PANOCER;Panocer 40 mg 28 Enterik Kaplı Tablet;10;3;13;1.053;
15.07.2026;ALLIANCE HEALTHCARE;AH ORDU;8680001708215;KARAKAS ECZANESİ;ORDU DOGU ILCELER;PANOCER;Panocer 40 mg 28 Enterik Kaplı Tablet;50;25;75;5.266;
16.07.2026;SELÇUK ECZA DEPOSU;SELÇUK SAMSUN;8680001157433;GÜLYALI ECZANESİ;ORDU DOGU ILCELER;ACİDPASS;Acidpass 10/800/165 mg 12 Çiğneme Tablet;20;3;23;2.245;
16.07.2026;ALLIANCE HEALTHCARE;AH ORDU;8680001202294;ŞAHİN ECZANESİ;ORDU DOGU ILCELER;ACİDPASS;Acidpass 10/800/165 mg 12 Çiğneme Tablet;10;1;11;1.122;
16.07.2026;SELÇUK ECZA DEPOSU;SELÇUK SAMSUN;8680001534388;OKAN ECZANESİ;ORDU DOGU ILCELER;ACİDPASS;Acidpass 10/800/165 mg 12 Çiğneme Tablet;20;3;23;2.245;
16.07.2026;ALLIANCE HEALTHCARE;AH ORDU;8680001753178;LOTUS ECZANESİ;ORDU DOGU ILCELER;PANOCER;Panocer 40 mg 28 Enterik Kaplı Tablet;3;0;3;316;
17.07.2026;SELÇUK ECZA DEPOSU;SELÇUK SAMSUN;8680001713677;YENİ MEDRESEÖNÜ ECZANESİ;ORDU DOGU ILCELER;ACİDPASS;Acidpass 10/800/165 mg 12 Çiğneme Tablet;3;0;3;337;
17.07.2026;ALLIANCE HEALTHCARE;AH ORDU;8680001753178;LOTUS ECZANESİ;ORDU DOGU ILCELER;ACİDPASS;Acidpass 10/800/165 mg 12 Çiğneme Tablet;1;0;1;112;
17.07.2026;ALLIANCE HEALTHCARE;AH ORDU;8680001753178;LOTUS ECZANESİ;ORDU DOGU ILCELER;MOKSEFEN;Moksefen 400 mg 7 Film Tablet;5;1;6;745;
17.07.2026;ALLIANCE HEALTHCARE;AH ORDU;8680001202218;ŞAFAK ECZANESİ;ORDU DOGU ILCELER;PANOCER;Panocer 40 mg 28 Enterik Kaplı Tablet;2;0;2;211;
19.07.2026;ALLIANCE HEALTHCARE;AH ORDU;8680001202218;ŞAFAK ECZANESİ;ORDU DOGU ILCELER;PANOCER;Panocer 40 mg 28 Enterik Kaplı Tablet;10;3;13;1.053;
20.07.2026;SELÇUK ECZA DEPOSU;SELÇUK SAMSUN;8680001428854;ÇAĞLA ECZANESİ;ORDU DOGU ILCELER;ACİDPASS;Acidpass 10/800/165 mg 12 Çiğneme Tablet;10;1;11;1.122;
21.07.2026;ALLIANCE HEALTHCARE;AH ORDU;8680001202294;ŞAHİN ECZANESİ;ORDU DOGU ILCELER;PANOCER;Panocer 40 mg 28 Enterik Kaplı Tablet;5;0;5;527;
22.07.2026;ALLIANCE HEALTHCARE;AH ORDU;8680001202294;ŞAHİN ECZANESİ;ORDU DOGU ILCELER;ACİDPASS;Acidpass 10/800/165 mg 12 Çiğneme Tablet;10;1;11;1.122;
22.07.2026;SELÇUK ECZA DEPOSU;SELÇUK SAMSUN;8680001709571;LOTUS ECZANESİ;ORDU DOGU ILCELER;ACİDPASS;Acidpass 10/800/165 mg 12 Çiğneme Tablet;10;1;11;1.122;
22.07.2026;SELÇUK ECZA DEPOSU;SELÇUK SAMSUN;8680001233144;ULUBEY ECZANESİ;ORDU DOGU ILCELER;PANOCER;Panocer 40 mg 28 Enterik Kaplı Tablet;10;3;13;1.053;
24.07.2026;ALLIANCE HEALTHCARE;AH ORDU;8680001233144;ULUBEY ECZANESİ;ORDU DOGU ILCELER;ACİDPASS;Acidpass 10/800/165 mg 12 Çiğneme Tablet;10;1;11;1.122;
24.07.2026;ALLIANCE HEALTHCARE;AH ORDU;8680001150618;ÖZTEKİN ECZANESİ;ORDU DOGU ILCELER;ACİDPASS;Acidpass 10/800/165 mg 12 Çiğneme Tablet;20;3;23;2.245;
24.07.2026;ALLIANCE HEALTHCARE;AH ORDU;8680001691197;METE ECZANESİ;ORDU DOGU ILCELER;ACİDPASS;Acidpass 10/800/165 mg 12 Çiğneme Tablet;10;1;11;1.122;
24.07.2026;NEVZAT ECZA DEPOSU;NEVZAT TRABZON;8680001713677;YENİ MEDRESEÖNÜ ECZANESİ;ORDU DOGU ILCELER;ACİDPASS;Acidpass 10/800/165 mg 12 Çiğneme Tablet;2;0;2;224;
24.07.2026;ALLIANCE HEALTHCARE;AH ORDU;8680001150618;ÖZTEKİN ECZANESİ;ORDU DOGU ILCELER;MOKSEFEN;Moksefen 400 mg 7 Film Tablet;10;3;13;1.490;
24.07.2026;ALLIANCE HEALTHCARE;AH ORDU;8680001150618;ÖZTEKİN ECZANESİ;ORDU DOGU ILCELER;PANOCER;Panocer 40 mg 28 Enterik Kaplı Tablet;10;3;13;1.053;
24.07.2026;SELÇUK ECZA DEPOSU;SELÇUK SAMSUN;8680001666829;ARİF ECZANESİ;ORDU DOGU ILCELER;PANOCER;Panocer 40 mg 28 Enterik Kaplı Tablet;10;3;13;1.053;
24.07.2026;SELÇUK ECZA DEPOSU;SELÇUK SAMSUN;8680001709571;LOTUS ECZANESİ;ORDU DOGU ILCELER;PANOCER;Panocer 40 mg 28 Enterik Kaplı Tablet;10;3;13;1.053;
28.07.2026;SELÇUK ECZA DEPOSU;SELÇUK SAMSUN;8680001713677;YENİ MEDRESEÖNÜ ECZANESİ;ORDU DOGU ILCELER;ACİDPASS;Acidpass 10/800/165 mg 12 Çiğneme Tablet;2;0;2;224;
28.07.2026;ALLIANCE HEALTHCARE;AH ORDU;8680001202218;ŞAFAK ECZANESİ;ORDU DOGU ILCELER;PANOCER;Panocer 40 mg 28 Enterik Kaplı Tablet;10;3;13;1.053;
28.07.2026;NEVZAT ECZA DEPOSU;NEVZAT TRABZON;8680001187829;SAĞLIK ECZANESİ;ORDU DOGU ILCELER;PANOCER;Panocer 40 mg 28 Enterik Kaplı Tablet;10;3;13;1.053;
28.07.2026;SELÇUK ECZA DEPOSU;SELÇUK SAMSUN;8680001709571;LOTUS ECZANESİ;ORDU DOGU ILCELER;PANOCER;Panocer 40 mg 28 Enterik Kaplı Tablet;10;3;13;1.053;
29.07.2026;ALLIANCE HEALTHCARE;AH ORDU;8680001188598;SAĞLIK ECZANESİ;ORDU DOGU ILCELER;PANOCER;Panocer 40 mg 28 Enterik Kaplı Tablet;10;3;13;1.053;
30.07.2026;ALLIANCE HEALTHCARE;AH ORDU;8680001202218;ŞAFAK ECZANESİ;ORDU DOGU ILCELER;ACİDPASS;Acidpass 10/800/165 mg 12 Çiğneme Tablet;10;1;11;1.122;
30.07.2026;SELÇUK ECZA DEPOSU;SELÇUK SAMSUN;8680001187829;SAĞLIK ECZANESİ;ORDU DOGU ILCELER;ACİDPASS;Acidpass 10/800/165 mg 12 Çiğneme Tablet;2;0;2;224;
31.07.2026;SELÇUK ECZA DEPOSU;SELÇUK SAMSUN;8680001163564;KARADENİZ ECZANESİ;ORDU DOGU ILCELER;ACİDPASS;Acidpass 10/800/165 mg 12 Çiğneme Tablet;10;1;11;1.122;
31.07.2026;ALLIANCE HEALTHCARE;AH ORDU;8680001753178;LOTUS ECZANESİ;ORDU DOGU ILCELER;MOKSEFEN;Moksefen 400 mg 7 Film Tablet;5;1;6;745;
31.07.2026;ALLIANCE HEALTHCARE;AH ORDU;8680001187447;ÖZBEK ECZANESİ;ORDU DOGU ILCELER;PANOCER;Panocer 40 mg 28 Enterik Kaplı Tablet;10;3;13;1.053;
01.07.2026;SELÇUK ECZA DEPOSU;SELÇUK SAMSUN;8680001740581;AYŞENUR ECZANESİ;ORDU FATSA;ACİDPASS;Acidpass 10/800/165 mg 12 Çiğneme Tablet;10;1;11;1.122;
01.07.2026;ALLIANCE HEALTHCARE;AH ORDU;8680001844494;AKSOY ECZANESİ;ORDU FATSA;ACİDPASS;Acidpass 10/800/165 mg 12 Çiğneme Tablet;10;1;11;1.122;
01.07.2026;ALLIANCE HEALTHCARE;AH ORDU;8680001899241;AHSEN ECZANESİ;ORDU FATSA;ACİDPASS;Acidpass 10/800/165 mg 12 Çiğneme Tablet;10;1;11;1.122;
01.07.2026;ALLIANCE HEALTHCARE;AH ORDU;8680001937745;SAĞLAM ECZANESİ;ORDU FATSA;ACİDPASS;Acidpass 10/800/165 mg 12 Çiğneme Tablet;10;1;11;1.122;
01.07.2026;SELÇUK ECZA DEPOSU;SELÇUK SAMSUN;8680001277759;TOPALOĞLU ECZANESİ;ORDU FATSA;MOKSEFEN;Moksefen 400 mg 7 Film Tablet;5;1;6;745;
01.07.2026;ALLIANCE HEALTHCARE;AH ORDU;8680001899241;AHSEN ECZANESİ;ORDU FATSA;PANOCER;Panocer 40 mg 14 Enterik Kaplı Tablet;1;0;1;81;
01.07.2026;SELÇUK ECZA DEPOSU;SELÇUK SAMSUN;8680001278268;LOKMAN ECZANESİ;ORDU FATSA;PANOCER;Panocer 40 mg 28 Enterik Kaplı Tablet;10;3;13;1.053;
01.07.2026;ALLIANCE HEALTHCARE;AH ORDU;8680001937745;SAĞLAM ECZANESİ;ORDU FATSA;PANOCER;Panocer 40 mg 28 Enterik Kaplı Tablet;30;12;42;3.159;
02.07.2026;SELÇUK ECZA DEPOSU;SELÇUK SAMSUN;8680001560479;BAYŞU ECZANESİ;ORDU FATSA;ACİDPASS;Acidpass 10/800/165 mg 12 Çiğneme Tablet;20;3;23;2.245;
02.07.2026;ALLIANCE HEALTHCARE;AH ORDU;8680001500611;SAHİL ECZANESİ;ORDU FATSA;MOKSEFEN;Moksefen 400 mg 7 Film Tablet;5;1;6;745;
02.07.2026;NEVZAT ECZA DEPOSU;NEVZAT TRABZON;8680001252817;AKAR ECZANESİ;ORDU FATSA;PANOCER;Panocer 40 mg 28 Enterik Kaplı Tablet;30;12;42;3.159;
03.07.2026;NEVZAT ECZA DEPOSU;NEVZAT TRABZON;8680001423484;KANAAT ECZANESİ;ORDU FATSA;ACİDPASS;Acidpass 10/800/165 mg 12 Çiğneme Tablet;10;1;11;1.122;
03.07.2026;ALLIANCE HEALTHCARE;AH ORDU;8680001156443;ESRA ECZANESİ;ORDU FATSA;GRİPORT COLD;Griport Cold 20 Film Kaplı Tablet;12;4;16;1.010;
05.07.2026;NEVZAT ECZA DEPOSU;NEVZAT TRABZON;8680001277230;MERKEZ ECZANESİ;ORDU FATSA;MOKSEFEN;Moksefen 400 mg 7 Film Tablet;2;0;2;298;
06.07.2026;ALLIANCE HEALTHCARE;AH ORDU;8680001278114;KARAMUSTAFA ECZANESİ;ORDU FATSA;ACİDPASS;Acidpass 10/800/165 mg 12 Çiğneme Tablet;20;3;23;2.245;
06.07.2026;ALLIANCE HEALTHCARE;AH ORDU;8680001278114;KARAMUSTAFA ECZANESİ;ORDU FATSA;PANOCER;Panocer 40 mg 28 Enterik Kaplı Tablet;30;12;42;3.159;
07.07.2026;ALLIANCE HEALTHCARE;AH ORDU;8680001844494;AKSOY ECZANESİ;ORDU FATSA;PANOCER;Panocer 40 mg 28 Enterik Kaplı Tablet;30;12;42;3.159;
08.07.2026;ALLIANCE HEALTHCARE;AH ORDU;8680001276967;DOĞA ECZANESİ;ORDU FATSA;ACİDPASS;Acidpass 10/800/165 mg 12 Çiğneme Tablet;20;3;23;2.245;
08.07.2026;NEVZAT ECZA DEPOSU;NEVZAT TRABZON;8680001367801;MELTEM ECZANESİ;ORDU FATSA;ACİDPASS;Acidpass 10/800/165 mg 12 Çiğneme Tablet;20;3;23;2.245;
08.07.2026;NEVZAT ECZA DEPOSU;NEVZAT TRABZON;8680001277254;ÖLÇEK ECZANESİ;ORDU FATSA;PANOCER;Panocer 40 mg 28 Enterik Kaplı Tablet;10;3;13;1.053;
08.07.2026;ALLIANCE HEALTHCARE;AH ORDU;8680001597307;KUZEY ECZANESİ;ORDU FATSA;PANOCER;Panocer 40 mg 28 Enterik Kaplı Tablet;30;12;42;3.159;
09.07.2026;ALLIANCE HEALTHCARE;AH ORDU;8680001277001;GAZİ ECZANESİ;ORDU FATSA;ACİDPASS;Acidpass 10/800/165 mg 6 Çiğneme Tablet;2;0;2;138;
12.07.2026;ALLIANCE HEALTHCARE;AH ORDU;8680001901760;TUĞÇEM ECZANESİ;ORDU FATSA;ACİDPASS;Acidpass 10/800/165 mg 12 Çiğneme Tablet;10;1;11;1.122;
13.07.2026;ALLIANCE HEALTHCARE;AH ORDU;8680001490844;FATSA ECZANESİ;ORDU FATSA;ACİDPASS;Acidpass 10/800/165 mg 12 Çiğneme Tablet;20;3;23;2.245;
13.07.2026;NEVZAT ECZA DEPOSU;NEVZAT TRABZON;8680001277230;MERKEZ ECZANESİ;ORDU FATSA;ACİDPASS;Acidpass 10/800/165 mg 12 Çiğneme Tablet;5;0;5;561;
13.07.2026;SELÇUK ECZA DEPOSU;SELÇUK SAMSUN;8680001455775;AB-I HAYAT ECZANESİ;ORDU FATSA;ACİDPASS;Acidpass 10/800/165 mg 12 Çiğneme Tablet;10;1;11;1.122;
13.07.2026;SELÇUK ECZA DEPOSU;SELÇUK SAMSUN;8680001649273;ELİF ECZANESİ;ORDU FATSA;ACİDPASS;Acidpass 10/800/165 mg 12 Çiğneme Tablet;5;0;5;561;
13.07.2026;ALLIANCE HEALTHCARE;AH ORDU;8680001660902;HAYAT ECZANESİ;ORDU FATSA;GRİPORT COLD;Griport Cold 20 Film Kaplı Tablet;1;0;1;84;
13.07.2026;SELÇUK ECZA DEPOSU;SELÇUK SAMSUN;8680001740581;AYŞENUR ECZANESİ;ORDU FATSA;PANOCER;Panocer 40 mg 28 Enterik Kaplı Tablet;10;3;13;1.053;
15.07.2026;NEVZAT ECZA DEPOSU;NEVZAT TRABZON;8680001277360;SEÇKİN ECZANESİ;ORDU FATSA;ACİDPASS;Acidpass 10/800/165 mg 6 Çiğneme Tablet;1;0;1;69;
15.07.2026;NEVZAT ECZA DEPOSU;NEVZAT TRABZON;8680001277360;SEÇKİN ECZANESİ;ORDU FATSA;MOKSEFEN;Moksefen 400 mg 7 Film Tablet;5;1;6;745;
16.07.2026;SELÇUK ECZA DEPOSU;SELÇUK SAMSUN;8680001278312;MELİKE ECZANESİ;ORDU FATSA;ACİDPASS;Acidpass 10/800/165 mg 12 Çiğneme Tablet;50;15;65;5.612;
16.07.2026;SELÇUK ECZA DEPOSU;SELÇUK SAMSUN;8680001794430;SARIHAN ECZANESİ;ORDU FATSA;ACİDPASS;Acidpass 10/800/165 mg 12 Çiğneme Tablet;10;1;11;1.122;
16.07.2026;ALLIANCE HEALTHCARE;AH ORDU;8680001899241;AHSEN ECZANESİ;ORDU FATSA;ACİDPASS;Acidpass 10/800/165 mg 12 Çiğneme Tablet;10;1;11;1.122;
17.07.2026;NEVZAT ECZA DEPOSU;NEVZAT TRABZON;8680001147861;ÇALIŞKAN ECZANESİ;ORDU FATSA;ACİDPASS;Acidpass 10/800/165 mg 12 Çiğneme Tablet;10;1;11;1.122;
17.07.2026;ALLIANCE HEALTHCARE;AH ORDU;8680001937745;SAĞLAM ECZANESİ;ORDU FATSA;ACİDPASS;Acidpass 10/800/165 mg 12 Çiğneme Tablet;10;1;11;1.122;
17.07.2026;ALLIANCE HEALTHCARE;AH ORDU;8680001161119;KALE ECZANESİ;ORDU FATSA;MOKSEFEN;Moksefen 400 mg 7 Film Tablet;1;0;1;149;
18.07.2026;ALLIANCE HEALTHCARE;AH ORDU;8680001455775;AB-I HAYAT ECZANESİ;ORDU FATSA;ACİDPASS;Acidpass 10/800/165 mg 12 Çiğneme Tablet;10;1;11;1.122;
18.07.2026;ALLIANCE HEALTHCARE;AH ORDU;8680001249237;KEREM ECZANESİ;ORDU FATSA;PANOCER;Panocer 40 mg 28 Enterik Kaplı Tablet;10;3;13;1.053;
19.07.2026;ALLIANCE HEALTHCARE;AH ORDU;8680001496563;DOLUNAY ECZANESİ;ORDU FATSA;ACİDPASS;Acidpass 10/800/165 mg 12 Çiğneme Tablet;10;1;11;1.122;
20.07.2026;SELÇUK ECZA DEPOSU;SELÇUK SAMSUN;8680001277360;SEÇKİN ECZANESİ;ORDU FATSA;ACİDPASS;Acidpass 10/800/165 mg 6 Çiğneme Tablet;2;0;2;138;
20.07.2026;ALLIANCE HEALTHCARE;AH ORDU;8680001844494;AKSOY ECZANESİ;ORDU FATSA;GRİPORT COLD;Griport Cold 20 Film Kaplı Tablet;1;0;1;84;
20.07.2026;ALLIANCE HEALTHCARE;AH ORDU;8680001901760;TUĞÇEM ECZANESİ;ORDU FATSA;PANOCER;Panocer 40 mg 28 Enterik Kaplı Tablet;10;3;13;1.053;
21.07.2026;NEVZAT ECZA DEPOSU;NEVZAT TRABZON;8680001277537;SENA ECZANESİ;ORDU FATSA;ACİDPASS;Acidpass 10/800/165 mg 12 Çiğneme Tablet;10;1;11;1.122;
21.07.2026;SELÇUK ECZA DEPOSU;SELÇUK SAMSUN;8680001370214;ULVİ ECZANESİ;ORDU FATSA;ACİDPASS;Acidpass 10/800/165 mg 12 Çiğneme Tablet;20;3;23;2.245;
21.07.2026;ALLIANCE HEALTHCARE;AH ORDU;8680001750108;GÜNEŞ ECZANESİ;ORDU FATSA;ACİDPASS;Acidpass 10/800/165 mg 12 Çiğneme Tablet;10;1;11;1.122;
22.07.2026;SELÇUK ECZA DEPOSU;SELÇUK SAMSUN;8680001450916;YILDIZ ECZANESİ;ORDU FATSA;PANOCER;Panocer 40 mg 28 Enterik Kaplı Tablet;30;12;42;3.159;
24.07.2026;ALLIANCE HEALTHCARE;AH ORDU;8680001421060;ORHAN ECZANESİ;ORDU FATSA;ACİDPASS;Acidpass 10/800/165 mg 12 Çiğneme Tablet;10;1;11;1.122;
24.07.2026;ALLIANCE HEALTHCARE;AH ORDU;8680001277667;İSTANBUL ECZANESİ;ORDU FATSA;ACİDPASS;Acidpass 10/800/165 mg 12 Çiğneme Tablet;10;1;11;1.122;
24.07.2026;SELÇUK ECZA DEPOSU;SELÇUK SAMSUN;8680001278268;LOKMAN ECZANESİ;ORDU FATSA;ACİDPASS;Acidpass 10/800/165 mg 12 Çiğneme Tablet;10;1;11;1.122;
24.07.2026;ALLIANCE HEALTHCARE;AH ORDU;8680001679751;DERMAN ECZANESİ;ORDU FATSA;ACİDPASS;Acidpass 10/800/165 mg 12 Çiğneme Tablet;20;3;23;2.245;
24.07.2026;ALLIANCE HEALTHCARE;AH ORDU;8680001844494;AKSOY ECZANESİ;ORDU FATSA;ACİDPASS;Acidpass 10/800/165 mg 12 Çiğneme Tablet;10;1;11;1.122;
24.07.2026;NEVZAT ECZA DEPOSU;NEVZAT TRABZON;8680001277230;MERKEZ ECZANESİ;ORDU FATSA;ACİDPASS;Acidpass 10/800/165 mg 6 Çiğneme Tablet;2;0;2;138;
24.07.2026;ALLIANCE HEALTHCARE;AH ORDU;8680001161119;KALE ECZANESİ;ORDU FATSA;MOKSEFEN;Moksefen 400 mg 7 Film Tablet;5;1;6;745;
24.07.2026;ALLIANCE HEALTHCARE;AH ORDU;8680001700653;KIR ECZANESİ;ORDU FATSA;MOKSEFEN;Moksefen 400 mg 7 Film Tablet;1;0;1;149;
26.07.2026;SELÇUK ECZA DEPOSU;SELÇUK SAMSUN;8680001455775;AB-I HAYAT ECZANESİ;ORDU FATSA;ACİDPASS;Acidpass 10/800/165 mg 6 Çiğneme Tablet;4;0;4;276;
27.07.2026;NEVZAT ECZA DEPOSU;NEVZAT TRABZON;8680001277360;SEÇKİN ECZANESİ;ORDU FATSA;GRİPORT COLD;Griport Cold 20 Film Kaplı Tablet;1;0;1;84;
28.07.2026;ALLIANCE HEALTHCARE;AH ORDU;8680001156443;ESRA ECZANESİ;ORDU FATSA;GRİPORT COLD;Griport Cold 20 Film Kaplı Tablet;6;1;7;505;
28.07.2026;SELÇUK ECZA DEPOSU;SELÇUK SAMSUN;8680001277360;SEÇKİN ECZANESİ;ORDU FATSA;PANOCER;Panocer 40 mg 28 Enterik Kaplı Tablet;50;25;75;5.266;
29.07.2026;SELÇUK ECZA DEPOSU;SELÇUK SAMSUN;8680001277674;SEYİTOĞLU ECZANESİ;ORDU FATSA;ACİDPASS;Acidpass 10/800/165 mg 12 Çiğneme Tablet;20;3;23;2.245;
29.07.2026;NEVZAT ECZA DEPOSU;NEVZAT TRABZON;8680001277254;ÖLÇEK ECZANESİ;ORDU FATSA;ACİDPASS;Acidpass 10/800/165 mg 12 Çiğneme Tablet;2;0;2;224;
30.07.2026;SELÇUK ECZA DEPOSU;SELÇUK SAMSUN;8680001277360;SEÇKİN ECZANESİ;ORDU FATSA;ACİDPASS;Acidpass 10/800/165 mg 12 Çiğneme Tablet;10;1;11;1.122;
31.07.2026;ALLIANCE HEALTHCARE;AH ORDU;8680001249237;KEREM ECZANESİ;ORDU FATSA;ACİDPASS;Acidpass 10/800/165 mg 12 Çiğneme Tablet;10;1;11;1.122;
31.07.2026;ALLIANCE HEALTHCARE;AH ORDU;8680001249237;KEREM ECZANESİ;ORDU FATSA;PANOCER;Panocer 40 mg 28 Enterik Kaplı Tablet;10;3;13;1.053;
31.07.2026;ALLIANCE HEALTHCARE;AH ORDU;8680001899241;AHSEN ECZANESİ;ORDU FATSA;PANOCER;Panocer 40 mg 28 Enterik Kaplı Tablet;10;3;13;1.053;
01.07.2026;ALLIANCE HEALTHCARE;AH ORDU;8680001292448;ÇAMAŞ ECZANESİ;ORDU GUNEY ILCELER -1;ACİDPASS;Acidpass 10/800/165 mg 12 Çiğneme Tablet;10;1;11;1.122;
01.07.2026;ALLIANCE HEALTHCARE;AH ORDU;8680001460205;SELÇUK ECZANESİ;ORDU GUNEY ILCELER -1;ACİDPASS;Acidpass 10/800/165 mg 12 Çiğneme Tablet;50;15;65;5.612;
01.07.2026;SELÇUK ECZA DEPOSU;SELÇUK SAMSUN;8680001486359;SU ECZANESİ;ORDU GUNEY ILCELER -1;MOKSEFEN;Moksefen 400 mg 7 Film Tablet;5;1;6;745;
01.07.2026;ALLIANCE HEALTHCARE;AH ORDU;8680001897315;YAKACIK ECZANESI;ORDU GUNEY ILCELER -1;PANOCER;Panocer 40 mg 28 Enterik Kaplı Tablet;50;25;75;5.266;
02.07.2026;ALLIANCE HEALTHCARE;AH ORDU;8680001157914;GÜRGENTEPE ECZANESİ;ORDU GUNEY ILCELER -1;GRİPORT COLD;Griport Cold 20 Film Kaplı Tablet;6;1;7;505;
02.07.2026;SELÇUK ECZA DEPOSU;SELÇUK SAMSUN;8680001158379;HALK ECZANESİ;ORDU GUNEY ILCELER -1;PANOCER;Panocer 40 mg 28 Enterik Kaplı Tablet;10;3;13;1.053;
03.07.2026;SELÇUK ECZA DEPOSU;SELÇUK SAMSUN;8680001802272;BACACI ECZANESI;ORDU GUNEY ILCELER -1;MOKSEFEN;Moksefen 400 mg 7 Film Tablet;20;10;30;2.980;
06.07.2026;ALLIANCE HEALTHCARE;AH ORDU;8680001157914;GÜRGENTEPE ECZANESİ;ORDU GUNEY ILCELER -1;ACİDPASS;Acidpass 10/800/165 mg 12 Çiğneme Tablet;20;3;23;2.245;
15.07.2026;SELÇUK ECZA DEPOSU;SELÇUK SAMSUN;8680001486359;SU ECZANESİ;ORDU GUNEY ILCELER -1;ACİDPASS;Acidpass 10/800/165 mg 12 Çiğneme Tablet;10;1;11;1.122;
17.07.2026;NEVZAT ECZA DEPOSU;NEVZAT TRABZON;8680001233335;ÜMİT ECZANESİ;ORDU GUNEY ILCELER -1;ACİDPASS;Acidpass 10/800/165 mg 12 Çiğneme Tablet;20;3;23;2.245;
17.07.2026;SELÇUK ECZA DEPOSU;SELÇUK SAMSUN;8680001695935;GÖNÜL ECZANESİ;ORDU GUNEY ILCELER -1;ACİDPASS;Acidpass 10/800/165 mg 12 Çiğneme Tablet;50;15;65;5.612;
17.07.2026;ALLIANCE HEALTHCARE;AH ORDU;8680001158379;HALK ECZANESİ;ORDU GUNEY ILCELER -1;PANOCER;Panocer 40 mg 28 Enterik Kaplı Tablet;10;3;13;1.053;
17.07.2026;SELÇUK ECZA DEPOSU;SELÇUK SAMSUN;8680001695935;GÖNÜL ECZANESİ;ORDU GUNEY ILCELER -1;PANOCER;Panocer 40 mg 28 Enterik Kaplı Tablet;50;25;75;5.266;
18.07.2026;ALLIANCE HEALTHCARE;AH ORDU;8680001166008;KINA ECZANESİ;ORDU GUNEY ILCELER -1;ACİDPASS;Acidpass 10/800/165 mg 12 Çiğneme Tablet;10;1;11;1.122;
22.07.2026;ALLIANCE HEALTHCARE;AH ORDU;8680001158515;HAYAT ECZANESİ;ORDU GUNEY ILCELER -1;ACİDPASS;Acidpass 10/800/165 mg 12 Çiğneme Tablet;20;3;23;2.245;
24.07.2026;ALLIANCE HEALTHCARE;AH ORDU;8680001292448;ÇAMAŞ ECZANESİ;ORDU GUNEY ILCELER -1;ACİDPASS;Acidpass 10/800/165 mg 12 Çiğneme Tablet;10;1;11;1.122;
25.07.2026;SELÇUK ECZA DEPOSU;SELÇUK SAMSUN;8680001158515;HAYAT ECZANESİ;ORDU GUNEY ILCELER -1;MOKSEFEN;Moksefen 400 mg 7 Film Tablet;20;10;30;2.980;
25.07.2026;SELÇUK ECZA DEPOSU;SELÇUK SAMSUN;8680001158379;HALK ECZANESİ;ORDU GUNEY ILCELER -1;MOKSEFEN;Moksefen 400 mg 7 Film Tablet;10;3;13;1.490;
27.07.2026;SELÇUK ECZA DEPOSU;SELÇUK SAMSUN;8680001158379;HALK ECZANESİ;ORDU GUNEY ILCELER -1;PANOCER;Panocer 40 mg 28 Enterik Kaplı Tablet;10;3;13;1.053;
28.07.2026;SELÇUK ECZA DEPOSU;SELÇUK SAMSUN;8680001486359;SU ECZANESİ;ORDU GUNEY ILCELER -1;MOKSEFEN;Moksefen 400 mg 7 Film Tablet;5;1;6;745;
29.07.2026;ALLIANCE HEALTHCARE;AH ORDU;8680001292448;ÇAMAŞ ECZANESİ;ORDU GUNEY ILCELER -1;PANOCER;Panocer 40 mg 28 Enterik Kaplı Tablet;10;3;13;1.053;
29.07.2026;ALLIANCE HEALTHCARE;AH ORDU;8680001733361;ÖZLEM ECZANESİ;ORDU GUNEY ILCELER -1;PANOCER;Panocer 40 mg 28 Enterik Kaplı Tablet;50;25;75;5.266;
31.07.2026;ALLIANCE HEALTHCARE;AH ORDU;8680001166008;KINA ECZANESİ;ORDU GUNEY ILCELER -1;MOKSEFEN;Moksefen 400 mg 7 Film Tablet;10;3;13;1.490;
01.07.2026;ALLIANCE HEALTHCARE;AH ORDU;8680001522064;ARSLAN ECZANESİ;ORDU MERKEZ -1;MOKSEFEN;Moksefen 400 mg 7 Film Tablet;20;10;30;2.980;
01.07.2026;ALLIANCE HEALTHCARE;AH ORDU;8680001148233;ÇELENK ECZANESİ;ORDU MERKEZ -1;PANOCER;Panocer 40 mg 28 Enterik Kaplı Tablet;50;25;75;5.266;
01.07.2026;ALLIANCE HEALTHCARE;AH ORDU;8680001522064;ARSLAN ECZANESİ;ORDU MERKEZ -1;PANOCER;Panocer 40 mg 28 Enterik Kaplı Tablet;50;25;75;5.266;
02.07.2026;ALLIANCE HEALTHCARE;AH ORDU;8680001143993;BERRİN ECZANESİ;ORDU MERKEZ -1;ACİDPASS;Acidpass 10/800/165 mg 12 Çiğneme Tablet;20;3;23;2.245;
02.07.2026;ALLIANCE HEALTHCARE;AH ORDU;8680001733729;ÖZMEN ECZANESİ;ORDU MERKEZ -1;ACİDPASS;Acidpass 10/800/165 mg 12 Çiğneme Tablet;50;15;65;5.612;
03.07.2026;ALLIANCE HEALTHCARE;AH ORDU;8680001203345;TAYFUN ECZANESİ;ORDU MERKEZ -1;ACİDPASS;Acidpass 10/800/165 mg 12 Çiğneme Tablet;10;1;11;1.122;
03.07.2026;ALLIANCE HEALTHCARE;AH ORDU;8680001154135;ERGÜL ECZANESİ;ORDU MERKEZ -1;ACİDPASS;Acidpass 10/800/165 mg 12 Çiğneme Tablet;10;1;11;1.122;
03.07.2026;ALLIANCE HEALTHCARE;AH ORDU;8680001156580;FATİH ECZANESİ;ORDU MERKEZ -1;PANOCER;Panocer 40 mg 28 Enterik Kaplı Tablet;10;3;13;1.053;
06.07.2026;ALLIANCE HEALTHCARE;AH ORDU;8680001428342;DOĞA ECZANESİ;ORDU MERKEZ -1;ACİDPASS;Acidpass 10/800/165 mg 12 Çiğneme Tablet;1;0;1;112;
06.07.2026;ALLIANCE HEALTHCARE;AH ORDU;8680001187621;PELİN ECZANESİ;ORDU MERKEZ -1;ACİDPASS;Acidpass 10/800/165 mg 12 Çiğneme Tablet;10;1;11;1.122;
08.07.2026;ALLIANCE HEALTHCARE;AH ORDU;8680001428342;DOĞA ECZANESİ;ORDU MERKEZ -1;ACİDPASS;Acidpass 10/800/165 mg 12 Çiğneme Tablet;3;0;3;337;
08.07.2026;ALLIANCE HEALTHCARE;AH ORDU;8680001160174;HASTANELER ECZANESİ;ORDU MERKEZ -1;ACİDPASS;Acidpass 10/800/165 mg 12 Çiğneme Tablet;10;1;11;1.122;
08.07.2026;ALLIANCE HEALTHCARE;AH ORDU;8680001479276;CANSU DERE ECZANESİ;ORDU MERKEZ -1;ACİDPASS;Acidpass 10/800/165 mg 12 Çiğneme Tablet;3;0;3;337;
08.07.2026;SELÇUK ECZA DEPOSU;SELÇUK SAMSUN;8680001255566;YENİ MAHALLE ECZANESİ;ORDU MERKEZ -1;PANOCER;Panocer 40 mg 28 Enterik Kaplı Tablet;30;12;42;3.159;
10.07.2026;SELÇUK ECZA DEPOSU;SELÇUK SAMSUN;8680001255566;YENİ MAHALLE ECZANESİ;ORDU MERKEZ -1;ACİDPASS;Acidpass 10/800/165 mg 12 Çiğneme Tablet;20;3;23;2.245;
10.07.2026;ALLIANCE HEALTHCARE;AH ORDU;8680001428342;DOĞA ECZANESİ;ORDU MERKEZ -1;PANOCER;Panocer 40 mg 28 Enterik Kaplı Tablet;10;3;13;1.053;
11.07.2026;ALLIANCE HEALTHCARE;AH ORDU;8680001554102;ALTINORDU ECZANESİ;ORDU MERKEZ -1;MOKSEFEN;Moksefen 400 mg 7 Film Tablet;5;1;6;745;
13.07.2026;SELÇUK ECZA DEPOSU;SELÇUK SAMSUN;8680001151080;DERMAN ECZANESİ;ORDU MERKEZ -1;ACİDPASS;Acidpass 10/800/165 mg 12 Çiğneme Tablet;5;0;5;561;
13.07.2026;ALLIANCE HEALTHCARE;AH ORDU;8680001203345;TAYFUN ECZANESİ;ORDU MERKEZ -1;ACİDPASS;Acidpass 10/800/165 mg 12 Çiğneme Tablet;10;1;11;1.122;
13.07.2026;SELÇUK ECZA DEPOSU;SELÇUK SAMSUN;8680001792269;BORA ECZANESİ;ORDU MERKEZ -1;ACİDPASS;Acidpass 10/800/165 mg 12 Çiğneme Tablet;5;0;5;561;
14.07.2026;ALLIANCE HEALTHCARE;AH ORDU;8680001479276;CANSU DERE ECZANESİ;ORDU MERKEZ -1;PANOCER;Panocer 40 mg 28 Enterik Kaplı Tablet;10;3;13;1.053;
16.07.2026;ALLIANCE HEALTHCARE;AH ORDU;8680001165636;KAYAHAN ECZANESİ;ORDU MERKEZ -1;ACİDPASS;Acidpass 10/800/165 mg 12 Çiğneme Tablet;10;1;11;1.122;
16.07.2026;ALLIANCE HEALTHCARE;AH ORDU;8680001160631;HIZIR ECZANESİ;ORDU MERKEZ -1;ACİDPASS;Acidpass 10/800/165 mg 12 Çiğneme Tablet;10;1;11;1.122;
16.07.2026;ALLIANCE HEALTHCARE;AH ORDU;8680001233083;UĞUR ECZANESİ;ORDU MERKEZ -1;GRİPORT COLD;Griport Cold 20 Film Kaplı Tablet;2;0;2;168;
17.07.2026;SELÇUK ECZA DEPOSU;SELÇUK SAMSUN;8680001493647;SELİN ECZANESİ;ORDU MERKEZ -1;ACİDPASS;Acidpass 10/800/165 mg 12 Çiğneme Tablet;10;1;11;1.122;
18.07.2026;SELÇUK ECZA DEPOSU;SELÇUK SAMSUN;8680001524136;DEMİR ECZANESİ;ORDU MERKEZ -1;MOKSEFEN;Moksefen 400 mg 7 Film Tablet;20;10;30;2.980;
20.07.2026;NEVZAT ECZA DEPOSU;NEVZAT TRABZON;8680001148233;ÇELENK ECZANESİ;ORDU MERKEZ -1;ACİDPASS;Acidpass 10/800/165 mg 12 Çiğneme Tablet;3;0;3;337;
20.07.2026;SELÇUK ECZA DEPOSU;SELÇUK SAMSUN;8680001792269;BORA ECZANESİ;ORDU MERKEZ -1;ACİDPASS;Acidpass 10/800/165 mg 12 Çiğneme Tablet;10;1;11;1.122;
20.07.2026;ALLIANCE HEALTHCARE;AH ORDU;8680001165636;KAYAHAN ECZANESİ;ORDU MERKEZ -1;PANOCER;Panocer 40 mg 28 Enterik Kaplı Tablet;10;3;13;1.053;
22.07.2026;ALLIANCE HEALTHCARE;AH ORDU;8680001720460;ÖZDEMİR ECZANESİ;ORDU MERKEZ -1;ACİDPASS;Acidpass 10/800/165 mg 12 Çiğneme Tablet;2;0;2;224;
22.07.2026;SELÇUK ECZA DEPOSU;SELÇUK SAMSUN;8680001698097;PARK ECZANESİ;ORDU MERKEZ -1;GRİPORT COLD;Griport Cold 20 Film Kaplı Tablet;1;0;1;84;
23.07.2026;SELÇUK ECZA DEPOSU;SELÇUK SAMSUN;8680001149605;DEMİRTAŞ ECZANESİ;ORDU MERKEZ -1;ACİDPASS;Acidpass 10/800/165 mg 12 Çiğneme Tablet;2;0;2;224;
23.07.2026;ALLIANCE HEALTHCARE;AH ORDU;8680001165636;KAYAHAN ECZANESİ;ORDU MERKEZ -1;ACİDPASS;Acidpass 10/800/165 mg 12 Çiğneme Tablet;20;3;23;2.245;
23.07.2026;SELÇUK ECZA DEPOSU;SELÇUK SAMSUN;8680001601011;YILMAZ ECZANESİ;ORDU MERKEZ -1;ACİDPASS;Acidpass 10/800/165 mg 12 Çiğneme Tablet;10;1;11;1.122;
24.07.2026;ALLIANCE HEALTHCARE;AH ORDU;8680001524136;DEMİR ECZANESİ;ORDU MERKEZ -1;PANOCER;Panocer 40 mg 28 Enterik Kaplı Tablet;10;3;13;1.053;
25.07.2026;ALLIANCE HEALTHCARE;AH ORDU;8680001233083;UĞUR ECZANESİ;ORDU MERKEZ -1;ACİDPASS;Acidpass 10/800/165 mg 12 Çiğneme Tablet;5;0;5;561;
25.07.2026;SELÇUK ECZA DEPOSU;SELÇUK SAMSUN;8680001549863;ZAİMOĞLU ECZANESİ;ORDU MERKEZ -1;GRİPORT COLD;Griport Cold 20 Film Kaplı Tablet;6;1;7;505;
27.07.2026;SELÇUK ECZA DEPOSU;SELÇUK SAMSUN;8680001524136;DEMİR ECZANESİ;ORDU MERKEZ -1;ACİDPASS;Acidpass 10/800/165 mg 12 Çiğneme Tablet;10;1;11;1.122;
28.07.2026;ALLIANCE HEALTHCARE;AH ORDU;8680001151080;DERMAN ECZANESİ;ORDU MERKEZ -1;ACİDPASS;Acidpass 10/800/165 mg 12 Çiğneme Tablet;10;1;11;1.122;
28.07.2026;NEVZAT ECZA DEPOSU;NEVZAT TRABZON;8680001522064;ARSLAN ECZANESİ;ORDU MERKEZ -1;ACİDPASS;Acidpass 10/800/165 mg 12 Çiğneme Tablet;3;0;3;337;
28.07.2026;ALLIANCE HEALTHCARE;AH ORDU;8680001493647;SELİN ECZANESİ;ORDU MERKEZ -1;PANOCER;Panocer 40 mg 28 Enterik Kaplı Tablet;10;3;13;1.053;
29.07.2026;ALLIANCE HEALTHCARE;AH ORDU;8680001154135;ERGÜL ECZANESİ;ORDU MERKEZ -1;ACİDPASS;Acidpass 10/800/165 mg 12 Çiğneme Tablet;10;1;11;1.122;
30.07.2026;SELÇUK ECZA DEPOSU;SELÇUK SAMSUN;8680001627868;GÜNEŞ ECZANESİ;ORDU MERKEZ -1;GRİPORT COLD;Griport Cold 20 Film Kaplı Tablet;2;0;2;168;
31.07.2026;ALLIANCE HEALTHCARE;AH ORDU;8680001870172;LALE BEGÜM ECZANESİ;ORDU MERKEZ -1;MOKSEFEN;Moksefen 400 mg 7 Film Tablet;5;1;6;745;
01.07.2026;ALLIANCE HEALTHCARE;AH ORDU;8680001153510;BÜYÜK ECZANESİ;ORDU MERKEZ -2;ACİDPASS;Acidpass 10/800/165 mg 12 Çiğneme Tablet;10;1;11;1.122;
01.07.2026;NEVZAT ECZA DEPOSU;NEVZAT TRABZON;8680001150342;ÖMÜR ECZANESİ;ORDU MERKEZ -2;ACİDPASS;Acidpass 10/800/165 mg 12 Çiğneme Tablet;10;1;11;1.122;
01.07.2026;SELÇUK ECZA DEPOSU;SELÇUK SAMSUN;8680001302963;YENİ ECZANESİ;ORDU MERKEZ -2;GRİPORT COLD;Griport Cold 20 Film Kaplı Tablet;1;0;1;84;
01.07.2026;SELÇUK ECZA DEPOSU;SELÇUK SAMSUN;8680001302963;YENİ ECZANESİ;ORDU MERKEZ -2;GRİPORT COLD;Griport Cold 20 Film Kaplı Tablet;1;0;1;84;
02.07.2026;NEVZAT ECZA DEPOSU;NEVZAT TRABZON;8680001188420;SAĞLIK ECZANESİ;ORDU MERKEZ -2;ACİDPASS;Acidpass 10/800/165 mg 12 Çiğneme Tablet;20;3;23;2.245;
03.07.2026;ALLIANCE HEALTHCARE;AH ORDU;8680001463305;TUNA ECZANESİ;ORDU MERKEZ -2;ACİDPASS;Acidpass 10/800/165 mg 12 Çiğneme Tablet;50;15;65;5.612;
03.07.2026;ALLIANCE HEALTHCARE;AH ORDU;8680001146932;BOZTEPE ECZANESİ;ORDU MERKEZ -2;ACİDPASS;Acidpass 10/800/165 mg 12 Çiğneme Tablet;10;1;11;1.122;
03.07.2026;SELÇUK ECZA DEPOSU;SELÇUK SAMSUN;8680001150342;ÖMÜR ECZANESİ;ORDU MERKEZ -2;MOKSEFEN;Moksefen 400 mg 7 Film Tablet;20;10;30;2.980;
06.07.2026;SELÇUK ECZA DEPOSU;SELÇUK SAMSUN;8680001163847;KARAMANOĞLU ECZANESİ;ORDU MERKEZ -2;ACİDPASS;Acidpass 10/800/165 mg 6 Çiğneme Tablet;3;0;3;207;
10.07.2026;ALLIANCE HEALTHCARE;AH ORDU;8680001148141;MURAT ECZANESİ;ORDU MERKEZ -2;ACİDPASS;Acidpass 10/800/165 mg 12 Çiğneme Tablet;20;3;23;2.245;
10.07.2026;ALLIANCE HEALTHCARE;AH ORDU;8680001146932;BOZTEPE ECZANESİ;ORDU MERKEZ -2;GRİPORT COLD;Griport Cold 20 Film Kaplı Tablet;6;1;7;505;
10.07.2026;NEVZAT ECZA DEPOSU;NEVZAT TRABZON;8680001150342;ÖMÜR ECZANESİ;ORDU MERKEZ -2;PANOCER;Panocer 40 mg 28 Enterik Kaplı Tablet;10;3;13;1.053;
13.07.2026;NEVZAT ECZA DEPOSU;NEVZAT TRABZON;8680001188420;SAĞLIK ECZANESİ;ORDU MERKEZ -2;GRİPORT COLD;Griport Cold 20 Film Kaplı Tablet;1;0;1;84;
14.07.2026;NEVZAT ECZA DEPOSU;NEVZAT TRABZON;8680001188420;SAĞLIK ECZANESİ;ORDU MERKEZ -2;GRİPORT COLD;Griport Cold 20 Film Kaplı Tablet;3;0;3;252;
16.07.2026;NEVZAT ECZA DEPOSU;NEVZAT TRABZON;8680001188420;SAĞLIK ECZANESİ;ORDU MERKEZ -2;GRİPORT COLD;Griport Cold 20 Film Kaplı Tablet;6;1;7;505;
16.07.2026;ALLIANCE HEALTHCARE;AH ORDU;8680001153510;BÜYÜK ECZANESİ;ORDU MERKEZ -2;PANOCER;Panocer 40 mg 28 Enterik Kaplı Tablet;10;3;13;1.053;
18.07.2026;ALLIANCE HEALTHCARE;AH ORDU;8680001433063;ASYA ECZANESİ;ORDU MERKEZ -2;ACİDPASS;Acidpass 10/800/165 mg 12 Çiğneme Tablet;20;3;23;2.245;
18.07.2026;ALLIANCE HEALTHCARE;AH ORDU;8680001146932;BOZTEPE ECZANESİ;ORDU MERKEZ -2;ACİDPASS;Acidpass 10/800/165 mg 12 Çiğneme Tablet;10;1;11;1.122;
18.07.2026;ALLIANCE HEALTHCARE;AH ORDU;8680001148141;MURAT ECZANESİ;ORDU MERKEZ -2;ACİDPASS;Acidpass 10/800/165 mg 12 Çiğneme Tablet;10;1;11;1.122;
18.07.2026;ALLIANCE HEALTHCARE;AH ORDU;8680001150342;ÖMÜR ECZANESİ;ORDU MERKEZ -2;ACİDPASS;Acidpass 10/800/165 mg 12 Çiğneme Tablet;10;1;11;1.122;
18.07.2026;ALLIANCE HEALTHCARE;AH ORDU;8680001141944;KOÇYİĞİT ECZANESİ;ORDU MERKEZ -2;ACİDPASS;Acidpass 10/800/165 mg 12 Çiğneme Tablet;20;3;23;2.245;
20.07.2026;NEVZAT ECZA DEPOSU;NEVZAT TRABZON;8680001150342;ÖMÜR ECZANESİ;ORDU MERKEZ -2;GRİPORT COLD;Griport Cold 20 Film Kaplı Tablet;2;0;2;168;
20.07.2026;ALLIANCE HEALTHCARE;AH ORDU;8680001463305;TUNA ECZANESİ;ORDU MERKEZ -2;PANOCER;Panocer 40 mg 28 Enterik Kaplı Tablet;10;3;13;1.053;
21.07.2026;ALLIANCE HEALTHCARE;AH ORDU;8680001150342;ÖMÜR ECZANESİ;ORDU MERKEZ -2;ACİDPASS;Acidpass 10/800/165 mg 12 Çiğneme Tablet;-10;-1;-11;-1.122;
21.07.2026;SELÇUK ECZA DEPOSU;SELÇUK SAMSUN;8680001369911;DEFNE ECZANESİ;ORDU MERKEZ -2;ACİDPASS;Acidpass 10/800/165 mg 12 Çiğneme Tablet;10;1;11;1.122;
21.07.2026;ALLIANCE HEALTHCARE;AH ORDU;8680001142828;TÜLİN ECZANESİ;ORDU MERKEZ -2;GRİPORT COLD;Griport Cold 20 Film Kaplı Tablet;6;1;7;505;
22.07.2026;ALLIANCE HEALTHCARE;AH ORDU;8680001433063;ASYA ECZANESİ;ORDU MERKEZ -2;ACİDPASS;Acidpass 10/800/165 mg 12 Çiğneme Tablet;-20;-3;-23;-2.245;
22.07.2026;ALLIANCE HEALTHCARE;AH ORDU;8680001713608;BEGÜM ECZANESİ;ORDU MERKEZ -2;ACİDPASS;Acidpass 10/800/165 mg 12 Çiğneme Tablet;5;0;5;561;
22.07.2026;SELÇUK ECZA DEPOSU;SELÇUK SAMSUN;8680001255603;YEŞİLOVA ECZANESİ;ORDU MERKEZ -2;GRİPORT COLD;Griport Cold 20 Film Kaplı Tablet;2;0;2;168;
24.07.2026;SELÇUK ECZA DEPOSU;SELÇUK SAMSUN;8680001904440;EFE ECZANESİ;ORDU MERKEZ -2;MOKSEFEN;Moksefen 400 mg 7 Film Tablet;20;10;30;2.980;
25.07.2026;SELÇUK ECZA DEPOSU;SELÇUK SAMSUN;8680001188420;SAĞLIK ECZANESİ;ORDU MERKEZ -2;ACİDPASS;Acidpass 10/800/165 mg 12 Çiğneme Tablet;20;3;23;2.245;
27.07.2026;SELÇUK ECZA DEPOSU;SELÇUK SAMSUN;8680001163847;KARAMANOĞLU ECZANESİ;ORDU MERKEZ -2;ACİDPASS;Acidpass 10/800/165 mg 12 Çiğneme Tablet;20;3;23;2.245;
28.07.2026;SELÇUK ECZA DEPOSU;SELÇUK SAMSUN;8680001189045;BİZİM ECZANESİ;ORDU MERKEZ -2;ACİDPASS;Acidpass 10/800/165 mg 12 Çiğneme Tablet;20;3;23;2.245;
28.07.2026;ALLIANCE HEALTHCARE;AH ORDU;8680001255603;YEŞİLOVA ECZANESİ;ORDU MERKEZ -2;PANOCER;Panocer 40 mg 28 Enterik Kaplı Tablet;10;3;13;1.053;
30.07.2026;ALLIANCE HEALTHCARE;AH ORDU;8680001463305;TUNA ECZANESİ;ORDU MERKEZ -2;PANOCER;Panocer 40 mg 28 Enterik Kaplı Tablet;10;3;13;1.053;
30.07.2026;NEVZAT ECZA DEPOSU;NEVZAT TRABZON;8680001302963;YENİ ECZANESİ;ORDU MERKEZ -2;PANOCER;Panocer 40 mg 28 Enterik Kaplı Tablet;10;3;13;1.053;
01.07.2026;ALLIANCE HEALTHCARE;AH ORDU;8680001151127;DEVA ECZANESİ;ORDU MERKEZ -3;ACİDPASS;Acidpass 10/800/165 mg 12 Çiğneme Tablet;10;1;11;1.122;
01.07.2026;SELÇUK ECZA DEPOSU;SELÇUK SAMSUN;8680001899418;ŞEYHOĞLU ECZANESİ;ORDU MERKEZ -3;ACİDPASS;Acidpass 10/800/165 mg 12 Çiğneme Tablet;10;1;11;1.122;
01.07.2026;SELÇUK ECZA DEPOSU;SELÇUK SAMSUN;8680001482689;ULUS ECZANESİ;ORDU MERKEZ -3;ACİDPASS;Acidpass 10/800/165 mg 6 Çiğneme Tablet;2;0;2;138;
02.07.2026;ALLIANCE HEALTHCARE;AH ORDU;8680001419876;NUR ECZANESİ;ORDU MERKEZ -3;ACİDPASS;Acidpass 10/800/165 mg 12 Çiğneme Tablet;10;1;11;1.122;
02.07.2026;SELÇUK ECZA DEPOSU;SELÇUK SAMSUN;8680001142286;KONAK ECZANESİ;ORDU MERKEZ -3;ACİDPASS;Acidpass 10/800/165 mg 12 Çiğneme Tablet;2;0;2;224;
02.07.2026;SELÇUK ECZA DEPOSU;SELÇUK SAMSUN;8680001516643;GÜVEN ECZANESİ;ORDU MERKEZ -3;ACİDPASS;Acidpass 10/800/165 mg 12 Çiğneme Tablet;20;3;23;2.245;
02.07.2026;SELÇUK ECZA DEPOSU;SELÇUK SAMSUN;8680001153336;DURU ECZANESİ;ORDU MERKEZ -3;PANOCER;Panocer 40 mg 28 Enterik Kaplı Tablet;165;135;300;17.377;
03.07.2026;ALLIANCE HEALTHCARE;AH ORDU;8680001153336;DURU ECZANESİ;ORDU MERKEZ -3;ACİDPASS;Acidpass 10/800/165 mg 12 Çiğneme Tablet;10;1;11;1.122;
03.07.2026;ALLIANCE HEALTHCARE;AH ORDU;8680001142286;KONAK ECZANESİ;ORDU MERKEZ -3;ACİDPASS;Acidpass 10/800/165 mg 12 Çiğneme Tablet;5;0;5;561;
03.07.2026;ALLIANCE HEALTHCARE;AH ORDU;8680001494163;ZEYNEP ECZANESİ;ORDU MERKEZ -3;ACİDPASS;Acidpass 10/800/165 mg 12 Çiğneme Tablet;20;3;23;2.245;
03.07.2026;ALLIANCE HEALTHCARE;AH ORDU;8680001148318;NİLÜFER ECZANESİ;ORDU MERKEZ -3;ACİDPASS;Acidpass 10/800/165 mg 12 Çiğneme Tablet;150;60;210;16.835;
03.07.2026;ALLIANCE HEALTHCARE;AH ORDU;8680001665112;DİLARA ECZANESİ;ORDU MERKEZ -3;ACİDPASS;Acidpass 10/800/165 mg 12 Çiğneme Tablet;10;1;11;1.122;
03.07.2026;ALLIANCE HEALTHCARE;AH ORDU;8680001494163;ZEYNEP ECZANESİ;ORDU MERKEZ -3;PANOCER;Panocer 40 mg 28 Enterik Kaplı Tablet;4;0;4;421;
04.07.2026;SELÇUK ECZA DEPOSU;SELÇUK SAMSUN;8680001165681;KAYMAK ECZANESİ;ORDU MERKEZ -3;ACİDPASS;Acidpass 10/800/165 mg 6 Çiğneme Tablet;2;0;2;138;
06.07.2026;ALLIANCE HEALTHCARE;AH ORDU;8680001679072;NİSAN ECZANESİ;ORDU MERKEZ -3;ACİDPASS;Acidpass 10/800/165 mg 12 Çiğneme Tablet;4;0;4;449;
06.07.2026;ALLIANCE HEALTHCARE;AH ORDU;8680001494163;ZEYNEP ECZANESİ;ORDU MERKEZ -3;PANOCER;Panocer 40 mg 28 Enterik Kaplı Tablet;10;3;13;1.053;
07.07.2026;ALLIANCE HEALTHCARE;AH ORDU;8680001478897;EZGİ ECZANESİ;ORDU MERKEZ -3;ACİDPASS;Acidpass 10/800/165 mg 12 Çiğneme Tablet;20;3;23;2.245;
07.07.2026;ALLIANCE HEALTHCARE;AH ORDU;8680001725984;YENİ SANAYİ ECZANESİ;ORDU MERKEZ -3;ACİDPASS;Acidpass 10/800/165 mg 12 Çiğneme Tablet;10;1;11;1.122;
09.07.2026;ALLIANCE HEALTHCARE;AH ORDU;8680001153336;DURU ECZANESİ;ORDU MERKEZ -3;ACİDPASS;Acidpass 10/800/165 mg 12 Çiğneme Tablet;-10;-1;-11;-1.122;
10.07.2026;SELÇUK ECZA DEPOSU;SELÇUK SAMSUN;8680001506958;ÇAKIR ECZANESİ;ORDU MERKEZ -3;PANOCER;Panocer 40 mg 28 Enterik Kaplı Tablet;165;135;300;17.377;
11.07.2026;ALLIANCE HEALTHCARE;AH ORDU;8680001416356;ÖZEL ORDU UMUT HASTANESİ ECZANESİ;ORDU MERKEZ -3;MOKSEFEN;Moksefen 400 mg 7 Film Tablet;5;1;6;745;
13.07.2026;SELÇUK ECZA DEPOSU;SELÇUK SAMSUN;8680001506958;ÇAKIR ECZANESİ;ORDU MERKEZ -3;ACİDPASS;Acidpass 10/800/165 mg 12 Çiğneme Tablet;20;3;23;2.245;
13.07.2026;ALLIANCE HEALTHCARE;AH ORDU;8680001157792;GÜNDOĞDU ECZANESİ;ORDU MERKEZ -3;ACİDPASS;Acidpass 10/800/165 mg 12 Çiğneme Tablet;1;0;1;112;
13.07.2026;ALLIANCE HEALTHCARE;AH ORDU;8680001141746;ALTAŞ ECZANESİ;ORDU MERKEZ -3;MOKSEFEN;Moksefen 400 mg 7 Film Tablet;20;10;30;2.980;
13.07.2026;ALLIANCE HEALTHCARE;AH ORDU;8680001419876;NUR ECZANESİ;ORDU MERKEZ -3;PANOCER;Panocer 40 mg 28 Enterik Kaplı Tablet;1;0;1;105;
14.07.2026;ALLIANCE HEALTHCARE;AH ORDU;8680001665112;DİLARA ECZANESİ;ORDU MERKEZ -3;MOKSEFEN;Moksefen 400 mg 7 Film Tablet;1;0;1;149;
14.07.2026;SELÇUK ECZA DEPOSU;SELÇUK SAMSUN;8680001686193;CUMHURİYET ECZANESİ;ORDU MERKEZ -3;MOKSEFEN;Moksefen 400 mg 7 Film Tablet;3;0;3;447;
14.07.2026;SELÇUK ECZA DEPOSU;SELÇUK SAMSUN;8680001738359;SILA ECZANESİ;ORDU MERKEZ -3;MOKSEFEN;Moksefen 400 mg 7 Film Tablet;1;0;1;149;
14.07.2026;SELÇUK ECZA DEPOSU;SELÇUK SAMSUN;8680001165681;KAYMAK ECZANESİ;ORDU MERKEZ -3;PANOCER;Panocer 40 mg 28 Enterik Kaplı Tablet;10;3;13;1.053;
15.07.2026;SELÇUK ECZA DEPOSU;SELÇUK SAMSUN;8680001679072;NİSAN ECZANESİ;ORDU MERKEZ -3;GRİPORT COLD;Griport Cold 20 Film Kaplı Tablet;2;0;2;168;
17.07.2026;ALLIANCE HEALTHCARE;AH ORDU;8680001632466;TUGCAN ECZANESI;ORDU MERKEZ -3;ACİDPASS;Acidpass 10/800/165 mg 12 Çiğneme Tablet;10;1;11;1.122;
18.07.2026;ALLIANCE HEALTHCARE;AH ORDU;8680001419876;NUR ECZANESİ;ORDU MERKEZ -3;ACİDPASS;Acidpass 10/800/165 mg 12 Çiğneme Tablet;10;1;11;1.122;
18.07.2026;ALLIANCE HEALTHCARE;AH ORDU;8680001482689;ULUS ECZANESİ;ORDU MERKEZ -3;ACİDPASS;Acidpass 10/800/165 mg 12 Çiğneme Tablet;20;3;23;2.245;
20.07.2026;SELÇUK ECZA DEPOSU;SELÇUK SAMSUN;8680001738359;SILA ECZANESİ;ORDU MERKEZ -3;ACİDPASS;Acidpass 10/800/165 mg 12 Çiğneme Tablet;10;1;11;1.122;
20.07.2026;ALLIANCE HEALTHCARE;AH ORDU;8680001796687;BUĞRA ECZANESİ;ORDU MERKEZ -3;ACİDPASS;Acidpass 10/800/165 mg 12 Çiğneme Tablet;10;1;11;1.122;
20.07.2026;SELÇUK ECZA DEPOSU;SELÇUK SAMSUN;8680001142286;KONAK ECZANESİ;ORDU MERKEZ -3;GRİPORT COLD;Griport Cold 20 Film Kaplı Tablet;3;0;3;252;
22.07.2026;ALLIANCE HEALTHCARE;AH ORDU;8680001725984;YENİ SANAYİ ECZANESİ;ORDU MERKEZ -3;PANOCER;Panocer 40 mg 28 Enterik Kaplı Tablet;4;0;4;421;
23.07.2026;ALLIANCE HEALTHCARE;AH ORDU;8680001419876;NUR ECZANESİ;ORDU MERKEZ -3;PANOCER;Panocer 40 mg 28 Enterik Kaplı Tablet;1;0;1;105;
24.07.2026;ALLIANCE HEALTHCARE;AH ORDU;8680001165681;KAYMAK ECZANESİ;ORDU MERKEZ -3;PANOCER;Panocer 40 mg 28 Enterik Kaplı Tablet;10;3;13;1.053;
27.07.2026;SELÇUK ECZA DEPOSU;SELÇUK SAMSUN;8680001143344;KÖROĞLU ECZANESİ;ORDU MERKEZ -3;ACİDPASS;Acidpass 10/800/165 mg 12 Çiğneme Tablet;20;3;23;2.245;
27.07.2026;ALLIANCE HEALTHCARE;AH ORDU;8680001602261;HEKİMOĞLU ECZANESİ;ORDU MERKEZ -3;ACİDPASS;Acidpass 10/800/165 mg 12 Çiğneme Tablet;4;0;4;449;
27.07.2026;ALLIANCE HEALTHCARE;AH ORDU;8680001602261;HEKİMOĞLU ECZANESİ;ORDU MERKEZ -3;ACİDPASS;Acidpass 10/800/165 mg 12 Çiğneme Tablet;10;1;11;1.122;
27.07.2026;NEVZAT ECZA DEPOSU;NEVZAT TRABZON;8680001450343;TUBA ECZANESİ;ORDU MERKEZ -3;PANOCER;Panocer 40 mg 28 Enterik Kaplı Tablet;10;3;13;1.053;
27.07.2026;ALLIANCE HEALTHCARE;AH ORDU;8680001796687;BUĞRA ECZANESİ;ORDU MERKEZ -3;PANOCER;Panocer 40 mg 28 Enterik Kaplı Tablet;10;3;13;1.053;
28.07.2026;ALLIANCE HEALTHCARE;AH ORDU;8680001158782;İBNİSİNA ECZANESİ;ORDU MERKEZ -3;ACİDPASS;Acidpass 10/800/165 mg 12 Çiğneme Tablet;3;0;3;337;
28.07.2026;ALLIANCE HEALTHCARE;AH ORDU;8680001142286;KONAK ECZANESİ;ORDU MERKEZ -3;ACİDPASS;Acidpass 10/800/165 mg 12 Çiğneme Tablet;3;0;3;337;
28.07.2026;ALLIANCE HEALTHCARE;AH ORDU;8680001494163;ZEYNEP ECZANESİ;ORDU MERKEZ -3;MOKSEFEN;Moksefen 400 mg 7 Film Tablet;3;0;3;447;
28.07.2026;ALLIANCE HEALTHCARE;AH ORDU;8680001602261;HEKİMOĞLU ECZANESİ;ORDU MERKEZ -3;PANOCER;Panocer 40 mg 28 Enterik Kaplı Tablet;10;3;13;1.053;
29.07.2026;ALLIANCE HEALTHCARE;AH ORDU;8680001419876;NUR ECZANESİ;ORDU MERKEZ -3;ACİDPASS;Acidpass 10/800/165 mg 12 Çiğneme Tablet;2;0;2;224;
29.07.2026;ALLIANCE HEALTHCARE;AH ORDU;8680001141746;ALTAŞ ECZANESİ;ORDU MERKEZ -3;ACİDPASS;Acidpass 10/800/165 mg 12 Çiğneme Tablet;3;0;3;337;
29.07.2026;NEVZAT ECZA DEPOSU;NEVZAT TRABZON;8680001570485;FIRAT ECZANESİ;ORDU MERKEZ -3;ACİDPASS;Acidpass 10/800/165 mg 12 Çiğneme Tablet;10;1;11;1.122;
29.07.2026;ALLIANCE HEALTHCARE;AH ORDU;8680001648450;AŞKAN ECZANESİ;ORDU MERKEZ -3;ACİDPASS;Acidpass 10/800/165 mg 6 Çiğneme Tablet;2;0;2;138;
29.07.2026;SELÇUK ECZA DEPOSU;SELÇUK SAMSUN;8680001738359;SILA ECZANESİ;ORDU MERKEZ -3;PANOCER;Panocer 40 mg 28 Enterik Kaplı Tablet;10;3;13;1.053;
30.07.2026;SELÇUK ECZA DEPOSU;SELÇUK SAMSUN;8680001142286;KONAK ECZANESİ;ORDU MERKEZ -3;ACİDPASS;Acidpass 10/800/165 mg 12 Çiğneme Tablet;2;0;2;224;
30.07.2026;ALLIANCE HEALTHCARE;AH ORDU;8680001369669;GÜLER ECZANESİ;ORDU MERKEZ -3;PANOCER;Panocer 40 mg 28 Enterik Kaplı Tablet;50;25;75;5.266;
31.07.2026;NEVZAT ECZA DEPOSU;NEVZAT TRABZON;8680001141746;ALTAŞ ECZANESİ;ORDU MERKEZ -3;ACİDPASS;Acidpass 10/800/165 mg 12 Çiğneme Tablet;3;0;3;337;
31.07.2026;SELÇUK ECZA DEPOSU;SELÇUK SAMSUN;8680001725984;YENİ SANAYİ ECZANESİ;ORDU MERKEZ -3;PANOCER;Panocer 40 mg 28 Enterik Kaplı Tablet;1;0;1;105;
01.07.2026;SELÇUK ECZA DEPOSU;SELÇUK SAMSUN;8680001881284;ATİLLA ADA ECZANESİ;ORDU UNYE;ACİDPASS;Acidpass 10/800/165 mg 12 Çiğneme Tablet;20;3;23;2.245;
01.07.2026;ALLIANCE HEALTHCARE;AH ORDU;8680001143146;AYDIN ECZANESİ;ORDU UNYE;PANOCER;Panocer 40 mg 28 Enterik Kaplı Tablet;10;3;13;1.053;
01.07.2026;ALLIANCE HEALTHCARE;AH ORDU;8680001255658;YILMAZ ECZANESİ;ORDU UNYE;PANOCER;Panocer 40 mg 28 Enterik Kaplı Tablet;30;12;42;3.159;
01.07.2026;ALLIANCE HEALTHCARE;AH ORDU;8680001443024;DOKUZ EYLÜL ECZANESİ;ORDU UNYE;PANOCER;Panocer 40 mg 28 Enterik Kaplı Tablet;165;135;300;17.377;
01.07.2026;SELÇUK ECZA DEPOSU;SELÇUK SAMSUN;8680001651399;DAVUT DURAK ECZANESI;ORDU UNYE;PANOCER;Panocer 40 mg 28 Enterik Kaplı Tablet;50;25;75;5.266;
01.07.2026;NEVZAT ECZA DEPOSU;NEVZAT TRABZON;8680001156726;GERÇEKER ECZANESİ;ORDU UNYE;PANOCER;Panocer 40 mg 28 Enterik Kaplı Tablet;10;3;13;1.053;
02.07.2026;ALLIANCE HEALTHCARE;AH ORDU;8680001255658;YILMAZ ECZANESİ;ORDU UNYE;ACİDPASS;Acidpass 10/800/165 mg 12 Çiğneme Tablet;10;1;11;1.122;
02.07.2026;SELÇUK ECZA DEPOSU;SELÇUK SAMSUN;8680001883516;UMUT ECZANESİ;ORDU UNYE;FAMTREC;Famtrec 800/26,6mg 14 Film Kaplı Tablet;5;1;6;511;
02.07.2026;ALLIANCE HEALTHCARE;AH ORDU;8680001150144;ORAL ECZANESİ;ORDU UNYE;GRİPORT COLD;Griport Cold 20 Film Kaplı Tablet;1;0;1;84;
02.07.2026;SELÇUK ECZA DEPOSU;SELÇUK SAMSUN;8680001462049;TEZEL ECZANESİ;ORDU UNYE;PANOCER;Panocer 40 mg 28 Enterik Kaplı Tablet;10;3;13;1.053;
03.07.2026;SELÇUK ECZA DEPOSU;SELÇUK SAMSUN;8680001504220;GÖLEVİ ECZANESİ;ORDU UNYE;ACİDPASS;Acidpass 10/800/165 mg 12 Çiğneme Tablet;10;1;11;1.122;
03.07.2026;SELÇUK ECZA DEPOSU;SELÇUK SAMSUN;8680001147458;LALE ECZANESİ;ORDU UNYE;ACİDPASS;Acidpass 10/800/165 mg 12 Çiğneme Tablet;2;0;2;224;
03.07.2026;ALLIANCE HEALTHCARE;AH ORDU;8680001150144;ORAL ECZANESİ;ORDU UNYE;ACİDPASS;Acidpass 10/800/165 mg 12 Çiğneme Tablet;50;15;65;5.612;
03.07.2026;ALLIANCE HEALTHCARE;AH ORDU;8680001651399;DAVUT DURAK ECZANESI;ORDU UNYE;ACİDPASS;Acidpass 10/800/165 mg 12 Çiğneme Tablet;2;0;2;224;
03.07.2026;SELÇUK ECZA DEPOSU;SELÇUK SAMSUN;8680001370030;ÇELİK ECZANESİ;ORDU UNYE;FAMTREC;Famtrec 800/26,6mg 14 Film Kaplı Tablet;5;1;6;511;
03.07.2026;ALLIANCE HEALTHCARE;AH ORDU;8680001150144;ORAL ECZANESİ;ORDU UNYE;FAMTREC;Famtrec 800/26,6mg 14 Film Kaplı Tablet;5;1;6;511;
03.07.2026;ALLIANCE HEALTHCARE;AH ORDU;8680001147434;KUYUMCUOĞLU ECZANESİ;ORDU UNYE;PANOCER;Panocer 40 mg 28 Enterik Kaplı Tablet;10;3;13;1.053;
06.07.2026;ALLIANCE HEALTHCARE;AH ORDU;8680001651399;DAVUT DURAK ECZANESI;ORDU UNYE;ACİDPASS;Acidpass 10/800/165 mg 12 Çiğneme Tablet;3;0;3;337;
06.07.2026;ALLIANCE HEALTHCARE;AH ORDU;8680001143146;AYDIN ECZANESİ;ORDU UNYE;GRİPORT COLD;Griport Cold 20 Film Kaplı Tablet;2;0;2;168;
07.07.2026;ALLIANCE HEALTHCARE;AH ORDU;8680001255658;YILMAZ ECZANESİ;ORDU UNYE;GRİPORT COLD;Griport Cold 20 Film Kaplı Tablet;6;1;7;505;
08.07.2026;SELÇUK ECZA DEPOSU;SELÇUK SAMSUN;8680001188444;SAĞLIK ECZANESİ;ORDU UNYE;ACİDPASS;Acidpass 10/800/165 mg 12 Çiğneme Tablet;10;1;11;1.122;
08.07.2026;SELÇUK ECZA DEPOSU;SELÇUK SAMSUN;8680001597277;NEVA ECZANESİ;ORDU UNYE;ACİDPASS;Acidpass 10/800/165 mg 12 Çiğneme Tablet;2;0;2;224;
08.07.2026;ALLIANCE HEALTHCARE;AH ORDU;8680001156726;GERÇEKER ECZANESİ;ORDU UNYE;MOKSEFEN;Moksefen 400 mg 7 Film Tablet;5;1;6;745;
08.07.2026;ALLIANCE HEALTHCARE;AH ORDU;8680001475223;SAFA ECZANESİ;ORDU UNYE;PANOCER;Panocer 40 mg 28 Enterik Kaplı Tablet;50;25;75;5.266;
08.07.2026;NEVZAT ECZA DEPOSU;NEVZAT TRABZON;8680001141135;AHSEN ECZANESİ;ORDU UNYE;PANOCER;Panocer 40 mg 28 Enterik Kaplı Tablet;10;3;13;1.053;
09.07.2026;SELÇUK ECZA DEPOSU;SELÇUK SAMSUN;8680001597277;NEVA ECZANESİ;ORDU UNYE;ACİDPASS;Acidpass 10/800/165 mg 12 Çiğneme Tablet;3;0;3;337;
12.07.2026;ALLIANCE HEALTHCARE;AH ORDU;8680001728930;YÜZYIL ECZANESI;ORDU UNYE;ACİDPASS;Acidpass 10/800/165 mg 12 Çiğneme Tablet;2;0;2;224;
13.07.2026;SELÇUK ECZA DEPOSU;SELÇUK SAMSUN;8680001150410;ÖZLEM ECZANESİ;ORDU UNYE;ACİDPASS;Acidpass 10/800/165 mg 12 Çiğneme Tablet;10;1;11;1.122;
14.07.2026;SELÇUK ECZA DEPOSU;SELÇUK SAMSUN;8680001233953;YAMANER ECZANESİ;ORDU UNYE;PANOCER;Panocer 40 mg 28 Enterik Kaplı Tablet;1;0;1;105;
17.07.2026;SELÇUK ECZA DEPOSU;SELÇUK SAMSUN;8680001144181;BEŞLİOĞLU ECZANESİ;ORDU UNYE;ACİDPASS;Acidpass 10/800/165 mg 12 Çiğneme Tablet;5;0;5;561;
18.07.2026;ALLIANCE HEALTHCARE;AH ORDU;8680001150144;ORAL ECZANESİ;ORDU UNYE;ACİDPASS;Acidpass 10/800/165 mg 12 Çiğneme Tablet;20;3;23;2.245;
18.07.2026;ALLIANCE HEALTHCARE;AH ORDU;8680001475223;SAFA ECZANESİ;ORDU UNYE;ACİDPASS;Acidpass 10/800/165 mg 12 Çiğneme Tablet;10;1;11;1.122;
20.07.2026;ALLIANCE HEALTHCARE;AH ORDU;8680001246724;YASEMİN ECZANESİ;ORDU UNYE;ACİDPASS;Acidpass 10/800/165 mg 12 Çiğneme Tablet;20;3;23;2.245;
20.07.2026;SELÇUK ECZA DEPOSU;SELÇUK SAMSUN;8680001144181;BEŞLİOĞLU ECZANESİ;ORDU UNYE;ACİDPASS;Acidpass 10/800/165 mg 12 Çiğneme Tablet;5;0;5;561;
20.07.2026;SELÇUK ECZA DEPOSU;SELÇUK SAMSUN;8680001597277;NEVA ECZANESİ;ORDU UNYE;ACİDPASS;Acidpass 10/800/165 mg 12 Çiğneme Tablet;3;0;3;337;
20.07.2026;SELÇUK ECZA DEPOSU;SELÇUK SAMSUN;8680001462049;TEZEL ECZANESİ;ORDU UNYE;MOKSEFEN;Moksefen 400 mg 7 Film Tablet;20;10;30;2.980;
20.07.2026;ALLIANCE HEALTHCARE;AH ORDU;8680001417810;ÇAKIROĞLU ECZANESİ;ORDU UNYE;PANOCER;Panocer 40 mg 28 Enterik Kaplı Tablet;10;3;13;1.053;
21.07.2026;ALLIANCE HEALTHCARE;AH ORDU;8680001246724;YASEMİN ECZANESİ;ORDU UNYE;ACİDPASS;Acidpass 10/800/165 mg 12 Çiğneme Tablet;-20;-3;-23;-2.245;
21.07.2026;ALLIANCE HEALTHCARE;AH ORDU;8680001246724;YASEMİN ECZANESİ;ORDU UNYE;ACİDPASS;Acidpass 10/800/165 mg 12 Çiğneme Tablet;3;0;3;337;
22.07.2026;SELÇUK ECZA DEPOSU;SELÇUK SAMSUN;8680001150410;ÖZLEM ECZANESİ;ORDU UNYE;ACİDPASS;Acidpass 10/800/165 mg 12 Çiğneme Tablet;20;3;23;2.245;
22.07.2026;SELÇUK ECZA DEPOSU;SELÇUK SAMSUN;8680001370030;ÇELİK ECZANESİ;ORDU UNYE;FAMTREC;Famtrec 800/26,6mg 14 Film Kaplı Tablet;-5;-1;-6;-511;
22.07.2026;SELÇUK ECZA DEPOSU;SELÇUK SAMSUN;8680001420100;YALI ECZANESİ;ORDU UNYE;PANOCER;Panocer 40 mg 28 Enterik Kaplı Tablet;30;12;42;3.159;
23.07.2026;ALLIANCE HEALTHCARE;AH ORDU;8680001255658;YILMAZ ECZANESİ;ORDU UNYE;ACİDPASS;Acidpass 10/800/165 mg 12 Çiğneme Tablet;10;1;11;1.122;
23.07.2026;SELÇUK ECZA DEPOSU;SELÇUK SAMSUN;8680001597277;NEVA ECZANESİ;ORDU UNYE;ACİDPASS;Acidpass 10/800/165 mg 12 Çiğneme Tablet;2;0;2;224;
23.07.2026;SELÇUK ECZA DEPOSU;SELÇUK SAMSUN;8680001469574;TAN ECZANESİ;ORDU UNYE;GRİPORT COLD;Griport Cold 20 Film Kaplı Tablet;2;0;2;168;
23.07.2026;SELÇUK ECZA DEPOSU;SELÇUK SAMSUN;8680001150199;DERMAN ECZANESİ;ORDU UNYE;GRİPORT COLD;Griport Cold 20 Film Kaplı Tablet;-1;0;-1;-84;
23.07.2026;ALLIANCE HEALTHCARE;AH ORDU;8680001143146;AYDIN ECZANESİ;ORDU UNYE;PANOCER;Panocer 40 mg 28 Enterik Kaplı Tablet;10;3;13;1.053;
23.07.2026;NEVZAT ECZA DEPOSU;NEVZAT TRABZON;8680001883516;UMUT ECZANESİ;ORDU UNYE;PANOCER;Panocer 40 mg 28 Enterik Kaplı Tablet;10;3;13;1.053;
24.07.2026;ALLIANCE HEALTHCARE;AH ORDU;8680001141135;AHSEN ECZANESİ;ORDU UNYE;ACİDPASS;Acidpass 10/800/165 mg 12 Çiğneme Tablet;10;1;11;1.122;
24.07.2026;ALLIANCE HEALTHCARE;AH ORDU;8680001255658;YILMAZ ECZANESİ;ORDU UNYE;GRİPORT COLD;Griport Cold 20 Film Kaplı Tablet;6;1;7;505;
24.07.2026;ALLIANCE HEALTHCARE;AH ORDU;8680001232574;TURAN ECZANESİ;ORDU UNYE;MOKSEFEN;Moksefen 400 mg 7 Film Tablet;5;1;6;745;
24.07.2026;ALLIANCE HEALTHCARE;AH ORDU;8680001417810;ÇAKIROĞLU ECZANESİ;ORDU UNYE;MOKSEFEN;Moksefen 400 mg 7 Film Tablet;10;3;13;1.490;
24.07.2026;SELÇUK ECZA DEPOSU;SELÇUK SAMSUN;8680001847334;ÇAĞLA ECZANESİ;ORDU UNYE;PANOCER;Panocer 40 mg 28 Enterik Kaplı Tablet;5;0;5;527;
27.07.2026;SELÇUK ECZA DEPOSU;SELÇUK SAMSUN;8680001141425;AKGÜL ECZANESİ;ORDU UNYE;GRİPORT COLD;Griport Cold 20 Film Kaplı Tablet;2;0;2;168;
28.07.2026;SELÇUK ECZA DEPOSU;SELÇUK SAMSUN;8680001147458;LALE ECZANESİ;ORDU UNYE;PANOCER;Panocer 40 mg 28 Enterik Kaplı Tablet;10;3;13;1.053;
28.07.2026;ALLIANCE HEALTHCARE;AH ORDU;8680001154425;SARIKAYA ECZANESİ;ORDU UNYE;PANOCER;Panocer 40 mg 28 Enterik Kaplı Tablet;10;3;13;1.053;
29.07.2026;ALLIANCE HEALTHCARE;AH ORDU;8680001525607;ATİK ECZANESİ;ORDU UNYE;MOKSEFEN;Moksefen 400 mg 7 Film Tablet;10;3;13;1.490;
30.07.2026;SELÇUK ECZA DEPOSU;SELÇUK SAMSUN;8680001597277;NEVA ECZANESİ;ORDU UNYE;ACİDPASS;Acidpass 10/800/165 mg 12 Çiğneme Tablet;1;0;1;112;
01.07.2026;SELÇUK ECZA DEPOSU;SELÇUK SAMSUN;8680001114313;EFE ECZANESİ;SAMSUN ADALET;ACİDPASS;Acidpass 10/800/165 mg 12 Çiğneme Tablet;5;0;5;561;
01.07.2026;ALLIANCE HEALTHCARE;AH SAMSUN;8680001110537;ÇELİK ECZANESİ;SAMSUN ADALET;ACİDPASS;Acidpass 10/800/165 mg 12 Çiğneme Tablet;10;1;11;1.122;
01.07.2026;İSTANBUL ECZA KOOP;İSKOOP MERKEZ;8680001110636;DEREBAHÇE ECZANESİ;SAMSUN ADALET;ACİDPASS;Acidpass 10/800/165 mg 6 Çiğneme Tablet;3;0;3;207;
01.07.2026;ALLIANCE HEALTHCARE;AH SAMSUN;8680001788767;ONAR ECZANESİ;SAMSUN ADALET;GRİPORT COLD;Griport Cold 20 Film Kaplı Tablet;1;0;1;84;
01.07.2026;ALLIANCE HEALTHCARE;AH SAMSUN;8680001110537;ÇELİK ECZANESİ;SAMSUN ADALET;MOKSEFEN;Moksefen 400 mg 7 Film Tablet;1;0;1;149;
01.07.2026;ALLIANCE HEALTHCARE;AH SAMSUN;8680001110537;ÇELİK ECZANESİ;SAMSUN ADALET;PANOCER;Panocer 40 mg 28 Enterik Kaplı Tablet;10;3;13;1.053;
01.07.2026;ALLIANCE HEALTHCARE;AH SAMSUN;8680001137411;ÇINAR ECZANESİ;SAMSUN ADALET;PANOCER;Panocer 40 mg 28 Enterik Kaplı Tablet;1;0;1;105;
02.07.2026;ALLIANCE HEALTHCARE;AH SAMSUN;8680001788767;ONAR ECZANESİ;SAMSUN ADALET;ACİDPASS;Acidpass 10/800/165 mg 12 Çiğneme Tablet;2;0;2;224;
02.07.2026;İSTANBUL ECZA KOOP;İSKOOP MERKEZ;8680001113095;AZİZ ECZANESİ;SAMSUN ADALET;MOKSEFEN;Moksefen 400 mg 7 Film Tablet;1;0;1;149;
02.07.2026;İSTANBUL ECZA KOOP;İSKOOP MERKEZ;8680001527786;YASEMİN ECZANESİ;SAMSUN ADALET;PANOCER;Panocer 40 mg 28 Enterik Kaplı Tablet;10;3;13;1.053;
03.07.2026;SELÇUK ECZA DEPOSU;SELÇUK SAMSUN;8680001137411;ÇINAR ECZANESİ;SAMSUN ADALET;PANOCER;Panocer 40 mg 28 Enterik Kaplı Tablet;1;0;1;105;
06.07.2026;İSTANBUL ECZA KOOP;İSKOOP MERKEZ;8680001110667;ÜMİT ECZANESİ;SAMSUN ADALET;ACİDPASS;Acidpass 10/800/165 mg 12 Çiğneme Tablet;2;0;2;224;
06.07.2026;ALLIANCE HEALTHCARE;AH SAMSUN;8680001788767;ONAR ECZANESİ;SAMSUN ADALET;GRİPORT COLD;Griport Cold 20 Film Kaplı Tablet;1;0;1;84;
07.07.2026;SELÇUK ECZA DEPOSU;SELÇUK SAMSUN;8680001137411;ÇINAR ECZANESİ;SAMSUN ADALET;MOKSEFEN;Moksefen 400 mg 7 Film Tablet;20;10;30;2.980;
08.07.2026;İSTANBUL ECZA KOOP;İSKOOP MERKEZ;8680001147335;GÖKÇE ECZANESİ;SAMSUN ADALET;ACİDPASS;Acidpass 10/800/165 mg 12 Çiğneme Tablet;2;0;2;224;
09.07.2026;SELÇUK ECZA DEPOSU;SELÇUK SAMSUN;8680001137411;ÇINAR ECZANESİ;SAMSUN ADALET;ACİDPASS;Acidpass 10/800/165 mg 12 Çiğneme Tablet;4;0;4;449;
09.07.2026;NEVZAT ECZA DEPOSU;NEVZAT SAMSUN;8680001114313;EFE ECZANESİ;SAMSUN ADALET;PANOCER;Panocer 40 mg 28 Enterik Kaplı Tablet;10;3;13;1.053;
09.07.2026;İSTANBUL ECZA KOOP;İSKOOP MERKEZ;8680001455348;PARK ECZANESİ;SAMSUN ADALET;PANOCER;Panocer 40 mg 28 Enterik Kaplı Tablet;10;3;13;1.053;
10.07.2026;İSTANBUL ECZA KOOP;İSKOOP MERKEZ;8680001116072;MEDİS ECZANESİ;SAMSUN ADALET;ACİDPASS;Acidpass 10/800/165 mg 12 Çiğneme Tablet;10;1;11;1.122;
11.07.2026;ALLIANCE HEALTHCARE;AH SAMSUN;8680001788767;ONAR ECZANESİ;SAMSUN ADALET;ACİDPASS;Acidpass 10/800/165 mg 12 Çiğneme Tablet;1;0;1;112;
13.07.2026;NEVZAT ECZA DEPOSU;NEVZAT SAMSUN;8680001110636;DEREBAHÇE ECZANESİ;SAMSUN ADALET;ACİDPASS;Acidpass 10/800/165 mg 12 Çiğneme Tablet;2;0;2;224;
14.07.2026;NEVZAT ECZA DEPOSU;NEVZAT SAMSUN;8680001144105;UNKAPANI ECZANESİ;SAMSUN ADALET;ACİDPASS;Acidpass 10/800/165 mg 12 Çiğneme Tablet;4;0;4;449;
14.07.2026;ALLIANCE HEALTHCARE;AH SAMSUN;8680001128716;SOSYAL MESKENLER ECZANESİ;SAMSUN ADALET;PANOCER;Panocer 40 mg 28 Enterik Kaplı Tablet;10;3;13;1.053;
15.07.2026;SELÇUK ECZA DEPOSU;SELÇUK SAMSUN;8680001788767;ONAR ECZANESİ;SAMSUN ADALET;GRİPORT COLD;Griport Cold 20 Film Kaplı Tablet;1;0;1;84;
16.07.2026;ALLIANCE HEALTHCARE;AH SAMSUN;8680001137152;SU ECZANESİ;SAMSUN ADALET;ACİDPASS;Acidpass 10/800/165 mg 12 Çiğneme Tablet;1;0;1;112;
16.07.2026;ALLIANCE HEALTHCARE;AH SAMSUN;8680001788767;ONAR ECZANESİ;SAMSUN ADALET;ACİDPASS;Acidpass 10/800/165 mg 12 Çiğneme Tablet;2;0;2;224;
20.07.2026;SELÇUK ECZA DEPOSU;SELÇUK SAMSUN;8680001137411;ÇINAR ECZANESİ;SAMSUN ADALET;ACİDPASS;Acidpass 10/800/165 mg 12 Çiğneme Tablet;2;0;2;224;
20.07.2026;İSTANBUL ECZA KOOP;İSKOOP MERKEZ;8680001110636;DEREBAHÇE ECZANESİ;SAMSUN ADALET;ACİDPASS;Acidpass 10/800/165 mg 12 Çiğneme Tablet;3;0;3;337;
21.07.2026;İSTANBUL ECZA KOOP;İSKOOP MERKEZ;8680001144105;UNKAPANI ECZANESİ;SAMSUN ADALET;ACİDPASS;Acidpass 10/800/165 mg 12 Çiğneme Tablet;2;0;2;224;
21.07.2026;ALLIANCE HEALTHCARE;AH SAMSUN;8680001788767;ONAR ECZANESİ;SAMSUN ADALET;GRİPORT COLD;Griport Cold 20 Film Kaplı Tablet;1;0;1;84;
22.07.2026;SELÇUK ECZA DEPOSU;SELÇUK SAMSUN;8680001147335;GÖKÇE ECZANESİ;SAMSUN ADALET;PANOCER;Panocer 40 mg 28 Enterik Kaplı Tablet;3;0;3;316;
23.07.2026;İSTANBUL ECZA KOOP;İSKOOP MERKEZ;8680001110667;ÜMİT ECZANESİ;SAMSUN ADALET;ACİDPASS;Acidpass 10/800/165 mg 12 Çiğneme Tablet;1;0;1;112;
25.07.2026;ALLIANCE HEALTHCARE;AH SAMSUN;8680001158652;MURAT ECZANESİ;SAMSUN ADALET;ACİDPASS;Acidpass 10/800/165 mg 12 Çiğneme Tablet;10;1;11;1.122;
27.07.2026;ALLIANCE HEALTHCARE;AH SAMSUN;8680001120116;DERMAN ECZANESİ;SAMSUN ADALET;PANOCER;Panocer 40 mg 28 Enterik Kaplı Tablet;2;0;2;211;
28.07.2026;ALLIANCE HEALTHCARE;AH SAMSUN;8680001120116;DERMAN ECZANESİ;SAMSUN ADALET;ACİDPASS;Acidpass 10/800/165 mg 12 Çiğneme Tablet;2;0;2;224;
28.07.2026;İSTANBUL ECZA KOOP;İSKOOP MERKEZ;8680001128716;SOSYAL MESKENLER ECZANESİ;SAMSUN ADALET;ACİDPASS;Acidpass 10/800/165 mg 12 Çiğneme Tablet;3;0;3;337;
28.07.2026;İSTANBUL ECZA KOOP;İSKOOP MERKEZ;8680001128716;SOSYAL MESKENLER ECZANESİ;SAMSUN ADALET;MOKSEFEN;Moksefen 400 mg 7 Film Tablet;10;3;13;1.490;
31.07.2026;İSTANBUL ECZA KOOP;İSKOOP MERKEZ;8680001144105;UNKAPANI ECZANESİ;SAMSUN ADALET;ACİDPASS;Acidpass 10/800/165 mg 12 Çiğneme Tablet;4;0;4;449;
31.07.2026;İSTANBUL ECZA KOOP;İSKOOP MERKEZ;8680001515431;DURUŞEHİR ECZANESİ;SAMSUN ADALET;ACİDPASS;Acidpass 10/800/165 mg 12 Çiğneme Tablet;10;1;11;1.122;
01.07.2026;ALLIANCE HEALTHCARE;AH SAMSUN;8680001145690;ŞİFA ECZANESİ;SAMSUN ALACAM+YAKAKENT;PANOCER;Panocer 40 mg 28 Enterik Kaplı Tablet;20;6;26;2.106;
02.07.2026;SELÇUK ECZA DEPOSU;SELÇUK SAMSUN;8680001108091;GÜMENEZ ECZANESİ;SAMSUN ALACAM+YAKAKENT;ACİDPASS;Acidpass 10/800/165 mg 12 Çiğneme Tablet;10;1;11;1.122;
02.07.2026;ALLIANCE HEALTHCARE;AH SAMSUN;8680001145690;ŞİFA ECZANESİ;SAMSUN ALACAM+YAKAKENT;GRİPORT COLD;Griport Cold 20 Film Kaplı Tablet;6;1;7;505;
04.07.2026;İSTANBUL ECZA KOOP;İSKOOP MERKEZ;8680001108091;GÜMENEZ ECZANESİ;SAMSUN ALACAM+YAKAKENT;PANOCER;Panocer 40 mg 28 Enterik Kaplı Tablet;10;3;13;1.053;
06.07.2026;ALLIANCE HEALTHCARE;AH SAMSUN;8680001132393;GAMZE ECZANESİ;SAMSUN ALACAM+YAKAKENT;ACİDPASS;Acidpass 10/800/165 mg 12 Çiğneme Tablet;20;3;23;2.245;
08.07.2026;İSTANBUL ECZA KOOP;İSKOOP MERKEZ;8680001132393;GAMZE ECZANESİ;SAMSUN ALACAM+YAKAKENT;GRİPORT COLD;Griport Cold 20 Film Kaplı Tablet;30;15;45;2.525;
09.07.2026;İSTANBUL ECZA KOOP;İSKOOP MERKEZ;8680001681464;YAKAKENT ECZANESİ;SAMSUN ALACAM+YAKAKENT;ACİDPASS;Acidpass 10/800/165 mg 12 Çiğneme Tablet;4;0;4;449;
16.07.2026;SELÇUK ECZA DEPOSU;SELÇUK SAMSUN;8680001681464;YAKAKENT ECZANESİ;SAMSUN ALACAM+YAKAKENT;GRİPORT COLD;Griport Cold 20 Film Kaplı Tablet;3;0;3;252;
17.07.2026;SELÇUK ECZA DEPOSU;SELÇUK SAMSUN;8680001114696;YILMAZ ECZANESİ;SAMSUN ALACAM+YAKAKENT;ACİDPASS;Acidpass 10/800/165 mg 12 Çiğneme Tablet;3;0;3;337;
18.07.2026;NEVZAT ECZA DEPOSU;NEVZAT SAMSUN;8680001108091;GÜMENEZ ECZANESİ;SAMSUN ALACAM+YAKAKENT;MOKSEFEN;Moksefen 400 mg 7 Film Tablet;1;0;1;149;
24.07.2026;ALLIANCE HEALTHCARE;AH SAMSUN;8680001141678;GÜLŞAH ECZANESİ;SAMSUN ALACAM+YAKAKENT;ACİDPASS;Acidpass 10/800/165 mg 12 Çiğneme Tablet;10;1;11;1.122;
24.07.2026;ALLIANCE HEALTHCARE;AH SAMSUN;8680001141678;GÜLŞAH ECZANESİ;SAMSUN ALACAM+YAKAKENT;MOKSEFEN;Moksefen 400 mg 7 Film Tablet;10;3;13;1.490;
28.07.2026;İSTANBUL ECZA KOOP;İSKOOP MERKEZ;8680001108091;GÜMENEZ ECZANESİ;SAMSUN ALACAM+YAKAKENT;ACİDPASS;Acidpass 10/800/165 mg 12 Çiğneme Tablet;3;0;3;337;
28.07.2026;SELÇUK ECZA DEPOSU;SELÇUK SAMSUN;8680001125999;ALAÇAM ECZANESİ;SAMSUN ALACAM+YAKAKENT;FAMTREC;Famtrec 800/26,6mg 14 Film Kaplı Tablet;5;1;6;511;
28.07.2026;ALLIANCE HEALTHCARE;AH SAMSUN;8680001102709;BAYRAK ECZANESİ;SAMSUN ALACAM+YAKAKENT;FAMTREC;Famtrec 800/26,6mg 14 Film Kaplı Tablet;5;1;6;511;
28.07.2026;ALLIANCE HEALTHCARE;AH SAMSUN;8680001141678;GÜLŞAH ECZANESİ;SAMSUN ALACAM+YAKAKENT;FAMTREC;Famtrec 800/26,6mg 14 Film Kaplı Tablet;5;1;6;511;
29.07.2026;İSTANBUL ECZA KOOP;İSKOOP MERKEZ;8680001681464;YAKAKENT ECZANESİ;SAMSUN ALACAM+YAKAKENT;ACİDPASS;Acidpass 10/800/165 mg 12 Çiğneme Tablet;10;1;11;1.122;
30.07.2026;İSTANBUL ECZA KOOP;İSKOOP MERKEZ;8680001635559;DENİZ ECZANESİ;SAMSUN ALACAM+YAKAKENT;ACİDPASS;Acidpass 10/800/165 mg 12 Çiğneme Tablet;10;1;11;1.122;
31.07.2026;ALLIANCE HEALTHCARE;AH SAMSUN;8680001114696;YILMAZ ECZANESİ;SAMSUN ALACAM+YAKAKENT;ACİDPASS;Acidpass 10/800/165 mg 12 Çiğneme Tablet;3;0;3;337;
31.07.2026;ALLIANCE HEALTHCARE;AH SAMSUN;8680001114696;YILMAZ ECZANESİ;SAMSUN ALACAM+YAKAKENT;PANOCER;Panocer 40 mg 28 Enterik Kaplı Tablet;30;12;42;3.159;
01.07.2026;ALLIANCE HEALTHCARE;AH SAMSUN;8680001500789;ATAKENT ECZANESİ;SAMSUN ATAKENT+19 MAYIS;ACİDPASS;Acidpass 10/800/165 mg 12 Çiğneme Tablet;100;35;135;11.223;
01.07.2026;İSTANBUL ECZA KOOP;İSKOOP MERKEZ;8680001900039;ALANLI ECZANESİ;SAMSUN ATAKENT+19 MAYIS;GRİPORT COLD;Griport Cold 20 Film Kaplı Tablet;1;0;1;84;
01.07.2026;SELÇUK ECZA DEPOSU;SELÇUK SAMSUN;8680001110193;TAFLAN ECZANESİ;SAMSUN ATAKENT+19 MAYIS;PANOCER;Panocer 40 mg 28 Enterik Kaplı Tablet;50;25;75;5.266;
01.07.2026;NEVZAT ECZA DEPOSU;NEVZAT SAMSUN;8680001644940;MİLA ECZANESİ;SAMSUN ATAKENT+19 MAYIS;PANOCER;Panocer 40 mg 28 Enterik Kaplı Tablet;10;3;13;1.053;
01.07.2026;İSTANBUL ECZA KOOP;İSKOOP MERKEZ;8680001727520;PELİTKÖY İPEK ECZANESİ;SAMSUN ATAKENT+19 MAYIS;PANOCER;Panocer 40 mg 28 Enterik Kaplı Tablet;10;3;13;1.053;
02.07.2026;İSTANBUL ECZA KOOP;İSKOOP MERKEZ;8680001886708;AKDAĞ ECZANESİ;SAMSUN ATAKENT+19 MAYIS;ACİDPASS;Acidpass 10/800/165 mg 12 Çiğneme Tablet;50;15;65;5.612;
02.07.2026;ALLIANCE HEALTHCARE;AH SAMSUN;8680001118793;BOLAT ECZANESİ;SAMSUN ATAKENT+19 MAYIS;MOKSEFEN;Moksefen 400 mg 7 Film Tablet;1;0;1;149;
02.07.2026;ALLIANCE HEALTHCARE;AH SAMSUN;8680001451098;VURAL ECZANESİ;SAMSUN ATAKENT+19 MAYIS;PANOCER;Panocer 40 mg 28 Enterik Kaplı Tablet;10;3;13;1.053;
04.07.2026;İSTANBUL ECZA KOOP;İSKOOP MERKEZ;8680001827671;SANAT ECZANESİ;SAMSUN ATAKENT+19 MAYIS;ACİDPASS;Acidpass 10/800/165 mg 6 Çiğneme Tablet;2;0;2;138;
05.07.2026;İSTANBUL ECZA KOOP;İSKOOP MERKEZ;8680001827671;SANAT ECZANESİ;SAMSUN ATAKENT+19 MAYIS;ACİDPASS;Acidpass 10/800/165 mg 6 Çiğneme Tablet;1;0;1;69;
05.07.2026;ALLIANCE HEALTHCARE;AH SAMSUN;8680001827671;SANAT ECZANESİ;SAMSUN ATAKENT+19 MAYIS;PANOCER;Panocer 40 mg 28 Enterik Kaplı Tablet;1;0;1;105;
06.07.2026;ALLIANCE HEALTHCARE;AH SAMSUN;8680001726776;DEMİR ECZANESİ;SAMSUN ATAKENT+19 MAYIS;GRİPORT COLD;Griport Cold 20 Film Kaplı Tablet;1;0;1;84;
06.07.2026;İSTANBUL ECZA KOOP;İSKOOP MERKEZ;8680001786664;EROĞLU ECZANESİ;SAMSUN ATAKENT+19 MAYIS;GRİPORT COLD;Griport Cold 20 Film Kaplı Tablet;30;15;45;2.525;
06.07.2026;SELÇUK ECZA DEPOSU;SELÇUK SAMSUN;8680001119073;CANKOR ECZANESİ;SAMSUN ATAKENT+19 MAYIS;PANOCER;Panocer 40 mg 14 Enterik Kaplı Tablet;1;0;1;81;
06.07.2026;SELÇUK ECZA DEPOSU;SELÇUK SAMSUN;8680001468102;YENİ MAHALLE ECZANESİ;SAMSUN ATAKENT+19 MAYIS;PANOCER;Panocer 40 mg 28 Enterik Kaplı Tablet;10;3;13;1.053;
07.07.2026;SELÇUK ECZA DEPOSU;SELÇUK SAMSUN;8680001339518;DERECİK ECZANESİ;SAMSUN ATAKENT+19 MAYIS;ACİDPASS;Acidpass 10/800/165 mg 12 Çiğneme Tablet;50;15;65;5.612;
07.07.2026;ALLIANCE HEALTHCARE;AH SAMSUN;8680001726776;DEMİR ECZANESİ;SAMSUN ATAKENT+19 MAYIS;GRİPORT COLD;Griport Cold 20 Film Kaplı Tablet;2;0;2;168;
07.07.2026;ALLIANCE HEALTHCARE;AH SAMSUN;8680001118793;BOLAT ECZANESİ;SAMSUN ATAKENT+19 MAYIS;PANOCER;Panocer 40 mg 28 Enterik Kaplı Tablet;30;12;42;3.159;
07.07.2026;ALLIANCE HEALTHCARE;AH SAMSUN;8680001118687;SILA ECZANESİ;SAMSUN ATAKENT+19 MAYIS;PANOCER;Panocer 40 mg 28 Enterik Kaplı Tablet;1;0;1;105;
08.07.2026;İSTANBUL ECZA KOOP;İSKOOP MERKEZ;8680001109777;MELTEM ECZANESİ;SAMSUN ATAKENT+19 MAYIS;ACİDPASS;Acidpass 10/800/165 mg 12 Çiğneme Tablet;10;1;11;1.122;
08.07.2026;İSTANBUL ECZA KOOP;İSKOOP MERKEZ;8680001860258;DENİZ ECZANESİ;SAMSUN ATAKENT+19 MAYIS;ACİDPASS;Acidpass 10/800/165 mg 12 Çiğneme Tablet;10;1;11;1.122;
08.07.2026;İSTANBUL ECZA KOOP;İSKOOP MERKEZ;8680001700615;ŞULE ECZANESİ;SAMSUN ATAKENT+19 MAYIS;ACİDPASS;Acidpass 10/800/165 mg 6 Çiğneme Tablet;1;0;1;69;
09.07.2026;SELÇUK ECZA DEPOSU;SELÇUK SAMSUN;8680001479368;TÜFEKÇİ ECZANESİ;SAMSUN ATAKENT+19 MAYIS;ACİDPASS;Acidpass 10/800/165 mg 12 Çiğneme Tablet;10;1;11;1.122;
09.07.2026;ALLIANCE HEALTHCARE;AH SAMSUN;8680001767137;KÖRFEZ ECZANESİ;SAMSUN ATAKENT+19 MAYIS;ACİDPASS;Acidpass 10/800/165 mg 12 Çiğneme Tablet;2;0;2;224;
09.07.2026;SELÇUK ECZA DEPOSU;SELÇUK SAMSUN;8680001339518;DERECİK ECZANESİ;SAMSUN ATAKENT+19 MAYIS;PANOCER;Panocer 40 mg 14 Enterik Kaplı Tablet;1;0;1;81;
10.07.2026;ALLIANCE HEALTHCARE;AH SAMSUN;8680001155842;ESRA ECZANESİ;SAMSUN ATAKENT+19 MAYIS;ACİDPASS;Acidpass 10/800/165 mg 12 Çiğneme Tablet;20;3;23;2.245;
10.07.2026;ALLIANCE HEALTHCARE;AH SAMSUN;8680001767137;KÖRFEZ ECZANESİ;SAMSUN ATAKENT+19 MAYIS;ACİDPASS;Acidpass 10/800/165 mg 12 Çiğneme Tablet;2;0;2;224;
10.07.2026;ALLIANCE HEALTHCARE;AH SAMSUN;8680001500789;ATAKENT ECZANESİ;SAMSUN ATAKENT+19 MAYIS;ACİDPASS;Acidpass 10/800/165 mg 6 Çiğneme Tablet;2;0;2;138;
12.07.2026;ALLIANCE HEALTHCARE;AH SAMSUN;8680001104628;CAN ECZANESİ;SAMSUN ATAKENT+19 MAYIS;GRİPORT COLD;Griport Cold 20 Film Kaplı Tablet;30;15;45;2.525;
13.07.2026;SELÇUK ECZA DEPOSU;SELÇUK SAMSUN;8680001110193;TAFLAN ECZANESİ;SAMSUN ATAKENT+19 MAYIS;ACİDPASS;Acidpass 10/800/165 mg 12 Çiğneme Tablet;10;1;11;1.122;
13.07.2026;ALLIANCE HEALTHCARE;AH SAMSUN;8680001519996;LİMON ECZANESİ;SAMSUN ATAKENT+19 MAYIS;ACİDPASS;Acidpass 10/800/165 mg 12 Çiğneme Tablet;2;0;2;224;
13.07.2026;ALLIANCE HEALTHCARE;AH SAMSUN;8680001695942;DERYA ECZANESİ;SAMSUN ATAKENT+19 MAYIS;ACİDPASS;Acidpass 10/800/165 mg 12 Çiğneme Tablet;5;0;5;561;
13.07.2026;SELÇUK ECZA DEPOSU;SELÇUK SAMSUN;8680001727520;PELİTKÖY İPEK ECZANESİ;SAMSUN ATAKENT+19 MAYIS;ACİDPASS;Acidpass 10/800/165 mg 12 Çiğneme Tablet;5;0;5;561;
13.07.2026;SELÇUK ECZA DEPOSU;SELÇUK SAMSUN;8680001531301;PEKŞEN ECZANESİ;SAMSUN ATAKENT+19 MAYIS;ACİDPASS;Acidpass 10/800/165 mg 6 Çiğneme Tablet;2;0;2;138;
14.07.2026;İSTANBUL ECZA KOOP;İSKOOP MERKEZ;8680001477821;DİLŞAT ECZANESİ;SAMSUN ATAKENT+19 MAYIS;ACİDPASS;Acidpass 10/800/165 mg 12 Çiğneme Tablet;20;3;23;2.245;
16.07.2026;İSTANBUL ECZA KOOP;İSKOOP MERKEZ;8680001752515;ADIBELLİ ECZANESİ;SAMSUN ATAKENT+19 MAYIS;ACİDPASS;Acidpass 10/800/165 mg 12 Çiğneme Tablet;10;1;11;1.122;
16.07.2026;ALLIANCE HEALTHCARE;AH SAMSUN;8680001849802;BERİL ZEYNEP ECZANESİ;SAMSUN ATAKENT+19 MAYIS;ACİDPASS;Acidpass 10/800/165 mg 12 Çiğneme Tablet;3;0;3;337;
16.07.2026;İSTANBUL ECZA KOOP;İSKOOP MERKEZ;8680001124008;ATAKENT TRAMVAY ECZANESİ;SAMSUN ATAKENT+19 MAYIS;PANOCER;Panocer 40 mg 28 Enterik Kaplı Tablet;10;3;13;1.053;
17.07.2026;ALLIANCE HEALTHCARE;AH SAMSUN;8680001678464;ÜNAL ECZANESİ;SAMSUN ATAKENT+19 MAYIS;ACİDPASS;Acidpass 10/800/165 mg 12 Çiğneme Tablet;50;15;65;5.612;
17.07.2026;ALLIANCE HEALTHCARE;AH SAMSUN;8680001451098;VURAL ECZANESİ;SAMSUN ATAKENT+19 MAYIS;ACİDPASS;Acidpass 10/800/165 mg 6 Çiğneme Tablet;1;0;1;69;
17.07.2026;SELÇUK ECZA DEPOSU;SELÇUK SAMSUN;8680001468102;YENİ MAHALLE ECZANESİ;SAMSUN ATAKENT+19 MAYIS;GRİPORT COLD;Griport Cold 20 Film Kaplı Tablet;2;0;2;168;
17.07.2026;NEVZAT ECZA DEPOSU;NEVZAT SAMSUN;8680001104628;CAN ECZANESİ;SAMSUN ATAKENT+19 MAYIS;MOKSEFEN;Moksefen 400 mg 7 Film Tablet;10;3;13;1.490;
17.07.2026;ALLIANCE HEALTHCARE;AH SAMSUN;8680001827671;SANAT ECZANESİ;SAMSUN ATAKENT+19 MAYIS;PANOCER;Panocer 40 mg 28 Enterik Kaplı Tablet;1;0;1;105;
18.07.2026;ALLIANCE HEALTHCARE;AH SAMSUN;8680001114474;GÖKDELEN KULE ECZANESİ;SAMSUN ATAKENT+19 MAYIS;GRİPORT COLD;Griport Cold 20 Film Kaplı Tablet;2;0;2;168;
19.07.2026;ALLIANCE HEALTHCARE;AH SAMSUN;8680001767137;KÖRFEZ ECZANESİ;SAMSUN ATAKENT+19 MAYIS;MOKSEFEN;Moksefen 400 mg 7 Film Tablet;1;0;1;149;
20.07.2026;ALLIANCE HEALTHCARE;AH SAMSUN;8680001108671;ENGİZ ECZANESİ;SAMSUN ATAKENT+19 MAYIS;ACİDPASS;Acidpass 10/800/165 mg 12 Çiğneme Tablet;20;3;23;2.245;
20.07.2026;SELÇUK ECZA DEPOSU;SELÇUK SAMSUN;8680001685677;AYŞE ABACI ECZANESİ;SAMSUN ATAKENT+19 MAYIS;ACİDPASS;Acidpass 10/800/165 mg 12 Çiğneme Tablet;3;0;3;337;
20.07.2026;SELÇUK ECZA DEPOSU;SELÇUK SAMSUN;8680001860258;DENİZ ECZANESİ;SAMSUN ATAKENT+19 MAYIS;ACİDPASS;Acidpass 10/800/165 mg 12 Çiğneme Tablet;10;1;11;1.122;
20.07.2026;ALLIANCE HEALTHCARE;AH SAMSUN;8680001124008;ATAKENT TRAMVAY ECZANESİ;SAMSUN ATAKENT+19 MAYIS;GRİPORT COLD;Griport Cold 20 Film Kaplı Tablet;1;0;1;84;
20.07.2026;ALLIANCE HEALTHCARE;AH SAMSUN;8680001692644;ÇINAR ECZANESİ;SAMSUN ATAKENT+19 MAYIS;GRİPORT COLD;Griport Cold 20 Film Kaplı Tablet;2;0;2;168;
20.07.2026;ALLIANCE HEALTHCARE;AH SAMSUN;8680001669196;BATUR ECZANESİ;SAMSUN ATAKENT+19 MAYIS;PANOCER;Panocer 40 mg 28 Enterik Kaplı Tablet;10;3;13;1.053;
20.07.2026;SELÇUK ECZA DEPOSU;SELÇUK SAMSUN;8680001726776;DEMİR ECZANESİ;SAMSUN ATAKENT+19 MAYIS;PANOCER;Panocer 40 mg 28 Enterik Kaplı Tablet;10;3;13;1.053;
21.07.2026;ALLIANCE HEALTHCARE;AH SAMSUN;8680001103645;AMASYA ECZANESİ;SAMSUN ATAKENT+19 MAYIS;ACİDPASS;Acidpass 10/800/165 mg 12 Çiğneme Tablet;3;0;3;337;
21.07.2026;ALLIANCE HEALTHCARE;AH SAMSUN;8680001485772;ÇELEBİ ECZANESİ;SAMSUN ATAKENT+19 MAYIS;ACİDPASS;Acidpass 10/800/165 mg 12 Çiğneme Tablet;10;1;11;1.122;
21.07.2026;SELÇUK ECZA DEPOSU;SELÇUK SAMSUN;8680001620067;SİNEM ECZANESİ;SAMSUN ATAKENT+19 MAYIS;ACİDPASS;Acidpass 10/800/165 mg 12 Çiğneme Tablet;10;1;11;1.122;
21.07.2026;ALLIANCE HEALTHCARE;AH SAMSUN;8680001678464;ÜNAL ECZANESİ;SAMSUN ATAKENT+19 MAYIS;ACİDPASS;Acidpass 10/800/165 mg 12 Çiğneme Tablet;-30;-9;-39;-3.367;
21.07.2026;ALLIANCE HEALTHCARE;AH SAMSUN;8680001736850;DRAMA ECZANESİ;SAMSUN ATAKENT+19 MAYIS;ACİDPASS;Acidpass 10/800/165 mg 12 Çiğneme Tablet;4;0;4;449;
21.07.2026;SELÇUK ECZA DEPOSU;SELÇUK SAMSUN;8680001451098;VURAL ECZANESİ;SAMSUN ATAKENT+19 MAYIS;PANOCER;Panocer 40 mg 14 Enterik Kaplı Tablet;2;0;2;162;
21.07.2026;ALLIANCE HEALTHCARE;AH SAMSUN;8680001644940;MİLA ECZANESİ;SAMSUN ATAKENT+19 MAYIS;PANOCER;Panocer 40 mg 28 Enterik Kaplı Tablet;10;3;13;1.053;
22.07.2026;ALLIANCE HEALTHCARE;AH SAMSUN;8680001114474;GÖKDELEN KULE ECZANESİ;SAMSUN ATAKENT+19 MAYIS;ACİDPASS;Acidpass 10/800/165 mg 12 Çiğneme Tablet;2;0;2;224;
22.07.2026;ALLIANCE HEALTHCARE;AH SAMSUN;8680001695942;DERYA ECZANESİ;SAMSUN ATAKENT+19 MAYIS;ACİDPASS;Acidpass 10/800/165 mg 12 Çiğneme Tablet;3;0;3;337;
22.07.2026;İSTANBUL ECZA KOOP;İSKOOP MERKEZ;8680001900039;ALANLI ECZANESİ;SAMSUN ATAKENT+19 MAYIS;ACİDPASS;Acidpass 10/800/165 mg 12 Çiğneme Tablet;2;0;2;224;
23.07.2026;ALLIANCE HEALTHCARE;AH SAMSUN;8680001767137;KÖRFEZ ECZANESİ;SAMSUN ATAKENT+19 MAYIS;ACİDPASS;Acidpass 10/800/165 mg 12 Çiğneme Tablet;2;0;2;224;
23.07.2026;ALLIANCE HEALTHCARE;AH SAMSUN;8680001155842;ESRA ECZANESİ;SAMSUN ATAKENT+19 MAYIS;PANOCER;Panocer 40 mg 28 Enterik Kaplı Tablet;10;3;13;1.053;
24.07.2026;SELÇUK ECZA DEPOSU;SELÇUK SAMSUN;8680001767137;KÖRFEZ ECZANESİ;SAMSUN ATAKENT+19 MAYIS;ACİDPASS;Acidpass 10/800/165 mg 12 Çiğneme Tablet;10;1;11;1.122;
24.07.2026;ALLIANCE HEALTHCARE;AH SAMSUN;8680001114474;GÖKDELEN KULE ECZANESİ;SAMSUN ATAKENT+19 MAYIS;GRİPORT COLD;Griport Cold 20 Film Kaplı Tablet;1;0;1;84;
24.07.2026;SELÇUK ECZA DEPOSU;SELÇUK SAMSUN;8680001767137;KÖRFEZ ECZANESİ;SAMSUN ATAKENT+19 MAYIS;MOKSEFEN;Moksefen 400 mg 7 Film Tablet;5;1;6;745;
24.07.2026;ALLIANCE HEALTHCARE;AH SAMSUN;8680001767137;KÖRFEZ ECZANESİ;SAMSUN ATAKENT+19 MAYIS;PANOCER;Panocer 40 mg 28 Enterik Kaplı Tablet;1;0;1;105;
27.07.2026;SELÇUK ECZA DEPOSU;SELÇUK SAMSUN;8680001155842;ESRA ECZANESİ;SAMSUN ATAKENT+19 MAYIS;ACİDPASS;Acidpass 10/800/165 mg 12 Çiğneme Tablet;20;3;23;2.245;
27.07.2026;SELÇUK ECZA DEPOSU;SELÇUK SAMSUN;8680001738267;1919 ECZANESİ;SAMSUN ATAKENT+19 MAYIS;ACİDPASS;Acidpass 10/800/165 mg 12 Çiğneme Tablet;20;3;23;2.245;
27.07.2026;SELÇUK ECZA DEPOSU;SELÇUK SAMSUN;8680001767137;KÖRFEZ ECZANESİ;SAMSUN ATAKENT+19 MAYIS;ACİDPASS;Acidpass 10/800/165 mg 12 Çiğneme Tablet;-10;-1;-11;-1.122;
27.07.2026;SELÇUK ECZA DEPOSU;SELÇUK SAMSUN;8680001767137;KÖRFEZ ECZANESİ;SAMSUN ATAKENT+19 MAYIS;MOKSEFEN;Moksefen 400 mg 7 Film Tablet;-5;-1;-6;-745;
28.07.2026;NEVZAT ECZA DEPOSU;NEVZAT SAMSUN;8680001128730;ŞÖHRET ECZANESİ;SAMSUN ATAKENT+19 MAYIS;ACİDPASS;Acidpass 10/800/165 mg 12 Çiğneme Tablet;2;0;2;224;
28.07.2026;İSTANBUL ECZA KOOP;İSKOOP MERKEZ;8680001451098;VURAL ECZANESİ;SAMSUN ATAKENT+19 MAYIS;PANOCER;Panocer 40 mg 28 Enterik Kaplı Tablet;165;135;300;17.377;
29.07.2026;ALLIANCE HEALTHCARE;AH SAMSUN;8680001827671;SANAT ECZANESİ;SAMSUN ATAKENT+19 MAYIS;ACİDPASS;Acidpass 10/800/165 mg 12 Çiğneme Tablet;3;0;3;337;
29.07.2026;ALLIANCE HEALTHCARE;AH SAMSUN;8680001114474;GÖKDELEN KULE ECZANESİ;SAMSUN ATAKENT+19 MAYIS;ACİDPASS;Acidpass 10/800/165 mg 6 Çiğneme Tablet;2;0;2;138;
29.07.2026;SELÇUK ECZA DEPOSU;SELÇUK SAMSUN;8680001468102;YENİ MAHALLE ECZANESİ;SAMSUN ATAKENT+19 MAYIS;GRİPORT COLD;Griport Cold 20 Film Kaplı Tablet;2;0;2;168;
29.07.2026;İSTANBUL ECZA KOOP;İSKOOP MERKEZ;8680001900039;ALANLI ECZANESİ;SAMSUN ATAKENT+19 MAYIS;GRİPORT COLD;Griport Cold 20 Film Kaplı Tablet;1;0;1;84;
29.07.2026;SELÇUK ECZA DEPOSU;SELÇUK SAMSUN;8680001917051;LOKMAN DENIZ ECZANESI ATAKUM;SAMSUN ATAKENT+19 MAYIS;GRİPORT COLD;Griport Cold 20 Film Kaplı Tablet;1;0;1;84;
29.07.2026;ALLIANCE HEALTHCARE;AH SAMSUN;8680001678464;ÜNAL ECZANESİ;SAMSUN ATAKENT+19 MAYIS;PANOCER;Panocer 40 mg 14 Enterik Kaplı Tablet;1;0;1;81;
29.07.2026;ALLIANCE HEALTHCARE;AH SAMSUN;8680001114474;GÖKDELEN KULE ECZANESİ;SAMSUN ATAKENT+19 MAYIS;PANOCER;Panocer 40 mg 28 Enterik Kaplı Tablet;2;0;2;211;
31.07.2026;NEVZAT ECZA DEPOSU;NEVZAT SAMSUN;8680001128730;ŞÖHRET ECZANESİ;SAMSUN ATAKENT+19 MAYIS;ACİDPASS;Acidpass 10/800/165 mg 12 Çiğneme Tablet;4;0;4;449;
31.07.2026;SELÇUK ECZA DEPOSU;SELÇUK SAMSUN;8680001860258;DENİZ ECZANESİ;SAMSUN ATAKENT+19 MAYIS;ACİDPASS;Acidpass 10/800/165 mg 12 Çiğneme Tablet;5;0;5;561;
31.07.2026;SELÇUK ECZA DEPOSU;SELÇUK SAMSUN;8680001339518;DERECİK ECZANESİ;SAMSUN ATAKENT+19 MAYIS;PANOCER;Panocer 40 mg 14 Enterik Kaplı Tablet;1;0;1;81;
01.07.2026;NEVZAT ECZA DEPOSU;NEVZAT SAMSUN;8680001505159;MEDİPARK ECZANESİ;SAMSUN ATAKUM;ACİDPASS;Acidpass 10/800/165 mg 12 Çiğneme Tablet;3;0;3;337;
01.07.2026;ALLIANCE HEALTHCARE;AH SAMSUN;8680001540983;ŞEHİR ECZANESİ;SAMSUN ATAKUM;PANOCER;Panocer 40 mg 28 Enterik Kaplı Tablet;5;0;5;527;
01.07.2026;İSTANBUL ECZA KOOP;İSKOOP MERKEZ;8680001549320;VOLKAN ECZANESİ;SAMSUN ATAKUM;PANOCER;Panocer 40 mg 28 Enterik Kaplı Tablet;10;3;13;1.053;
02.07.2026;ALLIANCE HEALTHCARE;AH SAMSUN;8680001654437;METROPOL ECZANESİ;SAMSUN ATAKUM;ACİDPASS;Acidpass 10/800/165 mg 12 Çiğneme Tablet;150;60;210;16.835;
04.07.2026;SELÇUK ECZA DEPOSU;SELÇUK SAMSUN;8680001108350;ALP ECZANESİ;SAMSUN ATAKUM;ACİDPASS;Acidpass 10/800/165 mg 12 Çiğneme Tablet;10;1;11;1.122;
05.07.2026;SELÇUK ECZA DEPOSU;SELÇUK SAMSUN;8680001692699;TAHA ECZANESİ;SAMSUN ATAKUM;ACİDPASS;Acidpass 10/800/165 mg 12 Çiğneme Tablet;2;0;2;224;
06.07.2026;SELÇUK ECZA DEPOSU;SELÇUK SAMSUN;8680001413171;AYKANAT ECZANESİ;SAMSUN ATAKUM;ACİDPASS;Acidpass 10/800/165 mg 12 Çiğneme Tablet;10;1;11;1.122;
06.07.2026;SELÇUK ECZA DEPOSU;SELÇUK SAMSUN;8680001538843;BARTU ECZANESİ;SAMSUN ATAKUM;ACİDPASS;Acidpass 10/800/165 mg 12 Çiğneme Tablet;20;3;23;2.245;
06.07.2026;SELÇUK ECZA DEPOSU;SELÇUK SAMSUN;8680001538843;BARTU ECZANESİ;SAMSUN ATAKUM;ACİDPASS;Acidpass 10/800/165 mg 12 Çiğneme Tablet;3;0;3;337;
06.07.2026;ALLIANCE HEALTHCARE;AH SAMSUN;8680001654437;METROPOL ECZANESİ;SAMSUN ATAKUM;MOKSEFEN;Moksefen 400 mg 7 Film Tablet;20;10;30;2.980;
06.07.2026;SELÇUK ECZA DEPOSU;SELÇUK SAMSUN;8680001413171;AYKANAT ECZANESİ;SAMSUN ATAKUM;PANOCER;Panocer 40 mg 28 Enterik Kaplı Tablet;3;0;3;316;
07.07.2026;ALLIANCE HEALTHCARE;AH SAMSUN;8680001540983;ŞEHİR ECZANESİ;SAMSUN ATAKUM;ACİDPASS;Acidpass 10/800/165 mg 12 Çiğneme Tablet;2;0;2;224;
07.07.2026;İSTANBUL ECZA KOOP;İSKOOP MERKEZ;8680001549320;VOLKAN ECZANESİ;SAMSUN ATAKUM;ACİDPASS;Acidpass 10/800/165 mg 12 Çiğneme Tablet;20;3;23;2.245;
08.07.2026;ALLIANCE HEALTHCARE;AH SAMSUN;8680001116584;ATAKUM ARAŞTIRMA ECZANESİ;SAMSUN ATAKUM;PANOCER;Panocer 40 mg 28 Enterik Kaplı Tablet;10;3;13;1.053;
09.07.2026;SELÇUK ECZA DEPOSU;SELÇUK SAMSUN;8680001489732;BEGÜM ECZANESİ;SAMSUN ATAKUM;ACİDPASS;Acidpass 10/800/165 mg 12 Çiğneme Tablet;10;1;11;1.122;
09.07.2026;İSTANBUL ECZA KOOP;İSKOOP MERKEZ;8680001711307;MOCAN ECZANESİ;SAMSUN ATAKUM;ACİDPASS;Acidpass 10/800/165 mg 12 Çiğneme Tablet;10;1;11;1.122;
09.07.2026;ALLIANCE HEALTHCARE;AH SAMSUN;8680001104284;ATABAY ECZANESİ;SAMSUN ATAKUM;ACİDPASS;Acidpass 10/800/165 mg 6 Çiğneme Tablet;3;0;3;207;
09.07.2026;ALLIANCE HEALTHCARE;AH SAMSUN;8680001340897;SUBAŞI ECZANESİ;SAMSUN ATAKUM;ACİDPASS;Acidpass 10/800/165 mg 6 Çiğneme Tablet;1;0;1;69;
09.07.2026;İSTANBUL ECZA KOOP;İSKOOP MERKEZ;8680001605439;ORGANİK ECZANESİ;SAMSUN ATAKUM;MOKSEFEN;Moksefen 400 mg 7 Film Tablet;1;0;1;149;
10.07.2026;ALLIANCE HEALTHCARE;AH SAMSUN;8680001436453;DEFNE ECZANESİ;SAMSUN ATAKUM;ACİDPASS;Acidpass 10/800/165 mg 12 Çiğneme Tablet;10;1;11;1.122;
10.07.2026;İSTANBUL ECZA KOOP;İSKOOP MERKEZ;8680001620074;VİTAMİN ECZANESİ;SAMSUN ATAKUM;ACİDPASS;Acidpass 10/800/165 mg 12 Çiğneme Tablet;10;1;11;1.122;
10.07.2026;ALLIANCE HEALTHCARE;AH SAMSUN;8680001130566;PINAR ECZANESİ;SAMSUN ATAKUM;ACİDPASS;Acidpass 10/800/165 mg 6 Çiğneme Tablet;1;0;1;69;
11.07.2026;SELÇUK ECZA DEPOSU;SELÇUK SAMSUN;8680001111565;ERDEN ECZANESİ;SAMSUN ATAKUM;FAMTREC;Famtrec 800/26,6mg 14 Film Kaplı Tablet;1;0;1;102;
13.07.2026;ALLIANCE HEALTHCARE;AH SAMSUN;8680001540983;ŞEHİR ECZANESİ;SAMSUN ATAKUM;ACİDPASS;Acidpass 10/800/165 mg 12 Çiğneme Tablet;10;1;11;1.122;
13.07.2026;NEVZAT ECZA DEPOSU;NEVZAT SAMSUN;8680001102150;BÜYÜK ECZANESİ;SAMSUN ATAKUM;MOKSEFEN;Moksefen 400 mg 7 Film Tablet;4;0;4;596;
14.07.2026;ALLIANCE HEALTHCARE;AH SAMSUN;8680001102150;BÜYÜK ECZANESİ;SAMSUN ATAKUM;ACİDPASS;Acidpass 10/800/165 mg 12 Çiğneme Tablet;3;0;3;337;
14.07.2026;ALLIANCE HEALTHCARE;AH SAMSUN;8680001118526;EMİR EFENDİ ECZANESİ;SAMSUN ATAKUM;ACİDPASS;Acidpass 10/800/165 mg 6 Çiğneme Tablet;2;0;2;138;
14.07.2026;İSTANBUL ECZA KOOP;İSKOOP MERKEZ;8680001891580;AHSEN ECZANESİ;SAMSUN ATAKUM;GRİPORT COLD;Griport Cold 20 Film Kaplı Tablet;1;0;1;84;
14.07.2026;SELÇUK ECZA DEPOSU;SELÇUK SAMSUN;8680001105557;UMUT ECZANESİ;SAMSUN ATAKUM;PANOCER;Panocer 40 mg 28 Enterik Kaplı Tablet;10;3;13;1.053;
14.07.2026;ALLIANCE HEALTHCARE;AH SAMSUN;8680001453061;ÖMÜREVLERİ ECZANESİ;SAMSUN ATAKUM;PANOCER;Panocer 40 mg 28 Enterik Kaplı Tablet;2;0;2;211;
16.07.2026;ALLIANCE HEALTHCARE;AH SAMSUN;8680001453061;ÖMÜREVLERİ ECZANESİ;SAMSUN ATAKUM;ACİDPASS;Acidpass 10/800/165 mg 12 Çiğneme Tablet;2;0;2;224;
16.07.2026;ALLIANCE HEALTHCARE;AH SAMSUN;8680001436453;DEFNE ECZANESİ;SAMSUN ATAKUM;ACİDPASS;Acidpass 10/800/165 mg 6 Çiğneme Tablet;2;0;2;138;
16.07.2026;İSTANBUL ECZA KOOP;İSKOOP MERKEZ;8680001716401;MERT ECZANESİ;SAMSUN ATAKUM;MOKSEFEN;Moksefen 400 mg 7 Film Tablet;1;0;1;149;
17.07.2026;NEVZAT ECZA DEPOSU;NEVZAT SAMSUN;8680001104284;ATABAY ECZANESİ;SAMSUN ATAKUM;ACİDPASS;Acidpass 10/800/165 mg 12 Çiğneme Tablet;3;0;3;337;
17.07.2026;NEVZAT ECZA DEPOSU;NEVZAT SAMSUN;8680001505159;MEDİPARK ECZANESİ;SAMSUN ATAKUM;ACİDPASS;Acidpass 10/800/165 mg 12 Çiğneme Tablet;2;0;2;224;
17.07.2026;ALLIANCE HEALTHCARE;AH SAMSUN;8680001524532;ÖYKÜ ECZANESİ;SAMSUN ATAKUM;ACİDPASS;Acidpass 10/800/165 mg 12 Çiğneme Tablet;10;1;11;1.122;
17.07.2026;ALLIANCE HEALTHCARE;AH SAMSUN;8680001733255;NİŞANTAŞI ECZANESİ;SAMSUN ATAKUM;ACİDPASS;Acidpass 10/800/165 mg 12 Çiğneme Tablet;3;0;3;337;
17.07.2026;İSTANBUL ECZA KOOP;İSKOOP MERKEZ;8680001493111;LİMAN ECZANESİ;SAMSUN ATAKUM;GRİPORT COLD;Griport Cold 20 Film Kaplı Tablet;12;4;16;1.010;
17.07.2026;SELÇUK ECZA DEPOSU;SELÇUK SAMSUN;8680001489732;BEGÜM ECZANESİ;SAMSUN ATAKUM;MOKSEFEN;Moksefen 400 mg 7 Film Tablet;5;1;6;745;
17.07.2026;İSTANBUL ECZA KOOP;İSKOOP MERKEZ;8680001711307;MOCAN ECZANESİ;SAMSUN ATAKUM;MOKSEFEN;Moksefen 400 mg 7 Film Tablet;5;1;6;745;
17.07.2026;ALLIANCE HEALTHCARE;AH SAMSUN;8680001767038;ÇÖLGEÇEN ECZANESİ;SAMSUN ATAKUM;PANOCER;Panocer 40 mg 28 Enterik Kaplı Tablet;10;3;13;1.053;
18.07.2026;ALLIANCE HEALTHCARE;AH SAMSUN;8680001101467;BAŞAK ECZANESİ;SAMSUN ATAKUM;ACİDPASS;Acidpass 10/800/165 mg 12 Çiğneme Tablet;30;4;34;3.367;
18.07.2026;ALLIANCE HEALTHCARE;AH SAMSUN;8680001105557;UMUT ECZANESİ;SAMSUN ATAKUM;ACİDPASS;Acidpass 10/800/165 mg 12 Çiğneme Tablet;8;0;8;898;
18.07.2026;ALLIANCE HEALTHCARE;AH SAMSUN;8680001105540;CİTYMALL ECZANESİ;SAMSUN ATAKUM;ACİDPASS;Acidpass 10/800/165 mg 12 Çiğneme Tablet;-7;-1;-8;-786;
18.07.2026;ALLIANCE HEALTHCARE;AH SAMSUN;8680001105540;CİTYMALL ECZANESİ;SAMSUN ATAKUM;ACİDPASS;Acidpass 10/800/165 mg 12 Çiğneme Tablet;-1;0;-1;-112;
18.07.2026;ALLIANCE HEALTHCARE;AH SAMSUN;8680001105540;CİTYMALL ECZANESİ;SAMSUN ATAKUM;ACİDPASS;Acidpass 10/800/165 mg 12 Çiğneme Tablet;-10;-2;-12;-1.122;
18.07.2026;İSTANBUL ECZA KOOP;İSKOOP MERKEZ;8680001739875;SEFA ECZANESİ;SAMSUN ATAKUM;ACİDPASS;Acidpass 10/800/165 mg 12 Çiğneme Tablet;10;1;11;1.122;
18.07.2026;ALLIANCE HEALTHCARE;AH SAMSUN;8680001105557;UMUT ECZANESİ;SAMSUN ATAKUM;ACİDPASS;Acidpass 10/800/165 mg 6 Çiğneme Tablet;11;0;11;758;
18.07.2026;ALLIANCE HEALTHCARE;AH SAMSUN;8680001105540;CİTYMALL ECZANESİ;SAMSUN ATAKUM;ACİDPASS;Acidpass 10/800/165 mg 6 Çiğneme Tablet;-9;-2;-11;-620;
18.07.2026;ALLIANCE HEALTHCARE;AH SAMSUN;8680001105540;CİTYMALL ECZANESİ;SAMSUN ATAKUM;ACİDPASS;Acidpass 10/800/165 mg 6 Çiğneme Tablet;-4;-1;-5;-276;
18.07.2026;ALLIANCE HEALTHCARE;AH SAMSUN;8680001105540;CİTYMALL ECZANESİ;SAMSUN ATAKUM;GRİPORT COLD;Griport Cold 20 Film Kaplı Tablet;-1;0;-1;-84;
18.07.2026;ALLIANCE HEALTHCARE;AH SAMSUN;8680001476176;ÇAKIR ECZANESİ;SAMSUN ATAKUM;GRİPORT COLD;Griport Cold 20 Film Kaplı Tablet;2;0;2;168;
18.07.2026;ALLIANCE HEALTHCARE;AH SAMSUN;8680001105540;CİTYMALL ECZANESİ;SAMSUN ATAKUM;PANOCER;Panocer 40 mg 28 Enterik Kaplı Tablet;-3;-1;-4;-316;
20.07.2026;NEVZAT ECZA DEPOSU;NEVZAT SAMSUN;8680001505159;MEDİPARK ECZANESİ;SAMSUN ATAKUM;ACİDPASS;Acidpass 10/800/165 mg 12 Çiğneme Tablet;4;0;4;449;
20.07.2026;SELÇUK ECZA DEPOSU;SELÇUK SAMSUN;8680001413171;AYKANAT ECZANESİ;SAMSUN ATAKUM;PANOCER;Panocer 40 mg 28 Enterik Kaplı Tablet;3;0;3;316;
20.07.2026;SELÇUK ECZA DEPOSU;SELÇUK SAMSUN;8680001413171;AYKANAT ECZANESİ;SAMSUN ATAKUM;PANOCER;Panocer 40 mg 28 Enterik Kaplı Tablet;1;0;1;105;
21.07.2026;ALLIANCE HEALTHCARE;AH SAMSUN;8680001104284;ATABAY ECZANESİ;SAMSUN ATAKUM;ACİDPASS;Acidpass 10/800/165 mg 12 Çiğneme Tablet;3;0;3;337;
21.07.2026;ALLIANCE HEALTHCARE;AH SAMSUN;8680001493111;LİMAN ECZANESİ;SAMSUN ATAKUM;ACİDPASS;Acidpass 10/800/165 mg 12 Çiğneme Tablet;20;3;23;2.245;
21.07.2026;ALLIANCE HEALTHCARE;AH SAMSUN;8680001375707;GÜL ECZANESİ;SAMSUN ATAKUM;ACİDPASS;Acidpass 10/800/165 mg 12 Çiğneme Tablet;2;0;2;224;
21.07.2026;ALLIANCE HEALTHCARE;AH SAMSUN;8680001928446;NİHAL ECZANESİ;SAMSUN ATAKUM;ACİDPASS;Acidpass 10/800/165 mg 12 Çiğneme Tablet;2;0;2;224;
21.07.2026;ALLIANCE HEALTHCARE;AH SAMSUN;8680001102150;BÜYÜK ECZANESİ;SAMSUN ATAKUM;PANOCER;Panocer 40 mg 28 Enterik Kaplı Tablet;5;0;5;527;
21.07.2026;ALLIANCE HEALTHCARE;AH SAMSUN;8680001130566;PINAR ECZANESİ;SAMSUN ATAKUM;PANOCER;Panocer 40 mg 28 Enterik Kaplı Tablet;10;3;13;1.053;
22.07.2026;ALLIANCE HEALTHCARE;AH SAMSUN;8680001105557;UMUT ECZANESİ;SAMSUN ATAKUM;ACİDPASS;Acidpass 10/800/165 mg 12 Çiğneme Tablet;12;0;12;1.347;
22.07.2026;ALLIANCE HEALTHCARE;AH SAMSUN;8680001105557;UMUT ECZANESİ;SAMSUN ATAKUM;ACİDPASS;Acidpass 10/800/165 mg 6 Çiğneme Tablet;5;0;5;344;
22.07.2026;ALLIANCE HEALTHCARE;AH SAMSUN;8680001105557;UMUT ECZANESİ;SAMSUN ATAKUM;GRİPORT COLD;Griport Cold 20 Film Kaplı Tablet;1;0;1;84;
22.07.2026;ALLIANCE HEALTHCARE;AH SAMSUN;8680001654437;METROPOL ECZANESİ;SAMSUN ATAKUM;GRİPORT COLD;Griport Cold 20 Film Kaplı Tablet;12;4;16;1.010;
22.07.2026;ALLIANCE HEALTHCARE;AH SAMSUN;8680001540983;ŞEHİR ECZANESİ;SAMSUN ATAKUM;PANOCER;Panocer 40 mg 28 Enterik Kaplı Tablet;4;0;4;421;
23.07.2026;SELÇUK ECZA DEPOSU;SELÇUK SAMSUN;8680001461882;NİŞANTAŞI SEMA ECZANESİ;SAMSUN ATAKUM;ACİDPASS;Acidpass 10/800/165 mg 12 Çiğneme Tablet;150;60;210;16.835;
23.07.2026;ALLIANCE HEALTHCARE;AH SAMSUN;8680001105557;UMUT ECZANESİ;SAMSUN ATAKUM;ACİDPASS;Acidpass 10/800/165 mg 12 Çiğneme Tablet;1;0;1;112;
23.07.2026;İSTANBUL ECZA KOOP;İSKOOP MERKEZ;8680001493111;LİMAN ECZANESİ;SAMSUN ATAKUM;PANOCER;Panocer 40 mg 28 Enterik Kaplı Tablet;10;3;13;1.053;
24.07.2026;ALLIANCE HEALTHCARE;AH SAMSUN;8680001113583;ECEM ECZANESİ;SAMSUN ATAKUM;ACİDPASS;Acidpass 10/800/165 mg 12 Çiğneme Tablet;20;3;23;2.245;
24.07.2026;ALLIANCE HEALTHCARE;AH SAMSUN;8680001530649;MİMAR SİNAN ECZANESİ;SAMSUN ATAKUM;ACİDPASS;Acidpass 10/800/165 mg 12 Çiğneme Tablet;10;1;11;1.122;
24.07.2026;ALLIANCE HEALTHCARE;AH SAMSUN;8680001105557;UMUT ECZANESİ;SAMSUN ATAKUM;PANOCER;Panocer 40 mg 28 Enterik Kaplı Tablet;4;0;4;421;
25.07.2026;SELÇUK ECZA DEPOSU;SELÇUK SAMSUN;8680001130566;PINAR ECZANESİ;SAMSUN ATAKUM;ACİDPASS;Acidpass 10/800/165 mg 12 Çiğneme Tablet;10;1;11;1.122;
25.07.2026;SELÇUK ECZA DEPOSU;SELÇUK SAMSUN;8680001734009;EMEL ECZANESİ;SAMSUN ATAKUM;ACİDPASS;Acidpass 10/800/165 mg 12 Çiğneme Tablet;50;15;65;5.612;
25.07.2026;ALLIANCE HEALTHCARE;AH SAMSUN;8680001928446;NİHAL ECZANESİ;SAMSUN ATAKUM;ACİDPASS;Acidpass 10/800/165 mg 12 Çiğneme Tablet;5;0;5;561;
25.07.2026;SELÇUK ECZA DEPOSU;SELÇUK SAMSUN;8680001734009;EMEL ECZANESİ;SAMSUN ATAKUM;PANOCER;Panocer 40 mg 28 Enterik Kaplı Tablet;30;12;42;3.159;
25.07.2026;ALLIANCE HEALTHCARE;AH SAMSUN;8680001733569;ZEHRA ECZANESİ;SAMSUN ATAKUM;PANOCER;Panocer 40 mg 28 Enterik Kaplı Tablet;10;3;13;1.053;
27.07.2026;İSTANBUL ECZA KOOP;İSKOOP MERKEZ;8680001124268;ÖZGÜR ECZANESİ;SAMSUN ATAKUM;MOKSEFEN;Moksefen 400 mg 7 Film Tablet;5;1;6;745;
27.07.2026;ALLIANCE HEALTHCARE;AH SAMSUN;8680001436453;DEFNE ECZANESİ;SAMSUN ATAKUM;PANOCER;Panocer 40 mg 28 Enterik Kaplı Tablet;4;0;4;421;
27.07.2026;ALLIANCE HEALTHCARE;AH SAMSUN;8680001453061;ÖMÜREVLERİ ECZANESİ;SAMSUN ATAKUM;PANOCER;Panocer 40 mg 28 Enterik Kaplı Tablet;2;0;2;211;
28.07.2026;ALLIANCE HEALTHCARE;AH SAMSUN;8680001375707;GÜL ECZANESİ;SAMSUN ATAKUM;ACİDPASS;Acidpass 10/800/165 mg 12 Çiğneme Tablet;2;0;2;224;
28.07.2026;İSTANBUL ECZA KOOP;İSKOOP MERKEZ;8680001891580;AHSEN ECZANESİ;SAMSUN ATAKUM;ACİDPASS;Acidpass 10/800/165 mg 12 Çiğneme Tablet;2;0;2;224;
28.07.2026;ALLIANCE HEALTHCARE;AH SAMSUN;8680001453061;ÖMÜREVLERİ ECZANESİ;SAMSUN ATAKUM;PANOCER;Panocer 40 mg 28 Enterik Kaplı Tablet;1;0;1;105;
29.07.2026;SELÇUK ECZA DEPOSU;SELÇUK SAMSUN;8680001692699;TAHA ECZANESİ;SAMSUN ATAKUM;PANOCER;Panocer 40 mg 28 Enterik Kaplı Tablet;1;0;1;105;
30.07.2026;ALLIANCE HEALTHCARE;AH SAMSUN;8680001438662;ATAKUM PARK ECZANESİ;SAMSUN ATAKUM;ACİDPASS;Acidpass 10/800/165 mg 12 Çiğneme Tablet;10;1;11;1.122;
30.07.2026;ALLIANCE HEALTHCARE;AH SAMSUN;8680001118526;EMİR EFENDİ ECZANESİ;SAMSUN ATAKUM;PANOCER;Panocer 40 mg 14 Enterik Kaplı Tablet;1;0;1;81;
31.07.2026;ALLIANCE HEALTHCARE;AH SAMSUN;8680001453061;ÖMÜREVLERİ ECZANESİ;SAMSUN ATAKUM;PANOCER;Panocer 40 mg 28 Enterik Kaplı Tablet;1;0;1;105;
01.07.2026;ALLIANCE HEALTHCARE;AH SAMSUN;8680001465163;GÜNDAY ECZANESİ;SAMSUN BAFRA;ACİDPASS;Acidpass 10/800/165 mg 12 Çiğneme Tablet;10;1;11;1.122;
01.07.2026;NEVZAT ECZA DEPOSU;NEVZAT SAMSUN;8680001121595;TUNA ECZANESİ;SAMSUN BAFRA;PANOCER;Panocer 40 mg 28 Enterik Kaplı Tablet;10;3;13;1.053;
01.07.2026;ALLIANCE HEALTHCARE;AH SAMSUN;8680001451104;SANDIKÇI ECZANESİ;SAMSUN BAFRA;PANOCER;Panocer 40 mg 28 Enterik Kaplı Tablet;165;135;300;17.377;
01.07.2026;ALLIANCE HEALTHCARE;AH SAMSUN;8680001102853;AYHAN ECZANESİ;SAMSUN BAFRA;PANOCER;Panocer 40 mg 28 Enterik Kaplı Tablet;30;12;42;3.159;
01.07.2026;NEVZAT ECZA DEPOSU;NEVZAT SAMSUN;8680001717774;AYŞEGÜL ECZANESİ;SAMSUN BAFRA;PANOCER;Panocer 40 mg 28 Enterik Kaplı Tablet;10;3;13;1.053;
01.07.2026;İSTANBUL ECZA KOOP;İSKOOP MERKEZ;8680001881567;MEVLANA ECZANESİ;SAMSUN BAFRA;PANOCER;Panocer 40 mg 28 Enterik Kaplı Tablet;30;12;42;3.159;
02.07.2026;ALLIANCE HEALTHCARE;AH SAMSUN;8680001481866;ÇETİNKAYA ECZANESİ;SAMSUN BAFRA;ACİDPASS;Acidpass 10/800/165 mg 12 Çiğneme Tablet;150;60;210;16.835;
02.07.2026;ALLIANCE HEALTHCARE;AH SAMSUN;8680001451104;SANDIKÇI ECZANESİ;SAMSUN BAFRA;GRİPORT COLD;Griport Cold 20 Film Kaplı Tablet;12;4;16;1.010;
02.07.2026;SELÇUK ECZA DEPOSU;SELÇUK SAMSUN;8680001503001;ÇINAR ECZANESİ;SAMSUN BAFRA;PANOCER;Panocer 40 mg 28 Enterik Kaplı Tablet;30;12;42;3.159;
03.07.2026;İSTANBUL ECZA KOOP;İSKOOP MERKEZ;8680001160556;ŞİMŞEK ECZANESİ;SAMSUN BAFRA;ACİDPASS;Acidpass 10/800/165 mg 12 Çiğneme Tablet;6;0;6;673;
03.07.2026;İSTANBUL ECZA KOOP;İSKOOP MERKEZ;8680001123346;GAZİLER ECZANESİ;SAMSUN BAFRA;ACİDPASS;Acidpass 10/800/165 mg 12 Çiğneme Tablet;10;1;11;1.122;
03.07.2026;NEVZAT ECZA DEPOSU;NEVZAT SAMSUN;8680001503001;ÇINAR ECZANESİ;SAMSUN BAFRA;PANOCER;Panocer 40 mg 28 Enterik Kaplı Tablet;10;3;13;1.053;
03.07.2026;NEVZAT ECZA DEPOSU;NEVZAT SAMSUN;8680001465163;GÜNDAY ECZANESİ;SAMSUN BAFRA;PANOCER;Panocer 40 mg 28 Enterik Kaplı Tablet;10;3;13;1.053;
03.07.2026;NEVZAT ECZA DEPOSU;NEVZAT SAMSUN;8680001346851;BULVAR ECZANESİ;SAMSUN BAFRA;PANOCER;Panocer 40 mg 28 Enterik Kaplı Tablet;10;3;13;1.053;
03.07.2026;NEVZAT ECZA DEPOSU;NEVZAT SAMSUN;8680001716289;YAŞAM ECZANESİ;SAMSUN BAFRA;PANOCER;Panocer 40 mg 28 Enterik Kaplı Tablet;30;12;42;3.159;
03.07.2026;SELÇUK ECZA DEPOSU;SELÇUK SAMSUN;8680001717774;AYŞEGÜL ECZANESİ;SAMSUN BAFRA;PANOCER;Panocer 40 mg 28 Enterik Kaplı Tablet;10;3;13;1.053;
04.07.2026;NEVZAT ECZA DEPOSU;NEVZAT SAMSUN;8680001417926;REİS ECZANESİ;SAMSUN BAFRA;MOKSEFEN;Moksefen 400 mg 7 Film Tablet;20;10;30;2.980;
04.07.2026;NEVZAT ECZA DEPOSU;NEVZAT SAMSUN;8680001417926;REİS ECZANESİ;SAMSUN BAFRA;PANOCER;Panocer 40 mg 28 Enterik Kaplı Tablet;30;12;42;3.159;
06.07.2026;ALLIANCE HEALTHCARE;AH SAMSUN;8680001442959;YASEMİN ECZANESİ;SAMSUN BAFRA;ACİDPASS;Acidpass 10/800/165 mg 12 Çiğneme Tablet;10;1;11;1.122;
07.07.2026;NEVZAT ECZA DEPOSU;NEVZAT SAMSUN;8680001503001;ÇINAR ECZANESİ;SAMSUN BAFRA;ACİDPASS;Acidpass 10/800/165 mg 12 Çiğneme Tablet;10;1;11;1.122;
07.07.2026;ALLIANCE HEALTHCARE;AH SAMSUN;8680001346851;BULVAR ECZANESİ;SAMSUN BAFRA;ACİDPASS;Acidpass 10/800/165 mg 12 Çiğneme Tablet;10;1;11;1.122;
07.07.2026;ALLIANCE HEALTHCARE;AH SAMSUN;8680001717774;AYŞEGÜL ECZANESİ;SAMSUN BAFRA;ACİDPASS;Acidpass 10/800/165 mg 12 Çiğneme Tablet;100;35;135;11.223;
07.07.2026;ALLIANCE HEALTHCARE;AH SAMSUN;8680001124367;ELİF ECZANESİ;SAMSUN BAFRA;GRİPORT COLD;Griport Cold 20 Film Kaplı Tablet;1;0;1;84;
07.07.2026;SELÇUK ECZA DEPOSU;SELÇUK SAMSUN;8680001718771;YENİ KIZILIRMAK ECZANESİ;SAMSUN BAFRA;GRİPORT COLD;Griport Cold 20 Film Kaplı Tablet;2;0;2;168;
07.07.2026;SELÇUK ECZA DEPOSU;SELÇUK SAMSUN;8680001718771;YENİ KIZILIRMAK ECZANESİ;SAMSUN BAFRA;GRİPORT COLD;Griport Cold 20 Film Kaplı Tablet;2;0;2;168;
07.07.2026;NEVZAT ECZA DEPOSU;NEVZAT SAMSUN;8680001160556;ŞİMŞEK ECZANESİ;SAMSUN BAFRA;PANOCER;Panocer 40 mg 28 Enterik Kaplı Tablet;30;12;42;3.159;
08.07.2026;İSTANBUL ECZA KOOP;İSKOOP MERKEZ;8680001881567;MEVLANA ECZANESİ;SAMSUN BAFRA;ACİDPASS;Acidpass 10/800/165 mg 12 Çiğneme Tablet;10;1;11;1.122;
08.07.2026;NEVZAT ECZA DEPOSU;NEVZAT SAMSUN;8680001160556;ŞİMŞEK ECZANESİ;SAMSUN BAFRA;MOKSEFEN;Moksefen 400 mg 7 Film Tablet;10;3;13;1.490;
09.07.2026;ALLIANCE HEALTHCARE;AH SAMSUN;8680001100972;BEŞYOL ECZANESİ;SAMSUN BAFRA;PANOCER;Panocer 40 mg 28 Enterik Kaplı Tablet;-7;-3;-10;-737;
10.07.2026;ALLIANCE HEALTHCARE;AH SAMSUN;8680001102853;AYHAN ECZANESİ;SAMSUN BAFRA;ACİDPASS;Acidpass 10/800/165 mg 12 Çiğneme Tablet;50;15;65;5.612;
10.07.2026;SELÇUK ECZA DEPOSU;SELÇUK SAMSUN;8680001485963;AHENK ECZANESİ;SAMSUN BAFRA;FAMTREC;Famtrec 800/26,6mg 14 Film Kaplı Tablet;5;1;6;511;
10.07.2026;ALLIANCE HEALTHCARE;AH SAMSUN;8680001160532;SAĞLIK ECZANESİ;SAMSUN BAFRA;GRİPORT COLD;Griport Cold 20 Film Kaplı Tablet;6;1;7;505;
10.07.2026;ALLIANCE HEALTHCARE;AH SAMSUN;8680001717774;AYŞEGÜL ECZANESİ;SAMSUN BAFRA;GRİPORT COLD;Griport Cold 20 Film Kaplı Tablet;1;0;1;84;
10.07.2026;NEVZAT ECZA DEPOSU;NEVZAT SAMSUN;8680001113323;ALTINKAYA ECZANESİ;SAMSUN BAFRA;MOKSEFEN;Moksefen 400 mg 7 Film Tablet;10;3;13;1.490;
12.07.2026;ALLIANCE HEALTHCARE;AH SAMSUN;8680001100972;BEŞYOL ECZANESİ;SAMSUN BAFRA;MOKSEFEN;Moksefen 400 mg 7 Film Tablet;-4;-2;-6;-596;
13.07.2026;İSTANBUL ECZA KOOP;İSKOOP MERKEZ;8680001451104;SANDIKÇI ECZANESİ;SAMSUN BAFRA;ACİDPASS;Acidpass 10/800/165 mg 12 Çiğneme Tablet;10;1;11;1.122;
13.07.2026;ALLIANCE HEALTHCARE;AH SAMSUN;8680001100972;BEŞYOL ECZANESİ;SAMSUN BAFRA;PANOCER;Panocer 40 mg 28 Enterik Kaplı Tablet;-7;-3;-10;-737;
14.07.2026;NEVZAT ECZA DEPOSU;NEVZAT SAMSUN;8680001132935;MERKEZ ECZANESİ;SAMSUN BAFRA;ACİDPASS;Acidpass 10/800/165 mg 12 Çiğneme Tablet;50;15;65;5.612;
14.07.2026;ALLIANCE HEALTHCARE;AH SAMSUN;8680001124367;ELİF ECZANESİ;SAMSUN BAFRA;ACİDPASS;Acidpass 10/800/165 mg 12 Çiğneme Tablet;20;3;23;2.245;
14.07.2026;NEVZAT ECZA DEPOSU;NEVZAT SAMSUN;8680001115303;HAYAT ECZANESİ;SAMSUN BAFRA;ACİDPASS;Acidpass 10/800/165 mg 12 Çiğneme Tablet;10;1;11;1.122;
14.07.2026;İSTANBUL ECZA KOOP;İSKOOP MERKEZ;8680001629978;YILMAZ ECZANESİ;SAMSUN BAFRA;PANOCER;Panocer 40 mg 28 Enterik Kaplı Tablet;10;3;13;1.053;
16.07.2026;NEVZAT ECZA DEPOSU;NEVZAT SAMSUN;8680001442959;YASEMİN ECZANESİ;SAMSUN BAFRA;PANOCER;Panocer 40 mg 28 Enterik Kaplı Tablet;10;3;13;1.053;
17.07.2026;ALLIANCE HEALTHCARE;AH SAMSUN;8680001375653;BAFRA ECZANESİ;SAMSUN BAFRA;MOKSEFEN;Moksefen 400 mg 7 Film Tablet;20;10;30;2.980;
17.07.2026;İSTANBUL ECZA KOOP;İSKOOP MERKEZ;8680001375653;BAFRA ECZANESİ;SAMSUN BAFRA;PANOCER;Panocer 40 mg 28 Enterik Kaplı Tablet;30;12;42;3.159;
17.07.2026;İSTANBUL ECZA KOOP;İSKOOP MERKEZ;8680001370061;YALÇIN ECZANESİ;SAMSUN BAFRA;PANOCER;Panocer 40 mg 28 Enterik Kaplı Tablet;30;12;42;3.159;
18.07.2026;SELÇUK ECZA DEPOSU;SELÇUK SAMSUN;8680001121885;KARADENİZ ECZANESİ;SAMSUN BAFRA;PANOCER;Panocer 40 mg 28 Enterik Kaplı Tablet;50;25;75;5.266;
20.07.2026;ALLIANCE HEALTHCARE;AH SAMSUN;8680001503001;ÇINAR ECZANESİ;SAMSUN BAFRA;ACİDPASS;Acidpass 10/800/165 mg 12 Çiğneme Tablet;5;0;5;561;
20.07.2026;İSTANBUL ECZA KOOP;İSKOOP MERKEZ;8680001113118;KOLAY ECZANESİ;SAMSUN BAFRA;PANOCER;Panocer 40 mg 28 Enterik Kaplı Tablet;30;12;42;3.159;
21.07.2026;İSTANBUL ECZA KOOP;İSKOOP MERKEZ;8680001629978;YILMAZ ECZANESİ;SAMSUN BAFRA;ACİDPASS;Acidpass 10/800/165 mg 12 Çiğneme Tablet;10;1;11;1.122;
21.07.2026;NEVZAT ECZA DEPOSU;NEVZAT SAMSUN;8680001113118;KOLAY ECZANESİ;SAMSUN BAFRA;MOKSEFEN;Moksefen 400 mg 7 Film Tablet;20;10;30;2.980;
22.07.2026;SELÇUK ECZA DEPOSU;SELÇUK SAMSUN;8680001160532;SAĞLIK ECZANESİ;SAMSUN BAFRA;ACİDPASS;Acidpass 10/800/165 mg 12 Çiğneme Tablet;20;3;23;2.245;
22.07.2026;ALLIANCE HEALTHCARE;AH SAMSUN;8680001215218;AKGENÇ ECZANESİ;SAMSUN BAFRA;MOKSEFEN;Moksefen 400 mg 7 Film Tablet;20;10;30;2.980;
22.07.2026;İSTANBUL ECZA KOOP;İSKOOP MERKEZ;8680001746101;EMİRGAN ECZANESİ;SAMSUN BAFRA;PANOCER;Panocer 40 mg 28 Enterik Kaplı Tablet;10;3;13;1.053;
23.07.2026;ALLIANCE HEALTHCARE;AH SAMSUN;8680001485963;AHENK ECZANESİ;SAMSUN BAFRA;ACİDPASS;Acidpass 10/800/165 mg 12 Çiğneme Tablet;150;60;210;16.835;
23.07.2026;NEVZAT ECZA DEPOSU;NEVZAT SAMSUN;8680001621934;BÜŞRA TURAN ECZANESİ;SAMSUN BAFRA;ACİDPASS;Acidpass 10/800/165 mg 12 Çiğneme Tablet;10;1;11;1.122;
23.07.2026;İSTANBUL ECZA KOOP;İSKOOP MERKEZ;8680001746101;EMİRGAN ECZANESİ;SAMSUN BAFRA;ACİDPASS;Acidpass 10/800/165 mg 12 Çiğneme Tablet;10;1;11;1.122;
23.07.2026;ALLIANCE HEALTHCARE;AH SAMSUN;8680001115303;HAYAT ECZANESİ;SAMSUN BAFRA;PANOCER;Panocer 40 mg 14 Enterik Kaplı Tablet;5;0;5;405;
24.07.2026;ALLIANCE HEALTHCARE;AH SAMSUN;8680001793846;VATAN ECZANESİ;SAMSUN BAFRA;ACİDPASS;Acidpass 10/800/165 mg 12 Çiğneme Tablet;2;0;2;224;
24.07.2026;NEVZAT ECZA DEPOSU;NEVZAT SAMSUN;8680001716289;YAŞAM ECZANESİ;SAMSUN BAFRA;MOKSEFEN;Moksefen 400 mg 7 Film Tablet;20;10;30;2.980;
25.07.2026;SELÇUK ECZA DEPOSU;SELÇUK SAMSUN;8680001503001;ÇINAR ECZANESİ;SAMSUN BAFRA;ACİDPASS;Acidpass 10/800/165 mg 12 Çiğneme Tablet;10;1;11;1.122;
25.07.2026;ALLIANCE HEALTHCARE;AH SAMSUN;8680001451104;SANDIKÇI ECZANESİ;SAMSUN BAFRA;ACİDPASS;Acidpass 10/800/165 mg 12 Çiğneme Tablet;20;3;23;2.245;
25.07.2026;SELÇUK ECZA DEPOSU;SELÇUK SAMSUN;8680001503001;ÇINAR ECZANESİ;SAMSUN BAFRA;PANOCER;Panocer 40 mg 14 Enterik Kaplı Tablet;5;0;5;405;
25.07.2026;SELÇUK ECZA DEPOSU;SELÇUK SAMSUN;8680001503001;ÇINAR ECZANESİ;SAMSUN BAFRA;PANOCER;Panocer 40 mg 28 Enterik Kaplı Tablet;30;12;42;3.159;
27.07.2026;İSTANBUL ECZA KOOP;İSKOOP MERKEZ;8680001123346;GAZİLER ECZANESİ;SAMSUN BAFRA;ACİDPASS;Acidpass 10/800/165 mg 12 Çiğneme Tablet;20;3;23;2.245;
27.07.2026;NEVZAT ECZA DEPOSU;NEVZAT SAMSUN;8680001124367;ELİF ECZANESİ;SAMSUN BAFRA;GRİPORT COLD;Griport Cold 20 Film Kaplı Tablet;1;0;1;84;
27.07.2026;İSTANBUL ECZA KOOP;İSKOOP MERKEZ;8680001629978;YILMAZ ECZANESİ;SAMSUN BAFRA;PANOCER;Panocer 40 mg 28 Enterik Kaplı Tablet;10;3;13;1.053;
29.07.2026;ALLIANCE HEALTHCARE;AH SAMSUN;8680001508396;ZAFER ECZANESİ;SAMSUN BAFRA;ACİDPASS;Acidpass 10/800/165 mg 12 Çiğneme Tablet;50;10;60;5.612;
29.07.2026;SELÇUK ECZA DEPOSU;SELÇUK SAMSUN;8680001113606;UGUR ECZANESİ;SAMSUN BAFRA;ACİDPASS;Acidpass 10/800/165 mg 12 Çiğneme Tablet;10;1;11;1.122;
29.07.2026;ALLIANCE HEALTHCARE;AH SAMSUN;8680001716289;YAŞAM ECZANESİ;SAMSUN BAFRA;ACİDPASS;Acidpass 10/800/165 mg 6 Çiğneme Tablet;10;1;11;689;
29.07.2026;ALLIANCE HEALTHCARE;AH SAMSUN;8680001124077;GÜLİSTAN ECZANESİ;SAMSUN BAFRA;FAMTREC;Famtrec 800/26,6mg 14 Film Kaplı Tablet;5;1;6;511;
30.07.2026;İSTANBUL ECZA KOOP;İSKOOP MERKEZ;8680001881567;MEVLANA ECZANESİ;SAMSUN BAFRA;ACİDPASS;Acidpass 10/800/165 mg 12 Çiğneme Tablet;6;0;6;673;
30.07.2026;İSTANBUL ECZA KOOP;İSKOOP MERKEZ;8680001370061;YALÇIN ECZANESİ;SAMSUN BAFRA;MOKSEFEN;Moksefen 400 mg 7 Film Tablet;-15;-7;-22;-2.235;
31.07.2026;NEVZAT ECZA DEPOSU;NEVZAT SAMSUN;8680001160556;ŞİMŞEK ECZANESİ;SAMSUN BAFRA;ACİDPASS;Acidpass 10/800/165 mg 12 Çiğneme Tablet;10;1;11;1.122;
31.07.2026;ALLIANCE HEALTHCARE;AH SAMSUN;8680001110384;DİDEM ECZANESİ;SAMSUN BAFRA;ACİDPASS;Acidpass 10/800/165 mg 12 Çiğneme Tablet;20;3;23;2.245;
31.07.2026;İSTANBUL ECZA KOOP;İSKOOP MERKEZ;8680001629978;YILMAZ ECZANESİ;SAMSUN BAFRA;ACİDPASS;Acidpass 10/800/165 mg 12 Çiğneme Tablet;10;1;11;1.122;
31.07.2026;ALLIANCE HEALTHCARE;AH SAMSUN;8680001110384;DİDEM ECZANESİ;SAMSUN BAFRA;GRİPORT COLD;Griport Cold 20 Film Kaplı Tablet;6;1;7;505;
31.07.2026;NEVZAT ECZA DEPOSU;NEVZAT SAMSUN;8680001346851;BULVAR ECZANESİ;SAMSUN BAFRA;GRİPORT COLD;Griport Cold 20 Film Kaplı Tablet;6;1;7;505;
01.07.2026;ALLIANCE HEALTHCARE;AH SAMSUN;8680001423958;ANADOLU ECZANESİ;SAMSUN BAHCELIEVLER;ACİDPASS;Acidpass 10/800/165 mg 12 Çiğneme Tablet;3;0;3;337;
01.07.2026;SELÇUK ECZA DEPOSU;SELÇUK SAMSUN;8680001116676;KAMER ECZANESİ;SAMSUN BAHCELIEVLER;ACİDPASS;Acidpass 10/800/165 mg 12 Çiğneme Tablet;3;0;3;337;
01.07.2026;ALLIANCE HEALTHCARE;AH SAMSUN;8680001626922;DİLA ECZANESİ;SAMSUN BAHCELIEVLER;PANOCER;Panocer 40 mg 28 Enterik Kaplı Tablet;2;0;2;211;
02.07.2026;ALLIANCE HEALTHCARE;AH SAMSUN;8680001626922;DİLA ECZANESİ;SAMSUN BAHCELIEVLER;PANOCER;Panocer 40 mg 28 Enterik Kaplı Tablet;2;0;2;211;
03.07.2026;SELÇUK ECZA DEPOSU;SELÇUK SAMSUN;8680001423958;ANADOLU ECZANESİ;SAMSUN BAHCELIEVLER;ACİDPASS;Acidpass 10/800/165 mg 12 Çiğneme Tablet;50;15;65;5.612;
03.07.2026;ALLIANCE HEALTHCARE;AH SAMSUN;8680001110483;TÜTER ECZANESİ;SAMSUN BAHCELIEVLER;ACİDPASS;Acidpass 10/800/165 mg 12 Çiğneme Tablet;3;0;3;337;
06.07.2026;ALLIANCE HEALTHCARE;AH SAMSUN;8680001116751;BAHÇELİEVLER ECZANESİ;SAMSUN BAHCELIEVLER;ACİDPASS;Acidpass 10/800/165 mg 12 Çiğneme Tablet;2;0;2;224;
07.07.2026;SELÇUK ECZA DEPOSU;SELÇUK SAMSUN;8680001706129;EVNUR SİNEM ECZANESİ;SAMSUN BAHCELIEVLER;ACİDPASS;Acidpass 10/800/165 mg 12 Çiğneme Tablet;10;1;11;1.122;
08.07.2026;ALLIANCE HEALTHCARE;AH SAMSUN;8680001116751;BAHÇELİEVLER ECZANESİ;SAMSUN BAHCELIEVLER;ACİDPASS;Acidpass 10/800/165 mg 12 Çiğneme Tablet;2;0;2;224;
08.07.2026;ALLIANCE HEALTHCARE;AH SAMSUN;8680001856534;NEFES ECZANESİ;SAMSUN BAHCELIEVLER;ACİDPASS;Acidpass 10/800/165 mg 12 Çiğneme Tablet;2;0;2;224;
08.07.2026;NEVZAT ECZA DEPOSU;NEVZAT SAMSUN;8680001783458;BEYZADE ECZANESİ;SAMSUN BAHCELIEVLER;GRİPORT COLD;Griport Cold 20 Film Kaplı Tablet;1;0;1;84;
08.07.2026;NEVZAT ECZA DEPOSU;NEVZAT SAMSUN;8680001108602;YÜKSELEN ECZANESİ;SAMSUN BAHCELIEVLER;PANOCER;Panocer 40 mg 28 Enterik Kaplı Tablet;1;0;1;105;
08.07.2026;NEVZAT ECZA DEPOSU;NEVZAT SAMSUN;8680001116676;KAMER ECZANESİ;SAMSUN BAHCELIEVLER;PANOCER;Panocer 40 mg 28 Enterik Kaplı Tablet;10;3;13;1.053;
09.07.2026;ALLIANCE HEALTHCARE;AH SAMSUN;8680001114252;RENDECİ ECZANESİ;SAMSUN BAHCELIEVLER;ACİDPASS;Acidpass 10/800/165 mg 12 Çiğneme Tablet;10;1;11;1.122;
09.07.2026;İSTANBUL ECZA KOOP;İSKOOP MERKEZ;8680001118335;PETEK ECZANESİ;SAMSUN BAHCELIEVLER;ACİDPASS;Acidpass 10/800/165 mg 12 Çiğneme Tablet;1;0;1;112;
10.07.2026;ALLIANCE HEALTHCARE;AH SAMSUN;8680001856534;NEFES ECZANESİ;SAMSUN BAHCELIEVLER;MOKSEFEN;Moksefen 400 mg 7 Film Tablet;5;1;6;745;
11.07.2026;ALLIANCE HEALTHCARE;AH SAMSUN;8680001110124;ESİN ECZANESİ;SAMSUN BAHCELIEVLER;ACİDPASS;Acidpass 10/800/165 mg 12 Çiğneme Tablet;2;0;2;224;
13.07.2026;İSTANBUL ECZA KOOP;İSKOOP MERKEZ;8680001109043;BAHAR ECZANESİ;SAMSUN BAHCELIEVLER;ACİDPASS;Acidpass 10/800/165 mg 12 Çiğneme Tablet;2;0;2;224;
13.07.2026;İSTANBUL ECZA KOOP;İSKOOP MERKEZ;8680001108602;YÜKSELEN ECZANESİ;SAMSUN BAHCELIEVLER;ACİDPASS;Acidpass 10/800/165 mg 12 Çiğneme Tablet;1;0;1;112;
13.07.2026;ALLIANCE HEALTHCARE;AH SAMSUN;8680001116751;BAHÇELİEVLER ECZANESİ;SAMSUN BAHCELIEVLER;ACİDPASS;Acidpass 10/800/165 mg 12 Çiğneme Tablet;2;0;2;224;
13.07.2026;İSTANBUL ECZA KOOP;İSKOOP MERKEZ;8680001109043;BAHAR ECZANESİ;SAMSUN BAHCELIEVLER;ACİDPASS;Acidpass 10/800/165 mg 6 Çiğneme Tablet;2;0;2;138;
16.07.2026;NEVZAT ECZA DEPOSU;NEVZAT SAMSUN;8680001116676;KAMER ECZANESİ;SAMSUN BAHCELIEVLER;ACİDPASS;Acidpass 10/800/165 mg 12 Çiğneme Tablet;2;0;2;224;
16.07.2026;ALLIANCE HEALTHCARE;AH SAMSUN;8680001118335;PETEK ECZANESİ;SAMSUN BAHCELIEVLER;ACİDPASS;Acidpass 10/800/165 mg 12 Çiğneme Tablet;1;0;1;112;
20.07.2026;İSTANBUL ECZA KOOP;İSKOOP MERKEZ;8680001696956;CANAN ECZANESİ;SAMSUN BAHCELIEVLER;ACİDPASS;Acidpass 10/800/165 mg 12 Çiğneme Tablet;10;1;11;1.122;
20.07.2026;ALLIANCE HEALTHCARE;AH SAMSUN;8680001118335;PETEK ECZANESİ;SAMSUN BAHCELIEVLER;GRİPORT COLD;Griport Cold 20 Film Kaplı Tablet;2;0;2;168;
20.07.2026;ALLIANCE HEALTHCARE;AH SAMSUN;8680001111756;ANIL ECZANESİ;SAMSUN BAHCELIEVLER;PANOCER;Panocer 40 mg 28 Enterik Kaplı Tablet;1;0;1;105;
21.07.2026;SELÇUK ECZA DEPOSU;SELÇUK SAMSUN;8680001116676;KAMER ECZANESİ;SAMSUN BAHCELIEVLER;ACİDPASS;Acidpass 10/800/165 mg 12 Çiğneme Tablet;2;0;2;224;
21.07.2026;ALLIANCE HEALTHCARE;AH SAMSUN;8680001118335;PETEK ECZANESİ;SAMSUN BAHCELIEVLER;ACİDPASS;Acidpass 10/800/165 mg 12 Çiğneme Tablet;10;1;11;1.122;
22.07.2026;İSTANBUL ECZA KOOP;İSKOOP MERKEZ;8680001114597;DOĞUŞ ECZANESİ;SAMSUN BAHCELIEVLER;ACİDPASS;Acidpass 10/800/165 mg 12 Çiğneme Tablet;10;1;11;1.122;
23.07.2026;İSTANBUL ECZA KOOP;İSKOOP MERKEZ;8680001109043;BAHAR ECZANESİ;SAMSUN BAHCELIEVLER;ACİDPASS;Acidpass 10/800/165 mg 12 Çiğneme Tablet;3;0;3;337;
23.07.2026;ALLIANCE HEALTHCARE;AH SAMSUN;8680001110483;TÜTER ECZANESİ;SAMSUN BAHCELIEVLER;ACİDPASS;Acidpass 10/800/165 mg 12 Çiğneme Tablet;3;0;3;337;
23.07.2026;SELÇUK ECZA DEPOSU;SELÇUK SAMSUN;8680001116676;KAMER ECZANESİ;SAMSUN BAHCELIEVLER;ACİDPASS;Acidpass 10/800/165 mg 12 Çiğneme Tablet;2;0;2;224;
23.07.2026;NEVZAT ECZA DEPOSU;NEVZAT SAMSUN;8680001116676;KAMER ECZANESİ;SAMSUN BAHCELIEVLER;ACİDPASS;Acidpass 10/800/165 mg 12 Çiğneme Tablet;2;0;2;224;
24.07.2026;ALLIANCE HEALTHCARE;AH SAMSUN;8680001110124;ESİN ECZANESİ;SAMSUN BAHCELIEVLER;GRİPORT COLD;Griport Cold 20 Film Kaplı Tablet;1;0;1;84;
25.07.2026;ALLIANCE HEALTHCARE;AH SAMSUN;8680001116751;BAHÇELİEVLER ECZANESİ;SAMSUN BAHCELIEVLER;ACİDPASS;Acidpass 10/800/165 mg 12 Çiğneme Tablet;3;0;3;337;
25.07.2026;ALLIANCE HEALTHCARE;AH SAMSUN;8680001110124;ESİN ECZANESİ;SAMSUN BAHCELIEVLER;ACİDPASS;Acidpass 10/800/165 mg 12 Çiğneme Tablet;2;0;2;224;
27.07.2026;ALLIANCE HEALTHCARE;AH SAMSUN;8680001626922;DİLA ECZANESİ;SAMSUN BAHCELIEVLER;ACİDPASS;Acidpass 10/800/165 mg 12 Çiğneme Tablet;2;0;2;224;
27.07.2026;ALLIANCE HEALTHCARE;AH SAMSUN;8680001110124;ESİN ECZANESİ;SAMSUN BAHCELIEVLER;PANOCER;Panocer 40 mg 14 Enterik Kaplı Tablet;1;0;1;81;
27.07.2026;ALLIANCE HEALTHCARE;AH SAMSUN;8680001110124;ESİN ECZANESİ;SAMSUN BAHCELIEVLER;PANOCER;Panocer 40 mg 28 Enterik Kaplı Tablet;1;0;1;105;
28.07.2026;İSTANBUL ECZA KOOP;İSKOOP MERKEZ;8680001116676;KAMER ECZANESİ;SAMSUN BAHCELIEVLER;ACİDPASS;Acidpass 10/800/165 mg 12 Çiğneme Tablet;1;0;1;112;
28.07.2026;ALLIANCE HEALTHCARE;AH SAMSUN;8680001856534;NEFES ECZANESİ;SAMSUN BAHCELIEVLER;ACİDPASS;Acidpass 10/800/165 mg 12 Çiğneme Tablet;2;0;2;224;
29.07.2026;ALLIANCE HEALTHCARE;AH SAMSUN;8680001109043;BAHAR ECZANESİ;SAMSUN BAHCELIEVLER;ACİDPASS;Acidpass 10/800/165 mg 12 Çiğneme Tablet;3;0;3;337;
30.07.2026;NEVZAT ECZA DEPOSU;NEVZAT SAMSUN;8680001108534;ORKİDE ORAN ECZANESİ;SAMSUN BAHCELIEVLER;ACİDPASS;Acidpass 10/800/165 mg 12 Çiğneme Tablet;1;0;1;112;
30.07.2026;ALLIANCE HEALTHCARE;AH SAMSUN;8680001110483;TÜTER ECZANESİ;SAMSUN BAHCELIEVLER;GRİPORT COLD;Griport Cold 20 Film Kaplı Tablet;1;0;1;84;
31.07.2026;ALLIANCE HEALTHCARE;AH SAMSUN;8680001108220;SAADET ECZANESİ;SAMSUN BAHCELIEVLER;ACİDPASS;Acidpass 10/800/165 mg 12 Çiğneme Tablet;10;1;11;1.122;
31.07.2026;ALLIANCE HEALTHCARE;AH SAMSUN;8680001626922;DİLA ECZANESİ;SAMSUN BAHCELIEVLER;ACİDPASS;Acidpass 10/800/165 mg 12 Çiğneme Tablet;2;0;2;224;
31.07.2026;SELÇUK ECZA DEPOSU;SELÇUK SAMSUN;8680001825264;SENA ÇAKMAK ECZANESİ;SAMSUN BAHCELIEVLER;PANOCER;Panocer 40 mg 28 Enterik Kaplı Tablet;1;0;1;105;
01.07.2026;İSTANBUL ECZA KOOP;İSKOOP MERKEZ;8680001666386;BEYZA ECZANESİ;SAMSUN CANIK;PANOCER;Panocer 40 mg 28 Enterik Kaplı Tablet;10;3;13;1.053;
03.07.2026;İSTANBUL ECZA KOOP;İSKOOP MERKEZ;8680001666386;BEYZA ECZANESİ;SAMSUN CANIK;ACİDPASS;Acidpass 10/800/165 mg 12 Çiğneme Tablet;10;1;11;1.122;
03.07.2026;İSTANBUL ECZA KOOP;İSKOOP MERKEZ;8680001491278;AFİYET ECZANESİ;SAMSUN CANIK;PANOCER;Panocer 40 mg 28 Enterik Kaplı Tablet;10;3;13;1.053;
06.07.2026;İSTANBUL ECZA KOOP;İSKOOP MERKEZ;8680001172993;KARDELEN ECZANESİ;SAMSUN CANIK;MOKSEFEN;Moksefen 400 mg 7 Film Tablet;10;3;13;1.490;
06.07.2026;ALLIANCE HEALTHCARE;AH SAMSUN;8680001101337;BAŞALAN ECZANESİ;SAMSUN CANIK;PANOCER;Panocer 40 mg 28 Enterik Kaplı Tablet;10;3;13;1.053;
06.07.2026;İSTANBUL ECZA KOOP;İSKOOP MERKEZ;8680001105274;SOĞUKSU ECZANESİ;SAMSUN CANIK;PANOCER;Panocer 40 mg 28 Enterik Kaplı Tablet;10;3;13;1.053;
07.07.2026;ALLIANCE HEALTHCARE;AH SAMSUN;8680001126446;KUZEY ECZANESİ;SAMSUN CANIK;ACİDPASS;Acidpass 10/800/165 mg 12 Çiğneme Tablet;10;1;11;1.122;
07.07.2026;İSTANBUL ECZA KOOP;İSKOOP MERKEZ;8680001119974;SERAP ECZANESİ;SAMSUN CANIK;ACİDPASS;Acidpass 10/800/165 mg 12 Çiğneme Tablet;2;0;2;224;
07.07.2026;NEVZAT ECZA DEPOSU;NEVZAT SAMSUN;8680001117383;ALPER ECZANESİ;SAMSUN CANIK;GRİPORT COLD;Griport Cold 20 Film Kaplı Tablet;6;1;7;505;
07.07.2026;SELÇUK ECZA DEPOSU;SELÇUK SAMSUN;8680001664306;GENCALIOGLU ECZANESI;SAMSUN CANIK;GRİPORT COLD;Griport Cold 20 Film Kaplı Tablet;2;0;2;168;
07.07.2026;SELÇUK ECZA DEPOSU;SELÇUK SAMSUN;8680001101337;BAŞALAN ECZANESİ;SAMSUN CANIK;PANOCER;Panocer 40 mg 28 Enterik Kaplı Tablet;50;25;75;5.266;
07.07.2026;SELÇUK ECZA DEPOSU;SELÇUK SAMSUN;8680001126446;KUZEY ECZANESİ;SAMSUN CANIK;PANOCER;Panocer 40 mg 28 Enterik Kaplı Tablet;3;0;3;316;
07.07.2026;ALLIANCE HEALTHCARE;AH SAMSUN;8680001641055;ERKAN ECZANESİ;SAMSUN CANIK;PANOCER;Panocer 40 mg 28 Enterik Kaplı Tablet;4;0;4;421;
08.07.2026;SELÇUK ECZA DEPOSU;SELÇUK SAMSUN;8680001127818;HASKÖY NALAN ECZANESİ;SAMSUN CANIK;ACİDPASS;Acidpass 10/800/165 mg 12 Çiğneme Tablet;5;0;5;561;
09.07.2026;ALLIANCE HEALTHCARE;AH SAMSUN;8680001420650;CANİK BULUT ECZANESİ;SAMSUN CANIK;ACİDPASS;Acidpass 10/800/165 mg 12 Çiğneme Tablet;10;1;11;1.122;
09.07.2026;İSTANBUL ECZA KOOP;İSKOOP MERKEZ;8680001114351;CANİK ECZANESİ;SAMSUN CANIK;ACİDPASS;Acidpass 10/800/165 mg 12 Çiğneme Tablet;1;0;1;112;
09.07.2026;ALLIANCE HEALTHCARE;AH SAMSUN;8680001126446;KUZEY ECZANESİ;SAMSUN CANIK;MOKSEFEN;Moksefen 400 mg 7 Film Tablet;2;0;2;298;
10.07.2026;İSTANBUL ECZA KOOP;İSKOOP MERKEZ;8680001110025;NEVİN ECZANESİ;SAMSUN CANIK;ACİDPASS;Acidpass 10/800/165 mg 12 Çiğneme Tablet;5;0;5;561;
10.07.2026;İSTANBUL ECZA KOOP;İSKOOP MERKEZ;8680001119974;SERAP ECZANESİ;SAMSUN CANIK;ACİDPASS;Acidpass 10/800/165 mg 12 Çiğneme Tablet;2;0;2;224;
11.07.2026;İSTANBUL ECZA KOOP;İSKOOP MERKEZ;8680001119974;SERAP ECZANESİ;SAMSUN CANIK;MOKSEFEN;Moksefen 400 mg 7 Film Tablet;20;10;30;2.980;
13.07.2026;ALLIANCE HEALTHCARE;AH SAMSUN;8680001641055;ERKAN ECZANESİ;SAMSUN CANIK;ACİDPASS;Acidpass 10/800/165 mg 12 Çiğneme Tablet;4;0;4;449;
14.07.2026;ALLIANCE HEALTHCARE;AH SAMSUN;8680001641055;ERKAN ECZANESİ;SAMSUN CANIK;ACİDPASS;Acidpass 10/800/165 mg 12 Çiğneme Tablet;2;0;2;224;
14.07.2026;SELÇUK ECZA DEPOSU;SELÇUK SAMSUN;8680001687763;HASKÖY MALKOÇ ECZANESİ;SAMSUN CANIK;FAMTREC;Famtrec 800/26,6mg 14 Film Kaplı Tablet;1;0;1;102;
14.07.2026;SELÇUK ECZA DEPOSU;SELÇUK SAMSUN;8680001466955;PİAZZA ECZANESİ;SAMSUN CANIK;PANOCER;Panocer 40 mg 28 Enterik Kaplı Tablet;10;3;13;1.053;
16.07.2026;NEVZAT ECZA DEPOSU;NEVZAT SAMSUN;8680001119974;SERAP ECZANESİ;SAMSUN CANIK;ACİDPASS;Acidpass 10/800/165 mg 12 Çiğneme Tablet;20;3;23;2.245;
16.07.2026;İSTANBUL ECZA KOOP;İSKOOP MERKEZ;8680001127214;MALKOÇOĞLU ECZANESİ;SAMSUN CANIK;GRİPORT COLD;Griport Cold 20 Film Kaplı Tablet;2;0;2;168;
17.07.2026;SELÇUK ECZA DEPOSU;SELÇUK SAMSUN;8680001466955;PİAZZA ECZANESİ;SAMSUN CANIK;ACİDPASS;Acidpass 10/800/165 mg 12 Çiğneme Tablet;100;35;135;11.223;
17.07.2026;ALLIANCE HEALTHCARE;AH SAMSUN;8680001138555;GÜNEŞ ECZANESİ;SAMSUN CANIK;PANOCER;Panocer 40 mg 28 Enterik Kaplı Tablet;50;25;75;5.266;
20.07.2026;ALLIANCE HEALTHCARE;AH SAMSUN;8680001138555;GÜNEŞ ECZANESİ;SAMSUN CANIK;ACİDPASS;Acidpass 10/800/165 mg 12 Çiğneme Tablet;20;3;23;2.245;
20.07.2026;İSTANBUL ECZA KOOP;İSKOOP MERKEZ;8680001120796;HANİFE ECZANESİ;SAMSUN CANIK;ACİDPASS;Acidpass 10/800/165 mg 12 Çiğneme Tablet;3;0;3;337;
22.07.2026;SELÇUK ECZA DEPOSU;SELÇUK SAMSUN;8680001886654;KAEN ECZANESİ;SAMSUN CANIK;ACİDPASS;Acidpass 10/800/165 mg 12 Çiğneme Tablet;1;0;1;112;
22.07.2026;SELÇUK ECZA DEPOSU;SELÇUK SAMSUN;8680001886654;KAEN ECZANESİ;SAMSUN CANIK;PANOCER;Panocer 40 mg 28 Enterik Kaplı Tablet;30;12;42;3.159;
24.07.2026;SELÇUK ECZA DEPOSU;SELÇUK SAMSUN;8680001664306;GENCALIOGLU ECZANESI;SAMSUN CANIK;ACİDPASS;Acidpass 10/800/165 mg 12 Çiğneme Tablet;2;0;2;224;
25.07.2026;ALLIANCE HEALTHCARE;AH SAMSUN;8680001420650;CANİK BULUT ECZANESİ;SAMSUN CANIK;PANOCER;Panocer 40 mg 28 Enterik Kaplı Tablet;4;0;4;421;
26.07.2026;İSTANBUL ECZA KOOP;İSKOOP MERKEZ;8680001127214;MALKOÇOĞLU ECZANESİ;SAMSUN CANIK;ACİDPASS;Acidpass 10/800/165 mg 12 Çiğneme Tablet;10;1;11;1.122;
27.07.2026;İSTANBUL ECZA KOOP;İSKOOP MERKEZ;8680001120796;HANİFE ECZANESİ;SAMSUN CANIK;MOKSEFEN;Moksefen 400 mg 7 Film Tablet;20;10;30;2.980;
28.07.2026;NEVZAT ECZA DEPOSU;NEVZAT SAMSUN;8680001127818;HASKÖY NALAN ECZANESİ;SAMSUN CANIK;ACİDPASS;Acidpass 10/800/165 mg 12 Çiğneme Tablet;2;0;2;224;
28.07.2026;İSTANBUL ECZA KOOP;İSKOOP MERKEZ;8680001127214;MALKOÇOĞLU ECZANESİ;SAMSUN CANIK;MOKSEFEN;Moksefen 400 mg 7 Film Tablet;2;0;2;298;
29.07.2026;İSTANBUL ECZA KOOP;İSKOOP MERKEZ;8680001120796;HANİFE ECZANESİ;SAMSUN CANIK;MOKSEFEN;Moksefen 400 mg 7 Film Tablet;20;10;30;2.980;
30.07.2026;SELÇUK ECZA DEPOSU;SELÇUK SAMSUN;8680001886654;KAEN ECZANESİ;SAMSUN CANIK;ACİDPASS;Acidpass 10/800/165 mg 12 Çiğneme Tablet;2;0;2;224;
01.07.2026;ALLIANCE HEALTHCARE;AH SAMSUN;8680001599844;TEKKEKÖY ECZANESİ;SAMSUN DOGU ILCELER;ACİDPASS;Acidpass 10/800/165 mg 12 Çiğneme Tablet;10;1;11;1.122;
01.07.2026;SELÇUK ECZA DEPOSU;SELÇUK SAMSUN;8680001658411;SAĞLIK ECZANESİ;SAMSUN DOGU ILCELER;ACİDPASS;Acidpass 10/800/165 mg 12 Çiğneme Tablet;3;0;3;337;
01.07.2026;ALLIANCE HEALTHCARE;AH SAMSUN;8680001722259;YAMAN ECZANESİ;SAMSUN DOGU ILCELER;ACİDPASS;Acidpass 10/800/165 mg 12 Çiğneme Tablet;3;0;3;337;
01.07.2026;İSTANBUL ECZA KOOP;İSKOOP MERKEZ;8680001845804;EDA ECZANESİ;SAMSUN DOGU ILCELER;ACİDPASS;Acidpass 10/800/165 mg 12 Çiğneme Tablet;2;0;2;224;
01.07.2026;ALLIANCE HEALTHCARE;AH SAMSUN;8680001598922;SEDA ECZANESİ;SAMSUN DOGU ILCELER;PANOCER;Panocer 40 mg 28 Enterik Kaplı Tablet;50;25;75;5.266;
02.07.2026;ALLIANCE HEALTHCARE;AH SAMSUN;8680001109371;KİRAZLIK ECZANESİ;SAMSUN DOGU ILCELER;ACİDPASS;Acidpass 10/800/165 mg 12 Çiğneme Tablet;3;0;3;337;
02.07.2026;ALLIANCE HEALTHCARE;AH SAMSUN;8680001722259;YAMAN ECZANESİ;SAMSUN DOGU ILCELER;PANOCER;Panocer 40 mg 28 Enterik Kaplı Tablet;3;0;3;316;
03.07.2026;ALLIANCE HEALTHCARE;AH SAMSUN;8680001121557;OVALI ECZANESİ;SAMSUN DOGU ILCELER;PANOCER;Panocer 40 mg 28 Enterik Kaplı Tablet;10;3;13;1.053;
03.07.2026;ALLIANCE HEALTHCARE;AH SAMSUN;8680001866090;BALCALI ECZANESİ;SAMSUN DOGU ILCELER;PANOCER;Panocer 40 mg 28 Enterik Kaplı Tablet;4;0;4;421;
04.07.2026;SELÇUK ECZA DEPOSU;SELÇUK SAMSUN;8680001112463;UMUT ECZANESİ;SAMSUN DOGU ILCELER;GRİPORT COLD;Griport Cold 20 Film Kaplı Tablet;10;1;11;842;
04.07.2026;ALLIANCE HEALTHCARE;AH SAMSUN;8680001112463;UMUT ECZANESİ;SAMSUN DOGU ILCELER;GRİPORT COLD;Griport Cold 20 Film Kaplı Tablet;6;1;7;505;
06.07.2026;ALLIANCE HEALTHCARE;AH SAMSUN;8680001121557;OVALI ECZANESİ;SAMSUN DOGU ILCELER;ACİDPASS;Acidpass 10/800/165 mg 12 Çiğneme Tablet;5;0;5;561;
06.07.2026;ALLIANCE HEALTHCARE;AH SAMSUN;8680001145331;ÖZYÜREK ECZANESİ;SAMSUN DOGU ILCELER;MOKSEFEN;Moksefen 400 mg 7 Film Tablet;5;1;6;745;
07.07.2026;ALLIANCE HEALTHCARE;AH SAMSUN;8680001658411;SAĞLIK ECZANESİ;SAMSUN DOGU ILCELER;MOKSEFEN;Moksefen 400 mg 7 Film Tablet;5;1;6;745;
07.07.2026;NEVZAT ECZA DEPOSU;NEVZAT SAMSUN;8680001104499;VERESELİ ÇİNİK ECZANESİ;SAMSUN DOGU ILCELER;PANOCER;Panocer 40 mg 28 Enterik Kaplı Tablet;10;3;13;1.053;
07.07.2026;SELÇUK ECZA DEPOSU;SELÇUK SAMSUN;8680001101542;ASYA ECZANESİ;SAMSUN DOGU ILCELER;PANOCER;Panocer 40 mg 28 Enterik Kaplı Tablet;2;0;2;211;
07.07.2026;İSTANBUL ECZA KOOP;İSKOOP MERKEZ;8680001722259;YAMAN ECZANESİ;SAMSUN DOGU ILCELER;PANOCER;Panocer 40 mg 28 Enterik Kaplı Tablet;10;3;13;1.053;
07.07.2026;ALLIANCE HEALTHCARE;AH SAMSUN;8680001722259;YAMAN ECZANESİ;SAMSUN DOGU ILCELER;PANOCER;Panocer 40 mg 28 Enterik Kaplı Tablet;2;0;2;211;
08.07.2026;ALLIANCE HEALTHCARE;AH SAMSUN;8680001121557;OVALI ECZANESİ;SAMSUN DOGU ILCELER;MOKSEFEN;Moksefen 400 mg 7 Film Tablet;5;1;6;745;
09.07.2026;İSTANBUL ECZA KOOP;İSKOOP MERKEZ;8680001722259;YAMAN ECZANESİ;SAMSUN DOGU ILCELER;ACİDPASS;Acidpass 10/800/165 mg 12 Çiğneme Tablet;2;0;2;224;
09.07.2026;ALLIANCE HEALTHCARE;AH SAMSUN;8680001109371;KİRAZLIK ECZANESİ;SAMSUN DOGU ILCELER;MOKSEFEN;Moksefen 400 mg 7 Film Tablet;10;3;13;1.490;
09.07.2026;SELÇUK ECZA DEPOSU;SELÇUK SAMSUN;8680001722259;YAMAN ECZANESİ;SAMSUN DOGU ILCELER;MOKSEFEN;Moksefen 400 mg 7 Film Tablet;5;1;6;745;
13.07.2026;ALLIANCE HEALTHCARE;AH SAMSUN;8680001722259;YAMAN ECZANESİ;SAMSUN DOGU ILCELER;ACİDPASS;Acidpass 10/800/165 mg 12 Çiğneme Tablet;10;1;11;1.122;
14.07.2026;ALLIANCE HEALTHCARE;AH SAMSUN;8680001658411;SAĞLIK ECZANESİ;SAMSUN DOGU ILCELER;PANOCER;Panocer 40 mg 28 Enterik Kaplı Tablet;2;0;2;211;
16.07.2026;ALLIANCE HEALTHCARE;AH SAMSUN;8680001598922;SEDA ECZANESİ;SAMSUN DOGU ILCELER;MOKSEFEN;Moksefen 400 mg 7 Film Tablet;10;3;13;1.490;
16.07.2026;ALLIANCE HEALTHCARE;AH SAMSUN;8680001109371;KİRAZLIK ECZANESİ;SAMSUN DOGU ILCELER;PANOCER;Panocer 40 mg 14 Enterik Kaplı Tablet;2;0;2;162;
16.07.2026;SELÇUK ECZA DEPOSU;SELÇUK SAMSUN;8680001109418;YEŞİLOĞLU ECZANESİ;SAMSUN DOGU ILCELER;PANOCER;Panocer 40 mg 28 Enterik Kaplı Tablet;10;3;13;1.053;
17.07.2026;İSTANBUL ECZA KOOP;İSKOOP MERKEZ;8680001111244;MERKEZ ECZANESİ;SAMSUN DOGU ILCELER;ACİDPASS;Acidpass 10/800/165 mg 12 Çiğneme Tablet;1;0;1;112;
17.07.2026;İSTANBUL ECZA KOOP;İSKOOP MERKEZ;8680001845804;EDA ECZANESİ;SAMSUN DOGU ILCELER;ACİDPASS;Acidpass 10/800/165 mg 12 Çiğneme Tablet;2;0;2;224;
17.07.2026;ALLIANCE HEALTHCARE;AH SAMSUN;8680001658411;SAĞLIK ECZANESİ;SAMSUN DOGU ILCELER;PANOCER;Panocer 40 mg 28 Enterik Kaplı Tablet;2;0;2;211;
18.07.2026;SELÇUK ECZA DEPOSU;SELÇUK SAMSUN;8680001109418;YEŞİLOĞLU ECZANESİ;SAMSUN DOGU ILCELER;ACİDPASS;Acidpass 10/800/165 mg 12 Çiğneme Tablet;20;3;23;2.245;
20.07.2026;ALLIANCE HEALTHCARE;AH SAMSUN;8680001866090;BALCALI ECZANESİ;SAMSUN DOGU ILCELER;ACİDPASS;Acidpass 10/800/165 mg 12 Çiğneme Tablet;2;0;2;224;
21.07.2026;ALLIANCE HEALTHCARE;AH SAMSUN;8680001102952;MESKENLER ECZANESİ;SAMSUN DOGU ILCELER;PANOCER;Panocer 40 mg 28 Enterik Kaplı Tablet;10;3;13;1.053;
21.07.2026;ALLIANCE HEALTHCARE;AH SAMSUN;8680001102952;MESKENLER ECZANESİ;SAMSUN DOGU ILCELER;PANOCER;Panocer 40 mg 28 Enterik Kaplı Tablet;2;0;2;211;
21.07.2026;ALLIANCE HEALTHCARE;AH SAMSUN;8680001866090;BALCALI ECZANESİ;SAMSUN DOGU ILCELER;PANOCER;Panocer 40 mg 28 Enterik Kaplı Tablet;3;0;3;316;
22.07.2026;ALLIANCE HEALTHCARE;AH SAMSUN;8680001102952;MESKENLER ECZANESİ;SAMSUN DOGU ILCELER;ACİDPASS;Acidpass 10/800/165 mg 12 Çiğneme Tablet;5;0;5;561;
22.07.2026;ALLIANCE HEALTHCARE;AH SAMSUN;8680001112128;ASARCIK ECZANESİ;SAMSUN DOGU ILCELER;ACİDPASS;Acidpass 10/800/165 mg 6 Çiğneme Tablet;1;0;1;69;
22.07.2026;ALLIANCE HEALTHCARE;AH SAMSUN;8680001114801;FAZİLET ECZANESİ;SAMSUN DOGU ILCELER;MOKSEFEN;Moksefen 400 mg 7 Film Tablet;5;1;6;745;
23.07.2026;İSTANBUL ECZA KOOP;İSKOOP MERKEZ;8680001121557;OVALI ECZANESİ;SAMSUN DOGU ILCELER;MOKSEFEN;Moksefen 400 mg 7 Film Tablet;5;1;6;745;
23.07.2026;ALLIANCE HEALTHCARE;AH SAMSUN;8680001722259;YAMAN ECZANESİ;SAMSUN DOGU ILCELER;PANOCER;Panocer 40 mg 28 Enterik Kaplı Tablet;30;12;42;3.159;
24.07.2026;NEVZAT ECZA DEPOSU;NEVZAT SAMSUN;8680001125005;SALIPAZARI ECZANESİ;SAMSUN DOGU ILCELER;ACİDPASS;Acidpass 10/800/165 mg 12 Çiğneme Tablet;10;1;11;1.122;
24.07.2026;ALLIANCE HEALTHCARE;AH SAMSUN;8680001112128;ASARCIK ECZANESİ;SAMSUN DOGU ILCELER;ACİDPASS;Acidpass 10/800/165 mg 12 Çiğneme Tablet;2;0;2;224;
24.07.2026;SELÇUK ECZA DEPOSU;SELÇUK SAMSUN;8680001112463;UMUT ECZANESİ;SAMSUN DOGU ILCELER;MOKSEFEN;Moksefen 400 mg 7 Film Tablet;20;10;30;2.980;
24.07.2026;SELÇUK ECZA DEPOSU;SELÇUK SAMSUN;8680001109418;YEŞİLOĞLU ECZANESİ;SAMSUN DOGU ILCELER;MOKSEFEN;Moksefen 400 mg 7 Film Tablet;5;1;6;745;
24.07.2026;SELÇUK ECZA DEPOSU;SELÇUK SAMSUN;8680001104222;CANSU ECZANESİ;SAMSUN DOGU ILCELER;PANOCER;Panocer 40 mg 28 Enterik Kaplı Tablet;30;12;42;3.159;
24.07.2026;ALLIANCE HEALTHCARE;AH SAMSUN;8680001866090;BALCALI ECZANESİ;SAMSUN DOGU ILCELER;PANOCER;Panocer 40 mg 28 Enterik Kaplı Tablet;3;0;3;316;
25.07.2026;İSTANBUL ECZA KOOP;İSKOOP MERKEZ;8680001143290;YILMAZ ECZANESİ;SAMSUN DOGU ILCELER;ACİDPASS;Acidpass 10/800/165 mg 6 Çiğneme Tablet;3;0;3;207;
27.07.2026;ALLIANCE HEALTHCARE;AH SAMSUN;8680001109371;KİRAZLIK ECZANESİ;SAMSUN DOGU ILCELER;ACİDPASS;Acidpass 10/800/165 mg 12 Çiğneme Tablet;3;0;3;337;
27.07.2026;ALLIANCE HEALTHCARE;AH SAMSUN;8680001866090;BALCALI ECZANESİ;SAMSUN DOGU ILCELER;PANOCER;Panocer 40 mg 28 Enterik Kaplı Tablet;2;0;2;211;
28.07.2026;ALLIANCE HEALTHCARE;AH SAMSUN;8680001641161;YILDIZ ECZANESİ;SAMSUN DOGU ILCELER;ACİDPASS;Acidpass 10/800/165 mg 12 Çiğneme Tablet;10;1;11;1.122;
29.07.2026;ALLIANCE HEALTHCARE;AH SAMSUN;8680001658411;SAĞLIK ECZANESİ;SAMSUN DOGU ILCELER;PANOCER;Panocer 40 mg 28 Enterik Kaplı Tablet;5;0;5;527;
30.07.2026;İSTANBUL ECZA KOOP;İSKOOP MERKEZ;8680001112388;SARAL ECZANESİ;SAMSUN DOGU ILCELER;PANOCER;Panocer 40 mg 28 Enterik Kaplı Tablet;30;12;42;3.159;
31.07.2026;SELÇUK ECZA DEPOSU;SELÇUK SAMSUN;8680001131075;YILDIZ ECZANESİ;SAMSUN DOGU ILCELER;PANOCER;Panocer 40 mg 28 Enterik Kaplı Tablet;10;3;13;1.053;
01.07.2026;SELÇUK ECZA DEPOSU;SELÇUK SAMSUN;8680001908301;GOKCELİ ECZANESİ;SAMSUN DOGU ILCELER - 2;ACİDPASS;Acidpass 10/800/165 mg 12 Çiğneme Tablet;3;0;3;337;
01.07.2026;ALLIANCE HEALTHCARE;AH SAMSUN;8680001113934;ALVER ECZANESİ;SAMSUN DOGU ILCELER - 2;PANOCER;Panocer 40 mg 28 Enterik Kaplı Tablet;30;12;42;3.159;
01.07.2026;ALLIANCE HEALTHCARE;AH SAMSUN;8680001796397;İREM ECZANESİ;SAMSUN DOGU ILCELER - 2;PANOCER;Panocer 40 mg 28 Enterik Kaplı Tablet;10;3;13;1.053;
01.07.2026;NEVZAT ECZA DEPOSU;NEVZAT SAMSUN;8680001866106;MENTEŞOĞLU ECZANESI;SAMSUN DOGU ILCELER - 2;PANOCER;Panocer 40 mg 28 Enterik Kaplı Tablet;10;3;13;1.053;
02.07.2026;İSTANBUL ECZA KOOP;İSKOOP MERKEZ;8680001119929;SAĞLIK ECZANESİ;SAMSUN DOGU ILCELER - 2;ACİDPASS;Acidpass 10/800/165 mg 12 Çiğneme Tablet;10;1;11;1.122;
02.07.2026;ALLIANCE HEALTHCARE;AH SAMSUN;8680001118618;MEYDAN ECZANESİ;SAMSUN DOGU ILCELER - 2;FAMTREC;Famtrec 800/26,6mg 14 Film Kaplı Tablet;10;2;12;1.022;
02.07.2026;ALLIANCE HEALTHCARE;AH SAMSUN;8680001796397;İREM ECZANESİ;SAMSUN DOGU ILCELER - 2;MOKSEFEN;Moksefen 400 mg 7 Film Tablet;10;3;13;1.490;
03.07.2026;SELÇUK ECZA DEPOSU;SELÇUK SAMSUN;8680001866106;MENTEŞOĞLU ECZANESI;SAMSUN DOGU ILCELER - 2;ACİDPASS;Acidpass 10/800/165 mg 12 Çiğneme Tablet;2;0;2;224;
03.07.2026;İSTANBUL ECZA KOOP;İSKOOP MERKEZ;8680001119929;SAĞLIK ECZANESİ;SAMSUN DOGU ILCELER - 2;MOKSEFEN;Moksefen 400 mg 7 Film Tablet;10;3;13;1.490;
03.07.2026;NEVZAT ECZA DEPOSU;NEVZAT SAMSUN;8680001751662;DOĞU ECZANESİ;SAMSUN DOGU ILCELER - 2;MOKSEFEN;Moksefen 400 mg 7 Film Tablet;5;1;6;745;
03.07.2026;SELÇUK ECZA DEPOSU;SELÇUK SAMSUN;8680001880942;DİNÇ ECZANESİ;SAMSUN DOGU ILCELER - 2;PANOCER;Panocer 40 mg 28 Enterik Kaplı Tablet;10;3;13;1.053;
03.07.2026;SELÇUK ECZA DEPOSU;SELÇUK SAMSUN;8680001908301;GOKCELİ ECZANESİ;SAMSUN DOGU ILCELER - 2;PANOCER;Panocer 40 mg 28 Enterik Kaplı Tablet;3;0;3;316;
07.07.2026;ALLIANCE HEALTHCARE;AH SAMSUN;8680001132669;KARDELEN ECZANESİ;SAMSUN DOGU ILCELER - 2;ACİDPASS;Acidpass 10/800/165 mg 12 Çiğneme Tablet;3;0;3;337;
07.07.2026;ALLIANCE HEALTHCARE;AH SAMSUN;8680001113934;ALVER ECZANESİ;SAMSUN DOGU ILCELER - 2;ACİDPASS;Acidpass 10/800/165 mg 12 Çiğneme Tablet;10;1;11;1.122;
07.07.2026;İSTANBUL ECZA KOOP;İSKOOP MERKEZ;8680001117079;ÇARŞAMBA ECZANESİ;SAMSUN DOGU ILCELER - 2;GRİPORT COLD;Griport Cold 20 Film Kaplı Tablet;2;0;2;168;
07.07.2026;NEVZAT ECZA DEPOSU;NEVZAT SAMSUN;8680001119813;DERMAN ECZANESİ;SAMSUN DOGU ILCELER - 2;PANOCER;Panocer 40 mg 28 Enterik Kaplı Tablet;10;3;13;1.053;
07.07.2026;ALLIANCE HEALTHCARE;AH SAMSUN;8680001628094;YUNUS EMRE ECZANESİ;SAMSUN DOGU ILCELER - 2;PANOCER;Panocer 40 mg 28 Enterik Kaplı Tablet;10;3;13;1.053;
08.07.2026;SELÇUK ECZA DEPOSU;SELÇUK SAMSUN;8680001129515;KIZILAY ECZANESİ;SAMSUN DOGU ILCELER - 2;ACİDPASS;Acidpass 10/800/165 mg 12 Çiğneme Tablet;5;0;5;561;
08.07.2026;SELÇUK ECZA DEPOSU;SELÇUK SAMSUN;8680001866106;MENTEŞOĞLU ECZANESI;SAMSUN DOGU ILCELER - 2;ACİDPASS;Acidpass 10/800/165 mg 12 Çiğneme Tablet;1;0;1;112;
13.07.2026;SELÇUK ECZA DEPOSU;SELÇUK SAMSUN;8680001137350;METİN ECZANESİ;SAMSUN DOGU ILCELER - 2;ACİDPASS;Acidpass 10/800/165 mg 12 Çiğneme Tablet;5;0;5;561;
14.07.2026;SELÇUK ECZA DEPOSU;SELÇUK SAMSUN;8680001137350;METİN ECZANESİ;SAMSUN DOGU ILCELER - 2;ACİDPASS;Acidpass 10/800/165 mg 6 Çiğneme Tablet;4;0;4;276;
14.07.2026;NEVZAT ECZA DEPOSU;NEVZAT SAMSUN;8680001137350;METİN ECZANESİ;SAMSUN DOGU ILCELER - 2;FAMTREC;Famtrec 800/26,6mg 14 Film Kaplı Tablet;1;0;1;102;
14.07.2026;ALLIANCE HEALTHCARE;AH SAMSUN;8680001504145;UTKU ECZANESİ;SAMSUN DOGU ILCELER - 2;GRİPORT COLD;Griport Cold 20 Film Kaplı Tablet;1;0;1;84;
14.07.2026;ALLIANCE HEALTHCARE;AH SAMSUN;8680001115860;STAD ECZANESİ;SAMSUN DOGU ILCELER - 2;MOKSEFEN;Moksefen 400 mg 7 Film Tablet;20;10;30;2.980;
14.07.2026;ALLIANCE HEALTHCARE;AH SAMSUN;8680001460229;ELİF ECZANESİ;SAMSUN DOGU ILCELER - 2;MOKSEFEN;Moksefen 400 mg 7 Film Tablet;5;1;6;745;
14.07.2026;ALLIANCE HEALTHCARE;AH SAMSUN;8680001132430;SEVEN ECZANESİ;SAMSUN DOGU ILCELER - 2;PANOCER;Panocer 40 mg 28 Enterik Kaplı Tablet;3;0;3;316;
14.07.2026;ALLIANCE HEALTHCARE;AH SAMSUN;8680001460229;ELİF ECZANESİ;SAMSUN DOGU ILCELER - 2;PANOCER;Panocer 40 mg 28 Enterik Kaplı Tablet;30;12;42;3.159;
14.07.2026;ALLIANCE HEALTHCARE;AH SAMSUN;8680001137527;YENİ HASTANE ECZANESİ;SAMSUN DOGU ILCELER - 2;PANOCER;Panocer 40 mg 28 Enterik Kaplı Tablet;10;3;13;1.053;
16.07.2026;ALLIANCE HEALTHCARE;AH SAMSUN;8680001504145;UTKU ECZANESİ;SAMSUN DOGU ILCELER - 2;ACİDPASS;Acidpass 10/800/165 mg 12 Çiğneme Tablet;10;1;11;1.122;
17.07.2026;SELÇUK ECZA DEPOSU;SELÇUK SAMSUN;8680001113972;DİKBIYIK ECZANESİ;SAMSUN DOGU ILCELER - 2;GRİPORT COLD;Griport Cold 20 Film Kaplı Tablet;2;0;2;168;
17.07.2026;ALLIANCE HEALTHCARE;AH SAMSUN;8680001901395;HELVACALİ ECZANESI;SAMSUN DOGU ILCELER - 2;PANOCER;Panocer 40 mg 28 Enterik Kaplı Tablet;10;3;13;1.053;
18.07.2026;İSTANBUL ECZA KOOP;İSKOOP MERKEZ;8680001119813;DERMAN ECZANESİ;SAMSUN DOGU ILCELER - 2;ACİDPASS;Acidpass 10/800/165 mg 12 Çiğneme Tablet;10;1;11;1.122;
18.07.2026;SELÇUK ECZA DEPOSU;SELÇUK SAMSUN;8680001113972;DİKBIYIK ECZANESİ;SAMSUN DOGU ILCELER - 2;ACİDPASS;Acidpass 10/800/165 mg 12 Çiğneme Tablet;5;0;5;561;
18.07.2026;SELÇUK ECZA DEPOSU;SELÇUK SAMSUN;8680001751662;DOĞU ECZANESİ;SAMSUN DOGU ILCELER - 2;ACİDPASS;Acidpass 10/800/165 mg 12 Çiğneme Tablet;10;1;11;1.122;
20.07.2026;ALLIANCE HEALTHCARE;AH SAMSUN;8680001101498;YEŞİLIRMAK ECZANESİ;SAMSUN DOGU ILCELER - 2;ACİDPASS;Acidpass 10/800/165 mg 12 Çiğneme Tablet;2;0;2;224;
20.07.2026;NEVZAT ECZA DEPOSU;NEVZAT SAMSUN;8680001144198;ÇAĞDAŞ ECZANESİ;SAMSUN DOGU ILCELER - 2;ACİDPASS;Acidpass 10/800/165 mg 12 Çiğneme Tablet;10;1;11;1.122;
20.07.2026;NEVZAT ECZA DEPOSU;NEVZAT SAMSUN;8680001144198;ÇAĞDAŞ ECZANESİ;SAMSUN DOGU ILCELER - 2;ACİDPASS;Acidpass 10/800/165 mg 6 Çiğneme Tablet;3;0;3;207;
20.07.2026;ALLIANCE HEALTHCARE;AH SAMSUN;8680001117079;ÇARŞAMBA ECZANESİ;SAMSUN DOGU ILCELER - 2;MOKSEFEN;Moksefen 400 mg 7 Film Tablet;2;0;2;298;
20.07.2026;İSTANBUL ECZA KOOP;İSKOOP MERKEZ;8680001117079;ÇARŞAMBA ECZANESİ;SAMSUN DOGU ILCELER - 2;MOKSEFEN;Moksefen 400 mg 7 Film Tablet;5;1;6;745;
21.07.2026;SELÇUK ECZA DEPOSU;SELÇUK SAMSUN;8680001880942;DİNÇ ECZANESİ;SAMSUN DOGU ILCELER - 2;ACİDPASS;Acidpass 10/800/165 mg 12 Çiğneme Tablet;4;0;4;449;
21.07.2026;ALLIANCE HEALTHCARE;AH SAMSUN;8680001132669;KARDELEN ECZANESİ;SAMSUN DOGU ILCELER - 2;PANOCER;Panocer 40 mg 28 Enterik Kaplı Tablet;30;12;42;3.159;
21.07.2026;ALLIANCE HEALTHCARE;AH SAMSUN;8680001796397;İREM ECZANESİ;SAMSUN DOGU ILCELER - 2;PANOCER;Panocer 40 mg 28 Enterik Kaplı Tablet;10;3;13;1.053;
22.07.2026;ALLIANCE HEALTHCARE;AH SAMSUN;8680001137527;YENİ HASTANE ECZANESİ;SAMSUN DOGU ILCELER - 2;ACİDPASS;Acidpass 10/800/165 mg 12 Çiğneme Tablet;10;1;11;1.122;
22.07.2026;ALLIANCE HEALTHCARE;AH SAMSUN;8680001927760;YENİ ŞİFA ECZANESİ;SAMSUN DOGU ILCELER - 2;PANOCER;Panocer 40 mg 28 Enterik Kaplı Tablet;10;3;13;1.053;
23.07.2026;SELÇUK ECZA DEPOSU;SELÇUK SAMSUN;8680001119424;SÖNMEZ ECZANESİ;SAMSUN DOGU ILCELER - 2;ACİDPASS;Acidpass 10/800/165 mg 12 Çiğneme Tablet;2;0;2;224;
23.07.2026;NEVZAT ECZA DEPOSU;NEVZAT SAMSUN;8680001113194;ONUR ECZANESİ;SAMSUN DOGU ILCELER - 2;PANOCER;Panocer 40 mg 28 Enterik Kaplı Tablet;3;0;3;316;
24.07.2026;SELÇUK ECZA DEPOSU;SELÇUK SAMSUN;8680001113972;DİKBIYIK ECZANESİ;SAMSUN DOGU ILCELER - 2;ACİDPASS;Acidpass 10/800/165 mg 12 Çiğneme Tablet;10;1;11;1.122;
27.07.2026;ALLIANCE HEALTHCARE;AH SAMSUN;8680001132669;KARDELEN ECZANESİ;SAMSUN DOGU ILCELER - 2;ACİDPASS;Acidpass 10/800/165 mg 12 Çiğneme Tablet;3;0;3;337;
27.07.2026;SELÇUK ECZA DEPOSU;SELÇUK SAMSUN;8680001866106;MENTEŞOĞLU ECZANESI;SAMSUN DOGU ILCELER - 2;ACİDPASS;Acidpass 10/800/165 mg 12 Çiğneme Tablet;3;0;3;337;
27.07.2026;NEVZAT ECZA DEPOSU;NEVZAT SAMSUN;8680001113194;ONUR ECZANESİ;SAMSUN DOGU ILCELER - 2;ACİDPASS;Acidpass 10/800/165 mg 6 Çiğneme Tablet;2;0;2;138;
27.07.2026;NEVZAT ECZA DEPOSU;NEVZAT SAMSUN;8680001113194;ONUR ECZANESİ;SAMSUN DOGU ILCELER - 2;ACİDPASS;Acidpass 10/800/165 mg 6 Çiğneme Tablet;1;0;1;69;
27.07.2026;İSTANBUL ECZA KOOP;İSKOOP MERKEZ;8680001113934;ALVER ECZANESİ;SAMSUN DOGU ILCELER - 2;MOKSEFEN;Moksefen 400 mg 7 Film Tablet;10;3;13;1.490;
27.07.2026;İSTANBUL ECZA KOOP;İSKOOP MERKEZ;8680001137527;YENİ HASTANE ECZANESİ;SAMSUN DOGU ILCELER - 2;MOKSEFEN;Moksefen 400 mg 7 Film Tablet;5;1;6;745;
27.07.2026;NEVZAT ECZA DEPOSU;NEVZAT SAMSUN;8680001113194;ONUR ECZANESİ;SAMSUN DOGU ILCELER - 2;PANOCER;Panocer 40 mg 28 Enterik Kaplı Tablet;2;0;2;211;
28.07.2026;SELÇUK ECZA DEPOSU;SELÇUK SAMSUN;8680001137350;METİN ECZANESİ;SAMSUN DOGU ILCELER - 2;ACİDPASS;Acidpass 10/800/165 mg 12 Çiğneme Tablet;3;0;3;337;
28.07.2026;ALLIANCE HEALTHCARE;AH SAMSUN;8680001120628;SEZER ECZANESİ;SAMSUN DOGU ILCELER - 2;PANOCER;Panocer 40 mg 28 Enterik Kaplı Tablet;10;3;13;1.053;
28.07.2026;SELÇUK ECZA DEPOSU;SELÇUK SAMSUN;8680001113972;DİKBIYIK ECZANESİ;SAMSUN DOGU ILCELER - 2;PANOCER;Panocer 40 mg 28 Enterik Kaplı Tablet;10;3;13;1.053;
28.07.2026;ALLIANCE HEALTHCARE;AH SAMSUN;8680001447220;KAYNAK ECZANESİ;SAMSUN DOGU ILCELER - 2;PANOCER;Panocer 40 mg 28 Enterik Kaplı Tablet;165;135;300;17.377;
30.07.2026;ALLIANCE HEALTHCARE;AH SAMSUN;8680001101696;KAVAKDİBİ ECZANESİ;SAMSUN DOGU ILCELER - 2;ACİDPASS;Acidpass 10/800/165 mg 12 Çiğneme Tablet;10;1;11;1.122;
30.07.2026;SELÇUK ECZA DEPOSU;SELÇUK SAMSUN;8680001115365;DEĞİŞİM ECZANESİ;SAMSUN DOGU ILCELER - 2;FAMTREC;Famtrec 800/26,6mg 14 Film Kaplı Tablet;1;0;1;102;
30.07.2026;NEVZAT ECZA DEPOSU;NEVZAT SAMSUN;8680001113194;ONUR ECZANESİ;SAMSUN DOGU ILCELER - 2;PANOCER;Panocer 40 mg 28 Enterik Kaplı Tablet;2;0;2;211;
31.07.2026;ALLIANCE HEALTHCARE;AH SAMSUN;8680001132669;KARDELEN ECZANESİ;SAMSUN DOGU ILCELER - 2;PANOCER;Panocer 40 mg 28 Enterik Kaplı Tablet;50;25;75;5.266;
31.07.2026;SELÇUK ECZA DEPOSU;SELÇUK SAMSUN;8680001880942;DİNÇ ECZANESİ;SAMSUN DOGU ILCELER - 2;PANOCER;Panocer 40 mg 28 Enterik Kaplı Tablet;10;3;13;1.053;
01.07.2026;ALLIANCE HEALTHCARE;AH SAMSUN;8680001489756;HAVZA ŞİFA ECZANESİ;SAMSUN HAVZA+KAVAK+LADIK;ACİDPASS;Acidpass 10/800/165 mg 12 Çiğneme Tablet;10;1;11;1.122;
01.07.2026;ALLIANCE HEALTHCARE;AH SAMSUN;8680001115501;YILMAZ ECZANESİ;SAMSUN HAVZA+KAVAK+LADIK;ACİDPASS;Acidpass 10/800/165 mg 12 Çiğneme Tablet;20;3;23;2.245;
01.07.2026;ALLIANCE HEALTHCARE;AH SAMSUN;8680001124213;GÜVEN ECZANESİ;SAMSUN HAVZA+KAVAK+LADIK;GRİPORT COLD;Griport Cold 20 Film Kaplı Tablet;1;0;1;84;
01.07.2026;ALLIANCE HEALTHCARE;AH SAMSUN;8680001489756;HAVZA ŞİFA ECZANESİ;SAMSUN HAVZA+KAVAK+LADIK;GRİPORT COLD;Griport Cold 20 Film Kaplı Tablet;1;0;1;84;
01.07.2026;SELÇUK ECZA DEPOSU;SELÇUK SAMSUN;8680001651429;KUZEY ECZANESİ;SAMSUN HAVZA+KAVAK+LADIK;MOKSEFEN;Moksefen 400 mg 7 Film Tablet;1;0;1;149;
01.07.2026;ALLIANCE HEALTHCARE;AH SAMSUN;8680001505517;YAŞARDOĞU ECZANESİ;SAMSUN HAVZA+KAVAK+LADIK;PANOCER;Panocer 40 mg 28 Enterik Kaplı Tablet;10;3;13;1.053;
02.07.2026;NEVZAT ECZA DEPOSU;NEVZAT SAMSUN;8680001108084;ONUR ECZANESİ;SAMSUN HAVZA+KAVAK+LADIK;ACİDPASS;Acidpass 10/800/165 mg 12 Çiğneme Tablet;3;0;3;337;
02.07.2026;ALLIANCE HEALTHCARE;AH SAMSUN;8680001123896;AKPINAR ECZANESİ;SAMSUN HAVZA+KAVAK+LADIK;ACİDPASS;Acidpass 10/800/165 mg 12 Çiğneme Tablet;3;0;3;337;
02.07.2026;ALLIANCE HEALTHCARE;AH SAMSUN;8680001731985;YENİ HAVZA ECZANESİ;SAMSUN HAVZA+KAVAK+LADIK;ACİDPASS;Acidpass 10/800/165 mg 12 Çiğneme Tablet;3;0;3;337;
02.07.2026;ALLIANCE HEALTHCARE;AH SAMSUN;8680001731985;YENİ HAVZA ECZANESİ;SAMSUN HAVZA+KAVAK+LADIK;ACİDPASS;Acidpass 10/800/165 mg 6 Çiğneme Tablet;3;0;3;207;
02.07.2026;NEVZAT ECZA DEPOSU;NEVZAT SAMSUN;8680001123759;KARAOĞLAN ECZANESİ;SAMSUN HAVZA+KAVAK+LADIK;PANOCER;Panocer 40 mg 28 Enterik Kaplı Tablet;50;25;75;5.266;
03.07.2026;NEVZAT ECZA DEPOSU;NEVZAT SAMSUN;8680001108084;ONUR ECZANESİ;SAMSUN HAVZA+KAVAK+LADIK;MOKSEFEN;Moksefen 400 mg 7 Film Tablet;5;1;6;745;
03.07.2026;NEVZAT ECZA DEPOSU;NEVZAT SAMSUN;8680001108084;ONUR ECZANESİ;SAMSUN HAVZA+KAVAK+LADIK;PANOCER;Panocer 40 mg 28 Enterik Kaplı Tablet;10;3;13;1.053;
07.07.2026;SELÇUK ECZA DEPOSU;SELÇUK SAMSUN;8680001651429;KUZEY ECZANESİ;SAMSUN HAVZA+KAVAK+LADIK;ACİDPASS;Acidpass 10/800/165 mg 12 Çiğneme Tablet;2;0;2;224;
08.07.2026;ALLIANCE HEALTHCARE;AH SAMSUN;8680001115501;YILMAZ ECZANESİ;SAMSUN HAVZA+KAVAK+LADIK;ACİDPASS;Acidpass 10/800/165 mg 12 Çiğneme Tablet;20;3;23;2.245;
08.07.2026;ALLIANCE HEALTHCARE;AH SAMSUN;8680001123896;AKPINAR ECZANESİ;SAMSUN HAVZA+KAVAK+LADIK;ACİDPASS;Acidpass 10/800/165 mg 12 Çiğneme Tablet;3;0;3;337;
08.07.2026;ALLIANCE HEALTHCARE;AH SAMSUN;8680001112920;OYA ECZANESİ;SAMSUN HAVZA+KAVAK+LADIK;MOKSEFEN;Moksefen 400 mg 7 Film Tablet;20;10;30;2.980;
09.07.2026;ALLIANCE HEALTHCARE;AH SAMSUN;8680001513369;SÜMER ECZANESİ;SAMSUN HAVZA+KAVAK+LADIK;ACİDPASS;Acidpass 10/800/165 mg 12 Çiğneme Tablet;10;1;11;1.122;
10.07.2026;SELÇUK ECZA DEPOSU;SELÇUK SAMSUN;8680001746286;ERTUĞRUL ECZANESİ;SAMSUN HAVZA+KAVAK+LADIK;ACİDPASS;Acidpass 10/800/165 mg 6 Çiğneme Tablet;1;0;1;69;
10.07.2026;NEVZAT ECZA DEPOSU;NEVZAT SAMSUN;8680001101573;KAVAK ECZANESİ;SAMSUN HAVZA+KAVAK+LADIK;MOKSEFEN;Moksefen 400 mg 7 Film Tablet;10;3;13;1.490;
13.07.2026;SELÇUK ECZA DEPOSU;SELÇUK SAMSUN;8680001732821;25 MAYIS ECZANESİ;SAMSUN HAVZA+KAVAK+LADIK;PANOCER;Panocer 40 mg 28 Enterik Kaplı Tablet;10;3;13;1.053;
14.07.2026;ALLIANCE HEALTHCARE;AH SAMSUN;8680001103324;DÖRTYOL ECZANESİ;SAMSUN HAVZA+KAVAK+LADIK;ACİDPASS;Acidpass 10/800/165 mg 12 Çiğneme Tablet;10;1;11;1.122;
14.07.2026;NEVZAT ECZA DEPOSU;NEVZAT SAMSUN;8680001108084;ONUR ECZANESİ;SAMSUN HAVZA+KAVAK+LADIK;ACİDPASS;Acidpass 10/800/165 mg 12 Çiğneme Tablet;5;0;5;561;
14.07.2026;SELÇUK ECZA DEPOSU;SELÇUK SAMSUN;8680001651429;KUZEY ECZANESİ;SAMSUN HAVZA+KAVAK+LADIK;ACİDPASS;Acidpass 10/800/165 mg 12 Çiğneme Tablet;5;0;5;561;
14.07.2026;SELÇUK ECZA DEPOSU;SELÇUK SAMSUN;8680001488490;ALTUNDAĞ ECZANESİ;SAMSUN HAVZA+KAVAK+LADIK;PANOCER;Panocer 40 mg 28 Enterik Kaplı Tablet;10;3;13;1.053;
14.07.2026;ALLIANCE HEALTHCARE;AH SAMSUN;8680001123896;AKPINAR ECZANESİ;SAMSUN HAVZA+KAVAK+LADIK;PANOCER;Panocer 40 mg 28 Enterik Kaplı Tablet;100;60;160;10.531;
16.07.2026;ALLIANCE HEALTHCARE;AH SAMSUN;8680001720385;SÖNMEZ ECZANESİ;SAMSUN HAVZA+KAVAK+LADIK;ACİDPASS;Acidpass 10/800/165 mg 12 Çiğneme Tablet;10;1;11;1.122;
17.07.2026;ALLIANCE HEALTHCARE;AH SAMSUN;8680001731985;YENİ HAVZA ECZANESİ;SAMSUN HAVZA+KAVAK+LADIK;ACİDPASS;Acidpass 10/800/165 mg 12 Çiğneme Tablet;5;0;5;561;
19.07.2026;ALLIANCE HEALTHCARE;AH SAMSUN;8680001505517;YAŞARDOĞU ECZANESİ;SAMSUN HAVZA+KAVAK+LADIK;MOKSEFEN;Moksefen 400 mg 7 Film Tablet;10;3;13;1.490;
20.07.2026;SELÇUK ECZA DEPOSU;SELÇUK SAMSUN;8680001746286;ERTUĞRUL ECZANESİ;SAMSUN HAVZA+KAVAK+LADIK;ACİDPASS;Acidpass 10/800/165 mg 6 Çiğneme Tablet;2;0;2;138;
20.07.2026;ALLIANCE HEALTHCARE;AH SAMSUN;8680001123896;AKPINAR ECZANESİ;SAMSUN HAVZA+KAVAK+LADIK;MOKSEFEN;Moksefen 400 mg 7 Film Tablet;20;10;30;2.980;
20.07.2026;ALLIANCE HEALTHCARE;AH SAMSUN;8680001115501;YILMAZ ECZANESİ;SAMSUN HAVZA+KAVAK+LADIK;PANOCER;Panocer 40 mg 28 Enterik Kaplı Tablet;10;3;13;1.053;
21.07.2026;ALLIANCE HEALTHCARE;AH SAMSUN;8680001505517;YAŞARDOĞU ECZANESİ;SAMSUN HAVZA+KAVAK+LADIK;ACİDPASS;Acidpass 10/800/165 mg 12 Çiğneme Tablet;10;1;11;1.122;
21.07.2026;İSTANBUL ECZA KOOP;İSKOOP MERKEZ;8680001488490;ALTUNDAĞ ECZANESİ;SAMSUN HAVZA+KAVAK+LADIK;PANOCER;Panocer 40 mg 28 Enterik Kaplı Tablet;165;135;300;17.377;
22.07.2026;SELÇUK ECZA DEPOSU;SELÇUK SAMSUN;8680001488490;ALTUNDAĞ ECZANESİ;SAMSUN HAVZA+KAVAK+LADIK;ACİDPASS;Acidpass 10/800/165 mg 12 Çiğneme Tablet;5;0;5;561;
22.07.2026;ALLIANCE HEALTHCARE;AH SAMSUN;8680001112920;OYA ECZANESİ;SAMSUN HAVZA+KAVAK+LADIK;FAMTREC;Famtrec 800/26,6mg 14 Film Kaplı Tablet;1;0;1;102;
22.07.2026;ALLIANCE HEALTHCARE;AH SAMSUN;8680001720385;SÖNMEZ ECZANESİ;SAMSUN HAVZA+KAVAK+LADIK;PANOCER;Panocer 40 mg 28 Enterik Kaplı Tablet;10;3;13;1.053;
23.07.2026;SELÇUK ECZA DEPOSU;SELÇUK SAMSUN;8680001103324;DÖRTYOL ECZANESİ;SAMSUN HAVZA+KAVAK+LADIK;FAMTREC;Famtrec 800/26,6mg 14 Film Kaplı Tablet;2;0;2;204;
24.07.2026;ALLIANCE HEALTHCARE;AH SAMSUN;8680001123759;KARAOĞLAN ECZANESİ;SAMSUN HAVZA+KAVAK+LADIK;ACİDPASS;Acidpass 10/800/165 mg 12 Çiğneme Tablet;5;0;5;561;
24.07.2026;ALLIANCE HEALTHCARE;AH SAMSUN;8680001115501;YILMAZ ECZANESİ;SAMSUN HAVZA+KAVAK+LADIK;ACİDPASS;Acidpass 10/800/165 mg 12 Çiğneme Tablet;20;3;23;2.245;
27.07.2026;ALLIANCE HEALTHCARE;AH SAMSUN;8680001449668;SEDA ECZANESİ;SAMSUN HAVZA+KAVAK+LADIK;ACİDPASS;Acidpass 10/800/165 mg 12 Çiğneme Tablet;1;0;1;112;
28.07.2026;ALLIANCE HEALTHCARE;AH SAMSUN;8680001449668;SEDA ECZANESİ;SAMSUN HAVZA+KAVAK+LADIK;ACİDPASS;Acidpass 10/800/165 mg 12 Çiğneme Tablet;2;0;2;224;
28.07.2026;ALLIANCE HEALTHCARE;AH SAMSUN;8680001449668;SEDA ECZANESİ;SAMSUN HAVZA+KAVAK+LADIK;ACİDPASS;Acidpass 10/800/165 mg 12 Çiğneme Tablet;2;0;2;224;
28.07.2026;SELÇUK ECZA DEPOSU;SELÇUK SAMSUN;8680001732821;25 MAYIS ECZANESİ;SAMSUN HAVZA+KAVAK+LADIK;PANOCER;Panocer 40 mg 28 Enterik Kaplı Tablet;10;3;13;1.053;
29.07.2026;ALLIANCE HEALTHCARE;AH SAMSUN;8680001124213;GÜVEN ECZANESİ;SAMSUN HAVZA+KAVAK+LADIK;ACİDPASS;Acidpass 10/800/165 mg 12 Çiğneme Tablet;5;0;5;561;
30.07.2026;ALLIANCE HEALTHCARE;AH SAMSUN;8680001113002;DENİZ ECZANESİ;SAMSUN HAVZA+KAVAK+LADIK;FAMTREC;Famtrec 800/26,6mg 14 Film Kaplı Tablet;1;0;1;102;
31.07.2026;ALLIANCE HEALTHCARE;AH SAMSUN;8680001418961;LADİK ELİF ECZANESİ;SAMSUN HAVZA+KAVAK+LADIK;FAMTREC;Famtrec 800/26,6mg 14 Film Kaplı Tablet;1;0;1;102;
31.07.2026;ALLIANCE HEALTHCARE;AH SAMSUN;8680001114825;LADİK MUTLU ECZANESİ;SAMSUN HAVZA+KAVAK+LADIK;PANOCER;Panocer 40 mg 28 Enterik Kaplı Tablet;10;3;13;1.053;
01.07.2026;ALLIANCE HEALTHCARE;AH SAMSUN;8680001101177;HALE ECZANESİ;SAMSUN HURRIYET+ZAFER;ACİDPASS;Acidpass 10/800/165 mg 12 Çiğneme Tablet;10;1;11;1.122;
03.07.2026;ALLIANCE HEALTHCARE;AH SAMSUN;8680001465606;RASATHANE ECZANESİ;SAMSUN HURRIYET+ZAFER;ACİDPASS;Acidpass 10/800/165 mg 12 Çiğneme Tablet;5;0;5;561;
06.07.2026;ALLIANCE HEALTHCARE;AH SAMSUN;8680001697663;İSTİKAMET EYLÜL ECZANESİ;SAMSUN HURRIYET+ZAFER;PANOCER;Panocer 40 mg 28 Enterik Kaplı Tablet;10;3;13;1.053;
07.07.2026;SELÇUK ECZA DEPOSU;SELÇUK SAMSUN;8680001141371;PELİN ECZANESİ;SAMSUN HURRIYET+ZAFER;ACİDPASS;Acidpass 10/800/165 mg 12 Çiğneme Tablet;2;0;2;224;
07.07.2026;SELÇUK ECZA DEPOSU;SELÇUK SAMSUN;8680001113842;GAZİ ECZANESİ;SAMSUN HURRIYET+ZAFER;ACİDPASS;Acidpass 10/800/165 mg 12 Çiğneme Tablet;2;0;2;224;
08.07.2026;NEVZAT ECZA DEPOSU;NEVZAT SAMSUN;8680001105021;YILMAZ ECZANESİ;SAMSUN HURRIYET+ZAFER;ACİDPASS;Acidpass 10/800/165 mg 12 Çiğneme Tablet;3;0;3;337;
08.07.2026;ALLIANCE HEALTHCARE;AH SAMSUN;8680001101177;HALE ECZANESİ;SAMSUN HURRIYET+ZAFER;PANOCER;Panocer 40 mg 28 Enterik Kaplı Tablet;5;0;5;527;
09.07.2026;ALLIANCE HEALTHCARE;AH SAMSUN;8680001101047;ERTURAN ECZANESİ;SAMSUN HURRIYET+ZAFER;PANOCER;Panocer 40 mg 28 Enterik Kaplı Tablet;10;3;13;1.053;
10.07.2026;ALLIANCE HEALTHCARE;AH SAMSUN;8680001655007;YENİ LİSE ECZANESİ;SAMSUN HURRIYET+ZAFER;ACİDPASS;Acidpass 10/800/165 mg 12 Çiğneme Tablet;10;1;11;1.122;
11.07.2026;SELÇUK ECZA DEPOSU;SELÇUK SAMSUN;8680001677733;YENİ ÇİFTLİK ECZANESİ;SAMSUN HURRIYET+ZAFER;ACİDPASS;Acidpass 10/800/165 mg 12 Çiğneme Tablet;20;3;23;2.245;
11.07.2026;ALLIANCE HEALTHCARE;AH SAMSUN;8680001101177;HALE ECZANESİ;SAMSUN HURRIYET+ZAFER;MOKSEFEN;Moksefen 400 mg 7 Film Tablet;1;0;1;149;
13.07.2026;ALLIANCE HEALTHCARE;AH SAMSUN;8680001697663;İSTİKAMET EYLÜL ECZANESİ;SAMSUN HURRIYET+ZAFER;ACİDPASS;Acidpass 10/800/165 mg 12 Çiğneme Tablet;20;3;23;2.245;
16.07.2026;ALLIANCE HEALTHCARE;AH SAMSUN;8680001531332;HAYAT ECZANESİ;SAMSUN HURRIYET+ZAFER;ACİDPASS;Acidpass 10/800/165 mg 12 Çiğneme Tablet;-1;0;-1;-112;
16.07.2026;İSTANBUL ECZA KOOP;İSKOOP MERKEZ;8680001531332;HAYAT ECZANESİ;SAMSUN HURRIYET+ZAFER;ACİDPASS;Acidpass 10/800/165 mg 12 Çiğneme Tablet;-2;0;-2;-224;
16.07.2026;ALLIANCE HEALTHCARE;AH SAMSUN;8680001655007;YENİ LİSE ECZANESİ;SAMSUN HURRIYET+ZAFER;ACİDPASS;Acidpass 10/800/165 mg 12 Çiğneme Tablet;3;0;3;337;
18.07.2026;ALLIANCE HEALTHCARE;AH SAMSUN;8680001101177;HALE ECZANESİ;SAMSUN HURRIYET+ZAFER;ACİDPASS;Acidpass 10/800/165 mg 12 Çiğneme Tablet;3;0;3;337;
19.07.2026;SELÇUK ECZA DEPOSU;SELÇUK SAMSUN;8680001630158;SEÇİL ECZANESİ;SAMSUN HURRIYET+ZAFER;PANOCER;Panocer 40 mg 28 Enterik Kaplı Tablet;1;0;1;105;
20.07.2026;SELÇUK ECZA DEPOSU;SELÇUK SAMSUN;8680001630158;SEÇİL ECZANESİ;SAMSUN HURRIYET+ZAFER;PANOCER;Panocer 40 mg 28 Enterik Kaplı Tablet;2;0;2;211;
21.07.2026;ALLIANCE HEALTHCARE;AH SAMSUN;8680001101177;HALE ECZANESİ;SAMSUN HURRIYET+ZAFER;ACİDPASS;Acidpass 10/800/165 mg 12 Çiğneme Tablet;5;0;5;561;
22.07.2026;NEVZAT ECZA DEPOSU;NEVZAT SAMSUN;8680001105021;YILMAZ ECZANESİ;SAMSUN HURRIYET+ZAFER;ACİDPASS;Acidpass 10/800/165 mg 12 Çiğneme Tablet;10;1;11;1.122;
23.07.2026;ALLIANCE HEALTHCARE;AH SAMSUN;8680001465606;RASATHANE ECZANESİ;SAMSUN HURRIYET+ZAFER;ACİDPASS;Acidpass 10/800/165 mg 12 Çiğneme Tablet;3;0;3;337;
25.07.2026;NEVZAT ECZA DEPOSU;NEVZAT SAMSUN;8680001119028;ÇEVRE ECZANESİ;SAMSUN HURRIYET+ZAFER;MOKSEFEN;Moksefen 400 mg 7 Film Tablet;10;3;13;1.490;
29.07.2026;SELÇUK ECZA DEPOSU;SELÇUK SAMSUN;8680001677733;YENİ ÇİFTLİK ECZANESİ;SAMSUN HURRIYET+ZAFER;PANOCER;Panocer 40 mg 28 Enterik Kaplı Tablet;30;12;42;3.159;
01.07.2026;ALLIANCE HEALTHCARE;AH SAMSUN;8680001139415;KETENCİ ECZANESİ;SAMSUN ILKADIM - 2;PANOCER;Panocer 40 mg 28 Enterik Kaplı Tablet;3;0;3;316;
01.07.2026;SELÇUK ECZA DEPOSU;SELÇUK SAMSUN;8680001108961;DOĞA ECZANESİ;SAMSUN ILKADIM - 2;PANOCER;Panocer 40 mg 28 Enterik Kaplı Tablet;10;3;13;1.053;
02.07.2026;ALLIANCE HEALTHCARE;AH SAMSUN;8680001116980;HANDE ECZANESİ;SAMSUN ILKADIM - 2;ACİDPASS;Acidpass 10/800/165 mg 12 Çiğneme Tablet;10;1;11;1.122;
02.07.2026;ALLIANCE HEALTHCARE;AH SAMSUN;8680001118571;İLKADIM ECZANESİ;SAMSUN ILKADIM - 2;ACİDPASS;Acidpass 10/800/165 mg 12 Çiğneme Tablet;3;0;3;337;
03.07.2026;SELÇUK ECZA DEPOSU;SELÇUK SAMSUN;8680001114238;KALKANCA ECZANESİ;SAMSUN ILKADIM - 2;ACİDPASS;Acidpass 10/800/165 mg 12 Çiğneme Tablet;50;15;65;5.612;
03.07.2026;SELÇUK ECZA DEPOSU;SELÇUK SAMSUN;8680001492596;DÜNYA ECZANESİ;SAMSUN ILKADIM - 2;MOKSEFEN;Moksefen 400 mg 7 Film Tablet;5;1;6;745;
04.07.2026;SELÇUK ECZA DEPOSU;SELÇUK SAMSUN;8680001865581;YONCA ECZNESİ;SAMSUN ILKADIM - 2;ACİDPASS;Acidpass 10/800/165 mg 6 Çiğneme Tablet;3;0;3;207;
05.07.2026;ALLIANCE HEALTHCARE;AH SAMSUN;8680001101153;CEDİT ECZANESİ;SAMSUN ILKADIM - 2;ACİDPASS;Acidpass 10/800/165 mg 12 Çiğneme Tablet;10;1;11;1.122;
06.07.2026;ALLIANCE HEALTHCARE;AH SAMSUN;8680001839889;YENİ KOLBAKIR ECZANESİ;SAMSUN ILKADIM - 2;PANOCER;Panocer 40 mg 28 Enterik Kaplı Tablet;10;3;13;1.053;
07.07.2026;ALLIANCE HEALTHCARE;AH SAMSUN;8680001504008;ESRA ECZANESİ;SAMSUN ILKADIM - 2;ACİDPASS;Acidpass 10/800/165 mg 12 Çiğneme Tablet;2;0;2;224;
08.07.2026;SELÇUK ECZA DEPOSU;SELÇUK SAMSUN;8680001118199;KARADAĞLI ECZANESİ;SAMSUN ILKADIM - 2;PANOCER;Panocer 40 mg 28 Enterik Kaplı Tablet;5;0;5;527;
09.07.2026;ALLIANCE HEALTHCARE;AH SAMSUN;8680001111312;İRFAN ECZANESİ;SAMSUN ILKADIM - 2;ACİDPASS;Acidpass 10/800/165 mg 12 Çiğneme Tablet;10;1;11;1.122;
10.07.2026;İSTANBUL ECZA KOOP;İSKOOP MERKEZ;8680001117963;KADIFEKALE ECZANESİ;SAMSUN ILKADIM - 2;ACİDPASS;Acidpass 10/800/165 mg 12 Çiğneme Tablet;20;3;23;2.245;
12.07.2026;ALLIANCE HEALTHCARE;AH SAMSUN;8680001139415;KETENCİ ECZANESİ;SAMSUN ILKADIM - 2;MOKSEFEN;Moksefen 400 mg 7 Film Tablet;5;1;6;745;
13.07.2026;SELÇUK ECZA DEPOSU;SELÇUK SAMSUN;8680001184149;ÖZKAYA ECZANESİ;SAMSUN ILKADIM - 2;ACİDPASS;Acidpass 10/800/165 mg 6 Çiğneme Tablet;3;0;3;207;
13.07.2026;ALLIANCE HEALTHCARE;AH SAMSUN;8680001139415;KETENCİ ECZANESİ;SAMSUN ILKADIM - 2;ACİDPASS;Acidpass 10/800/165 mg 6 Çiğneme Tablet;5;0;5;344;
13.07.2026;ALLIANCE HEALTHCARE;AH SAMSUN;8680001839889;YENİ KOLBAKIR ECZANESİ;SAMSUN ILKADIM - 2;GRİPORT COLD;Griport Cold 20 Film Kaplı Tablet;2;0;2;168;
13.07.2026;ALLIANCE HEALTHCARE;AH SAMSUN;8680001340880;ÇAĞLA ECZANESİ;SAMSUN ILKADIM - 2;PANOCER;Panocer 40 mg 28 Enterik Kaplı Tablet;30;12;42;3.159;
14.07.2026;SELÇUK ECZA DEPOSU;SELÇUK SAMSUN;8680001110087;SEDEF ECZANESİ;SAMSUN ILKADIM - 2;ACİDPASS;Acidpass 10/800/165 mg 12 Çiğneme Tablet;50;15;65;5.612;
14.07.2026;ALLIANCE HEALTHCARE;AH SAMSUN;8680001839889;YENİ KOLBAKIR ECZANESİ;SAMSUN ILKADIM - 2;ACİDPASS;Acidpass 10/800/165 mg 12 Çiğneme Tablet;1;0;1;112;
16.07.2026;ALLIANCE HEALTHCARE;AH SAMSUN;8680001101153;CEDİT ECZANESİ;SAMSUN ILKADIM - 2;ACİDPASS;Acidpass 10/800/165 mg 12 Çiğneme Tablet;5;0;5;561;
17.07.2026;SELÇUK ECZA DEPOSU;SELÇUK SAMSUN;8680001108961;DOĞA ECZANESİ;SAMSUN ILKADIM - 2;ACİDPASS;Acidpass 10/800/165 mg 12 Çiğneme Tablet;2;0;2;224;
17.07.2026;ALLIANCE HEALTHCARE;AH SAMSUN;8680001504008;ESRA ECZANESİ;SAMSUN ILKADIM - 2;ACİDPASS;Acidpass 10/800/165 mg 12 Çiğneme Tablet;10;1;11;1.122;
17.07.2026;NEVZAT ECZA DEPOSU;NEVZAT SAMSUN;8680001129317;ÇATALARMUT ECZANESİ;SAMSUN ILKADIM - 2;ACİDPASS;Acidpass 10/800/165 mg 12 Çiğneme Tablet;2;0;2;224;
17.07.2026;ALLIANCE HEALTHCARE;AH SAMSUN;8680001108961;DOĞA ECZANESİ;SAMSUN ILKADIM - 2;PANOCER;Panocer 40 mg 28 Enterik Kaplı Tablet;10;3;13;1.053;
17.07.2026;ALLIANCE HEALTHCARE;AH SAMSUN;8680001118571;İLKADIM ECZANESİ;SAMSUN ILKADIM - 2;PANOCER;Panocer 40 mg 28 Enterik Kaplı Tablet;3;0;3;316;
20.07.2026;SELÇUK ECZA DEPOSU;SELÇUK SAMSUN;8680001110810;FULYA ECZANESİ;SAMSUN ILKADIM - 2;ACİDPASS;Acidpass 10/800/165 mg 12 Çiğneme Tablet;20;3;23;2.245;
20.07.2026;ALLIANCE HEALTHCARE;AH SAMSUN;8680001118199;KARADAĞLI ECZANESİ;SAMSUN ILKADIM - 2;PANOCER;Panocer 40 mg 28 Enterik Kaplı Tablet;3;0;3;316;
20.07.2026;İSTANBUL ECZA KOOP;İSKOOP MERKEZ;8680001112258;EDA ECZANESİ;SAMSUN ILKADIM - 2;PANOCER;Panocer 40 mg 28 Enterik Kaplı Tablet;10;3;13;1.053;
21.07.2026;SELÇUK ECZA DEPOSU;SELÇUK SAMSUN;8680001101153;CEDİT ECZANESİ;SAMSUN ILKADIM - 2;ACİDPASS;Acidpass 10/800/165 mg 12 Çiğneme Tablet;20;3;23;2.245;
22.07.2026;ALLIANCE HEALTHCARE;AH SAMSUN;8680001118571;İLKADIM ECZANESİ;SAMSUN ILKADIM - 2;ACİDPASS;Acidpass 10/800/165 mg 12 Çiğneme Tablet;5;0;5;561;
22.07.2026;NEVZAT ECZA DEPOSU;NEVZAT SAMSUN;8680001689200;MELETLİ ECZANESİ;SAMSUN ILKADIM - 2;ACİDPASS;Acidpass 10/800/165 mg 12 Çiğneme Tablet;10;1;11;1.122;
24.07.2026;NEVZAT ECZA DEPOSU;NEVZAT SAMSUN;8680001129317;ÇATALARMUT ECZANESİ;SAMSUN ILKADIM - 2;ACİDPASS;Acidpass 10/800/165 mg 12 Çiğneme Tablet;10;1;11;1.122;
24.07.2026;ALLIANCE HEALTHCARE;AH SAMSUN;8680001116980;HANDE ECZANESİ;SAMSUN ILKADIM - 2;PANOCER;Panocer 40 mg 28 Enterik Kaplı Tablet;2;0;2;211;
24.07.2026;ALLIANCE HEALTHCARE;AH SAMSUN;8680001118571;İLKADIM ECZANESİ;SAMSUN ILKADIM - 2;PANOCER;Panocer 40 mg 28 Enterik Kaplı Tablet;10;3;13;1.053;
25.07.2026;ALLIANCE HEALTHCARE;AH SAMSUN;8680001101153;CEDİT ECZANESİ;SAMSUN ILKADIM - 2;PANOCER;Panocer 40 mg 28 Enterik Kaplı Tablet;10;3;13;1.053;
25.07.2026;İSTANBUL ECZA KOOP;İSKOOP MERKEZ;8680001113477;DEREKÖY MUŞTA ECZANESİ;SAMSUN ILKADIM - 2;PANOCER;Panocer 40 mg 28 Enterik Kaplı Tablet;10;3;13;1.053;
27.07.2026;ALLIANCE HEALTHCARE;AH SAMSUN;8680001108961;DOĞA ECZANESİ;SAMSUN ILKADIM - 2;ACİDPASS;Acidpass 10/800/165 mg 12 Çiğneme Tablet;2;0;2;224;
28.07.2026;ALLIANCE HEALTHCARE;AH SAMSUN;8680001492596;DÜNYA ECZANESİ;SAMSUN ILKADIM - 2;ACİDPASS;Acidpass 10/800/165 mg 12 Çiğneme Tablet;10;1;11;1.122;
28.07.2026;SELÇUK ECZA DEPOSU;SELÇUK SAMSUN;8680001110087;SEDEF ECZANESİ;SAMSUN ILKADIM - 2;PANOCER;Panocer 40 mg 28 Enterik Kaplı Tablet;30;12;42;3.159;
29.07.2026;ALLIANCE HEALTHCARE;AH SAMSUN;8680001116980;HANDE ECZANESİ;SAMSUN ILKADIM - 2;ACİDPASS;Acidpass 10/800/165 mg 12 Çiğneme Tablet;10;1;11;1.122;
29.07.2026;ALLIANCE HEALTHCARE;AH SAMSUN;8680001116980;HANDE ECZANESİ;SAMSUN ILKADIM - 2;PANOCER;Panocer 40 mg 14 Enterik Kaplı Tablet;1;0;1;81;
29.07.2026;SELÇUK ECZA DEPOSU;SELÇUK SAMSUN;8680001492596;DÜNYA ECZANESİ;SAMSUN ILKADIM - 2;PANOCER;Panocer 40 mg 28 Enterik Kaplı Tablet;10;3;13;1.053;
09.07.2026;ALLIANCE HEALTHCARE;AH SAMSUN;8680001109753;CUMHURİYET ECZANESİ;SAMSUN KALE;ACİDPASS;Acidpass 10/800/165 mg 12 Çiğneme Tablet;10;1;11;1.122;
14.07.2026;SELÇUK ECZA DEPOSU;SELÇUK SAMSUN;8680001137046;ENGİN ECZANESİ;SAMSUN KALE;ACİDPASS;Acidpass 10/800/165 mg 12 Çiğneme Tablet;2;0;2;224;
22.07.2026;SELÇUK ECZA DEPOSU;SELÇUK SAMSUN;8680001137046;ENGİN ECZANESİ;SAMSUN KALE;ACİDPASS;Acidpass 10/800/165 mg 12 Çiğneme Tablet;3;0;3;337;
23.07.2026;ALLIANCE HEALTHCARE;AH SAMSUN;8680001114030;MECİDİYE ECZANESİ;SAMSUN KALE;PANOCER;Panocer 40 mg 28 Enterik Kaplı Tablet;10;3;13;1.053;
30.07.2026;ALLIANCE HEALTHCARE;AH SAMSUN;8680001109753;CUMHURİYET ECZANESİ;SAMSUN KALE;PANOCER;Panocer 40 mg 14 Enterik Kaplı Tablet;2;0;2;162;
31.07.2026;ALLIANCE HEALTHCARE;AH SAMSUN;8680001109753;CUMHURİYET ECZANESİ;SAMSUN KALE;ACİDPASS;Acidpass 10/800/165 mg 12 Çiğneme Tablet;10;1;11;1.122;
01.07.2026;ALLIANCE HEALTHCARE;AH SAMSUN;8680001631971;NAR ECZANESİ;SAMSUN PAZAR;ACİDPASS;Acidpass 10/800/165 mg 12 Çiğneme Tablet;2;0;2;224;
06.07.2026;ALLIANCE HEALTHCARE;AH SAMSUN;8680001631971;NAR ECZANESİ;SAMSUN PAZAR;ACİDPASS;Acidpass 10/800/165 mg 12 Çiğneme Tablet;2;0;2;224;
06.07.2026;ALLIANCE HEALTHCARE;AH SAMSUN;8680001144983;GAZİLER ECZANESİ;SAMSUN PAZAR;ACİDPASS;Acidpass 10/800/165 mg 6 Çiğneme Tablet;10;1;11;689;
09.07.2026;ALLIANCE HEALTHCARE;AH SAMSUN;8680001631971;NAR ECZANESİ;SAMSUN PAZAR;ACİDPASS;Acidpass 10/800/165 mg 12 Çiğneme Tablet;2;0;2;224;
09.07.2026;SELÇUK ECZA DEPOSU;SELÇUK SAMSUN;8680001114788;YEŞİM ECZANESİ;SAMSUN PAZAR;MOKSEFEN;Moksefen 400 mg 7 Film Tablet;5;1;6;745;
10.07.2026;ALLIANCE HEALTHCARE;AH SAMSUN;8680001109463;ÖZLEM ECZANESİ;SAMSUN PAZAR;PANOCER;Panocer 40 mg 28 Enterik Kaplı Tablet;5;0;5;527;
20.07.2026;NEVZAT ECZA DEPOSU;NEVZAT SAMSUN;8680001114788;YEŞİM ECZANESİ;SAMSUN PAZAR;ACİDPASS;Acidpass 10/800/165 mg 12 Çiğneme Tablet;2;0;2;224;
28.07.2026;ALLIANCE HEALTHCARE;AH SAMSUN;8680001482184;YENİ SUBAŞI ECZANESİ;SAMSUN PAZAR;ACİDPASS;Acidpass 10/800/165 mg 12 Çiğneme Tablet;3;0;3;337;
29.07.2026;SELÇUK ECZA DEPOSU;SELÇUK SAMSUN;8680001114788;YEŞİM ECZANESİ;SAMSUN PAZAR;ACİDPASS;Acidpass 10/800/165 mg 12 Çiğneme Tablet;2;0;2;224;
30.07.2026;ALLIANCE HEALTHCARE;AH SAMSUN;8680001144983;GAZİLER ECZANESİ;SAMSUN PAZAR;MOKSEFEN;Moksefen 400 mg 7 Film Tablet;5;1;6;745;
31.07.2026;SELÇUK ECZA DEPOSU;SELÇUK SAMSUN;8680001114788;YEŞİM ECZANESİ;SAMSUN PAZAR;ACİDPASS;Acidpass 10/800/165 mg 12 Çiğneme Tablet;2;0;2;224;
01.07.2026;İSTANBUL ECZA KOOP;İSKOOP MERKEZ;8680001118281;BENEK ECZANESİ;SAMSUN RASATHANE;GRİPORT COLD;Griport Cold 20 Film Kaplı Tablet;6;1;7;505;
01.07.2026;SELÇUK ECZA DEPOSU;SELÇUK SAMSUN;8680001554423;BAŞARAN ECZANESİ;SAMSUN RASATHANE;MOKSEFEN;Moksefen 400 mg 7 Film Tablet;10;3;13;1.490;
03.07.2026;NEVZAT ECZA DEPOSU;NEVZAT SAMSUN;8680001112050;TÜRKER ECZANESİ;SAMSUN RASATHANE;PANOCER;Panocer 40 mg 28 Enterik Kaplı Tablet;10;3;13;1.053;
06.07.2026;SELÇUK ECZA DEPOSU;SELÇUK SAMSUN;8680001122042;MUMCU ECZANESİ;SAMSUN RASATHANE;ACİDPASS;Acidpass 10/800/165 mg 12 Çiğneme Tablet;1;0;1;112;
06.07.2026;SELÇUK ECZA DEPOSU;SELÇUK SAMSUN;8680001484652;UYSAL ECZANESİ;SAMSUN RASATHANE;PANOCER;Panocer 40 mg 14 Enterik Kaplı Tablet;1;0;1;81;
07.07.2026;ALLIANCE HEALTHCARE;AH SAMSUN;8680001706402;AĞABALI ECZANESİ;SAMSUN RASATHANE;ACİDPASS;Acidpass 10/800/165 mg 12 Çiğneme Tablet;3;0;3;337;
07.07.2026;ALLIANCE HEALTHCARE;AH SAMSUN;8680001112050;TÜRKER ECZANESİ;SAMSUN RASATHANE;GRİPORT COLD;Griport Cold 20 Film Kaplı Tablet;12;4;16;1.010;
08.07.2026;ALLIANCE HEALTHCARE;AH SAMSUN;8680001547227;ALBAYRAK ECZANESİ;SAMSUN RASATHANE;PANOCER;Panocer 40 mg 28 Enterik Kaplı Tablet;10;3;13;1.053;
09.07.2026;İSTANBUL ECZA KOOP;İSKOOP MERKEZ;8680001108756;ÖMER ECZANESİ;SAMSUN RASATHANE;ACİDPASS;Acidpass 10/800/165 mg 12 Çiğneme Tablet;3;0;3;337;
09.07.2026;ALLIANCE HEALTHCARE;AH SAMSUN;8680001547227;ALBAYRAK ECZANESİ;SAMSUN RASATHANE;ACİDPASS;Acidpass 10/800/165 mg 12 Çiğneme Tablet;10;1;11;1.122;
09.07.2026;ALLIANCE HEALTHCARE;AH SAMSUN;8680001138227;NOYAN ECZANESİ;SAMSUN RASATHANE;ACİDPASS;Acidpass 10/800/165 mg 6 Çiğneme Tablet;1;0;1;69;
09.07.2026;ALLIANCE HEALTHCARE;AH SAMSUN;8680001716036;TOKİLER ECZANESİ;SAMSUN RASATHANE;MOKSEFEN;Moksefen 400 mg 7 Film Tablet;2;0;2;298;
10.07.2026;ALLIANCE HEALTHCARE;AH SAMSUN;8680001339549;SİTE ECZANESİ;SAMSUN RASATHANE;ACİDPASS;Acidpass 10/800/165 mg 12 Çiğneme Tablet;20;3;23;2.245;
13.07.2026;ALLIANCE HEALTHCARE;AH SAMSUN;8680001495306;DENİZCİ ECZANESİ;SAMSUN RASATHANE;ACİDPASS;Acidpass 10/800/165 mg 12 Çiğneme Tablet;2;0;2;224;
13.07.2026;SELÇUK ECZA DEPOSU;SELÇUK SAMSUN;8680001132027;BULVAR ECZANESİ;SAMSUN RASATHANE;ACİDPASS;Acidpass 10/800/165 mg 12 Çiğneme Tablet;10;1;11;1.122;
13.07.2026;İSTANBUL ECZA KOOP;İSKOOP MERKEZ;8680001105212;MEYDAN ECZANESİ;SAMSUN RASATHANE;ACİDPASS;Acidpass 10/800/165 mg 12 Çiğneme Tablet;10;1;11;1.122;
13.07.2026;İSTANBUL ECZA KOOP;İSKOOP MERKEZ;8680001715084;ALTINAY ECZANESİ;SAMSUN RASATHANE;MOKSEFEN;Moksefen 400 mg 7 Film Tablet;20;10;30;2.980;
14.07.2026;ALLIANCE HEALTHCARE;AH SAMSUN;8680001642045;OKAN ECZANESİ;SAMSUN RASATHANE;ACİDPASS;Acidpass 10/800/165 mg 6 Çiğneme Tablet;2;0;2;138;
14.07.2026;ALLIANCE HEALTHCARE;AH SAMSUN;8680001339549;SİTE ECZANESİ;SAMSUN RASATHANE;PANOCER;Panocer 40 mg 28 Enterik Kaplı Tablet;165;135;300;17.377;
16.07.2026;İSTANBUL ECZA KOOP;İSKOOP MERKEZ;8680001715084;ALTINAY ECZANESİ;SAMSUN RASATHANE;ACİDPASS;Acidpass 10/800/165 mg 12 Çiğneme Tablet;1;0;1;112;
17.07.2026;SELÇUK ECZA DEPOSU;SELÇUK SAMSUN;8680001104048;ALTINKUM ECZANESİ;SAMSUN RASATHANE;PANOCER;Panocer 40 mg 28 Enterik Kaplı Tablet;5;0;5;527;
24.07.2026;ALLIANCE HEALTHCARE;AH SAMSUN;8680001138227;NOYAN ECZANESİ;SAMSUN RASATHANE;ACİDPASS;Acidpass 10/800/165 mg 12 Çiğneme Tablet;2;0;2;224;
27.07.2026;ALLIANCE HEALTHCARE;AH SAMSUN;8680001121106;FİGENLER ECZANESİ;SAMSUN RASATHANE;PANOCER;Panocer 40 mg 28 Enterik Kaplı Tablet;10;3;13;1.053;
29.07.2026;İSTANBUL ECZA KOOP;İSKOOP MERKEZ;8680001181469;ANNELER PARKI ECZANESİ;SAMSUN RASATHANE;GRİPORT COLD;Griport Cold 20 Film Kaplı Tablet;-9;-1;-10;-757;
29.07.2026;SELÇUK ECZA DEPOSU;SELÇUK SAMSUN;8680001484652;UYSAL ECZANESİ;SAMSUN RASATHANE;PANOCER;Panocer 40 mg 14 Enterik Kaplı Tablet;2;0;2;162;
31.07.2026;İSTANBUL ECZA KOOP;İSKOOP MERKEZ;8680001104178;AYTAÇ ECZANESİ;SAMSUN RASATHANE;ACİDPASS;Acidpass 10/800/165 mg 6 Çiğneme Tablet;1;0;1;69;
31.07.2026;ALLIANCE HEALTHCARE;AH SAMSUN;8680001108756;ÖMER ECZANESİ;SAMSUN RASATHANE;PANOCER;Panocer 40 mg 28 Enterik Kaplı Tablet;5;0;5;527;
02.07.2026;ALLIANCE HEALTHCARE;AH SAMSUN;8680001109111;SIHHAT ECZANESİ;SAMSUN TERME;ACİDPASS;Acidpass 10/800/165 mg 12 Çiğneme Tablet;10;1;11;1.122;
02.07.2026;ALLIANCE HEALTHCARE;AH SAMSUN;8680001491445;KANDAZ ECZANESİ;SAMSUN TERME;FAMTREC;Famtrec 800/26,6mg 14 Film Kaplı Tablet;10;2;12;1.022;
02.07.2026;ALLIANCE HEALTHCARE;AH SAMSUN;8680001112340;KARADENİZ ECZANESİ;SAMSUN TERME;FAMTREC;Famtrec 800/26,6mg 14 Film Kaplı Tablet;10;2;12;1.022;
03.07.2026;ALLIANCE HEALTHCARE;AH SAMSUN;8680001446223;AKALIN ECZANESİ;SAMSUN TERME;GRİPORT COLD;Griport Cold 20 Film Kaplı Tablet;60;40;100;5.049;
03.07.2026;ALLIANCE HEALTHCARE;AH SAMSUN;8680001487905;TERME ECZANESİ;SAMSUN TERME;MOKSEFEN;Moksefen 400 mg 7 Film Tablet;20;10;30;2.980;
03.07.2026;SELÇUK ECZA DEPOSU;SELÇUK SAMSUN;8680001422784;SAĞLIK ECZANESİ;SAMSUN TERME;MOKSEFEN;Moksefen 400 mg 7 Film Tablet;20;10;30;2.980;
06.07.2026;SELÇUK ECZA DEPOSU;SELÇUK SAMSUN;8680001133086;ÇAĞDAŞ ECZANESİ;SAMSUN TERME;GRİPORT COLD;Griport Cold 20 Film Kaplı Tablet;1;0;1;84;
08.07.2026;ALLIANCE HEALTHCARE;AH SAMSUN;8680001118144;SÖĞÜTLÜ ECZANESİ;SAMSUN TERME;ACİDPASS;Acidpass 10/800/165 mg 12 Çiğneme Tablet;4;0;4;449;
10.07.2026;ALLIANCE HEALTHCARE;AH SAMSUN;8680001118779;SABUNCU ECZANESİ;SAMSUN TERME;GRİPORT COLD;Griport Cold 20 Film Kaplı Tablet;6;1;7;505;
10.07.2026;NEVZAT ECZA DEPOSU;NEVZAT SAMSUN;8680001118779;SABUNCU ECZANESİ;SAMSUN TERME;PANOCER;Panocer 40 mg 28 Enterik Kaplı Tablet;10;3;13;1.053;
13.07.2026;NEVZAT ECZA DEPOSU;NEVZAT SAMSUN;8680001109111;SIHHAT ECZANESİ;SAMSUN TERME;GRİPORT COLD;Griport Cold 20 Film Kaplı Tablet;12;4;16;1.010;
14.07.2026;ALLIANCE HEALTHCARE;AH SAMSUN;8680001605620;ELMAS ECZANESİ;SAMSUN TERME;GRİPORT COLD;Griport Cold 20 Film Kaplı Tablet;6;1;7;505;
14.07.2026;ALLIANCE HEALTHCARE;AH SAMSUN;8680001118144;SÖĞÜTLÜ ECZANESİ;SAMSUN TERME;MOKSEFEN;Moksefen 400 mg 7 Film Tablet;5;1;6;745;
15.07.2026;İSTANBUL ECZA KOOP;İSKOOP MERKEZ;8680001118779;SABUNCU ECZANESİ;SAMSUN TERME;GRİPORT COLD;Griport Cold 20 Film Kaplı Tablet;6;1;7;505;
16.07.2026;SELÇUK ECZA DEPOSU;SELÇUK SAMSUN;8680001133086;ÇAĞDAŞ ECZANESİ;SAMSUN TERME;GRİPORT COLD;Griport Cold 20 Film Kaplı Tablet;6;1;7;505;
21.07.2026;ALLIANCE HEALTHCARE;AH SAMSUN;8680001118779;SABUNCU ECZANESİ;SAMSUN TERME;GRİPORT COLD;Griport Cold 20 Film Kaplı Tablet;12;4;16;1.010;
21.07.2026;ALLIANCE HEALTHCARE;AH SAMSUN;8680001605620;ELMAS ECZANESİ;SAMSUN TERME;PANOCER;Panocer 40 mg 14 Enterik Kaplı Tablet;1;0;1;81;
23.07.2026;NEVZAT ECZA DEPOSU;NEVZAT SAMSUN;8680001118779;SABUNCU ECZANESİ;SAMSUN TERME;MOKSEFEN;Moksefen 400 mg 7 Film Tablet;10;3;13;1.490;
24.07.2026;ALLIANCE HEALTHCARE;AH SAMSUN;8680001732302;EVCİ ECZANESİ;SAMSUN TERME;ACİDPASS;Acidpass 10/800/165 mg 12 Çiğneme Tablet;10;1;11;1.122;
24.07.2026;İSTANBUL ECZA KOOP;İSKOOP MERKEZ;8680001732302;EVCİ ECZANESİ;SAMSUN TERME;PANOCER;Panocer 40 mg 28 Enterik Kaplı Tablet;50;25;75;5.266;
25.07.2026;SELÇUK ECZA DEPOSU;SELÇUK SAMSUN;8680001605620;ELMAS ECZANESİ;SAMSUN TERME;PANOCER;Panocer 40 mg 28 Enterik Kaplı Tablet;30;12;42;3.159;
27.07.2026;ALLIANCE HEALTHCARE;AH SAMSUN;8680001127153;SARAY ECZANESİ;SAMSUN TERME;MOKSEFEN;Moksefen 400 mg 7 Film Tablet;5;1;6;745;
28.07.2026;SELÇUK ECZA DEPOSU;SELÇUK SAMSUN;8680001133086;ÇAĞDAŞ ECZANESİ;SAMSUN TERME;PANOCER;Panocer 40 mg 28 Enterik Kaplı Tablet;10;3;13;1.053;
29.07.2026;ALLIANCE HEALTHCARE;AH SAMSUN;8680001118144;SÖĞÜTLÜ ECZANESİ;SAMSUN TERME;ACİDPASS;Acidpass 10/800/165 mg 12 Çiğneme Tablet;10;1;11;1.122;
30.07.2026;ALLIANCE HEALTHCARE;AH SAMSUN;8680001103492;ANADOL ECZANESİ;SAMSUN TERME;PANOCER;Panocer 40 mg 28 Enterik Kaplı Tablet;2;0;2;211;
31.07.2026;ALLIANCE HEALTHCARE;AH SAMSUN;8680001543823;TEBESSÜM ECZANESİ;SAMSUN TERME;ACİDPASS;Acidpass 10/800/165 mg 12 Çiğneme Tablet;1;0;1;112;
02.07.2026;SELÇUK ECZA DEPOSU;SELÇUK SAMSUN;8680001114375;GÜNGÖRMÜŞ ECZANESİ;SAMSUN ULUGAZI;ACİDPASS;Acidpass 10/800/165 mg 12 Çiğneme Tablet;1;0;1;112;
06.07.2026;SELÇUK ECZA DEPOSU;SELÇUK SAMSUN;8680001114375;GÜNGÖRMÜŞ ECZANESİ;SAMSUN ULUGAZI;GRİPORT COLD;Griport Cold 20 Film Kaplı Tablet;2;0;2;168;
22.07.2026;SELÇUK ECZA DEPOSU;SELÇUK SAMSUN;8680001114375;GÜNGÖRMÜŞ ECZANESİ;SAMSUN ULUGAZI;GRİPORT COLD;Griport Cold 20 Film Kaplı Tablet;1;0;1;84;
23.07.2026;SELÇUK ECZA DEPOSU;SELÇUK SAMSUN;8680001104079;GÜNBEYAZ ECZANESİ;SAMSUN ULUGAZI;ACİDPASS;Acidpass 10/800/165 mg 12 Çiğneme Tablet;2;0;2;224;
23.07.2026;ALLIANCE HEALTHCARE;AH SAMSUN;8680001101092;BEKTAŞ ECZANESİ;SAMSUN ULUGAZI;PANOCER;Panocer 40 mg 28 Enterik Kaplı Tablet;30;12;42;3.159;
24.07.2026;SELÇUK ECZA DEPOSU;SELÇUK SAMSUN;8680001669493;SIRIM ECZANESİ;SAMSUN ULUGAZI;PANOCER;Panocer 40 mg 28 Enterik Kaplı Tablet;50;25;75;5.266;
01.07.2026;ALLIANCE HEALTHCARE;AH SAMSUN;8680001491865;GÜLDEN ECZANESİ;SAMSUN VEZIRKOPRU;ACİDPASS;Acidpass 10/800/165 mg 12 Çiğneme Tablet;20;3;23;2.245;
01.07.2026;ALLIANCE HEALTHCARE;AH SAMSUN;8680001121021;PARK ECZANESİ;SAMSUN VEZIRKOPRU;ACİDPASS;Acidpass 10/800/165 mg 12 Çiğneme Tablet;20;3;23;2.245;
01.07.2026;SELÇUK ECZA DEPOSU;SELÇUK SAMSUN;8680001521111;YENİ ECZANESİ;SAMSUN VEZIRKOPRU;ACİDPASS;Acidpass 10/800/165 mg 12 Çiğneme Tablet;10;1;11;1.122;
02.07.2026;NEVZAT ECZA DEPOSU;NEVZAT SAMSUN;8680001110803;MERKEZ ECZANESİ;SAMSUN VEZIRKOPRU;MOKSEFEN;Moksefen 400 mg 7 Film Tablet;5;1;6;745;
02.07.2026;NEVZAT ECZA DEPOSU;NEVZAT SAMSUN;8680001108282;FATİH ECZANESİ;SAMSUN VEZIRKOPRU;PANOCER;Panocer 40 mg 28 Enterik Kaplı Tablet;50;25;75;5.266;
02.07.2026;NEVZAT ECZA DEPOSU;NEVZAT SAMSUN;8680001110803;MERKEZ ECZANESİ;SAMSUN VEZIRKOPRU;PANOCER;Panocer 40 mg 28 Enterik Kaplı Tablet;10;3;13;1.053;
03.07.2026;ALLIANCE HEALTHCARE;AH SAMSUN;8680001112630;ARZU ECZANESİ;SAMSUN VEZIRKOPRU;FAMTREC;Famtrec 800/26,6mg 14 Film Kaplı Tablet;5;1;6;511;
03.07.2026;ALLIANCE HEALTHCARE;AH SAMSUN;8680001500833;DOĞAN ECZANESİ;SAMSUN VEZIRKOPRU;FAMTREC;Famtrec 800/26,6mg 14 Film Kaplı Tablet;5;1;6;511;
03.07.2026;NEVZAT ECZA DEPOSU;NEVZAT SAMSUN;8680001108282;FATİH ECZANESİ;SAMSUN VEZIRKOPRU;FAMTREC;Famtrec 800/26,6mg 14 Film Kaplı Tablet;5;1;6;511;
03.07.2026;SELÇUK ECZA DEPOSU;SELÇUK SAMSUN;8680001121090;ERGİN ECZANESİ;SAMSUN VEZIRKOPRU;FAMTREC;Famtrec 800/26,6mg 14 Film Kaplı Tablet;1;0;1;102;
03.07.2026;ALLIANCE HEALTHCARE;AH SAMSUN;8680001444755;DEVA ECZANESİ;SAMSUN VEZIRKOPRU;FAMTREC;Famtrec 800/26,6mg 14 Film Kaplı Tablet;5;1;6;511;
03.07.2026;ALLIANCE HEALTHCARE;AH SAMSUN;8680001132546;PELİN ECZANESİ;SAMSUN VEZIRKOPRU;FAMTREC;Famtrec 800/26,6mg 14 Film Kaplı Tablet;5;1;6;511;
03.07.2026;NEVZAT ECZA DEPOSU;NEVZAT SAMSUN;8680001110544;TAŞKALE ECZANESİ;SAMSUN VEZIRKOPRU;FAMTREC;Famtrec 800/26,6mg 14 Film Kaplı Tablet;5;1;6;511;
03.07.2026;NEVZAT ECZA DEPOSU;NEVZAT SAMSUN;8680001110803;MERKEZ ECZANESİ;SAMSUN VEZIRKOPRU;FAMTREC;Famtrec 800/26,6mg 14 Film Kaplı Tablet;5;1;6;511;
03.07.2026;ALLIANCE HEALTHCARE;AH SAMSUN;8680001487097;BALIKÇIOĞLU ECZANESİ;SAMSUN VEZIRKOPRU;FAMTREC;Famtrec 800/26,6mg 14 Film Kaplı Tablet;5;1;6;511;
03.07.2026;SELÇUK ECZA DEPOSU;SELÇUK SAMSUN;8680001674305;CEBECİ ECZANESİ;SAMSUN VEZIRKOPRU;FAMTREC;Famtrec 800/26,6mg 14 Film Kaplı Tablet;5;1;6;511;
03.07.2026;ALLIANCE HEALTHCARE;AH SAMSUN;8680001458790;BARAN ECZANESİ;SAMSUN VEZIRKOPRU;PANOCER;Panocer 40 mg 28 Enterik Kaplı Tablet;50;25;75;5.266;
06.07.2026;NEVZAT ECZA DEPOSU;NEVZAT SAMSUN;8680001491865;GÜLDEN ECZANESİ;SAMSUN VEZIRKOPRU;FAMTREC;Famtrec 800/26,6mg 14 Film Kaplı Tablet;10;0;10;1.022;
06.07.2026;SELÇUK ECZA DEPOSU;SELÇUK SAMSUN;8680001491865;GÜLDEN ECZANESİ;SAMSUN VEZIRKOPRU;FAMTREC;Famtrec 800/26,6mg 14 Film Kaplı Tablet;5;1;6;511;
06.07.2026;SELÇUK ECZA DEPOSU;SELÇUK SAMSUN;8680001491865;GÜLDEN ECZANESİ;SAMSUN VEZIRKOPRU;FAMTREC;Famtrec 800/26,6mg 14 Film Kaplı Tablet;2;0;2;204;
06.07.2026;SELÇUK ECZA DEPOSU;SELÇUK SAMSUN;8680001109180;ÇINAR ECZANESİ;SAMSUN VEZIRKOPRU;FAMTREC;Famtrec 800/26,6mg 14 Film Kaplı Tablet;5;1;6;511;
06.07.2026;ALLIANCE HEALTHCARE;AH SAMSUN;8680001121021;PARK ECZANESİ;SAMSUN VEZIRKOPRU;FAMTREC;Famtrec 800/26,6mg 14 Film Kaplı Tablet;5;1;6;511;
06.07.2026;ALLIANCE HEALTHCARE;AH SAMSUN;8680001121212;SAĞLIK ECZANESİ;SAMSUN VEZIRKOPRU;FAMTREC;Famtrec 800/26,6mg 14 Film Kaplı Tablet;2;0;2;204;
06.07.2026;ALLIANCE HEALTHCARE;AH SAMSUN;8680001458790;BARAN ECZANESİ;SAMSUN VEZIRKOPRU;FAMTREC;Famtrec 800/26,6mg 14 Film Kaplı Tablet;2;0;2;204;
06.07.2026;SELÇUK ECZA DEPOSU;SELÇUK SAMSUN;8680001458790;BARAN ECZANESİ;SAMSUN VEZIRKOPRU;FAMTREC;Famtrec 800/26,6mg 14 Film Kaplı Tablet;1;0;1;102;
06.07.2026;ALLIANCE HEALTHCARE;AH SAMSUN;8680001458790;BARAN ECZANESİ;SAMSUN VEZIRKOPRU;FAMTREC;Famtrec 800/26,6mg 14 Film Kaplı Tablet;1;0;1;102;
06.07.2026;SELÇUK ECZA DEPOSU;SELÇUK SAMSUN;8680001514069;GÜNEŞ ECZANESİ;SAMSUN VEZIRKOPRU;FAMTREC;Famtrec 800/26,6mg 14 Film Kaplı Tablet;10;2;12;1.022;
06.07.2026;SELÇUK ECZA DEPOSU;SELÇUK SAMSUN;8680001635337;ŞEN ECZANESİ;SAMSUN VEZIRKOPRU;FAMTREC;Famtrec 800/26,6mg 14 Film Kaplı Tablet;2;0;2;204;
06.07.2026;ALLIANCE HEALTHCARE;AH SAMSUN;8680001642052;ESENTEPE ECZANESİ;SAMSUN VEZIRKOPRU;FAMTREC;Famtrec 800/26,6mg 14 Film Kaplı Tablet;5;1;6;511;
07.07.2026;SELÇUK ECZA DEPOSU;SELÇUK SAMSUN;8680001521111;YENİ ECZANESİ;SAMSUN VEZIRKOPRU;FAMTREC;Famtrec 800/26,6mg 14 Film Kaplı Tablet;5;1;6;511;
07.07.2026;SELÇUK ECZA DEPOSU;SELÇUK SAMSUN;8680001622849;ÖZGÜR ECZANESİ;SAMSUN VEZIRKOPRU;FAMTREC;Famtrec 800/26,6mg 14 Film Kaplı Tablet;1;0;1;102;
07.07.2026;ALLIANCE HEALTHCARE;AH SAMSUN;8680001444755;DEVA ECZANESİ;SAMSUN VEZIRKOPRU;PANOCER;Panocer 40 mg 28 Enterik Kaplı Tablet;495;405;900;52.130;
08.07.2026;ALLIANCE HEALTHCARE;AH SAMSUN;8680001458790;BARAN ECZANESİ;SAMSUN VEZIRKOPRU;ACİDPASS;Acidpass 10/800/165 mg 12 Çiğneme Tablet;10;1;11;1.122;
08.07.2026;SELÇUK ECZA DEPOSU;SELÇUK SAMSUN;8680001121090;ERGİN ECZANESİ;SAMSUN VEZIRKOPRU;FAMTREC;Famtrec 800/26,6mg 14 Film Kaplı Tablet;5;1;6;511;
08.07.2026;ALLIANCE HEALTHCARE;AH SAMSUN;8680001121212;SAĞLIK ECZANESİ;SAMSUN VEZIRKOPRU;FAMTREC;Famtrec 800/26,6mg 14 Film Kaplı Tablet;5;1;6;511;
08.07.2026;ALLIANCE HEALTHCARE;AH SAMSUN;8680001635337;ŞEN ECZANESİ;SAMSUN VEZIRKOPRU;FAMTREC;Famtrec 800/26,6mg 14 Film Kaplı Tablet;5;1;6;511;
08.07.2026;İSTANBUL ECZA KOOP;İSKOOP MERKEZ;8680001666126;ÇAYAN ECZANESİ;SAMSUN VEZIRKOPRU;FAMTREC;Famtrec 800/26,6mg 14 Film Kaplı Tablet;2;0;2;204;
08.07.2026;SELÇUK ECZA DEPOSU;SELÇUK SAMSUN;8680001674305;CEBECİ ECZANESİ;SAMSUN VEZIRKOPRU;FAMTREC;Famtrec 800/26,6mg 14 Film Kaplı Tablet;5;1;6;511;
08.07.2026;ALLIANCE HEALTHCARE;AH SAMSUN;8680001734306;VEZİRKÖPRÜ ECZANESİ;SAMSUN VEZIRKOPRU;FAMTREC;Famtrec 800/26,6mg 14 Film Kaplı Tablet;5;1;6;511;
08.07.2026;ALLIANCE HEALTHCARE;AH SAMSUN;8680001663323;ORTACAMİ ECZANESİ;SAMSUN VEZIRKOPRU;MOKSEFEN;Moksefen 400 mg 7 Film Tablet;10;3;13;1.490;
09.07.2026;SELÇUK ECZA DEPOSU;SELÇUK SAMSUN;8680001110803;MERKEZ ECZANESİ;SAMSUN VEZIRKOPRU;ACİDPASS;Acidpass 10/800/165 mg 12 Çiğneme Tablet;10;1;11;1.122;
09.07.2026;ALLIANCE HEALTHCARE;AH SAMSUN;8680001458790;BARAN ECZANESİ;SAMSUN VEZIRKOPRU;FAMTREC;Famtrec 800/26,6mg 14 Film Kaplı Tablet;2;0;2;204;
09.07.2026;SELÇUK ECZA DEPOSU;SELÇUK SAMSUN;8680001140190;DERMAN ECZANESİ;SAMSUN VEZIRKOPRU;FAMTREC;Famtrec 800/26,6mg 14 Film Kaplı Tablet;2;0;2;204;
10.07.2026;ALLIANCE HEALTHCARE;AH SAMSUN;8680001444755;DEVA ECZANESİ;SAMSUN VEZIRKOPRU;ACİDPASS;Acidpass 10/800/165 mg 12 Çiğneme Tablet;20;3;23;2.245;
10.07.2026;SELÇUK ECZA DEPOSU;SELÇUK SAMSUN;8680001881093;ÇAĞLA ECZANESİ;SAMSUN VEZIRKOPRU;ACİDPASS;Acidpass 10/800/165 mg 12 Çiğneme Tablet;10;1;11;1.122;
10.07.2026;SELÇUK ECZA DEPOSU;SELÇUK SAMSUN;8680001514069;GÜNEŞ ECZANESİ;SAMSUN VEZIRKOPRU;PANOCER;Panocer 40 mg 28 Enterik Kaplı Tablet;165;135;300;17.377;
13.07.2026;SELÇUK ECZA DEPOSU;SELÇUK SAMSUN;8680001514069;GÜNEŞ ECZANESİ;SAMSUN VEZIRKOPRU;ACİDPASS;Acidpass 10/800/165 mg 6 Çiğneme Tablet;10;1;11;689;
13.07.2026;ALLIANCE HEALTHCARE;AH SAMSUN;8680001663323;ORTACAMİ ECZANESİ;SAMSUN VEZIRKOPRU;FAMTREC;Famtrec 800/26,6mg 14 Film Kaplı Tablet;1;0;1;102;
13.07.2026;İSTANBUL ECZA KOOP;İSKOOP MERKEZ;8680001666126;ÇAYAN ECZANESİ;SAMSUN VEZIRKOPRU;FAMTREC;Famtrec 800/26,6mg 14 Film Kaplı Tablet;1;0;1;102;
13.07.2026;ALLIANCE HEALTHCARE;AH SAMSUN;8680001458790;BARAN ECZANESİ;SAMSUN VEZIRKOPRU;MOKSEFEN;Moksefen 400 mg 7 Film Tablet;5;1;6;745;
14.07.2026;ALLIANCE HEALTHCARE;AH SAMSUN;8680001444755;DEVA ECZANESİ;SAMSUN VEZIRKOPRU;ACİDPASS;Acidpass 10/800/165 mg 12 Çiğneme Tablet;50;15;65;5.612;
14.07.2026;ALLIANCE HEALTHCARE;AH SAMSUN;8680001458790;BARAN ECZANESİ;SAMSUN VEZIRKOPRU;ACİDPASS;Acidpass 10/800/165 mg 12 Çiğneme Tablet;5;0;5;561;
14.07.2026;İSTANBUL ECZA KOOP;İSKOOP MERKEZ;8680001666126;ÇAYAN ECZANESİ;SAMSUN VEZIRKOPRU;FAMTREC;Famtrec 800/26,6mg 14 Film Kaplı Tablet;2;0;2;204;
14.07.2026;SELÇUK ECZA DEPOSU;SELÇUK SAMSUN;8680001140190;DERMAN ECZANESİ;SAMSUN VEZIRKOPRU;PANOCER;Panocer 40 mg 28 Enterik Kaplı Tablet;10;3;13;1.053;
16.07.2026;SELÇUK ECZA DEPOSU;SELÇUK SAMSUN;8680001458790;BARAN ECZANESİ;SAMSUN VEZIRKOPRU;FAMTREC;Famtrec 800/26,6mg 14 Film Kaplı Tablet;2;0;2;204;
17.07.2026;ALLIANCE HEALTHCARE;AH SAMSUN;8680001112630;ARZU ECZANESİ;SAMSUN VEZIRKOPRU;MOKSEFEN;Moksefen 400 mg 7 Film Tablet;10;3;13;1.490;
20.07.2026;İSTANBUL ECZA KOOP;İSKOOP MERKEZ;8680001666126;ÇAYAN ECZANESİ;SAMSUN VEZIRKOPRU;ACİDPASS;Acidpass 10/800/165 mg 12 Çiğneme Tablet;10;1;11;1.122;
20.07.2026;ALLIANCE HEALTHCARE;AH SAMSUN;8680001500833;DOĞAN ECZANESİ;SAMSUN VEZIRKOPRU;FAMTREC;Famtrec 800/26,6mg 14 Film Kaplı Tablet;5;1;6;511;
20.07.2026;ALLIANCE HEALTHCARE;AH SAMSUN;8680001491865;GÜLDEN ECZANESİ;SAMSUN VEZIRKOPRU;FAMTREC;Famtrec 800/26,6mg 14 Film Kaplı Tablet;10;2;12;1.022;
20.07.2026;ALLIANCE HEALTHCARE;AH SAMSUN;8680001642052;ESENTEPE ECZANESİ;SAMSUN VEZIRKOPRU;FAMTREC;Famtrec 800/26,6mg 14 Film Kaplı Tablet;5;1;6;511;
21.07.2026;NEVZAT ECZA DEPOSU;NEVZAT SAMSUN;8680001491865;GÜLDEN ECZANESİ;SAMSUN VEZIRKOPRU;ACİDPASS;Acidpass 10/800/165 mg 12 Çiğneme Tablet;20;3;23;2.245;
21.07.2026;ALLIANCE HEALTHCARE;AH SAMSUN;8680001458790;BARAN ECZANESİ;SAMSUN VEZIRKOPRU;ACİDPASS;Acidpass 10/800/165 mg 12 Çiğneme Tablet;5;0;5;561;
21.07.2026;NEVZAT ECZA DEPOSU;NEVZAT SAMSUN;8680001622849;ÖZGÜR ECZANESİ;SAMSUN VEZIRKOPRU;FAMTREC;Famtrec 800/26,6mg 14 Film Kaplı Tablet;2;0;2;204;
21.07.2026;İSTANBUL ECZA KOOP;İSKOOP MERKEZ;8680001622849;ÖZGÜR ECZANESİ;SAMSUN VEZIRKOPRU;FAMTREC;Famtrec 800/26,6mg 14 Film Kaplı Tablet;1;0;1;102;
22.07.2026;SELÇUK ECZA DEPOSU;SELÇUK SAMSUN;8680001881093;ÇAĞLA ECZANESİ;SAMSUN VEZIRKOPRU;ACİDPASS;Acidpass 10/800/165 mg 12 Çiğneme Tablet;10;1;11;1.122;
22.07.2026;NEVZAT ECZA DEPOSU;NEVZAT SAMSUN;8680001491865;GÜLDEN ECZANESİ;SAMSUN VEZIRKOPRU;FAMTREC;Famtrec 800/26,6mg 14 Film Kaplı Tablet;20;4;24;2.044;
22.07.2026;SELÇUK ECZA DEPOSU;SELÇUK SAMSUN;8680001110933;VATAN ECZANESİ;SAMSUN VEZIRKOPRU;FAMTREC;Famtrec 800/26,6mg 14 Film Kaplı Tablet;5;1;6;511;
22.07.2026;NEVZAT ECZA DEPOSU;NEVZAT SAMSUN;8680001622849;ÖZGÜR ECZANESİ;SAMSUN VEZIRKOPRU;FAMTREC;Famtrec 800/26,6mg 14 Film Kaplı Tablet;5;1;6;511;
22.07.2026;ALLIANCE HEALTHCARE;AH SAMSUN;8680001458790;BARAN ECZANESİ;SAMSUN VEZIRKOPRU;GRİPORT COLD;Griport Cold 20 Film Kaplı Tablet;3;0;3;252;
22.07.2026;İSTANBUL ECZA KOOP;İSKOOP MERKEZ;8680001666126;ÇAYAN ECZANESİ;SAMSUN VEZIRKOPRU;MOKSEFEN;Moksefen 400 mg 7 Film Tablet;10;3;13;1.490;
22.07.2026;İSTANBUL ECZA KOOP;İSKOOP MERKEZ;8680001666126;ÇAYAN ECZANESİ;SAMSUN VEZIRKOPRU;PANOCER;Panocer 40 mg 28 Enterik Kaplı Tablet;10;3;13;1.053;
23.07.2026;NEVZAT ECZA DEPOSU;NEVZAT SAMSUN;8680001110544;TAŞKALE ECZANESİ;SAMSUN VEZIRKOPRU;ACİDPASS;Acidpass 10/800/165 mg 12 Çiğneme Tablet;20;3;23;2.245;
23.07.2026;NEVZAT ECZA DEPOSU;NEVZAT SAMSUN;8680001112630;ARZU ECZANESİ;SAMSUN VEZIRKOPRU;FAMTREC;Famtrec 800/26,6mg 14 Film Kaplı Tablet;5;1;6;511;
23.07.2026;SELÇUK ECZA DEPOSU;SELÇUK SAMSUN;8680001458790;BARAN ECZANESİ;SAMSUN VEZIRKOPRU;FAMTREC;Famtrec 800/26,6mg 14 Film Kaplı Tablet;5;1;6;511;
23.07.2026;İSTANBUL ECZA KOOP;İSKOOP MERKEZ;8680001666126;ÇAYAN ECZANESİ;SAMSUN VEZIRKOPRU;FAMTREC;Famtrec 800/26,6mg 14 Film Kaplı Tablet;5;1;6;511;
23.07.2026;ALLIANCE HEALTHCARE;AH SAMSUN;8680001121212;SAĞLIK ECZANESİ;SAMSUN VEZIRKOPRU;GRİPORT COLD;Griport Cold 20 Film Kaplı Tablet;6;1;7;505;
23.07.2026;NEVZAT ECZA DEPOSU;NEVZAT SAMSUN;8680001500833;DOĞAN ECZANESİ;SAMSUN VEZIRKOPRU;MOKSEFEN;Moksefen 400 mg 7 Film Tablet;5;1;6;745;
23.07.2026;ALLIANCE HEALTHCARE;AH SAMSUN;8680001734306;VEZİRKÖPRÜ ECZANESİ;SAMSUN VEZIRKOPRU;PANOCER;Panocer 40 mg 28 Enterik Kaplı Tablet;30;12;42;3.159;
24.07.2026;ALLIANCE HEALTHCARE;AH SAMSUN;8680001121021;PARK ECZANESİ;SAMSUN VEZIRKOPRU;ACİDPASS;Acidpass 10/800/165 mg 12 Çiğneme Tablet;20;3;23;2.245;
24.07.2026;ALLIANCE HEALTHCARE;AH SAMSUN;8680001458790;BARAN ECZANESİ;SAMSUN VEZIRKOPRU;ACİDPASS;Acidpass 10/800/165 mg 12 Çiğneme Tablet;5;0;5;561;
24.07.2026;SELÇUK ECZA DEPOSU;SELÇUK SAMSUN;8680001521111;YENİ ECZANESİ;SAMSUN VEZIRKOPRU;ACİDPASS;Acidpass 10/800/165 mg 12 Çiğneme Tablet;20;3;23;2.245;
24.07.2026;ALLIANCE HEALTHCARE;AH SAMSUN;8680001121212;SAĞLIK ECZANESİ;SAMSUN VEZIRKOPRU;ACİDPASS;Acidpass 10/800/165 mg 6 Çiğneme Tablet;1;0;1;69;
24.07.2026;SELÇUK ECZA DEPOSU;SELÇUK SAMSUN;8680001444755;DEVA ECZANESİ;SAMSUN VEZIRKOPRU;FAMTREC;Famtrec 800/26,6mg 14 Film Kaplı Tablet;5;1;6;511;
24.07.2026;ALLIANCE HEALTHCARE;AH SAMSUN;8680001121021;PARK ECZANESİ;SAMSUN VEZIRKOPRU;FAMTREC;Famtrec 800/26,6mg 14 Film Kaplı Tablet;5;1;6;511;
24.07.2026;SELÇUK ECZA DEPOSU;SELÇUK SAMSUN;8680001635337;ŞEN ECZANESİ;SAMSUN VEZIRKOPRU;FAMTREC;Famtrec 800/26,6mg 14 Film Kaplı Tablet;10;2;12;1.022;
24.07.2026;SELÇUK ECZA DEPOSU;SELÇUK SAMSUN;8680001140190;DERMAN ECZANESİ;SAMSUN VEZIRKOPRU;PANOCER;Panocer 40 mg 14 Enterik Kaplı Tablet;1;0;1;81;
24.07.2026;ALLIANCE HEALTHCARE;AH SAMSUN;8680001121021;PARK ECZANESİ;SAMSUN VEZIRKOPRU;PANOCER;Panocer 40 mg 28 Enterik Kaplı Tablet;50;25;75;5.266;
24.07.2026;SELÇUK ECZA DEPOSU;SELÇUK SAMSUN;8680001642052;ESENTEPE ECZANESİ;SAMSUN VEZIRKOPRU;PANOCER;Panocer 40 mg 28 Enterik Kaplı Tablet;10;3;13;1.053;
27.07.2026;SELÇUK ECZA DEPOSU;SELÇUK SAMSUN;8680001121090;ERGİN ECZANESİ;SAMSUN VEZIRKOPRU;GRİPORT COLD;Griport Cold 20 Film Kaplı Tablet;1;0;1;84;
27.07.2026;SELÇUK ECZA DEPOSU;SELÇUK SAMSUN;8680001521111;YENİ ECZANESİ;SAMSUN VEZIRKOPRU;GRİPORT COLD;Griport Cold 20 Film Kaplı Tablet;1;0;1;84;
27.07.2026;ALLIANCE HEALTHCARE;AH SAMSUN;8680001663323;ORTACAMİ ECZANESİ;SAMSUN VEZIRKOPRU;PANOCER;Panocer 40 mg 28 Enterik Kaplı Tablet;10;3;13;1.053;
28.07.2026;NEVZAT ECZA DEPOSU;NEVZAT SAMSUN;8680001491865;GÜLDEN ECZANESİ;SAMSUN VEZIRKOPRU;ACİDPASS;Acidpass 10/800/165 mg 12 Çiğneme Tablet;20;3;23;2.245;
28.07.2026;NEVZAT ECZA DEPOSU;NEVZAT SAMSUN;8680001110803;MERKEZ ECZANESİ;SAMSUN VEZIRKOPRU;ACİDPASS;Acidpass 10/800/165 mg 12 Çiğneme Tablet;10;1;11;1.122;
28.07.2026;SELÇUK ECZA DEPOSU;SELÇUK SAMSUN;8680001121090;ERGİN ECZANESİ;SAMSUN VEZIRKOPRU;FAMTREC;Famtrec 800/26,6mg 14 Film Kaplı Tablet;5;1;6;511;
28.07.2026;NEVZAT ECZA DEPOSU;NEVZAT SAMSUN;8680001109180;ÇINAR ECZANESİ;SAMSUN VEZIRKOPRU;FAMTREC;Famtrec 800/26,6mg 14 Film Kaplı Tablet;5;1;6;511;
28.07.2026;NEVZAT ECZA DEPOSU;NEVZAT SAMSUN;8680001110544;TAŞKALE ECZANESİ;SAMSUN VEZIRKOPRU;MOKSEFEN;Moksefen 400 mg 7 Film Tablet;5;1;6;745;
29.07.2026;ALLIANCE HEALTHCARE;AH SAMSUN;8680001458790;BARAN ECZANESİ;SAMSUN VEZIRKOPRU;ACİDPASS;Acidpass 10/800/165 mg 12 Çiğneme Tablet;5;0;5;561;
29.07.2026;ALLIANCE HEALTHCARE;AH SAMSUN;8680001742288;FAZIL ECZANESİ;SAMSUN VEZIRKOPRU;FAMTREC;Famtrec 800/26,6mg 14 Film Kaplı Tablet;2;0;2;204;
29.07.2026;SELÇUK ECZA DEPOSU;SELÇUK SAMSUN;8680001642052;ESENTEPE ECZANESİ;SAMSUN VEZIRKOPRU;GRİPORT COLD;Griport Cold 20 Film Kaplı Tablet;2;0;2;168;
30.07.2026;ALLIANCE HEALTHCARE;AH SAMSUN;8680001500833;DOĞAN ECZANESİ;SAMSUN VEZIRKOPRU;FAMTREC;Famtrec 800/26,6mg 14 Film Kaplı Tablet;5;1;6;511;
30.07.2026;NEVZAT ECZA DEPOSU;NEVZAT SAMSUN;8680001110803;MERKEZ ECZANESİ;SAMSUN VEZIRKOPRU;FAMTREC;Famtrec 800/26,6mg 14 Film Kaplı Tablet;3;0;3;307;
30.07.2026;ALLIANCE HEALTHCARE;AH SAMSUN;8680001514069;GÜNEŞ ECZANESİ;SAMSUN VEZIRKOPRU;FAMTREC;Famtrec 800/26,6mg 14 Film Kaplı Tablet;5;1;6;511;
30.07.2026;ALLIANCE HEALTHCARE;AH SAMSUN;8680001642052;ESENTEPE ECZANESİ;SAMSUN VEZIRKOPRU;FAMTREC;Famtrec 800/26,6mg 14 Film Kaplı Tablet;5;1;6;511;
30.07.2026;SELÇUK ECZA DEPOSU;SELÇUK SAMSUN;8680001674305;CEBECİ ECZANESİ;SAMSUN VEZIRKOPRU;FAMTREC;Famtrec 800/26,6mg 14 Film Kaplı Tablet;1;0;1;102;
30.07.2026;ALLIANCE HEALTHCARE;AH SAMSUN;8680001734306;VEZİRKÖPRÜ ECZANESİ;SAMSUN VEZIRKOPRU;FAMTREC;Famtrec 800/26,6mg 14 Film Kaplı Tablet;5;1;6;511;
30.07.2026;İSTANBUL ECZA KOOP;İSKOOP MERKEZ;8680001666126;ÇAYAN ECZANESİ;SAMSUN VEZIRKOPRU;PANOCER;Panocer 40 mg 28 Enterik Kaplı Tablet;10;3;13;1.053;
31.07.2026;NEVZAT ECZA DEPOSU;NEVZAT SAMSUN;8680001108282;FATİH ECZANESİ;SAMSUN VEZIRKOPRU;FAMTREC;Famtrec 800/26,6mg 14 Film Kaplı Tablet;3;0;3;307;
31.07.2026;ALLIANCE HEALTHCARE;AH SAMSUN;8680001458790;BARAN ECZANESİ;SAMSUN VEZIRKOPRU;FAMTREC;Famtrec 800/26,6mg 14 Film Kaplı Tablet;5;1;6;511;
31.07.2026;ALLIANCE HEALTHCARE;AH SAMSUN;8680001663323;ORTACAMİ ECZANESİ;SAMSUN VEZIRKOPRU;FAMTREC;Famtrec 800/26,6mg 14 Film Kaplı Tablet;3;0;3;307;
01.07.2026;NEVZAT ECZA DEPOSU;NEVZAT SAMSUN;8680001117536;YUMUK ECZANESİ;SINOP DOGU-BATI ILCELER;ACİDPASS;Acidpass 10/800/165 mg 12 Çiğneme Tablet;2;0;2;224;
01.07.2026;NEVZAT ECZA DEPOSU;NEVZAT SAMSUN;8680001117536;YUMUK ECZANESİ;SINOP DOGU-BATI ILCELER;ACİDPASS;Acidpass 10/800/165 mg 6 Çiğneme Tablet;2;0;2;138;
01.07.2026;İSTANBUL ECZA KOOP;İSKOOP MERKEZ;8680001120758;SIHHAT ECZANESİ;SINOP DOGU-BATI ILCELER;GRİPORT COLD;Griport Cold 20 Film Kaplı Tablet;6;1;7;505;
01.07.2026;İSTANBUL ECZA KOOP;İSKOOP MERKEZ;8680001116799;EKİN ECZANESİ;SINOP DOGU-BATI ILCELER;MOKSEFEN;Moksefen 400 mg 7 Film Tablet;10;3;13;1.490;
01.07.2026;ALLIANCE HEALTHCARE;AH SAMSUN;8680001117499;YENİCE ECZANESİ;SINOP DOGU-BATI ILCELER;MOKSEFEN;Moksefen 400 mg 7 Film Tablet;20;10;30;2.980;
01.07.2026;İSTANBUL ECZA KOOP;İSKOOP MERKEZ;8680001124565;TÜRKELİ ECZANESİ;SINOP DOGU-BATI ILCELER;PANOCER;Panocer 40 mg 28 Enterik Kaplı Tablet;10;3;13;1.053;
01.07.2026;NEVZAT ECZA DEPOSU;NEVZAT SAMSUN;8680001116409;ERFELEK ECZANESİ;SINOP DOGU-BATI ILCELER;PANOCER;Panocer 40 mg 28 Enterik Kaplı Tablet;10;3;13;1.053;
01.07.2026;SELÇUK ECZA DEPOSU;SELÇUK SAMSUN;8680001340545;YENİ HAYAT ECZANESİ;SINOP DOGU-BATI ILCELER;PANOCER;Panocer 40 mg 28 Enterik Kaplı Tablet;10;3;13;1.053;
02.07.2026;İSTANBUL ECZA KOOP;İSKOOP MERKEZ;8680001123148;MERVE ECZANESİ;SINOP DOGU-BATI ILCELER;PANOCER;Panocer 40 mg 28 Enterik Kaplı Tablet;10;3;13;1.053;
02.07.2026;SELÇUK ECZA DEPOSU;SELÇUK SAMSUN;8680001138647;ÖZLEM ECZANESİ;SINOP DOGU-BATI ILCELER;PANOCER;Panocer 40 mg 28 Enterik Kaplı Tablet;10;3;13;1.053;
03.07.2026;SELÇUK ECZA DEPOSU;SELÇUK SAMSUN;8680001123148;MERVE ECZANESİ;SINOP DOGU-BATI ILCELER;MOKSEFEN;Moksefen 400 mg 7 Film Tablet;10;3;13;1.490;
03.07.2026;SELÇUK ECZA DEPOSU;SELÇUK SAMSUN;8680001851331;YENİ GERZE ECZANESİ;SINOP DOGU-BATI ILCELER;MOKSEFEN;Moksefen 400 mg 7 Film Tablet;20;10;30;2.980;
06.07.2026;SELÇUK ECZA DEPOSU;SELÇUK SAMSUN;8680001120871;YAŞAM ECZANESİ;SINOP DOGU-BATI ILCELER;ACİDPASS;Acidpass 10/800/165 mg 12 Çiğneme Tablet;5;0;5;561;
06.07.2026;SELÇUK ECZA DEPOSU;SELÇUK SAMSUN;8680001340545;YENİ HAYAT ECZANESİ;SINOP DOGU-BATI ILCELER;ACİDPASS;Acidpass 10/800/165 mg 12 Çiğneme Tablet;10;1;11;1.122;
06.07.2026;İSTANBUL ECZA KOOP;İSKOOP MERKEZ;8680001123148;MERVE ECZANESİ;SINOP DOGU-BATI ILCELER;GRİPORT COLD;Griport Cold 20 Film Kaplı Tablet;12;4;16;1.010;
07.07.2026;İSTANBUL ECZA KOOP;İSKOOP MERKEZ;8680001116799;EKİN ECZANESİ;SINOP DOGU-BATI ILCELER;ACİDPASS;Acidpass 10/800/165 mg 12 Çiğneme Tablet;50;15;65;5.612;
07.07.2026;SELÇUK ECZA DEPOSU;SELÇUK SAMSUN;8680001116409;ERFELEK ECZANESİ;SINOP DOGU-BATI ILCELER;PANOCER;Panocer 40 mg 28 Enterik Kaplı Tablet;10;3;13;1.053;
07.07.2026;İSTANBUL ECZA KOOP;İSKOOP MERKEZ;8680001116409;ERFELEK ECZANESİ;SINOP DOGU-BATI ILCELER;PANOCER;Panocer 40 mg 28 Enterik Kaplı Tablet;20;6;26;2.106;
08.07.2026;SELÇUK ECZA DEPOSU;SELÇUK SAMSUN;8680001138647;ÖZLEM ECZANESİ;SINOP DOGU-BATI ILCELER;ACİDPASS;Acidpass 10/800/165 mg 12 Çiğneme Tablet;10;1;11;1.122;
08.07.2026;ALLIANCE HEALTHCARE;AH SAMSUN;8680001117536;YUMUK ECZANESİ;SINOP DOGU-BATI ILCELER;MOKSEFEN;Moksefen 400 mg 7 Film Tablet;20;10;30;2.980;
09.07.2026;İSTANBUL ECZA KOOP;İSKOOP MERKEZ;8680001120758;SIHHAT ECZANESİ;SINOP DOGU-BATI ILCELER;ACİDPASS;Acidpass 10/800/165 mg 12 Çiğneme Tablet;3;0;3;337;
09.07.2026;SELÇUK ECZA DEPOSU;SELÇUK SAMSUN;8680001683642;GÜZELKENT ECZANESİ;SINOP DOGU-BATI ILCELER;ACİDPASS;Acidpass 10/800/165 mg 12 Çiğneme Tablet;2;0;2;224;
10.07.2026;İSTANBUL ECZA KOOP;İSKOOP MERKEZ;8680001123148;MERVE ECZANESİ;SINOP DOGU-BATI ILCELER;ACİDPASS;Acidpass 10/800/165 mg 12 Çiğneme Tablet;3;0;3;337;
10.07.2026;SELÇUK ECZA DEPOSU;SELÇUK SAMSUN;8680001683642;GÜZELKENT ECZANESİ;SINOP DOGU-BATI ILCELER;GRİPORT COLD;Griport Cold 20 Film Kaplı Tablet;1;0;1;84;
12.07.2026;ALLIANCE HEALTHCARE;AH SAMSUN;8680001851331;YENİ GERZE ECZANESİ;SINOP DOGU-BATI ILCELER;ACİDPASS;Acidpass 10/800/165 mg 12 Çiğneme Tablet;20;3;23;2.245;
13.07.2026;İSTANBUL ECZA KOOP;İSKOOP MERKEZ;8680001116812;GÜÇLÜ ECZANESİ;SINOP DOGU-BATI ILCELER;ACİDPASS;Acidpass 10/800/165 mg 12 Çiğneme Tablet;10;1;11;1.122;
13.07.2026;İSTANBUL ECZA KOOP;İSKOOP MERKEZ;8680001124565;TÜRKELİ ECZANESİ;SINOP DOGU-BATI ILCELER;ACİDPASS;Acidpass 10/800/165 mg 6 Çiğneme Tablet;10;1;11;689;
13.07.2026;İSTANBUL ECZA KOOP;İSKOOP MERKEZ;8680001123179;YÜKSEL ECZANESİ;SINOP DOGU-BATI ILCELER;PANOCER;Panocer 40 mg 28 Enterik Kaplı Tablet;30;12;42;3.159;
13.07.2026;NEVZAT ECZA DEPOSU;NEVZAT SAMSUN;8680001138647;ÖZLEM ECZANESİ;SINOP DOGU-BATI ILCELER;PANOCER;Panocer 40 mg 28 Enterik Kaplı Tablet;10;3;13;1.053;
14.07.2026;SELÇUK ECZA DEPOSU;SELÇUK SAMSUN;8680001123148;MERVE ECZANESİ;SINOP DOGU-BATI ILCELER;ACİDPASS;Acidpass 10/800/165 mg 12 Çiğneme Tablet;2;0;2;224;
14.07.2026;İSTANBUL ECZA KOOP;İSKOOP MERKEZ;8680001123179;YÜKSEL ECZANESİ;SINOP DOGU-BATI ILCELER;GRİPORT COLD;Griport Cold 20 Film Kaplı Tablet;12;4;16;1.010;
14.07.2026;NEVZAT ECZA DEPOSU;NEVZAT SAMSUN;8680001116799;EKİN ECZANESİ;SINOP DOGU-BATI ILCELER;PANOCER;Panocer 40 mg 28 Enterik Kaplı Tablet;50;25;75;5.266;
16.07.2026;NEVZAT ECZA DEPOSU;NEVZAT SAMSUN;8680001123124;YAVUZ ECZANESİ;SINOP DOGU-BATI ILCELER;PANOCER;Panocer 40 mg 28 Enterik Kaplı Tablet;10;3;13;1.053;
17.07.2026;ALLIANCE HEALTHCARE;AH SAMSUN;8680001124039;GÜVEN ECZANESİ;SINOP DOGU-BATI ILCELER;ACİDPASS;Acidpass 10/800/165 mg 12 Çiğneme Tablet;10;1;11;1.122;
17.07.2026;SELÇUK ECZA DEPOSU;SELÇUK SAMSUN;8680001121670;ŞİFA ECZANESİ;SINOP DOGU-BATI ILCELER;ACİDPASS;Acidpass 10/800/165 mg 12 Çiğneme Tablet;1;0;1;112;
17.07.2026;NEVZAT ECZA DEPOSU;NEVZAT SAMSUN;8680001138647;ÖZLEM ECZANESİ;SINOP DOGU-BATI ILCELER;GRİPORT COLD;Griport Cold 20 Film Kaplı Tablet;6;1;7;505;
17.07.2026;SELÇUK ECZA DEPOSU;SELÇUK SAMSUN;8680001124565;TÜRKELİ ECZANESİ;SINOP DOGU-BATI ILCELER;MOKSEFEN;Moksefen 400 mg 7 Film Tablet;10;3;13;1.490;
17.07.2026;SELÇUK ECZA DEPOSU;SELÇUK SAMSUN;8680001120871;YAŞAM ECZANESİ;SINOP DOGU-BATI ILCELER;PANOCER;Panocer 40 mg 28 Enterik Kaplı Tablet;10;3;13;1.053;
17.07.2026;ALLIANCE HEALTHCARE;AH SAMSUN;8680001651023;SERAY ECZANESİ;SINOP DOGU-BATI ILCELER;PANOCER;Panocer 40 mg 28 Enterik Kaplı Tablet;50;25;75;5.266;
17.07.2026;SELÇUK ECZA DEPOSU;SELÇUK SAMSUN;8680001340545;YENİ HAYAT ECZANESİ;SINOP DOGU-BATI ILCELER;PANOCER;Panocer 40 mg 28 Enterik Kaplı Tablet;30;12;42;3.159;
20.07.2026;NEVZAT ECZA DEPOSU;NEVZAT SAMSUN;8680001123124;YAVUZ ECZANESİ;SINOP DOGU-BATI ILCELER;ACİDPASS;Acidpass 10/800/165 mg 12 Çiğneme Tablet;10;1;11;1.122;
20.07.2026;İSTANBUL ECZA KOOP;İSKOOP MERKEZ;8680001120857;ÖNSOY ECZANESİ;SINOP DOGU-BATI ILCELER;ACİDPASS;Acidpass 10/800/165 mg 6 Çiğneme Tablet;2;0;2;138;
20.07.2026;İSTANBUL ECZA KOOP;İSKOOP MERKEZ;8680001120857;ÖNSOY ECZANESİ;SINOP DOGU-BATI ILCELER;GRİPORT COLD;Griport Cold 20 Film Kaplı Tablet;12;4;16;1.010;
20.07.2026;SELÇUK ECZA DEPOSU;SELÇUK SAMSUN;8680001120871;YAŞAM ECZANESİ;SINOP DOGU-BATI ILCELER;PANOCER;Panocer 40 mg 14 Enterik Kaplı Tablet;2;0;2;162;
21.07.2026;SELÇUK ECZA DEPOSU;SELÇUK SAMSUN;8680001123148;MERVE ECZANESİ;SINOP DOGU-BATI ILCELER;ACİDPASS;Acidpass 10/800/165 mg 12 Çiğneme Tablet;2;0;2;224;
21.07.2026;NEVZAT ECZA DEPOSU;NEVZAT SAMSUN;8680001116409;ERFELEK ECZANESİ;SINOP DOGU-BATI ILCELER;ACİDPASS;Acidpass 10/800/165 mg 12 Çiğneme Tablet;10;1;11;1.122;
23.07.2026;NEVZAT ECZA DEPOSU;NEVZAT SAMSUN;8680001121670;ŞİFA ECZANESİ;SINOP DOGU-BATI ILCELER;ACİDPASS;Acidpass 10/800/165 mg 12 Çiğneme Tablet;5;0;5;561;
24.07.2026;İSTANBUL ECZA KOOP;İSKOOP MERKEZ;8680001123148;MERVE ECZANESİ;SINOP DOGU-BATI ILCELER;ACİDPASS;Acidpass 10/800/165 mg 12 Çiğneme Tablet;2;0;2;224;
24.07.2026;İSTANBUL ECZA KOOP;İSKOOP MERKEZ;8680001120758;SIHHAT ECZANESİ;SINOP DOGU-BATI ILCELER;GRİPORT COLD;Griport Cold 20 Film Kaplı Tablet;6;1;7;505;
24.07.2026;SELÇUK ECZA DEPOSU;SELÇUK SAMSUN;8680001123148;MERVE ECZANESİ;SINOP DOGU-BATI ILCELER;PANOCER;Panocer 40 mg 28 Enterik Kaplı Tablet;10;3;13;1.053;
24.07.2026;ALLIANCE HEALTHCARE;AH SAMSUN;8680001117536;YUMUK ECZANESİ;SINOP DOGU-BATI ILCELER;PANOCER;Panocer 40 mg 28 Enterik Kaplı Tablet;30;12;42;3.159;
24.07.2026;SELÇUK ECZA DEPOSU;SELÇUK SAMSUN;8680001683642;GÜZELKENT ECZANESİ;SINOP DOGU-BATI ILCELER;PANOCER;Panocer 40 mg 28 Enterik Kaplı Tablet;10;3;13;1.053;
25.07.2026;SELÇUK ECZA DEPOSU;SELÇUK SAMSUN;8680001120871;YAŞAM ECZANESİ;SINOP DOGU-BATI ILCELER;PANOCER;Panocer 40 mg 28 Enterik Kaplı Tablet;10;3;13;1.053;
25.07.2026;SELÇUK ECZA DEPOSU;SELÇUK SAMSUN;8680001123148;MERVE ECZANESİ;SINOP DOGU-BATI ILCELER;PANOCER;Panocer 40 mg 28 Enterik Kaplı Tablet;10;3;13;1.053;
27.07.2026;SELÇUK ECZA DEPOSU;SELÇUK SAMSUN;8680001123148;MERVE ECZANESİ;SINOP DOGU-BATI ILCELER;ACİDPASS;Acidpass 10/800/165 mg 12 Çiğneme Tablet;2;0;2;224;
27.07.2026;ALLIANCE HEALTHCARE;AH SAMSUN;8680001117536;YUMUK ECZANESİ;SINOP DOGU-BATI ILCELER;ACİDPASS;Acidpass 10/800/165 mg 12 Çiğneme Tablet;10;1;11;1.122;
28.07.2026;İSTANBUL ECZA KOOP;İSKOOP MERKEZ;8680001123179;YÜKSEL ECZANESİ;SINOP DOGU-BATI ILCELER;ACİDPASS;Acidpass 10/800/165 mg 12 Çiğneme Tablet;3;0;3;337;
28.07.2026;SELÇUK ECZA DEPOSU;SELÇUK SAMSUN;8680001683642;GÜZELKENT ECZANESİ;SINOP DOGU-BATI ILCELER;ACİDPASS;Acidpass 10/800/165 mg 12 Çiğneme Tablet;2;0;2;224;
28.07.2026;İSTANBUL ECZA KOOP;İSKOOP MERKEZ;8680001123179;YÜKSEL ECZANESİ;SINOP DOGU-BATI ILCELER;GRİPORT COLD;Griport Cold 20 Film Kaplı Tablet;12;4;16;1.010;
29.07.2026;İSTANBUL ECZA KOOP;İSKOOP MERKEZ;8680001123148;MERVE ECZANESİ;SINOP DOGU-BATI ILCELER;ACİDPASS;Acidpass 10/800/165 mg 12 Çiğneme Tablet;3;0;3;337;
29.07.2026;İSTANBUL ECZA KOOP;İSKOOP MERKEZ;8680001123148;MERVE ECZANESİ;SINOP DOGU-BATI ILCELER;ACİDPASS;Acidpass 10/800/165 mg 12 Çiğneme Tablet;2;0;2;224;
29.07.2026;SELÇUK ECZA DEPOSU;SELÇUK SAMSUN;8680001123148;MERVE ECZANESİ;SINOP DOGU-BATI ILCELER;GRİPORT COLD;Griport Cold 20 Film Kaplı Tablet;3;0;3;252;
29.07.2026;İSTANBUL ECZA KOOP;İSKOOP MERKEZ;8680001123124;YAVUZ ECZANESİ;SINOP DOGU-BATI ILCELER;GRİPORT COLD;Griport Cold 20 Film Kaplı Tablet;24;8;32;2.020;
29.07.2026;İSTANBUL ECZA KOOP;İSKOOP MERKEZ;8680001124565;TÜRKELİ ECZANESİ;SINOP DOGU-BATI ILCELER;PANOCER;Panocer 40 mg 28 Enterik Kaplı Tablet;10;3;13;1.053;
30.07.2026;SELÇUK ECZA DEPOSU;SELÇUK SAMSUN;8680001120871;YAŞAM ECZANESİ;SINOP DOGU-BATI ILCELER;ACİDPASS;Acidpass 10/800/165 mg 12 Çiğneme Tablet;2;0;2;224;
30.07.2026;SELÇUK ECZA DEPOSU;SELÇUK SAMSUN;8680001138647;ÖZLEM ECZANESİ;SINOP DOGU-BATI ILCELER;PANOCER;Panocer 40 mg 28 Enterik Kaplı Tablet;10;3;13;1.053;
31.07.2026;İSTANBUL ECZA KOOP;İSKOOP MERKEZ;8680001124381;ÖNCEL ECZANESİ;SINOP DOGU-BATI ILCELER;ACİDPASS;Acidpass 10/800/165 mg 12 Çiğneme Tablet;10;1;11;1.122;
31.07.2026;İSTANBUL ECZA KOOP;İSKOOP MERKEZ;8680001465699;GİZEM ECZANESİ;SINOP DOGU-BATI ILCELER;PANOCER;Panocer 40 mg 28 Enterik Kaplı Tablet;50;25;75;5.266;
02.07.2026;ALLIANCE HEALTHCARE;AH SAMSUN;8680001131433;BOYABAT ECZANESİ;SINOP GUNEY ILCELER;ACİDPASS;Acidpass 10/800/165 mg 12 Çiğneme Tablet;3;0;3;337;
02.07.2026;ALLIANCE HEALTHCARE;AH SAMSUN;8680001672936;BERKAY ECZANESİ;SINOP GUNEY ILCELER;PANOCER;Panocer 40 mg 28 Enterik Kaplı Tablet;10;3;13;1.053;
03.07.2026;ALLIANCE HEALTHCARE;AH SAMSUN;8680001429554;RÜYA ECZANESİ;SINOP GUNEY ILCELER;ACİDPASS;Acidpass 10/800/165 mg 12 Çiğneme Tablet;50;15;65;5.612;
03.07.2026;İSTANBUL ECZA KOOP;İSKOOP MERKEZ;8680001122202;TEK ECZANESİ;SINOP GUNEY ILCELER;MOKSEFEN;Moksefen 400 mg 7 Film Tablet;10;3;13;1.490;
03.07.2026;İSTANBUL ECZA KOOP;İSKOOP MERKEZ;8680001122202;TEK ECZANESİ;SINOP GUNEY ILCELER;PANOCER;Panocer 40 mg 28 Enterik Kaplı Tablet;10;3;13;1.053;
06.07.2026;ALLIANCE HEALTHCARE;AH SAMSUN;8680001479092;ÇINAR ECZANESİ;SINOP GUNEY ILCELER;ACİDPASS;Acidpass 10/800/165 mg 12 Çiğneme Tablet;2;0;2;224;
07.07.2026;SELÇUK ECZA DEPOSU;SELÇUK SAMSUN;8680001661886;SELVER ECZANE;SINOP GUNEY ILCELER;ACİDPASS;Acidpass 10/800/165 mg 12 Çiğneme Tablet;10;1;11;1.122;
07.07.2026;ALLIANCE HEALTHCARE;AH SAMSUN;8680001128792;ELİF ECZANESİ;SINOP GUNEY ILCELER;MOKSEFEN;Moksefen 400 mg 7 Film Tablet;20;10;30;2.980;
09.07.2026;NEVZAT ECZA DEPOSU;NEVZAT SAMSUN;8680001131433;BOYABAT ECZANESİ;SINOP GUNEY ILCELER;ACİDPASS;Acidpass 10/800/165 mg 12 Çiğneme Tablet;3;0;3;337;
10.07.2026;ALLIANCE HEALTHCARE;AH SAMSUN;8680001672936;BERKAY ECZANESİ;SINOP GUNEY ILCELER;ACİDPASS;Acidpass 10/800/165 mg 12 Çiğneme Tablet;1;0;1;112;
10.07.2026;ALLIANCE HEALTHCARE;AH SAMSUN;8680001672936;BERKAY ECZANESİ;SINOP GUNEY ILCELER;ACİDPASS;Acidpass 10/800/165 mg 12 Çiğneme Tablet;1;0;1;112;
11.07.2026;ALLIANCE HEALTHCARE;AH SAMSUN;8680001128792;ELİF ECZANESİ;SINOP GUNEY ILCELER;PANOCER;Panocer 40 mg 28 Enterik Kaplı Tablet;2;0;2;211;
13.07.2026;ALLIANCE HEALTHCARE;AH SAMSUN;8680001128792;ELİF ECZANESİ;SINOP GUNEY ILCELER;GRİPORT COLD;Griport Cold 20 Film Kaplı Tablet;1;0;1;84;
14.07.2026;ALLIANCE HEALTHCARE;AH SAMSUN;8680001601882;YAŞAM ECZANESİ;SINOP GUNEY ILCELER;ACİDPASS;Acidpass 10/800/165 mg 12 Çiğneme Tablet;1;0;1;112;
14.07.2026;ALLIANCE HEALTHCARE;AH SAMSUN;8680001672936;BERKAY ECZANESİ;SINOP GUNEY ILCELER;ACİDPASS;Acidpass 10/800/165 mg 12 Çiğneme Tablet;1;0;1;112;
14.07.2026;SELÇUK ECZA DEPOSU;SELÇUK SAMSUN;8680001902446;ŞAHİN ECZANESİ;SINOP GUNEY ILCELER;ACİDPASS;Acidpass 10/800/165 mg 12 Çiğneme Tablet;3;0;3;337;
14.07.2026;ALLIANCE HEALTHCARE;AH SAMSUN;8680001601882;YAŞAM ECZANESİ;SINOP GUNEY ILCELER;MOKSEFEN;Moksefen 400 mg 7 Film Tablet;10;3;13;1.490;
14.07.2026;ALLIANCE HEALTHCARE;AH SAMSUN;8680001128792;ELİF ECZANESİ;SINOP GUNEY ILCELER;PANOCER;Panocer 40 mg 28 Enterik Kaplı Tablet;1;0;1;105;
14.07.2026;SELÇUK ECZA DEPOSU;SELÇUK SAMSUN;8680001902446;ŞAHİN ECZANESİ;SINOP GUNEY ILCELER;PANOCER;Panocer 40 mg 28 Enterik Kaplı Tablet;10;3;13;1.053;
16.07.2026;ALLIANCE HEALTHCARE;AH SAMSUN;8680001131433;BOYABAT ECZANESİ;SINOP GUNEY ILCELER;PANOCER;Panocer 40 mg 28 Enterik Kaplı Tablet;10;3;13;1.053;
17.07.2026;ALLIANCE HEALTHCARE;AH SAMSUN;8680001601882;YAŞAM ECZANESİ;SINOP GUNEY ILCELER;PANOCER;Panocer 40 mg 28 Enterik Kaplı Tablet;10;3;13;1.053;
18.07.2026;SELÇUK ECZA DEPOSU;SELÇUK SAMSUN;8680001902446;ŞAHİN ECZANESİ;SINOP GUNEY ILCELER;ACİDPASS;Acidpass 10/800/165 mg 12 Çiğneme Tablet;2;0;2;224;
22.07.2026;ALLIANCE HEALTHCARE;AH SAMSUN;8680001672936;BERKAY ECZANESİ;SINOP GUNEY ILCELER;ACİDPASS;Acidpass 10/800/165 mg 12 Çiğneme Tablet;2;0;2;224;
23.07.2026;ALLIANCE HEALTHCARE;AH SAMSUN;8680001672936;BERKAY ECZANESİ;SINOP GUNEY ILCELER;ACİDPASS;Acidpass 10/800/165 mg 12 Çiğneme Tablet;1;0;1;112;
23.07.2026;NEVZAT ECZA DEPOSU;NEVZAT SAMSUN;8680001131815;ÖZCAN ECZANESİ;SINOP GUNEY ILCELER;ACİDPASS;Acidpass 10/800/165 mg 6 Çiğneme Tablet;2;0;2;138;
27.07.2026;İSTANBUL ECZA KOOP;İSKOOP MERKEZ;8680001129881;BÜYÜK ECZANESİ;SINOP GUNEY ILCELER;PANOCER;Panocer 40 mg 28 Enterik Kaplı Tablet;30;12;42;3.159;
27.07.2026;ALLIANCE HEALTHCARE;AH SAMSUN;8680001753574;NAZLI ECZANESİ;SINOP GUNEY ILCELER;PANOCER;Panocer 40 mg 28 Enterik Kaplı Tablet;10;3;13;1.053;
30.07.2026;İSTANBUL ECZA KOOP;İSKOOP MERKEZ;8680001122202;TEK ECZANESİ;SINOP GUNEY ILCELER;PANOCER;Panocer 40 mg 28 Enterik Kaplı Tablet;10;3;13;1.053;
31.07.2026;ALLIANCE HEALTHCARE;AH SAMSUN;8680001479092;ÇINAR ECZANESİ;SINOP GUNEY ILCELER;PANOCER;Panocer 40 mg 28 Enterik Kaplı Tablet;10;3;13;1.053;
01.07.2026;ALLIANCE HEALTHCARE;AH SAMSUN;8680001411641;KARADENİZ ECZANESİ;SINOP MERKEZ;ACİDPASS;Acidpass 10/800/165 mg 12 Çiğneme Tablet;20;3;23;2.245;
01.07.2026;ALLIANCE HEALTHCARE;AH SAMSUN;8680001114863;ADA ECZANESİ;SINOP MERKEZ;ACİDPASS;Acidpass 10/800/165 mg 12 Çiğneme Tablet;2;0;2;224;
01.07.2026;SELÇUK ECZA DEPOSU;SELÇUK SAMSUN;8680001646210;NİHAL ECZANESİ;SINOP MERKEZ;ACİDPASS;Acidpass 10/800/165 mg 12 Çiğneme Tablet;10;1;11;1.122;
02.07.2026;SELÇUK ECZA DEPOSU;SELÇUK SAMSUN;8680001263066;LAÇİN ECZANESİ;SINOP MERKEZ;ACİDPASS;Acidpass 10/800/165 mg 12 Çiğneme Tablet;2;0;2;224;
02.07.2026;NEVZAT ECZA DEPOSU;NEVZAT SAMSUN;8680001116393;ELİF ECZANESİ;SINOP MERKEZ;ACİDPASS;Acidpass 10/800/165 mg 12 Çiğneme Tablet;1;0;1;112;
02.07.2026;SELÇUK ECZA DEPOSU;SELÇUK SAMSUN;8680001116263;İNCİ ECZANESİ;SINOP MERKEZ;MOKSEFEN;Moksefen 400 mg 7 Film Tablet;20;10;30;2.980;
03.07.2026;ALLIANCE HEALTHCARE;AH SAMSUN;8680001117857;DRAMALI ECZANESİ;SINOP MERKEZ;PANOCER;Panocer 40 mg 28 Enterik Kaplı Tablet;3;0;3;316;
06.07.2026;SELÇUK ECZA DEPOSU;SELÇUK SAMSUN;8680001263066;LAÇİN ECZANESİ;SINOP MERKEZ;ACİDPASS;Acidpass 10/800/165 mg 12 Çiğneme Tablet;2;0;2;224;
06.07.2026;ALLIANCE HEALTHCARE;AH SAMSUN;8680001114863;ADA ECZANESİ;SINOP MERKEZ;ACİDPASS;Acidpass 10/800/165 mg 12 Çiğneme Tablet;1;0;1;112;
06.07.2026;ALLIANCE HEALTHCARE;AH SAMSUN;8680001715817;YASEMİN ECZANESİ;SINOP MERKEZ;GRİPORT COLD;Griport Cold 20 Film Kaplı Tablet;1;0;1;84;
06.07.2026;ALLIANCE HEALTHCARE;AH SAMSUN;8680001477241;ANIL ECZANESİ;SINOP MERKEZ;PANOCER;Panocer 40 mg 28 Enterik Kaplı Tablet;30;12;42;3.159;
07.07.2026;SELÇUK ECZA DEPOSU;SELÇUK SAMSUN;8680001113897;GÖKÇE ECZANESİ;SINOP MERKEZ;ACİDPASS;Acidpass 10/800/165 mg 12 Çiğneme Tablet;5;0;5;561;
07.07.2026;ALLIANCE HEALTHCARE;AH SAMSUN;8680001732029;CEMRE ECZANESİ;SINOP MERKEZ;PANOCER;Panocer 40 mg 28 Enterik Kaplı Tablet;10;3;13;1.053;
09.07.2026;ALLIANCE HEALTHCARE;AH SAMSUN;8680001114016;BURCU ECZANESİ;SINOP MERKEZ;PANOCER;Panocer 40 mg 28 Enterik Kaplı Tablet;10;3;13;1.053;
10.07.2026;ALLIANCE HEALTHCARE;AH SAMSUN;8680001732029;CEMRE ECZANESİ;SINOP MERKEZ;ACİDPASS;Acidpass 10/800/165 mg 12 Çiğneme Tablet;3;0;3;337;
10.07.2026;ALLIANCE HEALTHCARE;AH SAMSUN;8680001114016;BURCU ECZANESİ;SINOP MERKEZ;PANOCER;Panocer 40 mg 28 Enterik Kaplı Tablet;10;3;13;1.053;
13.07.2026;ALLIANCE HEALTHCARE;AH SAMSUN;8680001114016;BURCU ECZANESİ;SINOP MERKEZ;ACİDPASS;Acidpass 10/800/165 mg 12 Çiğneme Tablet;3;0;3;337;
13.07.2026;ALLIANCE HEALTHCARE;AH SAMSUN;8680001114016;BURCU ECZANESİ;SINOP MERKEZ;ACİDPASS;Acidpass 10/800/165 mg 6 Çiğneme Tablet;2;0;2;138;
13.07.2026;SELÇUK ECZA DEPOSU;SELÇUK SAMSUN;8680001263066;LAÇİN ECZANESİ;SINOP MERKEZ;MOKSEFEN;Moksefen 400 mg 7 Film Tablet;2;0;2;298;
14.07.2026;ALLIANCE HEALTHCARE;AH SAMSUN;8680001715817;YASEMİN ECZANESİ;SINOP MERKEZ;ACİDPASS;Acidpass 10/800/165 mg 12 Çiğneme Tablet;10;1;11;1.122;
16.07.2026;ALLIANCE HEALTHCARE;AH SAMSUN;8680001734962;GELİNCİK ECZANESİ;SINOP MERKEZ;FAMTREC;Famtrec 800/26,6mg 14 Film Kaplı Tablet;1;0;1;102;
16.07.2026;SELÇUK ECZA DEPOSU;SELÇUK SAMSUN;8680001734962;GELİNCİK ECZANESİ;SINOP MERKEZ;FAMTREC;Famtrec 800/26,6mg 14 Film Kaplı Tablet;2;0;2;204;
17.07.2026;ALLIANCE HEALTHCARE;AH SAMSUN;8680001117857;DRAMALI ECZANESİ;SINOP MERKEZ;ACİDPASS;Acidpass 10/800/165 mg 12 Çiğneme Tablet;5;0;5;561;
19.07.2026;NEVZAT ECZA DEPOSU;NEVZAT SAMSUN;8680001734962;GELİNCİK ECZANESİ;SINOP MERKEZ;ACİDPASS;Acidpass 10/800/165 mg 12 Çiğneme Tablet;40;6;46;4.489;
20.07.2026;ALLIANCE HEALTHCARE;AH SAMSUN;8680001114016;BURCU ECZANESİ;SINOP MERKEZ;ACİDPASS;Acidpass 10/800/165 mg 12 Çiğneme Tablet;3;0;3;337;
20.07.2026;SELÇUK ECZA DEPOSU;SELÇUK SAMSUN;8680001477241;ANIL ECZANESİ;SINOP MERKEZ;ACİDPASS;Acidpass 10/800/165 mg 12 Çiğneme Tablet;2;0;2;224;
20.07.2026;ALLIANCE HEALTHCARE;AH SAMSUN;8680001646210;NİHAL ECZANESİ;SINOP MERKEZ;ACİDPASS;Acidpass 10/800/165 mg 12 Çiğneme Tablet;10;1;11;1.122;
22.07.2026;ALLIANCE HEALTHCARE;AH SAMSUN;8680001114016;BURCU ECZANESİ;SINOP MERKEZ;ACİDPASS;Acidpass 10/800/165 mg 12 Çiğneme Tablet;5;0;5;561;
22.07.2026;ALLIANCE HEALTHCARE;AH SAMSUN;8680001114863;ADA ECZANESİ;SINOP MERKEZ;ACİDPASS;Acidpass 10/800/165 mg 12 Çiğneme Tablet;2;0;2;224;
22.07.2026;ALLIANCE HEALTHCARE;AH SAMSUN;8680001114610;DENİZ ECZANESİ;SINOP MERKEZ;PANOCER;Panocer 40 mg 28 Enterik Kaplı Tablet;10;3;13;1.053;
24.07.2026;SELÇUK ECZA DEPOSU;SELÇUK SAMSUN;8680001263066;LAÇİN ECZANESİ;SINOP MERKEZ;ACİDPASS;Acidpass 10/800/165 mg 12 Çiğneme Tablet;1;0;1;112;
24.07.2026;İSTANBUL ECZA KOOP;İSKOOP MERKEZ;8680001116393;ELİF ECZANESİ;SINOP MERKEZ;ACİDPASS;Acidpass 10/800/165 mg 12 Çiğneme Tablet;2;0;2;224;
24.07.2026;ALLIANCE HEALTHCARE;AH SAMSUN;8680001117857;DRAMALI ECZANESİ;SINOP MERKEZ;PANOCER;Panocer 40 mg 28 Enterik Kaplı Tablet;2;0;2;211;
27.07.2026;İSTANBUL ECZA KOOP;İSKOOP MERKEZ;8680001116393;ELİF ECZANESİ;SINOP MERKEZ;PANOCER;Panocer 40 mg 28 Enterik Kaplı Tablet;10;3;13;1.053;
28.07.2026;ALLIANCE HEALTHCARE;AH SAMSUN;8680001117857;DRAMALI ECZANESİ;SINOP MERKEZ;ACİDPASS;Acidpass 10/800/165 mg 12 Çiğneme Tablet;3;0;3;337;
29.07.2026;İSTANBUL ECZA KOOP;İSKOOP MERKEZ;8680001115051;BAŞAK ECZANESİ;SINOP MERKEZ;ACİDPASS;Acidpass 10/800/165 mg 12 Çiğneme Tablet;10;1;11;1.122;
29.07.2026;SELÇUK ECZA DEPOSU;SELÇUK SAMSUN;8680001646210;NİHAL ECZANESİ;SINOP MERKEZ;MOKSEFEN;Moksefen 400 mg 7 Film Tablet;10;3;13;1.490;
30.07.2026;SELÇUK ECZA DEPOSU;SELÇUK SAMSUN;8680001477241;ANIL ECZANESİ;SINOP MERKEZ;ACİDPASS;Acidpass 10/800/165 mg 12 Çiğneme Tablet;10;1;11;1.122;
30.07.2026;SELÇUK ECZA DEPOSU;SELÇUK SAMSUN;8680001263066;LAÇİN ECZANESİ;SINOP MERKEZ;PANOCER;Panocer 40 mg 28 Enterik Kaplı Tablet;2;0;2;211;
02.07.2026;SELÇUK ECZA DEPOSU;SELÇUK SAMSUN;8680001154920;KANDEMİR ECZANESİ;SIVAS BATI ILCELER;ACİDPASS;Acidpass 10/800/165 mg 12 Çiğneme Tablet;1;0;1;112;
02.07.2026;SELÇUK ECZA DEPOSU;SELÇUK SAMSUN;8680001137442;ÖZDAL ECZANESİ;SIVAS BATI ILCELER;PANOCER;Panocer 40 mg 28 Enterik Kaplı Tablet;10;3;13;1.053;
02.07.2026;SELÇUK ECZA DEPOSU;SELÇUK SAMSUN;8680001211012;ŞİFA ECZANESİ;SIVAS BATI ILCELER;PANOCER;Panocer 40 mg 28 Enterik Kaplı Tablet;10;3;13;1.053;
06.07.2026;SELÇUK ECZA DEPOSU;SELÇUK SAMSUN;8680001672981;ECEM ECZANESİ;SIVAS BATI ILCELER;PANOCER;Panocer 40 mg 28 Enterik Kaplı Tablet;10;3;13;1.053;
07.07.2026;SELÇUK ECZA DEPOSU;SELÇUK SAMSUN;8680001154920;KANDEMİR ECZANESİ;SIVAS BATI ILCELER;MOKSEFEN;Moksefen 400 mg 7 Film Tablet;1;0;1;149;
10.07.2026;SELÇUK ECZA DEPOSU;SELÇUK SAMSUN;8680001791217;EMİN ECZANESİ;SIVAS BATI ILCELER;PANOCER;Panocer 40 mg 28 Enterik Kaplı Tablet;2;0;2;211;
13.07.2026;SELÇUK ECZA DEPOSU;SELÇUK SAMSUN;8680001211012;ŞİFA ECZANESİ;SIVAS BATI ILCELER;PANOCER;Panocer 40 mg 28 Enterik Kaplı Tablet;10;3;13;1.053;
24.07.2026;SELÇUK ECZA DEPOSU;SELÇUK SAMSUN;8680001454211;GÜL ECZANESİ;SIVAS BATI ILCELER;ACİDPASS;Acidpass 10/800/165 mg 12 Çiğneme Tablet;2;0;2;224;
24.07.2026;SELÇUK ECZA DEPOSU;SELÇUK SAMSUN;8680001145058;KEVSER ECZANESİ;SIVAS BATI ILCELER;ACİDPASS;Acidpass 10/800/165 mg 12 Çiğneme Tablet;3;0;3;337;
25.07.2026;SELÇUK ECZA DEPOSU;SELÇUK SAMSUN;8680001154920;KANDEMİR ECZANESİ;SIVAS BATI ILCELER;PANOCER;Panocer 40 mg 28 Enterik Kaplı Tablet;50;25;75;5.266;
27.07.2026;SELÇUK ECZA DEPOSU;SELÇUK SAMSUN;8680001137442;ÖZDAL ECZANESİ;SIVAS BATI ILCELER;ACİDPASS;Acidpass 10/800/165 mg 12 Çiğneme Tablet;3;0;3;337;
27.07.2026;SELÇUK ECZA DEPOSU;SELÇUK SAMSUN;8680001145058;KEVSER ECZANESİ;SIVAS BATI ILCELER;ACİDPASS;Acidpass 10/800/165 mg 12 Çiğneme Tablet;5;0;5;561;
28.07.2026;NEVZAT ECZA DEPOSU;NEVZAT SAMSUN;8680001791217;EMİN ECZANESİ;SIVAS BATI ILCELER;ACİDPASS;Acidpass 10/800/165 mg 12 Çiğneme Tablet;1;0;1;112;
28.07.2026;SELÇUK ECZA DEPOSU;SELÇUK SAMSUN;8680001543656;ÇELİK ECZANESİ;SIVAS BATI ILCELER;MOKSEFEN;Moksefen 400 mg 7 Film Tablet;5;1;6;745;
28.07.2026;SELÇUK ECZA DEPOSU;SELÇUK SAMSUN;8680001454211;GÜL ECZANESİ;SIVAS BATI ILCELER;PANOCER;Panocer 40 mg 28 Enterik Kaplı Tablet;165;135;300;17.377;
28.07.2026;SELÇUK ECZA DEPOSU;SELÇUK SAMSUN;8680001595129;ADİL ECZANESİ;SIVAS BATI ILCELER;PANOCER;Panocer 40 mg 28 Enterik Kaplı Tablet;10;3;13;1.053;
29.07.2026;SELÇUK ECZA DEPOSU;SELÇUK SAMSUN;8680001154920;KANDEMİR ECZANESİ;SIVAS BATI ILCELER;ACİDPASS;Acidpass 10/800/165 mg 12 Çiğneme Tablet;2;0;2;224;
02.07.2026;SELÇUK ECZA DEPOSU;SELÇUK SAMSUN;8680001124336;AKINCILAR ECZANESİ;SIVAS DOGU ILCELER;ACİDPASS;Acidpass 10/800/165 mg 12 Çiğneme Tablet;3;0;3;337;
02.07.2026;SELÇUK ECZA DEPOSU;SELÇUK SAMSUN;8680001159048;EMRE ECZANESİ;SIVAS DOGU ILCELER;ACİDPASS;Acidpass 10/800/165 mg 12 Çiğneme Tablet;3;0;3;337;
03.07.2026;SELÇUK ECZA DEPOSU;SELÇUK SAMSUN;8680001159048;EMRE ECZANESİ;SIVAS DOGU ILCELER;PANOCER;Panocer 40 mg 28 Enterik Kaplı Tablet;30;12;42;3.159;
06.07.2026;SELÇUK ECZA DEPOSU;SELÇUK SAMSUN;8680001475599;SEVGİ ECZANESİ;SIVAS DOGU ILCELER;PANOCER;Panocer 40 mg 28 Enterik Kaplı Tablet;10;3;13;1.053;
07.07.2026;SELÇUK ECZA DEPOSU;SELÇUK SAMSUN;8680001159048;EMRE ECZANESİ;SIVAS DOGU ILCELER;ACİDPASS;Acidpass 10/800/165 mg 12 Çiğneme Tablet;2;0;2;224;
07.07.2026;SELÇUK ECZA DEPOSU;SELÇUK SAMSUN;8680001159048;EMRE ECZANESİ;SIVAS DOGU ILCELER;ACİDPASS;Acidpass 10/800/165 mg 6 Çiğneme Tablet;2;0;2;138;
13.07.2026;NEVZAT ECZA DEPOSU;NEVZAT SAMSUN;8680001152254;ŞİFA ECZANESİ;SIVAS DOGU ILCELER;ACİDPASS;Acidpass 10/800/165 mg 12 Çiğneme Tablet;1;0;1;112;
13.07.2026;SELÇUK ECZA DEPOSU;SELÇUK SAMSUN;8680001124336;AKINCILAR ECZANESİ;SIVAS DOGU ILCELER;PANOCER;Panocer 40 mg 28 Enterik Kaplı Tablet;4;0;4;421;
14.07.2026;SELÇUK ECZA DEPOSU;SELÇUK SAMSUN;8680001309467;ANADOLU ECZANESİ;SIVAS DOGU ILCELER;ACİDPASS;Acidpass 10/800/165 mg 12 Çiğneme Tablet;10;1;11;1.122;
14.07.2026;SELÇUK ECZA DEPOSU;SELÇUK SAMSUN;8680001309467;ANADOLU ECZANESİ;SIVAS DOGU ILCELER;PANOCER;Panocer 40 mg 28 Enterik Kaplı Tablet;50;25;75;5.266;
14.07.2026;NEVZAT ECZA DEPOSU;NEVZAT SAMSUN;8680001794225;İYİLİK ECZANESI;SIVAS DOGU ILCELER;PANOCER;Panocer 40 mg 28 Enterik Kaplı Tablet;10;3;13;1.053;
20.07.2026;SELÇUK ECZA DEPOSU;SELÇUK SAMSUN;8680001866250;SUŞEHRİ ECZANESİ;SIVAS DOGU ILCELER;ACİDPASS;Acidpass 10/800/165 mg 12 Çiğneme Tablet;2;0;2;224;
21.07.2026;SELÇUK ECZA DEPOSU;SELÇUK SAMSUN;8680001159048;EMRE ECZANESİ;SIVAS DOGU ILCELER;PANOCER;Panocer 40 mg 28 Enterik Kaplı Tablet;30;12;42;3.159;
22.07.2026;SELÇUK ECZA DEPOSU;SELÇUK SAMSUN;8680001656905;TÜRKİSTAN ECZANESİ;SIVAS DOGU ILCELER;MOKSEFEN;Moksefen 400 mg 7 Film Tablet;10;3;13;1.490;
23.07.2026;NEVZAT ECZA DEPOSU;NEVZAT SAMSUN;8680001152117;SİBEL ECZANESİ;SIVAS DOGU ILCELER;GRİPORT COLD;Griport Cold 20 Film Kaplı Tablet;6;1;7;505;
23.07.2026;SELÇUK ECZA DEPOSU;SELÇUK SAMSUN;8680001866250;SUŞEHRİ ECZANESİ;SIVAS DOGU ILCELER;GRİPORT COLD;Griport Cold 20 Film Kaplı Tablet;1;0;1;84;
28.07.2026;SELÇUK ECZA DEPOSU;SELÇUK SAMSUN;8680001605576;ŞİFA ECZANESİ;SIVAS DOGU ILCELER;ACİDPASS;Acidpass 10/800/165 mg 12 Çiğneme Tablet;2;0;2;224;
30.07.2026;SELÇUK ECZA DEPOSU;SELÇUK SAMSUN;8680001605576;ŞİFA ECZANESİ;SIVAS DOGU ILCELER;ACİDPASS;Acidpass 10/800/165 mg 12 Çiğneme Tablet;2;0;2;224;
30.07.2026;SELÇUK ECZA DEPOSU;SELÇUK SAMSUN;8680001863860;SENA ECZANESİ;SIVAS DOGU ILCELER;ACİDPASS;Acidpass 10/800/165 mg 12 Çiğneme Tablet;3;0;3;337;
01.07.2026;SELÇUK ECZA DEPOSU;SELÇUK SAMSUN;8680001653669;LOKMAN ECZANESİ;SIVAS GUNEY ILCELER;ACİDPASS;Acidpass 10/800/165 mg 12 Çiğneme Tablet;3;0;3;337;
01.07.2026;SELÇUK ECZA DEPOSU;SELÇUK SAMSUN;8680001838714;DERMAN ECZANESİ GÜRÜN;SIVAS GUNEY ILCELER;ACİDPASS;Acidpass 10/800/165 mg 12 Çiğneme Tablet;2;0;2;224;
01.07.2026;SELÇUK ECZA DEPOSU;SELÇUK SAMSUN;8680001154456;ŞİFA ECZANESİ;SIVAS GUNEY ILCELER;ACİDPASS;Acidpass 10/800/165 mg 6 Çiğneme Tablet;3;0;3;207;
02.07.2026;SELÇUK ECZA DEPOSU;SELÇUK SAMSUN;8680001653669;LOKMAN ECZANESİ;SIVAS GUNEY ILCELER;ACİDPASS;Acidpass 10/800/165 mg 12 Çiğneme Tablet;3;0;3;337;
02.07.2026;SELÇUK ECZA DEPOSU;SELÇUK SAMSUN;8680001693672;ÖZLEM ECZANESİ;SIVAS GUNEY ILCELER;PANOCER;Panocer 40 mg 28 Enterik Kaplı Tablet;10;3;13;1.053;
07.07.2026;SELÇUK ECZA DEPOSU;SELÇUK SAMSUN;8680001692422;KARACALAR ECZANESI;SIVAS GUNEY ILCELER;ACİDPASS;Acidpass 10/800/165 mg 6 Çiğneme Tablet;10;1;11;689;
07.07.2026;SELÇUK ECZA DEPOSU;SELÇUK SAMSUN;8680001154456;ŞİFA ECZANESİ;SIVAS GUNEY ILCELER;PANOCER;Panocer 40 mg 28 Enterik Kaplı Tablet;50;25;75;5.266;
08.07.2026;SELÇUK ECZA DEPOSU;SELÇUK SAMSUN;8680001653669;LOKMAN ECZANESİ;SIVAS GUNEY ILCELER;ACİDPASS;Acidpass 10/800/165 mg 12 Çiğneme Tablet;4;0;4;449;
10.07.2026;SELÇUK ECZA DEPOSU;SELÇUK SAMSUN;8680001146987;ŞİFA ECZANESİ;SIVAS GUNEY ILCELER;MOKSEFEN;Moksefen 400 mg 7 Film Tablet;5;1;6;745;
10.07.2026;SELÇUK ECZA DEPOSU;SELÇUK SAMSUN;8680001158492;ANADOLU ECZANESİ;SIVAS GUNEY ILCELER;MOKSEFEN;Moksefen 400 mg 7 Film Tablet;20;10;30;2.980;
10.07.2026;SELÇUK ECZA DEPOSU;SELÇUK SAMSUN;8680001158492;ANADOLU ECZANESİ;SIVAS GUNEY ILCELER;PANOCER;Panocer 40 mg 28 Enterik Kaplı Tablet;50;25;75;5.266;
13.07.2026;SELÇUK ECZA DEPOSU;SELÇUK SAMSUN;8680001141470;DİVRİĞİ ECZANESİ;SIVAS GUNEY ILCELER;ACİDPASS;Acidpass 10/800/165 mg 12 Çiğneme Tablet;10;1;11;1.122;
16.07.2026;SELÇUK ECZA DEPOSU;SELÇUK SAMSUN;8680001154456;ŞİFA ECZANESİ;SIVAS GUNEY ILCELER;MOKSEFEN;Moksefen 400 mg 7 Film Tablet;5;1;6;745;
21.07.2026;SELÇUK ECZA DEPOSU;SELÇUK SAMSUN;8680001158492;ANADOLU ECZANESİ;SIVAS GUNEY ILCELER;FAMTREC;Famtrec 800/26,6mg 14 Film Kaplı Tablet;1;0;1;102;
24.07.2026;SELÇUK ECZA DEPOSU;SELÇUK SAMSUN;8680001146987;ŞİFA ECZANESİ;SIVAS GUNEY ILCELER;ACİDPASS;Acidpass 10/800/165 mg 12 Çiğneme Tablet;5;0;5;561;
26.07.2026;SELÇUK ECZA DEPOSU;SELÇUK SAMSUN;8680001692767;BÜŞRA ECZANESİ;SIVAS GUNEY ILCELER;ACİDPASS;Acidpass 10/800/165 mg 12 Çiğneme Tablet;3;0;3;337;
28.07.2026;SELÇUK ECZA DEPOSU;SELÇUK SAMSUN;8680001154456;ŞİFA ECZANESİ;SIVAS GUNEY ILCELER;ACİDPASS;Acidpass 10/800/165 mg 12 Çiğneme Tablet;1;0;1;112;
29.07.2026;SELÇUK ECZA DEPOSU;SELÇUK SAMSUN;8680001693672;ÖZLEM ECZANESİ;SIVAS GUNEY ILCELER;PANOCER;Panocer 40 mg 28 Enterik Kaplı Tablet;10;3;13;1.053;
30.07.2026;SELÇUK ECZA DEPOSU;SELÇUK SAMSUN;8680001692767;BÜŞRA ECZANESİ;SIVAS GUNEY ILCELER;ACİDPASS;Acidpass 10/800/165 mg 12 Çiğneme Tablet;3;0;3;337;
30.07.2026;SELÇUK ECZA DEPOSU;SELÇUK SAMSUN;8680001653669;LOKMAN ECZANESİ;SIVAS GUNEY ILCELER;MOKSEFEN;Moksefen 400 mg 7 Film Tablet;2;0;2;298;
31.07.2026;SELÇUK ECZA DEPOSU;SELÇUK SAMSUN;8680001146987;ŞİFA ECZANESİ;SIVAS GUNEY ILCELER;ACİDPASS;Acidpass 10/800/165 mg 12 Çiğneme Tablet;5;0;5;561;
17.07.2026;SELÇUK ECZA DEPOSU;SELÇUK SAMSUN;8680001158904;ÖZDEN ECZANESİ;SIVAS MERKEZ -1;PANOCER;Panocer 40 mg 28 Enterik Kaplı Tablet;10;3;13;1.053;
27.07.2026;NEVZAT ECZA DEPOSU;NEVZAT SAMSUN;8680001113064;EREN ECZANESİ;SIVAS MERKEZ -1;ACİDPASS;Acidpass 10/800/165 mg 12 Çiğneme Tablet;10;1;11;1.122;
27.07.2026;SELÇUK ECZA DEPOSU;SELÇUK SAMSUN;8680001158966;ÖMÜR ECZANESİ;SIVAS MERKEZ -1;FAMTREC;Famtrec 800/26,6mg 14 Film Kaplı Tablet;2;0;2;204;
02.07.2026;SELÇUK ECZA DEPOSU;SELÇUK SAMSUN;8680001747061;İREM ECZANESİ;SIVAS MERKEZ -2;PANOCER;Panocer 40 mg 28 Enterik Kaplı Tablet;100;60;160;10.531;
06.07.2026;SELÇUK ECZA DEPOSU;SELÇUK SAMSUN;8680001151394;FIRAT ECZANESİ;SIVAS MERKEZ -2;PANOCER;Panocer 40 mg 28 Enterik Kaplı Tablet;10;3;13;1.053;
07.07.2026;SELÇUK ECZA DEPOSU;SELÇUK SAMSUN;8680001151363;BAŞAK ECZANESİ;SIVAS MERKEZ -2;ACİDPASS;Acidpass 10/800/165 mg 12 Çiğneme Tablet;10;1;11;1.122;
07.07.2026;SELÇUK ECZA DEPOSU;SELÇUK SAMSUN;8680001511280;ANIL ECZANESİ;SIVAS MERKEZ -2;MOKSEFEN;Moksefen 400 mg 7 Film Tablet;1;0;1;149;
08.07.2026;SELÇUK ECZA DEPOSU;SELÇUK SAMSUN;8680001732586;BENGİSU ECZANESİ;SIVAS MERKEZ -2;ACİDPASS;Acidpass 10/800/165 mg 6 Çiğneme Tablet;1;0;1;69;
08.07.2026;SELÇUK ECZA DEPOSU;SELÇUK SAMSUN;8680001732586;BENGİSU ECZANESİ;SIVAS MERKEZ -2;ACİDPASS;Acidpass 10/800/165 mg 6 Çiğneme Tablet;1;0;1;69;
08.07.2026;SELÇUK ECZA DEPOSU;SELÇUK SAMSUN;8680001732586;BENGİSU ECZANESİ;SIVAS MERKEZ -2;GRİPORT COLD;Griport Cold 20 Film Kaplı Tablet;6;1;7;505;
08.07.2026;SELÇUK ECZA DEPOSU;SELÇUK SAMSUN;8680001117352;GÜLDEŞ ECZANESİ;SIVAS MERKEZ -2;MOKSEFEN;Moksefen 400 mg 7 Film Tablet;10;3;13;1.490;
08.07.2026;NEVZAT ECZA DEPOSU;NEVZAT SAMSUN;8680001151363;BAŞAK ECZANESİ;SIVAS MERKEZ -2;PANOCER;Panocer 40 mg 28 Enterik Kaplı Tablet;10;3;13;1.053;
10.07.2026;SELÇUK ECZA DEPOSU;SELÇUK SAMSUN;8680001122400;ARIKAN ECZANESİ;SIVAS MERKEZ -2;ACİDPASS;Acidpass 10/800/165 mg 12 Çiğneme Tablet;10;1;11;1.122;
10.07.2026;SELÇUK ECZA DEPOSU;SELÇUK SAMSUN;8680001715312;KEPENEK ECZANESI;SIVAS MERKEZ -2;ACİDPASS;Acidpass 10/800/165 mg 12 Çiğneme Tablet;50;15;65;5.612;
10.07.2026;SELÇUK ECZA DEPOSU;SELÇUK SAMSUN;8680001151363;BAŞAK ECZANESİ;SIVAS MERKEZ -2;PANOCER;Panocer 40 mg 28 Enterik Kaplı Tablet;10;3;13;1.053;
14.07.2026;SELÇUK ECZA DEPOSU;SELÇUK SAMSUN;8680001500154;CEYHUN ECZANESİ;SIVAS MERKEZ -2;ACİDPASS;Acidpass 10/800/165 mg 12 Çiğneme Tablet;10;1;11;1.122;
14.07.2026;SELÇUK ECZA DEPOSU;SELÇUK SAMSUN;8680001500154;CEYHUN ECZANESİ;SIVAS MERKEZ -2;ACİDPASS;Acidpass 10/800/165 mg 12 Çiğneme Tablet;10;1;11;1.122;
14.07.2026;SELÇUK ECZA DEPOSU;SELÇUK SAMSUN;8680001862221;ALİBABA ECZANESİ;SIVAS MERKEZ -2;ACİDPASS;Acidpass 10/800/165 mg 12 Çiğneme Tablet;10;1;11;1.122;
14.07.2026;SELÇUK ECZA DEPOSU;SELÇUK SAMSUN;8680001500154;CEYHUN ECZANESİ;SIVAS MERKEZ -2;GRİPORT COLD;Griport Cold 20 Film Kaplı Tablet;12;4;16;1.010;
14.07.2026;SELÇUK ECZA DEPOSU;SELÇUK SAMSUN;8680001500154;CEYHUN ECZANESİ;SIVAS MERKEZ -2;GRİPORT COLD;Griport Cold 20 Film Kaplı Tablet;6;1;7;505;
14.07.2026;SELÇUK ECZA DEPOSU;SELÇUK SAMSUN;8680001155835;SIHHAT ECZANESİ;SIVAS MERKEZ -2;PANOCER;Panocer 40 mg 28 Enterik Kaplı Tablet;50;25;75;5.266;
16.07.2026;SELÇUK ECZA DEPOSU;SELÇUK SAMSUN;8680001153893;ÇARŞI ECZANESİ;SIVAS MERKEZ -2;ACİDPASS;Acidpass 10/800/165 mg 12 Çiğneme Tablet;50;15;65;5.612;
16.07.2026;SELÇUK ECZA DEPOSU;SELÇUK SAMSUN;8680001158706;AKIN ECZANESİ;SIVAS MERKEZ -2;FAMTREC;Famtrec 800/26,6mg 14 Film Kaplı Tablet;1;0;1;102;
16.07.2026;SELÇUK ECZA DEPOSU;SELÇUK SAMSUN;8680001153893;ÇARŞI ECZANESİ;SIVAS MERKEZ -2;GRİPORT COLD;Griport Cold 20 Film Kaplı Tablet;6;1;7;505;
17.07.2026;SELÇUK ECZA DEPOSU;SELÇUK SAMSUN;8680001153893;ÇARŞI ECZANESİ;SIVAS MERKEZ -2;ACİDPASS;Acidpass 10/800/165 mg 6 Çiğneme Tablet;1;0;1;69;
17.07.2026;SELÇUK ECZA DEPOSU;SELÇUK SAMSUN;8680001151363;BAŞAK ECZANESİ;SIVAS MERKEZ -2;FAMTREC;Famtrec 800/26,6mg 14 Film Kaplı Tablet;5;1;6;511;
17.07.2026;SELÇUK ECZA DEPOSU;SELÇUK SAMSUN;8680001158317;ÇETİNKAYA ECZANESİ;SIVAS MERKEZ -2;GRİPORT COLD;Griport Cold 20 Film Kaplı Tablet;9;1;10;757;
17.07.2026;SELÇUK ECZA DEPOSU;SELÇUK SAMSUN;8680001153893;ÇARŞI ECZANESİ;SIVAS MERKEZ -2;GRİPORT COLD;Griport Cold 20 Film Kaplı Tablet;3;0;3;252;
17.07.2026;SELÇUK ECZA DEPOSU;SELÇUK SAMSUN;8680001158317;ÇETİNKAYA ECZANESİ;SIVAS MERKEZ -2;MOKSEFEN;Moksefen 400 mg 7 Film Tablet;5;1;6;745;
17.07.2026;SELÇUK ECZA DEPOSU;SELÇUK SAMSUN;8680001155835;SIHHAT ECZANESİ;SIVAS MERKEZ -2;MOKSEFEN;Moksefen 400 mg 7 Film Tablet;5;1;6;745;
17.07.2026;SELÇUK ECZA DEPOSU;SELÇUK SAMSUN;8680001153893;ÇARŞI ECZANESİ;SIVAS MERKEZ -2;PANOCER;Panocer 40 mg 28 Enterik Kaplı Tablet;30;12;42;3.159;
20.07.2026;SELÇUK ECZA DEPOSU;SELÇUK SAMSUN;8680001747061;İREM ECZANESİ;SIVAS MERKEZ -2;FAMTREC;Famtrec 800/26,6mg 14 Film Kaplı Tablet;5;1;6;511;
21.07.2026;SELÇUK ECZA DEPOSU;SELÇUK SAMSUN;8680001691166;SIVAS ECZANESI;SIVAS MERKEZ -2;FAMTREC;Famtrec 800/26,6mg 14 Film Kaplı Tablet;1;0;1;102;
21.07.2026;SELÇUK ECZA DEPOSU;SELÇUK SAMSUN;8680001511280;ANIL ECZANESİ;SIVAS MERKEZ -2;GRİPORT COLD;Griport Cold 20 Film Kaplı Tablet;-6;-3;-9;-505;
21.07.2026;SELÇUK ECZA DEPOSU;SELÇUK SAMSUN;8680001500161;AYKUT ECZANESİ;SIVAS MERKEZ -2;GRİPORT COLD;Griport Cold 20 Film Kaplı Tablet;3;0;3;252;
21.07.2026;SELÇUK ECZA DEPOSU;SELÇUK SAMSUN;8680001622016;BEYZA ECZANESİ;SIVAS MERKEZ -2;PANOCER;Panocer 40 mg 28 Enterik Kaplı Tablet;2;0;2;211;
22.07.2026;SELÇUK ECZA DEPOSU;SELÇUK SAMSUN;8680001604371;ŞENYURT ECZANESİ;SIVAS MERKEZ -2;PANOCER;Panocer 40 mg 28 Enterik Kaplı Tablet;10;3;13;1.053;
22.07.2026;SELÇUK ECZA DEPOSU;SELÇUK SAMSUN;8680001604371;ŞENYURT ECZANESİ;SIVAS MERKEZ -2;PANOCER;Panocer 40 mg 28 Enterik Kaplı Tablet;100;60;160;10.531;
22.07.2026;SELÇUK ECZA DEPOSU;SELÇUK SAMSUN;8680001715640;VİTAMİN ECZANESİ;SIVAS MERKEZ -2;PANOCER;Panocer 40 mg 28 Enterik Kaplı Tablet;10;3;13;1.053;
23.07.2026;SELÇUK ECZA DEPOSU;SELÇUK SAMSUN;8680001158706;AKIN ECZANESİ;SIVAS MERKEZ -2;FAMTREC;Famtrec 800/26,6mg 14 Film Kaplı Tablet;1;0;1;102;
24.07.2026;SELÇUK ECZA DEPOSU;SELÇUK SAMSUN;8680001151363;BAŞAK ECZANESİ;SIVAS MERKEZ -2;ACİDPASS;Acidpass 10/800/165 mg 12 Çiğneme Tablet;2;0;2;224;
24.07.2026;SELÇUK ECZA DEPOSU;SELÇUK SAMSUN;8680001554294;TARIK ECZANESİ;SIVAS MERKEZ -2;PANOCER;Panocer 40 mg 28 Enterik Kaplı Tablet;4;0;4;421;
27.07.2026;SELÇUK ECZA DEPOSU;SELÇUK SAMSUN;8680001862221;ALİBABA ECZANESİ;SIVAS MERKEZ -2;ACİDPASS;Acidpass 10/800/165 mg 12 Çiğneme Tablet;10;1;11;1.122;
27.07.2026;SELÇUK ECZA DEPOSU;SELÇUK SAMSUN;8680001127269;VATAN ECZANESİ;SIVAS MERKEZ -2;PANOCER;Panocer 40 mg 28 Enterik Kaplı Tablet;10;3;13;1.053;
28.07.2026;SELÇUK ECZA DEPOSU;SELÇUK SAMSUN;8680001511280;ANIL ECZANESİ;SIVAS MERKEZ -2;ACİDPASS;Acidpass 10/800/165 mg 12 Çiğneme Tablet;10;1;11;1.122;
28.07.2026;SELÇUK ECZA DEPOSU;SELÇUK SAMSUN;8680001500161;AYKUT ECZANESİ;SIVAS MERKEZ -2;FAMTREC;Famtrec 800/26,6mg 14 Film Kaplı Tablet;2;0;2;204;
28.07.2026;SELÇUK ECZA DEPOSU;SELÇUK SAMSUN;8680001122400;ARIKAN ECZANESİ;SIVAS MERKEZ -2;GRİPORT COLD;Griport Cold 20 Film Kaplı Tablet;-31;-15;-46;-2.609;
29.07.2026;SELÇUK ECZA DEPOSU;SELÇUK SAMSUN;8680001127269;VATAN ECZANESİ;SIVAS MERKEZ -2;ACİDPASS;Acidpass 10/800/165 mg 12 Çiğneme Tablet;20;3;23;2.245;
29.07.2026;SELÇUK ECZA DEPOSU;SELÇUK SAMSUN;8680001117352;GÜLDEŞ ECZANESİ;SIVAS MERKEZ -2;PANOCER;Panocer 40 mg 28 Enterik Kaplı Tablet;10;3;13;1.053;
30.07.2026;SELÇUK ECZA DEPOSU;SELÇUK SAMSUN;8680001151363;BAŞAK ECZANESİ;SIVAS MERKEZ -2;FAMTREC;Famtrec 800/26,6mg 14 Film Kaplı Tablet;2;0;2;204;
31.07.2026;SELÇUK ECZA DEPOSU;SELÇUK SAMSUN;8680001715992;EKİCİ ECZANESİ;SIVAS MERKEZ -2;PANOCER;Panocer 40 mg 28 Enterik Kaplı Tablet;2;0;2;211;
01.07.2026;SELÇUK ECZA DEPOSU;SELÇUK SAMSUN;8680001602865;ZEHRA ECZANESİ;SIVAS MERKEZ -3;GRİPORT COLD;Griport Cold 20 Film Kaplı Tablet;1;0;1;84;
02.07.2026;SELÇUK ECZA DEPOSU;SELÇUK SAMSUN;8680001137718;ŞİFA ECZANESİ;SIVAS MERKEZ -3;ACİDPASS;Acidpass 10/800/165 mg 12 Çiğneme Tablet;2;0;2;224;
02.07.2026;SELÇUK ECZA DEPOSU;SELÇUK SAMSUN;8680001653232;AYDOĞAN ECZANESİ;SIVAS MERKEZ -3;PANOCER;Panocer 40 mg 28 Enterik Kaplı Tablet;30;12;42;3.159;
03.07.2026;NEVZAT ECZA DEPOSU;NEVZAT SAMSUN;8680001137718;ŞİFA ECZANESİ;SIVAS MERKEZ -3;PANOCER;Panocer 40 mg 28 Enterik Kaplı Tablet;50;25;75;5.266;
09.07.2026;NEVZAT ECZA DEPOSU;NEVZAT SAMSUN;8680001594429;İSTANBUL ECZANESİ;SIVAS MERKEZ -3;PANOCER;Panocer 40 mg 28 Enterik Kaplı Tablet;10;3;13;1.053;
13.07.2026;SELÇUK ECZA DEPOSU;SELÇUK SAMSUN;8680001146680;HİKMET ECZANESİ;SIVAS MERKEZ -3;ACİDPASS;Acidpass 10/800/165 mg 12 Çiğneme Tablet;40;6;46;4.489;
13.07.2026;SELÇUK ECZA DEPOSU;SELÇUK SAMSUN;8680001146680;HİKMET ECZANESİ;SIVAS MERKEZ -3;GRİPORT COLD;Griport Cold 20 Film Kaplı Tablet;30;15;45;2.525;
13.07.2026;SELÇUK ECZA DEPOSU;SELÇUK SAMSUN;8680001146680;HİKMET ECZANESİ;SIVAS MERKEZ -3;GRİPORT COLD;Griport Cold 20 Film Kaplı Tablet;30;15;45;2.525;
14.07.2026;NEVZAT ECZA DEPOSU;NEVZAT SAMSUN;8680001189557;MEVLANA ECZANESİ;SIVAS MERKEZ -3;PANOCER;Panocer 40 mg 28 Enterik Kaplı Tablet;30;12;42;3.159;
16.07.2026;NEVZAT ECZA DEPOSU;NEVZAT SAMSUN;8680001189557;MEVLANA ECZANESİ;SIVAS MERKEZ -3;ACİDPASS;Acidpass 10/800/165 mg 12 Çiğneme Tablet;10;1;11;1.122;
16.07.2026;SELÇUK ECZA DEPOSU;SELÇUK SAMSUN;8680001594429;İSTANBUL ECZANESİ;SIVAS MERKEZ -3;ACİDPASS;Acidpass 10/800/165 mg 12 Çiğneme Tablet;10;1;11;1.122;
17.07.2026;SELÇUK ECZA DEPOSU;SELÇUK SAMSUN;8680001151370;ÇİĞDEM ECZANESİ;SIVAS MERKEZ -3;GRİPORT COLD;Griport Cold 20 Film Kaplı Tablet;6;1;7;505;
17.07.2026;SELÇUK ECZA DEPOSU;SELÇUK SAMSUN;8680001151370;ÇİĞDEM ECZANESİ;SIVAS MERKEZ -3;GRİPORT COLD;Griport Cold 20 Film Kaplı Tablet;5;0;5;421;
20.07.2026;SELÇUK ECZA DEPOSU;SELÇUK SAMSUN;8680001146680;HİKMET ECZANESİ;SIVAS MERKEZ -3;ACİDPASS;Acidpass 10/800/165 mg 12 Çiğneme Tablet;20;3;23;2.245;
20.07.2026;SELÇUK ECZA DEPOSU;SELÇUK SAMSUN;8680001146680;HİKMET ECZANESİ;SIVAS MERKEZ -3;ACİDPASS;Acidpass 10/800/165 mg 12 Çiğneme Tablet;40;6;46;4.489;
20.07.2026;SELÇUK ECZA DEPOSU;SELÇUK SAMSUN;8680001146680;HİKMET ECZANESİ;SIVAS MERKEZ -3;GRİPORT COLD;Griport Cold 20 Film Kaplı Tablet;30;15;45;2.525;
28.07.2026;SELÇUK ECZA DEPOSU;SELÇUK SAMSUN;8680001123544;KARADAYI ECZANESİ;SIVAS MERKEZ -3;ACİDPASS;Acidpass 10/800/165 mg 12 Çiğneme Tablet;2;0;2;224;
29.07.2026;SELÇUK ECZA DEPOSU;SELÇUK SAMSUN;8680001688746;GUNEŞ ECZANESİ;SIVAS MERKEZ -3;PANOCER;Panocer 40 mg 28 Enterik Kaplı Tablet;3;0;3;316;
03.07.2026;SELÇUK ECZA DEPOSU;SELÇUK SAMSUN;8680001154029;TUĞBA ECZANESİ;SIVAS MERKEZ -4;ACİDPASS;Acidpass 10/800/165 mg 6 Çiğneme Tablet;3;0;3;207;
03.07.2026;SELÇUK ECZA DEPOSU;SELÇUK SAMSUN;8680001463015;ASLAN ECZANESİ;SIVAS MERKEZ -4;GRİPORT COLD;Griport Cold 20 Film Kaplı Tablet;1;0;1;84;
03.07.2026;SELÇUK ECZA DEPOSU;SELÇUK SAMSUN;8680001713301;YENİŞEHİR ECZANESİ;SIVAS MERKEZ -4;GRİPORT COLD;Griport Cold 20 Film Kaplı Tablet;6;1;7;505;
03.07.2026;SELÇUK ECZA DEPOSU;SELÇUK SAMSUN;8680001568246;GÖKÇE ECZANESİ;SIVAS MERKEZ -4;PANOCER;Panocer 40 mg 28 Enterik Kaplı Tablet;10;3;13;1.053;
06.07.2026;SELÇUK ECZA DEPOSU;SELÇUK SAMSUN;8680001481132;BAHAR ECZANESİ;SIVAS MERKEZ -4;GRİPORT COLD;Griport Cold 20 Film Kaplı Tablet;5;0;5;421;
06.07.2026;SELÇUK ECZA DEPOSU;SELÇUK SAMSUN;8680001427741;ADA ECZANESİ;SIVAS MERKEZ -4;MOKSEFEN;Moksefen 400 mg 7 Film Tablet;2;0;2;298;
06.07.2026;SELÇUK ECZA DEPOSU;SELÇUK SAMSUN;8680001120017;DÖRTYOL ECZANESİ;SIVAS MERKEZ -4;PANOCER;Panocer 40 mg 28 Enterik Kaplı Tablet;30;12;42;3.159;
07.07.2026;NEVZAT ECZA DEPOSU;NEVZAT SAMSUN;8680001510870;YENİ EMEK ECZANESİ;SIVAS MERKEZ -4;ACİDPASS;Acidpass 10/800/165 mg 12 Çiğneme Tablet;2;0;2;224;
07.07.2026;SELÇUK ECZA DEPOSU;SELÇUK SAMSUN;8680001127900;DOĞU ECZANESİ;SIVAS MERKEZ -4;PANOCER;Panocer 40 mg 28 Enterik Kaplı Tablet;30;12;42;3.159;
08.07.2026;SELÇUK ECZA DEPOSU;SELÇUK SAMSUN;8680001692910;AYBÜKE ECZANESİ;SIVAS MERKEZ -4;MOKSEFEN;Moksefen 400 mg 7 Film Tablet;5;1;6;745;
09.07.2026;SELÇUK ECZA DEPOSU;SELÇUK SAMSUN;8680001756490;AKASYA ECZANESİ;SIVAS MERKEZ -4;MOKSEFEN;Moksefen 400 mg 7 Film Tablet;5;1;6;745;
10.07.2026;SELÇUK ECZA DEPOSU;SELÇUK SAMSUN;8680001120147;4 EYLÜL ECZANESİ;SIVAS MERKEZ -4;PANOCER;Panocer 40 mg 28 Enterik Kaplı Tablet;165;135;300;17.377;
10.07.2026;SELÇUK ECZA DEPOSU;SELÇUK SAMSUN;8680001713301;YENİŞEHİR ECZANESİ;SIVAS MERKEZ -4;PANOCER;Panocer 40 mg 28 Enterik Kaplı Tablet;10;3;13;1.053;
10.07.2026;SELÇUK ECZA DEPOSU;SELÇUK SAMSUN;8680001500550;MAVİ ECZANE;SIVAS MERKEZ -4;PANOCER;Panocer 40 mg 28 Enterik Kaplı Tablet;10;3;13;1.053;
10.07.2026;SELÇUK ECZA DEPOSU;SELÇUK SAMSUN;8680001694587;ERGÜN ECZANESİ;SIVAS MERKEZ -4;PANOCER;Panocer 40 mg 28 Enterik Kaplı Tablet;10;3;13;1.053;
13.07.2026;SELÇUK ECZA DEPOSU;SELÇUK SAMSUN;8680001462650;BUKET ECZANESİ;SIVAS MERKEZ -4;GRİPORT COLD;Griport Cold 20 Film Kaplı Tablet;12;4;16;1.010;
16.07.2026;SELÇUK ECZA DEPOSU;SELÇUK SAMSUN;8680001647088;ÜNİVERSİTE ECZANESİ;SIVAS MERKEZ -4;PANOCER;Panocer 40 mg 28 Enterik Kaplı Tablet;10;3;13;1.053;
17.07.2026;NEVZAT ECZA DEPOSU;NEVZAT SAMSUN;8680001123421;KOÇAK ECZANESİ;SIVAS MERKEZ -4;ACİDPASS;Acidpass 10/800/165 mg 12 Çiğneme Tablet;3;0;3;337;
17.07.2026;SELÇUK ECZA DEPOSU;SELÇUK SAMSUN;8680001790173;SOYLU ECZANESİ;SIVAS MERKEZ -4;MOKSEFEN;Moksefen 400 mg 7 Film Tablet;10;3;13;1.490;
17.07.2026;SELÇUK ECZA DEPOSU;SELÇUK SAMSUN;8680001157341;FATİH ECZANESİ;SIVAS MERKEZ -4;PANOCER;Panocer 40 mg 28 Enterik Kaplı Tablet;165;135;300;17.377;
17.07.2026;SELÇUK ECZA DEPOSU;SELÇUK SAMSUN;8680001118007;NUR ECZANESİ;SIVAS MERKEZ -4;PANOCER;Panocer 40 mg 28 Enterik Kaplı Tablet;30;12;42;3.159;
17.07.2026;SELÇUK ECZA DEPOSU;SELÇUK SAMSUN;8680001666584;SEVGİ ECZANESİ;SIVAS MERKEZ -4;PANOCER;Panocer 40 mg 28 Enterik Kaplı Tablet;10;3;13;1.053;
20.07.2026;SELÇUK ECZA DEPOSU;SELÇUK SAMSUN;8680001120147;4 EYLÜL ECZANESİ;SIVAS MERKEZ -4;MOKSEFEN;Moksefen 400 mg 7 Film Tablet;20;10;30;2.980;
20.07.2026;SELÇUK ECZA DEPOSU;SELÇUK SAMSUN;8680001559183;BAĞDAT ECZANESİ;SIVAS MERKEZ -4;PANOCER;Panocer 40 mg 28 Enterik Kaplı Tablet;10;3;13;1.053;
20.07.2026;SELÇUK ECZA DEPOSU;SELÇUK SAMSUN;8680001826919;ECE ECZANESİ;SIVAS MERKEZ -4;PANOCER;Panocer 40 mg 28 Enterik Kaplı Tablet;10;3;13;1.053;
21.07.2026;SELÇUK ECZA DEPOSU;SELÇUK SAMSUN;8680001117741;DERMAN ECZANESİ;SIVAS MERKEZ -4;ACİDPASS;Acidpass 10/800/165 mg 12 Çiğneme Tablet;10;1;11;1.122;
21.07.2026;SELÇUK ECZA DEPOSU;SELÇUK SAMSUN;8680001117741;DERMAN ECZANESİ;SIVAS MERKEZ -4;GRİPORT COLD;Griport Cold 20 Film Kaplı Tablet;12;4;16;1.010;
21.07.2026;SELÇUK ECZA DEPOSU;SELÇUK SAMSUN;8680001117741;DERMAN ECZANESİ;SIVAS MERKEZ -4;GRİPORT COLD;Griport Cold 20 Film Kaplı Tablet;3;0;3;252;
24.07.2026;SELÇUK ECZA DEPOSU;SELÇUK SAMSUN;8680001559183;BAĞDAT ECZANESİ;SIVAS MERKEZ -4;GRİPORT COLD;Griport Cold 20 Film Kaplı Tablet;-5;0;-5;-421;
27.07.2026;SELÇUK ECZA DEPOSU;SELÇUK SAMSUN;8680001568246;GÖKÇE ECZANESİ;SIVAS MERKEZ -4;ACİDPASS;Acidpass 10/800/165 mg 12 Çiğneme Tablet;2;0;2;224;
27.07.2026;SELÇUK ECZA DEPOSU;SELÇUK SAMSUN;8680001753376;MERAN ECZANESİ;SIVAS MERKEZ -4;MOKSEFEN;Moksefen 400 mg 7 Film Tablet;5;1;6;745;
28.07.2026;SELÇUK ECZA DEPOSU;SELÇUK SAMSUN;8680001510870;YENİ EMEK ECZANESİ;SIVAS MERKEZ -4;ACİDPASS;Acidpass 10/800/165 mg 12 Çiğneme Tablet;2;0;2;224;
28.07.2026;SELÇUK ECZA DEPOSU;SELÇUK SAMSUN;8680001790173;SOYLU ECZANESİ;SIVAS MERKEZ -4;ACİDPASS;Acidpass 10/800/165 mg 12 Çiğneme Tablet;2;0;2;224;
28.07.2026;SELÇUK ECZA DEPOSU;SELÇUK SAMSUN;8680001442232;BAYGÜNEŞ ECZANESİ;SIVAS MERKEZ -4;MOKSEFEN;Moksefen 400 mg 7 Film Tablet;5;1;6;745;
30.07.2026;SELÇUK ECZA DEPOSU;SELÇUK SAMSUN;8680001625666;EBRU ECZANESİ;SIVAS MERKEZ -4;ACİDPASS;Acidpass 10/800/165 mg 6 Çiğneme Tablet;2;0;2;138;
01.07.2026;SELÇUK ECZA DEPOSU;SELÇUK SAMSUN;8680001190881;ARTOVA ECZANESİ;TOKAT BATI ILCELER;PANOCER;Panocer 40 mg 28 Enterik Kaplı Tablet;30;12;42;3.159;
01.07.2026;SELÇUK ECZA DEPOSU;SELÇUK SAMSUN;8680001183937;SARAY ECZANESİ;TOKAT BATI ILCELER;PANOCER;Panocer 40 mg 28 Enterik Kaplı Tablet;30;12;42;3.159;
02.07.2026;NEVZAT ECZA DEPOSU;NEVZAT SAMSUN;8680001201907;SEÇKİN ECZANESİ;TOKAT BATI ILCELER;ACİDPASS;Acidpass 10/800/165 mg 6 Çiğneme Tablet;1;0;1;69;
02.07.2026;ALLIANCE HEALTHCARE;AH SAMSUN;8680001510818;FIRAT ECZANESİ;TOKAT BATI ILCELER;MOKSEFEN;Moksefen 400 mg 7 Film Tablet;10;3;13;1.490;
03.07.2026;ALLIANCE HEALTHCARE;AH SAMSUN;8680001484003;AŞIKOĞLU ECZANESİ;TOKAT BATI ILCELER;MOKSEFEN;Moksefen 400 mg 7 Film Tablet;20;10;30;2.980;
03.07.2026;SELÇUK ECZA DEPOSU;SELÇUK SAMSUN;8680001201907;SEÇKİN ECZANESİ;TOKAT BATI ILCELER;PANOCER;Panocer 40 mg 28 Enterik Kaplı Tablet;165;135;300;17.377;
03.07.2026;SELÇUK ECZA DEPOSU;SELÇUK SAMSUN;8680001935871;CEREN ECZANESI TURHAL;TOKAT BATI ILCELER;PANOCER;Panocer 40 mg 28 Enterik Kaplı Tablet;165;135;300;17.377;
06.07.2026;SELÇUK ECZA DEPOSU;SELÇUK SAMSUN;8680001190881;ARTOVA ECZANESİ;TOKAT BATI ILCELER;ACİDPASS;Acidpass 10/800/165 mg 12 Çiğneme Tablet;3;0;3;337;
06.07.2026;İSTANBUL ECZA KOOP;İSKOOP MERKEZ;8680001186853;YENİ PAZAR ECZANESİ;TOKAT BATI ILCELER;MOKSEFEN;Moksefen 400 mg 7 Film Tablet;-10;-3;-13;-1.490;
06.07.2026;NEVZAT ECZA DEPOSU;NEVZAT SAMSUN;8680001200238;YENİGÜN ECZANESİ;TOKAT BATI ILCELER;PANOCER;Panocer 40 mg 28 Enterik Kaplı Tablet;10;3;13;1.053;
07.07.2026;ALLIANCE HEALTHCARE;AH SAMSUN;8680001484003;AŞIKOĞLU ECZANESİ;TOKAT BATI ILCELER;ACİDPASS;Acidpass 10/800/165 mg 12 Çiğneme Tablet;10;1;11;1.122;
08.07.2026;SELÇUK ECZA DEPOSU;SELÇUK SAMSUN;8680001851881;GAZİOGLU ECZANESI;TOKAT BATI ILCELER;ACİDPASS;Acidpass 10/800/165 mg 12 Çiğneme Tablet;10;1;11;1.122;
10.07.2026;ALLIANCE HEALTHCARE;AH SAMSUN;8680001418923;CANDEMİR ECZANESİ;TOKAT BATI ILCELER;PANOCER;Panocer 40 mg 28 Enterik Kaplı Tablet;50;25;75;5.266;
13.07.2026;İSTANBUL ECZA KOOP;İSKOOP MERKEZ;8680001200238;YENİGÜN ECZANESİ;TOKAT BATI ILCELER;ACİDPASS;Acidpass 10/800/165 mg 12 Çiğneme Tablet;2;0;2;224;
13.07.2026;ALLIANCE HEALTHCARE;AH SAMSUN;8680001510818;FIRAT ECZANESİ;TOKAT BATI ILCELER;ACİDPASS;Acidpass 10/800/165 mg 12 Çiğneme Tablet;10;1;11;1.122;
16.07.2026;NEVZAT ECZA DEPOSU;NEVZAT SAMSUN;8680001317516;TUĞLUOĞLU ECZANESİ;TOKAT BATI ILCELER;ACİDPASS;Acidpass 10/800/165 mg 12 Çiğneme Tablet;2;0;2;224;
16.07.2026;ALLIANCE HEALTHCARE;AH SAMSUN;8680001198702;KOCATÜRK ECZANESİ;TOKAT BATI ILCELER;ACİDPASS;Acidpass 10/800/165 mg 12 Çiğneme Tablet;10;1;11;1.122;
17.07.2026;NEVZAT ECZA DEPOSU;NEVZAT SAMSUN;8680001418923;CANDEMİR ECZANESİ;TOKAT BATI ILCELER;GRİPORT COLD;Griport Cold 20 Film Kaplı Tablet;1;0;1;84;
18.07.2026;SELÇUK ECZA DEPOSU;SELÇUK SAMSUN;8680001183937;SARAY ECZANESİ;TOKAT BATI ILCELER;PANOCER;Panocer 40 mg 28 Enterik Kaplı Tablet;100;60;160;10.531;
19.07.2026;ALLIANCE HEALTHCARE;AH SAMSUN;8680001197590;FATİH ECZANESİ;TOKAT BATI ILCELER;ACİDPASS;Acidpass 10/800/165 mg 12 Çiğneme Tablet;3;0;3;337;
20.07.2026;NEVZAT ECZA DEPOSU;NEVZAT SAMSUN;8680001202973;SİNAN ECZANESİ;TOKAT BATI ILCELER;ACİDPASS;Acidpass 10/800/165 mg 12 Çiğneme Tablet;10;1;11;1.122;
20.07.2026;NEVZAT ECZA DEPOSU;NEVZAT SAMSUN;8680001200238;YENİGÜN ECZANESİ;TOKAT BATI ILCELER;ACİDPASS;Acidpass 10/800/165 mg 12 Çiğneme Tablet;5;0;5;561;
20.07.2026;SELÇUK ECZA DEPOSU;SELÇUK SAMSUN;8680001190881;ARTOVA ECZANESİ;TOKAT BATI ILCELER;PANOCER;Panocer 40 mg 28 Enterik Kaplı Tablet;10;3;13;1.053;
20.07.2026;ALLIANCE HEALTHCARE;AH SAMSUN;8680001186853;YENİ PAZAR ECZANESİ;TOKAT BATI ILCELER;PANOCER;Panocer 40 mg 28 Enterik Kaplı Tablet;30;12;42;3.159;
21.07.2026;SELÇUK ECZA DEPOSU;SELÇUK SAMSUN;8680001199198;BİZİM ECZANESİ;TOKAT BATI ILCELER;ACİDPASS;Acidpass 10/800/165 mg 12 Çiğneme Tablet;2;0;2;224;
21.07.2026;SELÇUK ECZA DEPOSU;SELÇUK SAMSUN;8680001199198;BİZİM ECZANESİ;TOKAT BATI ILCELER;MOKSEFEN;Moksefen 400 mg 7 Film Tablet;20;10;30;2.980;
21.07.2026;İSTANBUL ECZA KOOP;İSKOOP MERKEZ;8680001317516;TUĞLUOĞLU ECZANESİ;TOKAT BATI ILCELER;PANOCER;Panocer 40 mg 28 Enterik Kaplı Tablet;30;12;42;3.159;
21.07.2026;SELÇUK ECZA DEPOSU;SELÇUK SAMSUN;8680001183937;SARAY ECZANESİ;TOKAT BATI ILCELER;PANOCER;Panocer 40 mg 28 Enterik Kaplı Tablet;-100;-60;-160;-10.531;
22.07.2026;SELÇUK ECZA DEPOSU;SELÇUK SAMSUN;8680001935871;CEREN ECZANESI TURHAL;TOKAT BATI ILCELER;ACİDPASS;Acidpass 10/800/165 mg 12 Çiğneme Tablet;2;0;2;224;
22.07.2026;SELÇUK ECZA DEPOSU;SELÇUK SAMSUN;8680001200597;SAĞLIK ECZANESİ;TOKAT BATI ILCELER;PANOCER;Panocer 40 mg 28 Enterik Kaplı Tablet;-165;-135;-300;-17.376;
22.07.2026;SELÇUK ECZA DEPOSU;SELÇUK SAMSUN;8680001200597;SAĞLIK ECZANESİ;TOKAT BATI ILCELER;PANOCER;Panocer 40 mg 28 Enterik Kaplı Tablet;165;135;300;17.377;
23.07.2026;ALLIANCE HEALTHCARE;AH SAMSUN;8680001197590;FATİH ECZANESİ;TOKAT BATI ILCELER;PANOCER;Panocer 40 mg 28 Enterik Kaplı Tablet;10;3;13;1.053;
24.07.2026;NEVZAT ECZA DEPOSU;NEVZAT SAMSUN;8680001200238;YENİGÜN ECZANESİ;TOKAT BATI ILCELER;ACİDPASS;Acidpass 10/800/165 mg 12 Çiğneme Tablet;2;0;2;224;
24.07.2026;ALLIANCE HEALTHCARE;AH SAMSUN;8680001199297;ŞENBİL ECZANESİ;TOKAT BATI ILCELER;ACİDPASS;Acidpass 10/800/165 mg 12 Çiğneme Tablet;3;0;3;337;
24.07.2026;ALLIANCE HEALTHCARE;AH SAMSUN;8680001199297;ŞENBİL ECZANESİ;TOKAT BATI ILCELER;ACİDPASS;Acidpass 10/800/165 mg 12 Çiğneme Tablet;5;0;5;561;
24.07.2026;NEVZAT ECZA DEPOSU;NEVZAT SAMSUN;8680001198665;ONUR ECZANESİ;TOKAT BATI ILCELER;ACİDPASS;Acidpass 10/800/165 mg 12 Çiğneme Tablet;10;1;11;1.122;
24.07.2026;ALLIANCE HEALTHCARE;AH SAMSUN;8680001186853;YENİ PAZAR ECZANESİ;TOKAT BATI ILCELER;PANOCER;Panocer 40 mg 28 Enterik Kaplı Tablet;30;12;42;3.159;
26.07.2026;SELÇUK ECZA DEPOSU;SELÇUK SAMSUN;8680001204373;BURAK ECZANESİ;TOKAT BATI ILCELER;PANOCER;Panocer 40 mg 28 Enterik Kaplı Tablet;30;12;42;3.159;
27.07.2026;NEVZAT ECZA DEPOSU;NEVZAT SAMSUN;8680001317516;TUĞLUOĞLU ECZANESİ;TOKAT BATI ILCELER;ACİDPASS;Acidpass 10/800/165 mg 12 Çiğneme Tablet;2;0;2;224;
28.07.2026;ALLIANCE HEALTHCARE;AH SAMSUN;8680001183937;SARAY ECZANESİ;TOKAT BATI ILCELER;MOKSEFEN;Moksefen 400 mg 7 Film Tablet;5;1;6;745;
28.07.2026;İSTANBUL ECZA KOOP;İSKOOP MERKEZ;8680001200238;YENİGÜN ECZANESİ;TOKAT BATI ILCELER;PANOCER;Panocer 40 mg 28 Enterik Kaplı Tablet;10;3;13;1.053;
28.07.2026;SELÇUK ECZA DEPOSU;SELÇUK SAMSUN;8680001484003;AŞIKOĞLU ECZANESİ;TOKAT BATI ILCELER;PANOCER;Panocer 40 mg 28 Enterik Kaplı Tablet;10;3;13;1.053;
29.07.2026;SELÇUK ECZA DEPOSU;SELÇUK SAMSUN;8680001479344;YEŞİLYURT ECZANESİ;TOKAT BATI ILCELER;PANOCER;Panocer 40 mg 28 Enterik Kaplı Tablet;10;3;13;1.053;
30.07.2026;ALLIANCE HEALTHCARE;AH SAMSUN;8680001484003;AŞIKOĞLU ECZANESİ;TOKAT BATI ILCELER;PANOCER;Panocer 40 mg 28 Enterik Kaplı Tablet;10;3;13;1.053;
31.07.2026;NEVZAT ECZA DEPOSU;NEVZAT SAMSUN;8680001486854;ADIBELLİ ECZANESİ;TOKAT BATI ILCELER;ACİDPASS;Acidpass 10/800/165 mg 12 Çiğneme Tablet;20;3;23;2.245;
31.07.2026;ALLIANCE HEALTHCARE;AH SAMSUN;8680001183937;SARAY ECZANESİ;TOKAT BATI ILCELER;ACİDPASS;Acidpass 10/800/165 mg 12 Çiğneme Tablet;20;3;23;2.245;
02.07.2026;SELÇUK ECZA DEPOSU;SELÇUK SAMSUN;8680001216260;AKSOY ECZANESİ;TOKAT DOGU ILCELER;ACİDPASS;Acidpass 10/800/165 mg 6 Çiğneme Tablet;2;0;2;138;
02.07.2026;ALLIANCE HEALTHCARE;AH SAMSUN;8680001213573;TUĞLU ECZANESİ;TOKAT DOGU ILCELER;ACİDPASS;Acidpass 10/800/165 mg 6 Çiğneme Tablet;2;0;2;138;
03.07.2026;SELÇUK ECZA DEPOSU;SELÇUK SAMSUN;8680001185276;BAŞÇİFTLİK ECZANESİ;TOKAT DOGU ILCELER;ACİDPASS;Acidpass 10/800/165 mg 12 Çiğneme Tablet;2;0;2;224;
03.07.2026;SELÇUK ECZA DEPOSU;SELÇUK SAMSUN;8680001838660;BALIM ECZANESİ;TOKAT DOGU ILCELER;ACİDPASS;Acidpass 10/800/165 mg 12 Çiğneme Tablet;2;0;2;224;
03.07.2026;SELÇUK ECZA DEPOSU;SELÇUK SAMSUN;8680001838660;BALIM ECZANESİ;TOKAT DOGU ILCELER;ACİDPASS;Acidpass 10/800/165 mg 12 Çiğneme Tablet;2;0;2;224;
03.07.2026;SELÇUK ECZA DEPOSU;SELÇUK SAMSUN;8680001505012;MERKEZ ECZANESİ;TOKAT DOGU ILCELER;PANOCER;Panocer 40 mg 28 Enterik Kaplı Tablet;165;135;300;17.377;
03.07.2026;SELÇUK ECZA DEPOSU;SELÇUK SAMSUN;8680001430628;ALMUS ECZANESİ;TOKAT DOGU ILCELER;PANOCER;Panocer 40 mg 28 Enterik Kaplı Tablet;165;135;300;17.377;
06.07.2026;ALLIANCE HEALTHCARE;AH SAMSUN;8680001430628;ALMUS ECZANESİ;TOKAT DOGU ILCELER;ACİDPASS;Acidpass 10/800/165 mg 12 Çiğneme Tablet;10;1;11;1.122;
06.07.2026;SELÇUK ECZA DEPOSU;SELÇUK SAMSUN;8680001733743;ECZANE İLGİ;TOKAT DOGU ILCELER;ACİDPASS;Acidpass 10/800/165 mg 12 Çiğneme Tablet;2;0;2;224;
06.07.2026;NEVZAT ECZA DEPOSU;NEVZAT SAMSUN;8680001215720;ANADOLU ECZANESİ;TOKAT DOGU ILCELER;FAMTREC;Famtrec 800/26,6mg 14 Film Kaplı Tablet;1;0;1;102;
06.07.2026;ALLIANCE HEALTHCARE;AH SAMSUN;8680001216895;HAYAT ECZANESİ;TOKAT DOGU ILCELER;MOKSEFEN;Moksefen 400 mg 7 Film Tablet;20;10;30;2.980;
06.07.2026;SELÇUK ECZA DEPOSU;SELÇUK SAMSUN;8680001187010;YALÇIN ECZANESİ;TOKAT DOGU ILCELER;PANOCER;Panocer 40 mg 28 Enterik Kaplı Tablet;30;12;42;3.159;
07.07.2026;ALLIANCE HEALTHCARE;AH SAMSUN;8680001211371;YARAMIŞ ECZANESİ;TOKAT DOGU ILCELER;FAMTREC;Famtrec 800/26,6mg 14 Film Kaplı Tablet;2;0;2;204;
07.07.2026;NEVZAT ECZA DEPOSU;NEVZAT SAMSUN;8680001215720;ANADOLU ECZANESİ;TOKAT DOGU ILCELER;FAMTREC;Famtrec 800/26,6mg 14 Film Kaplı Tablet;5;1;6;511;
07.07.2026;ALLIANCE HEALTHCARE;AH SAMSUN;8680001212040;ARSLAN ECZANESİ;TOKAT DOGU ILCELER;FAMTREC;Famtrec 800/26,6mg 14 Film Kaplı Tablet;1;0;1;102;
07.07.2026;NEVZAT ECZA DEPOSU;NEVZAT SAMSUN;8680001168781;BENDUYLU ECZANESİ;TOKAT DOGU ILCELER;FAMTREC;Famtrec 800/26,6mg 14 Film Kaplı Tablet;1;0;1;102;
07.07.2026;NEVZAT ECZA DEPOSU;NEVZAT SAMSUN;8680001322312;50. YIL ECZANESİ;TOKAT DOGU ILCELER;FAMTREC;Famtrec 800/26,6mg 14 Film Kaplı Tablet;1;0;1;102;
07.07.2026;SELÇUK ECZA DEPOSU;SELÇUK SAMSUN;8680001561193;BAHARDALİ ECZANESİ;TOKAT DOGU ILCELER;FAMTREC;Famtrec 800/26,6mg 14 Film Kaplı Tablet;5;1;6;511;
07.07.2026;ALLIANCE HEALTHCARE;AH SAMSUN;8680001561193;BAHARDALİ ECZANESİ;TOKAT DOGU ILCELER;FAMTREC;Famtrec 800/26,6mg 14 Film Kaplı Tablet;5;1;6;511;
07.07.2026;ALLIANCE HEALTHCARE;AH SAMSUN;8680001561193;BAHARDALİ ECZANESİ;TOKAT DOGU ILCELER;FAMTREC;Famtrec 800/26,6mg 14 Film Kaplı Tablet;1;0;1;102;
07.07.2026;SELÇUK ECZA DEPOSU;SELÇUK SAMSUN;8680001397532;MEHMETOĞLU ECZANESİ;TOKAT DOGU ILCELER;PANOCER;Panocer 40 mg 28 Enterik Kaplı Tablet;30;12;42;3.159;
08.07.2026;SELÇUK ECZA DEPOSU;SELÇUK SAMSUN;8680001168781;BENDUYLU ECZANESİ;TOKAT DOGU ILCELER;FAMTREC;Famtrec 800/26,6mg 14 Film Kaplı Tablet;5;1;6;511;
08.07.2026;NEVZAT ECZA DEPOSU;NEVZAT SAMSUN;8680001236220;CERİTOĞLU ECZANESİ;TOKAT DOGU ILCELER;MOKSEFEN;Moksefen 400 mg 7 Film Tablet;5;1;6;745;
08.07.2026;SELÇUK ECZA DEPOSU;SELÇUK SAMSUN;8680001733828;DERYA DENİZ ECZANESİ;TOKAT DOGU ILCELER;PANOCER;Panocer 40 mg 28 Enterik Kaplı Tablet;30;12;42;3.159;
09.07.2026;ALLIANCE HEALTHCARE;AH SAMSUN;8680001212040;ARSLAN ECZANESİ;TOKAT DOGU ILCELER;FAMTREC;Famtrec 800/26,6mg 14 Film Kaplı Tablet;1;0;1;102;
09.07.2026;ALLIANCE HEALTHCARE;AH SAMSUN;8680001209552;SAĞLIK ECZANESİ;TOKAT DOGU ILCELER;FAMTREC;Famtrec 800/26,6mg 14 Film Kaplı Tablet;2;0;2;204;
09.07.2026;SELÇUK ECZA DEPOSU;SELÇUK SAMSUN;8680001216895;HAYAT ECZANESİ;TOKAT DOGU ILCELER;FAMTREC;Famtrec 800/26,6mg 14 Film Kaplı Tablet;1;0;1;102;
09.07.2026;ALLIANCE HEALTHCARE;AH SAMSUN;8680001211371;YARAMIŞ ECZANESİ;TOKAT DOGU ILCELER;PANOCER;Panocer 40 mg 28 Enterik Kaplı Tablet;165;135;300;17.377;
10.07.2026;NEVZAT ECZA DEPOSU;NEVZAT SAMSUN;8680001215690;LOKMAN ECZANESİ;TOKAT DOGU ILCELER;ACİDPASS;Acidpass 10/800/165 mg 12 Çiğneme Tablet;3;0;3;337;
10.07.2026;SELÇUK ECZA DEPOSU;SELÇUK SAMSUN;8680001216260;AKSOY ECZANESİ;TOKAT DOGU ILCELER;FAMTREC;Famtrec 800/26,6mg 14 Film Kaplı Tablet;1;0;1;102;
10.07.2026;ALLIANCE HEALTHCARE;AH SAMSUN;8680001212040;ARSLAN ECZANESİ;TOKAT DOGU ILCELER;FAMTREC;Famtrec 800/26,6mg 14 Film Kaplı Tablet;5;1;6;511;
10.07.2026;ALLIANCE HEALTHCARE;AH SAMSUN;8680001170678;GÖKHAN ECZANESİ;TOKAT DOGU ILCELER;FAMTREC;Famtrec 800/26,6mg 14 Film Kaplı Tablet;1;0;1;102;
10.07.2026;NEVZAT ECZA DEPOSU;NEVZAT SAMSUN;8680001322312;50. YIL ECZANESİ;TOKAT DOGU ILCELER;FAMTREC;Famtrec 800/26,6mg 14 Film Kaplı Tablet;1;0;1;102;
13.07.2026;ALLIANCE HEALTHCARE;AH SAMSUN;8680001216826;MERKEZ ECZANESİ;TOKAT DOGU ILCELER;ACİDPASS;Acidpass 10/800/165 mg 12 Çiğneme Tablet;3;0;3;337;
13.07.2026;ALLIANCE HEALTHCARE;AH SAMSUN;8680001561193;BAHARDALİ ECZANESİ;TOKAT DOGU ILCELER;ACİDPASS;Acidpass 10/800/165 mg 12 Çiğneme Tablet;2;0;2;224;
13.07.2026;ALLIANCE HEALTHCARE;AH SAMSUN;8680001211371;YARAMIŞ ECZANESİ;TOKAT DOGU ILCELER;FAMTREC;Famtrec 800/26,6mg 14 Film Kaplı Tablet;5;1;6;511;
13.07.2026;ALLIANCE HEALTHCARE;AH SAMSUN;8680001170678;GÖKHAN ECZANESİ;TOKAT DOGU ILCELER;FAMTREC;Famtrec 800/26,6mg 14 Film Kaplı Tablet;1;0;1;102;
13.07.2026;SELÇUK ECZA DEPOSU;SELÇUK SAMSUN;8680001699667;EGE ECZANESİ;TOKAT DOGU ILCELER;FAMTREC;Famtrec 800/26,6mg 14 Film Kaplı Tablet;2;0;2;204;
13.07.2026;SELÇUK ECZA DEPOSU;SELÇUK SAMSUN;8680001197606;SELVİ ECZANESİ;TOKAT DOGU ILCELER;PANOCER;Panocer 40 mg 28 Enterik Kaplı Tablet;10;3;13;1.053;
14.07.2026;SELÇUK ECZA DEPOSU;SELÇUK SAMSUN;8680001940974;OLTU ECZANESİ;TOKAT DOGU ILCELER;ACİDPASS;Acidpass 10/800/165 mg 12 Çiğneme Tablet;10;1;11;1.122;
14.07.2026;SELÇUK ECZA DEPOSU;SELÇUK SAMSUN;8680001216260;AKSOY ECZANESİ;TOKAT DOGU ILCELER;FAMTREC;Famtrec 800/26,6mg 14 Film Kaplı Tablet;5;1;6;511;
14.07.2026;SELÇUK ECZA DEPOSU;SELÇUK SAMSUN;8680001170678;GÖKHAN ECZANESİ;TOKAT DOGU ILCELER;FAMTREC;Famtrec 800/26,6mg 14 Film Kaplı Tablet;2;0;2;204;
14.07.2026;ALLIANCE HEALTHCARE;AH SAMSUN;8680001561193;BAHARDALİ ECZANESİ;TOKAT DOGU ILCELER;FAMTREC;Famtrec 800/26,6mg 14 Film Kaplı Tablet;10;2;12;1.022;
14.07.2026;NEVZAT ECZA DEPOSU;NEVZAT SAMSUN;8680001650163;ERGÜDEN ECZANESİ;TOKAT DOGU ILCELER;FAMTREC;Famtrec 800/26,6mg 14 Film Kaplı Tablet;2;0;2;204;
14.07.2026;İSTANBUL ECZA KOOP;İSKOOP MERKEZ;8680001650163;ERGÜDEN ECZANESİ;TOKAT DOGU ILCELER;FAMTREC;Famtrec 800/26,6mg 14 Film Kaplı Tablet;5;1;6;511;
14.07.2026;ALLIANCE HEALTHCARE;AH SAMSUN;8680001650163;ERGÜDEN ECZANESİ;TOKAT DOGU ILCELER;FAMTREC;Famtrec 800/26,6mg 14 Film Kaplı Tablet;5;1;6;511;
14.07.2026;SELÇUK ECZA DEPOSU;SELÇUK SAMSUN;8680001699667;EGE ECZANESİ;TOKAT DOGU ILCELER;FAMTREC;Famtrec 800/26,6mg 14 Film Kaplı Tablet;5;1;6;511;
14.07.2026;SELÇUK ECZA DEPOSU;SELÇUK SAMSUN;8680001840847;DOGA ECZANESI;TOKAT DOGU ILCELER;FAMTREC;Famtrec 800/26,6mg 14 Film Kaplı Tablet;1;0;1;102;
14.07.2026;SELÇUK ECZA DEPOSU;SELÇUK SAMSUN;8680001940974;OLTU ECZANESİ;TOKAT DOGU ILCELER;MOKSEFEN;Moksefen 400 mg 7 Film Tablet;20;10;30;2.980;
14.07.2026;SELÇUK ECZA DEPOSU;SELÇUK SAMSUN;8680001940974;OLTU ECZANESİ;TOKAT DOGU ILCELER;PANOCER;Panocer 40 mg 28 Enterik Kaplı Tablet;10;3;13;1.053;
15.07.2026;ALLIANCE HEALTHCARE;AH SAMSUN;8680001561193;BAHARDALİ ECZANESİ;TOKAT DOGU ILCELER;ACİDPASS;Acidpass 10/800/165 mg 12 Çiğneme Tablet;10;1;11;1.122;
15.07.2026;ALLIANCE HEALTHCARE;AH SAMSUN;8680001451562;ŞİFA ECZANESİ;TOKAT DOGU ILCELER;PANOCER;Panocer 40 mg 28 Enterik Kaplı Tablet;10;3;13;1.053;
16.07.2026;ALLIANCE HEALTHCARE;AH SAMSUN;8680001430628;ALMUS ECZANESİ;TOKAT DOGU ILCELER;ACİDPASS;Acidpass 10/800/165 mg 12 Çiğneme Tablet;20;3;23;2.245;
16.07.2026;NEVZAT ECZA DEPOSU;NEVZAT SAMSUN;8680001215720;ANADOLU ECZANESİ;TOKAT DOGU ILCELER;FAMTREC;Famtrec 800/26,6mg 14 Film Kaplı Tablet;10;2;12;1.022;
16.07.2026;NEVZAT ECZA DEPOSU;NEVZAT SAMSUN;8680001212040;ARSLAN ECZANESİ;TOKAT DOGU ILCELER;FAMTREC;Famtrec 800/26,6mg 14 Film Kaplı Tablet;5;1;6;511;
16.07.2026;ALLIANCE HEALTHCARE;AH SAMSUN;8680001209552;SAĞLIK ECZANESİ;TOKAT DOGU ILCELER;FAMTREC;Famtrec 800/26,6mg 14 Film Kaplı Tablet;3;0;3;307;
16.07.2026;SELÇUK ECZA DEPOSU;SELÇUK SAMSUN;8680001216895;HAYAT ECZANESİ;TOKAT DOGU ILCELER;FAMTREC;Famtrec 800/26,6mg 14 Film Kaplı Tablet;5;1;6;511;
16.07.2026;ALLIANCE HEALTHCARE;AH SAMSUN;8680001215690;LOKMAN ECZANESİ;TOKAT DOGU ILCELER;FAMTREC;Famtrec 800/26,6mg 14 Film Kaplı Tablet;1;0;1;102;
16.07.2026;SELÇUK ECZA DEPOSU;SELÇUK SAMSUN;8680001322312;50. YIL ECZANESİ;TOKAT DOGU ILCELER;FAMTREC;Famtrec 800/26,6mg 14 Film Kaplı Tablet;1;0;1;102;
16.07.2026;SELÇUK ECZA DEPOSU;SELÇUK SAMSUN;8680001789078;BETÜL ECZANESİ;TOKAT DOGU ILCELER;FAMTREC;Famtrec 800/26,6mg 14 Film Kaplı Tablet;1;0;1;102;
16.07.2026;NEVZAT ECZA DEPOSU;NEVZAT SAMSUN;8680001733828;DERYA DENİZ ECZANESİ;TOKAT DOGU ILCELER;MOKSEFEN;Moksefen 400 mg 7 Film Tablet;10;3;13;1.490;
16.07.2026;NEVZAT ECZA DEPOSU;NEVZAT SAMSUN;8680001451562;ŞİFA ECZANESİ;TOKAT DOGU ILCELER;PANOCER;Panocer 40 mg 28 Enterik Kaplı Tablet;165;135;300;17.377;
16.07.2026;ALLIANCE HEALTHCARE;AH SAMSUN;8680001451562;ŞİFA ECZANESİ;TOKAT DOGU ILCELER;PANOCER;Panocer 40 mg 28 Enterik Kaplı Tablet;10;3;13;1.053;
16.07.2026;SELÇUK ECZA DEPOSU;SELÇUK SAMSUN;8680001733811;SAĞLAM ECZANESİ;TOKAT DOGU ILCELER;PANOCER;Panocer 40 mg 28 Enterik Kaplı Tablet;165;135;300;17.377;
17.07.2026;SELÇUK ECZA DEPOSU;SELÇUK SAMSUN;8680001185276;BAŞÇİFTLİK ECZANESİ;TOKAT DOGU ILCELER;ACİDPASS;Acidpass 10/800/165 mg 12 Çiğneme Tablet;5;0;5;561;
17.07.2026;ALLIANCE HEALTHCARE;AH SAMSUN;8680001216826;MERKEZ ECZANESİ;TOKAT DOGU ILCELER;FAMTREC;Famtrec 800/26,6mg 14 Film Kaplı Tablet;5;1;6;511;
17.07.2026;ALLIANCE HEALTHCARE;AH SAMSUN;8680001170678;GÖKHAN ECZANESİ;TOKAT DOGU ILCELER;FAMTREC;Famtrec 800/26,6mg 14 Film Kaplı Tablet;1;0;1;102;
17.07.2026;ALLIANCE HEALTHCARE;AH SAMSUN;8680001209552;SAĞLIK ECZANESİ;TOKAT DOGU ILCELER;FAMTREC;Famtrec 800/26,6mg 14 Film Kaplı Tablet;2;0;2;204;
17.07.2026;SELÇUK ECZA DEPOSU;SELÇUK SAMSUN;8680001561193;BAHARDALİ ECZANESİ;TOKAT DOGU ILCELER;FAMTREC;Famtrec 800/26,6mg 14 Film Kaplı Tablet;5;1;6;511;
17.07.2026;ALLIANCE HEALTHCARE;AH SAMSUN;8680001561193;BAHARDALİ ECZANESİ;TOKAT DOGU ILCELER;FAMTREC;Famtrec 800/26,6mg 14 Film Kaplı Tablet;5;1;6;511;
17.07.2026;NEVZAT ECZA DEPOSU;NEVZAT SAMSUN;8680001446728;KILIÇ ECZANESİ;TOKAT DOGU ILCELER;PANOCER;Panocer 40 mg 28 Enterik Kaplı Tablet;10;3;13;1.053;
20.07.2026;ALLIANCE HEALTHCARE;AH SAMSUN;8680001170678;GÖKHAN ECZANESİ;TOKAT DOGU ILCELER;FAMTREC;Famtrec 800/26,6mg 14 Film Kaplı Tablet;1;0;1;102;
20.07.2026;ALLIANCE HEALTHCARE;AH SAMSUN;8680001561193;BAHARDALİ ECZANESİ;TOKAT DOGU ILCELER;FAMTREC;Famtrec 800/26,6mg 14 Film Kaplı Tablet;5;1;6;511;
20.07.2026;SELÇUK ECZA DEPOSU;SELÇUK SAMSUN;8680001685578;DEVA ECZANESİ;TOKAT DOGU ILCELER;FAMTREC;Famtrec 800/26,6mg 14 Film Kaplı Tablet;1;0;1;102;
20.07.2026;ALLIANCE HEALTHCARE;AH SAMSUN;8680001561193;BAHARDALİ ECZANESİ;TOKAT DOGU ILCELER;MOKSEFEN;Moksefen 400 mg 7 Film Tablet;1;0;1;149;
20.07.2026;SELÇUK ECZA DEPOSU;SELÇUK SAMSUN;8680001197606;SELVİ ECZANESİ;TOKAT DOGU ILCELER;PANOCER;Panocer 40 mg 28 Enterik Kaplı Tablet;10;3;13;1.053;
20.07.2026;SELÇUK ECZA DEPOSU;SELÇUK SAMSUN;8680001185276;BAŞÇİFTLİK ECZANESİ;TOKAT DOGU ILCELER;PANOCER;Panocer 40 mg 28 Enterik Kaplı Tablet;10;3;13;1.053;
21.07.2026;ALLIANCE HEALTHCARE;AH SAMSUN;8680001685578;DEVA ECZANESİ;TOKAT DOGU ILCELER;ACİDPASS;Acidpass 10/800/165 mg 12 Çiğneme Tablet;10;1;11;1.122;
21.07.2026;ALLIANCE HEALTHCARE;AH SAMSUN;8680001213573;TUĞLU ECZANESİ;TOKAT DOGU ILCELER;FAMTREC;Famtrec 800/26,6mg 14 Film Kaplı Tablet;5;1;6;511;
21.07.2026;ALLIANCE HEALTHCARE;AH SAMSUN;8680001170678;GÖKHAN ECZANESİ;TOKAT DOGU ILCELER;FAMTREC;Famtrec 800/26,6mg 14 Film Kaplı Tablet;1;0;1;102;
21.07.2026;ALLIANCE HEALTHCARE;AH SAMSUN;8680001215690;LOKMAN ECZANESİ;TOKAT DOGU ILCELER;FAMTREC;Famtrec 800/26,6mg 14 Film Kaplı Tablet;5;1;6;511;
21.07.2026;İSTANBUL ECZA KOOP;İSKOOP MERKEZ;8680001322312;50. YIL ECZANESİ;TOKAT DOGU ILCELER;FAMTREC;Famtrec 800/26,6mg 14 Film Kaplı Tablet;2;0;2;204;
21.07.2026;İSTANBUL ECZA KOOP;İSKOOP MERKEZ;8680001322312;50. YIL ECZANESİ;TOKAT DOGU ILCELER;FAMTREC;Famtrec 800/26,6mg 14 Film Kaplı Tablet;2;0;2;204;
21.07.2026;ALLIANCE HEALTHCARE;AH SAMSUN;8680001561193;BAHARDALİ ECZANESİ;TOKAT DOGU ILCELER;FAMTREC;Famtrec 800/26,6mg 14 Film Kaplı Tablet;5;1;6;511;
22.07.2026;SELÇUK ECZA DEPOSU;SELÇUK SAMSUN;8680001185276;BAŞÇİFTLİK ECZANESİ;TOKAT DOGU ILCELER;ACİDPASS;Acidpass 10/800/165 mg 12 Çiğneme Tablet;3;0;3;337;
22.07.2026;ALLIANCE HEALTHCARE;AH SAMSUN;8680001561193;BAHARDALİ ECZANESİ;TOKAT DOGU ILCELER;ACİDPASS;Acidpass 10/800/165 mg 12 Çiğneme Tablet;10;1;11;1.122;
22.07.2026;SELÇUK ECZA DEPOSU;SELÇUK SAMSUN;8680001185276;BAŞÇİFTLİK ECZANESİ;TOKAT DOGU ILCELER;FAMTREC;Famtrec 800/26,6mg 14 Film Kaplı Tablet;2;0;2;204;
22.07.2026;ALLIANCE HEALTHCARE;AH SAMSUN;8680001170678;GÖKHAN ECZANESİ;TOKAT DOGU ILCELER;FAMTREC;Famtrec 800/26,6mg 14 Film Kaplı Tablet;2;0;2;204;
22.07.2026;NEVZAT ECZA DEPOSU;NEVZAT SAMSUN;8680001322312;50. YIL ECZANESİ;TOKAT DOGU ILCELER;FAMTREC;Famtrec 800/26,6mg 14 Film Kaplı Tablet;5;1;6;511;
22.07.2026;SELÇUK ECZA DEPOSU;SELÇUK SAMSUN;8680001561193;BAHARDALİ ECZANESİ;TOKAT DOGU ILCELER;FAMTREC;Famtrec 800/26,6mg 14 Film Kaplı Tablet;5;1;6;511;
22.07.2026;ALLIANCE HEALTHCARE;AH SAMSUN;8680001685578;DEVA ECZANESİ;TOKAT DOGU ILCELER;FAMTREC;Famtrec 800/26,6mg 14 Film Kaplı Tablet;5;1;6;511;
22.07.2026;ALLIANCE HEALTHCARE;AH SAMSUN;8680001561193;BAHARDALİ ECZANESİ;TOKAT DOGU ILCELER;MOKSEFEN;Moksefen 400 mg 7 Film Tablet;5;1;6;745;
22.07.2026;SELÇUK ECZA DEPOSU;SELÇUK SAMSUN;8680001187010;YALÇIN ECZANESİ;TOKAT DOGU ILCELER;PANOCER;Panocer 40 mg 28 Enterik Kaplı Tablet;10;3;13;1.053;
23.07.2026;İSTANBUL ECZA KOOP;İSKOOP MERKEZ;8680001212040;ARSLAN ECZANESİ;TOKAT DOGU ILCELER;FAMTREC;Famtrec 800/26,6mg 14 Film Kaplı Tablet;25;5;30;2.555;
23.07.2026;SELÇUK ECZA DEPOSU;SELÇUK SAMSUN;8680001185276;BAŞÇİFTLİK ECZANESİ;TOKAT DOGU ILCELER;PANOCER;Panocer 40 mg 28 Enterik Kaplı Tablet;10;3;13;1.053;
23.07.2026;SELÇUK ECZA DEPOSU;SELÇUK SAMSUN;8680001185276;BAŞÇİFTLİK ECZANESİ;TOKAT DOGU ILCELER;PANOCER;Panocer 40 mg 28 Enterik Kaplı Tablet;165;135;300;17.377;
23.07.2026;SELÇUK ECZA DEPOSU;SELÇUK SAMSUN;8680001685578;DEVA ECZANESİ;TOKAT DOGU ILCELER;PANOCER;Panocer 40 mg 28 Enterik Kaplı Tablet;165;135;300;17.377;
24.07.2026;İSTANBUL ECZA KOOP;İSKOOP MERKEZ;8680001209552;SAĞLIK ECZANESİ;TOKAT DOGU ILCELER;ACİDPASS;Acidpass 10/800/165 mg 12 Çiğneme Tablet;10;1;11;1.122;
24.07.2026;NEVZAT ECZA DEPOSU;NEVZAT SAMSUN;8680001212040;ARSLAN ECZANESİ;TOKAT DOGU ILCELER;FAMTREC;Famtrec 800/26,6mg 14 Film Kaplı Tablet;10;2;12;1.022;
24.07.2026;NEVZAT ECZA DEPOSU;NEVZAT SAMSUN;8680001212040;ARSLAN ECZANESİ;TOKAT DOGU ILCELER;FAMTREC;Famtrec 800/26,6mg 14 Film Kaplı Tablet;10;2;12;1.022;
24.07.2026;NEVZAT ECZA DEPOSU;NEVZAT SAMSUN;8680001170678;GÖKHAN ECZANESİ;TOKAT DOGU ILCELER;FAMTREC;Famtrec 800/26,6mg 14 Film Kaplı Tablet;1;0;1;102;
24.07.2026;ALLIANCE HEALTHCARE;AH SAMSUN;8680001209552;SAĞLIK ECZANESİ;TOKAT DOGU ILCELER;FAMTREC;Famtrec 800/26,6mg 14 Film Kaplı Tablet;5;1;6;511;
24.07.2026;SELÇUK ECZA DEPOSU;SELÇUK SAMSUN;8680001397532;MEHMETOĞLU ECZANESİ;TOKAT DOGU ILCELER;PANOCER;Panocer 40 mg 28 Enterik Kaplı Tablet;30;12;42;3.159;
24.07.2026;SELÇUK ECZA DEPOSU;SELÇUK SAMSUN;8680001197606;SELVİ ECZANESİ;TOKAT DOGU ILCELER;PANOCER;Panocer 40 mg 28 Enterik Kaplı Tablet;30;12;42;3.159;
26.07.2026;SELÇUK ECZA DEPOSU;SELÇUK SAMSUN;8680001168781;BENDUYLU ECZANESİ;TOKAT DOGU ILCELER;FAMTREC;Famtrec 800/26,6mg 14 Film Kaplı Tablet;5;1;6;511;
27.07.2026;ALLIANCE HEALTHCARE;AH SAMSUN;8680001215690;LOKMAN ECZANESİ;TOKAT DOGU ILCELER;ACİDPASS;Acidpass 10/800/165 mg 12 Çiğneme Tablet;3;0;3;337;
27.07.2026;İSTANBUL ECZA KOOP;İSKOOP MERKEZ;8680001212040;ARSLAN ECZANESİ;TOKAT DOGU ILCELER;FAMTREC;Famtrec 800/26,6mg 14 Film Kaplı Tablet;100;20;120;10.219;
27.07.2026;İSTANBUL ECZA KOOP;İSKOOP MERKEZ;8680001322312;50. YIL ECZANESİ;TOKAT DOGU ILCELER;FAMTREC;Famtrec 800/26,6mg 14 Film Kaplı Tablet;50;10;60;5.109;
28.07.2026;ALLIANCE HEALTHCARE;AH SAMSUN;8680001170678;GÖKHAN ECZANESİ;TOKAT DOGU ILCELER;ACİDPASS;Acidpass 10/800/165 mg 12 Çiğneme Tablet;10;1;11;1.122;
28.07.2026;ALLIANCE HEALTHCARE;AH SAMSUN;8680001215720;ANADOLU ECZANESİ;TOKAT DOGU ILCELER;FAMTREC;Famtrec 800/26,6mg 14 Film Kaplı Tablet;50;10;60;5.109;
28.07.2026;ALLIANCE HEALTHCARE;AH SAMSUN;8680001561193;BAHARDALİ ECZANESİ;TOKAT DOGU ILCELER;MOKSEFEN;Moksefen 400 mg 7 Film Tablet;5;1;6;745;
29.07.2026;ALLIANCE HEALTHCARE;AH SAMSUN;8680001236220;CERİTOĞLU ECZANESİ;TOKAT DOGU ILCELER;ACİDPASS;Acidpass 10/800/165 mg 12 Çiğneme Tablet;10;1;11;1.122;
29.07.2026;NEVZAT ECZA DEPOSU;NEVZAT SAMSUN;8680001210572;İLÇEM ECZANESİ;TOKAT DOGU ILCELER;ACİDPASS;Acidpass 10/800/165 mg 12 Çiğneme Tablet;10;1;11;1.122;
29.07.2026;İSTANBUL ECZA KOOP;İSKOOP MERKEZ;8680001322312;50. YIL ECZANESİ;TOKAT DOGU ILCELER;FAMTREC;Famtrec 800/26,6mg 14 Film Kaplı Tablet;-2;0;-2;-204;
29.07.2026;İSTANBUL ECZA KOOP;İSKOOP MERKEZ;8680001322312;50. YIL ECZANESİ;TOKAT DOGU ILCELER;FAMTREC;Famtrec 800/26,6mg 14 Film Kaplı Tablet;-2;0;-2;-204;
29.07.2026;ALLIANCE HEALTHCARE;AH SAMSUN;8680001561193;BAHARDALİ ECZANESİ;TOKAT DOGU ILCELER;MOKSEFEN;Moksefen 400 mg 7 Film Tablet;20;10;30;2.980;
29.07.2026;ALLIANCE HEALTHCARE;AH SAMSUN;8680001236220;CERİTOĞLU ECZANESİ;TOKAT DOGU ILCELER;PANOCER;Panocer 40 mg 28 Enterik Kaplı Tablet;10;3;13;1.053;
01.07.2026;İSTANBUL ECZA KOOP;İSKOOP MERKEZ;8680001229338;HASAN ECZANESİ;TOKAT ERBAA;PANOCER;Panocer 40 mg 28 Enterik Kaplı Tablet;30;12;42;3.159;
01.07.2026;NEVZAT ECZA DEPOSU;NEVZAT SAMSUN;8680001242764;FATİH ECZANESİ;TOKAT ERBAA;PANOCER;Panocer 40 mg 28 Enterik Kaplı Tablet;30;12;42;3.159;
01.07.2026;ALLIANCE HEALTHCARE;AH SAMSUN;8680001673605;ASRIN ECZANESİ;TOKAT ERBAA;PANOCER;Panocer 40 mg 28 Enterik Kaplı Tablet;50;25;75;5.266;
02.07.2026;İSTANBUL ECZA KOOP;İSKOOP MERKEZ;8680001229338;HASAN ECZANESİ;TOKAT ERBAA;ACİDPASS;Acidpass 10/800/165 mg 12 Çiğneme Tablet;20;3;23;2.245;
02.07.2026;ALLIANCE HEALTHCARE;AH SAMSUN;8680001244560;HAKAN ECZANESİ;TOKAT ERBAA;PANOCER;Panocer 40 mg 28 Enterik Kaplı Tablet;165;135;300;17.377;
03.07.2026;SELÇUK ECZA DEPOSU;SELÇUK SAMSUN;8680001718139;TEMİZ ECZANESİ;TOKAT ERBAA;GRİPORT COLD;Griport Cold 20 Film Kaplı Tablet;12;4;16;1.010;
03.07.2026;SELÇUK ECZA DEPOSU;SELÇUK SAMSUN;8680001890323;CAN ECZANESİ;TOKAT ERBAA;PANOCER;Panocer 40 mg 28 Enterik Kaplı Tablet;5;0;5;527;
05.07.2026;ALLIANCE HEALTHCARE;AH SAMSUN;8680001229741;ASLI ECZANESİ;TOKAT ERBAA;GRİPORT COLD;Griport Cold 20 Film Kaplı Tablet;12;4;16;1.010;
06.07.2026;ALLIANCE HEALTHCARE;AH SAMSUN;8680001467563;ÇİÇEK ECZANESİ;TOKAT ERBAA;ACİDPASS;Acidpass 10/800/165 mg 12 Çiğneme Tablet;10;1;11;1.122;
07.07.2026;SELÇUK ECZA DEPOSU;SELÇUK SAMSUN;8680001235780;ERBAA ECZANESİ;TOKAT ERBAA;ACİDPASS;Acidpass 10/800/165 mg 12 Çiğneme Tablet;3;0;3;337;
07.07.2026;ALLIANCE HEALTHCARE;AH SAMSUN;8680001601097;YAŞAM ECZANESİ;TOKAT ERBAA;ACİDPASS;Acidpass 10/800/165 mg 12 Çiğneme Tablet;10;1;11;1.122;
07.07.2026;SELÇUK ECZA DEPOSU;SELÇUK SAMSUN;8680001235780;ERBAA ECZANESİ;TOKAT ERBAA;ACİDPASS;Acidpass 10/800/165 mg 6 Çiğneme Tablet;3;0;3;207;
08.07.2026;ALLIANCE HEALTHCARE;AH SAMSUN;8680001461363;YAMAN ECZANESİ;TOKAT ERBAA;GRİPORT COLD;Griport Cold 20 Film Kaplı Tablet;-29;-15;-44;-2.440;
09.07.2026;ALLIANCE HEALTHCARE;AH SAMSUN;8680001673605;ASRIN ECZANESİ;TOKAT ERBAA;ACİDPASS;Acidpass 10/800/165 mg 12 Çiğneme Tablet;2;0;2;224;
09.07.2026;NEVZAT ECZA DEPOSU;NEVZAT SAMSUN;8680001664030;CINAR ECZANESI;TOKAT ERBAA;GRİPORT COLD;Griport Cold 20 Film Kaplı Tablet;30;15;45;2.525;
09.07.2026;ALLIANCE HEALTHCARE;AH SAMSUN;8680001601097;YAŞAM ECZANESİ;TOKAT ERBAA;PANOCER;Panocer 40 mg 28 Enterik Kaplı Tablet;30;12;42;3.159;
10.07.2026;İSTANBUL ECZA KOOP;İSKOOP MERKEZ;8680001235780;ERBAA ECZANESİ;TOKAT ERBAA;PANOCER;Panocer 40 mg 28 Enterik Kaplı Tablet;165;135;300;17.377;
10.07.2026;SELÇUK ECZA DEPOSU;SELÇUK SAMSUN;8680001890323;CAN ECZANESİ;TOKAT ERBAA;PANOCER;Panocer 40 mg 28 Enterik Kaplı Tablet;10;3;13;1.053;
13.07.2026;İSTANBUL ECZA KOOP;İSKOOP MERKEZ;8680001244959;EREK ECZANESİ;TOKAT ERBAA;ACİDPASS;Acidpass 10/800/165 mg 12 Çiğneme Tablet;10;1;11;1.122;
13.07.2026;ALLIANCE HEALTHCARE;AH SAMSUN;8680001619481;MEYDAN ECZANESİ;TOKAT ERBAA;ACİDPASS;Acidpass 10/800/165 mg 12 Çiğneme Tablet;10;1;11;1.122;
13.07.2026;ALLIANCE HEALTHCARE;AH SAMSUN;8680001601097;YAŞAM ECZANESİ;TOKAT ERBAA;MOKSEFEN;Moksefen 400 mg 7 Film Tablet;10;3;13;1.490;
13.07.2026;SELÇUK ECZA DEPOSU;SELÇUK SAMSUN;8680001228744;LOKMAN ECZANESİ;TOKAT ERBAA;PANOCER;Panocer 40 mg 28 Enterik Kaplı Tablet;10;3;13;1.053;
13.07.2026;SELÇUK ECZA DEPOSU;SELÇUK SAMSUN;8680001819553;MERKEZ ECZANESİ;TOKAT ERBAA;PANOCER;Panocer 40 mg 28 Enterik Kaplı Tablet;30;12;42;3.159;
15.07.2026;ALLIANCE HEALTHCARE;AH SAMSUN;8680001718139;TEMİZ ECZANESİ;TOKAT ERBAA;FAMTREC;Famtrec 800/26,6mg 14 Film Kaplı Tablet;1;0;1;102;
15.07.2026;SELÇUK ECZA DEPOSU;SELÇUK SAMSUN;8680001236763;BALCI ECZANESİ;TOKAT ERBAA;PANOCER;Panocer 40 mg 14 Enterik Kaplı Tablet;10;3;13;809;
16.07.2026;SELÇUK ECZA DEPOSU;SELÇUK SAMSUN;8680001664030;CINAR ECZANESI;TOKAT ERBAA;ACİDPASS;Acidpass 10/800/165 mg 12 Çiğneme Tablet;150;60;210;16.835;
16.07.2026;İSTANBUL ECZA KOOP;İSKOOP MERKEZ;8680001235780;ERBAA ECZANESİ;TOKAT ERBAA;MOKSEFEN;Moksefen 400 mg 7 Film Tablet;10;3;13;1.490;
16.07.2026;İSTANBUL ECZA KOOP;İSKOOP MERKEZ;8680001229338;HASAN ECZANESİ;TOKAT ERBAA;PANOCER;Panocer 40 mg 28 Enterik Kaplı Tablet;10;3;13;1.053;
17.07.2026;ALLIANCE HEALTHCARE;AH SAMSUN;8680001518005;YUNUS EMRE ECZANESİ;TOKAT ERBAA;ACİDPASS;Acidpass 10/800/165 mg 12 Çiğneme Tablet;10;1;11;1.122;
17.07.2026;ALLIANCE HEALTHCARE;AH SAMSUN;8680001673605;ASRIN ECZANESİ;TOKAT ERBAA;ACİDPASS;Acidpass 10/800/165 mg 12 Çiğneme Tablet;3;0;3;337;
19.07.2026;SELÇUK ECZA DEPOSU;SELÇUK SAMSUN;8680001236763;BALCI ECZANESİ;TOKAT ERBAA;ACİDPASS;Acidpass 10/800/165 mg 12 Çiğneme Tablet;10;1;11;1.122;
20.07.2026;İSTANBUL ECZA KOOP;İSKOOP MERKEZ;8680001235780;ERBAA ECZANESİ;TOKAT ERBAA;ACİDPASS;Acidpass 10/800/165 mg 12 Çiğneme Tablet;5;0;5;561;
20.07.2026;NEVZAT ECZA DEPOSU;NEVZAT SAMSUN;8680001244560;HAKAN ECZANESİ;TOKAT ERBAA;ACİDPASS;Acidpass 10/800/165 mg 12 Çiğneme Tablet;10;1;11;1.122;
20.07.2026;İSTANBUL ECZA KOOP;İSKOOP MERKEZ;8680001235780;ERBAA ECZANESİ;TOKAT ERBAA;ACİDPASS;Acidpass 10/800/165 mg 6 Çiğneme Tablet;5;0;5;344;
20.07.2026;NEVZAT ECZA DEPOSU;NEVZAT SAMSUN;8680001236763;BALCI ECZANESİ;TOKAT ERBAA;GRİPORT COLD;Griport Cold 20 Film Kaplı Tablet;12;4;16;1.010;
21.07.2026;NEVZAT ECZA DEPOSU;NEVZAT SAMSUN;8680001197781;BURCU ECZANESİ;TOKAT ERBAA;PANOCER;Panocer 40 mg 28 Enterik Kaplı Tablet;10;3;13;1.053;
22.07.2026;İSTANBUL ECZA KOOP;İSKOOP MERKEZ;8680001245352;ELİF ECZANESİ;TOKAT ERBAA;ACİDPASS;Acidpass 10/800/165 mg 12 Çiğneme Tablet;20;3;23;2.245;
22.07.2026;ALLIANCE HEALTHCARE;AH SAMSUN;8680001673605;ASRIN ECZANESİ;TOKAT ERBAA;ACİDPASS;Acidpass 10/800/165 mg 12 Çiğneme Tablet;5;0;5;561;
22.07.2026;ALLIANCE HEALTHCARE;AH SAMSUN;8680001718139;TEMİZ ECZANESİ;TOKAT ERBAA;MOKSEFEN;Moksefen 400 mg 7 Film Tablet;5;1;6;745;
22.07.2026;SELÇUK ECZA DEPOSU;SELÇUK SAMSUN;8680001244560;HAKAN ECZANESİ;TOKAT ERBAA;PANOCER;Panocer 40 mg 14 Enterik Kaplı Tablet;10;3;13;809;
23.07.2026;NEVZAT ECZA DEPOSU;NEVZAT SAMSUN;8680001718313;ARSLAN ECZANESİ;TOKAT ERBAA;ACİDPASS;Acidpass 10/800/165 mg 12 Çiğneme Tablet;4;0;4;449;
23.07.2026;SELÇUK ECZA DEPOSU;SELÇUK SAMSUN;8680001243457;ÇAĞDAŞ ECZANESİ;TOKAT ERBAA;FAMTREC;Famtrec 800/26,6mg 14 Film Kaplı Tablet;1;0;1;102;
23.07.2026;İSTANBUL ECZA KOOP;İSKOOP MERKEZ;8680001245352;ELİF ECZANESİ;TOKAT ERBAA;PANOCER;Panocer 40 mg 28 Enterik Kaplı Tablet;50;25;75;5.266;
23.07.2026;SELÇUK ECZA DEPOSU;SELÇUK SAMSUN;8680001890323;CAN ECZANESİ;TOKAT ERBAA;PANOCER;Panocer 40 mg 28 Enterik Kaplı Tablet;5;0;5;527;
24.07.2026;ALLIANCE HEALTHCARE;AH SAMSUN;8680001718139;TEMİZ ECZANESİ;TOKAT ERBAA;ACİDPASS;Acidpass 10/800/165 mg 12 Çiğneme Tablet;2;0;2;224;
27.07.2026;İSTANBUL ECZA KOOP;İSKOOP MERKEZ;8680001244959;EREK ECZANESİ;TOKAT ERBAA;PANOCER;Panocer 40 mg 28 Enterik Kaplı Tablet;30;12;42;3.159;
27.07.2026;ALLIANCE HEALTHCARE;AH SAMSUN;8680001619481;MEYDAN ECZANESİ;TOKAT ERBAA;PANOCER;Panocer 40 mg 28 Enterik Kaplı Tablet;10;3;13;1.053;
29.07.2026;SELÇUK ECZA DEPOSU;SELÇUK SAMSUN;8680001890323;CAN ECZANESİ;TOKAT ERBAA;PANOCER;Panocer 40 mg 28 Enterik Kaplı Tablet;2;0;2;211;
30.07.2026;NEVZAT ECZA DEPOSU;NEVZAT SAMSUN;8680001236763;BALCI ECZANESİ;TOKAT ERBAA;ACİDPASS;Acidpass 10/800/165 mg 6 Çiğneme Tablet;3;0;3;207;
30.07.2026;SELÇUK ECZA DEPOSU;SELÇUK SAMSUN;8680001236763;BALCI ECZANESİ;TOKAT ERBAA;ACİDPASS;Acidpass 10/800/165 mg 6 Çiğneme Tablet;1;0;1;69;
30.07.2026;SELÇUK ECZA DEPOSU;SELÇUK SAMSUN;8680001197781;BURCU ECZANESİ;TOKAT ERBAA;PANOCER;Panocer 40 mg 28 Enterik Kaplı Tablet;10;3;13;1.053;
01.07.2026;SELÇUK ECZA DEPOSU;SELÇUK SAMSUN;8680001444090;VİTAMİN ECZANESİ;TOKAT MERKEZ -1;ACİDPASS;Acidpass 10/800/165 mg 12 Çiğneme Tablet;20;3;23;2.245;
01.07.2026;SELÇUK ECZA DEPOSU;SELÇUK SAMSUN;8680001172801;KARANFİL ECZANESİ;TOKAT MERKEZ -1;ACİDPASS;Acidpass 10/800/165 mg 12 Çiğneme Tablet;10;1;11;1.122;
01.07.2026;NEVZAT ECZA DEPOSU;NEVZAT SAMSUN;8680001444090;VİTAMİN ECZANESİ;TOKAT MERKEZ -1;ACİDPASS;Acidpass 10/800/165 mg 6 Çiğneme Tablet;10;1;11;689;
01.07.2026;SELÇUK ECZA DEPOSU;SELÇUK SAMSUN;8680001170043;ERGİN ECZANESİ;TOKAT MERKEZ -1;ACİDPASS;Acidpass 10/800/165 mg 6 Çiğneme Tablet;4;0;4;276;
01.07.2026;ALLIANCE HEALTHCARE;AH SAMSUN;8680001461233;GAZİ ÇATAK ECZANESİ;TOKAT MERKEZ -1;GRİPORT COLD;Griport Cold 20 Film Kaplı Tablet;1;0;1;84;
01.07.2026;ALLIANCE HEALTHCARE;AH SAMSUN;8680001174218;SÖNMEZ ECZANESİ;TOKAT MERKEZ -1;MOKSEFEN;Moksefen 400 mg 7 Film Tablet;5;1;6;745;
01.07.2026;ALLIANCE HEALTHCARE;AH SAMSUN;8680001171606;DURU ECZANESİ;TOKAT MERKEZ -1;PANOCER;Panocer 40 mg 28 Enterik Kaplı Tablet;10;3;13;1.053;
01.07.2026;ALLIANCE HEALTHCARE;AH SAMSUN;8680001666874;BUĞRA ECZANESİ;TOKAT MERKEZ -1;PANOCER;Panocer 40 mg 28 Enterik Kaplı Tablet;10;3;13;1.053;
02.07.2026;ALLIANCE HEALTHCARE;AH SAMSUN;8680001175123;SABUNCUOĞLU ECZANESİ;TOKAT MERKEZ -1;PANOCER;Panocer 40 mg 28 Enterik Kaplı Tablet;50;25;75;5.266;
03.07.2026;SELÇUK ECZA DEPOSU;SELÇUK SAMSUN;8680001197101;GONCA ECZANESİ;TOKAT MERKEZ -1;ACİDPASS;Acidpass 10/800/165 mg 6 Çiğneme Tablet;2;0;2;138;
03.07.2026;ALLIANCE HEALTHCARE;AH SAMSUN;8680001850105;AYSEGUL ECZANESI;TOKAT MERKEZ -1;MOKSEFEN;Moksefen 400 mg 7 Film Tablet;10;3;13;1.490;
06.07.2026;ALLIANCE HEALTHCARE;AH SAMSUN;8680001488667;DİLEK ECZANESİ;TOKAT MERKEZ -1;ACİDPASS;Acidpass 10/800/165 mg 12 Çiğneme Tablet;20;3;23;2.245;
06.07.2026;SELÇUK ECZA DEPOSU;SELÇUK SAMSUN;8680001167883;BURHAN ECZANESİ;TOKAT MERKEZ -1;ACİDPASS;Acidpass 10/800/165 mg 12 Çiğneme Tablet;10;1;11;1.122;
06.07.2026;SELÇUK ECZA DEPOSU;SELÇUK SAMSUN;8680001170500;KUMRU ECZANESI;TOKAT MERKEZ -1;ACİDPASS;Acidpass 10/800/165 mg 12 Çiğneme Tablet;2;0;2;224;
06.07.2026;ALLIANCE HEALTHCARE;AH SAMSUN;8680001166589;SORAL ECZANESİ;TOKAT MERKEZ -1;ACİDPASS;Acidpass 10/800/165 mg 12 Çiğneme Tablet;2;0;2;224;
06.07.2026;NEVZAT ECZA DEPOSU;NEVZAT SAMSUN;8680001177394;CAN ECZANESİ;TOKAT MERKEZ -1;ACİDPASS;Acidpass 10/800/165 mg 6 Çiğneme Tablet;1;0;1;69;
06.07.2026;SELÇUK ECZA DEPOSU;SELÇUK SAMSUN;8680001510504;BÜŞRA BULUT ECZANESİ;TOKAT MERKEZ -1;PANOCER;Panocer 40 mg 28 Enterik Kaplı Tablet;10;3;13;1.053;
07.07.2026;NEVZAT ECZA DEPOSU;NEVZAT SAMSUN;8680001396719;GÖKDERE ECZANESİ;TOKAT MERKEZ -1;ACİDPASS;Acidpass 10/800/165 mg 12 Çiğneme Tablet;3;0;3;337;
07.07.2026;ALLIANCE HEALTHCARE;AH SAMSUN;8680001186020;EVREN ECZANESİ;TOKAT MERKEZ -1;ACİDPASS;Acidpass 10/800/165 mg 12 Çiğneme Tablet;2;0;2;224;
07.07.2026;SELÇUK ECZA DEPOSU;SELÇUK SAMSUN;8680001170043;ERGİN ECZANESİ;TOKAT MERKEZ -1;ACİDPASS;Acidpass 10/800/165 mg 12 Çiğneme Tablet;5;0;5;561;
07.07.2026;SELÇUK ECZA DEPOSU;SELÇUK SAMSUN;8680001175123;SABUNCUOĞLU ECZANESİ;TOKAT MERKEZ -1;ACİDPASS;Acidpass 10/800/165 mg 12 Çiğneme Tablet;3;0;3;337;
07.07.2026;ALLIANCE HEALTHCARE;AH SAMSUN;8680001186020;EVREN ECZANESİ;TOKAT MERKEZ -1;ACİDPASS;Acidpass 10/800/165 mg 6 Çiğneme Tablet;2;0;2;138;
07.07.2026;SELÇUK ECZA DEPOSU;SELÇUK SAMSUN;8680001459100;MANSIZLAR ECZANESİ;TOKAT MERKEZ -1;MOKSEFEN;Moksefen 400 mg 7 Film Tablet;10;3;13;1.490;
07.07.2026;SELÇUK ECZA DEPOSU;SELÇUK SAMSUN;8680001774685;DEMİR ECZANESİ;TOKAT MERKEZ -1;PANOCER;Panocer 40 mg 28 Enterik Kaplı Tablet;165;135;300;17.377;
08.07.2026;SELÇUK ECZA DEPOSU;SELÇUK SAMSUN;8680001167883;BURHAN ECZANESİ;TOKAT MERKEZ -1;PANOCER;Panocer 40 mg 28 Enterik Kaplı Tablet;10;3;13;1.053;
09.07.2026;SELÇUK ECZA DEPOSU;SELÇUK SAMSUN;8680001166572;AKADEMİ ECZANESİ;TOKAT MERKEZ -1;ACİDPASS;Acidpass 10/800/165 mg 12 Çiğneme Tablet;2;0;2;224;
09.07.2026;NEVZAT ECZA DEPOSU;NEVZAT SAMSUN;8680001170500;KUMRU ECZANESI;TOKAT MERKEZ -1;ACİDPASS;Acidpass 10/800/165 mg 6 Çiğneme Tablet;1;0;1;69;
09.07.2026;ALLIANCE HEALTHCARE;AH SAMSUN;8680001186020;EVREN ECZANESİ;TOKAT MERKEZ -1;PANOCER;Panocer 40 mg 28 Enterik Kaplı Tablet;30;12;42;3.159;
09.07.2026;SELÇUK ECZA DEPOSU;SELÇUK SAMSUN;8680001169238;TOKAT ECZANESİ;TOKAT MERKEZ -1;PANOCER;Panocer 40 mg 28 Enterik Kaplı Tablet;30;12;42;3.159;
10.07.2026;ALLIANCE HEALTHCARE;AH SAMSUN;8680001491025;MELİH ECZANESİ;TOKAT MERKEZ -1;ACİDPASS;Acidpass 10/800/165 mg 12 Çiğneme Tablet;2;0;2;224;
10.07.2026;SELÇUK ECZA DEPOSU;SELÇUK SAMSUN;8680001169153;ELİF ECZANESİ;TOKAT MERKEZ -1;ACİDPASS;Acidpass 10/800/165 mg 12 Çiğneme Tablet;5;0;5;561;
10.07.2026;SELÇUK ECZA DEPOSU;SELÇUK SAMSUN;8680001173280;DERMAN ECZANESİ;TOKAT MERKEZ -1;MOKSEFEN;Moksefen 400 mg 7 Film Tablet;20;10;30;2.980;
10.07.2026;SELÇUK ECZA DEPOSU;SELÇUK SAMSUN;8680001132492;BEREN ECZANESİ;TOKAT MERKEZ -1;PANOCER;Panocer 40 mg 28 Enterik Kaplı Tablet;10;3;13;1.053;
11.07.2026;SELÇUK ECZA DEPOSU;SELÇUK SAMSUN;8680001171125;BİZİM ECZANESİ;TOKAT MERKEZ -1;ACİDPASS;Acidpass 10/800/165 mg 6 Çiğneme Tablet;2;0;2;138;
13.07.2026;NEVZAT ECZA DEPOSU;NEVZAT SAMSUN;8680001173662;KAZOVA ECZANESİ;TOKAT MERKEZ -1;ACİDPASS;Acidpass 10/800/165 mg 12 Çiğneme Tablet;2;0;2;224;
13.07.2026;ALLIANCE HEALTHCARE;AH SAMSUN;8680001174218;SÖNMEZ ECZANESİ;TOKAT MERKEZ -1;ACİDPASS;Acidpass 10/800/165 mg 12 Çiğneme Tablet;4;0;4;449;
13.07.2026;ALLIANCE HEALTHCARE;AH SAMSUN;8680001707973;ÜSTÜNDAĞ ECZANESİ;TOKAT MERKEZ -1;ACİDPASS;Acidpass 10/800/165 mg 12 Çiğneme Tablet;2;0;2;224;
13.07.2026;NEVZAT ECZA DEPOSU;NEVZAT SAMSUN;8680001172801;KARANFİL ECZANESİ;TOKAT MERKEZ -1;GRİPORT COLD;Griport Cold 20 Film Kaplı Tablet;1;0;1;84;
14.07.2026;SELÇUK ECZA DEPOSU;SELÇUK SAMSUN;8680001565795;MEYDAN ECZANESİ;TOKAT MERKEZ -1;ACİDPASS;Acidpass 10/800/165 mg 12 Çiğneme Tablet;4;0;4;449;
16.07.2026;SELÇUK ECZA DEPOSU;SELÇUK SAMSUN;8680001166572;AKADEMİ ECZANESİ;TOKAT MERKEZ -1;PANOCER;Panocer 40 mg 28 Enterik Kaplı Tablet;30;12;42;3.159;
17.07.2026;NEVZAT ECZA DEPOSU;NEVZAT SAMSUN;8680001396719;GÖKDERE ECZANESİ;TOKAT MERKEZ -1;ACİDPASS;Acidpass 10/800/165 mg 12 Çiğneme Tablet;10;1;11;1.122;
17.07.2026;SELÇUK ECZA DEPOSU;SELÇUK SAMSUN;8680001169238;TOKAT ECZANESİ;TOKAT MERKEZ -1;ACİDPASS;Acidpass 10/800/165 mg 12 Çiğneme Tablet;10;1;11;1.122;
18.07.2026;SELÇUK ECZA DEPOSU;SELÇUK SAMSUN;8680001564217;ÇINAR ECZANESİ;TOKAT MERKEZ -1;PANOCER;Panocer 40 mg 28 Enterik Kaplı Tablet;100;60;160;10.531;
18.07.2026;SELÇUK ECZA DEPOSU;SELÇUK SAMSUN;8680001619207;ALTUNTAŞ ECZANESİ;TOKAT MERKEZ -1;PANOCER;Panocer 40 mg 28 Enterik Kaplı Tablet;100;60;160;10.531;
20.07.2026;ALLIANCE HEALTHCARE;AH SAMSUN;8680001186020;EVREN ECZANESİ;TOKAT MERKEZ -1;ACİDPASS;Acidpass 10/800/165 mg 12 Çiğneme Tablet;3;0;3;337;
20.07.2026;ALLIANCE HEALTHCARE;AH SAMSUN;8680001189762;HEKİMOĞLU ECZANESİ;TOKAT MERKEZ -1;ACİDPASS;Acidpass 10/800/165 mg 12 Çiğneme Tablet;5;0;5;561;
20.07.2026;ALLIANCE HEALTHCARE;AH SAMSUN;8680001707973;ÜSTÜNDAĞ ECZANESİ;TOKAT MERKEZ -1;ACİDPASS;Acidpass 10/800/165 mg 12 Çiğneme Tablet;2;0;2;224;
21.07.2026;SELÇUK ECZA DEPOSU;SELÇUK SAMSUN;8680001510504;BÜŞRA BULUT ECZANESİ;TOKAT MERKEZ -1;PANOCER;Panocer 40 mg 28 Enterik Kaplı Tablet;10;3;13;1.053;
21.07.2026;SELÇUK ECZA DEPOSU;SELÇUK SAMSUN;8680001564217;ÇINAR ECZANESİ;TOKAT MERKEZ -1;PANOCER;Panocer 40 mg 28 Enterik Kaplı Tablet;-100;-60;-160;-10.531;
21.07.2026;SELÇUK ECZA DEPOSU;SELÇUK SAMSUN;8680001619207;ALTUNTAŞ ECZANESİ;TOKAT MERKEZ -1;PANOCER;Panocer 40 mg 28 Enterik Kaplı Tablet;-100;-60;-160;-10.531;
22.07.2026;SELÇUK ECZA DEPOSU;SELÇUK SAMSUN;8680001132492;BEREN ECZANESİ;TOKAT MERKEZ -1;ACİDPASS;Acidpass 10/800/165 mg 6 Çiğneme Tablet;3;0;3;207;
22.07.2026;SELÇUK ECZA DEPOSU;SELÇUK SAMSUN;8680001396719;GÖKDERE ECZANESİ;TOKAT MERKEZ -1;PANOCER;Panocer 40 mg 28 Enterik Kaplı Tablet;50;25;75;5.266;
23.07.2026;ALLIANCE HEALTHCARE;AH SAMSUN;8680001481453;BULUT ECZANESİ;TOKAT MERKEZ -1;ACİDPASS;Acidpass 10/800/165 mg 12 Çiğneme Tablet;10;1;11;1.122;
23.07.2026;İSTANBUL ECZA KOOP;İSKOOP MERKEZ;8680001469864;TEKELİ ECZANESİ;TOKAT MERKEZ -1;PANOCER;Panocer 40 mg 28 Enterik Kaplı Tablet;500;409;909;52.656;
24.07.2026;ALLIANCE HEALTHCARE;AH SAMSUN;8680001171606;DURU ECZANESİ;TOKAT MERKEZ -1;ACİDPASS;Acidpass 10/800/165 mg 12 Çiğneme Tablet;3;0;3;337;
24.07.2026;ALLIANCE HEALTHCARE;AH SAMSUN;8680001186020;EVREN ECZANESİ;TOKAT MERKEZ -1;ACİDPASS;Acidpass 10/800/165 mg 12 Çiğneme Tablet;3;0;3;337;
24.07.2026;ALLIANCE HEALTHCARE;AH SAMSUN;8680001186020;EVREN ECZANESİ;TOKAT MERKEZ -1;ACİDPASS;Acidpass 10/800/165 mg 12 Çiğneme Tablet;4;0;4;449;
24.07.2026;NEVZAT ECZA DEPOSU;NEVZAT SAMSUN;8680001177394;CAN ECZANESİ;TOKAT MERKEZ -1;ACİDPASS;Acidpass 10/800/165 mg 12 Çiğneme Tablet;10;1;11;1.122;
24.07.2026;ALLIANCE HEALTHCARE;AH SAMSUN;8680001186020;EVREN ECZANESİ;TOKAT MERKEZ -1;ACİDPASS;Acidpass 10/800/165 mg 6 Çiğneme Tablet;2;0;2;138;
24.07.2026;SELÇUK ECZA DEPOSU;SELÇUK SAMSUN;8680001641031;KORKMAZ ECZANESİ;TOKAT MERKEZ -1;MOKSEFEN;Moksefen 400 mg 7 Film Tablet;20;10;30;2.980;
27.07.2026;SELÇUK ECZA DEPOSU;SELÇUK SAMSUN;8680001459100;MANSIZLAR ECZANESİ;TOKAT MERKEZ -1;ACİDPASS;Acidpass 10/800/165 mg 12 Çiğneme Tablet;2;0;2;224;
27.07.2026;NEVZAT ECZA DEPOSU;NEVZAT SAMSUN;8680001170500;KUMRU ECZANESI;TOKAT MERKEZ -1;ACİDPASS;Acidpass 10/800/165 mg 12 Çiğneme Tablet;1;0;1;112;
27.07.2026;ALLIANCE HEALTHCARE;AH SAMSUN;8680001174218;SÖNMEZ ECZANESİ;TOKAT MERKEZ -1;ACİDPASS;Acidpass 10/800/165 mg 12 Çiğneme Tablet;3;0;3;337;
27.07.2026;SELÇUK ECZA DEPOSU;SELÇUK SAMSUN;8680001564217;ÇINAR ECZANESİ;TOKAT MERKEZ -1;ACİDPASS;Acidpass 10/800/165 mg 12 Çiğneme Tablet;10;1;11;1.122;
27.07.2026;SELÇUK ECZA DEPOSU;SELÇUK SAMSUN;8680001619207;ALTUNTAŞ ECZANESİ;TOKAT MERKEZ -1;ACİDPASS;Acidpass 10/800/165 mg 12 Çiğneme Tablet;3;0;3;337;
27.07.2026;ALLIANCE HEALTHCARE;AH SAMSUN;8680001707973;ÜSTÜNDAĞ ECZANESİ;TOKAT MERKEZ -1;ACİDPASS;Acidpass 10/800/165 mg 12 Çiğneme Tablet;1;0;1;112;
28.07.2026;SELÇUK ECZA DEPOSU;SELÇUK SAMSUN;8680001173662;KAZOVA ECZANESİ;TOKAT MERKEZ -1;ACİDPASS;Acidpass 10/800/165 mg 12 Çiğneme Tablet;5;0;5;561;
29.07.2026;SELÇUK ECZA DEPOSU;SELÇUK SAMSUN;8680001166572;AKADEMİ ECZANESİ;TOKAT MERKEZ -1;ACİDPASS;Acidpass 10/800/165 mg 12 Çiğneme Tablet;2;0;2;224;
29.07.2026;SELÇUK ECZA DEPOSU;SELÇUK SAMSUN;8680001619207;ALTUNTAŞ ECZANESİ;TOKAT MERKEZ -1;ACİDPASS;Acidpass 10/800/165 mg 12 Çiğneme Tablet;10;1;11;1.122;
30.07.2026;SELÇUK ECZA DEPOSU;SELÇUK SAMSUN;8680001396719;GÖKDERE ECZANESİ;TOKAT MERKEZ -1;PANOCER;Panocer 40 mg 14 Enterik Kaplı Tablet;4;0;4;324;
30.07.2026;SELÇUK ECZA DEPOSU;SELÇUK SAMSUN;8680001422104;SERDAR ECZANESİ;TOKAT MERKEZ -1;PANOCER;Panocer 40 mg 28 Enterik Kaplı Tablet;30;12;42;3.159;
30.07.2026;SELÇUK ECZA DEPOSU;SELÇUK SAMSUN;8680001666874;BUĞRA ECZANESİ;TOKAT MERKEZ -1;PANOCER;Panocer 40 mg 28 Enterik Kaplı Tablet;10;3;13;1.053;
01.07.2026;SELÇUK ECZA DEPOSU;SELÇUK SAMSUN;8680001443963;HALK ECZANESİ;TOKAT MERKEZ -2;ACİDPASS;Acidpass 10/800/165 mg 12 Çiğneme Tablet;2;0;2;224;
01.07.2026;SELÇUK ECZA DEPOSU;SELÇUK SAMSUN;8680001167968;TOPÇAM ECZANESİ;TOKAT MERKEZ -2;ACİDPASS;Acidpass 10/800/165 mg 12 Çiğneme Tablet;10;1;11;1.122;
01.07.2026;SELÇUK ECZA DEPOSU;SELÇUK SAMSUN;8680001557295;NEFES ECZANESİ;TOKAT MERKEZ -2;ACİDPASS;Acidpass 10/800/165 mg 12 Çiğneme Tablet;2;0;2;224;
01.07.2026;NEVZAT ECZA DEPOSU;NEVZAT SAMSUN;8680001573523;CİHAN ECZANESİ;TOKAT MERKEZ -2;PANOCER;Panocer 40 mg 28 Enterik Kaplı Tablet;1;0;1;105;
01.07.2026;ALLIANCE HEALTHCARE;AH SAMSUN;8680001724086;TALU ECZANESİ;TOKAT MERKEZ -2;PANOCER;Panocer 40 mg 28 Enterik Kaplı Tablet;100;60;160;10.531;
02.07.2026;SELÇUK ECZA DEPOSU;SELÇUK SAMSUN;8680001183128;ÇAĞRI ECZANESİ;TOKAT MERKEZ -2;ACİDPASS;Acidpass 10/800/165 mg 12 Çiğneme Tablet;3;0;3;337;
03.07.2026;ALLIANCE HEALTHCARE;AH SAMSUN;8680001170777;SARIER ECZANESİ;TOKAT MERKEZ -2;ACİDPASS;Acidpass 10/800/165 mg 12 Çiğneme Tablet;1;0;1;112;
06.07.2026;SELÇUK ECZA DEPOSU;SELÇUK SAMSUN;8680001170777;SARIER ECZANESİ;TOKAT MERKEZ -2;ACİDPASS;Acidpass 10/800/165 mg 12 Çiğneme Tablet;2;0;2;224;
06.07.2026;NEVZAT ECZA DEPOSU;NEVZAT SAMSUN;8680001170777;SARIER ECZANESİ;TOKAT MERKEZ -2;ACİDPASS;Acidpass 10/800/165 mg 12 Çiğneme Tablet;3;0;3;337;
07.07.2026;SELÇUK ECZA DEPOSU;SELÇUK SAMSUN;8680001446681;SEVİLAY ECZANESİ;TOKAT MERKEZ -2;ACİDPASS;Acidpass 10/800/165 mg 12 Çiğneme Tablet;2;0;2;224;
07.07.2026;SELÇUK ECZA DEPOSU;SELÇUK SAMSUN;8680001446681;SEVİLAY ECZANESİ;TOKAT MERKEZ -2;ACİDPASS;Acidpass 10/800/165 mg 12 Çiğneme Tablet;1;0;1;112;
07.07.2026;SELÇUK ECZA DEPOSU;SELÇUK SAMSUN;8680001664016;NUMUNE ECZANESİ;TOKAT MERKEZ -2;ACİDPASS;Acidpass 10/800/165 mg 12 Çiğneme Tablet;10;1;11;1.122;
07.07.2026;SELÇUK ECZA DEPOSU;SELÇUK SAMSUN;8680001557295;NEFES ECZANESİ;TOKAT MERKEZ -2;PANOCER;Panocer 40 mg 28 Enterik Kaplı Tablet;10;3;13;1.053;
09.07.2026;NEVZAT ECZA DEPOSU;NEVZAT SAMSUN;8680001183128;ÇAĞRI ECZANESİ;TOKAT MERKEZ -2;PANOCER;Panocer 40 mg 28 Enterik Kaplı Tablet;10;3;13;1.053;
10.07.2026;SELÇUK ECZA DEPOSU;SELÇUK SAMSUN;8680001174577;SEVGİ ECZANESİ;TOKAT MERKEZ -2;ACİDPASS;Acidpass 10/800/165 mg 12 Çiğneme Tablet;3;0;3;337;
10.07.2026;SELÇUK ECZA DEPOSU;SELÇUK SAMSUN;8680001756971;ERDEM ECZANESİ;TOKAT MERKEZ -2;MOKSEFEN;Moksefen 400 mg 7 Film Tablet;1;0;1;149;
10.07.2026;SELÇUK ECZA DEPOSU;SELÇUK SAMSUN;8680001557295;NEFES ECZANESİ;TOKAT MERKEZ -2;PANOCER;Panocer 40 mg 28 Enterik Kaplı Tablet;165;135;300;17.377;
12.07.2026;SELÇUK ECZA DEPOSU;SELÇUK SAMSUN;8680001446681;SEVİLAY ECZANESİ;TOKAT MERKEZ -2;ACİDPASS;Acidpass 10/800/165 mg 12 Çiğneme Tablet;3;0;3;337;
13.07.2026;SELÇUK ECZA DEPOSU;SELÇUK SAMSUN;8680001183128;ÇAĞRI ECZANESİ;TOKAT MERKEZ -2;GRİPORT COLD;Griport Cold 20 Film Kaplı Tablet;6;1;7;505;
13.07.2026;NEVZAT ECZA DEPOSU;NEVZAT SAMSUN;8680001183128;ÇAĞRI ECZANESİ;TOKAT MERKEZ -2;PANOCER;Panocer 40 mg 28 Enterik Kaplı Tablet;10;3;13;1.053;
14.07.2026;SELÇUK ECZA DEPOSU;SELÇUK SAMSUN;8680001756971;ERDEM ECZANESİ;TOKAT MERKEZ -2;PANOCER;Panocer 40 mg 28 Enterik Kaplı Tablet;10;3;13;1.053;
16.07.2026;SELÇUK ECZA DEPOSU;SELÇUK SAMSUN;8680001183128;ÇAĞRI ECZANESİ;TOKAT MERKEZ -2;PANOCER;Panocer 40 mg 28 Enterik Kaplı Tablet;50;25;75;5.266;
22.07.2026;ALLIANCE HEALTHCARE;AH SAMSUN;8680001573523;CİHAN ECZANESİ;TOKAT MERKEZ -2;PANOCER;Panocer 40 mg 28 Enterik Kaplı Tablet;1;0;1;105;
24.07.2026;SELÇUK ECZA DEPOSU;SELÇUK SAMSUN;8680001174577;SEVGİ ECZANESİ;TOKAT MERKEZ -2;PANOCER;Panocer 40 mg 28 Enterik Kaplı Tablet;-50;-25;-75;-5.266;
24.07.2026;SELÇUK ECZA DEPOSU;SELÇUK SAMSUN;8680001174577;SEVGİ ECZANESİ;TOKAT MERKEZ -2;PANOCER;Panocer 40 mg 28 Enterik Kaplı Tablet;50;25;75;5.266;
25.07.2026;SELÇUK ECZA DEPOSU;SELÇUK SAMSUN;8680001169764;ÖZEN ECZANESİ;TOKAT MERKEZ -2;ACİDPASS;Acidpass 10/800/165 mg 12 Çiğneme Tablet;10;1;11;1.122;
25.07.2026;SELÇUK ECZA DEPOSU;SELÇUK SAMSUN;8680001169764;ÖZEN ECZANESİ;TOKAT MERKEZ -2;MOKSEFEN;Moksefen 400 mg 7 Film Tablet;5;1;6;745;
29.07.2026;SELÇUK ECZA DEPOSU;SELÇUK SAMSUN;8680001170333;YİĞİT ECZANESİ;TOKAT MERKEZ -2;PANOCER;Panocer 40 mg 28 Enterik Kaplı Tablet;100;60;160;10.531;
29.07.2026;SELÇUK ECZA DEPOSU;SELÇUK SAMSUN;8680001573523;CİHAN ECZANESİ;TOKAT MERKEZ -2;PANOCER;Panocer 40 mg 28 Enterik Kaplı Tablet;1;0;1;105;
30.07.2026;SELÇUK ECZA DEPOSU;SELÇUK SAMSUN;8680001756971;ERDEM ECZANESİ;TOKAT MERKEZ -2;ACİDPASS;Acidpass 10/800/165 mg 12 Çiğneme Tablet;2;0;2;224;
30.07.2026;SELÇUK ECZA DEPOSU;SELÇUK SAMSUN;8680001756971;ERDEM ECZANESİ;TOKAT MERKEZ -2;ACİDPASS;Acidpass 10/800/165 mg 6 Çiğneme Tablet;1;0;1;69;
31.07.2026;NEVZAT ECZA DEPOSU;NEVZAT SAMSUN;8680001573523;CİHAN ECZANESİ;TOKAT MERKEZ -2;ACİDPASS;Acidpass 10/800/165 mg 12 Çiğneme Tablet;2;0;2;224;
01.07.2026;İSTANBUL ECZA KOOP;İSKOOP MERKEZ;8680001450695;ALPAT ECZANESİ;TOKAT TURHAL;ACİDPASS;Acidpass 10/800/165 mg 12 Çiğneme Tablet;20;3;23;2.245;
01.07.2026;SELÇUK ECZA DEPOSU;SELÇUK SAMSUN;8680001182732;FAZİLET ECZANESİ;TOKAT TURHAL;ACİDPASS;Acidpass 10/800/165 mg 12 Çiğneme Tablet;2;0;2;224;
01.07.2026;İSTANBUL ECZA KOOP;İSKOOP MERKEZ;8680001181261;ÖZTÜRK ECZANESİ;TOKAT TURHAL;PANOCER;Panocer 40 mg 28 Enterik Kaplı Tablet;50;25;75;5.266;
01.07.2026;ALLIANCE HEALTHCARE;AH SAMSUN;8680001547975;YENİ TEKELİ ECZANESİ;TOKAT TURHAL;PANOCER;Panocer 40 mg 28 Enterik Kaplı Tablet;50;25;75;5.266;
02.07.2026;ALLIANCE HEALTHCARE;AH SAMSUN;8680001169931;MERKEZ ECZANESİ;TOKAT TURHAL;ACİDPASS;Acidpass 10/800/165 mg 12 Çiğneme Tablet;10;1;11;1.122;
03.07.2026;NEVZAT ECZA DEPOSU;NEVZAT SAMSUN;8680001450695;ALPAT ECZANESİ;TOKAT TURHAL;ACİDPASS;Acidpass 10/800/165 mg 6 Çiğneme Tablet;2;0;2;138;
03.07.2026;ALLIANCE HEALTHCARE;AH SAMSUN;8680001178940;ŞİFA ECZANESİ;TOKAT TURHAL;PANOCER;Panocer 40 mg 28 Enterik Kaplı Tablet;10;3;13;1.053;
03.07.2026;NEVZAT ECZA DEPOSU;NEVZAT SAMSUN;8680001629794;ERİŞ ECZANESİ;TOKAT TURHAL;PANOCER;Panocer 40 mg 28 Enterik Kaplı Tablet;10;3;13;1.053;
03.07.2026;NEVZAT ECZA DEPOSU;NEVZAT SAMSUN;8680001629794;ERİŞ ECZANESİ;TOKAT TURHAL;PANOCER;Panocer 40 mg 28 Enterik Kaplı Tablet;10;3;13;1.053;
04.07.2026;SELÇUK ECZA DEPOSU;SELÇUK SAMSUN;8680001169931;MERKEZ ECZANESİ;TOKAT TURHAL;PANOCER;Panocer 40 mg 28 Enterik Kaplı Tablet;10;3;13;1.053;
06.07.2026;ALLIANCE HEALTHCARE;AH SAMSUN;8680001423330;ALTUNBAY ECZANESİ;TOKAT TURHAL;ACİDPASS;Acidpass 10/800/165 mg 12 Çiğneme Tablet;2;0;2;224;
06.07.2026;ALLIANCE HEALTHCARE;AH SAMSUN;8680001182053;GÜNEŞ ECZANESİ;TOKAT TURHAL;ACİDPASS;Acidpass 10/800/165 mg 12 Çiğneme Tablet;10;1;11;1.122;
06.07.2026;ALLIANCE HEALTHCARE;AH SAMSUN;8680001182053;GÜNEŞ ECZANESİ;TOKAT TURHAL;PANOCER;Panocer 40 mg 28 Enterik Kaplı Tablet;30;12;42;3.159;
07.07.2026;NEVZAT ECZA DEPOSU;NEVZAT SAMSUN;8680001179800;AKSOY ECZANESİ;TOKAT TURHAL;PANOCER;Panocer 40 mg 28 Enterik Kaplı Tablet;50;25;75;5.266;
08.07.2026;İSTANBUL ECZA KOOP;İSKOOP MERKEZ;8680001219735;MURAT ECZANESİ;TOKAT TURHAL;PANOCER;Panocer 40 mg 28 Enterik Kaplı Tablet;10;3;13;1.053;
10.07.2026;SELÇUK ECZA DEPOSU;SELÇUK SAMSUN;8680001179787;TEKELİ ECZANESİ;TOKAT TURHAL;PANOCER;Panocer 40 mg 28 Enterik Kaplı Tablet;30;12;42;3.159;
10.07.2026;ALLIANCE HEALTHCARE;AH SAMSUN;8680001571567;AYBİKE ECZANESİ;TOKAT TURHAL;PANOCER;Panocer 40 mg 28 Enterik Kaplı Tablet;100;60;160;10.531;
13.07.2026;ALLIANCE HEALTHCARE;AH SAMSUN;8680001423330;ALTUNBAY ECZANESİ;TOKAT TURHAL;ACİDPASS;Acidpass 10/800/165 mg 12 Çiğneme Tablet;2;0;2;224;
13.07.2026;ALLIANCE HEALTHCARE;AH SAMSUN;8680001571567;AYBİKE ECZANESİ;TOKAT TURHAL;MOKSEFEN;Moksefen 400 mg 7 Film Tablet;10;3;13;1.490;
14.07.2026;ALLIANCE HEALTHCARE;AH SAMSUN;8680001547975;YENİ TEKELİ ECZANESİ;TOKAT TURHAL;MOKSEFEN;Moksefen 400 mg 7 Film Tablet;5;1;6;745;
14.07.2026;ALLIANCE HEALTHCARE;AH SAMSUN;8680001423330;ALTUNBAY ECZANESİ;TOKAT TURHAL;PANOCER;Panocer 40 mg 28 Enterik Kaplı Tablet;50;25;75;5.266;
16.07.2026;ALLIANCE HEALTHCARE;AH SAMSUN;8680001181001;DENİZ ECZANESİ;TOKAT TURHAL;ACİDPASS;Acidpass 10/800/165 mg 12 Çiğneme Tablet;4;0;4;449;
16.07.2026;ALLIANCE HEALTHCARE;AH SAMSUN;8680001629794;ERİŞ ECZANESİ;TOKAT TURHAL;ACİDPASS;Acidpass 10/800/165 mg 12 Çiğneme Tablet;3;0;3;337;
16.07.2026;SELÇUK ECZA DEPOSU;SELÇUK SAMSUN;8680001181810;BAKLACIOĞLU ECZANESİ;TOKAT TURHAL;PANOCER;Panocer 40 mg 28 Enterik Kaplı Tablet;30;12;42;3.159;
17.07.2026;ALLIANCE HEALTHCARE;AH SAMSUN;8680001178940;ŞİFA ECZANESİ;TOKAT TURHAL;ACİDPASS;Acidpass 10/800/165 mg 12 Çiğneme Tablet;4;0;4;449;
17.07.2026;SELÇUK ECZA DEPOSU;SELÇUK SAMSUN;8680001179787;TEKELİ ECZANESİ;TOKAT TURHAL;MOKSEFEN;Moksefen 400 mg 7 Film Tablet;5;1;6;745;
17.07.2026;İSTANBUL ECZA KOOP;İSKOOP MERKEZ;8680001219735;MURAT ECZANESİ;TOKAT TURHAL;PANOCER;Panocer 40 mg 28 Enterik Kaplı Tablet;10;3;13;1.053;
18.07.2026;SELÇUK ECZA DEPOSU;SELÇUK SAMSUN;8680001178940;ŞİFA ECZANESİ;TOKAT TURHAL;PANOCER;Panocer 40 mg 28 Enterik Kaplı Tablet;100;60;160;10.531;
18.07.2026;SELÇUK ECZA DEPOSU;SELÇUK SAMSUN;8680001179237;BURAK ECZANESİ;TOKAT TURHAL;PANOCER;Panocer 40 mg 28 Enterik Kaplı Tablet;100;60;160;10.531;
20.07.2026;ALLIANCE HEALTHCARE;AH SAMSUN;8680001178940;ŞİFA ECZANESİ;TOKAT TURHAL;PANOCER;Panocer 40 mg 28 Enterik Kaplı Tablet;10;3;13;1.053;
20.07.2026;SELÇUK ECZA DEPOSU;SELÇUK SAMSUN;8680001178940;ŞİFA ECZANESİ;TOKAT TURHAL;PANOCER;Panocer 40 mg 28 Enterik Kaplı Tablet;-87;-60;-147;-9.162;
21.07.2026;NEVZAT ECZA DEPOSU;NEVZAT SAMSUN;8680001219735;MURAT ECZANESİ;TOKAT TURHAL;MOKSEFEN;Moksefen 400 mg 7 Film Tablet;10;3;13;1.490;
21.07.2026;SELÇUK ECZA DEPOSU;SELÇUK SAMSUN;8680001169931;MERKEZ ECZANESİ;TOKAT TURHAL;PANOCER;Panocer 40 mg 28 Enterik Kaplı Tablet;10;3;13;1.053;
21.07.2026;SELÇUK ECZA DEPOSU;SELÇUK SAMSUN;8680001179237;BURAK ECZANESİ;TOKAT TURHAL;PANOCER;Panocer 40 mg 28 Enterik Kaplı Tablet;-100;-60;-160;-10.531;
22.07.2026;SELÇUK ECZA DEPOSU;SELÇUK SAMSUN;8680001183593;PAPATYA ECZANESİ;TOKAT TURHAL;ACİDPASS;Acidpass 10/800/165 mg 12 Çiğneme Tablet;10;1;11;1.122;
23.07.2026;SELÇUK ECZA DEPOSU;SELÇUK SAMSUN;8680001183333;BEYAZ ECZANESİ;TOKAT TURHAL;ACİDPASS;Acidpass 10/800/165 mg 12 Çiğneme Tablet;10;1;11;1.122;
23.07.2026;NEVZAT ECZA DEPOSU;NEVZAT SAMSUN;8680001507962;TARÇIN ECZANESİ;TOKAT TURHAL;ACİDPASS;Acidpass 10/800/165 mg 12 Çiğneme Tablet;5;0;5;561;
23.07.2026;ALLIANCE HEALTHCARE;AH SAMSUN;8680001181261;ÖZTÜRK ECZANESİ;TOKAT TURHAL;ACİDPASS;Acidpass 10/800/165 mg 12 Çiğneme Tablet;3;0;3;337;
28.07.2026;SELÇUK ECZA DEPOSU;SELÇUK SAMSUN;8680001178940;ŞİFA ECZANESİ;TOKAT TURHAL;ACİDPASS;Acidpass 10/800/165 mg 12 Çiğneme Tablet;3;0;3;337;
28.07.2026;SELÇUK ECZA DEPOSU;SELÇUK SAMSUN;8680001182732;FAZİLET ECZANESİ;TOKAT TURHAL;PANOCER;Panocer 40 mg 28 Enterik Kaplı Tablet;30;12;42;3.159;
30.07.2026;İSTANBUL ECZA KOOP;İSKOOP MERKEZ;8680001729524;BARIŞ ECZANESİ;TOKAT TURHAL;PANOCER;Panocer 40 mg 28 Enterik Kaplı Tablet;10;3;13;1.053;
31.07.2026;İSTANBUL ECZA KOOP;İSKOOP MERKEZ;8680001219735;MURAT ECZANESİ;TOKAT TURHAL;PANOCER;Panocer 40 mg 28 Enterik Kaplı Tablet;10;3;13;1.053;
01.07.2026;ALLIANCE HEALTHCARE;AH TRABZON;8680001265923;GÜL ECZANESİ;TRABZON AKCAABAT;ACİDPASS;Acidpass 10/800/165 mg 12 Çiğneme Tablet;20;3;23;2.245;
01.07.2026;SELÇUK ECZA DEPOSU;SELÇUK TRABZON;8680001251070;YAVUZ ECZANESİ;TRABZON AKCAABAT;GRİPORT COLD;Griport Cold 20 Film Kaplı Tablet;12;4;16;1.010;
01.07.2026;ALLIANCE HEALTHCARE;AH TRABZON;8680001463848;TILSIM ECZANESİ;TRABZON AKCAABAT;PANOCER;Panocer 40 mg 28 Enterik Kaplı Tablet;10;3;13;1.053;
01.07.2026;ALLIANCE HEALTHCARE;AH TRABZON;8680001623709;AYDIN ECZANESİ;TRABZON AKCAABAT;PANOCER;Panocer 40 mg 28 Enterik Kaplı Tablet;30;12;42;3.159;
02.07.2026;SELÇUK ECZA DEPOSU;SELÇUK TRABZON;8680001254255;MERKEZ ECZANESİ;TRABZON AKCAABAT;GRİPORT COLD;Griport Cold 20 Film Kaplı Tablet;5;0;5;421;
02.07.2026;SELÇUK ECZA DEPOSU;SELÇUK TRABZON;8680001633913;IŞIK ECZANESİ;TRABZON AKCAABAT;MOKSEFEN;Moksefen 400 mg 7 Film Tablet;5;1;6;745;
03.07.2026;SELÇUK ECZA DEPOSU;SELÇUK TRABZON;8680001939619;OZCAN ECZANESI;TRABZON AKCAABAT;ACİDPASS;Acidpass 10/800/165 mg 12 Çiğneme Tablet;2;0;2;224;
03.07.2026;SELÇUK ECZA DEPOSU;SELÇUK TRABZON;8680001468584;UMUT ECZANESİ;TRABZON AKCAABAT;FAMTREC;Famtrec 800/26,6mg 14 Film Kaplı Tablet;5;1;6;511;
03.07.2026;SELÇUK ECZA DEPOSU;SELÇUK TRABZON;8680001213252;GÖNÜL ECZANESİ;TRABZON AKCAABAT;GRİPORT COLD;Griport Cold 20 Film Kaplı Tablet;12;4;16;1.010;
03.07.2026;SELÇUK ECZA DEPOSU;SELÇUK TRABZON;8680001939619;OZCAN ECZANESI;TRABZON AKCAABAT;GRİPORT COLD;Griport Cold 20 Film Kaplı Tablet;3;0;3;252;
03.07.2026;SELÇUK ECZA DEPOSU;SELÇUK TRABZON;8680001939619;OZCAN ECZANESI;TRABZON AKCAABAT;MOKSEFEN;Moksefen 400 mg 7 Film Tablet;5;1;6;745;
03.07.2026;SELÇUK ECZA DEPOSU;SELÇUK TRABZON;8680001443925;DOĞANKÖY ŞİFA ECZANESİ;TRABZON AKCAABAT;PANOCER;Panocer 40 mg 14 Enterik Kaplı Tablet;2;0;2;162;
03.07.2026;SELÇUK ECZA DEPOSU;SELÇUK TRABZON;8680001939619;OZCAN ECZANESI;TRABZON AKCAABAT;PANOCER;Panocer 40 mg 28 Enterik Kaplı Tablet;2;0;2;211;
05.07.2026;ALLIANCE HEALTHCARE;AH TRABZON;8680001254255;MERKEZ ECZANESİ;TRABZON AKCAABAT;ACİDPASS;Acidpass 10/800/165 mg 12 Çiğneme Tablet;10;1;11;1.122;
05.07.2026;SELÇUK ECZA DEPOSU;SELÇUK TRABZON;8680001254255;MERKEZ ECZANESİ;TRABZON AKCAABAT;MOKSEFEN;Moksefen 400 mg 7 Film Tablet;5;1;6;745;
06.07.2026;ALLIANCE HEALTHCARE;AH TRABZON;8680001623709;AYDIN ECZANESİ;TRABZON AKCAABAT;ACİDPASS;Acidpass 10/800/165 mg 12 Çiğneme Tablet;10;1;11;1.122;
06.07.2026;ALLIANCE HEALTHCARE;AH TRABZON;8680001252084;BAŞAK ECZANESİ;TRABZON AKCAABAT;FAMTREC;Famtrec 800/26,6mg 14 Film Kaplı Tablet;5;1;6;511;
06.07.2026;ALLIANCE HEALTHCARE;AH TRABZON;8680001265435;UĞUR ECZANESİ;TRABZON AKCAABAT;FAMTREC;Famtrec 800/26,6mg 14 Film Kaplı Tablet;10;2;12;1.022;
06.07.2026;SELÇUK ECZA DEPOSU;SELÇUK TRABZON;8680001229598;ELİF ECZANESİ;TRABZON AKCAABAT;FAMTREC;Famtrec 800/26,6mg 14 Film Kaplı Tablet;5;1;6;511;
06.07.2026;ALLIANCE HEALTHCARE;AH TRABZON;8680001661893;SIHHAT ECZANESİ;TRABZON AKCAABAT;FAMTREC;Famtrec 800/26,6mg 14 Film Kaplı Tablet;1;0;1;102;
06.07.2026;ALLIANCE HEALTHCARE;AH TRABZON;8680001704422;SENA ECZANESİ;TRABZON AKCAABAT;FAMTREC;Famtrec 800/26,6mg 14 Film Kaplı Tablet;5;1;6;511;
06.07.2026;SELÇUK ECZA DEPOSU;SELÇUK TRABZON;8680001443925;DOĞANKÖY ŞİFA ECZANESİ;TRABZON AKCAABAT;GRİPORT COLD;Griport Cold 20 Film Kaplı Tablet;6;1;7;505;
07.07.2026;SELÇUK ECZA DEPOSU;SELÇUK TRABZON;8680001273652;GENÇER ECZANESİ;TRABZON AKCAABAT;FAMTREC;Famtrec 800/26,6mg 14 Film Kaplı Tablet;5;1;6;511;
07.07.2026;SELÇUK ECZA DEPOSU;SELÇUK TRABZON;8680001484645;SÖĞÜTLÜ ECZANESİ;TRABZON AKCAABAT;FAMTREC;Famtrec 800/26,6mg 14 Film Kaplı Tablet;5;1;6;511;
08.07.2026;ALLIANCE HEALTHCARE;AH TRABZON;8680001252084;BAŞAK ECZANESİ;TRABZON AKCAABAT;FAMTREC;Famtrec 800/26,6mg 14 Film Kaplı Tablet;5;1;6;511;
08.07.2026;SELÇUK ECZA DEPOSU;SELÇUK TRABZON;8680001466641;DERECİK MERKEZ ECZANESİ;TRABZON AKCAABAT;GRİPORT COLD;Griport Cold 20 Film Kaplı Tablet;1;0;1;84;
09.07.2026;ALLIANCE HEALTHCARE;AH TRABZON;8680001273652;GENÇER ECZANESİ;TRABZON AKCAABAT;PANOCER;Panocer 40 mg 14 Enterik Kaplı Tablet;10;3;13;809;
10.07.2026;ALLIANCE HEALTHCARE;AH TRABZON;8680001252084;BAŞAK ECZANESİ;TRABZON AKCAABAT;FAMTREC;Famtrec 800/26,6mg 14 Film Kaplı Tablet;5;1;6;511;
10.07.2026;ALLIANCE HEALTHCARE;AH TRABZON;8680001229598;ELİF ECZANESİ;TRABZON AKCAABAT;FAMTREC;Famtrec 800/26,6mg 14 Film Kaplı Tablet;5;1;6;511;
10.07.2026;ALLIANCE HEALTHCARE;AH TRABZON;8680001229598;ELİF ECZANESİ;TRABZON AKCAABAT;FAMTREC;Famtrec 800/26,6mg 14 Film Kaplı Tablet;10;2;12;1.022;
13.07.2026;ALLIANCE HEALTHCARE;AH TRABZON;8680001254255;MERKEZ ECZANESİ;TRABZON AKCAABAT;FAMTREC;Famtrec 800/26,6mg 14 Film Kaplı Tablet;2;0;2;204;
14.07.2026;NEVZAT ECZA DEPOSU;NEVZAT TRABZON;8680001213252;GÖNÜL ECZANESİ;TRABZON AKCAABAT;ACİDPASS;Acidpass 10/800/165 mg 12 Çiğneme Tablet;10;1;11;1.122;
14.07.2026;SELÇUK ECZA DEPOSU;SELÇUK TRABZON;8680001268580;AKÇAABAT ECZANESİ;TRABZON AKCAABAT;FAMTREC;Famtrec 800/26,6mg 14 Film Kaplı Tablet;5;1;6;511;
14.07.2026;SELÇUK ECZA DEPOSU;SELÇUK TRABZON;8680001254255;MERKEZ ECZANESİ;TRABZON AKCAABAT;PANOCER;Panocer 40 mg 28 Enterik Kaplı Tablet;2;0;2;211;
16.07.2026;ALLIANCE HEALTHCARE;AH TRABZON;8680001422517;YAYLACIK ECZANESİ;TRABZON AKCAABAT;ACİDPASS;Acidpass 10/800/165 mg 12 Çiğneme Tablet;10;1;11;1.122;
16.07.2026;ALLIANCE HEALTHCARE;AH TRABZON;8680001623709;AYDIN ECZANESİ;TRABZON AKCAABAT;ACİDPASS;Acidpass 10/800/165 mg 12 Çiğneme Tablet;10;1;11;1.122;
17.07.2026;ALLIANCE HEALTHCARE;AH TRABZON;8680001542703;PINAR ECZANESİ;TRABZON AKCAABAT;ACİDPASS;Acidpass 10/800/165 mg 6 Çiğneme Tablet;1;0;1;69;
17.07.2026;SELÇUK ECZA DEPOSU;SELÇUK TRABZON;8680001704422;SENA ECZANESİ;TRABZON AKCAABAT;FAMTREC;Famtrec 800/26,6mg 14 Film Kaplı Tablet;5;1;6;511;
17.07.2026;SELÇUK ECZA DEPOSU;SELÇUK TRABZON;8680001939619;OZCAN ECZANESI;TRABZON AKCAABAT;PANOCER;Panocer 40 mg 28 Enterik Kaplı Tablet;10;3;13;1.053;
18.07.2026;SELÇUK ECZA DEPOSU;SELÇUK TRABZON;8680001451517;KAVAKLI ECZANESİ;TRABZON AKCAABAT;ACİDPASS;Acidpass 10/800/165 mg 12 Çiğneme Tablet;150;60;210;16.835;
20.07.2026;ALLIANCE HEALTHCARE;AH TRABZON;8680001252930;GÜNER ECZANESİ;TRABZON AKCAABAT;ACİDPASS;Acidpass 10/800/165 mg 12 Çiğneme Tablet;10;1;11;1.122;
20.07.2026;SELÇUK ECZA DEPOSU;SELÇUK TRABZON;8680001466641;DERECİK MERKEZ ECZANESİ;TRABZON AKCAABAT;ACİDPASS;Acidpass 10/800/165 mg 6 Çiğneme Tablet;1;0;1;69;
20.07.2026;ALLIANCE HEALTHCARE;AH TRABZON;8680001422517;YAYLACIK ECZANESİ;TRABZON AKCAABAT;PANOCER;Panocer 40 mg 28 Enterik Kaplı Tablet;10;3;13;1.053;
21.07.2026;ALLIANCE HEALTHCARE;AH TRABZON;8680001265923;GÜL ECZANESİ;TRABZON AKCAABAT;GRİPORT COLD;Griport Cold 20 Film Kaplı Tablet;1;0;1;84;
22.07.2026;ALLIANCE HEALTHCARE;AH TRABZON;8680001252930;GÜNER ECZANESİ;TRABZON AKCAABAT;ACİDPASS;Acidpass 10/800/165 mg 12 Çiğneme Tablet;50;15;65;5.612;
22.07.2026;ALLIANCE HEALTHCARE;AH TRABZON;8680001230396;NUHOĞLU ECZANESİ;TRABZON AKCAABAT;ACİDPASS;Acidpass 10/800/165 mg 12 Çiğneme Tablet;50;15;65;5.612;
24.07.2026;ALLIANCE HEALTHCARE;AH TRABZON;8680001457687;TUĞBA ECZANESİ;TRABZON AKCAABAT;ACİDPASS;Acidpass 10/800/165 mg 12 Çiğneme Tablet;10;1;11;1.122;
24.07.2026;SELÇUK ECZA DEPOSU;SELÇUK TRABZON;8680001463848;TILSIM ECZANESİ;TRABZON AKCAABAT;ACİDPASS;Acidpass 10/800/165 mg 12 Çiğneme Tablet;10;1;11;1.122;
24.07.2026;SELÇUK ECZA DEPOSU;SELÇUK TRABZON;8680001853953;MÜKAFAT ECZANESİ;TRABZON AKCAABAT;PANOCER;Panocer 40 mg 28 Enterik Kaplı Tablet;10;3;13;1.053;
27.07.2026;ALLIANCE HEALTHCARE;AH TRABZON;8680001690305;SILA ECZANESİ;TRABZON AKCAABAT;ACİDPASS;Acidpass 10/800/165 mg 12 Çiğneme Tablet;2;0;2;224;
27.07.2026;ALLIANCE HEALTHCARE;AH TRABZON;8680001451517;KAVAKLI ECZANESİ;TRABZON AKCAABAT;PANOCER;Panocer 40 mg 28 Enterik Kaplı Tablet;10;3;13;1.053;
28.07.2026;NEVZAT ECZA DEPOSU;NEVZAT TRABZON;8680001199372;TALİP ECZANESİ;TRABZON AKCAABAT;ACİDPASS;Acidpass 10/800/165 mg 12 Çiğneme Tablet;10;1;11;1.122;
28.07.2026;ALLIANCE HEALTHCARE;AH TRABZON;8680001457687;TUĞBA ECZANESİ;TRABZON AKCAABAT;FAMTREC;Famtrec 800/26,6mg 14 Film Kaplı Tablet;5;1;6;511;
28.07.2026;ALLIANCE HEALTHCARE;AH TRABZON;8680001463848;TILSIM ECZANESİ;TRABZON AKCAABAT;PANOCER;Panocer 40 mg 28 Enterik Kaplı Tablet;1;0;1;105;
29.07.2026;SELÇUK ECZA DEPOSU;SELÇUK TRABZON;8680001596560;SİNEM ECZANESİ;TRABZON AKCAABAT;FAMTREC;Famtrec 800/26,6mg 14 Film Kaplı Tablet;5;1;6;511;
29.07.2026;SELÇUK ECZA DEPOSU;SELÇUK TRABZON;8680001748204;HAYAT PINARI;TRABZON AKCAABAT;FAMTREC;Famtrec 800/26,6mg 14 Film Kaplı Tablet;2;0;2;204;
29.07.2026;SELÇUK ECZA DEPOSU;SELÇUK TRABZON;8680001643745;SAĞLIK ECZANESİ;TRABZON AKCAABAT;MOKSEFEN;Moksefen 400 mg 7 Film Tablet;20;10;30;2.980;
29.07.2026;SELÇUK ECZA DEPOSU;SELÇUK TRABZON;8680001748204;HAYAT PINARI;TRABZON AKCAABAT;MOKSEFEN;Moksefen 400 mg 7 Film Tablet;20;10;30;2.980;
29.07.2026;SELÇUK ECZA DEPOSU;SELÇUK TRABZON;8680001443925;DOĞANKÖY ŞİFA ECZANESİ;TRABZON AKCAABAT;PANOCER;Panocer 40 mg 28 Enterik Kaplı Tablet;3;0;3;316;
30.07.2026;SELÇUK ECZA DEPOSU;SELÇUK TRABZON;8680001939619;OZCAN ECZANESI;TRABZON AKCAABAT;ACİDPASS;Acidpass 10/800/165 mg 12 Çiğneme Tablet;2;0;2;224;
30.07.2026;SELÇUK ECZA DEPOSU;SELÇUK TRABZON;8680001442058;RABİA ECZANESİ;TRABZON AKCAABAT;FAMTREC;Famtrec 800/26,6mg 14 Film Kaplı Tablet;1;0;1;102;
30.07.2026;SELÇUK ECZA DEPOSU;SELÇUK TRABZON;8680001463848;TILSIM ECZANESİ;TRABZON AKCAABAT;PANOCER;Panocer 40 mg 28 Enterik Kaplı Tablet;10;3;13;1.053;
31.07.2026;SELÇUK ECZA DEPOSU;SELÇUK TRABZON;8680001651689;MERVE ECZANESİ;TRABZON AKCAABAT;ACİDPASS;Acidpass 10/800/165 mg 12 Çiğneme Tablet;50;10;60;5.612;
31.07.2026;SELÇUK ECZA DEPOSU;SELÇUK TRABZON;8680001451517;KAVAKLI ECZANESİ;TRABZON AKCAABAT;FAMTREC;Famtrec 800/26,6mg 14 Film Kaplı Tablet;5;1;6;511;
01.07.2026;NEVZAT ECZA DEPOSU;NEVZAT TRABZON;8680001413591;ZEKİ ECZANESİ;TRABZON BATI ILCELER - 2;ACİDPASS;Acidpass 10/800/165 mg 12 Çiğneme Tablet;10;1;11;1.122;
01.07.2026;NEVZAT ECZA DEPOSU;NEVZAT TRABZON;8680001277032;BEŞİKDÜZÜ ECZANESİ;TRABZON BATI ILCELER - 2;PANOCER;Panocer 40 mg 28 Enterik Kaplı Tablet;10;3;13;1.053;
03.07.2026;NEVZAT ECZA DEPOSU;NEVZAT TRABZON;8680001274086;OKAN ECZANESİ;TRABZON BATI ILCELER - 2;ACİDPASS;Acidpass 10/800/165 mg 12 Çiğneme Tablet;10;1;11;1.122;
03.07.2026;SELÇUK ECZA DEPOSU;SELÇUK TRABZON;8680001381005;GÖKÇE ECZANESİ;TRABZON BATI ILCELER - 2;ACİDPASS;Acidpass 10/800/165 mg 12 Çiğneme Tablet;10;1;11;1.122;
03.07.2026;SELÇUK ECZA DEPOSU;SELÇUK TRABZON;8680001277544;ÇAĞLAR ECZANESİ;TRABZON BATI ILCELER - 2;MOKSEFEN;Moksefen 400 mg 7 Film Tablet;40;20;60;5.960;
03.07.2026;SELÇUK ECZA DEPOSU;SELÇUK TRABZON;8680001278060;ERENLER ECZANESİ;TRABZON BATI ILCELER - 2;PANOCER;Panocer 40 mg 28 Enterik Kaplı Tablet;10;3;13;1.053;
07.07.2026;ALLIANCE HEALTHCARE;AH TRABZON;8680001272341;MERKEZ ECZANESİ;TRABZON BATI ILCELER - 2;ACİDPASS;Acidpass 10/800/165 mg 12 Çiğneme Tablet;2;0;2;224;
07.07.2026;SELÇUK ECZA DEPOSU;SELÇUK TRABZON;8680001545506;SEVDA ECZANESİ;TRABZON BATI ILCELER - 2;ACİDPASS;Acidpass 10/800/165 mg 12 Çiğneme Tablet;2;0;2;224;
07.07.2026;SELÇUK ECZA DEPOSU;SELÇUK TRABZON;8680001262625;BAHADIR ECZANESİ;TRABZON BATI ILCELER - 2;MOKSEFEN;Moksefen 400 mg 7 Film Tablet;20;10;30;2.980;
07.07.2026;SELÇUK ECZA DEPOSU;SELÇUK TRABZON;8680001545506;SEVDA ECZANESİ;TRABZON BATI ILCELER - 2;MOKSEFEN;Moksefen 400 mg 7 Film Tablet;20;10;30;2.980;
07.07.2026;NEVZAT ECZA DEPOSU;NEVZAT TRABZON;8680001274086;OKAN ECZANESİ;TRABZON BATI ILCELER - 2;PANOCER;Panocer 40 mg 28 Enterik Kaplı Tablet;10;3;13;1.053;
08.07.2026;NEVZAT ECZA DEPOSU;NEVZAT TRABZON;8680001229796;HAYAT ECZANESİ;TRABZON BATI ILCELER - 2;ACİDPASS;Acidpass 10/800/165 mg 12 Çiğneme Tablet;2;0;2;224;
08.07.2026;NEVZAT ECZA DEPOSU;NEVZAT TRABZON;8680001278060;ERENLER ECZANESİ;TRABZON BATI ILCELER - 2;MOKSEFEN;Moksefen 400 mg 7 Film Tablet;5;1;6;745;
09.07.2026;SELÇUK ECZA DEPOSU;SELÇUK TRABZON;8680001277209;TONYA ECZANESİ;TRABZON BATI ILCELER - 2;MOKSEFEN;Moksefen 400 mg 7 Film Tablet;20;10;30;2.980;
10.07.2026;SELÇUK ECZA DEPOSU;SELÇUK TRABZON;8680001277544;ÇAĞLAR ECZANESİ;TRABZON BATI ILCELER - 2;PANOCER;Panocer 40 mg 28 Enterik Kaplı Tablet;30;12;42;3.159;
12.07.2026;NEVZAT ECZA DEPOSU;NEVZAT TRABZON;8680001206322;ŞALPAZARI ECZANESİ;TRABZON BATI ILCELER - 2;MOKSEFEN;Moksefen 400 mg 7 Film Tablet;5;1;6;745;
13.07.2026;NEVZAT ECZA DEPOSU;NEVZAT TRABZON;8680001278060;ERENLER ECZANESİ;TRABZON BATI ILCELER - 2;ACİDPASS;Acidpass 10/800/165 mg 12 Çiğneme Tablet;10;1;11;1.122;
14.07.2026;NEVZAT ECZA DEPOSU;NEVZAT TRABZON;8680001274086;OKAN ECZANESİ;TRABZON BATI ILCELER - 2;PANOCER;Panocer 40 mg 28 Enterik Kaplı Tablet;10;3;13;1.053;
16.07.2026;ALLIANCE HEALTHCARE;AH TRABZON;8680001250608;VAKFIKEBİR ECZANESİ;TRABZON BATI ILCELER - 2;MOKSEFEN;Moksefen 400 mg 7 Film Tablet;20;10;30;2.980;
16.07.2026;SELÇUK ECZA DEPOSU;SELÇUK TRABZON;8680001277117;KADİR ECZANESİ;TRABZON BATI ILCELER - 2;PANOCER;Panocer 40 mg 28 Enterik Kaplı Tablet;10;3;13;1.053;
17.07.2026;NEVZAT ECZA DEPOSU;NEVZAT TRABZON;8680001271221;HAYAT ECZANESİ;TRABZON BATI ILCELER - 2;ACİDPASS;Acidpass 10/800/165 mg 12 Çiğneme Tablet;10;1;11;1.122;
18.07.2026;SELÇUK ECZA DEPOSU;SELÇUK TRABZON;8680001271221;HAYAT ECZANESİ;TRABZON BATI ILCELER - 2;MOKSEFEN;Moksefen 400 mg 7 Film Tablet;20;10;30;2.980;
20.07.2026;NEVZAT ECZA DEPOSU;NEVZAT TRABZON;8680001229796;HAYAT ECZANESİ;TRABZON BATI ILCELER - 2;ACİDPASS;Acidpass 10/800/165 mg 12 Çiğneme Tablet;3;0;3;337;
21.07.2026;ALLIANCE HEALTHCARE;AH TRABZON;8680001272341;MERKEZ ECZANESİ;TRABZON BATI ILCELER - 2;ACİDPASS;Acidpass 10/800/165 mg 12 Çiğneme Tablet;3;0;3;337;
21.07.2026;ALLIANCE HEALTHCARE;AH TRABZON;8680001215355;ZEYNEP ECZANESİ;TRABZON BATI ILCELER - 2;PANOCER;Panocer 40 mg 28 Enterik Kaplı Tablet;10;3;13;1.053;
21.07.2026;NEVZAT ECZA DEPOSU;NEVZAT TRABZON;8680001278275;BAŞKAN ECZANESİ;TRABZON BATI ILCELER - 2;PANOCER;Panocer 40 mg 28 Enterik Kaplı Tablet;30;12;42;3.159;
22.07.2026;SELÇUK ECZA DEPOSU;SELÇUK TRABZON;8680001260157;SAĞLIK ECZANESİ;TRABZON BATI ILCELER - 2;ACİDPASS;Acidpass 10/800/165 mg 12 Çiğneme Tablet;10;1;11;1.122;
22.07.2026;SELÇUK ECZA DEPOSU;SELÇUK TRABZON;8680001251797;CENGİZHAN ECZANESİ;TRABZON BATI ILCELER - 2;ACİDPASS;Acidpass 10/800/165 mg 12 Çiğneme Tablet;1;0;1;112;
23.07.2026;NEVZAT ECZA DEPOSU;NEVZAT TRABZON;8680001204953;HAYAT ECZANESİ;TRABZON BATI ILCELER - 2;ACİDPASS;Acidpass 10/800/165 mg 12 Çiğneme Tablet;10;1;11;1.122;
23.07.2026;SELÇUK ECZA DEPOSU;SELÇUK TRABZON;8680001545506;SEVDA ECZANESİ;TRABZON BATI ILCELER - 2;ACİDPASS;Acidpass 10/800/165 mg 12 Çiğneme Tablet;5;0;5;561;
23.07.2026;ALLIANCE HEALTHCARE;AH TRABZON;8680001274086;OKAN ECZANESİ;TRABZON BATI ILCELER - 2;PANOCER;Panocer 40 mg 28 Enterik Kaplı Tablet;10;3;13;1.053;
24.07.2026;SELÇUK ECZA DEPOSU;SELÇUK TRABZON;8680001274154;ÇİĞDEM ECZANESİ;TRABZON BATI ILCELER - 2;PANOCER;Panocer 40 mg 28 Enterik Kaplı Tablet;30;12;42;3.159;
27.07.2026;NEVZAT ECZA DEPOSU;NEVZAT TRABZON;8680001274154;ÇİĞDEM ECZANESİ;TRABZON BATI ILCELER - 2;ACİDPASS;Acidpass 10/800/165 mg 12 Çiğneme Tablet;10;1;11;1.122;
27.07.2026;NEVZAT ECZA DEPOSU;NEVZAT TRABZON;8680001413591;ZEKİ ECZANESİ;TRABZON BATI ILCELER - 2;PANOCER;Panocer 40 mg 28 Enterik Kaplı Tablet;30;12;42;3.159;
28.07.2026;SELÇUK ECZA DEPOSU;SELÇUK TRABZON;8680001443949;ŞİFA ECZANESİ;TRABZON BATI ILCELER - 2;GRİPORT COLD;Griport Cold 20 Film Kaplı Tablet;6;1;7;505;
28.07.2026;ALLIANCE HEALTHCARE;AH TRABZON;8680001250608;VAKFIKEBİR ECZANESİ;TRABZON BATI ILCELER - 2;PANOCER;Panocer 40 mg 28 Enterik Kaplı Tablet;50;25;75;5.266;
30.07.2026;ALLIANCE HEALTHCARE;AH TRABZON;8680001215355;ZEYNEP ECZANESİ;TRABZON BATI ILCELER - 2;ACİDPASS;Acidpass 10/800/165 mg 12 Çiğneme Tablet;10;1;11;1.122;
30.07.2026;ALLIANCE HEALTHCARE;AH TRABZON;8680001250608;VAKFIKEBİR ECZANESİ;TRABZON BATI ILCELER - 2;ACİDPASS;Acidpass 10/800/165 mg 12 Çiğneme Tablet;10;1;11;1.122;
31.07.2026;SELÇUK ECZA DEPOSU;SELÇUK TRABZON;8680001260157;SAĞLIK ECZANESİ;TRABZON BATI ILCELER - 2;ACİDPASS;Acidpass 10/800/165 mg 12 Çiğneme Tablet;5;0;5;561;
31.07.2026;NEVZAT ECZA DEPOSU;NEVZAT TRABZON;8680001278060;ERENLER ECZANESİ;TRABZON BATI ILCELER - 2;ACİDPASS;Acidpass 10/800/165 mg 12 Çiğneme Tablet;5;0;5;561;
31.07.2026;SELÇUK ECZA DEPOSU;SELÇUK TRABZON;8680001260157;SAĞLIK ECZANESİ;TRABZON BATI ILCELER - 2;PANOCER;Panocer 40 mg 28 Enterik Kaplı Tablet;30;12;42;3.159;
01.07.2026;ALLIANCE HEALTHCARE;AH TRABZON;8680001272969;KAŞÜSTÜ ECZANESİ;TRABZON DOGU ILCELER - 2;ACİDPASS;Acidpass 10/800/165 mg 12 Çiğneme Tablet;4;0;4;449;
01.07.2026;SELÇUK ECZA DEPOSU;SELÇUK TRABZON;8680001378821;ARAKLI ECZANESİ;TRABZON DOGU ILCELER - 2;ACİDPASS;Acidpass 10/800/165 mg 12 Çiğneme Tablet;10;1;11;1.122;
01.07.2026;ALLIANCE HEALTHCARE;AH TRABZON;8680001252572;ŞİFA ECZANESİ;TRABZON DOGU ILCELER - 2;ACİDPASS;Acidpass 10/800/165 mg 12 Çiğneme Tablet;2;0;2;224;
01.07.2026;SELÇUK ECZA DEPOSU;SELÇUK TRABZON;8680001378821;ARAKLI ECZANESİ;TRABZON DOGU ILCELER - 2;MOKSEFEN;Moksefen 400 mg 7 Film Tablet;5;1;6;745;
03.07.2026;NEVZAT ECZA DEPOSU;NEVZAT TRABZON;8680001504411;LOKMAN ECZANESİ;TRABZON DOGU ILCELER - 2;ACİDPASS;Acidpass 10/800/165 mg 12 Çiğneme Tablet;5;0;5;561;
03.07.2026;SELÇUK ECZA DEPOSU;SELÇUK TRABZON;8680001262496;DEVA ECZANESİ;TRABZON DOGU ILCELER - 2;ACİDPASS;Acidpass 10/800/165 mg 12 Çiğneme Tablet;20;3;23;2.245;
03.07.2026;SELÇUK ECZA DEPOSU;SELÇUK TRABZON;8680001471218;ARAKLI ŞİFA ECZANESİ;TRABZON DOGU ILCELER - 2;ACİDPASS;Acidpass 10/800/165 mg 12 Çiğneme Tablet;5;0;5;561;
06.07.2026;ALLIANCE HEALTHCARE;AH TRABZON;8680001169719;PETEK ECZANESİ;TRABZON DOGU ILCELER - 2;GRİPORT COLD;Griport Cold 20 Film Kaplı Tablet;1;0;1;84;
07.07.2026;ALLIANCE HEALTHCARE;AH TRABZON;8680001236138;ŞİFA ECZANESİ;TRABZON DOGU ILCELER - 2;ACİDPASS;Acidpass 10/800/165 mg 12 Çiğneme Tablet;10;1;11;1.122;
07.07.2026;ALLIANCE HEALTHCARE;AH TRABZON;8680001273881;GÜNIŞIĞI ECZANESİ;TRABZON DOGU ILCELER - 2;ACİDPASS;Acidpass 10/800/165 mg 6 Çiğneme Tablet;1;0;1;69;
08.07.2026;SELÇUK ECZA DEPOSU;SELÇUK TRABZON;8680001417964;DERMAN ECZANESİ;TRABZON DOGU ILCELER - 2;FAMTREC;Famtrec 800/26,6mg 14 Film Kaplı Tablet;5;1;6;511;
08.07.2026;SELÇUK ECZA DEPOSU;SELÇUK TRABZON;8680001417964;DERMAN ECZANESİ;TRABZON DOGU ILCELER - 2;GRİPORT COLD;Griport Cold 20 Film Kaplı Tablet;60;40;100;5.049;
08.07.2026;SELÇUK ECZA DEPOSU;SELÇUK TRABZON;8680001722716;MERKEZ ECZANESİ;TRABZON DOGU ILCELER - 2;GRİPORT COLD;Griport Cold 20 Film Kaplı Tablet;6;1;7;505;
08.07.2026;NEVZAT ECZA DEPOSU;NEVZAT TRABZON;8680001527892;FEYZA ECZANESİ;TRABZON DOGU ILCELER - 2;MOKSEFEN;Moksefen 400 mg 7 Film Tablet;2;0;2;298;
08.07.2026;SELÇUK ECZA DEPOSU;SELÇUK TRABZON;8680001491612;SEMİH ECZANESİ;TRABZON DOGU ILCELER - 2;PANOCER;Panocer 40 mg 28 Enterik Kaplı Tablet;5;0;5;527;
09.07.2026;NEVZAT ECZA DEPOSU;NEVZAT TRABZON;8680001432790;MERKEZ ECZANESİ;TRABZON DOGU ILCELER - 2;ACİDPASS;Acidpass 10/800/165 mg 12 Çiğneme Tablet;10;1;11;1.122;
09.07.2026;SELÇUK ECZA DEPOSU;SELÇUK TRABZON;8680001527892;FEYZA ECZANESİ;TRABZON DOGU ILCELER - 2;ACİDPASS;Acidpass 10/800/165 mg 12 Çiğneme Tablet;10;1;11;1.122;
09.07.2026;SELÇUK ECZA DEPOSU;SELÇUK TRABZON;8680001428786;ŞAHİN ECZANESİ;TRABZON DOGU ILCELER - 2;PANOCER;Panocer 40 mg 28 Enterik Kaplı Tablet;10;3;13;1.053;
10.07.2026;SELÇUK ECZA DEPOSU;SELÇUK TRABZON;8680001137565;BAYRAK ECZANESİ;TRABZON DOGU ILCELER - 2;MOKSEFEN;Moksefen 400 mg 7 Film Tablet;20;10;30;2.980;
10.07.2026;NEVZAT ECZA DEPOSU;NEVZAT TRABZON;8680001625697;KANUNİ ECZANESİ;TRABZON DOGU ILCELER - 2;MOKSEFEN;Moksefen 400 mg 7 Film Tablet;10;3;13;1.490;
10.07.2026;ALLIANCE HEALTHCARE;AH TRABZON;8680001473045;EBRU ECZANESİ;TRABZON DOGU ILCELER - 2;PANOCER;Panocer 40 mg 28 Enterik Kaplı Tablet;1;0;1;105;
13.07.2026;ALLIANCE HEALTHCARE;AH TRABZON;8680001259717;ÖZLEM ECZANESİ;TRABZON DOGU ILCELER - 2;GRİPORT COLD;Griport Cold 20 Film Kaplı Tablet;2;0;2;168;
14.07.2026;ALLIANCE HEALTHCARE;AH TRABZON;8680001835850;YILDIRIMHAN ECZANESİ;TRABZON DOGU ILCELER - 2;ACİDPASS;Acidpass 10/800/165 mg 12 Çiğneme Tablet;3;0;3;337;
15.07.2026;ALLIANCE HEALTHCARE;AH TRABZON;8680001236138;ŞİFA ECZANESİ;TRABZON DOGU ILCELER - 2;MOKSEFEN;Moksefen 400 mg 7 Film Tablet;20;10;30;2.980;
16.07.2026;ALLIANCE HEALTHCARE;AH TRABZON;8680001272969;KAŞÜSTÜ ECZANESİ;TRABZON DOGU ILCELER - 2;ACİDPASS;Acidpass 10/800/165 mg 12 Çiğneme Tablet;2;0;2;224;
16.07.2026;SELÇUK ECZA DEPOSU;SELÇUK TRABZON;8680001480739;LOTUS ECZANESİ;TRABZON DOGU ILCELER - 2;ACİDPASS;Acidpass 10/800/165 mg 12 Çiğneme Tablet;10;1;11;1.122;
16.07.2026;SELÇUK ECZA DEPOSU;SELÇUK TRABZON;8680001625697;KANUNİ ECZANESİ;TRABZON DOGU ILCELER - 2;ACİDPASS;Acidpass 10/800/165 mg 12 Çiğneme Tablet;2;0;2;224;
17.07.2026;SELÇUK ECZA DEPOSU;SELÇUK TRABZON;8680001673452;KUBRA ECZANESI;TRABZON DOGU ILCELER - 2;ACİDPASS;Acidpass 10/800/165 mg 12 Çiğneme Tablet;2;0;2;224;
17.07.2026;ALLIANCE HEALTHCARE;AH TRABZON;8680001485420;HÜRRİYET ECZANESİ;TRABZON DOGU ILCELER - 2;MOKSEFEN;Moksefen 400 mg 7 Film Tablet;20;10;30;2.980;
20.07.2026;ALLIANCE HEALTHCARE;AH TRABZON;8680001272969;KAŞÜSTÜ ECZANESİ;TRABZON DOGU ILCELER - 2;PANOCER;Panocer 40 mg 28 Enterik Kaplı Tablet;10;3;13;1.053;
20.07.2026;ALLIANCE HEALTHCARE;AH TRABZON;8680001473045;EBRU ECZANESİ;TRABZON DOGU ILCELER - 2;PANOCER;Panocer 40 mg 28 Enterik Kaplı Tablet;1;0;1;105;
23.07.2026;SELÇUK ECZA DEPOSU;SELÇUK TRABZON;8680001229116;YAĞMUR ECZANESİ;TRABZON DOGU ILCELER - 2;ACİDPASS;Acidpass 10/800/165 mg 12 Çiğneme Tablet;3;0;3;337;
27.07.2026;ALLIANCE HEALTHCARE;AH TRABZON;8680001277261;SAĞLIK ECZANESİ;TRABZON DOGU ILCELER - 2;ACİDPASS;Acidpass 10/800/165 mg 12 Çiğneme Tablet;2;0;2;224;
27.07.2026;ALLIANCE HEALTHCARE;AH TRABZON;8680001722716;MERKEZ ECZANESİ;TRABZON DOGU ILCELER - 2;ACİDPASS;Acidpass 10/800/165 mg 12 Çiğneme Tablet;2;0;2;224;
27.07.2026;NEVZAT ECZA DEPOSU;NEVZAT TRABZON;8680001456932;ÖZEN ECZANESİ;TRABZON DOGU ILCELER - 2;GRİPORT COLD;Griport Cold 20 Film Kaplı Tablet;6;1;7;505;
27.07.2026;NEVZAT ECZA DEPOSU;NEVZAT TRABZON;8680001456932;ÖZEN ECZANESİ;TRABZON DOGU ILCELER - 2;MOKSEFEN;Moksefen 400 mg 7 Film Tablet;10;3;13;1.490;
27.07.2026;NEVZAT ECZA DEPOSU;NEVZAT TRABZON;8680001262496;DEVA ECZANESİ;TRABZON DOGU ILCELER - 2;PANOCER;Panocer 40 mg 28 Enterik Kaplı Tablet;10;3;13;1.053;
28.07.2026;NEVZAT ECZA DEPOSU;NEVZAT TRABZON;8680001201532;ATACAN ECZANESİ;TRABZON DOGU ILCELER - 2;ACİDPASS;Acidpass 10/800/165 mg 12 Çiğneme Tablet;2;0;2;224;
28.07.2026;SELÇUK ECZA DEPOSU;SELÇUK TRABZON;8680001752935;MERVE ECZANESİ;TRABZON DOGU ILCELER - 2;FAMTREC;Famtrec 800/26,6mg 30 Film Kaplı Tablet;1;0;1;219;
29.07.2026;SELÇUK ECZA DEPOSU;SELÇUK TRABZON;8680001752935;MERVE ECZANESİ;TRABZON DOGU ILCELER - 2;FAMTREC;Famtrec 800/26,6mg 14 Film Kaplı Tablet;1;0;1;102;
30.07.2026;SELÇUK ECZA DEPOSU;SELÇUK TRABZON;8680001451524;DOĞA ECZANESİ;TRABZON DOGU ILCELER - 2;ACİDPASS;Acidpass 10/800/165 mg 12 Çiğneme Tablet;2;0;2;224;
30.07.2026;ALLIANCE HEALTHCARE;AH TRABZON;8680001271788;SEYİTOĞLU ECZANESİ;TRABZON DOGU ILCELER - 2;PANOCER;Panocer 40 mg 28 Enterik Kaplı Tablet;50;25;75;5.266;
31.07.2026;SELÇUK ECZA DEPOSU;SELÇUK TRABZON;8680001377985;BAKİ ECZANESİ;TRABZON DOGU ILCELER - 2;ACİDPASS;Acidpass 10/800/165 mg 12 Çiğneme Tablet;10;1;11;1.122;
31.07.2026;SELÇUK ECZA DEPOSU;SELÇUK TRABZON;8680001377985;BAKİ ECZANESİ;TRABZON DOGU ILCELER - 2;PANOCER;Panocer 40 mg 28 Enterik Kaplı Tablet;10;3;13;1.053;
31.07.2026;SELÇUK ECZA DEPOSU;SELÇUK TRABZON;8680001378821;ARAKLI ECZANESİ;TRABZON DOGU ILCELER - 2;PANOCER;Panocer 40 mg 28 Enterik Kaplı Tablet;30;12;42;3.159;
01.07.2026;SELÇUK ECZA DEPOSU;SELÇUK TRABZON;8680001746033;DOĞA ECZANESİ;TRABZON DOGU ILCELER -1;ACİDPASS;Acidpass 10/800/165 mg 12 Çiğneme Tablet;10;1;11;1.122;
01.07.2026;SELÇUK ECZA DEPOSU;SELÇUK TRABZON;8680001830473;OF ECZANESİ;TRABZON DOGU ILCELER -1;GRİPORT COLD;Griport Cold 20 Film Kaplı Tablet;1;0;1;84;
01.07.2026;NEVZAT ECZA DEPOSU;NEVZAT TRABZON;8680001651641;İRFANLI ECZANESİ;TRABZON DOGU ILCELER -1;MOKSEFEN;Moksefen 400 mg 7 Film Tablet;10;3;13;1.490;
01.07.2026;NEVZAT ECZA DEPOSU;NEVZAT TRABZON;8680001651641;İRFANLI ECZANESİ;TRABZON DOGU ILCELER -1;PANOCER;Panocer 40 mg 28 Enterik Kaplı Tablet;165;135;300;17.377;
02.07.2026;SELÇUK ECZA DEPOSU;SELÇUK TRABZON;8680001654994;ULU ECZANESİ;TRABZON DOGU ILCELER -1;ACİDPASS;Acidpass 10/800/165 mg 12 Çiğneme Tablet;10;1;11;1.122;
02.07.2026;SELÇUK ECZA DEPOSU;SELÇUK TRABZON;8680001339976;TOPALOĞLU ECZANESİ;TRABZON DOGU ILCELER -1;GRİPORT COLD;Griport Cold 20 Film Kaplı Tablet;1;0;1;84;
02.07.2026;ALLIANCE HEALTHCARE;AH TRABZON;8680001634477;ÇARŞIBAŞI ECZANESI;TRABZON DOGU ILCELER -1;MOKSEFEN;Moksefen 400 mg 7 Film Tablet;20;10;30;2.980;
03.07.2026;SELÇUK ECZA DEPOSU;SELÇUK TRABZON;8680001339976;TOPALOĞLU ECZANESİ;TRABZON DOGU ILCELER -1;MOKSEFEN;Moksefen 400 mg 7 Film Tablet;20;10;30;2.980;
03.07.2026;SELÇUK ECZA DEPOSU;SELÇUK TRABZON;8680001746033;DOĞA ECZANESİ;TRABZON DOGU ILCELER -1;MOKSEFEN;Moksefen 400 mg 7 Film Tablet;1;0;1;149;
05.07.2026;ALLIANCE HEALTHCARE;AH TRABZON;8680001830473;OF ECZANESİ;TRABZON DOGU ILCELER -1;GRİPORT COLD;Griport Cold 20 Film Kaplı Tablet;1;0;1;84;
06.07.2026;ALLIANCE HEALTHCARE;AH TRABZON;8680001224630;ŞİFA ECZANESİ;TRABZON DOGU ILCELER -1;MOKSEFEN;Moksefen 400 mg 7 Film Tablet;10;3;13;1.490;
06.07.2026;ALLIANCE HEALTHCARE;AH TRABZON;8680001205899;BÜYÜK ECZANESİ;TRABZON DOGU ILCELER -1;MOKSEFEN;Moksefen 400 mg 7 Film Tablet;20;10;30;2.980;
07.07.2026;ALLIANCE HEALTHCARE;AH TRABZON;8680001205899;BÜYÜK ECZANESİ;TRABZON DOGU ILCELER -1;ACİDPASS;Acidpass 10/800/165 mg 12 Çiğneme Tablet;10;1;11;1.122;
07.07.2026;SELÇUK ECZA DEPOSU;SELÇUK TRABZON;8680001213757;HAYRAT ECZANESİ;TRABZON DOGU ILCELER -1;ACİDPASS;Acidpass 10/800/165 mg 12 Çiğneme Tablet;10;1;11;1.122;
07.07.2026;ALLIANCE HEALTHCARE;AH TRABZON;8680001205899;BÜYÜK ECZANESİ;TRABZON DOGU ILCELER -1;ACİDPASS;Acidpass 10/800/165 mg 6 Çiğneme Tablet;5;0;5;344;
07.07.2026;SELÇUK ECZA DEPOSU;SELÇUK TRABZON;8680001746033;DOĞA ECZANESİ;TRABZON DOGU ILCELER -1;PANOCER;Panocer 40 mg 28 Enterik Kaplı Tablet;10;3;13;1.053;
08.07.2026;ALLIANCE HEALTHCARE;AH TRABZON;8680001706891;BİLGE ECZANESİ;TRABZON DOGU ILCELER -1;MOKSEFEN;Moksefen 400 mg 7 Film Tablet;3;0;3;447;
10.07.2026;SELÇUK ECZA DEPOSU;SELÇUK TRABZON;8680001278329;HALK ECZANESİ;TRABZON DOGU ILCELER -1;ACİDPASS;Acidpass 10/800/165 mg 12 Çiğneme Tablet;50;15;65;5.612;
13.07.2026;ALLIANCE HEALTHCARE;AH TRABZON;8680001198276;SAĞLIK ECZANESİ;TRABZON DOGU ILCELER -1;PANOCER;Panocer 40 mg 28 Enterik Kaplı Tablet;30;12;42;3.159;
13.07.2026;SELÇUK ECZA DEPOSU;SELÇUK TRABZON;8680001213757;HAYRAT ECZANESİ;TRABZON DOGU ILCELER -1;PANOCER;Panocer 40 mg 28 Enterik Kaplı Tablet;30;12;42;3.159;
13.07.2026;ALLIANCE HEALTHCARE;AH TRABZON;8680001706891;BİLGE ECZANESİ;TRABZON DOGU ILCELER -1;PANOCER;Panocer 40 mg 28 Enterik Kaplı Tablet;10;3;13;1.053;
14.07.2026;ALLIANCE HEALTHCARE;AH TRABZON;8680001706891;BİLGE ECZANESİ;TRABZON DOGU ILCELER -1;ACİDPASS;Acidpass 10/800/165 mg 12 Çiğneme Tablet;4;0;4;449;
14.07.2026;SELÇUK ECZA DEPOSU;SELÇUK TRABZON;8680001734429;SAĞLIK ECZANESİ;TRABZON DOGU ILCELER -1;ACİDPASS;Acidpass 10/800/165 mg 12 Çiğneme Tablet;2;0;2;224;
14.07.2026;NEVZAT ECZA DEPOSU;NEVZAT TRABZON;8680001651641;İRFANLI ECZANESİ;TRABZON DOGU ILCELER -1;PANOCER;Panocer 40 mg 28 Enterik Kaplı Tablet;-99;-81;-180;-10.426;
14.07.2026;NEVZAT ECZA DEPOSU;NEVZAT TRABZON;8680001651641;İRFANLI ECZANESİ;TRABZON DOGU ILCELER -1;PANOCER;Panocer 40 mg 28 Enterik Kaplı Tablet;-66;-54;-120;-6.950;
14.07.2026;ALLIANCE HEALTHCARE;AH TRABZON;8680001654994;ULU ECZANESİ;TRABZON DOGU ILCELER -1;PANOCER;Panocer 40 mg 28 Enterik Kaplı Tablet;10;3;13;1.053;
16.07.2026;NEVZAT ECZA DEPOSU;NEVZAT TRABZON;8680001224630;ŞİFA ECZANESİ;TRABZON DOGU ILCELER -1;ACİDPASS;Acidpass 10/800/165 mg 12 Çiğneme Tablet;3;0;3;337;
16.07.2026;NEVZAT ECZA DEPOSU;NEVZAT TRABZON;8680001224630;ŞİFA ECZANESİ;TRABZON DOGU ILCELER -1;ACİDPASS;Acidpass 10/800/165 mg 6 Çiğneme Tablet;3;0;3;207;
17.07.2026;ALLIANCE HEALTHCARE;AH TRABZON;8680001651641;İRFANLI ECZANESİ;TRABZON DOGU ILCELER -1;PANOCER;Panocer 40 mg 28 Enterik Kaplı Tablet;50;25;75;5.266;
19.07.2026;SELÇUK ECZA DEPOSU;SELÇUK TRABZON;8680001918928;ÖNAL ECZANESİ;TRABZON DOGU ILCELER -1;ACİDPASS;Acidpass 10/800/165 mg 12 Çiğneme Tablet;5;0;5;561;
20.07.2026;ALLIANCE HEALTHCARE;AH TRABZON;8680001654994;ULU ECZANESİ;TRABZON DOGU ILCELER -1;MOKSEFEN;Moksefen 400 mg 7 Film Tablet;20;10;30;2.980;
20.07.2026;ALLIANCE HEALTHCARE;AH TRABZON;8680001254873;HAYAT ECZANESİ;TRABZON DOGU ILCELER -1;PANOCER;Panocer 40 mg 28 Enterik Kaplı Tablet;10;3;13;1.053;
20.07.2026;ALLIANCE HEALTHCARE;AH TRABZON;8680001205899;BÜYÜK ECZANESİ;TRABZON DOGU ILCELER -1;PANOCER;Panocer 40 mg 28 Enterik Kaplı Tablet;10;3;13;1.053;
21.07.2026;ALLIANCE HEALTHCARE;AH TRABZON;8680001274055;SOLAKLI ECZANESİ;TRABZON DOGU ILCELER -1;ACİDPASS;Acidpass 10/800/165 mg 12 Çiğneme Tablet;10;1;11;1.122;
21.07.2026;ALLIANCE HEALTHCARE;AH TRABZON;8680001634477;ÇARŞIBAŞI ECZANESI;TRABZON DOGU ILCELER -1;ACİDPASS;Acidpass 10/800/165 mg 12 Çiğneme Tablet;1;0;1;112;
22.07.2026;ALLIANCE HEALTHCARE;AH TRABZON;8680001634477;ÇARŞIBAŞI ECZANESI;TRABZON DOGU ILCELER -1;ACİDPASS;Acidpass 10/800/165 mg 12 Çiğneme Tablet;1;0;1;112;
22.07.2026;ALLIANCE HEALTHCARE;AH TRABZON;8680001706891;BİLGE ECZANESİ;TRABZON DOGU ILCELER -1;MOKSEFEN;Moksefen 400 mg 7 Film Tablet;5;1;6;745;
23.07.2026;ALLIANCE HEALTHCARE;AH TRABZON;8680001271429;ÇAYKARA ECZANESİ;TRABZON DOGU ILCELER -1;ACİDPASS;Acidpass 10/800/165 mg 12 Çiğneme Tablet;2;0;2;224;
24.07.2026;ALLIANCE HEALTHCARE;AH TRABZON;8680001734429;SAĞLIK ECZANESİ;TRABZON DOGU ILCELER -1;ACİDPASS;Acidpass 10/800/165 mg 12 Çiğneme Tablet;1;0;1;112;
24.07.2026;SELÇUK ECZA DEPOSU;SELÇUK TRABZON;8680001654994;ULU ECZANESİ;TRABZON DOGU ILCELER -1;PANOCER;Panocer 40 mg 28 Enterik Kaplı Tablet;10;3;13;1.053;
24.07.2026;SELÇUK ECZA DEPOSU;SELÇUK TRABZON;8680001734429;SAĞLIK ECZANESİ;TRABZON DOGU ILCELER -1;PANOCER;Panocer 40 mg 28 Enterik Kaplı Tablet;3;0;3;316;
24.07.2026;ALLIANCE HEALTHCARE;AH TRABZON;8680001734429;SAĞLIK ECZANESİ;TRABZON DOGU ILCELER -1;PANOCER;Panocer 40 mg 28 Enterik Kaplı Tablet;5;0;5;527;
24.07.2026;ALLIANCE HEALTHCARE;AH TRABZON;8680001830473;OF ECZANESİ;TRABZON DOGU ILCELER -1;PANOCER;Panocer 40 mg 28 Enterik Kaplı Tablet;10;3;13;1.053;
27.07.2026;ALLIANCE HEALTHCARE;AH TRABZON;8680001274550;ESRA ECZANESİ;TRABZON DOGU ILCELER -1;ACİDPASS;Acidpass 10/800/165 mg 12 Çiğneme Tablet;10;1;11;1.122;
27.07.2026;ALLIANCE HEALTHCARE;AH TRABZON;8680001274550;ESRA ECZANESİ;TRABZON DOGU ILCELER -1;PANOCER;Panocer 40 mg 28 Enterik Kaplı Tablet;30;12;42;3.159;
28.07.2026;ALLIANCE HEALTHCARE;AH TRABZON;8680001254873;HAYAT ECZANESİ;TRABZON DOGU ILCELER -1;PANOCER;Panocer 40 mg 28 Enterik Kaplı Tablet;165;135;300;17.377;
28.07.2026;ALLIANCE HEALTHCARE;AH TRABZON;8680001205899;BÜYÜK ECZANESİ;TRABZON DOGU ILCELER -1;PANOCER;Panocer 40 mg 28 Enterik Kaplı Tablet;10;3;13;1.053;
29.07.2026;ALLIANCE HEALTHCARE;AH TRABZON;8680001260355;ÖZTÜRK ECZANESİ;TRABZON DOGU ILCELER -1;ACİDPASS;Acidpass 10/800/165 mg 12 Çiğneme Tablet;3;0;3;337;
29.07.2026;ALLIANCE HEALTHCARE;AH TRABZON;8680001274055;SOLAKLI ECZANESİ;TRABZON DOGU ILCELER -1;FAMTREC;Famtrec 800/26,6mg 14 Film Kaplı Tablet;5;1;6;511;
29.07.2026;ALLIANCE HEALTHCARE;AH TRABZON;8680001198276;SAĞLIK ECZANESİ;TRABZON DOGU ILCELER -1;FAMTREC;Famtrec 800/26,6mg 14 Film Kaplı Tablet;1;0;1;102;
29.07.2026;ALLIANCE HEALTHCARE;AH TRABZON;8680001205899;BÜYÜK ECZANESİ;TRABZON DOGU ILCELER -1;MOKSEFEN;Moksefen 400 mg 7 Film Tablet;20;10;30;2.980;
29.07.2026;ALLIANCE HEALTHCARE;AH TRABZON;8680001274055;SOLAKLI ECZANESİ;TRABZON DOGU ILCELER -1;PANOCER;Panocer 40 mg 28 Enterik Kaplı Tablet;50;25;75;5.266;
30.07.2026;ALLIANCE HEALTHCARE;AH TRABZON;8680001830473;OF ECZANESİ;TRABZON DOGU ILCELER -1;ACİDPASS;Acidpass 10/800/165 mg 12 Çiğneme Tablet;3;0;3;337;
30.07.2026;SELÇUK ECZA DEPOSU;SELÇUK TRABZON;8680001278329;HALK ECZANESİ;TRABZON DOGU ILCELER -1;ACİDPASS;Acidpass 10/800/165 mg 6 Çiğneme Tablet;2;0;2;138;
01.07.2026;SELÇUK ECZA DEPOSU;SELÇUK TRABZON;8680001236237;ANADOLU ECZANESİ;TRABZON DUZKOY+MACKA;ACİDPASS;Acidpass 10/800/165 mg 12 Çiğneme Tablet;10;1;11;1.122;
02.07.2026;SELÇUK ECZA DEPOSU;SELÇUK TRABZON;8680001501663;ESİROĞLU ECZANESİ;TRABZON DUZKOY+MACKA;MOKSEFEN;Moksefen 400 mg 7 Film Tablet;10;3;13;1.490;
02.07.2026;SELÇUK ECZA DEPOSU;SELÇUK TRABZON;8680001664702;BERNA SULTAN ECZANESİ;TRABZON DUZKOY+MACKA;MOKSEFEN;Moksefen 400 mg 7 Film Tablet;20;10;30;2.980;
03.07.2026;SELÇUK ECZA DEPOSU;SELÇUK TRABZON;8680001501663;ESİROĞLU ECZANESİ;TRABZON DUZKOY+MACKA;ACİDPASS;Acidpass 10/800/165 mg 12 Çiğneme Tablet;2;0;2;224;
08.07.2026;SELÇUK ECZA DEPOSU;SELÇUK TRABZON;8680001664702;BERNA SULTAN ECZANESİ;TRABZON DUZKOY+MACKA;ACİDPASS;Acidpass 10/800/165 mg 12 Çiğneme Tablet;2;0;2;224;
09.07.2026;ALLIANCE HEALTHCARE;AH TRABZON;8680001224272;MAÇKA ECZANESİ;TRABZON DUZKOY+MACKA;MOKSEFEN;Moksefen 400 mg 7 Film Tablet;20;10;30;2.980;
10.07.2026;SELÇUK ECZA DEPOSU;SELÇUK TRABZON;8680001202317;PINAR ECZANESİ;TRABZON DUZKOY+MACKA;MOKSEFEN;Moksefen 400 mg 7 Film Tablet;20;10;30;2.980;
13.07.2026;SELÇUK ECZA DEPOSU;SELÇUK TRABZON;8680001501663;ESİROĞLU ECZANESİ;TRABZON DUZKOY+MACKA;ACİDPASS;Acidpass 10/800/165 mg 12 Çiğneme Tablet;2;0;2;224;
14.07.2026;SELÇUK ECZA DEPOSU;SELÇUK TRABZON;8680001723041;MERKEZ ECZANESİ;TRABZON DUZKOY+MACKA;ACİDPASS;Acidpass 10/800/165 mg 12 Çiğneme Tablet;20;3;23;2.245;
14.07.2026;ALLIANCE HEALTHCARE;AH TRABZON;8680001224173;KOÇHAN ECZANESİ;TRABZON DUZKOY+MACKA;MOKSEFEN;Moksefen 400 mg 7 Film Tablet;20;10;30;2.980;
14.07.2026;SELÇUK ECZA DEPOSU;SELÇUK TRABZON;8680001723041;MERKEZ ECZANESİ;TRABZON DUZKOY+MACKA;PANOCER;Panocer 40 mg 28 Enterik Kaplı Tablet;30;12;42;3.159;
16.07.2026;SELÇUK ECZA DEPOSU;SELÇUK TRABZON;8680001664702;BERNA SULTAN ECZANESİ;TRABZON DUZKOY+MACKA;ACİDPASS;Acidpass 10/800/165 mg 12 Çiğneme Tablet;5;0;5;561;
20.07.2026;NEVZAT ECZA DEPOSU;NEVZAT TRABZON;8680001236237;ANADOLU ECZANESİ;TRABZON DUZKOY+MACKA;PANOCER;Panocer 40 mg 28 Enterik Kaplı Tablet;10;3;13;1.053;
23.07.2026;SELÇUK ECZA DEPOSU;SELÇUK TRABZON;8680001223893;DAMLA ECZANESİ;TRABZON DUZKOY+MACKA;ACİDPASS;Acidpass 10/800/165 mg 12 Çiğneme Tablet;10;1;11;1.122;
30.07.2026;ALLIANCE HEALTHCARE;AH TRABZON;8680001224173;KOÇHAN ECZANESİ;TRABZON DUZKOY+MACKA;ACİDPASS;Acidpass 10/800/165 mg 12 Çiğneme Tablet;20;3;23;2.245;
31.07.2026;SELÇUK ECZA DEPOSU;SELÇUK TRABZON;8680001264520;MURATOĞLU ECZANESİ;TRABZON DUZKOY+MACKA;PANOCER;Panocer 40 mg 28 Enterik Kaplı Tablet;10;3;13;1.053;
09.07.2026;SELÇUK ECZA DEPOSU;SELÇUK TRABZON;8680001265756;ÇAMLICA ECZANESİ;TRABZON K.BASI+SURMENE;ACİDPASS;Acidpass 10/800/165 mg 12 Çiğneme Tablet;2;0;2;224;
10.07.2026;ALLIANCE HEALTHCARE;AH TRABZON;8680001259946;SURMENE ECZANESI;TRABZON K.BASI+SURMENE;ACİDPASS;Acidpass 10/800/165 mg 12 Çiğneme Tablet;10;1;11;1.122;
14.07.2026;SELÇUK ECZA DEPOSU;SELÇUK TRABZON;8680001718979;ÖZYİĞİT ECZANESİ;TRABZON K.BASI+SURMENE;ACİDPASS;Acidpass 10/800/165 mg 12 Çiğneme Tablet;10;1;11;1.122;
14.07.2026;SELÇUK ECZA DEPOSU;SELÇUK TRABZON;8680001671502;ŞİFA ECZANESİ;TRABZON K.BASI+SURMENE;PANOCER;Panocer 40 mg 28 Enterik Kaplı Tablet;10;3;13;1.053;
16.07.2026;SELÇUK ECZA DEPOSU;SELÇUK TRABZON;8680001718979;ÖZYİĞİT ECZANESİ;TRABZON K.BASI+SURMENE;PANOCER;Panocer 40 mg 28 Enterik Kaplı Tablet;10;3;13;1.053;
22.07.2026;ALLIANCE HEALTHCARE;AH TRABZON;8680001275816;YENİ KÖPRÜBAŞI ECZANESİ;TRABZON K.BASI+SURMENE;ACİDPASS;Acidpass 10/800/165 mg 12 Çiğneme Tablet;10;1;11;1.122;
23.07.2026;SELÇUK ECZA DEPOSU;SELÇUK TRABZON;8680001909629;YENİAY YILDIRIM ECZANESİ;TRABZON K.BASI+SURMENE;ACİDPASS;Acidpass 10/800/165 mg 12 Çiğneme Tablet;10;1;11;1.122;
01.07.2026;NEVZAT ECZA DEPOSU;NEVZAT TRABZON;8680001238552;ERDOĞDU ECZANESİ;TRABZON MERKEZ -1;ACİDPASS;Acidpass 10/800/165 mg 12 Çiğneme Tablet;3;0;3;337;
01.07.2026;SELÇUK ECZA DEPOSU;SELÇUK TRABZON;8680001565290;CEVDET ECZANESİ;TRABZON MERKEZ -1;ACİDPASS;Acidpass 10/800/165 mg 12 Çiğneme Tablet;1;0;1;112;
01.07.2026;SELÇUK ECZA DEPOSU;SELÇUK TRABZON;8680001640478;NİSAN ECZANESİ;TRABZON MERKEZ -1;ACİDPASS;Acidpass 10/800/165 mg 12 Çiğneme Tablet;20;3;23;2.245;
01.07.2026;SELÇUK ECZA DEPOSU;SELÇUK TRABZON;8680001565290;CEVDET ECZANESİ;TRABZON MERKEZ -1;MOKSEFEN;Moksefen 400 mg 7 Film Tablet;20;10;30;2.980;
01.07.2026;NEVZAT ECZA DEPOSU;NEVZAT TRABZON;8680001205608;DİLEK ECZANESİ;TRABZON MERKEZ -1;PANOCER;Panocer 40 mg 28 Enterik Kaplı Tablet;10;3;13;1.053;
02.07.2026;ALLIANCE HEALTHCARE;AH TRABZON;8680001496884;FİRDEVS ECZANESİ;TRABZON MERKEZ -1;ACİDPASS;Acidpass 10/800/165 mg 12 Çiğneme Tablet;2;0;2;224;
02.07.2026;ALLIANCE HEALTHCARE;AH TRABZON;8680001657544;AKTOPRAK ECZANESİ;TRABZON MERKEZ -1;PANOCER;Panocer 40 mg 28 Enterik Kaplı Tablet;2;0;2;211;
03.07.2026;NEVZAT ECZA DEPOSU;NEVZAT TRABZON;8680001199396;GÜVEN ECZANESİ;TRABZON MERKEZ -1;ACİDPASS;Acidpass 10/800/165 mg 12 Çiğneme Tablet;20;3;23;2.245;
03.07.2026;NEVZAT ECZA DEPOSU;NEVZAT TRABZON;8680001445363;EBRU ECZANESİ;TRABZON MERKEZ -1;MOKSEFEN;Moksefen 400 mg 7 Film Tablet;20;10;30;2.980;
06.07.2026;SELÇUK ECZA DEPOSU;SELÇUK TRABZON;8680001597697;YAŞAM ECZANESİ;TRABZON MERKEZ -1;ACİDPASS;Acidpass 10/800/165 mg 12 Çiğneme Tablet;2;0;2;224;
06.07.2026;ALLIANCE HEALTHCARE;AH TRABZON;8680001565290;CEVDET ECZANESİ;TRABZON MERKEZ -1;ACİDPASS;Acidpass 10/800/165 mg 12 Çiğneme Tablet;2;0;2;224;
06.07.2026;ALLIANCE HEALTHCARE;AH TRABZON;8680001275670;SAĞLAM ECZANESİ;TRABZON MERKEZ -1;MOKSEFEN;Moksefen 400 mg 7 Film Tablet;5;1;6;745;
06.07.2026;ALLIANCE HEALTHCARE;AH TRABZON;8680001338566;FARUK ECZANESİ;TRABZON MERKEZ -1;PANOCER;Panocer 40 mg 28 Enterik Kaplı Tablet;10;3;13;1.053;
07.07.2026;NEVZAT ECZA DEPOSU;NEVZAT TRABZON;8680001445363;EBRU ECZANESİ;TRABZON MERKEZ -1;ACİDPASS;Acidpass 10/800/165 mg 12 Çiğneme Tablet;2;0;2;224;
08.07.2026;SELÇUK ECZA DEPOSU;SELÇUK TRABZON;8680001669851;SENA ECZANESİ;TRABZON MERKEZ -1;ACİDPASS;Acidpass 10/800/165 mg 12 Çiğneme Tablet;5;0;5;561;
08.07.2026;ALLIANCE HEALTHCARE;AH TRABZON;8680001274451;FATİH ECZANESİ;TRABZON MERKEZ -1;FAMTREC;Famtrec 800/26,6mg 14 Film Kaplı Tablet;5;1;6;511;
08.07.2026;ALLIANCE HEALTHCARE;AH TRABZON;8680001206551;PELİN ECZANESİ;TRABZON MERKEZ -1;PANOCER;Panocer 40 mg 14 Enterik Kaplı Tablet;10;3;13;809;
08.07.2026;ALLIANCE HEALTHCARE;AH TRABZON;8680001657544;AKTOPRAK ECZANESİ;TRABZON MERKEZ -1;PANOCER;Panocer 40 mg 28 Enterik Kaplı Tablet;2;0;2;211;
09.07.2026;NEVZAT ECZA DEPOSU;NEVZAT TRABZON;8680001255276;ÖZGÜR ECZANESİ;TRABZON MERKEZ -1;ACİDPASS;Acidpass 10/800/165 mg 12 Çiğneme Tablet;2;0;2;224;
10.07.2026;SELÇUK ECZA DEPOSU;SELÇUK TRABZON;8680001259564;SUAT ECZANESİ;TRABZON MERKEZ -1;ACİDPASS;Acidpass 10/800/165 mg 12 Çiğneme Tablet;10;1;11;1.122;
10.07.2026;ALLIANCE HEALTHCARE;AH TRABZON;8680001732784;MERKEZ ECZANESİ;TRABZON MERKEZ -1;GRİPORT COLD;Griport Cold 20 Film Kaplı Tablet;1;0;1;84;
10.07.2026;ALLIANCE HEALTHCARE;AH TRABZON;8680001657544;AKTOPRAK ECZANESİ;TRABZON MERKEZ -1;MOKSEFEN;Moksefen 400 mg 7 Film Tablet;1;0;1;149;
10.07.2026;NEVZAT ECZA DEPOSU;NEVZAT TRABZON;8680001199396;GÜVEN ECZANESİ;TRABZON MERKEZ -1;PANOCER;Panocer 40 mg 28 Enterik Kaplı Tablet;30;12;42;3.159;
10.07.2026;ALLIANCE HEALTHCARE;AH TRABZON;8680001700813;UZUNKUM ECZANESİ;TRABZON MERKEZ -1;PANOCER;Panocer 40 mg 28 Enterik Kaplı Tablet;30;12;42;3.159;
11.07.2026;ALLIANCE HEALTHCARE;AH TRABZON;8680001565290;CEVDET ECZANESİ;TRABZON MERKEZ -1;ACİDPASS;Acidpass 10/800/165 mg 12 Çiğneme Tablet;2;0;2;224;
13.07.2026;SELÇUK ECZA DEPOSU;SELÇUK TRABZON;8680001205608;DİLEK ECZANESİ;TRABZON MERKEZ -1;ACİDPASS;Acidpass 10/800/165 mg 12 Çiğneme Tablet;3;0;3;337;
13.07.2026;SELÇUK ECZA DEPOSU;SELÇUK TRABZON;8680001484126;NEŞE ECZANESİ;TRABZON MERKEZ -1;MOKSEFEN;Moksefen 400 mg 7 Film Tablet;20;10;30;2.980;
13.07.2026;ALLIANCE HEALTHCARE;AH TRABZON;8680001275670;SAĞLAM ECZANESİ;TRABZON MERKEZ -1;PANOCER;Panocer 40 mg 28 Enterik Kaplı Tablet;10;3;13;1.053;
14.07.2026;ALLIANCE HEALTHCARE;AH TRABZON;8680001496884;FİRDEVS ECZANESİ;TRABZON MERKEZ -1;GRİPORT COLD;Griport Cold 20 Film Kaplı Tablet;2;0;2;168;
14.07.2026;ALLIANCE HEALTHCARE;AH TRABZON;8680001657544;AKTOPRAK ECZANESİ;TRABZON MERKEZ -1;MOKSEFEN;Moksefen 400 mg 7 Film Tablet;5;1;6;745;
15.07.2026;SELÇUK ECZA DEPOSU;SELÇUK TRABZON;8680001669851;SENA ECZANESİ;TRABZON MERKEZ -1;ACİDPASS;Acidpass 10/800/165 mg 12 Çiğneme Tablet;4;0;4;449;
16.07.2026;ALLIANCE HEALTHCARE;AH TRABZON;8680001496884;FİRDEVS ECZANESİ;TRABZON MERKEZ -1;ACİDPASS;Acidpass 10/800/165 mg 12 Çiğneme Tablet;2;0;2;224;
16.07.2026;ALLIANCE HEALTHCARE;AH TRABZON;8680001496884;FİRDEVS ECZANESİ;TRABZON MERKEZ -1;GRİPORT COLD;Griport Cold 20 Film Kaplı Tablet;3;0;3;252;
16.07.2026;NEVZAT ECZA DEPOSU;NEVZAT TRABZON;8680001822065;SUNGUR ECZANESİ;TRABZON MERKEZ -1;GRİPORT COLD;Griport Cold 20 Film Kaplı Tablet;-6;-1;-7;-505;
16.07.2026;SELÇUK ECZA DEPOSU;SELÇUK TRABZON;8680001474653;ÇATAK ECZANESİ;TRABZON MERKEZ -1;MOKSEFEN;Moksefen 400 mg 7 Film Tablet;20;10;30;2.980;
16.07.2026;SELÇUK ECZA DEPOSU;SELÇUK TRABZON;8680001822065;SUNGUR ECZANESİ;TRABZON MERKEZ -1;MOKSEFEN;Moksefen 400 mg 7 Film Tablet;5;1;6;745;
17.07.2026;ALLIANCE HEALTHCARE;AH TRABZON;8680001565290;CEVDET ECZANESİ;TRABZON MERKEZ -1;ACİDPASS;Acidpass 10/800/165 mg 12 Çiğneme Tablet;3;0;3;337;
17.07.2026;ALLIANCE HEALTHCARE;AH TRABZON;8680001700813;UZUNKUM ECZANESİ;TRABZON MERKEZ -1;ACİDPASS;Acidpass 10/800/165 mg 12 Çiğneme Tablet;10;1;11;1.122;
18.07.2026;SELÇUK ECZA DEPOSU;SELÇUK TRABZON;8680001274451;FATİH ECZANESİ;TRABZON MERKEZ -1;ACİDPASS;Acidpass 10/800/165 mg 12 Çiğneme Tablet;20;3;23;2.245;
20.07.2026;SELÇUK ECZA DEPOSU;SELÇUK TRABZON;8680001513338;MERVE ECZANESİ;TRABZON MERKEZ -1;ACİDPASS;Acidpass 10/800/165 mg 12 Çiğneme Tablet;10;1;11;1.122;
20.07.2026;SELÇUK ECZA DEPOSU;SELÇUK TRABZON;8680001205608;DİLEK ECZANESİ;TRABZON MERKEZ -1;PANOCER;Panocer 40 mg 28 Enterik Kaplı Tablet;10;3;13;1.053;
20.07.2026;ALLIANCE HEALTHCARE;AH TRABZON;8680001657544;AKTOPRAK ECZANESİ;TRABZON MERKEZ -1;PANOCER;Panocer 40 mg 28 Enterik Kaplı Tablet;2;0;2;211;
21.07.2026;NEVZAT ECZA DEPOSU;NEVZAT TRABZON;8680001822065;SUNGUR ECZANESİ;TRABZON MERKEZ -1;ACİDPASS;Acidpass 10/800/165 mg 12 Çiğneme Tablet;3;0;3;337;
22.07.2026;NEVZAT ECZA DEPOSU;NEVZAT TRABZON;8680001255276;ÖZGÜR ECZANESİ;TRABZON MERKEZ -1;ACİDPASS;Acidpass 10/800/165 mg 12 Çiğneme Tablet;2;0;2;224;
22.07.2026;ALLIANCE HEALTHCARE;AH TRABZON;8680001206551;PELİN ECZANESİ;TRABZON MERKEZ -1;PANOCER;Panocer 40 mg 28 Enterik Kaplı Tablet;10;3;13;1.053;
24.07.2026;ALLIANCE HEALTHCARE;AH TRABZON;8680001272778;ZAMAN ECZANESİ;TRABZON MERKEZ -1;ACİDPASS;Acidpass 10/800/165 mg 12 Çiğneme Tablet;10;1;11;1.122;
24.07.2026;SELÇUK ECZA DEPOSU;SELÇUK TRABZON;8680001265602;MİHRİBAN ECZANESİ;TRABZON MERKEZ -1;PANOCER;Panocer 40 mg 28 Enterik Kaplı Tablet;165;135;300;17.377;
27.07.2026;SELÇUK ECZA DEPOSU;SELÇUK TRABZON;8680001597697;YAŞAM ECZANESİ;TRABZON MERKEZ -1;ACİDPASS;Acidpass 10/800/165 mg 12 Çiğneme Tablet;2;0;2;224;
27.07.2026;NEVZAT ECZA DEPOSU;NEVZAT TRABZON;8680001255276;ÖZGÜR ECZANESİ;TRABZON MERKEZ -1;ACİDPASS;Acidpass 10/800/165 mg 12 Çiğneme Tablet;2;0;2;224;
27.07.2026;SELÇUK ECZA DEPOSU;SELÇUK TRABZON;8680001669851;SENA ECZANESİ;TRABZON MERKEZ -1;ACİDPASS;Acidpass 10/800/165 mg 12 Çiğneme Tablet;2;0;2;224;
27.07.2026;NEVZAT ECZA DEPOSU;NEVZAT TRABZON;8680001255276;ÖZGÜR ECZANESİ;TRABZON MERKEZ -1;ACİDPASS;Acidpass 10/800/165 mg 6 Çiğneme Tablet;3;0;3;207;
27.07.2026;ALLIANCE HEALTHCARE;AH TRABZON;8680001338566;FARUK ECZANESİ;TRABZON MERKEZ -1;PANOCER;Panocer 40 mg 28 Enterik Kaplı Tablet;10;3;13;1.053;
28.07.2026;SELÇUK ECZA DEPOSU;SELÇUK TRABZON;8680001289967;ENİS ECZANESİ;TRABZON MERKEZ -1;FAMTREC;Famtrec 800/26,6mg 14 Film Kaplı Tablet;5;1;6;511;
28.07.2026;SELÇUK ECZA DEPOSU;SELÇUK TRABZON;8680001266432;ŞİFA ECZANESİ;TRABZON MERKEZ -1;PANOCER;Panocer 40 mg 28 Enterik Kaplı Tablet;10;3;13;1.053;
29.07.2026;SELÇUK ECZA DEPOSU;SELÇUK TRABZON;8680001283088;ŞÜKRANİYE ECZANESİ;TRABZON MERKEZ -1;MOKSEFEN;Moksefen 400 mg 7 Film Tablet;20;10;30;2.980;
29.07.2026;ALLIANCE HEALTHCARE;AH TRABZON;8680001657544;AKTOPRAK ECZANESİ;TRABZON MERKEZ -1;MOKSEFEN;Moksefen 400 mg 7 Film Tablet;20;10;30;2.980;
30.07.2026;ALLIANCE HEALTHCARE;AH TRABZON;8680001205608;DİLEK ECZANESİ;TRABZON MERKEZ -1;ACİDPASS;Acidpass 10/800/165 mg 12 Çiğneme Tablet;20;3;23;2.245;
30.07.2026;NEVZAT ECZA DEPOSU;NEVZAT TRABZON;8680001255276;ÖZGÜR ECZANESİ;TRABZON MERKEZ -1;ACİDPASS;Acidpass 10/800/165 mg 12 Çiğneme Tablet;2;0;2;224;
30.07.2026;ALLIANCE HEALTHCARE;AH TRABZON;8680001199525;AĞASAR ECZANESİ;TRABZON MERKEZ -1;ACİDPASS;Acidpass 10/800/165 mg 12 Çiğneme Tablet;10;1;11;1.122;
30.07.2026;ALLIANCE HEALTHCARE;AH TRABZON;8680001199525;AĞASAR ECZANESİ;TRABZON MERKEZ -1;ACİDPASS;Acidpass 10/800/165 mg 12 Çiğneme Tablet;50;10;60;5.612;
30.07.2026;ALLIANCE HEALTHCARE;AH TRABZON;8680001657544;AKTOPRAK ECZANESİ;TRABZON MERKEZ -1;ACİDPASS;Acidpass 10/800/165 mg 12 Çiğneme Tablet;2;0;2;224;
30.07.2026;ALLIANCE HEALTHCARE;AH TRABZON;8680001338566;FARUK ECZANESİ;TRABZON MERKEZ -1;MOKSEFEN;Moksefen 400 mg 7 Film Tablet;10;3;13;1.490;
31.07.2026;SELÇUK ECZA DEPOSU;SELÇUK TRABZON;8680001474653;ÇATAK ECZANESİ;TRABZON MERKEZ -1;ACİDPASS;Acidpass 10/800/165 mg 12 Çiğneme Tablet;2;0;2;224;
31.07.2026;SELÇUK ECZA DEPOSU;SELÇUK TRABZON;8680001265602;MİHRİBAN ECZANESİ;TRABZON MERKEZ -1;ACİDPASS;Acidpass 10/800/165 mg 12 Çiğneme Tablet;55;11;66;6.173;
01.07.2026;ALLIANCE HEALTHCARE;AH TRABZON;8680001216154;ELVAN ECZANESİ;TRABZON MERKEZ -2;ACİDPASS;Acidpass 10/800/165 mg 12 Çiğneme Tablet;50;15;65;5.612;
01.07.2026;SELÇUK ECZA DEPOSU;SELÇUK TRABZON;8680001749973;BURCU ECZANESİ;TRABZON MERKEZ -2;ACİDPASS;Acidpass 10/800/165 mg 12 Çiğneme Tablet;10;1;11;1.122;
01.07.2026;ALLIANCE HEALTHCARE;AH TRABZON;8680001749973;BURCU ECZANESİ;TRABZON MERKEZ -2;MOKSEFEN;Moksefen 400 mg 7 Film Tablet;20;10;30;2.980;
01.07.2026;ALLIANCE HEALTHCARE;AH TRABZON;8680001740314;ERVA ECZANESİ;TRABZON MERKEZ -2;PANOCER;Panocer 40 mg 28 Enterik Kaplı Tablet;10;3;13;1.053;
01.07.2026;ALLIANCE HEALTHCARE;AH TRABZON;8680001749973;BURCU ECZANESİ;TRABZON MERKEZ -2;PANOCER;Panocer 40 mg 28 Enterik Kaplı Tablet;30;12;42;3.159;
03.07.2026;ALLIANCE HEALTHCARE;AH TRABZON;8680001259762;ZEHRAGÜL ECZANESİ;TRABZON MERKEZ -2;ACİDPASS;Acidpass 10/800/165 mg 12 Çiğneme Tablet;20;3;23;2.245;
05.07.2026;SELÇUK ECZA DEPOSU;SELÇUK TRABZON;8680001521142;NUMUNE ECZANESİ;TRABZON MERKEZ -2;ACİDPASS;Acidpass 10/800/165 mg 12 Çiğneme Tablet;3;0;3;337;
08.07.2026;NEVZAT ECZA DEPOSU;NEVZAT TRABZON;8680001216772;ORTAHİSAR ECZANESİ;TRABZON MERKEZ -2;ACİDPASS;Acidpass 10/800/165 mg 12 Çiğneme Tablet;5;0;5;561;
08.07.2026;ALLIANCE HEALTHCARE;AH TRABZON;8680001749973;BURCU ECZANESİ;TRABZON MERKEZ -2;ACİDPASS;Acidpass 10/800/165 mg 12 Çiğneme Tablet;-1;0;-1;-112;
09.07.2026;ALLIANCE HEALTHCARE;AH TRABZON;8680001260003;KARADUMAN ECZANESİ;TRABZON MERKEZ -2;ACİDPASS;Acidpass 10/800/165 mg 12 Çiğneme Tablet;3;0;3;337;
10.07.2026;SELÇUK ECZA DEPOSU;SELÇUK TRABZON;8680001216154;ELVAN ECZANESİ;TRABZON MERKEZ -2;PANOCER;Panocer 40 mg 28 Enterik Kaplı Tablet;30;12;42;3.159;
10.07.2026;SELÇUK ECZA DEPOSU;SELÇUK TRABZON;8680001667314;ÖZMEN ECZANESİ;TRABZON MERKEZ -2;PANOCER;Panocer 40 mg 28 Enterik Kaplı Tablet;50;25;75;5.266;
13.07.2026;ALLIANCE HEALTHCARE;AH TRABZON;8680001740314;ERVA ECZANESİ;TRABZON MERKEZ -2;GRİPORT COLD;Griport Cold 20 Film Kaplı Tablet;6;1;7;505;
18.07.2026;SELÇUK ECZA DEPOSU;SELÇUK TRABZON;8680001521142;NUMUNE ECZANESİ;TRABZON MERKEZ -2;MOKSEFEN;Moksefen 400 mg 7 Film Tablet;20;10;30;2.980;
20.07.2026;ALLIANCE HEALTHCARE;AH TRABZON;8680001259762;ZEHRAGÜL ECZANESİ;TRABZON MERKEZ -2;PANOCER;Panocer 40 mg 28 Enterik Kaplı Tablet;10;3;13;1.053;
21.07.2026;SELÇUK ECZA DEPOSU;SELÇUK TRABZON;8680001272112;ÖNDER ECZANESİ;TRABZON MERKEZ -2;MOKSEFEN;Moksefen 400 mg 7 Film Tablet;5;1;6;745;
22.07.2026;SELÇUK ECZA DEPOSU;SELÇUK TRABZON;8680001259762;ZEHRAGÜL ECZANESİ;TRABZON MERKEZ -2;GRİPORT COLD;Griport Cold 20 Film Kaplı Tablet;2;0;2;168;
23.07.2026;ALLIANCE HEALTHCARE;AH TRABZON;8680001260003;KARADUMAN ECZANESİ;TRABZON MERKEZ -2;ACİDPASS;Acidpass 10/800/165 mg 12 Çiğneme Tablet;3;0;3;337;
23.07.2026;ALLIANCE HEALTHCARE;AH TRABZON;8680001740314;ERVA ECZANESİ;TRABZON MERKEZ -2;ACİDPASS;Acidpass 10/800/165 mg 12 Çiğneme Tablet;10;1;11;1.122;
23.07.2026;SELÇUK ECZA DEPOSU;SELÇUK TRABZON;8680001667314;ÖZMEN ECZANESİ;TRABZON MERKEZ -2;MOKSEFEN;Moksefen 400 mg 7 Film Tablet;10;3;13;1.490;
27.07.2026;SELÇUK ECZA DEPOSU;SELÇUK TRABZON;8680001274376;KUZEY ECZANESİ;TRABZON MERKEZ -2;ACİDPASS;Acidpass 10/800/165 mg 12 Çiğneme Tablet;10;1;11;1.122;
28.07.2026;SELÇUK ECZA DEPOSU;SELÇUK TRABZON;8680001749973;BURCU ECZANESİ;TRABZON MERKEZ -2;ACİDPASS;Acidpass 10/800/165 mg 12 Çiğneme Tablet;4;0;4;449;
29.07.2026;ALLIANCE HEALTHCARE;AH TRABZON;8680001260003;KARADUMAN ECZANESİ;TRABZON MERKEZ -2;ACİDPASS;Acidpass 10/800/165 mg 12 Çiğneme Tablet;3;0;3;337;
31.07.2026;SELÇUK ECZA DEPOSU;SELÇUK TRABZON;8680001733231;BEREN ECZANESİ;TRABZON MERKEZ -2;ACİDPASS;Acidpass 10/800/165 mg 12 Çiğneme Tablet;10;1;11;1.122;
31.07.2026;ALLIANCE HEALTHCARE;AH TRABZON;8680001749973;BURCU ECZANESİ;TRABZON MERKEZ -2;ACİDPASS;Acidpass 10/800/165 mg 12 Çiğneme Tablet;2;0;2;224;
01.07.2026;SELÇUK ECZA DEPOSU;SELÇUK TRABZON;8680001274529;ÇAĞLA ECZANESİ;TRABZON MERKEZ -3;ACİDPASS;Acidpass 10/800/165 mg 12 Çiğneme Tablet;2;0;2;224;
01.07.2026;SELÇUK ECZA DEPOSU;SELÇUK TRABZON;8680001274529;ÇAĞLA ECZANESİ;TRABZON MERKEZ -3;ACİDPASS;Acidpass 10/800/165 mg 6 Çiğneme Tablet;1;0;1;69;
01.07.2026;ALLIANCE HEALTHCARE;AH TRABZON;8680001264346;HAYIRLIOĞLU ECZANESİ;TRABZON MERKEZ -3;PANOCER;Panocer 40 mg 28 Enterik Kaplı Tablet;10;3;13;1.053;
01.07.2026;NEVZAT ECZA DEPOSU;NEVZAT TRABZON;8680001484904;İBNİ SİNA ECZANESİ;TRABZON MERKEZ -3;PANOCER;Panocer 40 mg 28 Enterik Kaplı Tablet;10;3;13;1.053;
02.07.2026;SELÇUK ECZA DEPOSU;SELÇUK TRABZON;8680001623013;İPEK ECZANESİ;TRABZON MERKEZ -3;MOKSEFEN;Moksefen 400 mg 7 Film Tablet;5;1;6;745;
02.07.2026;SELÇUK ECZA DEPOSU;SELÇUK TRABZON;8680001623013;İPEK ECZANESİ;TRABZON MERKEZ -3;PANOCER;Panocer 40 mg 28 Enterik Kaplı Tablet;50;25;75;5.266;
03.07.2026;SELÇUK ECZA DEPOSU;SELÇUK TRABZON;8680001275601;FARABİ ECZANESİ;TRABZON MERKEZ -3;ACİDPASS;Acidpass 10/800/165 mg 12 Çiğneme Tablet;10;1;11;1.122;
03.07.2026;SELÇUK ECZA DEPOSU;SELÇUK TRABZON;8680001718818;İLGE ECZANESİ;TRABZON MERKEZ -3;PANOCER;Panocer 40 mg 28 Enterik Kaplı Tablet;10;3;13;1.053;
05.07.2026;ALLIANCE HEALTHCARE;AH TRABZON;8680001713349;AKOLUK ECZANESİ;TRABZON MERKEZ -3;ACİDPASS;Acidpass 10/800/165 mg 12 Çiğneme Tablet;6;0;6;673;
06.07.2026;ALLIANCE HEALTHCARE;AH TRABZON;8680001259526;FIRAT ECZANESİ;TRABZON MERKEZ -3;MOKSEFEN;Moksefen 400 mg 7 Film Tablet;10;3;13;1.490;
07.07.2026;NEVZAT ECZA DEPOSU;NEVZAT TRABZON;8680001254347;ALİBEYOĞLU ECZANESİ;TRABZON MERKEZ -3;ACİDPASS;Acidpass 10/800/165 mg 12 Çiğneme Tablet;3;0;3;337;
09.07.2026;SELÇUK ECZA DEPOSU;SELÇUK TRABZON;8680001500086;YAĞIZ ECZANESİ;TRABZON MERKEZ -3;PANOCER;Panocer 40 mg 28 Enterik Kaplı Tablet;10;3;13;1.053;
11.07.2026;NEVZAT ECZA DEPOSU;NEVZAT TRABZON;8680001226078;VEFA ECZANESİ;TRABZON MERKEZ -3;ACİDPASS;Acidpass 10/800/165 mg 12 Çiğneme Tablet;1;0;1;112;
11.07.2026;SELÇUK ECZA DEPOSU;SELÇUK TRABZON;8680001264346;HAYIRLIOĞLU ECZANESİ;TRABZON MERKEZ -3;MOKSEFEN;Moksefen 400 mg 7 Film Tablet;1;0;1;149;
12.07.2026;SELÇUK ECZA DEPOSU;SELÇUK TRABZON;8680001433582;SİTELER ECZANESİ;TRABZON MERKEZ -3;MOKSEFEN;Moksefen 400 mg 7 Film Tablet;1;0;1;149;
13.07.2026;SELÇUK ECZA DEPOSU;SELÇUK TRABZON;8680001460724;YALINCAK ECZANESİ;TRABZON MERKEZ -3;ACİDPASS;Acidpass 10/800/165 mg 12 Çiğneme Tablet;3;0;3;337;
13.07.2026;ALLIANCE HEALTHCARE;AH TRABZON;8680001264346;HAYIRLIOĞLU ECZANESİ;TRABZON MERKEZ -3;ACİDPASS;Acidpass 10/800/165 mg 12 Çiğneme Tablet;2;0;2;224;
13.07.2026;SELÇUK ECZA DEPOSU;SELÇUK TRABZON;8680001520213;ÜNİVERSİTE ECZANESİ;TRABZON MERKEZ -3;ACİDPASS;Acidpass 10/800/165 mg 12 Çiğneme Tablet;10;1;11;1.122;
13.07.2026;SELÇUK ECZA DEPOSU;SELÇUK TRABZON;8680001254347;ALİBEYOĞLU ECZANESİ;TRABZON MERKEZ -3;GRİPORT COLD;Griport Cold 20 Film Kaplı Tablet;3;0;3;252;
14.07.2026;ALLIANCE HEALTHCARE;AH TRABZON;8680001469703;YOL ECZANESİ;TRABZON MERKEZ -3;ACİDPASS;Acidpass 10/800/165 mg 12 Çiğneme Tablet;2;0;2;224;
15.07.2026;SELÇUK ECZA DEPOSU;SELÇUK TRABZON;8680001274529;ÇAĞLA ECZANESİ;TRABZON MERKEZ -3;MOKSEFEN;Moksefen 400 mg 7 Film Tablet;5;1;6;745;
16.07.2026;SELÇUK ECZA DEPOSU;SELÇUK TRABZON;8680001235674;FANUS ECZANESİ;TRABZON MERKEZ -3;ACİDPASS;Acidpass 10/800/165 mg 12 Çiğneme Tablet;10;1;11;1.122;
16.07.2026;SELÇUK ECZA DEPOSU;SELÇUK TRABZON;8680001211760;ALPER ECZANESİ;TRABZON MERKEZ -3;ACİDPASS;Acidpass 10/800/165 mg 6 Çiğneme Tablet;1;0;1;69;
16.07.2026;SELÇUK ECZA DEPOSU;SELÇUK TRABZON;8680001520213;ÜNİVERSİTE ECZANESİ;TRABZON MERKEZ -3;ACİDPASS;Acidpass 10/800/165 mg 6 Çiğneme Tablet;1;0;1;69;
17.07.2026;SELÇUK ECZA DEPOSU;SELÇUK TRABZON;8680001460724;YALINCAK ECZANESİ;TRABZON MERKEZ -3;ACİDPASS;Acidpass 10/800/165 mg 12 Çiğneme Tablet;10;1;11;1.122;
19.07.2026;SELÇUK ECZA DEPOSU;SELÇUK TRABZON;8680001277605;FORUM SERAP ECZANESİ;TRABZON MERKEZ -3;ACİDPASS;Acidpass 10/800/165 mg 12 Çiğneme Tablet;20;3;23;2.245;
20.07.2026;ALLIANCE HEALTHCARE;AH TRABZON;8680001713349;AKOLUK ECZANESİ;TRABZON MERKEZ -3;ACİDPASS;Acidpass 10/800/165 mg 12 Çiğneme Tablet;10;1;11;1.122;
20.07.2026;ALLIANCE HEALTHCARE;AH TRABZON;8680001450411;SEDA ECZANESİ;TRABZON MERKEZ -3;MOKSEFEN;Moksefen 400 mg 7 Film Tablet;20;10;30;2.980;
20.07.2026;ALLIANCE HEALTHCARE;AH TRABZON;8680001271818;İLKNUR ECZANESİ;TRABZON MERKEZ -3;PANOCER;Panocer 40 mg 28 Enterik Kaplı Tablet;10;3;13;1.053;
21.07.2026;NEVZAT ECZA DEPOSU;NEVZAT TRABZON;8680001254347;ALİBEYOĞLU ECZANESİ;TRABZON MERKEZ -3;MOKSEFEN;Moksefen 400 mg 7 Film Tablet;2;0;2;298;
21.07.2026;SELÇUK ECZA DEPOSU;SELÇUK TRABZON;8680001232444;ZÜMRÜT ECZANESİ;TRABZON MERKEZ -3;PANOCER;Panocer 40 mg 14 Enterik Kaplı Tablet;2;0;2;162;
21.07.2026;ALLIANCE HEALTHCARE;AH TRABZON;8680001725472;FAKÜLTE ECZANESİ;TRABZON MERKEZ -3;PANOCER;Panocer 40 mg 28 Enterik Kaplı Tablet;30;12;42;3.159;
22.07.2026;SELÇUK ECZA DEPOSU;SELÇUK TRABZON;8680001274130;LOZAN ECZANESİ;TRABZON MERKEZ -3;ACİDPASS;Acidpass 10/800/165 mg 12 Çiğneme Tablet;2;0;2;224;
27.07.2026;SELÇUK ECZA DEPOSU;SELÇUK TRABZON;8680001198634;ÇUKURÇAYIR ECZANESİ;TRABZON MERKEZ -3;PANOCER;Panocer 40 mg 28 Enterik Kaplı Tablet;30;12;42;3.159;
28.07.2026;ALLIANCE HEALTHCARE;AH TRABZON;8680001703197;HÜLYA ECZANESİ;TRABZON MERKEZ -3;ACİDPASS;Acidpass 10/800/165 mg 12 Çiğneme Tablet;10;1;11;1.122;
28.07.2026;ALLIANCE HEALTHCARE;AH TRABZON;8680001876044;ARYA ECZANESİ;TRABZON MERKEZ -3;ACİDPASS;Acidpass 10/800/165 mg 12 Çiğneme Tablet;2;0;2;224;
28.07.2026;ALLIANCE HEALTHCARE;AH TRABZON;8680001226078;VEFA ECZANESİ;TRABZON MERKEZ -3;FAMTREC;Famtrec 800/26,6mg 14 Film Kaplı Tablet;5;1;6;511;
28.07.2026;SELÇUK ECZA DEPOSU;SELÇUK TRABZON;8680001463916;EMİN ECZANESİ;TRABZON MERKEZ -3;MOKSEFEN;Moksefen 400 mg 7 Film Tablet;1;0;1;149;
29.07.2026;NEVZAT ECZA DEPOSU;NEVZAT TRABZON;8680001408344;ÇAĞLAR ECZANESİ;TRABZON MERKEZ -3;ACİDPASS;Acidpass 10/800/165 mg 12 Çiğneme Tablet;10;1;11;1.122;
30.07.2026;SELÇUK ECZA DEPOSU;SELÇUK TRABZON;8680001463916;EMİN ECZANESİ;TRABZON MERKEZ -3;MOKSEFEN;Moksefen 400 mg 7 Film Tablet;1;0;1;149;
30.07.2026;SELÇUK ECZA DEPOSU;SELÇUK TRABZON;8680001433582;SİTELER ECZANESİ;TRABZON MERKEZ -3;PANOCER;Panocer 40 mg 28 Enterik Kaplı Tablet;10;3;13;1.053;
31.07.2026;ALLIANCE HEALTHCARE;AH TRABZON;8680001469703;YOL ECZANESİ;TRABZON MERKEZ -3;ACİDPASS;Acidpass 10/800/165 mg 12 Çiğneme Tablet;10;1;11;1.122;
31.07.2026;SELÇUK ECZA DEPOSU;SELÇUK TRABZON;8680001460724;YALINCAK ECZANESİ;TRABZON MERKEZ -3;PANOCER;Panocer 40 mg 28 Enterik Kaplı Tablet;10;3;13;1.053;
01.07.2026;SELÇUK ECZA DEPOSU;SELÇUK TRABZON;8680001274260;NURAN ECZANESİ;TRABZON MERKEZ -4;ACİDPASS;Acidpass 10/800/165 mg 12 Çiğneme Tablet;5;0;5;561;
01.07.2026;SELÇUK ECZA DEPOSU;SELÇUK TRABZON;8680001272877;KONAK ECZANESİ;TRABZON MERKEZ -4;PANOCER;Panocer 40 mg 28 Enterik Kaplı Tablet;10;3;13;1.053;
02.07.2026;ALLIANCE HEALTHCARE;AH TRABZON;8680001257065;YAZICI ECZANESİ;TRABZON MERKEZ -4;ACİDPASS;Acidpass 10/800/165 mg 12 Çiğneme Tablet;10;1;11;1.122;
02.07.2026;SELÇUK ECZA DEPOSU;SELÇUK TRABZON;8680001274260;NURAN ECZANESİ;TRABZON MERKEZ -4;ACİDPASS;Acidpass 10/800/165 mg 12 Çiğneme Tablet;3;0;3;337;
03.07.2026;SELÇUK ECZA DEPOSU;SELÇUK TRABZON;8680001278008;HAKAN ECZANESİ;TRABZON MERKEZ -4;ACİDPASS;Acidpass 10/800/165 mg 12 Çiğneme Tablet;10;1;11;1.122;
03.07.2026;SELÇUK ECZA DEPOSU;SELÇUK TRABZON;8680001262595;KUNDURACILAR ECZANESİ;TRABZON MERKEZ -4;MOKSEFEN;Moksefen 400 mg 7 Film Tablet;20;10;30;2.980;
03.07.2026;SELÇUK ECZA DEPOSU;SELÇUK TRABZON;8680001278008;HAKAN ECZANESİ;TRABZON MERKEZ -4;MOKSEFEN;Moksefen 400 mg 7 Film Tablet;10;3;13;1.490;
04.07.2026;SELÇUK ECZA DEPOSU;SELÇUK TRABZON;8680001275557;ONGAN ECZANESİ;TRABZON MERKEZ -4;ACİDPASS;Acidpass 10/800/165 mg 12 Çiğneme Tablet;10;1;11;1.122;
04.07.2026;SELÇUK ECZA DEPOSU;SELÇUK TRABZON;8680001377022;EDİZ ECZANESİ;TRABZON MERKEZ -4;ACİDPASS;Acidpass 10/800/165 mg 12 Çiğneme Tablet;2;0;2;224;
06.07.2026;SELÇUK ECZA DEPOSU;SELÇUK TRABZON;8680001225071;PARK ECZANESİ;TRABZON MERKEZ -4;ACİDPASS;Acidpass 10/800/165 mg 12 Çiğneme Tablet;5;0;5;561;
06.07.2026;SELÇUK ECZA DEPOSU;SELÇUK TRABZON;8680001894598;GAZİPAŞA ECZANESİ;TRABZON MERKEZ -4;PANOCER;Panocer 40 mg 28 Enterik Kaplı Tablet;10;3;13;1.053;
08.07.2026;SELÇUK ECZA DEPOSU;SELÇUK TRABZON;8680001278008;HAKAN ECZANESİ;TRABZON MERKEZ -4;PANOCER;Panocer 40 mg 28 Enterik Kaplı Tablet;10;3;13;1.053;
08.07.2026;SELÇUK ECZA DEPOSU;SELÇUK TRABZON;8680001274260;NURAN ECZANESİ;TRABZON MERKEZ -4;PANOCER;Panocer 40 mg 28 Enterik Kaplı Tablet;10;3;13;1.053;
08.07.2026;SELÇUK ECZA DEPOSU;SELÇUK TRABZON;8680001893294;BORDO MAVİ ECZANESİ;TRABZON MERKEZ -4;PANOCER;Panocer 40 mg 28 Enterik Kaplı Tablet;10;3;13;1.053;
09.07.2026;SELÇUK ECZA DEPOSU;SELÇUK TRABZON;8680001265886;TURAN ECZANESİ;TRABZON MERKEZ -4;MOKSEFEN;Moksefen 400 mg 7 Film Tablet;5;1;6;745;
10.07.2026;SELÇUK ECZA DEPOSU;SELÇUK TRABZON;8680001274260;NURAN ECZANESİ;TRABZON MERKEZ -4;ACİDPASS;Acidpass 10/800/165 mg 12 Çiğneme Tablet;3;0;3;337;
10.07.2026;SELÇUK ECZA DEPOSU;SELÇUK TRABZON;8680001556236;BURÇİN ECZANESİ;TRABZON MERKEZ -4;ACİDPASS;Acidpass 10/800/165 mg 12 Çiğneme Tablet;4;0;4;449;
10.07.2026;SELÇUK ECZA DEPOSU;SELÇUK TRABZON;8680001602841;MARAŞ ECZANESİ;TRABZON MERKEZ -4;ACİDPASS;Acidpass 10/800/165 mg 12 Çiğneme Tablet;4;0;4;449;
10.07.2026;ALLIANCE HEALTHCARE;AH TRABZON;8680001255207;MEYDAN ECZANESİ;TRABZON MERKEZ -4;ACİDPASS;Acidpass 10/800/165 mg 12 Çiğneme Tablet;3;0;3;337;
10.07.2026;SELÇUK ECZA DEPOSU;SELÇUK TRABZON;8680001893294;BORDO MAVİ ECZANESİ;TRABZON MERKEZ -4;ACİDPASS;Acidpass 10/800/165 mg 12 Çiğneme Tablet;1;0;1;112;
10.07.2026;SELÇUK ECZA DEPOSU;SELÇUK TRABZON;8680001274260;NURAN ECZANESİ;TRABZON MERKEZ -4;MOKSEFEN;Moksefen 400 mg 7 Film Tablet;5;1;6;745;
10.07.2026;SELÇUK ECZA DEPOSU;SELÇUK TRABZON;8680001410958;KAYA ECZANESİ;TRABZON MERKEZ -4;PANOCER;Panocer 40 mg 28 Enterik Kaplı Tablet;165;135;300;17.377;
10.07.2026;SELÇUK ECZA DEPOSU;SELÇUK TRABZON;8680001377954;ERDOĞAN ECZANESİ;TRABZON MERKEZ -4;PANOCER;Panocer 40 mg 28 Enterik Kaplı Tablet;50;25;75;5.266;
13.07.2026;SELÇUK ECZA DEPOSU;SELÇUK TRABZON;8680001894598;GAZİPAŞA ECZANESİ;TRABZON MERKEZ -4;ACİDPASS;Acidpass 10/800/165 mg 12 Çiğneme Tablet;10;1;11;1.122;
14.07.2026;ALLIANCE HEALTHCARE;AH TRABZON;8680001478842;NUR ECZANESİ;TRABZON MERKEZ -4;ACİDPASS;Acidpass 10/800/165 mg 12 Çiğneme Tablet;10;1;11;1.122;
14.07.2026;SELÇUK ECZA DEPOSU;SELÇUK TRABZON;8680001893294;BORDO MAVİ ECZANESİ;TRABZON MERKEZ -4;ACİDPASS;Acidpass 10/800/165 mg 12 Çiğneme Tablet;1;0;1;112;
14.07.2026;SELÇUK ECZA DEPOSU;SELÇUK TRABZON;8680001893294;BORDO MAVİ ECZANESİ;TRABZON MERKEZ -4;ACİDPASS;Acidpass 10/800/165 mg 12 Çiğneme Tablet;2;0;2;224;
14.07.2026;ALLIANCE HEALTHCARE;AH TRABZON;8680001154586;OCAKLI ECZANESİ;TRABZON MERKEZ -4;PANOCER;Panocer 40 mg 28 Enterik Kaplı Tablet;10;3;13;1.053;
16.07.2026;ALLIANCE HEALTHCARE;AH TRABZON;8680001225071;PARK ECZANESİ;TRABZON MERKEZ -4;ACİDPASS;Acidpass 10/800/165 mg 12 Çiğneme Tablet;10;1;11;1.122;
16.07.2026;ALLIANCE HEALTHCARE;AH TRABZON;8680001271764;ZEYNEP GÖKTAŞ ECZANESİ;TRABZON MERKEZ -4;ACİDPASS;Acidpass 10/800/165 mg 12 Çiğneme Tablet;20;3;23;2.245;
17.07.2026;SELÇUK ECZA DEPOSU;SELÇUK TRABZON;8680001265886;TURAN ECZANESİ;TRABZON MERKEZ -4;ACİDPASS;Acidpass 10/800/165 mg 12 Çiğneme Tablet;2;0;2;224;
17.07.2026;SELÇUK ECZA DEPOSU;SELÇUK TRABZON;8680001275557;ONGAN ECZANESİ;TRABZON MERKEZ -4;PANOCER;Panocer 40 mg 28 Enterik Kaplı Tablet;10;3;13;1.053;
17.07.2026;SELÇUK ECZA DEPOSU;SELÇUK TRABZON;8680001604289;KOFOĞLU ECZANESİ;TRABZON MERKEZ -4;PANOCER;Panocer 40 mg 28 Enterik Kaplı Tablet;10;3;13;1.053;
18.07.2026;SELÇUK ECZA DEPOSU;SELÇUK TRABZON;8680001274260;NURAN ECZANESİ;TRABZON MERKEZ -4;ACİDPASS;Acidpass 10/800/165 mg 12 Çiğneme Tablet;10;1;11;1.122;
18.07.2026;SELÇUK ECZA DEPOSU;SELÇUK TRABZON;8680001697496;İPEKYOLU ECZANESİ;TRABZON MERKEZ -4;ACİDPASS;Acidpass 10/800/165 mg 12 Çiğneme Tablet;1;0;1;112;
20.07.2026;SELÇUK ECZA DEPOSU;SELÇUK TRABZON;8680001275557;ONGAN ECZANESİ;TRABZON MERKEZ -4;ACİDPASS;Acidpass 10/800/165 mg 12 Çiğneme Tablet;10;1;11;1.122;
20.07.2026;SELÇUK ECZA DEPOSU;SELÇUK TRABZON;8680001257065;YAZICI ECZANESİ;TRABZON MERKEZ -4;GRİPORT COLD;Griport Cold 20 Film Kaplı Tablet;5;0;5;421;
21.07.2026;SELÇUK ECZA DEPOSU;SELÇUK TRABZON;8680001547401;BAHAR ECZANESİ;TRABZON MERKEZ -4;ACİDPASS;Acidpass 10/800/165 mg 12 Çiğneme Tablet;10;1;11;1.122;
21.07.2026;ALLIANCE HEALTHCARE;AH TRABZON;8680001796229;KIBRIS ECZANESİ;TRABZON MERKEZ -4;ACİDPASS;Acidpass 10/800/165 mg 12 Çiğneme Tablet;20;3;23;2.245;
21.07.2026;SELÇUK ECZA DEPOSU;SELÇUK TRABZON;8680001701919;SELDA ECZANESİ;TRABZON MERKEZ -4;PANOCER;Panocer 40 mg 14 Enterik Kaplı Tablet;2;0;2;162;
21.07.2026;SELÇUK ECZA DEPOSU;SELÇUK TRABZON;8680001648092;DENİZ ECZANESİ;TRABZON MERKEZ -4;PANOCER;Panocer 40 mg 28 Enterik Kaplı Tablet;10;3;13;1.053;
22.07.2026;SELÇUK ECZA DEPOSU;SELÇUK TRABZON;8680001233618;DERYA ECZANESİ;TRABZON MERKEZ -4;ACİDPASS;Acidpass 10/800/165 mg 12 Çiğneme Tablet;10;1;11;1.122;
23.07.2026;ALLIANCE HEALTHCARE;AH TRABZON;8680001257065;YAZICI ECZANESİ;TRABZON MERKEZ -4;ACİDPASS;Acidpass 10/800/165 mg 12 Çiğneme Tablet;5;0;5;561;
23.07.2026;ALLIANCE HEALTHCARE;AH TRABZON;8680001478842;NUR ECZANESİ;TRABZON MERKEZ -4;ACİDPASS;Acidpass 10/800/165 mg 12 Çiğneme Tablet;50;15;65;5.612;
23.07.2026;SELÇUK ECZA DEPOSU;SELÇUK TRABZON;8680001894598;GAZİPAŞA ECZANESİ;TRABZON MERKEZ -4;PANOCER;Panocer 40 mg 28 Enterik Kaplı Tablet;10;3;13;1.053;
24.07.2026;SELÇUK ECZA DEPOSU;SELÇUK TRABZON;8680001893294;BORDO MAVİ ECZANESİ;TRABZON MERKEZ -4;PANOCER;Panocer 40 mg 28 Enterik Kaplı Tablet;10;3;13;1.053;
25.07.2026;ALLIANCE HEALTHCARE;AH TRABZON;8680001478842;NUR ECZANESİ;TRABZON MERKEZ -4;PANOCER;Panocer 40 mg 14 Enterik Kaplı Tablet;10;3;13;809;
28.07.2026;ALLIANCE HEALTHCARE;AH TRABZON;8680001424306;ZAFER ECZANESİ;TRABZON MERKEZ -4;PANOCER;Panocer 40 mg 28 Enterik Kaplı Tablet;50;25;75;5.266;
29.07.2026;ALLIANCE HEALTHCARE;AH TRABZON;8680001377022;EDİZ ECZANESİ;TRABZON MERKEZ -4;ACİDPASS;Acidpass 10/800/165 mg 12 Çiğneme Tablet;10;1;11;1.122;
29.07.2026;ALLIANCE HEALTHCARE;AH TRABZON;8680001233618;DERYA ECZANESİ;TRABZON MERKEZ -4;ACİDPASS;Acidpass 10/800/165 mg 12 Çiğneme Tablet;20;3;23;2.245;
29.07.2026;SELÇUK ECZA DEPOSU;SELÇUK TRABZON;8680001265886;TURAN ECZANESİ;TRABZON MERKEZ -4;PANOCER;Panocer 40 mg 28 Enterik Kaplı Tablet;2;0;2;211;
30.07.2026;SELÇUK ECZA DEPOSU;SELÇUK TRABZON;8680001265886;TURAN ECZANESİ;TRABZON MERKEZ -4;ACİDPASS;Acidpass 10/800/165 mg 12 Çiğneme Tablet;2;0;2;224;
30.07.2026;SELÇUK ECZA DEPOSU;SELÇUK TRABZON;8680001894598;GAZİPAŞA ECZANESİ;TRABZON MERKEZ -4;ACİDPASS;Acidpass 10/800/165 mg 12 Çiğneme Tablet;20;3;23;2.245;
30.07.2026;NEVZAT ECZA DEPOSU;NEVZAT TRABZON;8680001478842;NUR ECZANESİ;TRABZON MERKEZ -4;MOKSEFEN;Moksefen 400 mg 7 Film Tablet;5;1;6;745;
31.07.2026;ALLIANCE HEALTHCARE;AH TRABZON;8680001377954;ERDOĞAN ECZANESİ;TRABZON MERKEZ -4;ACİDPASS;Acidpass 10/800/165 mg 12 Çiğneme Tablet;2;0;2;224;
31.07.2026;SELÇUK ECZA DEPOSU;SELÇUK TRABZON;8680001594245;GİZEM ECZANESİ;TRABZON MERKEZ -4;ACİDPASS;Acidpass 10/800/165 mg 12 Çiğneme Tablet;10;1;11;1.122;
31.07.2026;SELÇUK ECZA DEPOSU;SELÇUK TRABZON;8680001272877;KONAK ECZANESİ;TRABZON MERKEZ -4;MOKSEFEN;Moksefen 400 mg 7 Film Tablet;5;1;6;745;
31.07.2026;SELÇUK ECZA DEPOSU;SELÇUK TRABZON;8680001467136;SAYGILI ECZANESİ;TRABZON MERKEZ -4;MOKSEFEN;Moksefen 400 mg 7 Film Tablet;5;1;6;745;
