Tarih;Ana Depo;Depo;GLN;Kontak Adı;Kontak Brick;Ürün;Form;Satış Adet;Satış MF;Toplam Satış;İade
22.09.2026;SELÇUK ECZA DEPOSU;SELÇUK TRABZON;8680001205608;DİLEK ECZANESİ;TRABZON MERKEZ -1;ACİDPASS;Acidpass 10/800/165 mg 12 Çiğneme Tablet;3;0;3;0
30.09.2026;SELÇUK ECZA DEPOSU;SELÇUK TRABZON;8680001211760;ALPER ECZANESİ;TRABZON MERKEZ -3;ACİDPASS;Acidpass 10/800/165 mg 12 Çiğneme Tablet;1;0;1;0
01.09.2026;SELÇUK ECZA DEPOSU;SELÇUK SAMSUN;8680001155019;HİCRET ECZANESİ;CORUM GUNEYDOGU ILCELER;PANOCER;Panocer 40 mg 14 Enterik Kaplı Tablet;5;0;5;0
24.09.2026;SELÇUK ECZA DEPOSU;SELÇUK SAMSUN;8680001155750;GÜLCAN ECZANESİ;CORUM GUNEYBATI ILCELER;GRİPORT COLD;Griport Cold 20 Film Kaplı Tablet;1;0;1;0
16.09.2026;SELÇUK ECZA DEPOSU;SELÇUK SAMSUN;8680001156009;ŞİFA ECZANESİ;CORUM KARGI+OSMANCIK;PANOCER;Panocer 40 mg 28 Enterik Kaplı Tablet;10;3;13;0
02.09.2026;SELÇUK ECZA DEPOSU;SELÇUK SAMSUN;8680001156979;DİKEN ECZANESİ;CORUM MERKEZ -1;ACİDPASS;Acidpass 10/800/165 mg 12 Çiğneme Tablet;1;0;1;0
18.09.2026;SELÇUK ECZA DEPOSU;SELÇUK SAMSUN;8680001156979;DİKEN ECZANESİ;CORUM MERKEZ -1;ACİDPASS;Acidpass 10/800/165 mg 12 Çiğneme Tablet;1;0;1;0
10.09.2026;SELÇUK ECZA DEPOSU;SELÇUK SAMSUN;8680001157006;HABOĞLU ECZANESİ;CORUM MERKEZ -2;PANOCER;Panocer 40 mg 28 Enterik Kaplı Tablet;30;12;42;0
30.09.2026;SELÇUK ECZA DEPOSU;SELÇUK SAMSUN;8680001101542;ASYA ECZANESİ;SAMSUN DOGU ILCELER;ACİDPASS;Acidpass 10/800/165 mg 12 Çiğneme Tablet;2;0;2;0
18.09.2026;SELÇUK ECZA DEPOSU;SELÇUK SAMSUN;8680001103997;ÇAPA ECZANESİ;SAMSUN KALE;MOKSEFEN;Moksefen 400 mg 7 Film Tablet;5;1;6;0
08.09.2026;SELÇUK ECZA DEPOSU;SELÇUK SAMSUN;8680001110193;TAFLAN ECZANESİ;SAMSUN ATAKENT+19 MAYIS;ACİDPASS;Acidpass 10/800/165 mg 6 Çiğneme Tablet;2;0;2;0
29.09.2026;SELÇUK ECZA DEPOSU;SELÇUK SAMSUN;8680001113217;ERDEM ECZANESİ;SAMSUN BAFRA;ACİDPASS;Acidpass 10/800/165 mg 12 Çiğneme Tablet;20;3;23;0
18.09.2026;SELÇUK ECZA DEPOSU;SELÇUK ERZURUM;8680001119509;YILMAZ ECZANESİ;ERZURUM MERKEZ -3;PANOCER;Panocer 40 mg 28 Enterik Kaplı Tablet;10;3;13;0
28.09.2026;SELÇUK ECZA DEPOSU;SELÇUK SAMSUN;8680001860258;DENİZ ECZANESİ;SAMSUN ATAKENT+19 MAYIS;GRİPORT COLD;Griport Cold 20 Film Kaplı Tablet;10;1;11;0
03.09.2026;SELÇUK ECZA DEPOSU;SELÇUK ERZURUM;8680001117611;YENİ BÖLGE ECZANESİ;ERZURUM MERKEZ -3;GRİPORT COLD;Griport Cold 20 Film Kaplı Tablet;12;3;15;0
19.09.2026;SELÇUK ECZA DEPOSU;SELÇUK ERZURUM;8680001122219;TURGUT ECZANESİ;ERZURUM MERKEZ -3;ACİDPASS;Acidpass 10/800/165 mg 12 Çiğneme Tablet;2;0;2;0
10.09.2026;SELÇUK ECZA DEPOSU;SELÇUK SAMSUN;8680001697847;ASLAN ECZANESİ;CORUM KARGI+OSMANCIK;ACİDPASS;Acidpass 10/800/165 mg 12 Çiğneme Tablet;20;3;23;0
21.09.2026;SELÇUK ECZA DEPOSU;SELÇUK TRABZON;8680001123568;HALK ECZANESİ;RIZE DOGU ILCELER;GRİPORT COLD;Griport Cold 20 Film Kaplı Tablet;10;1;11;0
28.09.2026;SELÇUK ECZA DEPOSU;SELÇUK TRABZON;8680001123711;DERMAN ECZANESİ;RIZE DOGU ILCELER;ACİDPASS;Acidpass 10/800/165 mg 6 Çiğneme Tablet;2;0;2;0
04.09.2026;SELÇUK ECZA DEPOSU;SELÇUK TRABZON;8680001179046;GİRİFTİNOĞLU ECZANESİ;GUMUSHANE;MOKSEFEN;Moksefen 400 mg 7 Film Tablet;20;10;30;0
01.09.2026;SELÇUK ECZA DEPOSU;SELÇUK ERZURUM;8680001116171;DADAŞ ECZANESİ;ERZURUM MERKEZ -3;ACİDPASS;Acidpass 10/800/165 mg 12 Çiğneme Tablet;4;0;4;0
09.09.2026;SELÇUK ECZA DEPOSU;SELÇUK ERZURUM;8680001907175;OZAN ECZANESİ;AGRI ILCELER;PANOCER;Panocer 40 mg 28 Enterik Kaplı Tablet;165;135;300;0
24.09.2026;SELÇUK ECZA DEPOSU;SELÇUK ERZURUM;8680001945801;KAYA ECZANESİ;AGRI DIYADIN+D.BEYAZIT;GRİPORT COLD;Griport Cold 20 Film Kaplı Tablet;40;20;60;0
11.09.2026;SELÇUK ECZA DEPOSU;SELÇUK ERZURUM;8680001950805;GÜNEŞ ECZANESİ;ERZURUM GUNEY ILCELER;ACİDPASS;Acidpass 10/800/165 mg 12 Çiğneme Tablet;10;1;11;0
29.09.2026;SELÇUK ECZA DEPOSU;SELÇUK SAMSUN;8680001473229;GÖKMAN ECZANESİ;AMASYA MERKEZ -2;GRİPORT COLD;Griport Cold 20 Film Kaplı Tablet;1;0;1;0
01.09.2026;SELÇUK ECZA DEPOSU;SELÇUK SAMSUN;8680001651726;KAPAKLI EKİN ECZANESİ;CORUM MERKEZ -3;ACİDPASS;Acidpass 10/800/165 mg 12 Çiğneme Tablet;150;60;210;0
21.09.2026;SELÇUK ECZA DEPOSU;SELÇUK SAMSUN;8680001427741;ADA ECZANESİ;SIVAS MERKEZ -4;GRİPORT COLD;Griport Cold 20 Film Kaplı Tablet;-4;-1;-5;-1
16.09.2026;SELÇUK ECZA DEPOSU;SELÇUK SAMSUN;8680001428236;NUR ECZANESİ;ORDU GUNEY ILCELER -1;PANOCER;Panocer 40 mg 28 Enterik Kaplı Tablet;100;60;160;0
04.09.2026;SELÇUK ECZA DEPOSU;SELÇUK SAMSUN;8680001433599;DERMAN ECZANESİ;TOKAT ERBAA;GRİPORT COLD;Griport Cold 20 Film Kaplı Tablet;12;3;15;0
07.09.2026;SELÇUK ECZA DEPOSU;SELÇUK SAMSUN;8680001449682;ZÜMRÜT ECZANESİ;SAMSUN ILKADIM - 2;ACİDPASS;Acidpass 10/800/165 mg 12 Çiğneme Tablet;2;0;2;0
18.09.2026;SELÇUK ECZA DEPOSU;SELÇUK TRABZON;8680001484645;SÖĞÜTLÜ ECZANESİ;TRABZON AKCAABAT;PANOCER;Panocer 40 mg 28 Enterik Kaplı Tablet;10;3;13;0
23.09.2026;SELÇUK ECZA DEPOSU;SELÇUK TRABZON;8680001492497;ÖMÜR ECZANESİ;ARTVIN MERKEZ+DOGU+GUNEY;FAMTREC;Famtrec 800/26,6mg 14 Film Kaplı Tablet;7;1;8;0
21.09.2026;SELÇUK ECZA DEPOSU;SELÇUK SAMSUN;8680001151394;FIRAT ECZANESİ;SIVAS MERKEZ -2;ACİDPASS;Acidpass 10/800/165 mg 12 Çiğneme Tablet;2;0;2;0
25.09.2026;SELÇUK ECZA DEPOSU;SELÇUK SAMSUN;8680001153893;ÇARŞI ECZANESİ;SIVAS MERKEZ -2;MOKSEFEN;Moksefen 400 mg 7 Film Tablet;5;1;6;0
23.09.2026;SELÇUK ECZA DEPOSU;SELÇUK SAMSUN;8680001115334;HAYAT ECZANESİ;SINOP MERKEZ;GRİPORT COLD;Griport Cold 20 Film Kaplı Tablet;2;0;2;0
08.09.2026;SELÇUK ECZA DEPOSU;SELÇUK TRABZON;8680001274260;NURAN ECZANESİ;TRABZON MERKEZ -4;PANOCER;Panocer 40 mg 28 Enterik Kaplı Tablet;5;0;5;0
15.09.2026;SELÇUK ECZA DEPOSU;SELÇUK TRABZON;8680001274260;NURAN ECZANESİ;TRABZON MERKEZ -4;ACİDPASS;Acidpass 10/800/165 mg 12 Çiğneme Tablet;3;0;3;0
25.09.2026;SELÇUK ECZA DEPOSU;SELÇUK TRABZON;8680001484904;İBNİ SİNA ECZANESİ;TRABZON MERKEZ -3;GRİPORT COLD;Griport Cold 20 Film Kaplı Tablet;12;3;15;0
01.09.2026;SELÇUK ECZA DEPOSU;SELÇUK TRABZON;8680001485406;MEDEA ECZANESİ;ARTVIN KUZEY ILCELER;GRİPORT COLD;Griport Cold 20 Film Kaplı Tablet;7;1;8;0
08.09.2026;SELÇUK ECZA DEPOSU;SELÇUK TRABZON;8680001172221;YALÇIN ECZANESİ;GUMUSHANE;FAMTREC;Famtrec 800/26,6mg 14 Film Kaplı Tablet;1;0;1;0
23.09.2026;SELÇUK ECZA DEPOSU;SELÇUK SAMSUN;8680001143313;UĞUR ECZANESİ;CORUM MERKEZ -1;PANOCER;Panocer 40 mg 28 Enterik Kaplı Tablet;10;3;13;0
08.09.2026;SELÇUK ECZA DEPOSU;SELÇUK SAMSUN;8680001146680;HİKMET ECZANESİ;SIVAS MERKEZ -3;ACİDPASS;Acidpass 10/800/165 mg 12 Çiğneme Tablet;20;3;23;0
02.09.2026;SELÇUK ECZA DEPOSU;SELÇUK SAMSUN;8680001146680;HİKMET ECZANESİ;SIVAS MERKEZ -3;GRİPORT COLD;Griport Cold 20 Film Kaplı Tablet;70;45;115;0
11.09.2026;SELÇUK ECZA DEPOSU;SELÇUK SAMSUN;8680001146994;HAKAN ECZANESİ;SIVAS MERKEZ -2;MOKSEFEN;Moksefen 400 mg 7 Film Tablet;50;35;85;0
22.09.2026;SELÇUK ECZA DEPOSU;SELÇUK SAMSUN;8680001147335;GÖKÇE ECZANESİ;SAMSUN ADALET;ACİDPASS;Acidpass 10/800/165 mg 12 Çiğneme Tablet;2;0;2;0
05.09.2026;SELÇUK ECZA DEPOSU;SELÇUK TRABZON;8680001749447;DENİZ ECZANESİ;ARTVIN MERKEZ+DOGU+GUNEY;PANOCER;Panocer 40 mg 14 Enterik Kaplı Tablet;2;0;2;0
13.09.2026;SELÇUK ECZA DEPOSU;SELÇUK ERZURUM;8680001950805;GÜNEŞ ECZANESİ;ERZURUM GUNEY ILCELER;MOKSEFEN;Moksefen 400 mg 7 Film Tablet;20;10;30;0
25.09.2026;SELÇUK ECZA DEPOSU;SELÇUK TRABZON;8680001102129;DALYAN ECZANESİ;RIZE MERKEZ;ACİDPASS;Acidpass 10/800/165 mg 12 Çiğneme Tablet;50;15;65;0
25.09.2026;SELÇUK ECZA DEPOSU;SELÇUK ERZURUM;8680001173525;TAHA ECZANESİ;KARS MERKEZ;FAMTREC;Famtrec 800/26,6mg 14 Film Kaplı Tablet;1;0;1;0
04.09.2026;SELÇUK ECZA DEPOSU;SELÇUK ERZURUM;8680001231560;KÜLTÜR ECZANESİ;ERZINCAN MERKEZ;PANOCER;Panocer 40 mg 28 Enterik Kaplı Tablet;10;3;13;0
02.09.2026;SELÇUK ECZA DEPOSU;SELÇUK TRABZON;8680001260003;KARADUMAN ECZANESİ;TRABZON MERKEZ -2;ACİDPASS;Acidpass 10/800/165 mg 12 Çiğneme Tablet;3;0;3;0
02.09.2026;SELÇUK ECZA DEPOSU;SELÇUK TRABZON;8680001265886;TURAN ECZANESİ;TRABZON MERKEZ -4;ACİDPASS;Acidpass 10/800/165 mg 12 Çiğneme Tablet;10;1;11;0
29.09.2026;SELÇUK ECZA DEPOSU;SELÇUK TRABZON;8680001272112;ÖNDER ECZANESİ;TRABZON MERKEZ -2;GRİPORT COLD;Griport Cold 20 Film Kaplı Tablet;1;0;1;0
11.09.2026;SELÇUK ECZA DEPOSU;SELÇUK TRABZON;8680001484645;SÖĞÜTLÜ ECZANESİ;TRABZON AKCAABAT;ACİDPASS;Acidpass 10/800/165 mg 12 Çiğneme Tablet;10;1;11;0
22.09.2026;SELÇUK ECZA DEPOSU;SELÇUK SAMSUN;8680001149018;ŞİFA ECZANESİ;CORUM KARGI+OSMANCIK;ACİDPASS;Acidpass 10/800/165 mg 12 Çiğneme Tablet;20;3;23;0
01.09.2026;SELÇUK ECZA DEPOSU;SELÇUK SAMSUN;8680001151363;BAŞAK ECZANESİ;SIVAS MERKEZ -2;GRİPORT COLD;Griport Cold 20 Film Kaplı Tablet;12;3;15;0
18.09.2026;SELÇUK ECZA DEPOSU;SELÇUK SAMSUN;8680001489732;BEGÜM ECZANESİ;SAMSUN ATAKUM;ACİDPASS;Acidpass 10/800/165 mg 12 Çiğneme Tablet;2;0;2;0
01.09.2026;SELÇUK ECZA DEPOSU;SELÇUK SAMSUN;8680001503995;UĞUR ECZANESİ;ORDU BATI ILCELER;PANOCER;Panocer 40 mg 28 Enterik Kaplı Tablet;10;3;13;0
22.09.2026;SELÇUK ECZA DEPOSU;SELÇUK SAMSUN;8680001507634;BİNEVLER ECZANESİ;CORUM MERKEZ -1;ACİDPASS;Acidpass 10/800/165 mg 12 Çiğneme Tablet;10;1;11;0
28.09.2026;SELÇUK ECZA DEPOSU;SELÇUK SAMSUN;8680001118199;KARADAĞLI ECZANESİ;SAMSUN ILKADIM - 2;GRİPORT COLD;Griport Cold 20 Film Kaplı Tablet;2;0;2;0
12.09.2026;SELÇUK ECZA DEPOSU;SELÇUK SAMSUN;8680001179541;BAKLACI ECZANESİ;TOKAT TURHAL;ACİDPASS;Acidpass 10/800/165 mg 12 Çiğneme Tablet;2;0;2;0
18.09.2026;SELÇUK ECZA DEPOSU;SELÇUK SAMSUN;8680001180363;ERCAN ECZANESİ;AMASYA MERZIFON;PANOCER;Panocer 40 mg 28 Enterik Kaplı Tablet;100;60;160;0
02.09.2026;SELÇUK ECZA DEPOSU;SELÇUK SAMSUN;8680001182732;FAZİLET ECZANESİ;TOKAT TURHAL;ACİDPASS;Acidpass 10/800/165 mg 12 Çiğneme Tablet;1;0;1;0
28.09.2026;SELÇUK ECZA DEPOSU;SELÇUK SAMSUN;8680001880942;DİNÇ ECZANESİ;SAMSUN DOGU ILCELER - 2;PANOCER;Panocer 40 mg 28 Enterik Kaplı Tablet;30;12;42;0
14.09.2026;SELÇUK ECZA DEPOSU;SELÇUK SAMSUN;8680001943159;ELA ECZANESİ;SAMSUN ATAKENT+19 MAYIS;ACİDPASS;Acidpass 10/800/165 mg 12 Çiğneme Tablet;4;0;4;0
21.09.2026;SELÇUK ECZA DEPOSU;SELÇUK SAMSUN;8680001531691;ÇALIŞKAN ECZANESİ;CORUM MERKEZ -3;ACİDPASS;Acidpass 10/800/165 mg 6 Çiğneme Tablet;1;0;1;0
19.09.2026;SELÇUK ECZA DEPOSU;SELÇUK SAMSUN;8680001531691;ÇALIŞKAN ECZANESİ;CORUM MERKEZ -3;ACİDPASS;Acidpass 10/800/165 mg 12 Çiğneme Tablet;2;0;2;0
16.09.2026;SELÇUK ECZA DEPOSU;SELÇUK SAMSUN;8680001557295;NEFES ECZANESİ;TOKAT MERKEZ -2;GRİPORT COLD;Griport Cold 20 Film Kaplı Tablet;7;1;8;0
30.09.2026;SELÇUK ECZA DEPOSU;SELÇUK SAMSUN;8680001694587;ERGÜN ECZANESİ;SIVAS MERKEZ -4;PANOCER;Panocer 40 mg 28 Enterik Kaplı Tablet;10;3;13;0
03.09.2026;SELÇUK ECZA DEPOSU;SELÇUK SAMSUN;8680001699667;EGE ECZANESİ;TOKAT DOGU ILCELER;MOKSEFEN;Moksefen 400 mg 7 Film Tablet;5;1;6;0
27.09.2026;SELÇUK ECZA DEPOSU;SELÇUK ERZURUM;8680001239030;ARI ECZANESİ;ERZINCAN MERKEZ;ACİDPASS;Acidpass 10/800/165 mg 12 Çiğneme Tablet;2;0;2;0
04.09.2026;SELÇUK ECZA DEPOSU;SELÇUK SAMSUN;8680001188697;SAĞLIK ECZANESİ;ORDU BATI ILCELER;GRİPORT COLD;Griport Cold 20 Film Kaplı Tablet;7;1;8;0
16.09.2026;SELÇUK ECZA DEPOSU;SELÇUK SAMSUN;8680001166572;AKADEMİ ECZANESİ;TOKAT MERKEZ -1;PANOCER;Panocer 40 mg 28 Enterik Kaplı Tablet;10;3;13;0
13.09.2026;SELÇUK ECZA DEPOSU;SELÇUK SAMSUN;8680001166572;AKADEMİ ECZANESİ;TOKAT MERKEZ -1;ACİDPASS;Acidpass 10/800/165 mg 12 Çiğneme Tablet;2;0;2;0
30.09.2026;SELÇUK ECZA DEPOSU;SELÇUK SAMSUN;8680001170333;YİĞİT ECZANESİ;TOKAT MERKEZ -2;ACİDPASS;Acidpass 10/800/165 mg 12 Çiğneme Tablet;3;0;3;0
25.09.2026;SELÇUK ECZA DEPOSU;SELÇUK SAMSUN;8680001170500;KUMRU ECZANESİ;TOKAT MERKEZ -1;ACİDPASS;Acidpass 10/800/165 mg 12 Çiğneme Tablet;2;0;2;0
21.09.2026;SELÇUK ECZA DEPOSU;SELÇUK SAMSUN;8680001664306;GENCALIOGLU ECZANESI;SAMSUN CANIK;ACİDPASS;Acidpass 10/800/165 mg 12 Çiğneme Tablet;10;1;11;0
01.09.2026;SELÇUK ECZA DEPOSU;SELÇUK SAMSUN;8680001695935;GÖNÜL ECZANESİ;ORDU GUNEY ILCELER -1;GRİPORT COLD;Griport Cold 20 Film Kaplı Tablet;7;1;8;0
01.09.2026;SELÇUK ECZA DEPOSU;SELÇUK SAMSUN;8680001715992;EKİCİ ECZANESİ;SIVAS MERKEZ -2;ACİDPASS;Acidpass 10/800/165 mg 12 Çiğneme Tablet;20;3;23;0
03.09.2026;SELÇUK ECZA DEPOSU;SELÇUK ERZURUM;8680001900015;CİVAN ECZANESİ;KARS ILCELER;ACİDPASS;Acidpass 10/800/165 mg 12 Çiğneme Tablet;10;1;11;0
16.09.2026;SELÇUK ECZA DEPOSU;SELÇUK SAMSUN;8680001835805;HALE ECZANESİ;SIVAS MERKEZ -2;GRİPORT COLD;Griport Cold 20 Film Kaplı Tablet;7;1;8;0
04.09.2026;SELÇUK ECZA DEPOSU;SELÇUK SAMSUN;8680001840847;DOGA ECZANESI;TOKAT DOGU ILCELER;ACİDPASS;Acidpass 10/800/165 mg 12 Çiğneme Tablet;2;0;2;0
23.09.2026;SELÇUK ECZA DEPOSU;SELÇUK SAMSUN;8680001108992;BİLGE ECZANESİ;SAMSUN CANIK;ACİDPASS;Acidpass 10/800/165 mg 6 Çiğneme Tablet;1;0;1;0
01.09.2026;SELÇUK ECZA DEPOSU;SELÇUK SAMSUN;8680001109418;YEŞİLOĞLU ECZANESİ;SAMSUN DOGU ILCELER;PANOCER;Panocer 40 mg 28 Enterik Kaplı Tablet;10;3;13;0
02.09.2026;SELÇUK ECZA DEPOSU;SELÇUK SAMSUN;8680001110193;TAFLAN ECZANESİ;SAMSUN ATAKENT+19 MAYIS;PANOCER;Panocer 40 mg 28 Enterik Kaplı Tablet;50;25;75;0
12.09.2026;SELÇUK ECZA DEPOSU;SELÇUK SAMSUN;8680001110193;TAFLAN ECZANESİ;SAMSUN ATAKENT+19 MAYIS;ACİDPASS;Acidpass 10/800/165 mg 12 Çiğneme Tablet;10;1;11;0
18.09.2026;SELÇUK ECZA DEPOSU;SELÇUK SAMSUN;8680001113972;DİKBIYIK ECZANESİ;SAMSUN DOGU ILCELER - 2;PANOCER;Panocer 40 mg 28 Enterik Kaplı Tablet;30;12;42;0
14.09.2026;SELÇUK ECZA DEPOSU;SELÇUK SAMSUN;8680001116263;İNCİ ECZANESİ;SINOP MERKEZ;MOKSEFEN;Moksefen 400 mg 7 Film Tablet;20;10;30;0
25.09.2026;SELÇUK ECZA DEPOSU;SELÇUK ERZURUM;8680001915996;HARAKANI ECZANESİ;KARS MERKEZ;MOKSEFEN;Moksefen 400 mg 7 Film Tablet;10;3;13;0
15.09.2026;SELÇUK ECZA DEPOSU;SELÇUK ERZURUM;8680001946082;MELİKE ECZANESİ;KARS ILCELER;PANOCER;Panocer 40 mg 28 Enterik Kaplı Tablet;10;3;13;0
04.09.2026;SELÇUK ECZA DEPOSU;SELÇUK ERZURUM;8680001948673;YENİ KÖPRÜKÖY ECZANESİ;ERZURUM GUNEY ILCELER;MOKSEFEN;Moksefen 400 mg 7 Film Tablet;1;0;1;0
12.09.2026;SELÇUK ECZA DEPOSU;SELÇUK TRABZON;8680001474653;ÇATAK ECZANESİ;TRABZON MERKEZ -1;MOKSEFEN;Moksefen 400 mg 7 Film Tablet;50;35;85;0
03.09.2026;SELÇUK ECZA DEPOSU;SELÇUK ERZURUM;8680001112418;TEKMAN ECZANESİ;ERZURUM GUNEY ILCELER;ACİDPASS;Acidpass 10/800/165 mg 12 Çiğneme Tablet;10;1;11;0
23.09.2026;SELÇUK ECZA DEPOSU;SELÇUK ERZURUM;8680001114306;MIZRAK ECZANESİ;AGRI MERKEZ;ACİDPASS;Acidpass 10/800/165 mg 12 Çiğneme Tablet;10;1;11;0
05.09.2026;SELÇUK ECZA DEPOSU;SELÇUK ERZURUM;8680001114382;YAŞAM ECZANESİ;AGRI MERKEZ;ACİDPASS;Acidpass 10/800/165 mg 12 Çiğneme Tablet;10;1;11;0
20.09.2026;SELÇUK ECZA DEPOSU;SELÇUK ERZURUM;8680001120598;ZÜBEYDE ECZANESİ;ERZINCAN MERKEZ;ACİDPASS;Acidpass 10/800/165 mg 12 Çiğneme Tablet;20;3;23;0
05.09.2026;SELÇUK ECZA DEPOSU;SELÇUK ERZURUM;8680001121328;KAYA ECZANESİ;ERZURUM MERKEZ -1;GRİPORT COLD;Griport Cold 20 Film Kaplı Tablet;3;0;3;0
02.09.2026;SELÇUK ECZA DEPOSU;SELÇUK SAMSUN;8680001117864;ESENTEPE ECZANESİ;SIVAS MERKEZ -3;GRİPORT COLD;Griport Cold 20 Film Kaplı Tablet;7;1;8;0
22.09.2026;SELÇUK ECZA DEPOSU;SELÇUK SAMSUN;8680001120185;GÜNDÜZ ECZANESİ;SAMSUN RASATHANE;MOKSEFEN;Moksefen 400 mg 7 Film Tablet;2;0;2;0
15.09.2026;SELÇUK ECZA DEPOSU;SELÇUK SAMSUN;8680001120444;LOKMAN ECZANESİ;SIVAS MERKEZ -1;PANOCER;Panocer 40 mg 28 Enterik Kaplı Tablet;10;3;13;0
08.09.2026;SELÇUK ECZA DEPOSU;SELÇUK SAMSUN;8680001120871;YAŞAM ECZANESİ;SINOP DOGU-BATI ILCELER;ACİDPASS;Acidpass 10/800/165 mg 12 Çiğneme Tablet;2;0;2;0
02.09.2026;SELÇUK ECZA DEPOSU;SELÇUK SAMSUN;8680001123162;HATİPOĞLU ECZANESİ;AMASYA ILCELER;ACİDPASS;Acidpass 10/800/165 mg 12 Çiğneme Tablet;20;3;23;0
07.09.2026;SELÇUK ECZA DEPOSU;SELÇUK SAMSUN;8680001123179;YÜKSEL ECZANESİ;SINOP DOGU-BATI ILCELER;PANOCER;Panocer 40 mg 14 Enterik Kaplı Tablet;3;0;3;0
04.09.2026;SELÇUK ECZA DEPOSU;SELÇUK SAMSUN;8680001123179;YÜKSEL ECZANESİ;SINOP DOGU-BATI ILCELER;ACİDPASS;Acidpass 10/800/165 mg 12 Çiğneme Tablet;10;1;11;0
14.09.2026;SELÇUK ECZA DEPOSU;SELÇUK SAMSUN;8680001137411;ÇINAR ECZANESİ;SAMSUN ADALET;PANOCER;Panocer 40 mg 28 Enterik Kaplı Tablet;1;0;1;0
01.09.2026;SELÇUK ECZA DEPOSU;SELÇUK SAMSUN;8680001491865;GÜLDEN ECZANESİ;SAMSUN VEZIRKOPRU;MOKSEFEN;Moksefen 400 mg 7 Film Tablet;20;10;30;0
08.09.2026;SELÇUK ECZA DEPOSU;SELÇUK SAMSUN;8680001496563;DOLUNAY ECZANESİ;ORDU FATSA;GRİPORT COLD;Griport Cold 20 Film Kaplı Tablet;1;0;1;0
30.09.2026;SELÇUK ECZA DEPOSU;SELÇUK SAMSUN;8680001154425;SARIKAYA ECZANESİ;ORDU UNYE;GRİPORT COLD;Griport Cold 20 Film Kaplı Tablet;12;3;15;0
10.09.2026;SELÇUK ECZA DEPOSU;SELÇUK SAMSUN;8680001559176;SELÇUK ECZANESİ;SIVAS MERKEZ -4;MOKSEFEN;Moksefen 400 mg 7 Film Tablet;5;1;6;0
21.09.2026;SELÇUK ECZA DEPOSU;SELÇUK TRABZON;8680001277117;KADİR ECZANESİ;TRABZON BATI ILCELER - 2;ACİDPASS;Acidpass 10/800/165 mg 12 Çiğneme Tablet;5;0;5;0
18.09.2026;SELÇUK ECZA DEPOSU;SELÇUK SAMSUN;8680001806300;ŞÜKRÜ ECZANESİ;ORDU BATI ILCELER;PANOCER;Panocer 40 mg 28 Enterik Kaplı Tablet;10;3;13;0
18.09.2026;SELÇUK ECZA DEPOSU;SELÇUK SAMSUN;8680001806300;ŞÜKRÜ ECZANESİ;ORDU BATI ILCELER;ACİDPASS;Acidpass 10/800/165 mg 12 Çiğneme Tablet;10;1;11;0
11.09.2026;SELÇUK ECZA DEPOSU;SELÇUK TRABZON;8680001123711;DERMAN ECZANESİ;RIZE DOGU ILCELER;GRİPORT COLD;Griport Cold 20 Film Kaplı Tablet;12;3;15;0
21.09.2026;SELÇUK ECZA DEPOSU;SELÇUK TRABZON;8680001123827;SERHAT ECZANESİ;ARTVIN MERKEZ+DOGU+GUNEY;ACİDPASS;Acidpass 10/800/165 mg 12 Çiğneme Tablet;10;1;11;0
24.09.2026;SELÇUK ECZA DEPOSU;SELÇUK TRABZON;8680001748204;HAYAT PINARI;TRABZON AKCAABAT;GRİPORT COLD;Griport Cold 20 Film Kaplı Tablet;7;1;8;0
18.09.2026;SELÇUK ECZA DEPOSU;SELÇUK TRABZON;8680001752270;YAREN ECZANESİ;GUMUSHANE;ACİDPASS;Acidpass 10/800/165 mg 12 Çiğneme Tablet;2;0;2;0
28.09.2026;SELÇUK ECZA DEPOSU;SELÇUK TRABZON;8680001235674;FANUS ECZANESİ;TRABZON MERKEZ -3;ACİDPASS;Acidpass 10/800/165 mg 12 Çiğneme Tablet;10;1;11;0
17.09.2026;SELÇUK ECZA DEPOSU;SELÇUK TRABZON;8680001255276;ÖZGÜR ECZANESİ;TRABZON MERKEZ -1;PANOCER;Panocer 40 mg 28 Enterik Kaplı Tablet;10;3;13;0
19.09.2026;SELÇUK ECZA DEPOSU;SELÇUK SAMSUN;8680001114238;KALKANCA ECZANESİ;SAMSUN ILKADIM - 2;PANOCER;Panocer 40 mg 14 Enterik Kaplı Tablet;5;0;5;0
10.09.2026;SELÇUK ECZA DEPOSU;SELÇUK SAMSUN;8680001733743;ECZANE İLGİ;TOKAT DOGU ILCELER;PANOCER;Panocer 40 mg 28 Enterik Kaplı Tablet;10;3;13;0
28.09.2026;SELÇUK ECZA DEPOSU;SELÇUK SAMSUN;8680001733811;SAĞLAM ECZANESİ;TOKAT DOGU ILCELER;ACİDPASS;Acidpass 10/800/165 mg 12 Çiğneme Tablet;2;0;2;0
16.09.2026;SELÇUK ECZA DEPOSU;SELÇUK ERZURUM;8680001425471;ÇİÇEK ECZANESİ;ERZINCAN MERKEZ;PANOCER;Panocer 40 mg 28 Enterik Kaplı Tablet;50;25;75;0
15.09.2026;SELÇUK ECZA DEPOSU;SELÇUK TRABZON;8680001200351;KARADENİZ ECZANESİ;GUMUSHANE;FAMTREC;Famtrec 800/26,6mg 14 Film Kaplı Tablet;1;0;1;0
07.09.2026;SELÇUK ECZA DEPOSU;SELÇUK SAMSUN;8680001733743;ECZANE İLGİ;TOKAT DOGU ILCELER;PANOCER;Panocer 40 mg 28 Enterik Kaplı Tablet;1;0;1;0
01.09.2026;SELÇUK ECZA DEPOSU;SELÇUK SAMSUN;8680001774685;DEMIR ECZANESI;TOKAT MERKEZ -1;PANOCER;Panocer 40 mg 28 Enterik Kaplı Tablet;165;135;300;0
25.09.2026;SELÇUK ECZA DEPOSU;SELÇUK SAMSUN;8680001819553;MERKEZ ECZANESI;TOKAT ERBAA;PANOCER;Panocer 40 mg 28 Enterik Kaplı Tablet;10;3;13;0
14.09.2026;SELÇUK ECZA DEPOSU;SELÇUK SAMSUN;8680001837755;KOCUR ECZANESI;AMASYA GOYNUCEK+TASOVA;MOKSEFEN;Moksefen 400 mg 7 Film Tablet;-1;0;-1;0
02.09.2026;SELÇUK ECZA DEPOSU;SELÇUK SAMSUN;8680001653232;AYDOĞAN ECZANESİ;SIVAS MERKEZ -3;GRİPORT COLD;Griport Cold 20 Film Kaplı Tablet;1;0;1;0
09.09.2026;SELÇUK ECZA DEPOSU;SELÇUK SAMSUN;8680001147694;ECEM ECZANESİ;CORUM GUNEYBATI ILCELER;ACİDPASS;Acidpass 10/800/165 mg 12 Çiğneme Tablet;10;1;11;0
08.09.2026;SELÇUK ECZA DEPOSU;SELÇUK SAMSUN;8680001148233;ÇELENK ECZANESİ;ORDU MERKEZ -1;ACİDPASS;Acidpass 10/800/165 mg 12 Çiğneme Tablet;2;0;2;0
25.09.2026;SELÇUK ECZA DEPOSU;SELÇUK SAMSUN;8680001151431;KÜBRA ECZANESİ;SIVAS MERKEZ -2;PANOCER;Panocer 40 mg 28 Enterik Kaplı Tablet;10;3;13;0
22.09.2026;SELÇUK ECZA DEPOSU;SELÇUK ERZURUM;8680001239009;BURAK ECZANESİ;ERZINCAN MERKEZ;ACİDPASS;Acidpass 10/800/165 mg 12 Çiğneme Tablet;10;1;11;0
07.09.2026;SELÇUK ECZA DEPOSU;SELÇUK ERZURUM;8680001458912;GEÇİT ECZANESİ;ERZINCAN MERKEZ;ACİDPASS;Acidpass 10/800/165 mg 12 Çiğneme Tablet;10;1;11;0
22.09.2026;SELÇUK ECZA DEPOSU;SELÇUK TRABZON;8680001275601;FARABİ ECZANESİ;TRABZON MERKEZ -3;PANOCER;Panocer 40 mg 28 Enterik Kaplı Tablet;10;3;13;0
30.09.2026;SELÇUK ECZA DEPOSU;SELÇUK TRABZON;8680001277209;TONYA ECZANESİ;TRABZON BATI ILCELER - 2;ACİDPASS;Acidpass 10/800/165 mg 12 Çiğneme Tablet;10;1;11;0
19.09.2026;SELÇUK ECZA DEPOSU;SELÇUK TRABZON;8680001278008;HAKAN ECZANESİ;TRABZON MERKEZ -4;ACİDPASS;Acidpass 10/800/165 mg 12 Çiğneme Tablet;10;1;11;0
22.09.2026;SELÇUK ECZA DEPOSU;SELÇUK TRABZON;8680001408344;ÇAĞLAR ECZANESİ;TRABZON MERKEZ -3;ACİDPASS;Acidpass 10/800/165 mg 12 Çiğneme Tablet;10;1;11;0
02.09.2026;SELÇUK ECZA DEPOSU;SELÇUK TRABZON;8680001417964;DERMAN ECZANESİ;TRABZON DOGU ILCELER - 2;PANOCER;Panocer 40 mg 28 Enterik Kaplı Tablet;50;25;75;0
14.09.2026;SELÇUK ECZA DEPOSU;SELÇUK TRABZON;8680001422494;DEMİRKILIÇ ECZANESİ;GIRESUN BULANCAK+PIRAZIZ;PANOCER;Panocer 40 mg 28 Enterik Kaplı Tablet;10;3;13;0
01.09.2026;SELÇUK ECZA DEPOSU;SELÇUK TRABZON;8680001937974;HAN ECZANESİ;TRABZON MERKEZ -3;GRİPORT COLD;Griport Cold 20 Film Kaplı Tablet;1;0;1;0
12.09.2026;SELÇUK ECZA DEPOSU;SELÇUK TRABZON;8680001277209;TONYA ECZANESİ;TRABZON BATI ILCELER - 2;PANOCER;Panocer 40 mg 28 Enterik Kaplı Tablet;10;3;13;0
30.09.2026;SELÇUK ECZA DEPOSU;SELÇUK TRABZON;8680001278008;HAKAN ECZANESİ;TRABZON MERKEZ -4;GRİPORT COLD;Griport Cold 20 Film Kaplı Tablet;7;1;8;0
07.09.2026;SELÇUK ECZA DEPOSU;SELÇUK TRABZON;8680001213757;HAYRAT ECZANESİ;TRABZON DOGU ILCELER -1;MOKSEFEN;Moksefen 400 mg 7 Film Tablet;1;0;1;0
04.09.2026;SELÇUK ECZA DEPOSU;SELÇUK TRABZON;8680001260003;KARADUMAN ECZANESİ;TRABZON MERKEZ -2;ACİDPASS;Acidpass 10/800/165 mg 12 Çiğneme Tablet;3;0;3;0
14.09.2026;SELÇUK ECZA DEPOSU;SELÇUK TRABZON;8680001262625;BAHADIR ECZANESİ;TRABZON BATI ILCELER - 2;PANOCER;Panocer 40 mg 28 Enterik Kaplı Tablet;10;3;13;0
26.09.2026;SELÇUK ECZA DEPOSU;SELÇUK SAMSUN;8680001143313;UĞUR ECZANESİ;CORUM MERKEZ -1;ACİDPASS;Acidpass 10/800/165 mg 12 Çiğneme Tablet;2;0;2;0
14.09.2026;SELÇUK ECZA DEPOSU;SELÇUK SAMSUN;8680001146680;HİKMET ECZANESİ;SIVAS MERKEZ -3;ACİDPASS;Acidpass 10/800/165 mg 6 Çiğneme Tablet;10;1;11;0
14.09.2026;SELÇUK ECZA DEPOSU;SELÇUK SAMSUN;8680001146680;HİKMET ECZANESİ;SIVAS MERKEZ -3;ACİDPASS;Acidpass 10/800/165 mg 12 Çiğneme Tablet;20;3;23;0
11.09.2026;SELÇUK ECZA DEPOSU;SELÇUK ERZURUM;8680001566983;CADDE ECZANESİ;ERZURUM MERKEZ -3;ACİDPASS;Acidpass 10/800/165 mg 12 Çiğneme Tablet;2;0;2;0
12.09.2026;SELÇUK ECZA DEPOSU;SELÇUK ERZURUM;8680001646470;DÜNYA ECZANESİ;ERZINCAN MERKEZ;ACİDPASS;Acidpass 10/800/165 mg 12 Çiğneme Tablet;10;1;11;0
18.09.2026;SELÇUK ECZA DEPOSU;SELÇUK ERZURUM;8680001431373;ONUR ECZANESİ;ERZINCAN MERKEZ;ACİDPASS;Acidpass 10/800/165 mg 6 Çiğneme Tablet;2;0;2;0
19.09.2026;SELÇUK ECZA DEPOSU;SELÇUK SAMSUN;8680001101405;NİHAN ECZANESİ;SAMSUN ATAKUM;ACİDPASS;Acidpass 10/800/165 mg 12 Çiğneme Tablet;3;0;3;0
09.09.2026;SELÇUK ECZA DEPOSU;SELÇUK SAMSUN;8680001101542;ASYA ECZANESİ;SAMSUN DOGU ILCELER;PANOCER;Panocer 40 mg 28 Enterik Kaplı Tablet;2;0;2;0
09.09.2026;SELÇUK ECZA DEPOSU;SELÇUK SAMSUN;8680001105557;UMUT ECZANESİ;SAMSUN ATAKUM;PANOCER;Panocer 40 mg 28 Enterik Kaplı Tablet;10;3;13;0
28.09.2026;SELÇUK ECZA DEPOSU;SELÇUK SAMSUN;8680001727520;PELİTKÖY İPEK ECZANESİ;SAMSUN ATAKENT+19 MAYIS;ACİDPASS;Acidpass 10/800/165 mg 6 Çiğneme Tablet;4;0;4;0
26.09.2026;SELÇUK ECZA DEPOSU;SELÇUK SAMSUN;8680001113606;UGUR ECZANESİ;SAMSUN BAFRA;ACİDPASS;Acidpass 10/800/165 mg 12 Çiğneme Tablet;20;3;23;0
28.09.2026;SELÇUK ECZA DEPOSU;SELÇUK SAMSUN;8680001114672;MERKEZ ECZANESI;SINOP MERKEZ;PANOCER;Panocer 40 mg 28 Enterik Kaplı Tablet;10;3;13;0
28.09.2026;SELÇUK ECZA DEPOSU;SELÇUK SAMSUN;8680001114696;YILMAZ ECZANESİ;SAMSUN ALACAM+YAKAKENT;GRİPORT COLD;Griport Cold 20 Film Kaplı Tablet;5;0;5;0
25.09.2026;SELÇUK ECZA DEPOSU;SELÇUK SAMSUN;8680001117352;GÜLDEŞ ECZANESİ;SIVAS MERKEZ -2;ACİDPASS;Acidpass 10/800/165 mg 12 Çiğneme Tablet;3;0;3;0
24.09.2026;SELÇUK ECZA DEPOSU;SELÇUK SAMSUN;8680001118199;KARADAĞLI ECZANESİ;SAMSUN ILKADIM - 2;MOKSEFEN;Moksefen 400 mg 7 Film Tablet;1;0;1;0
02.09.2026;SELÇUK ECZA DEPOSU;SELÇUK SAMSUN;8680001120017;DÖRTYOL ECZANESİ;SIVAS MERKEZ -4;ACİDPASS;Acidpass 10/800/165 mg 6 Çiğneme Tablet;5;0;5;0
04.09.2026;SELÇUK ECZA DEPOSU;SELÇUK TRABZON;8680001492497;ÖMÜR ECZANESİ;ARTVIN MERKEZ+DOGU+GUNEY;ACİDPASS;Acidpass 10/800/165 mg 12 Çiğneme Tablet;20;3;23;0
02.09.2026;SELÇUK ECZA DEPOSU;SELÇUK TRABZON;8680001515042;MERKEZ ECZANESI;GUMUSHANE;MOKSEFEN;Moksefen 400 mg 7 Film Tablet;50;35;85;0
12.09.2026;SELÇUK ECZA DEPOSU;SELÇUK SAMSUN;8680001190881;ARTOVA ECZANESİ;TOKAT BATI ILCELER;ACİDPASS;Acidpass 10/800/165 mg 6 Çiğneme Tablet;2;0;2;0
08.09.2026;SELÇUK ECZA DEPOSU;SELÇUK SAMSUN;8680001232499;TİYALOĞLU ECZANESİ;ORDU UNYE;ACİDPASS;Acidpass 10/800/165 mg 12 Çiğneme Tablet;10;1;11;0
01.09.2026;SELÇUK ECZA DEPOSU;SELÇUK TRABZON;8680001229116;YAĞMUR ECZANESİ;TRABZON DOGU ILCELER - 2;MOKSEFEN;Moksefen 400 mg 7 Film Tablet;10;3;13;0
28.09.2026;SELÇUK ECZA DEPOSU;SELÇUK TRABZON;8680001260355;ÖZTÜRK ECZANESİ;TRABZON DOGU ILCELER -1;ACİDPASS;Acidpass 10/800/165 mg 12 Çiğneme Tablet;2;0;2;0
17.09.2026;SELÇUK ECZA DEPOSU;SELÇUK SAMSUN;8680001866106;MENTEŞOĞLU ECZANESI;SAMSUN DOGU ILCELER - 2;ACİDPASS;Acidpass 10/800/165 mg 12 Çiğneme Tablet;3;0;3;0
03.09.2026;SELÇUK ECZA DEPOSU;SELÇUK ERZURUM;8680001637591;FIRAT ECZANESİ;ERZURUM MERKEZ -3;ACİDPASS;Acidpass 10/800/165 mg 12 Çiğneme Tablet;2;0;2;0
19.09.2026;SELÇUK ECZA DEPOSU;SELÇUK ERZURUM;8680001641130;DERMAN ECZANESİ;ERZURUM MERKEZ -3;GRİPORT COLD;Griport Cold 20 Film Kaplı Tablet;1;0;1;0
28.09.2026;SELÇUK ECZA DEPOSU;SELÇUK TRABZON;8680001173266;HÜLYA ECZANESİ;GIRESUN MERKEZ -2;GRİPORT COLD;Griport Cold 20 Film Kaplı Tablet;7;1;8;0
08.09.2026;SELÇUK ECZA DEPOSU;SELÇUK TRABZON;8680001179046;GİRİFTİNOĞLU ECZANESİ;GUMUSHANE;ACİDPASS;Acidpass 10/800/165 mg 12 Çiğneme Tablet;3;0;3;0
03.09.2026;SELÇUK ECZA DEPOSU;SELÇUK TRABZON;8680001188482;ŞİFA ECZANESİ;GUMUSHANE;FAMTREC;Famtrec 800/26,6mg 30 Film Kaplı Tablet;1;0;1;0
16.09.2026;SELÇUK ECZA DEPOSU;SELÇUK ERZURUM;8680001516889;YENİ BUHARA ECZANESİ;ERZURUM MERKEZ -3;ACİDPASS;Acidpass 10/800/165 mg 12 Çiğneme Tablet;10;1;11;0
30.09.2026;SELÇUK ECZA DEPOSU;SELÇUK ERZURUM;8680001553112;BEYZA ECZANESİ;AGRI ILCELER;ACİDPASS;Acidpass 10/800/165 mg 12 Çiğneme Tablet;1;0;1;0
30.09.2026;SELÇUK ECZA DEPOSU;SELÇUK TRABZON;8680001122776;CEBECİ ECZANESİ;ARTVIN KUZEY ILCELER;GRİPORT COLD;Griport Cold 20 Film Kaplı Tablet;12;3;15;0
09.09.2026;SELÇUK ECZA DEPOSU;SELÇUK TRABZON;8680001123827;SERHAT ECZANESİ;ARTVIN MERKEZ+DOGU+GUNEY;FAMTREC;Famtrec 800/26,6mg 14 Film Kaplı Tablet;2;0;2;0
18.09.2026;SELÇUK ECZA DEPOSU;SELÇUK TRABZON;8680001165971;MEYDAN ECZANESİ;GIRESUN MERKEZ -2;PANOCER;Panocer 40 mg 28 Enterik Kaplı Tablet;10;3;13;0
19.09.2026;SELÇUK ECZA DEPOSU;SELÇUK ERZURUM;8680001743209;KÜBRA ECZANESİ;KARS MERKEZ;ACİDPASS;Acidpass 10/800/165 mg 12 Çiğneme Tablet;1;0;1;0
30.09.2026;SELÇUK ECZA DEPOSU;SELÇUK ERZURUM;8680001752225;YAĞMUR ECZANESİ;AGRI DIYADIN+D.BEYAZIT;FAMTREC;Famtrec 800/26,6mg 14 Film Kaplı Tablet;1;0;1;0
04.09.2026;SELÇUK ECZA DEPOSU;SELÇUK ERZURUM;8680001948673;YENİ KÖPRÜKÖY ECZANESİ;ERZURUM GUNEY ILCELER;PANOCER;Panocer 40 mg 28 Enterik Kaplı Tablet;10;3;13;0
23.09.2026;SELÇUK ECZA DEPOSU;SELÇUK TRABZON;8680001102242;ELİF ECZANESİ;RIZE MERKEZ;ACİDPASS;Acidpass 10/800/165 mg 12 Çiğneme Tablet;50;15;65;0
16.09.2026;SELÇUK ECZA DEPOSU;SELÇUK TRABZON;8680001108817;ÖMÜR ECZANESİ;RIZE MERKEZ;PANOCER;Panocer 40 mg 28 Enterik Kaplı Tablet;30;12;42;0
11.09.2026;SELÇUK ECZA DEPOSU;SELÇUK TRABZON;8680001112074;YENİ ECZANE;RIZE MERKEZ;ACİDPASS;Acidpass 10/800/165 mg 12 Çiğneme Tablet;10;1;11;0
24.09.2026;SELÇUK ECZA DEPOSU;SELÇUK TRABZON;8680001494293;AYÇA ECZANESİ;ARTVIN KUZEY ILCELER;PANOCER;Panocer 40 mg 28 Enterik Kaplı Tablet;50;25;75;0
03.09.2026;SELÇUK ECZA DEPOSU;SELÇUK TRABZON;8680001494293;AYÇA ECZANESİ;ARTVIN KUZEY ILCELER;MOKSEFEN;Moksefen 400 mg 7 Film Tablet;5;1;6;0
19.09.2026;SELÇUK ECZA DEPOSU;SELÇUK SAMSUN;8680001447992;EMİR ECZANESİ;ORDU GUNEY ILCELER -1;PANOCER;Panocer 40 mg 28 Enterik Kaplı Tablet;165;135;300;0
04.09.2026;SELÇUK ECZA DEPOSU;SELÇUK TRABZON;8680001110629;İYİDERE ECZANESİ;RIZE BATI ILCELER;PANOCER;Panocer 40 mg 28 Enterik Kaplı Tablet;10;3;13;0
04.09.2026;SELÇUK ECZA DEPOSU;SELÇUK TRABZON;8680001112364;ŞİFA ECZANESİ;RIZE MERKEZ;ACİDPASS;Acidpass 10/800/165 mg 12 Çiğneme Tablet;20;3;23;0
30.09.2026;SELÇUK ECZA DEPOSU;SELÇUK TRABZON;8680001112869;OZAN ECZANESİ;ARTVIN MERKEZ+DOGU+GUNEY;FAMTREC;Famtrec 800/26,6mg 14 Film Kaplı Tablet;2;0;2;0
10.09.2026;SELÇUK ECZA DEPOSU;SELÇUK TRABZON;8680001113224;SEVİM ECZANESİ;RIZE DOGU ILCELER;ACİDPASS;Acidpass 10/800/165 mg 12 Çiğneme Tablet;10;1;11;0
16.09.2026;SELÇUK ECZA DEPOSU;SELÇUK SAMSUN;8680001459100;MANSIZLAR ECZANESİ;TOKAT MERKEZ -1;PANOCER;Panocer 40 mg 28 Enterik Kaplı Tablet;10;3;13;0
01.09.2026;SELÇUK ECZA DEPOSU;SELÇUK TRABZON;8680001468584;UMUT ECZANESİ;TRABZON AKCAABAT;MOKSEFEN;Moksefen 400 mg 7 Film Tablet;100;70;170;0
11.09.2026;SELÇUK ECZA DEPOSU;SELÇUK TRABZON;8680001485406;MEDEA ECZANESİ;ARTVIN KUZEY ILCELER;PANOCER;Panocer 40 mg 28 Enterik Kaplı Tablet;10;3;13;0
09.09.2026;SELÇUK ECZA DEPOSU;SELÇUK TRABZON;8680001496808;HİLAL ECZANESİ;TRABZON DOGU ILCELER - 2;ACİDPASS;Acidpass 10/800/165 mg 12 Çiğneme Tablet;10;1;11;0
09.09.2026;SELÇUK ECZA DEPOSU;SELÇUK ERZURUM;8680001569427;HAYAT ECZANESİ;ERZURUM MERKEZ -2;ACİDPASS;Acidpass 10/800/165 mg 12 Çiğneme Tablet;2;0;2;0
04.09.2026;SELÇUK ECZA DEPOSU;SELÇUK ERZURUM;8680001639083;SAFA ECZANESİ;ERZURUM MERKEZ -3;PANOCER;Panocer 40 mg 28 Enterik Kaplı Tablet;10;3;13;0
18.09.2026;SELÇUK ECZA DEPOSU;SELÇUK TRABZON;8680001109937;GÜNEYSU SERDAR ECZANESİ;RIZE BATI ILCELER;PANOCER;Panocer 40 mg 28 Enterik Kaplı Tablet;50;25;75;0
07.09.2026;SELÇUK ECZA DEPOSU;SELÇUK TRABZON;8680001449767;ERDEM ECZANESİ;GUMUSHANE;MOKSEFEN;Moksefen 400 mg 7 Film Tablet;-49;-35;-84;-35
12.09.2026;SELÇUK ECZA DEPOSU;SELÇUK TRABZON;8680001466641;DERECİK MERKEZ ECZANESİ;TRABZON AKCAABAT;PANOCER;Panocer 40 mg 28 Enterik Kaplı Tablet;165;135;300;0
14.09.2026;SELÇUK ECZA DEPOSU;SELÇUK SAMSUN;8680001156795;GÜL ECZANESİ;SIVAS MERKEZ -2;GRİPORT COLD;Griport Cold 20 Film Kaplı Tablet;7;1;8;0
21.09.2026;SELÇUK ECZA DEPOSU;SELÇUK SAMSUN;8680001149094;BURCU ECZANESİ;CORUM MERKEZ -3;ACİDPASS;Acidpass 10/800/165 mg 12 Çiğneme Tablet;10;1;11;0
15.09.2026;SELÇUK ECZA DEPOSU;SELÇUK SAMSUN;8680001151486;SÜHA ECZANESİ;SIVAS MERKEZ -4;PANOCER;Panocer 40 mg 28 Enterik Kaplı Tablet;4;0;4;0
08.09.2026;SELÇUK ECZA DEPOSU;SELÇUK ERZURUM;8680001714285;DERMAN ECZANESİ;ERZURUM GUNEY ILCELER;PANOCER;Panocer 40 mg 28 Enterik Kaplı Tablet;10;3;13;0
18.09.2026;SELÇUK ECZA DEPOSU;SELÇUK ERZURUM;8680001715237;ARAS ECZANESİ;ERZURUM MERKEZ -3;ACİDPASS;Acidpass 10/800/165 mg 12 Çiğneme Tablet;1;0;1;0
07.09.2026;SELÇUK ECZA DEPOSU;SELÇUK SAMSUN;8680001183128;ÇAĞRI ECZANESİ;TOKAT MERKEZ -2;PANOCER;Panocer 40 mg 28 Enterik Kaplı Tablet;30;12;42;0
09.09.2026;SELÇUK ECZA DEPOSU;SELÇUK SAMSUN;8680001187010;YALÇIN ECZANESİ;TOKAT DOGU ILCELER;PANOCER;Panocer 40 mg 28 Enterik Kaplı Tablet;50;25;75;0
30.09.2026;SELÇUK ECZA DEPOSU;SELÇUK ERZURUM;8680001444632;AYGÜN ECZANESİ;ERZURUM MERKEZ -3;PANOCER;Panocer 40 mg 28 Enterik Kaplı Tablet;2;0;2;0
03.09.2026;SELÇUK ECZA DEPOSU;SELÇUK ERZURUM;8680001747986;ŞİFA ECZANESİ;ERZINCAN MERKEZ;MOKSEFEN;Moksefen 400 mg 7 Film Tablet;5;1;6;0
19.09.2026;SELÇUK ECZA DEPOSU;SELÇUK ERZURUM;8680001814541;OKTAY VURAL ECZANESİ;AGRI ILCELER;FAMTREC;Famtrec 800/26,6mg 14 Film Kaplı Tablet;1;0;1;0
28.09.2026;SELÇUK ECZA DEPOSU;SELÇUK ERZURUM;8680001846719;CARE ECZANESİ;AGRI ILCELER;FAMTREC;Famtrec 800/26,6mg 14 Film Kaplı Tablet;1;0;1;0
01.09.2026;SELÇUK ECZA DEPOSU;SELÇUK TRABZON;8680001893294;BORDO MAVİ ECZANESİ;TRABZON MERKEZ -4;GRİPORT COLD;Griport Cold 20 Film Kaplı Tablet;2;0;2;0
16.09.2026;SELÇUK ECZA DEPOSU;SELÇUK TRABZON;8680001912025;MİHRAP ECZANESİ;ARTVIN KUZEY ILCELER;PANOCER;Panocer 40 mg 28 Enterik Kaplı Tablet;10;3;13;0
24.09.2026;SELÇUK ECZA DEPOSU;SELÇUK TRABZON;8680001932153;MORDUT ECZANESİ;GUMUSHANE;PANOCER;Panocer 40 mg 28 Enterik Kaplı Tablet;10;3;13;0
02.09.2026;SELÇUK ECZA DEPOSU;SELÇUK TRABZON;8680001949557;YALINCAK CADDE;TRABZON MERKEZ -3;PANOCER;Panocer 40 mg 14 Enterik Kaplı Tablet;2;0;2;0
25.09.2026;SELÇUK ECZA DEPOSU;SELÇUK TRABZON;8680001954841;SEHER ECZANESİ;TRABZON BATI ILCELER - 2;PANOCER;Panocer 40 mg 28 Enterik Kaplı Tablet;50;25;75;0
19.09.2026;SELÇUK ECZA DEPOSU;SELÇUK SAMSUN;8680001651429;KUZEY ECZANESİ;SAMSUN HAVZA+KAVAK+LADIK;ACİDPASS;Acidpass 10/800/165 mg 12 Çiğneme Tablet;2;0;2;0
29.09.2026;SELÇUK ECZA DEPOSU;SELÇUK SAMSUN;8680001653232;AYDOĞAN ECZANESİ;SIVAS MERKEZ -3;MOKSEFEN;Moksefen 400 mg 7 Film Tablet;20;10;30;0
24.09.2026;SELÇUK ECZA DEPOSU;SELÇUK ERZURUM;8680001300396;SÜPHAN ECZANESİ;ERZURUM MERKEZ -3;ACİDPASS;Acidpass 10/800/165 mg 12 Çiğneme Tablet;3;0;3;0
28.09.2026;SELÇUK ECZA DEPOSU;SELÇUK ERZURUM;8680001387571;POLAT ECZANESİ;ERZURUM MERKEZ -2;GRİPORT COLD;Griport Cold 20 Film Kaplı Tablet;2;0;2;0
25.09.2026;SELÇUK ECZA DEPOSU;SELÇUK ERZURUM;8680001470860;IHLAMUR ECZANESİ;ERZINCAN MERKEZ;MOKSEFEN;Moksefen 400 mg 7 Film Tablet;1;0;1;0
18.09.2026;SELÇUK ECZA DEPOSU;SELÇUK ERZURUM;8680001484409;MERKEZ RESULOĞULLARI ECZANESİ;ERZURUM GUNEY ILCELER;MOKSEFEN;Moksefen 400 mg 7 Film Tablet;20;10;30;0
30.09.2026;SELÇUK ECZA DEPOSU;SELÇUK SAMSUN;8680001492596;DÜNYA ECZANESİ;SAMSUN ILKADIM - 2;ACİDPASS;Acidpass 10/800/165 mg 6 Çiğneme Tablet;2;0;2;0
04.09.2026;SELÇUK ECZA DEPOSU;SELÇUK SAMSUN;8680001499301;GİZEM ECZANESİ;AMASYA MERZIFON;ACİDPASS;Acidpass 10/800/165 mg 12 Çiğneme Tablet;10;1;11;0
23.09.2026;SELÇUK ECZA DEPOSU;SELÇUK SAMSUN;8680001505517;YAŞARDOĞU ECZANESİ;SAMSUN HAVZA+KAVAK+LADIK;MOKSEFEN;Moksefen 400 mg 7 Film Tablet;10;3;13;0
17.09.2026;SELÇUK ECZA DEPOSU;SELÇUK ERZURUM;8680001459056;GÜVEN ECZANESİ;AGRI MERKEZ;ACİDPASS;Acidpass 10/800/165 mg 12 Çiğneme Tablet;10;1;11;0
12.09.2026;SELÇUK ECZA DEPOSU;SELÇUK ERZURUM;8680001488155;FAİKBEY ECZANESİ;KARS MERKEZ;FAMTREC;Famtrec 800/26,6mg 14 Film Kaplı Tablet;3;0;3;0
02.09.2026;SELÇUK ECZA DEPOSU;SELÇUK TRABZON;8680001109937;GÜNEYSU SERDAR ECZANESİ;RIZE BATI ILCELER;MOKSEFEN;Moksefen 400 mg 7 Film Tablet;20;10;30;0
29.09.2026;SELÇUK ECZA DEPOSU;SELÇUK TRABZON;8680001110476;TUĞBA ECZANESİ;RIZE MERKEZ;PANOCER;Panocer 40 mg 28 Enterik Kaplı Tablet;10;3;13;0
01.09.2026;SELÇUK ECZA DEPOSU;SELÇUK TRABZON;8680001113224;SEVİM ECZANESİ;RIZE DOGU ILCELER;ACİDPASS;Acidpass 10/800/165 mg 6 Çiğneme Tablet;3;0;3;0
16.09.2026;SELÇUK ECZA DEPOSU;SELÇUK TRABZON;8680001114146;UMUT ECZANESİ;ARTVIN MERKEZ+DOGU+GUNEY;MOKSEFEN;Moksefen 400 mg 7 Film Tablet;5;1;6;0
29.09.2026;SELÇUK ECZA DEPOSU;SELÇUK ERZURUM;8680001122219;TURGUT ECZANESİ;ERZURUM MERKEZ -3;GRİPORT COLD;Griport Cold 20 Film Kaplı Tablet;12;3;15;0
01.09.2026;SELÇUK ECZA DEPOSU;SELÇUK TRABZON;8680001442058;RABİA ECZANESİ;TRABZON AKCAABAT;ACİDPASS;Acidpass 10/800/165 mg 12 Çiğneme Tablet;150;60;210;0
29.09.2026;SELÇUK ECZA DEPOSU;SELÇUK TRABZON;8680001471591;ÖMER ECZANESİ;ARTVIN MERKEZ+DOGU+GUNEY;MOKSEFEN;Moksefen 400 mg 7 Film Tablet;20;10;30;0
10.09.2026;SELÇUK ECZA DEPOSU;SELÇUK TRABZON;8680001472376;HALK ECZANESİ;ARTVIN KUZEY ILCELER;GRİPORT COLD;Griport Cold 20 Film Kaplı Tablet;10;1;11;0
24.09.2026;SELÇUK ECZA DEPOSU;SELÇUK ERZURUM;8680001836215;FATMA KOÇ ECZANESİ;AGRI DIYADIN+D.BEYAZIT;ACİDPASS;Acidpass 10/800/165 mg 12 Çiğneme Tablet;3;0;3;0
09.09.2026;SELÇUK ECZA DEPOSU;SELÇUK ERZURUM;8680001846719;CARE ECZANESİ;AGRI ILCELER;ACİDPASS;Acidpass 10/800/165 mg 6 Çiğneme Tablet;2;0;2;0
07.09.2026;SELÇUK ECZA DEPOSU;SELÇUK TRABZON;8680001236237;ANADOLU ECZANESİ;TRABZON DUZKOY+MACKA;PANOCER;Panocer 40 mg 28 Enterik Kaplı Tablet;10;3;13;0
19.09.2026;SELÇUK ECZA DEPOSU;SELÇUK SAMSUN;8680001155750;GÜLCAN ECZANESİ;CORUM GUNEYBATI ILCELER;PANOCER;Panocer 40 mg 28 Enterik Kaplı Tablet;10;3;13;0
01.09.2026;SELÇUK ECZA DEPOSU;SELÇUK SAMSUN;8680001157938;FATMA ECZANESİ;ORDU BATI ILCELER;ACİDPASS;Acidpass 10/800/165 mg 12 Çiğneme Tablet;50;15;65;0
14.09.2026;SELÇUK ECZA DEPOSU;SELÇUK ERZURUM;8680001731169;ÇAT ECZANESİ;ERZURUM GUNEY ILCELER;PANOCER;Panocer 40 mg 28 Enterik Kaplı Tablet;10;3;13;0
18.09.2026;SELÇUK ECZA DEPOSU;SELÇUK SAMSUN;8680001420117;TEKİN ECZANESİ;ORDU UNYE;PANOCER;Panocer 40 mg 28 Enterik Kaplı Tablet;50;25;75;0
12.09.2026;SELÇUK ECZA DEPOSU;SELÇUK TRABZON;8680001503926;YEŞİM ECZANESİ;GIRESUN MERKEZ -2;ACİDPASS;Acidpass 10/800/165 mg 12 Çiğneme Tablet;20;3;23;0
29.09.2026;SELÇUK ECZA DEPOSU;SELÇUK TRABZON;8680001520213;ÜNİVERSİTE ECZANESİ;TRABZON MERKEZ -3;ACİDPASS;Acidpass 10/800/165 mg 12 Çiğneme Tablet;10;1;11;0
28.09.2026;SELÇUK ECZA DEPOSU;SELÇUK TRABZON;8680001257065;YAZICI ECZANESİ;TRABZON MERKEZ -4;MOKSEFEN;Moksefen 400 mg 7 Film Tablet;5;1;6;0
25.09.2026;SELÇUK ECZA DEPOSU;SELÇUK SAMSUN;8680001153343;DERMAN ECZANESİ;CORUM KUZEY ILCELER;PANOCER;Panocer 40 mg 28 Enterik Kaplı Tablet;10;3;13;0
17.09.2026;SELÇUK ECZA DEPOSU;SELÇUK SAMSUN;8680001153442;DERYA ECZANESİ;CORUM KUZEY ILCELER;ACİDPASS;Acidpass 10/800/165 mg 12 Çiğneme Tablet;1;0;1;0
09.09.2026;SELÇUK ECZA DEPOSU;SELÇUK SAMSUN;8680001157341;FATİH ECZANESİ;SIVAS MERKEZ -4;GRİPORT COLD;Griport Cold 20 Film Kaplı Tablet;7;1;8;0
11.09.2026;SELÇUK ECZA DEPOSU;SELÇUK SAMSUN;8680001158379;HALK ECZANESİ;ORDU GUNEY ILCELER -1;GRİPORT COLD;Griport Cold 20 Film Kaplı Tablet;12;3;15;0
29.09.2026;SELÇUK ECZA DEPOSU;SELÇUK SAMSUN;8680001158553;ERMAN ECZANESİ;CORUM MERKEZ -1;ACİDPASS;Acidpass 10/800/165 mg 12 Çiğneme Tablet;3;0;3;0
22.09.2026;SELÇUK ECZA DEPOSU;SELÇUK TRABZON;8680001695317;FURKAN BUCAN ECZANESİ;RIZE DOGU ILCELER;ACİDPASS;Acidpass 10/800/165 mg 12 Çiğneme Tablet;20;3;23;0
07.09.2026;SELÇUK ECZA DEPOSU;SELÇUK TRABZON;8680001697496;İPEKYOLU ECZANESİ;TRABZON MERKEZ -4;ACİDPASS;Acidpass 10/800/165 mg 12 Çiğneme Tablet;1;0;1;0
01.09.2026;SELÇUK ECZA DEPOSU;SELÇUK SAMSUN;8680001774685;DEMIR ECZANESI;TOKAT MERKEZ -1;PANOCER;Panocer 40 mg 28 Enterik Kaplı Tablet;55;45;100;0
11.09.2026;SELÇUK ECZA DEPOSU;SELÇUK SAMSUN;8680001783458;BEYZADE ECZANESI;SAMSUN BAHCELIEVLER;ACİDPASS;Acidpass 10/800/165 mg 12 Çiğneme Tablet;10;1;11;0
12.09.2026;SELÇUK ECZA DEPOSU;SELÇUK TRABZON;8680001277117;KADİR ECZANESİ;TRABZON BATI ILCELER - 2;ACİDPASS;Acidpass 10/800/165 mg 12 Çiğneme Tablet;10;1;11;0
02.09.2026;SELÇUK ECZA DEPOSU;SELÇUK TRABZON;8680001277605;FORUM SERAP ECZANESİ;TRABZON MERKEZ -3;ACİDPASS;Acidpass 10/800/165 mg 12 Çiğneme Tablet;20;3;23;0
01.09.2026;SELÇUK ECZA DEPOSU;SELÇUK TRABZON;8680001278275;BAŞKAN ECZANESİ;TRABZON BATI ILCELER - 2;PANOCER;Panocer 40 mg 28 Enterik Kaplı Tablet;30;12;42;0
12.09.2026;SELÇUK ECZA DEPOSU;SELÇUK SAMSUN;8680001727520;PELİTKÖY İPEK ECZANESİ;SAMSUN ATAKENT+19 MAYIS;PANOCER;Panocer 40 mg 14 Enterik Kaplı Tablet;2;0;2;0
10.09.2026;SELÇUK ECZA DEPOSU;SELÇUK SAMSUN;8680001755226;FURKAN ECZANESİ;SIVAS MERKEZ -4;GRİPORT COLD;Griport Cold 20 Film Kaplı Tablet;7;1;8;0
04.09.2026;SELÇUK ECZA DEPOSU;SELÇUK ERZURUM;8680001634521;YUSUF ECZANESİ;AGRI ILCELER;PANOCER;Panocer 40 mg 28 Enterik Kaplı Tablet;165;135;300;0
17.09.2026;SELÇUK ECZA DEPOSU;SELÇUK TRABZON;8680001174898;ÖZKAN ECZANESİ;GUMUSHANE;FAMTREC;Famtrec 800/26,6mg 14 Film Kaplı Tablet;1;0;1;0
01.09.2026;SELÇUK ECZA DEPOSU;SELÇUK TRABZON;8680001179046;GİRİFTİNOĞLU ECZANESİ;GUMUSHANE;PANOCER;Panocer 40 mg 28 Enterik Kaplı Tablet;50;25;75;0
02.09.2026;SELÇUK ECZA DEPOSU;SELÇUK TRABZON;8680001114115;ARDEŞEN ECZANESİ;RIZE DOGU ILCELER;ACİDPASS;Acidpass 10/800/165 mg 12 Çiğneme Tablet;150;60;210;0
07.09.2026;SELÇUK ECZA DEPOSU;SELÇUK TRABZON;8680001117710;BAYRAKTAR ECZANESİ;ARTVIN KUZEY ILCELER;ACİDPASS;Acidpass 10/800/165 mg 12 Çiğneme Tablet;20;3;23;0
16.09.2026;SELÇUK ECZA DEPOSU;SELÇUK TRABZON;8680001117710;BAYRAKTAR ECZANESİ;ARTVIN KUZEY ILCELER;ACİDPASS;Acidpass 10/800/165 mg 12 Çiğneme Tablet;-20;-3;-23;-3
17.09.2026;SELÇUK ECZA DEPOSU;SELÇUK TRABZON;8680001121823;ÖZLEM ECZANESİ;ARTVIN KUZEY ILCELER;ACİDPASS;Acidpass 10/800/165 mg 12 Çiğneme Tablet;50;15;65;0
24.09.2026;SELÇUK ECZA DEPOSU;SELÇUK TRABZON;8680001122585;JÜLİDE NAZLI ECZANESİ;ARTVIN KUZEY ILCELER;PANOCER;Panocer 40 mg 28 Enterik Kaplı Tablet;10;3;13;0
18.09.2026;SELÇUK ECZA DEPOSU;SELÇUK SAMSUN;8680001488490;ALTUNDAĞ ECZANESİ;SAMSUN HAVZA+KAVAK+LADIK;PANOCER;Panocer 40 mg 28 Enterik Kaplı Tablet;30;12;42;0
11.09.2026;SELÇUK ECZA DEPOSU;SELÇUK ERZURUM;8680001178650;TAMER ECZANESİ;KARS ILCELER;ACİDPASS;Acidpass 10/800/165 mg 12 Çiğneme Tablet;3;0;3;0
28.09.2026;SELÇUK ECZA DEPOSU;SELÇUK ERZURUM;8680001238910;AKTAŞ ECZANESİ;ERZINCAN MERKEZ;ACİDPASS;Acidpass 10/800/165 mg 12 Çiğneme Tablet;10;1;11;0
17.09.2026;SELÇUK ECZA DEPOSU;SELÇUK ERZURUM;8680001239030;ARI ECZANESİ;ERZINCAN MERKEZ;PANOCER;Panocer 40 mg 28 Enterik Kaplı Tablet;10;3;13;0
21.09.2026;SELÇUK ECZA DEPOSU;SELÇUK TRABZON;8680001116782;ÇAYELİ ECZANESİ;RIZE BATI ILCELER;ACİDPASS;Acidpass 10/800/165 mg 12 Çiğneme Tablet;-30;-4;-34;-4
02.09.2026;SELÇUK ECZA DEPOSU;SELÇUK TRABZON;8680001116942;YENİ ÖZTÜRK ECZANESİ;RIZE BATI ILCELER;MOKSEFEN;Moksefen 400 mg 7 Film Tablet;5;1;6;0
25.09.2026;SELÇUK ECZA DEPOSU;SELÇUK TRABZON;8680001624478;SAZBEYİ  ECZANESİ;GIRESUN MERKEZ -2;PANOCER;Panocer 40 mg 28 Enterik Kaplı Tablet;10;3;13;0
15.09.2026;SELÇUK ECZA DEPOSU;SELÇUK SAMSUN;8680001158805;GÜLERSİN ECZANESİ;SIVAS MERKEZ -2;GRİPORT COLD;Griport Cold 20 Film Kaplı Tablet;7;1;8;0
23.09.2026;SELÇUK ECZA DEPOSU;SELÇUK SAMSUN;8680001166800;DOĞRU ECZANESİ;TOKAT MERKEZ -1;ACİDPASS;Acidpass 10/800/165 mg 12 Çiğneme Tablet;1;0;1;0
08.09.2026;SELÇUK ECZA DEPOSU;SELÇUK SAMSUN;8680001170043;ERGİN ECZANESİ;TOKAT MERKEZ -1;PANOCER;Panocer 40 mg 28 Enterik Kaplı Tablet;10;3;13;0
15.09.2026;SELÇUK ECZA DEPOSU;SELÇUK SAMSUN;8680001890323;CAN ECZANESİ;TOKAT ERBAA;PANOCER;Panocer 40 mg 28 Enterik Kaplı Tablet;3;0;3;0
18.09.2026;SELÇUK ECZA DEPOSU;SELÇUK SAMSUN;8680001943159;ELA ECZANESİ;SAMSUN ATAKENT+19 MAYIS;ACİDPASS;Acidpass 10/800/165 mg 6 Çiğneme Tablet;3;0;3;0
11.09.2026;SELÇUK ECZA DEPOSU;SELÇUK SAMSUN;8680001951116;DERMAN ECZANESİ ÜNYE;ORDU UNYE;PANOCER;Panocer 40 mg 14 Enterik Kaplı Tablet;2;0;2;0
09.09.2026;SELÇUK ECZA DEPOSU;SELÇUK TRABZON;8680001519828;SİNEM ECZANESİ;GUMUSHANE;PANOCER;Panocer 40 mg 28 Enterik Kaplı Tablet;165;135;300;0
23.09.2026;SELÇUK ECZA DEPOSU;SELÇUK TRABZON;8680001540846;LİVANE ECZANESİ;ARTVIN MERKEZ+DOGU+GUNEY;PANOCER;Panocer 40 mg 28 Enterik Kaplı Tablet;165;135;300;0
07.09.2026;SELÇUK ECZA DEPOSU;SELÇUK TRABZON;8680001623013;İPEK ECZANESİ;TRABZON MERKEZ -3;GRİPORT COLD;Griport Cold 20 Film Kaplı Tablet;2;0;2;0
02.09.2026;SELÇUK ECZA DEPOSU;SELÇUK TRABZON;8680001663637;HAYAT ECZANESİ;RIZE DOGU ILCELER;MOKSEFEN;Moksefen 400 mg 7 Film Tablet;-30;-15;-45;-15
22.09.2026;SELÇUK ECZA DEPOSU;SELÇUK SAMSUN;8680001422968;FUNDA ÜNAL ECZANESİ;CORUM KUZEY ILCELER;ACİDPASS;Acidpass 10/800/165 mg 12 Çiğneme Tablet;10;1;11;0
29.09.2026;SELÇUK ECZA DEPOSU;SELÇUK SAMSUN;8680001428342;DOĞA ECZANESİ;ORDU MERKEZ -1;ACİDPASS;Acidpass 10/800/165 mg 12 Çiğneme Tablet;1;0;1;0
03.09.2026;SELÇUK ECZA DEPOSU;SELÇUK SAMSUN;8680001101542;ASYA ECZANESİ;SAMSUN DOGU ILCELER;PANOCER;Panocer 40 mg 28 Enterik Kaplı Tablet;2;0;2;0
24.09.2026;SELÇUK ECZA DEPOSU;SELÇUK SAMSUN;8680001101542;ASYA ECZANESİ;SAMSUN DOGU ILCELER;ACİDPASS;Acidpass 10/800/165 mg 12 Çiğneme Tablet;3;0;3;0
16.09.2026;SELÇUK ECZA DEPOSU;SELÇUK SAMSUN;8680001715589;HİTİT ECZANESİ;CORUM MERKEZ -3;ACİDPASS;Acidpass 10/800/165 mg 12 Çiğneme Tablet;10;1;11;0
18.09.2026;SELÇUK ECZA DEPOSU;SELÇUK SAMSUN;8680001725984;YENİ SANAYİ ECZANESİ;ORDU MERKEZ -3;ACİDPASS;Acidpass 10/800/165 mg 12 Çiğneme Tablet;10;1;11;0
09.09.2026;SELÇUK ECZA DEPOSU;SELÇUK SAMSUN;8680001715992;EKİCİ ECZANESİ;SIVAS MERKEZ -2;PANOCER;Panocer 40 mg 28 Enterik Kaplı Tablet;2;0;2;0
04.09.2026;SELÇUK ECZA DEPOSU;SELÇUK SAMSUN;8680001728534;YAREN ECZANESİ;CORUM KUZEY ILCELER;PANOCER;Panocer 40 mg 28 Enterik Kaplı Tablet;10;3;13;0
22.09.2026;SELÇUK ECZA DEPOSU;SELÇUK SAMSUN;8680001789078;BETÜL ECZANESİ;TOKAT DOGU ILCELER;ACİDPASS;Acidpass 10/800/165 mg 12 Çiğneme Tablet;10;1;11;0
04.09.2026;SELÇUK ECZA DEPOSU;SELÇUK ERZURUM;8680001484409;MERKEZ RESULOĞULLARI ECZANESİ;ERZURUM GUNEY ILCELER;GRİPORT COLD;Griport Cold 20 Film Kaplı Tablet;1;0;1;0
01.09.2026;SELÇUK ECZA DEPOSU;SELÇUK ERZURUM;8680001486656;UZUN ECZANESİ;ERZURUM MERKEZ -3;ACİDPASS;Acidpass 10/800/165 mg 12 Çiğneme Tablet;3;0;3;0
14.09.2026;SELÇUK ECZA DEPOSU;SELÇUK ERZURUM;8680001492718;AKIN ECZANESİ;KARS ILCELER;PANOCER;Panocer 40 mg 28 Enterik Kaplı Tablet;10;3;13;0
11.09.2026;SELÇUK ECZA DEPOSU;SELÇUK ERZURUM;8680001506668;GÜLAKAR ECZANESİ;ERZURUM MERKEZ -1;ACİDPASS;Acidpass 10/800/165 mg 12 Çiğneme Tablet;10;1;11;0
24.09.2026;SELÇUK ECZA DEPOSU;SELÇUK ERZURUM;8680001519514;ESRA ECZANESİ;ERZINCAN MERKEZ;ACİDPASS;Acidpass 10/800/165 mg 12 Çiğneme Tablet;2;0;2;0
08.09.2026;SELÇUK ECZA DEPOSU;SELÇUK SAMSUN;8680001530649;MİMAR SİNAN ECZANESİ;SAMSUN ATAKUM;PANOCER;Panocer 40 mg 14 Enterik Kaplı Tablet;10;3;13;0
08.09.2026;SELÇUK ECZA DEPOSU;SELÇUK SAMSUN;8680001531691;ÇALIŞKAN ECZANESİ;CORUM MERKEZ -3;ACİDPASS;Acidpass 10/800/165 mg 12 Çiğneme Tablet;2;0;2;0
22.09.2026;SELÇUK ECZA DEPOSU;SELÇUK SAMSUN;8680001531691;ÇALIŞKAN ECZANESİ;CORUM MERKEZ -3;GRİPORT COLD;Griport Cold 20 Film Kaplı Tablet;-7;-1;-8;-1
01.09.2026;SELÇUK ECZA DEPOSU;SELÇUK SAMSUN;8680001534388;OKAN ECZANESİ;ORDU DOGU ILCELER;ACİDPASS;Acidpass 10/800/165 mg 12 Çiğneme Tablet;10;1;11;0
16.09.2026;SELÇUK ECZA DEPOSU;SELÇUK SAMSUN;8680001565795;MEYDAN ECZANESİ;TOKAT MERKEZ -1;ACİDPASS;Acidpass 10/800/165 mg 6 Çiğneme Tablet;2;0;2;0
21.09.2026;SELÇUK ECZA DEPOSU;SELÇUK ERZURUM;8680001642748;YILDIRIM ECZANESİ;AGRI MERKEZ;ACİDPASS;Acidpass 10/800/165 mg 12 Çiğneme Tablet;2;0;2;0
12.09.2026;SELÇUK ECZA DEPOSU;SELÇUK TRABZON;8680001116782;ÇAYELİ ECZANESİ;RIZE BATI ILCELER;ACİDPASS;Acidpass 10/800/165 mg 12 Çiğneme Tablet;10;1;11;0
07.09.2026;SELÇUK ECZA DEPOSU;SELÇUK TRABZON;8680001119615;MERKEZ ECZANESI;RIZE BATI ILCELER;ACİDPASS;Acidpass 10/800/165 mg 12 Çiğneme Tablet;10;1;11;0
02.09.2026;SELÇUK ECZA DEPOSU;SELÇUK TRABZON;8680001121823;ÖZLEM ECZANESİ;ARTVIN KUZEY ILCELER;PANOCER;Panocer 40 mg 28 Enterik Kaplı Tablet;165;135;300;0
18.09.2026;SELÇUK ECZA DEPOSU;SELÇUK TRABZON;8680001122585;JÜLİDE NAZLI ECZANESİ;ARTVIN KUZEY ILCELER;ACİDPASS;Acidpass 10/800/165 mg 12 Çiğneme Tablet;10;1;11;0
15.09.2026;SELÇUK ECZA DEPOSU;SELÇUK TRABZON;8680001122585;JÜLİDE NAZLI ECZANESİ;ARTVIN KUZEY ILCELER;GRİPORT COLD;Griport Cold 20 Film Kaplı Tablet;2;0;2;0
16.09.2026;SELÇUK ECZA DEPOSU;SELÇUK SAMSUN;8680001881284;ATİLLA ADA ECZANESİ;ORDU UNYE;ACİDPASS;Acidpass 10/800/165 mg 12 Çiğneme Tablet;20;3;23;0
25.09.2026;SELÇUK ECZA DEPOSU;SELÇUK SAMSUN;8680001897315;YAKACIK ECZANESI;ORDU GUNEY ILCELER -1;PANOCER;Panocer 40 mg 28 Enterik Kaplı Tablet;10;3;13;0
01.09.2026;SELÇUK ECZA DEPOSU;SELÇUK SAMSUN;8680001709571;LOTUS ECZANESİ;ORDU DOGU ILCELER;ACİDPASS;Acidpass 10/800/165 mg 12 Çiğneme Tablet;10;1;11;0
21.09.2026;SELÇUK ECZA DEPOSU;SELÇUK SAMSUN;8680001717774;AYŞEGÜL ECZANESİ;SAMSUN BAFRA;PANOCER;Panocer 40 mg 28 Enterik Kaplı Tablet;2;0;2;0
17.09.2026;SELÇUK ECZA DEPOSU;SELÇUK SAMSUN;8680001726448;MEHMET AKİF ECZANESİ;SIVAS MERKEZ -2;MOKSEFEN;Moksefen 400 mg 7 Film Tablet;2;0;2;0
07.09.2026;SELÇUK ECZA DEPOSU;SELÇUK ERZURUM;8680001698394;GÖZDE ECZANESİ;ERZURUM MERKEZ -1;ACİDPASS;Acidpass 10/800/165 mg 6 Çiğneme Tablet;1;0;1;0
27.09.2026;SELÇUK ECZA DEPOSU;SELÇUK TRABZON;8680001695317;FURKAN BUCAN ECZANESİ;RIZE DOGU ILCELER;PANOCER;Panocer 40 mg 14 Enterik Kaplı Tablet;1;0;1;0
06.09.2026;SELÇUK ECZA DEPOSU;SELÇUK TRABZON;8680001705771;ÇAMLIHEMŞİN ECZANESİ;RIZE BATI ILCELER;ACİDPASS;Acidpass 10/800/165 mg 12 Çiğneme Tablet;10;1;11;0
04.09.2026;SELÇUK ECZA DEPOSU;SELÇUK TRABZON;8680001705771;ÇAMLIHEMŞİN ECZANESİ;RIZE BATI ILCELER;MOKSEFEN;Moksefen 400 mg 7 Film Tablet;5;1;6;0
04.09.2026;SELÇUK ECZA DEPOSU;SELÇUK SAMSUN;8680001263066;LAÇİN ECZANESİ;SINOP MERKEZ;PANOCER;Panocer 40 mg 28 Enterik Kaplı Tablet;4;0;4;0
04.09.2026;SELÇUK ECZA DEPOSU;SELÇUK TRABZON;8680001251612;VOLKAN ECZANESİ;TRABZON BATI ILCELER - 2;MOKSEFEN;Moksefen 400 mg 7 Film Tablet;50;35;85;0
17.09.2026;SELÇUK ECZA DEPOSU;SELÇUK TRABZON;8680001340095;ARDA ECZANESİ;TRABZON MERKEZ -3;MOKSEFEN;Moksefen 400 mg 7 Film Tablet;10;3;13;0
23.09.2026;SELÇUK ECZA DEPOSU;SELÇUK ERZURUM;8680001114429;ÖZLEM ECZANESİ;ERZURUM GUNEY ILCELER;MOKSEFEN;Moksefen 400 mg 7 Film Tablet;10;3;13;0
14.09.2026;SELÇUK ECZA DEPOSU;SELÇUK ERZURUM;8680001122219;TURGUT ECZANESİ;ERZURUM MERKEZ -3;ACİDPASS;Acidpass 10/800/165 mg 12 Çiğneme Tablet;1;0;1;0
28.09.2026;SELÇUK ECZA DEPOSU;SELÇUK TRABZON;8680001485406;MEDEA ECZANESİ;ARTVIN KUZEY ILCELER;ACİDPASS;Acidpass 10/800/165 mg 12 Çiğneme Tablet;10;1;11;0
22.09.2026;SELÇUK ECZA DEPOSU;SELÇUK TRABZON;8680001485406;MEDEA ECZANESİ;ARTVIN KUZEY ILCELER;GRİPORT COLD;Griport Cold 20 Film Kaplı Tablet;7;1;8;0
01.09.2026;SELÇUK ECZA DEPOSU;SELÇUK TRABZON;8680001519828;SİNEM ECZANESİ;GUMUSHANE;GRİPORT COLD;Griport Cold 20 Film Kaplı Tablet;12;3;15;0
21.09.2026;SELÇUK ECZA DEPOSU;SELÇUK TRABZON;8680001565290;CEVDET ECZANESİ;TRABZON MERKEZ -1;MOKSEFEN;Moksefen 400 mg 7 Film Tablet;20;10;30;0
16.09.2026;SELÇUK ECZA DEPOSU;SELÇUK SAMSUN;8680001433599;DERMAN ECZANESİ;TOKAT ERBAA;ACİDPASS;Acidpass 10/800/165 mg 12 Çiğneme Tablet;20;3;23;0
15.09.2026;SELÇUK ECZA DEPOSU;SELÇUK SAMSUN;8680001455775;AB-I HAYAT ECZANESİ;ORDU FATSA;PANOCER;Panocer 40 mg 28 Enterik Kaplı Tablet;10;3;13;0
29.09.2026;SELÇUK ECZA DEPOSU;SELÇUK TRABZON;8680001602841;MARAŞ ECZANESİ;TRABZON MERKEZ -4;ACİDPASS;Acidpass 10/800/165 mg 12 Çiğneme Tablet;5;0;5;0
14.09.2026;SELÇUK ECZA DEPOSU;SELÇUK TRABZON;8680001625697;KANUNİ ECZANESİ;TRABZON DOGU ILCELER - 2;ACİDPASS;Acidpass 10/800/165 mg 12 Çiğneme Tablet;1;0;1;0
19.09.2026;SELÇUK ECZA DEPOSU;SELÇUK SAMSUN;8680001201945;SOYSAL ECZANESİ;ORDU UNYE;PANOCER;Panocer 40 mg 28 Enterik Kaplı Tablet;50;25;75;0
09.09.2026;SELÇUK ECZA DEPOSU;SELÇUK SAMSUN;8680001233953;YAMANER ECZANESİ;ORDU UNYE;PANOCER;Panocer 40 mg 28 Enterik Kaplı Tablet;165;135;300;0
16.09.2026;SELÇUK ECZA DEPOSU;SELÇUK SAMSUN;8680001263066;LAÇİN ECZANESİ;SINOP MERKEZ;PANOCER;Panocer 40 mg 28 Enterik Kaplı Tablet;4;0;4;0
30.09.2026;SELÇUK ECZA DEPOSU;SELÇUK TRABZON;8680001951321;UMUT ECZANESİ;TRABZON DOGU ILCELER -1;GRİPORT COLD;Griport Cold 20 Film Kaplı Tablet;7;1;8;0
23.09.2026;SELÇUK ECZA DEPOSU;SELÇUK SAMSUN;8680001153671;GÖZDE ECZANESİ;CORUM KUZEY ILCELER;MOKSEFEN;Moksefen 400 mg 7 Film Tablet;5;1;6;0
11.09.2026;SELÇUK ECZA DEPOSU;SELÇUK SAMSUN;8680001113217;ERDEM ECZANESİ;SAMSUN BAFRA;PANOCER;Panocer 40 mg 28 Enterik Kaplı Tablet;165;135;300;0
14.09.2026;SELÇUK ECZA DEPOSU;SELÇUK SAMSUN;8680001117352;GÜLDEŞ ECZANESİ;SIVAS MERKEZ -2;GRİPORT COLD;Griport Cold 20 Film Kaplı Tablet;12;3;15;0
26.09.2026;SELÇUK ECZA DEPOSU;SELÇUK SAMSUN;8680001118090;VURAL ECZANESİ;SAMSUN DOGU ILCELER;PANOCER;Panocer 40 mg 28 Enterik Kaplı Tablet;10;3;13;0
17.09.2026;SELÇUK ECZA DEPOSU;SELÇUK SAMSUN;8680001953097;REŞADİYE ECZANESİ;TOKAT DOGU ILCELER;PANOCER;Panocer 40 mg 28 Enterik Kaplı Tablet;10;3;13;0
01.09.2026;SELÇUK ECZA DEPOSU;SELÇUK ERZURUM;8680001109982;ŞAFAK ECZANESİ;ERZURUM MERKEZ -3;PANOCER;Panocer 40 mg 28 Enterik Kaplı Tablet;10;3;13;0
18.09.2026;SELÇUK ECZA DEPOSU;SELÇUK ERZURUM;8680001459056;GÜVEN ECZANESİ;AGRI MERKEZ;PANOCER;Panocer 40 mg 28 Enterik Kaplı Tablet;10;3;13;0
01.09.2026;SELÇUK ECZA DEPOSU;SELÇUK ERZURUM;8680001460267;TURAN ECZANESİ;ERZURUM MERKEZ -3;ACİDPASS;Acidpass 10/800/165 mg 12 Çiğneme Tablet;2;0;2;0
21.09.2026;SELÇUK ECZA DEPOSU;SELÇUK ERZURUM;8680001664368;MERKEZ ECZANESI;ERZURUM GUNEY ILCELER;GRİPORT COLD;Griport Cold 20 Film Kaplı Tablet;2;0;2;0
24.09.2026;SELÇUK ECZA DEPOSU;SELÇUK SAMSUN;8680001120147;4 EYLÜL ECZANESİ;SIVAS MERKEZ -4;ACİDPASS;Acidpass 10/800/165 mg 12 Çiğneme Tablet;2;0;2;0
17.09.2026;SELÇUK ECZA DEPOSU;SELÇUK SAMSUN;8680001121670;ŞİFA ECZANESİ;SINOP DOGU-BATI ILCELER;GRİPORT COLD;Griport Cold 20 Film Kaplı Tablet;2;0;2;0
23.09.2026;SELÇUK ECZA DEPOSU;SELÇUK SAMSUN;8680001126019;İLKER ECZANESİ;SIVAS MERKEZ -2;GRİPORT COLD;Griport Cold 20 Film Kaplı Tablet;1;0;1;0
14.09.2026;SELÇUK ECZA DEPOSU;SELÇUK TRABZON;8680001460724;YALINCAK ECZANESİ;TRABZON MERKEZ -3;ACİDPASS;Acidpass 10/800/165 mg 12 Çiğneme Tablet;5;0;5;0
21.09.2026;SELÇUK ECZA DEPOSU;SELÇUK TRABZON;8680001463916;EMİN ECZANESİ;TRABZON MERKEZ -3;ACİDPASS;Acidpass 10/800/165 mg 12 Çiğneme Tablet;10;1;11;0
09.09.2026;SELÇUK ECZA DEPOSU;SELÇUK TRABZON;8680001277117;KADİR ECZANESİ;TRABZON BATI ILCELER - 2;PANOCER;Panocer 40 mg 28 Enterik Kaplı Tablet;10;3;13;0
08.09.2026;SELÇUK ECZA DEPOSU;SELÇUK TRABZON;8680001277605;FORUM SERAP ECZANESİ;TRABZON MERKEZ -3;GRİPORT COLD;Griport Cold 20 Film Kaplı Tablet;7;1;8;0
19.09.2026;SELÇUK ECZA DEPOSU;SELÇUK TRABZON;8680001277889;DERMAN ECZANESİ;TRABZON BATI ILCELER - 2;PANOCER;Panocer 40 mg 28 Enterik Kaplı Tablet;30;12;42;0
16.09.2026;SELÇUK ECZA DEPOSU;SELÇUK TRABZON;8680001274260;NURAN ECZANESİ;TRABZON MERKEZ -4;PANOCER;Panocer 40 mg 28 Enterik Kaplı Tablet;10;3;13;0
18.09.2026;SELÇUK ECZA DEPOSU;SELÇUK TRABZON;8680001274260;NURAN ECZANESİ;TRABZON MERKEZ -4;ACİDPASS;Acidpass 10/800/165 mg 12 Çiğneme Tablet;3;0;3;0
10.09.2026;SELÇUK ECZA DEPOSU;SELÇUK TRABZON;8680001174898;ÖZKAN ECZANESİ;GUMUSHANE;FAMTREC;Famtrec 800/26,6mg 14 Film Kaplı Tablet;1;0;1;0
11.09.2026;SELÇUK ECZA DEPOSU;SELÇUK TRABZON;8680001182619;KOVANLIK ECZANESİ;GIRESUN BULANCAK+PIRAZIZ;GRİPORT COLD;Griport Cold 20 Film Kaplı Tablet;70;45;115;0
07.09.2026;SELÇUK ECZA DEPOSU;SELÇUK TRABZON;8680001200894;ŞAHİN ECZANESİ;TRABZON BATI ILCELER - 2;MOKSEFEN;Moksefen 400 mg 7 Film Tablet;10;3;13;0
14.09.2026;SELÇUK ECZA DEPOSU;SELÇUK ERZURUM;8680001726561;DÜNYA ECZANESİ;AGRI DIYADIN+D.BEYAZIT;ACİDPASS;Acidpass 10/800/165 mg 12 Çiğneme Tablet;1;0;1;0
17.09.2026;SELÇUK ECZA DEPOSU;SELÇUK ERZURUM;8680001726561;DÜNYA ECZANESİ;AGRI DIYADIN+D.BEYAZIT;ACİDPASS;Acidpass 10/800/165 mg 12 Çiğneme Tablet;1;0;1;0
28.09.2026;SELÇUK ECZA DEPOSU;SELÇUK SAMSUN;8680001551897;YENİ MECİTÖZÜ ECZANESİ;CORUM GUNEYDOGU ILCELER;PANOCER;Panocer 40 mg 28 Enterik Kaplı Tablet;10;3;13;0
24.09.2026;SELÇUK ECZA DEPOSU;SELÇUK TRABZON;8680001121861;DENİZ ECZANESİ;ARTVIN KUZEY ILCELER;ACİDPASS;Acidpass 10/800/165 mg 12 Çiğneme Tablet;5;0;5;0
19.09.2026;SELÇUK ECZA DEPOSU;SELÇUK TRABZON;8680001123056;VATAN ECZANESİ;ARTVIN KUZEY ILCELER;ACİDPASS;Acidpass 10/800/165 mg 12 Çiğneme Tablet;50;15;65;0
28.09.2026;SELÇUK ECZA DEPOSU;SELÇUK SAMSUN;8680001664016;NUMUNE ECZANESİ;TOKAT MERKEZ -2;ACİDPASS;Acidpass 10/800/165 mg 12 Çiğneme Tablet;10;1;11;0
25.09.2026;SELÇUK ECZA DEPOSU;SELÇUK ERZURUM;8680001231560;KÜLTÜR ECZANESİ;ERZINCAN MERKEZ;ACİDPASS;Acidpass 10/800/165 mg 6 Çiğneme Tablet;3;0;3;0
23.09.2026;SELÇUK ECZA DEPOSU;SELÇUK ERZURUM;8680001235896;PINAR ECZANESİ;ERZINCAN MERKEZ;PANOCER;Panocer 40 mg 28 Enterik Kaplı Tablet;10;3;13;0
21.09.2026;SELÇUK ECZA DEPOSU;SELÇUK SAMSUN;8680001651023;SERAY ECZANESİ;SINOP DOGU-BATI ILCELER;MOKSEFEN;Moksefen 400 mg 7 Film Tablet;10;3;13;0
03.09.2026;SELÇUK ECZA DEPOSU;SELÇUK SAMSUN;8680001651399;DAVUT DURAK ECZANESI;ORDU UNYE;ACİDPASS;Acidpass 10/800/165 mg 12 Çiğneme Tablet;3;0;3;0
17.09.2026;SELÇUK ECZA DEPOSU;SELÇUK SAMSUN;8680001104239;CEDİT ECZANESİ;SAMSUN DOGU ILCELER;ACİDPASS;Acidpass 10/800/165 mg 12 Çiğneme Tablet;3;0;3;0
10.09.2026;SELÇUK ECZA DEPOSU;SELÇUK SAMSUN;8680001105557;UMUT ECZANESİ;SAMSUN ATAKUM;ACİDPASS;Acidpass 10/800/165 mg 6 Çiğneme Tablet;3;0;3;0
10.09.2026;SELÇUK ECZA DEPOSU;SELÇUK SAMSUN;8680001108671;ENGİZ ECZANESİ;SAMSUN ATAKENT+19 MAYIS;ACİDPASS;Acidpass 10/800/165 mg 6 Çiğneme Tablet;10;1;11;0
26.09.2026;SELÇUK ECZA DEPOSU;SELÇUK SAMSUN;8680001110193;TAFLAN ECZANESİ;SAMSUN ATAKENT+19 MAYIS;ACİDPASS;Acidpass 10/800/165 mg 12 Çiğneme Tablet;20;3;23;0
02.09.2026;SELÇUK ECZA DEPOSU;SELÇUK SAMSUN;8680001110766;TÜRKİŞ ECZANESİ;SAMSUN ATAKUM;PANOCER;Panocer 40 mg 28 Enterik Kaplı Tablet;30;12;42;0
09.09.2026;SELÇUK ECZA DEPOSU;SELÇUK SAMSUN;8680001416783;FATİH ECZANESİ;CORUM MERKEZ -1;MOKSEFEN;Moksefen 400 mg 7 Film Tablet;5;1;6;0
15.09.2026;SELÇUK ECZA DEPOSU;SELÇUK SAMSUN;8680001426041;GÜMÜŞ ECZANESİ;SIVAS MERKEZ -4;GRİPORT COLD;Griport Cold 20 Film Kaplı Tablet;7;1;8;0
09.09.2026;SELÇUK ECZA DEPOSU;SELÇUK TRABZON;8680001123414;KARADENİZ ECZANESİ;RIZE DOGU ILCELER;PANOCER;Panocer 40 mg 28 Enterik Kaplı Tablet;165;135;300;0
11.09.2026;SELÇUK ECZA DEPOSU;SELÇUK TRABZON;8680001127870;SAĞLIK ECZANESİ;ARTVIN KUZEY ILCELER;ACİDPASS;Acidpass 10/800/165 mg 12 Çiğneme Tablet;-50;-15;-65;-15
19.09.2026;SELÇUK ECZA DEPOSU;SELÇUK TRABZON;8680001167265;FERİDUNOĞLU ECZANESİ;GIRESUN MERKEZ -1;GRİPORT COLD;Griport Cold 20 Film Kaplı Tablet;12;3;15;0
16.09.2026;SELÇUK ECZA DEPOSU;SELÇUK TRABZON;8680001170463;ŞİFA ECZANESİ;GUMUSHANE;ACİDPASS;Acidpass 10/800/165 mg 12 Çiğneme Tablet;10;1;11;0
17.09.2026;SELÇUK ECZA DEPOSU;SELÇUK SAMSUN;8680001151394;FIRAT ECZANESİ;SIVAS MERKEZ -2;PANOCER;Panocer 40 mg 28 Enterik Kaplı Tablet;10;3;13;0
11.09.2026;SELÇUK ECZA DEPOSU;SELÇUK SAMSUN;8680001154609;HAYAT ECZANESİ;CORUM GUNEYDOGU ILCELER;GRİPORT COLD;Griport Cold 20 Film Kaplı Tablet;7;1;8;0
08.09.2026;SELÇUK ECZA DEPOSU;SELÇUK SAMSUN;8680001151899;ESRA ECZANESİ;SIVAS MERKEZ -2;GRİPORT COLD;Griport Cold 20 Film Kaplı Tablet;3;0;3;0
04.09.2026;SELÇUK ECZA DEPOSU;SELÇUK ERZURUM;8680001811915;ŞİFA ECZANESİ;AGRI DIYADIN+D.BEYAZIT;PANOCER;Panocer 40 mg 28 Enterik Kaplı Tablet;3;0;3;0
19.09.2026;SELÇUK ECZA DEPOSU;SELÇUK ERZURUM;8680001811915;ŞİFA ECZANESİ;AGRI DIYADIN+D.BEYAZIT;ACİDPASS;Acidpass 10/800/165 mg 12 Çiğneme Tablet;2;0;2;0
29.09.2026;SELÇUK ECZA DEPOSU;SELÇUK ERZURUM;8680001658978;PALANDÖKEN ECZANESİ;ERZURUM MERKEZ -3;GRİPORT COLD;Griport Cold 20 Film Kaplı Tablet;40;20;60;0
07.09.2026;SELÇUK ECZA DEPOSU;SELÇUK ERZURUM;8680001664368;MERKEZ ECZANESI;ERZURUM GUNEY ILCELER;MOKSEFEN;Moksefen 400 mg 7 Film Tablet;10;3;13;0
03.09.2026;SELÇUK ECZA DEPOSU;SELÇUK TRABZON;8680001118106;BİZİM ECZANESİ;ARTVIN MERKEZ+DOGU+GUNEY;ACİDPASS;Acidpass 10/800/165 mg 12 Çiğneme Tablet;50;15;65;0
03.09.2026;SELÇUK ECZA DEPOSU;SELÇUK TRABZON;8680001119387;BALCI ECZANESİ;RIZE MERKEZ;MOKSEFEN;Moksefen 400 mg 7 Film Tablet;20;10;30;0
12.09.2026;SELÇUK ECZA DEPOSU;SELÇUK TRABZON;8680001119615;MERKEZ ECZANESI;RIZE BATI ILCELER;ACİDPASS;Acidpass 10/800/165 mg 12 Çiğneme Tablet;10;1;11;0
18.09.2026;SELÇUK ECZA DEPOSU;SELÇUK TRABZON;8680001124015;MERKEZ ECZANESI;ARTVIN MERKEZ+DOGU+GUNEY;ACİDPASS;Acidpass 10/800/165 mg 12 Çiğneme Tablet;10;1;11;0
01.09.2026;SELÇUK ECZA DEPOSU;SELÇUK TRABZON;8680001170128;URAL ECZANESİ;GIRESUN MERKEZ -2;MOKSEFEN;Moksefen 400 mg 7 Film Tablet;5;1;6;0
21.09.2026;SELÇUK ECZA DEPOSU;SELÇUK SAMSUN;8680001504145;UTKU ECZANESİ;SAMSUN DOGU ILCELER - 2;ACİDPASS;Acidpass 10/800/165 mg 12 Çiğneme Tablet;10;1;11;0
17.09.2026;SELÇUK ECZA DEPOSU;SELÇUK SAMSUN;8680001518500;FERAH ECZANESİ;SAMSUN ADALET;ACİDPASS;Acidpass 10/800/165 mg 12 Çiğneme Tablet;3;0;3;0
21.09.2026;SELÇUK ECZA DEPOSU;SELÇUK SAMSUN;8680001531691;ÇALIŞKAN ECZANESİ;CORUM MERKEZ -3;ACİDPASS;Acidpass 10/800/165 mg 12 Çiğneme Tablet;1;0;1;0
19.09.2026;SELÇUK ECZA DEPOSU;SELÇUK SAMSUN;8680001531691;ÇALIŞKAN ECZANESİ;CORUM MERKEZ -3;GRİPORT COLD;Griport Cold 20 Film Kaplı Tablet;7;1;8;0
17.09.2026;SELÇUK ECZA DEPOSU;SELÇUK SAMSUN;8680001563562;MERT ECZANESİ;SAMSUN ILKADIM - 2;ACİDPASS;Acidpass 10/800/165 mg 12 Çiğneme Tablet;-20;-3;-23;-3
23.09.2026;SELÇUK ECZA DEPOSU;SELÇUK ERZURUM;8680001800605;CERRAHPAŞA ECZANESİ;AGRI ILCELER;MOKSEFEN;Moksefen 400 mg 7 Film Tablet;5;1;6;0
02.09.2026;SELÇUK ECZA DEPOSU;SELÇUK TRABZON;8680001949557;YALINCAK CADDE;TRABZON MERKEZ -3;GRİPORT COLD;Griport Cold 20 Film Kaplı Tablet;7;1;8;0
18.09.2026;SELÇUK ECZA DEPOSU;SELÇUK TRABZON;8680001953820;KAREL ECZANESİ;TRABZON MERKEZ -2;PANOCER;Panocer 40 mg 28 Enterik Kaplı Tablet;165;135;300;0
18.09.2026;SELÇUK ECZA DEPOSU;SELÇUK SAMSUN;8680001155019;HİCRET ECZANESİ;CORUM GUNEYDOGU ILCELER;ACİDPASS;Acidpass 10/800/165 mg 12 Çiğneme Tablet;10;1;11;0
23.09.2026;SELÇUK ECZA DEPOSU;SELÇUK SAMSUN;8680001155897;TÜRKER ECZANESİ;CORUM MERKEZ -1;ACİDPASS;Acidpass 10/800/165 mg 12 Çiğneme Tablet;10;1;11;0
23.09.2026;SELÇUK ECZA DEPOSU;SELÇUK SAMSUN;8680001156979;DİKEN ECZANESİ;CORUM MERKEZ -1;PANOCER;Panocer 40 mg 28 Enterik Kaplı Tablet;30;12;42;0
29.09.2026;SELÇUK ECZA DEPOSU;SELÇUK SAMSUN;8680001158379;HALK ECZANESİ;ORDU GUNEY ILCELER -1;MOKSEFEN;Moksefen 400 mg 7 Film Tablet;10;3;13;0
02.09.2026;SELÇUK ECZA DEPOSU;SELÇUK ERZURUM;8680001489114;DEMIR ECZANESI;AGRI MERKEZ;PANOCER;Panocer 40 mg 28 Enterik Kaplı Tablet;50;25;75;0
01.09.2026;SELÇUK ECZA DEPOSU;SELÇUK ERZURUM;8680001571208;KAHRAMANLAR ECZANESİ;ERZURUM MERKEZ -2;PANOCER;Panocer 40 mg 14 Enterik Kaplı Tablet;1;0;1;0
24.09.2026;SELÇUK ECZA DEPOSU;SELÇUK TRABZON;8680001213757;HAYRAT ECZANESİ;TRABZON DOGU ILCELER -1;PANOCER;Panocer 40 mg 14 Enterik Kaplı Tablet;10;3;13;0
07.09.2026;SELÇUK ECZA DEPOSU;SELÇUK TRABZON;8680001264346;HAYIRLIOĞLU ECZANESİ;TRABZON MERKEZ -3;ACİDPASS;Acidpass 10/800/165 mg 12 Çiğneme Tablet;2;0;2;0
09.09.2026;SELÇUK ECZA DEPOSU;SELÇUK TRABZON;8680001274086;OKAN ECZANESİ;TRABZON BATI ILCELER - 2;PANOCER;Panocer 40 mg 28 Enterik Kaplı Tablet;10;3;13;0
02.09.2026;SELÇUK ECZA DEPOSU;SELÇUK TRABZON;8680001108404;KUDRET ECZANESİ;RIZE MERKEZ;MOKSEFEN;Moksefen 400 mg 7 Film Tablet;100;70;170;0
25.09.2026;SELÇUK ECZA DEPOSU;SELÇUK TRABZON;8680001108459;TOPÇU ECZANESİ;RIZE MERKEZ;ACİDPASS;Acidpass 10/800/165 mg 12 Çiğneme Tablet;10;1;11;0
03.09.2026;SELÇUK ECZA DEPOSU;SELÇUK SAMSUN;8680001101023;YENİ YAŞAM ECZANESİ;SAMSUN RASATHANE;PANOCER;Panocer 40 mg 14 Enterik Kaplı Tablet;1;0;1;0
18.09.2026;SELÇUK ECZA DEPOSU;SELÇUK TRABZON;8680001116058;SAĞLIK ECZANESİ;RIZE DOGU ILCELER;ACİDPASS;Acidpass 10/800/165 mg 6 Çiğneme Tablet;3;0;3;0
03.09.2026;SELÇUK ECZA DEPOSU;SELÇUK TRABZON;8680001118106;BİZİM ECZANESİ;ARTVIN MERKEZ+DOGU+GUNEY;FAMTREC;Famtrec 800/26,6mg 14 Film Kaplı Tablet;7;1;8;0
01.09.2026;SELÇUK ECZA DEPOSU;SELÇUK TRABZON;8680001133253;PINAR ECZANESİ;RIZE BATI ILCELER;PANOCER;Panocer 40 mg 28 Enterik Kaplı Tablet;165;135;300;0
11.09.2026;SELÇUK ECZA DEPOSU;SELÇUK TRABZON;8680001165186;BEKTAŞOĞLU ECZANESİ;GIRESUN MERKEZ -1;PANOCER;Panocer 40 mg 28 Enterik Kaplı Tablet;10;3;13;0
02.09.2026;SELÇUK ECZA DEPOSU;SELÇUK TRABZON;8680001171453;KARACA ECZANESİ;GIRESUN MERKEZ -2;ACİDPASS;Acidpass 10/800/165 mg 6 Çiğneme Tablet;2;0;2;0
16.09.2026;SELÇUK ECZA DEPOSU;SELÇUK SAMSUN;8680001486359;SU ECZANESİ;ORDU GUNEY ILCELER -1;ACİDPASS;Acidpass 10/800/165 mg 12 Çiğneme Tablet;10;1;11;0
12.09.2026;SELÇUK ECZA DEPOSU;SELÇUK TRABZON;8680001165186;BEKTAŞOĞLU ECZANESİ;GIRESUN MERKEZ -1;ACİDPASS;Acidpass 10/800/165 mg 12 Çiğneme Tablet;10;1;11;0
16.09.2026;SELÇUK ECZA DEPOSU;SELÇUK TRABZON;8680001170128;URAL ECZANESİ;GIRESUN MERKEZ -2;ACİDPASS;Acidpass 10/800/165 mg 12 Çiğneme Tablet;10;1;11;0
18.09.2026;SELÇUK ECZA DEPOSU;SELÇUK TRABZON;8680001179091;SAĞLIK ECZANESİ;GIRESUN BULANCAK+PIRAZIZ;ACİDPASS;Acidpass 10/800/165 mg 12 Çiğneme Tablet;50;15;65;0
22.09.2026;SELÇUK ECZA DEPOSU;SELÇUK ERZURUM;8680001714285;DERMAN ECZANESİ;ERZURUM GUNEY ILCELER;ACİDPASS;Acidpass 10/800/165 mg 12 Çiğneme Tablet;3;0;3;0
04.09.2026;SELÇUK ECZA DEPOSU;SELÇUK SAMSUN;8680001738267;1919 ECZANESİ;SAMSUN ATAKENT+19 MAYIS;ACİDPASS;Acidpass 10/800/165 mg 12 Çiğneme Tablet;20;3;23;0
03.09.2026;SELÇUK ECZA DEPOSU;SELÇUK SAMSUN;8680001750801;DERMAN ECZANESİ;CORUM GUNEYBATI ILCELER;PANOCER;Panocer 40 mg 28 Enterik Kaplı Tablet;10;3;13;0
11.09.2026;SELÇUK ECZA DEPOSU;SELÇUK SAMSUN;8680001755226;FURKAN ECZANESİ;SIVAS MERKEZ -4;GRİPORT COLD;Griport Cold 20 Film Kaplı Tablet;7;1;8;0
08.09.2026;SELÇUK ECZA DEPOSU;SELÇUK SAMSUN;8680001756971;ERDEM ECZANESİ;TOKAT MERKEZ -2;PANOCER;Panocer 40 mg 28 Enterik Kaplı Tablet;10;3;13;0
08.09.2026;SELÇUK ECZA DEPOSU;SELÇUK SAMSUN;8680001137350;METİN ECZANESİ;SAMSUN DOGU ILCELER - 2;PANOCER;Panocer 40 mg 28 Enterik Kaplı Tablet;10;3;13;0
22.09.2026;SELÇUK ECZA DEPOSU;SELÇUK SAMSUN;8680001138647;ÖZLEM ECZANESİ;SINOP DOGU-BATI ILCELER;ACİDPASS;Acidpass 10/800/165 mg 12 Çiğneme Tablet;10;1;11;0
02.09.2026;SELÇUK ECZA DEPOSU;SELÇUK ERZURUM;8680001145980;ÖZLEM ECZANESİ;AGRI ILCELER;MOKSEFEN;Moksefen 400 mg 7 Film Tablet;5;1;6;0
22.09.2026;SELÇUK ECZA DEPOSU;SELÇUK ERZURUM;8680001566983;CADDE ECZANESİ;ERZURUM MERKEZ -3;PANOCER;Panocer 40 mg 28 Enterik Kaplı Tablet;10;3;13;0
12.09.2026;SELÇUK ECZA DEPOSU;SELÇUK ERZURUM;8680001599837;MENGÜCELİ ECZANESİ;ERZINCAN MERKEZ;PANOCER;Panocer 40 mg 28 Enterik Kaplı Tablet;10;3;13;0
01.09.2026;SELÇUK ECZA DEPOSU;SELÇUK SAMSUN;8680001278312;MELİKE ECZANESİ;ORDU FATSA;ACİDPASS;Acidpass 10/800/165 mg 12 Çiğneme Tablet;50;15;65;0
16.09.2026;SELÇUK ECZA DEPOSU;SELÇUK ERZURUM;8680001800179;CADDE ECZANESİ;AGRI ILCELER;ACİDPASS;Acidpass 10/800/165 mg 12 Çiğneme Tablet;3;0;3;0
25.09.2026;SELÇUK ECZA DEPOSU;SELÇUK ERZURUM;8680001811915;ŞİFA ECZANESİ;AGRI DIYADIN+D.BEYAZIT;PANOCER;Panocer 40 mg 28 Enterik Kaplı Tablet;10;3;13;0
02.09.2026;SELÇUK ECZA DEPOSU;SELÇUK TRABZON;8680001291649;ŞEYMA ECZANESİ;TRABZON MERKEZ -1;MOKSEFEN;Moksefen 400 mg 7 Film Tablet;50;35;85;0
02.09.2026;SELÇUK ECZA DEPOSU;SELÇUK TRABZON;8680001304233;HAKAN ECZANESİ;ARTVIN MERKEZ+DOGU+GUNEY;PANOCER;Panocer 40 mg 28 Enterik Kaplı Tablet;-165;-135;-300;-135
08.09.2026;SELÇUK ECZA DEPOSU;SELÇUK TRABZON;8680001304233;HAKAN ECZANESİ;ARTVIN MERKEZ+DOGU+GUNEY;GRİPORT COLD;Griport Cold 20 Film Kaplı Tablet;7;1;8;0
22.09.2026;SELÇUK ECZA DEPOSU;SELÇUK TRABZON;8680001408344;ÇAĞLAR ECZANESİ;TRABZON MERKEZ -3;ACİDPASS;Acidpass 10/800/165 mg 12 Çiğneme Tablet;10;1;11;0
17.09.2026;SELÇUK ECZA DEPOSU;SELÇUK TRABZON;8680001454020;DEVA ECZANESİ;GIRESUN BULANCAK+PIRAZIZ;ACİDPASS;Acidpass 10/800/165 mg 12 Çiğneme Tablet;20;3;23;0
14.09.2026;SELÇUK ECZA DEPOSU;SELÇUK SAMSUN;8680001158805;GÜLERSİN ECZANESİ;SIVAS MERKEZ -2;GRİPORT COLD;Griport Cold 20 Film Kaplı Tablet;2;0;2;0
04.09.2026;SELÇUK ECZA DEPOSU;SELÇUK TRABZON;8680001422517;YAYLACIK ECZANESİ;TRABZON AKCAABAT;ACİDPASS;Acidpass 10/800/165 mg 12 Çiğneme Tablet;20;3;23;0
28.09.2026;SELÇUK ECZA DEPOSU;SELÇUK TRABZON;8680001433582;SİTELER ECZANESİ;TRABZON MERKEZ -3;MOKSEFEN;Moksefen 400 mg 7 Film Tablet;1;0;1;0
28.09.2026;SELÇUK ECZA DEPOSU;SELÇUK TRABZON;8680001448883;YAŞAM ECZANESİ;RIZE MERKEZ;GRİPORT COLD;Griport Cold 20 Film Kaplı Tablet;1;0;1;0
02.09.2026;SELÇUK ECZA DEPOSU;SELÇUK TRABZON;8680001449767;ERDEM ECZANESİ;GUMUSHANE;MOKSEFEN;Moksefen 400 mg 7 Film Tablet;50;35;85;0
03.09.2026;SELÇUK ECZA DEPOSU;SELÇUK SAMSUN;8680001117864;ESENTEPE ECZANESİ;SIVAS MERKEZ -3;GRİPORT COLD;Griport Cold 20 Film Kaplı Tablet;12;3;15;0
26.09.2026;SELÇUK ECZA DEPOSU;SELÇUK SAMSUN;8680001118090;VURAL ECZANESİ;SAMSUN DOGU ILCELER;ACİDPASS;Acidpass 10/800/165 mg 12 Çiğneme Tablet;4;0;4;0
08.09.2026;SELÇUK ECZA DEPOSU;SELÇUK TRABZON;8680001723041;MERKEZ ECZANESI;TRABZON DUZKOY+MACKA;ACİDPASS;Acidpass 10/800/165 mg 12 Çiğneme Tablet;10;1;11;0
21.09.2026;SELÇUK ECZA DEPOSU;SELÇUK TRABZON;8680001743155;NUR ECZANESİ;GUMUSHANE;PANOCER;Panocer 40 mg 28 Enterik Kaplı Tablet;10;3;13;0
11.09.2026;SELÇUK ECZA DEPOSU;SELÇUK TRABZON;8680001752270;YAREN ECZANESİ;GUMUSHANE;ACİDPASS;Acidpass 10/800/165 mg 12 Çiğneme Tablet;2;0;2;0
08.09.2026;SELÇUK ECZA DEPOSU;SELÇUK TRABZON;8680001756018;ZEYTÜL ECZANESİ;ARTVIN KUZEY ILCELER;MOKSEFEN;Moksefen 400 mg 7 Film Tablet;20;10;30;0
29.09.2026;SELÇUK ECZA DEPOSU;SELÇUK TRABZON;8680001830473;OF ECZANESİ;TRABZON DOGU ILCELER -1;PANOCER;Panocer 40 mg 28 Enterik Kaplı Tablet;10;3;13;0
20.09.2026;SELÇUK ECZA DEPOSU;SELÇUK SAMSUN;8680001216895;HAYAT ECZANESİ;TOKAT DOGU ILCELER;GRİPORT COLD;Griport Cold 20 Film Kaplı Tablet;1;0;1;0
07.09.2026;SELÇUK ECZA DEPOSU;SELÇUK SAMSUN;8680001233953;YAMANER ECZANESİ;ORDU UNYE;PANOCER;Panocer 40 mg 28 Enterik Kaplı Tablet;3;0;3;0
15.09.2026;SELÇUK ECZA DEPOSU;SELÇUK SAMSUN;8680001254682;ÇINAR ECZANESİ;ORDU FATSA;PANOCER;Panocer 40 mg 28 Enterik Kaplı Tablet;30;12;42;0
02.09.2026;SELÇUK ECZA DEPOSU;SELÇUK TRABZON;8680001213757;HAYRAT ECZANESİ;TRABZON DOGU ILCELER -1;MOKSEFEN;Moksefen 400 mg 7 Film Tablet;50;35;85;0
25.09.2026;SELÇUK ECZA DEPOSU;SELÇUK SAMSUN;8680001263066;LAÇİN ECZANESİ;SINOP MERKEZ;PANOCER;Panocer 40 mg 28 Enterik Kaplı Tablet;2;0;2;0
15.09.2026;SELÇUK ECZA DEPOSU;SELÇUK SAMSUN;8680001276912;DİLEK ECZANESİ;ORDU FATSA;MOKSEFEN;Moksefen 400 mg 7 Film Tablet;20;10;30;0
02.09.2026;SELÇUK ECZA DEPOSU;SELÇUK SAMSUN;8680001277667;İSTANBUL ECZANESİ;ORDU FATSA;MOKSEFEN;Moksefen 400 mg 7 Film Tablet;10;3;13;0
25.09.2026;SELÇUK ECZA DEPOSU;SELÇUK SAMSUN;8680001278268;LOKMAN ECZANESİ;ORDU FATSA;PANOCER;Panocer 40 mg 28 Enterik Kaplı Tablet;10;3;13;0
14.09.2026;SELÇUK ECZA DEPOSU;SELÇUK SAMSUN;8680001302963;YENİ ECZANESİ;ORDU MERKEZ -2;PANOCER;Panocer 40 mg 28 Enterik Kaplı Tablet;10;3;13;0
28.09.2026;SELÇUK ECZA DEPOSU;SELÇUK SAMSUN;8680001302963;YENİ ECZANESİ;ORDU MERKEZ -2;GRİPORT COLD;Griport Cold 20 Film Kaplı Tablet;1;0;1;0
25.09.2026;SELÇUK ECZA DEPOSU;SELÇUK SAMSUN;8680001203062;ŞİMŞEK ECZANESİ;ORDU MERKEZ -1;ACİDPASS;Acidpass 10/800/165 mg 6 Çiğneme Tablet;2;0;2;0
09.09.2026;SELÇUK ECZA DEPOSU;SELÇUK SAMSUN;8680001255603;YEŞİLOVA ECZANESİ;ORDU MERKEZ -2;GRİPORT COLD;Griport Cold 20 Film Kaplı Tablet;1;0;1;0
08.09.2026;SELÇUK ECZA DEPOSU;SELÇUK SAMSUN;8680001492596;DÜNYA ECZANESİ;SAMSUN ILKADIM - 2;ACİDPASS;Acidpass 10/800/165 mg 12 Çiğneme Tablet;10;1;11;0
30.09.2026;SELÇUK ECZA DEPOSU;SELÇUK ERZURUM;8680001949069;SEMA ECZANESİ;KARS ILCELER;PANOCER;Panocer 40 mg 28 Enterik Kaplı Tablet;50;25;75;0
09.09.2026;SELÇUK ECZA DEPOSU;SELÇUK TRABZON;8680001104918;DERMAN ECZANESİ;RIZE MERKEZ;ACİDPASS;Acidpass 10/800/165 mg 12 Çiğneme Tablet;50;15;65;0
29.09.2026;SELÇUK ECZA DEPOSU;SELÇUK TRABZON;8680001109937;GÜNEYSU SERDAR ECZANESİ;RIZE BATI ILCELER;GRİPORT COLD;Griport Cold 20 Film Kaplı Tablet;7;1;8;0
02.09.2026;SELÇUK ECZA DEPOSU;SELÇUK SAMSUN;8680001101047;ERTURAN ECZANESİ;SAMSUN HURRIYET+ZAFER;MOKSEFEN;Moksefen 400 mg 7 Film Tablet;5;1;6;0
09.09.2026;SELÇUK ECZA DEPOSU;SELÇUK TRABZON;8680001123414;KARADENİZ ECZANESİ;RIZE DOGU ILCELER;PANOCER;Panocer 40 mg 14 Enterik Kaplı Tablet;10;3;13;0
03.09.2026;SELÇUK ECZA DEPOSU;SELÇUK TRABZON;8680001123827;SERHAT ECZANESİ;ARTVIN MERKEZ+DOGU+GUNEY;FAMTREC;Famtrec 800/26,6mg 14 Film Kaplı Tablet;2;0;2;0
04.09.2026;SELÇUK ECZA DEPOSU;SELÇUK TRABZON;8680001130177;DEVA ECZANESİ;RIZE MERKEZ;ACİDPASS;Acidpass 10/800/165 mg 6 Çiğneme Tablet;3;0;3;0
12.09.2026;SELÇUK ECZA DEPOSU;SELÇUK TRABZON;8680001162918;ÇAĞRI ECZANESİ;GIRESUN MERKEZ -2;ACİDPASS;Acidpass 10/800/165 mg 12 Çiğneme Tablet;50;15;65;0
15.09.2026;SELÇUK ECZA DEPOSU;SELÇUK SAMSUN;8680001688746;GUNEŞ ECZANESİ;SIVAS MERKEZ -3;GRİPORT COLD;Griport Cold 20 Film Kaplı Tablet;1;0;1;0
28.09.2026;SELÇUK ECZA DEPOSU;SELÇUK SAMSUN;8680001627868;GÜNEŞ ECZANESİ;ORDU MERKEZ -1;PANOCER;Panocer 40 mg 28 Enterik Kaplı Tablet;30;12;42;0
28.09.2026;SELÇUK ECZA DEPOSU;SELÇUK SAMSUN;8680001627868;GÜNEŞ ECZANESİ;ORDU MERKEZ -1;GRİPORT COLD;Griport Cold 20 Film Kaplı Tablet;1;0;1;0
23.09.2026;SELÇUK ECZA DEPOSU;SELÇUK SAMSUN;8680001643424;AYÇAM ECZANESİ;CORUM MERKEZ -3;ACİDPASS;Acidpass 10/800/165 mg 12 Çiğneme Tablet;1;0;1;0
11.09.2026;SELÇUK ECZA DEPOSU;SELÇUK SAMSUN;8680001156009;ŞİFA ECZANESİ;CORUM KARGI+OSMANCIK;ACİDPASS;Acidpass 10/800/165 mg 12 Çiğneme Tablet;2;0;2;0
15.09.2026;SELÇUK ECZA DEPOSU;SELÇUK SAMSUN;8680001156634;FİLİZ ECZANESİ;ORDU MERKEZ -2;GRİPORT COLD;Griport Cold 20 Film Kaplı Tablet;2;0;2;0
23.09.2026;SELÇUK ECZA DEPOSU;SELÇUK SAMSUN;8680001158515;HAYAT ECZANESİ;ORDU GUNEY ILCELER -1;MOKSEFEN;Moksefen 400 mg 7 Film Tablet;10;3;13;0
11.09.2026;SELÇUK ECZA DEPOSU;SELÇUK ERZURUM;8680001714285;DERMAN ECZANESİ;ERZURUM GUNEY ILCELER;PANOCER;Panocer 40 mg 28 Enterik Kaplı Tablet;30;12;42;0
07.09.2026;SELÇUK ECZA DEPOSU;SELÇUK ERZURUM;8680001717484;EBRULİ ECZANESİ;ERZURUM MERKEZ -2;GRİPORT COLD;Griport Cold 20 Film Kaplı Tablet;7;1;8;0
03.09.2026;SELÇUK ECZA DEPOSU;SELÇUK SAMSUN;8680001459100;MANSIZLAR ECZANESİ;TOKAT MERKEZ -1;ACİDPASS;Acidpass 10/800/165 mg 12 Çiğneme Tablet;2;0;2;0
01.09.2026;SELÇUK ECZA DEPOSU;SELÇUK SAMSUN;8680001468553;KARTAL ECZANESİ;CORUM MERKEZ -3;ACİDPASS;Acidpass 10/800/165 mg 12 Çiğneme Tablet;2;0;2;0
05.09.2026;SELÇUK ECZA DEPOSU;SELÇUK SAMSUN;8680001469574;TAN ECZANESİ;ORDU UNYE;ACİDPASS;Acidpass 10/800/165 mg 12 Çiğneme Tablet;20;3;23;0
29.09.2026;SELÇUK ECZA DEPOSU;SELÇUK TRABZON;8680001705771;ÇAMLIHEMŞİN ECZANESİ;RIZE BATI ILCELER;ACİDPASS;Acidpass 10/800/165 mg 12 Çiğneme Tablet;10;1;11;0
01.09.2026;SELÇUK ECZA DEPOSU;SELÇUK ERZURUM;8680001749003;DENİZ ECZANESİ;ERZINCAN MERKEZ;ACİDPASS;Acidpass 10/800/165 mg 6 Çiğneme Tablet;10;1;11;0
17.09.2026;SELÇUK ECZA DEPOSU;SELÇUK TRABZON;8680001271559;ÖZTUNA ECZANESİ;TRABZON MERKEZ -1;PANOCER;Panocer 40 mg 28 Enterik Kaplı Tablet;10;3;13;0
02.09.2026;SELÇUK ECZA DEPOSU;SELÇUK TRABZON;8680001274154;ÇİĞDEM ECZANESİ;TRABZON BATI ILCELER - 2;MOKSEFEN;Moksefen 400 mg 7 Film Tablet;50;35;85;0
19.09.2026;SELÇUK ECZA DEPOSU;SELÇUK TRABZON;8680001277209;TONYA ECZANESİ;TRABZON BATI ILCELER - 2;MOKSEFEN;Moksefen 400 mg 7 Film Tablet;20;10;30;0
04.09.2026;SELÇUK ECZA DEPOSU;SELÇUK TRABZON;8680001377008;YURDUM ECZANESİ;TRABZON MERKEZ -4;ACİDPASS;Acidpass 10/800/165 mg 12 Çiğneme Tablet;10;1;11;0
29.09.2026;SELÇUK ECZA DEPOSU;SELÇUK TRABZON;8680001408344;ÇAĞLAR ECZANESİ;TRABZON MERKEZ -3;ACİDPASS;Acidpass 10/800/165 mg 12 Çiğneme Tablet;-10;-1;-11;-1
02.09.2026;SELÇUK ECZA DEPOSU;SELÇUK SAMSUN;8680001819553;MERKEZ ECZANESI;TOKAT ERBAA;ACİDPASS;Acidpass 10/800/165 mg 12 Çiğneme Tablet;2;0;2;0
03.09.2026;SELÇUK ECZA DEPOSU;SELÇUK SAMSUN;8680001847914;IŞIK ECZANESİ;SIVAS MERKEZ -4;ACİDPASS;Acidpass 10/800/165 mg 12 Çiğneme Tablet;2;0;2;0
10.09.2026;SELÇUK ECZA DEPOSU;SELÇUK SAMSUN;8680001853069;HEKIMOGLU ECZANESI;CORUM MERKEZ -3;GRİPORT COLD;Griport Cold 20 Film Kaplı Tablet;12;3;15;0
24.09.2026;SELÇUK ECZA DEPOSU;SELÇUK SAMSUN;8680001597307;KUZEY ECZANESİ;ORDU FATSA;GRİPORT COLD;Griport Cold 20 Film Kaplı Tablet;12;3;15;0
02.09.2026;SELÇUK ECZA DEPOSU;SELÇUK TRABZON;8680001663637;HAYAT ECZANESİ;RIZE DOGU ILCELER;MOKSEFEN;Moksefen 400 mg 7 Film Tablet;50;35;85;0
28.09.2026;SELÇUK ECZA DEPOSU;SELÇUK TRABZON;8680001684878;HAZAR ECZANESİ;GIRESUN MERKEZ -2;ACİDPASS;Acidpass 10/800/165 mg 12 Çiğneme Tablet;2;0;2;0
09.09.2026;SELÇUK ECZA DEPOSU;SELÇUK TRABZON;8680001726363;NİHAN ECZANESİ;GIRESUN MERKEZ -2;ACİDPASS;Acidpass 10/800/165 mg 12 Çiğneme Tablet;50;15;65;0
02.09.2026;SELÇUK ECZA DEPOSU;SELÇUK TRABZON;8680001736935;KEMERKAYA AKIN ECZANESİ;TRABZON MERKEZ -4;ACİDPASS;Acidpass 10/800/165 mg 12 Çiğneme Tablet;10;1;11;0
02.09.2026;SELÇUK ECZA DEPOSU;SELÇUK TRABZON;8680001752270;YAREN ECZANESİ;GUMUSHANE;ACİDPASS;Acidpass 10/800/165 mg 12 Çiğneme Tablet;2;0;2;0
03.09.2026;SELÇUK ECZA DEPOSU;SELÇUK TRABZON;8680001752270;YAREN ECZANESİ;GUMUSHANE;FAMTREC;Famtrec 800/26,6mg 14 Film Kaplı Tablet;2;0;2;0
16.09.2026;SELÇUK ECZA DEPOSU;SELÇUK TRABZON;8680001754083;SOYDAŞ ECZANESİ;GUMUSHANE;PANOCER;Panocer 40 mg 28 Enterik Kaplı Tablet;30;12;42;0
08.09.2026;SELÇUK ECZA DEPOSU;SELÇUK TRABZON;8680001756018;ZEYTÜL ECZANESİ;ARTVIN KUZEY ILCELER;ACİDPASS;Acidpass 10/800/165 mg 12 Çiğneme Tablet;20;3;23;0
03.09.2026;SELÇUK ECZA DEPOSU;SELÇUK SAMSUN;8680001156443;ESRA ECZANESİ;ORDU FATSA;GRİPORT COLD;Griport Cold 20 Film Kaplı Tablet;7;1;8;0
18.09.2026;SELÇUK ECZA DEPOSU;SELÇUK ERZURUM;8680001625963;PINAR ECZANESİ;ERZURUM MERKEZ -2;ACİDPASS;Acidpass 10/800/165 mg 6 Çiğneme Tablet;3;0;3;0
28.09.2026;SELÇUK ECZA DEPOSU;SELÇUK ERZURUM;8680001664368;MERKEZ ECZANESI;ERZURUM GUNEY ILCELER;PANOCER;Panocer 40 mg 28 Enterik Kaplı Tablet;10;3;13;0
28.09.2026;SELÇUK ECZA DEPOSU;SELÇUK SAMSUN;8680001163717;KARADENİZ ECZANESİ;ORDU DOGU ILCELER;PANOCER;Panocer 40 mg 28 Enterik Kaplı Tablet;5;0;5;0
13.09.2026;SELÇUK ECZA DEPOSU;SELÇUK SAMSUN;8680001166572;AKADEMİ ECZANESİ;TOKAT MERKEZ -1;ACİDPASS;Acidpass 10/800/165 mg 6 Çiğneme Tablet;2;0;2;0
18.09.2026;SELÇUK ECZA DEPOSU;SELÇUK SAMSUN;8680001167678;KARDELEN ECZANESİ;TOKAT MERKEZ -1;PANOCER;Panocer 40 mg 28 Enterik Kaplı Tablet;165;135;300;0
04.09.2026;SELÇUK ECZA DEPOSU;SELÇUK SAMSUN;8680001167883;BURHAN ECZANESİ;TOKAT MERKEZ -1;PANOCER;Panocer 40 mg 28 Enterik Kaplı Tablet;10;3;13;0
30.09.2026;SELÇUK ECZA DEPOSU;SELÇUK ERZURUM;8680001811915;ŞİFA ECZANESİ;AGRI DIYADIN+D.BEYAZIT;PANOCER;Panocer 40 mg 28 Enterik Kaplı Tablet;3;0;3;0
24.09.2026;SELÇUK ECZA DEPOSU;SELÇUK ERZURUM;8680001814572;BEREN ECZANESİ;AGRI MERKEZ;ACİDPASS;Acidpass 10/800/165 mg 12 Çiğneme Tablet;20;3;23;0
08.09.2026;SELÇUK ECZA DEPOSU;SELÇUK ERZURUM;8680001898107;AKYAKA ECZANESİ;KARS ILCELER;PANOCER;Panocer 40 mg 28 Enterik Kaplı Tablet;10;3;13;0
24.09.2026;SELÇUK ECZA DEPOSU;SELÇUK SAMSUN;8680001552870;FARUK ECZANESİ;SAMSUN RASATHANE;MOKSEFEN;Moksefen 400 mg 7 Film Tablet;1;0;1;0
17.09.2026;SELÇUK ECZA DEPOSU;SELÇUK ERZURUM;8680001480685;BAHAR ECZANESİ;ERZURUM MERKEZ -1;GRİPORT COLD;Griport Cold 20 Film Kaplı Tablet;7;1;8;0
04.09.2026;SELÇUK ECZA DEPOSU;SELÇUK ERZURUM;8680001481804;ALTINTAŞ ECZANESİ;AGRI MERKEZ;FAMTREC;Famtrec 800/26,6mg 14 Film Kaplı Tablet;2;0;2;0
23.09.2026;SELÇUK ECZA DEPOSU;SELÇUK SAMSUN;8680001448302;SERDAROĞLU ECZANESİ;ORDU MERKEZ -1;ACİDPASS;Acidpass 10/800/165 mg 12 Çiğneme Tablet;20;3;23;0
01.09.2026;SELÇUK ECZA DEPOSU;SELÇUK SAMSUN;8680001883516;UMUT ECZANESİ;ORDU UNYE;MOKSEFEN;Moksefen 400 mg 7 Film Tablet;5;1;6;0
01.09.2026;SELÇUK ECZA DEPOSU;SELÇUK SAMSUN;8680001726905;DEVA ECZANESİ;ORDU DOGU ILCELER;ACİDPASS;Acidpass 10/800/165 mg 12 Çiğneme Tablet;10;1;11;0
02.09.2026;SELÇUK ECZA DEPOSU;SELÇUK TRABZON;8680001114146;UMUT ECZANESİ;ARTVIN MERKEZ+DOGU+GUNEY;ACİDPASS;Acidpass 10/800/165 mg 12 Çiğneme Tablet;10;1;11;0
12.09.2026;SELÇUK ECZA DEPOSU;SELÇUK TRABZON;8680001115853;AKIN ECZANESİ;ARTVIN MERKEZ+DOGU+GUNEY;ACİDPASS;Acidpass 10/800/165 mg 12 Çiğneme Tablet;10;1;11;0
28.09.2026;SELÇUK ECZA DEPOSU;SELÇUK SAMSUN;8680001802272;BACACI ECZANESI;ORDU GUNEY ILCELER -1;PANOCER;Panocer 40 mg 28 Enterik Kaplı Tablet;10;3;13;0
23.09.2026;SELÇUK ECZA DEPOSU;SELÇUK SAMSUN;8680001847914;IŞIK ECZANESİ;SIVAS MERKEZ -4;GRİPORT COLD;Griport Cold 20 Film Kaplı Tablet;1;0;1;0
10.09.2026;SELÇUK ECZA DEPOSU;SELÇUK SAMSUN;8680001853069;HEKIMOGLU ECZANESI;CORUM MERKEZ -3;GRİPORT COLD;Griport Cold 20 Film Kaplı Tablet;7;1;8;0
04.09.2026;SELÇUK ECZA DEPOSU;SELÇUK SAMSUN;8680001524532;ÖYKÜ ECZANESİ;SAMSUN ATAKUM;MOKSEFEN;Moksefen 400 mg 7 Film Tablet;2;0;2;0
25.09.2026;SELÇUK ECZA DEPOSU;SELÇUK SAMSUN;8680001552870;FARUK ECZANESİ;SAMSUN RASATHANE;MOKSEFEN;Moksefen 400 mg 7 Film Tablet;1;0;1;0
02.09.2026;SELÇUK ECZA DEPOSU;SELÇUK SAMSUN;8680001557295;NEFES ECZANESİ;TOKAT MERKEZ -2;ACİDPASS;Acidpass 10/800/165 mg 12 Çiğneme Tablet;3;0;3;0
03.09.2026;SELÇUK ECZA DEPOSU;SELÇUK SAMSUN;8680001119424;SÖNMEZ ECZANESİ;SAMSUN DOGU ILCELER - 2;PANOCER;Panocer 40 mg 28 Enterik Kaplı Tablet;-3;0;-3;0
21.09.2026;SELÇUK ECZA DEPOSU;SELÇUK SAMSUN;8680001120628;SEZER ECZANESİ;SAMSUN DOGU ILCELER - 2;GRİPORT COLD;Griport Cold 20 Film Kaplı Tablet;3;0;3;0
26.09.2026;SELÇUK ECZA DEPOSU;SELÇUK SAMSUN;8680001121885;KARADENİZ ECZANESİ;SAMSUN BAFRA;PANOCER;Panocer 40 mg 28 Enterik Kaplı Tablet;10;3;13;0
19.09.2026;SELÇUK ECZA DEPOSU;SELÇUK TRABZON;8680001186273;ÇAĞIN ECZANESİ;GIRESUN BULANCAK+PIRAZIZ;ACİDPASS;Acidpass 10/800/165 mg 12 Çiğneme Tablet;10;1;11;0
18.09.2026;SELÇUK ECZA DEPOSU;SELÇUK TRABZON;8680001196739;EROL ECZANESİ;TRABZON MERKEZ -2;ACİDPASS;Acidpass 10/800/165 mg 12 Çiğneme Tablet;-2;-1;-3;-1
21.09.2026;SELÇUK ECZA DEPOSU;SELÇUK SAMSUN;8680001488216;ÇİĞDEM ECZANESİ;AMASYA ILCELER;PANOCER;Panocer 40 mg 14 Enterik Kaplı Tablet;2;0;2;0
02.09.2026;SELÇUK ECZA DEPOSU;SELÇUK SAMSUN;8680001491445;KANDAZ ECZANESİ;SAMSUN TERME;PANOCER;Panocer 40 mg 28 Enterik Kaplı Tablet;30;12;42;0
16.09.2026;SELÇUK ECZA DEPOSU;SELÇUK SAMSUN;8680001499301;GİZEM ECZANESİ;AMASYA MERZIFON;ACİDPASS;Acidpass 10/800/165 mg 12 Çiğneme Tablet;10;1;11;0
04.09.2026;SELÇUK ECZA DEPOSU;SELÇUK ERZURUM;8680001714285;DERMAN ECZANESİ;ERZURUM GUNEY ILCELER;ACİDPASS;Acidpass 10/800/165 mg 12 Çiğneme Tablet;5;0;5;0
08.09.2026;SELÇUK ECZA DEPOSU;SELÇUK ERZURUM;8680001752225;YAĞMUR ECZANESİ;AGRI DIYADIN+D.BEYAZIT;ACİDPASS;Acidpass 10/800/165 mg 12 Çiğneme Tablet;5;0;5;0
15.09.2026;SELÇUK ECZA DEPOSU;SELÇUK SAMSUN;8680001894116;UMUT ECZANESİ;CORUM KARGI+OSMANCIK;PANOCER;Panocer 40 mg 28 Enterik Kaplı Tablet;10;3;13;0
30.09.2026;SELÇUK ECZA DEPOSU;SELÇUK SAMSUN;8680001943159;ELA ECZANESİ;SAMSUN ATAKENT+19 MAYIS;ACİDPASS;Acidpass 10/800/165 mg 6 Çiğneme Tablet;3;0;3;0
13.09.2026;SELÇUK ECZA DEPOSU;SELÇUK TRABZON;8680001483297;YAŞA ECZANESİ;RIZE DOGU ILCELER;ACİDPASS;Acidpass 10/800/165 mg 6 Çiğneme Tablet;3;0;3;0
01.09.2026;SELÇUK ECZA DEPOSU;SELÇUK TRABZON;8680001501472;AĞARAN ECZANESİ;RIZE BATI ILCELER;ACİDPASS;Acidpass 10/800/165 mg 12 Çiğneme Tablet;150;60;210;0
11.09.2026;SELÇUK ECZA DEPOSU;SELÇUK TRABZON;8680001718818;İLGE ECZANESİ;TRABZON MERKEZ -3;GRİPORT COLD;Griport Cold 20 Film Kaplı Tablet;7;1;8;0
21.09.2026;SELÇUK ECZA DEPOSU;SELÇUK TRABZON;8680001743155;NUR ECZANESİ;GUMUSHANE;ACİDPASS;Acidpass 10/800/165 mg 12 Çiğneme Tablet;2;0;2;0
23.09.2026;SELÇUK ECZA DEPOSU;SELÇUK TRABZON;8680001743155;NUR ECZANESİ;GUMUSHANE;MOKSEFEN;Moksefen 400 mg 7 Film Tablet;10;3;13;0
27.09.2026;SELÇUK ECZA DEPOSU;SELÇUK TRABZON;8680001756018;ZEYTÜL ECZANESİ;ARTVIN KUZEY ILCELER;FAMTREC;Famtrec 800/26,6mg 30 Film Kaplı Tablet;1;0;1;0
18.09.2026;SELÇUK ECZA DEPOSU;SELÇUK TRABZON;8680001912025;MİHRAP ECZANESİ;ARTVIN KUZEY ILCELER;PANOCER;Panocer 40 mg 28 Enterik Kaplı Tablet;30;12;42;0
02.09.2026;SELÇUK ECZA DEPOSU;SELÇUK TRABZON;8680001949557;YALINCAK CADDE;TRABZON MERKEZ -3;ACİDPASS;Acidpass 10/800/165 mg 12 Çiğneme Tablet;20;3;23;0
17.09.2026;SELÇUK ECZA DEPOSU;SELÇUK TRABZON;8680001631124;PERA ECZANESI;RIZE DOGU ILCELER;PANOCER;Panocer 40 mg 28 Enterik Kaplı Tablet;10;3;13;0
02.09.2026;SELÇUK ECZA DEPOSU;SELÇUK TRABZON;8680001640478;NİSAN ECZANESİ;TRABZON MERKEZ -1;PANOCER;Panocer 40 mg 28 Enterik Kaplı Tablet;10;3;13;0
16.09.2026;SELÇUK ECZA DEPOSU;SELÇUK TRABZON;8680001656752;YAŞAM ECZANESİ;GIRESUN MERKEZ -2;PANOCER;Panocer 40 mg 28 Enterik Kaplı Tablet;10;3;13;0
14.09.2026;SELÇUK ECZA DEPOSU;SELÇUK TRABZON;8680001659203;FEYZA ECZANESI;ARTVIN KUZEY ILCELER;ACİDPASS;Acidpass 10/800/165 mg 6 Çiğneme Tablet;10;1;11;0
03.09.2026;SELÇUK ECZA DEPOSU;SELÇUK TRABZON;8680001749447;DENİZ ECZANESİ;ARTVIN MERKEZ+DOGU+GUNEY;FAMTREC;Famtrec 800/26,6mg 14 Film Kaplı Tablet;1;0;1;0
17.09.2026;SELÇUK ECZA DEPOSU;SELÇUK SAMSUN;8680001101023;YENİ YAŞAM ECZANESİ;SAMSUN RASATHANE;ACİDPASS;Acidpass 10/800/165 mg 12 Çiğneme Tablet;2;0;2;0
17.09.2026;SELÇUK ECZA DEPOSU;SELÇUK TRABZON;8680001381005;GÖKÇE ECZANESİ;TRABZON BATI ILCELER - 2;ACİDPASS;Acidpass 10/800/165 mg 12 Çiğneme Tablet;10;1;11;0
07.09.2026;SELÇUK ECZA DEPOSU;SELÇUK TRABZON;8680001413591;ZEKİ ECZANESİ;TRABZON BATI ILCELER - 2;PANOCER;Panocer 40 mg 28 Enterik Kaplı Tablet;30;12;42;0
16.09.2026;SELÇUK ECZA DEPOSU;SELÇUK SAMSUN;8680001137411;ÇINAR ECZANESİ;SAMSUN ADALET;ACİDPASS;Acidpass 10/800/165 mg 12 Çiğneme Tablet;1;0;1;0
21.09.2026;SELÇUK ECZA DEPOSU;SELÇUK SAMSUN;8680001146000;FERHAT ECZANESİ;SIVAS MERKEZ -3;ACİDPASS;Acidpass 10/800/165 mg 12 Çiğneme Tablet;20;3;23;0
10.09.2026;SELÇUK ECZA DEPOSU;SELÇUK SAMSUN;8680001146000;FERHAT ECZANESİ;SIVAS MERKEZ -3;GRİPORT COLD;Griport Cold 20 Film Kaplı Tablet;2;0;2;0
01.09.2026;SELÇUK ECZA DEPOSU;SELÇUK TRABZON;8680001468584;UMUT ECZANESİ;TRABZON AKCAABAT;PANOCER;Panocer 40 mg 28 Enterik Kaplı Tablet;500;409;909;0
25.09.2026;SELÇUK ECZA DEPOSU;SELÇUK TRABZON;8680001463848;TILSIM ECZANESİ;TRABZON AKCAABAT;PANOCER;Panocer 40 mg 28 Enterik Kaplı Tablet;3;0;3;0
01.09.2026;SELÇUK ECZA DEPOSU;SELÇUK TRABZON;8680001466641;DERECİK MERKEZ ECZANESİ;TRABZON AKCAABAT;PANOCER;Panocer 40 mg 28 Enterik Kaplı Tablet;50;25;75;0
21.09.2026;SELÇUK ECZA DEPOSU;SELÇUK TRABZON;8680001474837;AHSEN ECZANESİ;GIRESUN MERKEZ -2;ACİDPASS;Acidpass 10/800/165 mg 12 Çiğneme Tablet;10;1;11;0
01.09.2026;SELÇUK ECZA DEPOSU;SELÇUK TRABZON;8680001484645;SÖĞÜTLÜ ECZANESİ;TRABZON AKCAABAT;GRİPORT COLD;Griport Cold 20 Film Kaplı Tablet;70;45;115;0
21.09.2026;SELÇUK ECZA DEPOSU;SELÇUK TRABZON;8680001485406;MEDEA ECZANESİ;ARTVIN KUZEY ILCELER;ACİDPASS;Acidpass 10/800/165 mg 12 Çiğneme Tablet;10;1;11;0
28.09.2026;SELÇUK ECZA DEPOSU;SELÇUK TRABZON;8680001494293;AYÇA ECZANESİ;ARTVIN KUZEY ILCELER;GRİPORT COLD;Griport Cold 20 Film Kaplı Tablet;1;0;1;0
18.09.2026;SELÇUK ECZA DEPOSU;SELÇUK TRABZON;8680001500086;YAĞIZ ECZANESİ;TRABZON MERKEZ -3;PANOCER;Panocer 40 mg 28 Enterik Kaplı Tablet;10;3;13;0
18.09.2026;SELÇUK ECZA DEPOSU;SELÇUK TRABZON;8680001515240;GİZEM ECZANESİ;GIRESUN MERKEZ -2;GRİPORT COLD;Griport Cold 20 Film Kaplı Tablet;7;1;8;0
19.09.2026;SELÇUK ECZA DEPOSU;SELÇUK TRABZON;8680001518876;EMRE ECZANESİ;GIRESUN MERKEZ -2;MOKSEFEN;Moksefen 400 mg 7 Film Tablet;20;10;30;0
29.09.2026;SELÇUK ECZA DEPOSU;SELÇUK TRABZON;8680001528530;BİRİNCİ ECZANESİ;TRABZON MERKEZ -2;MOKSEFEN;Moksefen 400 mg 7 Film Tablet;5;1;6;0
15.09.2026;SELÇUK ECZA DEPOSU;SELÇUK TRABZON;8680001172221;YALÇIN ECZANESİ;GUMUSHANE;FAMTREC;Famtrec 800/26,6mg 14 Film Kaplı Tablet;1;0;1;0
02.09.2026;SELÇUK ECZA DEPOSU;SELÇUK TRABZON;8680001185986;ERTEKİN ECZANESİ;GIRESUN BULANCAK+PIRAZIZ;MOKSEFEN;Moksefen 400 mg 7 Film Tablet;50;35;85;0
05.09.2026;SELÇUK ECZA DEPOSU;SELÇUK SAMSUN;8680001142934;SÖNMEZ ECZANESİ;CORUM MERKEZ -2;PANOCER;Panocer 40 mg 28 Enterik Kaplı Tablet;100;60;160;0
08.09.2026;SELÇUK ECZA DEPOSU;SELÇUK SAMSUN;8680001826919;ECE ECZANESİ;SIVAS MERKEZ -4;PANOCER;Panocer 40 mg 28 Enterik Kaplı Tablet;10;3;13;0
11.09.2026;SELÇUK ECZA DEPOSU;SELÇUK SAMSUN;8680001837755;KOCUR ECZANESI;AMASYA GOYNUCEK+TASOVA;GRİPORT COLD;Griport Cold 20 Film Kaplı Tablet;-5;-1;-6;-1
29.09.2026;SELÇUK ECZA DEPOSU;SELÇUK ERZURUM;8680001117611;YENİ BÖLGE ECZANESİ;ERZURUM MERKEZ -3;PANOCER;Panocer 40 mg 14 Enterik Kaplı Tablet;10;3;13;0
01.09.2026;SELÇUK ECZA DEPOSU;SELÇUK ERZURUM;8680001117611;YENİ BÖLGE ECZANESİ;ERZURUM MERKEZ -3;PANOCER;Panocer 40 mg 28 Enterik Kaplı Tablet;50;25;75;0
30.09.2026;SELÇUK ECZA DEPOSU;SELÇUK ERZURUM;8680001122219;TURGUT ECZANESİ;ERZURUM MERKEZ -3;ACİDPASS;Acidpass 10/800/165 mg 12 Çiğneme Tablet;2;0;2;0
16.09.2026;SELÇUK ECZA DEPOSU;SELÇUK SAMSUN;8680001120628;SEZER ECZANESİ;SAMSUN DOGU ILCELER - 2;ACİDPASS;Acidpass 10/800/165 mg 12 Çiğneme Tablet;20;3;23;0
10.09.2026;SELÇUK ECZA DEPOSU;SELÇUK SAMSUN;8680001123124;YAVUZ ECZANESİ;SINOP DOGU-BATI ILCELER;ACİDPASS;Acidpass 10/800/165 mg 12 Çiğneme Tablet;5;0;5;0
04.09.2026;SELÇUK ECZA DEPOSU;SELÇUK SAMSUN;8680001531301;PEKŞEN ECZANESİ;SAMSUN ATAKENT+19 MAYIS;ACİDPASS;Acidpass 10/800/165 mg 12 Çiğneme Tablet;20;3;23;0
09.09.2026;SELÇUK ECZA DEPOSU;SELÇUK SAMSUN;8680001531691;ÇALIŞKAN ECZANESİ;CORUM MERKEZ -3;PANOCER;Panocer 40 mg 28 Enterik Kaplı Tablet;10;3;13;0
09.09.2026;SELÇUK ECZA DEPOSU;SELÇUK SAMSUN;8680001531691;ÇALIŞKAN ECZANESİ;CORUM MERKEZ -3;ACİDPASS;Acidpass 10/800/165 mg 12 Çiğneme Tablet;1;0;1;0
11.09.2026;SELÇUK ECZA DEPOSU;SELÇUK SAMSUN;8680001531691;ÇALIŞKAN ECZANESİ;CORUM MERKEZ -3;ACİDPASS;Acidpass 10/800/165 mg 12 Çiğneme Tablet;2;0;2;0
01.09.2026;SELÇUK ECZA DEPOSU;SELÇUK TRABZON;8680001111213;KARADENİZ ECZANESİ;RIZE MERKEZ;PANOCER;Panocer 40 mg 28 Enterik Kaplı Tablet;30;12;42;0
18.09.2026;SELÇUK ECZA DEPOSU;SELÇUK TRABZON;8680001112838;MERVE ECZANESİ;RIZE MERKEZ;ACİDPASS;Acidpass 10/800/165 mg 12 Çiğneme Tablet;20;3;23;0
21.09.2026;SELÇUK ECZA DEPOSU;SELÇUK TRABZON;8680001112869;OZAN ECZANESİ;ARTVIN MERKEZ+DOGU+GUNEY;FAMTREC;Famtrec 800/26,6mg 14 Film Kaplı Tablet;1;0;1;0
04.09.2026;SELÇUK ECZA DEPOSU;SELÇUK SAMSUN;8680001718771;YENİ KIZILIRMAK ECZANESİ;SAMSUN BAFRA;ACİDPASS;Acidpass 10/800/165 mg 12 Çiğneme Tablet;150;60;210;0
04.09.2026;SELÇUK ECZA DEPOSU;SELÇUK ERZURUM;8680001387076;DERMAN ECZANESİ;AGRI ILCELER;PANOCER;Panocer 40 mg 28 Enterik Kaplı Tablet;100;60;160;0
22.09.2026;SELÇUK ECZA DEPOSU;SELÇUK ERZURUM;8680001451630;ÖZGE ECZANESİ;ERZINCAN MERKEZ;ACİDPASS;Acidpass 10/800/165 mg 12 Çiğneme Tablet;10;1;11;0
12.09.2026;SELÇUK ECZA DEPOSU;SELÇUK ERZURUM;8680001461868;ÇINAR ECZANESİ;ERZURUM MERKEZ -2;PANOCER;Panocer 40 mg 28 Enterik Kaplı Tablet;10;3;13;0
08.09.2026;SELÇUK ECZA DEPOSU;SELÇUK ERZURUM;8680001465958;GÜL ECZANESİ;ERZINCAN MERKEZ;PANOCER;Panocer 40 mg 28 Enterik Kaplı Tablet;10;3;13;0
28.09.2026;SELÇUK ECZA DEPOSU;SELÇUK ERZURUM;8680001868513;KONGRE EZCANESİ;ERZURUM MERKEZ -2;GRİPORT COLD;Griport Cold 20 Film Kaplı Tablet;7;1;8;0
12.09.2026;SELÇUK ECZA DEPOSU;SELÇUK TRABZON;8680001171842;KUMYALI ECZANESİ;GIRESUN MERKEZ -2;ACİDPASS;Acidpass 10/800/165 mg 12 Çiğneme Tablet;20;3;23;0
07.09.2026;SELÇUK ECZA DEPOSU;SELÇUK TRABZON;8680001182619;KOVANLIK ECZANESİ;GIRESUN BULANCAK+PIRAZIZ;GRİPORT COLD;Griport Cold 20 Film Kaplı Tablet;12;3;15;0
11.09.2026;SELÇUK ECZA DEPOSU;SELÇUK TRABZON;8680001187393;PİRAZİZ ECZANESİ;GIRESUN BULANCAK+PIRAZIZ;PANOCER;Panocer 40 mg 28 Enterik Kaplı Tablet;100;60;160;0
29.09.2026;SELÇUK ECZA DEPOSU;SELÇUK SAMSUN;8680001278268;LOKMAN ECZANESİ;ORDU FATSA;ACİDPASS;Acidpass 10/800/165 mg 12 Çiğneme Tablet;10;1;11;0
18.09.2026;SELÇUK ECZA DEPOSU;SELÇUK SAMSUN;8680001369751;SAĞLIK ECZANESİ;ORDU BATI ILCELER;PANOCER;Panocer 40 mg 28 Enterik Kaplı Tablet;50;25;75;0
18.09.2026;SELÇUK ECZA DEPOSU;SELÇUK SAMSUN;8680001664016;NUMUNE ECZANESİ;TOKAT MERKEZ -2;PANOCER;Panocer 40 mg 28 Enterik Kaplı Tablet;50;25;75;0
30.09.2026;SELÇUK ECZA DEPOSU;SELÇUK SAMSUN;8680001664016;NUMUNE ECZANESİ;TOKAT MERKEZ -2;ACİDPASS;Acidpass 10/800/165 mg 12 Çiğneme Tablet;2;0;2;0
10.09.2026;SELÇUK ECZA DEPOSU;SELÇUK SAMSUN;8680001681464;YAKAKENT ECZANESİ;SAMSUN ALACAM+YAKAKENT;PANOCER;Panocer 40 mg 28 Enterik Kaplı Tablet;10;3;13;0
15.09.2026;SELÇUK ECZA DEPOSU;SELÇUK SAMSUN;8680001688746;GUNEŞ ECZANESİ;SIVAS MERKEZ -3;GRİPORT COLD;Griport Cold 20 Film Kaplı Tablet;7;1;8;0
16.09.2026;SELÇUK ECZA DEPOSU;SELÇUK SAMSUN;8680001688746;GUNEŞ ECZANESİ;SIVAS MERKEZ -3;GRİPORT COLD;Griport Cold 20 Film Kaplı Tablet;3;0;3;0
23.09.2026;SELÇUK ECZA DEPOSU;SELÇUK SAMSUN;8680001110933;VATAN ECZANESİ;SAMSUN VEZIRKOPRU;ACİDPASS;Acidpass 10/800/165 mg 6 Çiğneme Tablet;20;3;23;0
22.09.2026;SELÇUK ECZA DEPOSU;SELÇUK SAMSUN;8680001111756;ANIL ECZANESİ;SAMSUN BAHCELIEVLER;ACİDPASS;Acidpass 10/800/165 mg 12 Çiğneme Tablet;2;0;2;0
02.09.2026;SELÇUK ECZA DEPOSU;SELÇUK SAMSUN;8680001112463;UMUT ECZANESİ;SAMSUN DOGU ILCELER;GRİPORT COLD;Griport Cold 20 Film Kaplı Tablet;12;3;15;0
04.09.2026;SELÇUK ECZA DEPOSU;SELÇUK SAMSUN;8680001113897;GÖKÇE ECZANESİ;SINOP MERKEZ;PANOCER;Panocer 40 mg 28 Enterik Kaplı Tablet;10;3;13;0
12.09.2026;SELÇUK ECZA DEPOSU;SELÇUK SAMSUN;8680001113972;DİKBIYIK ECZANESİ;SAMSUN DOGU ILCELER - 2;ACİDPASS;Acidpass 10/800/165 mg 12 Çiğneme Tablet;2;0;2;0
15.09.2026;SELÇUK ECZA DEPOSU;SELÇUK TRABZON;8680001170906;HAYAT ECZANESİ;GUMUSHANE;FAMTREC;Famtrec 800/26,6mg 14 Film Kaplı Tablet;1;0;1;0
16.09.2026;SELÇUK ECZA DEPOSU;SELÇUK TRABZON;8680001181766;HUZUR ECZANESİ;GUMUSHANE;FAMTREC;Famtrec 800/26,6mg 14 Film Kaplı Tablet;2;0;2;0
24.09.2026;SELÇUK ECZA DEPOSU;SELÇUK SAMSUN;8680001174577;SEVGİ ECZANESİ;TOKAT MERKEZ -2;MOKSEFEN;Moksefen 400 mg 7 Film Tablet;5;1;6;0
21.09.2026;SELÇUK ECZA DEPOSU;SELÇUK SAMSUN;8680001178940;ŞİFA ECZANESİ;TOKAT TURHAL;ACİDPASS;Acidpass 10/800/165 mg 12 Çiğneme Tablet;5;0;5;0
12.09.2026;SELÇUK ECZA DEPOSU;SELÇUK SAMSUN;8680001190881;ARTOVA ECZANESİ;TOKAT BATI ILCELER;ACİDPASS;Acidpass 10/800/165 mg 12 Çiğneme Tablet;2;0;2;0
29.09.2026;SELÇUK ECZA DEPOSU;SELÇUK SAMSUN;8680001197040;ŞİFA ECZANESİ;TOKAT MERKEZ -1;ACİDPASS;Acidpass 10/800/165 mg 12 Çiğneme Tablet;3;0;3;0
18.09.2026;SELÇUK ECZA DEPOSU;SELÇUK TRABZON;8680001684670;BAL ECZANESİ;TRABZON MERKEZ -4;GRİPORT COLD;Griport Cold 20 Film Kaplı Tablet;2;0;2;0
27.09.2026;SELÇUK ECZA DEPOSU;SELÇUK TRABZON;8680001725472;FAKÜLTE ECZANESİ;TRABZON MERKEZ -3;GRİPORT COLD;Griport Cold 20 Film Kaplı Tablet;40;20;60;0
18.09.2026;SELÇUK ECZA DEPOSU;SELÇUK TRABZON;8680001752270;YAREN ECZANESİ;GUMUSHANE;ACİDPASS;Acidpass 10/800/165 mg 12 Çiğneme Tablet;10;1;11;0
15.09.2026;SELÇUK ECZA DEPOSU;SELÇUK SAMSUN;8680001153671;GÖZDE ECZANESİ;CORUM KUZEY ILCELER;ACİDPASS;Acidpass 10/800/165 mg 12 Çiğneme Tablet;20;3;23;0
22.09.2026;SELÇUK ECZA DEPOSU;SELÇUK SAMSUN;8680001155750;GÜLCAN ECZANESİ;CORUM GUNEYBATI ILCELER;GRİPORT COLD;Griport Cold 20 Film Kaplı Tablet;1;0;1;0
21.09.2026;SELÇUK ECZA DEPOSU;SELÇUK SAMSUN;8680001163717;KARADENİZ ECZANESİ;ORDU DOGU ILCELER;ACİDPASS;Acidpass 10/800/165 mg 6 Çiğneme Tablet;3;0;3;0
08.09.2026;SELÇUK ECZA DEPOSU;SELÇUK SAMSUN;8680001167883;BURHAN ECZANESİ;TOKAT MERKEZ -1;ACİDPASS;Acidpass 10/800/165 mg 6 Çiğneme Tablet;2;0;2;0
03.09.2026;SELÇUK ECZA DEPOSU;SELÇUK SAMSUN;8680001178940;ŞİFA ECZANESİ;TOKAT TURHAL;ACİDPASS;Acidpass 10/800/165 mg 12 Çiğneme Tablet;3;0;3;0
28.09.2026;SELÇUK ECZA DEPOSU;SELÇUK SAMSUN;8680001157662;BİLGE ECZANESİ;CORUM MERKEZ -2;GRİPORT COLD;Griport Cold 20 Film Kaplı Tablet;2;0;2;0
14.09.2026;SELÇUK ECZA DEPOSU;SELÇUK SAMSUN;8680001158089;DEVA ECZANESİ;CORUM MERKEZ -2;GRİPORT COLD;Griport Cold 20 Film Kaplı Tablet;7;1;8;0
21.09.2026;SELÇUK ECZA DEPOSU;SELÇUK SAMSUN;8680001158195;ÇAĞLI ECZANESİ;CORUM MERKEZ -1;ACİDPASS;Acidpass 10/800/165 mg 12 Çiğneme Tablet;10;1;11;0
01.09.2026;SELÇUK ECZA DEPOSU;SELÇUK SAMSUN;8680001158744;ZEREN ECZANESİ;SIVAS MERKEZ -4;ACİDPASS;Acidpass 10/800/165 mg 12 Çiğneme Tablet;1;0;1;0
11.09.2026;SELÇUK ECZA DEPOSU;SELÇUK TRABZON;8680001267736;RIZA ECZANESİ;TRABZON DOGU ILCELER -1;ACİDPASS;Acidpass 10/800/165 mg 12 Çiğneme Tablet;4;0;4;0
11.09.2026;SELÇUK ECZA DEPOSU;SELÇUK TRABZON;8680001274314;BOZTEPE ECZANESİ;TRABZON MERKEZ -3;ACİDPASS;Acidpass 10/800/165 mg 12 Çiğneme Tablet;2;0;2;0
04.09.2026;SELÇUK ECZA DEPOSU;SELÇUK SAMSUN;8680001203345;TAYFUN ECZANESİ;ORDU MERKEZ -1;MOKSEFEN;Moksefen 400 mg 7 Film Tablet;5;1;6;0
07.09.2026;SELÇUK ECZA DEPOSU;SELÇUK SAMSUN;8680001340545;YENİ HAYAT ECZANESİ;SINOP DOGU-BATI ILCELER;PANOCER;Panocer 40 mg 28 Enterik Kaplı Tablet;30;12;42;0
13.09.2026;SELÇUK ECZA DEPOSU;SELÇUK SAMSUN;8680001169764;ÖZEN ECZANESİ;TOKAT MERKEZ -2;ACİDPASS;Acidpass 10/800/165 mg 12 Çiğneme Tablet;5;0;5;0
21.09.2026;SELÇUK ECZA DEPOSU;SELÇUK SAMSUN;8680001186365;ÜNİVERSİTE ASLI ECZANESİ;TOKAT MERKEZ -1;ACİDPASS;Acidpass 10/800/165 mg 12 Çiğneme Tablet;5;0;5;0
26.09.2026;SELÇUK ECZA DEPOSU;SELÇUK SAMSUN;8680001486854;ADIBELLİ ECZANESİ;TOKAT BATI ILCELER;PANOCER;Panocer 40 mg 28 Enterik Kaplı Tablet;165;135;300;0
03.09.2026;SELÇUK ECZA DEPOSU;SELÇUK SAMSUN;8680001499301;GİZEM ECZANESİ;AMASYA MERZIFON;MOKSEFEN;Moksefen 400 mg 7 Film Tablet;1;0;1;0
14.09.2026;SELÇUK ECZA DEPOSU;SELÇUK SAMSUN;8680001500161;AYKUT ECZANESİ;SIVAS MERKEZ -2;PANOCER;Panocer 40 mg 28 Enterik Kaplı Tablet;10;3;13;0
07.09.2026;SELÇUK ECZA DEPOSU;SELÇUK SAMSUN;8680001505012;MERKEZ ECZANESI;TOKAT DOGU ILCELER;PANOCER;Panocer 40 mg 14 Enterik Kaplı Tablet;2;0;2;0
26.09.2026;SELÇUK ECZA DEPOSU;SELÇUK SAMSUN;8680001118090;VURAL ECZANESİ;SAMSUN DOGU ILCELER;ACİDPASS;Acidpass 10/800/165 mg 12 Çiğneme Tablet;20;3;23;0
09.09.2026;SELÇUK ECZA DEPOSU;SELÇUK SAMSUN;8680001715992;EKİCİ ECZANESİ;SIVAS MERKEZ -2;PANOCER;Panocer 40 mg 28 Enterik Kaplı Tablet;2;0;2;0
01.09.2026;SELÇUK ECZA DEPOSU;SELÇUK TRABZON;8680001108695;HALİM ECZANESİ;RIZE MERKEZ;ACİDPASS;Acidpass 10/800/165 mg 6 Çiğneme Tablet;10;1;11;0
15.09.2026;SELÇUK ECZA DEPOSU;SELÇUK TRABZON;8680001109937;GÜNEYSU SERDAR ECZANESİ;RIZE BATI ILCELER;ACİDPASS;Acidpass 10/800/165 mg 12 Çiğneme Tablet;20;3;23;0
19.09.2026;SELÇUK ECZA DEPOSU;SELÇUK TRABZON;8680001111213;KARADENİZ ECZANESİ;RIZE MERKEZ;MOKSEFEN;Moksefen 400 mg 7 Film Tablet;20;10;30;0
12.09.2026;SELÇUK ECZA DEPOSU;SELÇUK TRABZON;8680001116782;ÇAYELİ ECZANESİ;RIZE BATI ILCELER;ACİDPASS;Acidpass 10/800/165 mg 12 Çiğneme Tablet;20;3;23;0
17.09.2026;SELÇUK ECZA DEPOSU;SELÇUK TRABZON;8680001117710;BAYRAKTAR ECZANESİ;ARTVIN KUZEY ILCELER;PANOCER;Panocer 40 mg 28 Enterik Kaplı Tablet;10;3;13;0
24.09.2026;SELÇUK ECZA DEPOSU;SELÇUK SAMSUN;8680001621934;BÜŞRA TURAN ECZANESİ;SAMSUN BAFRA;GRİPORT COLD;Griport Cold 20 Film Kaplı Tablet;7;1;8;0
06.09.2026;SELÇUK ECZA DEPOSU;SELÇUK SAMSUN;8680001627868;GÜNEŞ ECZANESİ;ORDU MERKEZ -1;GRİPORT COLD;Griport Cold 20 Film Kaplı Tablet;1;0;1;0
10.09.2026;SELÇUK ECZA DEPOSU;SELÇUK SAMSUN;8680001645213;ÖMÜR ECZANESİ;SIVAS MERKEZ -1;ACİDPASS;Acidpass 10/800/165 mg 12 Çiğneme Tablet;2;0;2;0
30.09.2026;SELÇUK ECZA DEPOSU;SELÇUK ERZURUM;8680001111091;ŞÜHEDA ECZANESİ;ERZURUM MERKEZ -2;MOKSEFEN;Moksefen 400 mg 7 Film Tablet;10;3;13;0
01.09.2026;SELÇUK ECZA DEPOSU;SELÇUK ERZURUM;8680001113989;ZEHRA ECZANESİ;ERZURUM GUNEY ILCELER;PANOCER;Panocer 40 mg 28 Enterik Kaplı Tablet;165;135;300;0
18.09.2026;SELÇUK ECZA DEPOSU;SELÇUK SAMSUN;8680001417087;FİKRİ KARTAL ECZANESİ;CORUM KUZEY ILCELER;PANOCER;Panocer 40 mg 28 Enterik Kaplı Tablet;10;3;13;0
02.09.2026;SELÇUK ECZA DEPOSU;SELÇUK SAMSUN;8680001419340;ESER ECZANESİ;CORUM MERKEZ -1;ACİDPASS;Acidpass 10/800/165 mg 12 Çiğneme Tablet;10;1;11;0
24.09.2026;SELÇUK ECZA DEPOSU;SELÇUK TRABZON;8680001183517;GÜMÜŞHANE ECZANESİ;GUMUSHANE;FAMTREC;Famtrec 800/26,6mg 14 Film Kaplı Tablet;2;0;2;0
15.09.2026;SELÇUK ECZA DEPOSU;SELÇUK TRABZON;8680001185917;MELİS ECZANESİ;GIRESUN BULANCAK+PIRAZIZ;ACİDPASS;Acidpass 10/800/165 mg 12 Çiğneme Tablet;10;1;11;0
24.09.2026;SELÇUK ECZA DEPOSU;SELÇUK TRABZON;8680001188482;ŞİFA ECZANESİ;GUMUSHANE;FAMTREC;Famtrec 800/26,6mg 14 Film Kaplı Tablet;3;0;3;0
28.09.2026;SELÇUK ECZA DEPOSU;SELÇUK TRABZON;8680001108954;BEDİR ECZANESİ;RIZE MERKEZ;ACİDPASS;Acidpass 10/800/165 mg 12 Çiğneme Tablet;10;1;11;0
04.09.2026;SELÇUK ECZA DEPOSU;SELÇUK TRABZON;8680001304233;HAKAN ECZANESİ;ARTVIN MERKEZ+DOGU+GUNEY;FAMTREC;Famtrec 800/26,6mg 14 Film Kaplı Tablet;2;0;2;0
03.09.2026;SELÇUK ECZA DEPOSU;SELÇUK SAMSUN;8680001935871;CEREN ECZANESI TURHAL;TOKAT BATI ILCELER;GRİPORT COLD;Griport Cold 20 Film Kaplı Tablet;1;0;1;0
17.09.2026;SELÇUK ECZA DEPOSU;SELÇUK SAMSUN;8680001948413;GÖKAL ECZANESİ;TOKAT ERBAA;GRİPORT COLD;Griport Cold 20 Film Kaplı Tablet;12;3;15;0
11.09.2026;SELÇUK ECZA DEPOSU;SELÇUK SAMSUN;8680001951116;DERMAN ECZANESİ ÜNYE;ORDU UNYE;MOKSEFEN;Moksefen 400 mg 7 Film Tablet;10;3;13;0
02.09.2026;SELÇUK ECZA DEPOSU;SELÇUK ERZURUM;8680001102396;ALTINÖRS ECZANESİ;AGRI DIYADIN+D.BEYAZIT;PANOCER;Panocer 40 mg 28 Enterik Kaplı Tablet;10;3;13;0
15.09.2026;SELÇUK ECZA DEPOSU;SELÇUK ERZURUM;8680001946082;MELİKE ECZANESİ;KARS ILCELER;MOKSEFEN;Moksefen 400 mg 7 Film Tablet;5;1;6;0
30.09.2026;SELÇUK ECZA DEPOSU;SELÇUK ERZURUM;8680001949069;SEMA ECZANESİ;KARS ILCELER;MOKSEFEN;Moksefen 400 mg 7 Film Tablet;20;10;30;0
16.09.2026;SELÇUK ECZA DEPOSU;SELÇUK TRABZON;8680001102822;DENİZ ECZANESİ;RIZE MERKEZ;PANOCER;Panocer 40 mg 28 Enterik Kaplı Tablet;30;12;42;0
30.09.2026;SELÇUK ECZA DEPOSU;SELÇUK TRABZON;8680001951321;UMUT ECZANESİ;TRABZON DOGU ILCELER -1;MOKSEFEN;Moksefen 400 mg 7 Film Tablet;20;10;30;0
29.09.2026;SELÇUK ECZA DEPOSU;SELÇUK SAMSUN;8680001425808;BİLGE ECZANESİ;CORUM KARGI+OSMANCIK;PANOCER;Panocer 40 mg 28 Enterik Kaplı Tablet;10;3;13;0
23.09.2026;SELÇUK ECZA DEPOSU;SELÇUK SAMSUN;8680001444090;VİTAMİN ECZANESİ;TOKAT MERKEZ -1;MOKSEFEN;Moksefen 400 mg 7 Film Tablet;10;3;13;0
15.09.2026;SELÇUK ECZA DEPOSU;SELÇUK SAMSUN;8680001455775;AB-I HAYAT ECZANESİ;ORDU FATSA;ACİDPASS;Acidpass 10/800/165 mg 12 Çiğneme Tablet;10;1;11;0
01.09.2026;SELÇUK ECZA DEPOSU;SELÇUK ERZURUM;8680001430291;KAYAKYOLU ECZANESİ;ERZURUM MERKEZ -3;ACİDPASS;Acidpass 10/800/165 mg 12 Çiğneme Tablet;20;3;23;0
01.09.2026;SELÇUK ECZA DEPOSU;SELÇUK ERZURUM;8680001814909;YAŞAM ECZANESİ;AGRI DIYADIN+D.BEYAZIT;ACİDPASS;Acidpass 10/800/165 mg 12 Çiğneme Tablet;10;1;11;0
11.09.2026;SELÇUK ECZA DEPOSU;SELÇUK ERZURUM;8680001896578;BETÜL ECZANESİ;ERZURUM MERKEZ -3;ACİDPASS;Acidpass 10/800/165 mg 12 Çiğneme Tablet;4;0;4;0
04.09.2026;SELÇUK ECZA DEPOSU;SELÇUK ERZURUM;8680001898107;AKYAKA ECZANESİ;KARS ILCELER;PANOCER;Panocer 40 mg 28 Enterik Kaplı Tablet;1;0;1;0
07.09.2026;SELÇUK ECZA DEPOSU;SELÇUK SAMSUN;8680001147984;DEVA ECZANESİ;SIVAS MERKEZ -1;ACİDPASS;Acidpass 10/800/165 mg 12 Çiğneme Tablet;1;0;1;0
24.09.2026;SELÇUK ECZA DEPOSU;SELÇUK SAMSUN;8680001149704;DENİZ ECZANESİ;ORDU MERKEZ -2;GRİPORT COLD;Griport Cold 20 Film Kaplı Tablet;12;3;15;0
17.09.2026;SELÇUK ECZA DEPOSU;SELÇUK SAMSUN;8680001147441;ÖRNEKOL ECZANESİ;SIVAS MERKEZ -3;GRİPORT COLD;Griport Cold 20 Film Kaplı Tablet;1;0;1;0
11.09.2026;SELÇUK ECZA DEPOSU;SELÇUK SAMSUN;8680001148097;CANTÜRK ECZANESİ;ORDU BATI ILCELER;PANOCER;Panocer 40 mg 28 Enterik Kaplı Tablet;10;3;13;0
30.09.2026;SELÇUK ECZA DEPOSU;SELÇUK SAMSUN;8680001153671;GÖZDE ECZANESİ;CORUM KUZEY ILCELER;GRİPORT COLD;Griport Cold 20 Film Kaplı Tablet;2;0;2;0
21.09.2026;SELÇUK ECZA DEPOSU;SELÇUK SAMSUN;8680001180363;ERCAN ECZANESİ;AMASYA MERZIFON;PANOCER;Panocer 40 mg 28 Enterik Kaplı Tablet;-100;-60;-160;-60
19.09.2026;SELÇUK ECZA DEPOSU;SELÇUK SAMSUN;8680001183937;SARAY ECZANESİ;TOKAT BATI ILCELER;PANOCER;Panocer 40 mg 28 Enterik Kaplı Tablet;5;0;5;0
30.09.2026;SELÇUK ECZA DEPOSU;SELÇUK SAMSUN;8680001189045;BİZİM ECZANESİ;ORDU MERKEZ -2;ACİDPASS;Acidpass 10/800/165 mg 12 Çiğneme Tablet;20;3;23;0
28.09.2026;SELÇUK ECZA DEPOSU;SELÇUK SAMSUN;8680001190539;ÖMÜR ECZANESİ;TOKAT MERKEZ -1;ACİDPASS;Acidpass 10/800/165 mg 12 Çiğneme Tablet;4;0;4;0
02.09.2026;SELÇUK ECZA DEPOSU;SELÇUK SAMSUN;8680001197781;BURCU ECZANESİ;TOKAT ERBAA;GRİPORT COLD;Griport Cold 20 Film Kaplı Tablet;7;1;8;0
23.09.2026;SELÇUK ECZA DEPOSU;SELÇUK ERZURUM;8680001117611;YENİ BÖLGE ECZANESİ;ERZURUM MERKEZ -3;PANOCER;Panocer 40 mg 28 Enterik Kaplı Tablet;10;3;13;0
30.09.2026;SELÇUK ECZA DEPOSU;SELÇUK ERZURUM;8680001134595;TAŞLIÇAY ECZANESİ;AGRI ILCELER;PANOCER;Panocer 40 mg 28 Enterik Kaplı Tablet;10;3;13;0
21.09.2026;SELÇUK ECZA DEPOSU;SELÇUK ERZURUM;8680001145935;DİLAN ECZANESİ;AGRI DIYADIN+D.BEYAZIT;GRİPORT COLD;Griport Cold 20 Film Kaplı Tablet;2;0;2;0
08.09.2026;SELÇUK ECZA DEPOSU;SELÇUK ERZURUM;8680001111091;ŞÜHEDA ECZANESİ;ERZURUM MERKEZ -2;ACİDPASS;Acidpass 10/800/165 mg 12 Çiğneme Tablet;2;0;2;0
29.09.2026;SELÇUK ECZA DEPOSU;SELÇUK SAMSUN;8680001101023;YENİ YAŞAM ECZANESİ;SAMSUN RASATHANE;ACİDPASS;Acidpass 10/800/165 mg 12 Çiğneme Tablet;1;0;1;0
10.09.2026;SELÇUK ECZA DEPOSU;SELÇUK SAMSUN;8680001101153;CEDİT ECZANESİ;SAMSUN ILKADIM - 2;PANOCER;Panocer 40 mg 28 Enterik Kaplı Tablet;10;3;13;0
16.09.2026;SELÇUK ECZA DEPOSU;SELÇUK TRABZON;8680001597697;YAŞAM ECZANESİ;TRABZON MERKEZ -1;GRİPORT COLD;Griport Cold 20 Film Kaplı Tablet;1;0;1;0
02.09.2026;SELÇUK ECZA DEPOSU;SELÇUK TRABZON;8680001642038;ZELİHA ÖDEMİŞ ECZANESİ;GIRESUN MERKEZ -2;PANOCER;Panocer 40 mg 28 Enterik Kaplı Tablet;50;25;75;0
09.09.2026;SELÇUK ECZA DEPOSU;SELÇUK TRABZON;8680001642366;ALEYNA ECZANESİ;TRABZON MERKEZ -1;PANOCER;Panocer 40 mg 28 Enterik Kaplı Tablet;10;3;13;0
16.09.2026;SELÇUK ECZA DEPOSU;SELÇUK TRABZON;8680001198634;ÇUKURÇAYIR ECZANESİ;TRABZON MERKEZ -3;PANOCER;Panocer 40 mg 14 Enterik Kaplı Tablet;10;3;13;0
21.09.2026;SELÇUK ECZA DEPOSU;SELÇUK TRABZON;8680001211760;ALPER ECZANESİ;TRABZON MERKEZ -3;ACİDPASS;Acidpass 10/800/165 mg 12 Çiğneme Tablet;2;0;2;0
19.09.2026;SELÇUK ECZA DEPOSU;SELÇUK TRABZON;8680001213757;HAYRAT ECZANESİ;TRABZON DOGU ILCELER -1;ACİDPASS;Acidpass 10/800/165 mg 12 Çiğneme Tablet;10;1;11;0
17.09.2026;SELÇUK ECZA DEPOSU;SELÇUK SAMSUN;8680001228744;LOKMAN ECZANESİ;TOKAT ERBAA;GRİPORT COLD;Griport Cold 20 Film Kaplı Tablet;12;3;15;0
09.09.2026;SELÇUK ECZA DEPOSU;SELÇUK SAMSUN;8680001950119;ORENCIK MINE ECZANESI BAFRA;SAMSUN BAFRA;ACİDPASS;Acidpass 10/800/165 mg 12 Çiğneme Tablet;1;0;1;0
24.09.2026;SELÇUK ECZA DEPOSU;SELÇUK ERZURUM;8680001102396;ALTINÖRS ECZANESİ;AGRI DIYADIN+D.BEYAZIT;ACİDPASS;Acidpass 10/800/165 mg 12 Çiğneme Tablet;2;0;2;0
29.09.2026;SELÇUK ECZA DEPOSU;SELÇUK SAMSUN;8680001277360;SEÇKİN ECZANESİ;ORDU FATSA;ACİDPASS;Acidpass 10/800/165 mg 6 Çiğneme Tablet;1;0;1;0
24.09.2026;SELÇUK ECZA DEPOSU;SELÇUK SAMSUN;8680001278268;LOKMAN ECZANESİ;ORDU FATSA;PANOCER;Panocer 40 mg 14 Enterik Kaplı Tablet;2;0;2;0
04.09.2026;SELÇUK ECZA DEPOSU;SELÇUK SAMSUN;8680001381524;CAN ECZANESİ;ORDU BATI ILCELER;MOKSEFEN;Moksefen 400 mg 7 Film Tablet;30;15;45;0
09.09.2026;SELÇUK ECZA DEPOSU;SELÇUK SAMSUN;8680001413171;AYKANAT ECZANESİ;SAMSUN ATAKUM;ACİDPASS;Acidpass 10/800/165 mg 12 Çiğneme Tablet;10;1;11;0
04.09.2026;SELÇUK ECZA DEPOSU;SELÇUK SAMSUN;8680001479726;BOĞAZİÇİ ECZANESİ;ORDU BATI ILCELER;ACİDPASS;Acidpass 10/800/165 mg 12 Çiğneme Tablet;150;60;210;0
23.09.2026;SELÇUK ECZA DEPOSU;SELÇUK SAMSUN;8680001480890;BETÜL YÜZER ECZANESİ;TOKAT MERKEZ -2;GRİPORT COLD;Griport Cold 20 Film Kaplı Tablet;70;45;115;0
05.09.2026;SELÇUK ECZA DEPOSU;SELÇUK ERZURUM;8680001915934;FİRDEVS ECZANESİ;ERZURUM MERKEZ -3;GRİPORT COLD;Griport Cold 20 Film Kaplı Tablet;7;1;8;0
17.09.2026;SELÇUK ECZA DEPOSU;SELÇUK TRABZON;8680001122776;CEBECİ ECZANESİ;ARTVIN KUZEY ILCELER;PANOCER;Panocer 40 mg 28 Enterik Kaplı Tablet;165;135;300;0
09.09.2026;SELÇUK ECZA DEPOSU;SELÇUK TRABZON;8680001122776;CEBECİ ECZANESİ;ARTVIN KUZEY ILCELER;ACİDPASS;Acidpass 10/800/165 mg 12 Çiğneme Tablet;50;15;65;0
01.09.2026;SELÇUK ECZA DEPOSU;SELÇUK TRABZON;8680001123827;SERHAT ECZANESİ;ARTVIN MERKEZ+DOGU+GUNEY;PANOCER;Panocer 40 mg 28 Enterik Kaplı Tablet;50;25;75;0
18.09.2026;SELÇUK ECZA DEPOSU;SELÇUK TRABZON;8680001133048;ÖZCAN ECZANESİ;ARTVIN MERKEZ+DOGU+GUNEY;MOKSEFEN;Moksefen 400 mg 7 Film Tablet;20;10;30;0
25.09.2026;SELÇUK ECZA DEPOSU;SELÇUK SAMSUN;8680001713677;YENİ MEDRESEÖNÜ ECZANESİ;ORDU DOGU ILCELER;ACİDPASS;Acidpass 10/800/165 mg 12 Çiğneme Tablet;2;0;2;0
30.09.2026;SELÇUK ECZA DEPOSU;SELÇUK SAMSUN;8680001715589;HİTİT ECZANESİ;CORUM MERKEZ -3;PANOCER;Panocer 40 mg 28 Enterik Kaplı Tablet;30;12;42;0
08.09.2026;SELÇUK ECZA DEPOSU;SELÇUK ERZURUM;8680001103102;TUTAK ECZANESİ;AGRI ILCELER;ACİDPASS;Acidpass 10/800/165 mg 12 Çiğneme Tablet;10;1;11;0
05.09.2026;SELÇUK ECZA DEPOSU;SELÇUK ERZURUM;8680001103461;ADA ECZANESİ;ERZURUM MERKEZ -1;PANOCER;Panocer 40 mg 14 Enterik Kaplı Tablet;1;0;1;0
01.09.2026;SELÇUK ECZA DEPOSU;SELÇUK ERZURUM;8680001109531;HÜRRİYET ECZANESİ;ERZURUM MERKEZ -1;ACİDPASS;Acidpass 10/800/165 mg 12 Çiğneme Tablet;2;0;2;0
07.09.2026;SELÇUK ECZA DEPOSU;SELÇUK SAMSUN;8680001158706;AKIN ECZANESİ;SIVAS MERKEZ -2;PANOCER;Panocer 40 mg 28 Enterik Kaplı Tablet;50;20;70;0
01.09.2026;SELÇUK ECZA DEPOSU;SELÇUK SAMSUN;8680001200597;SAĞLIK ECZANESİ;TOKAT BATI ILCELER;PANOCER;Panocer 40 mg 28 Enterik Kaplı Tablet;165;135;300;0
09.09.2026;SELÇUK ECZA DEPOSU;SELÇUK SAMSUN;8680001890323;CAN ECZANESİ;TOKAT ERBAA;PANOCER;Panocer 40 mg 28 Enterik Kaplı Tablet;4;0;4;0
17.09.2026;SELÇUK ECZA DEPOSU;SELÇUK TRABZON;8680001527892;FEYZA ECZANESI;TRABZON DOGU ILCELER - 2;ACİDPASS;Acidpass 10/800/165 mg 12 Çiğneme Tablet;3;0;3;0
21.09.2026;SELÇUK ECZA DEPOSU;SELÇUK TRABZON;8680001527892;FEYZA ECZANESI;TRABZON DOGU ILCELER - 2;ACİDPASS;Acidpass 10/800/165 mg 12 Çiğneme Tablet;10;1;11;0
09.09.2026;SELÇUK ECZA DEPOSU;SELÇUK TRABZON;8680001552191;KALKANDERE ECZANESİ;RIZE BATI ILCELER;PANOCER;Panocer 40 mg 14 Enterik Kaplı Tablet;2;0;2;0
22.09.2026;SELÇUK ECZA DEPOSU;SELÇUK TRABZON;8680001552191;KALKANDERE ECZANESİ;RIZE BATI ILCELER;GRİPORT COLD;Griport Cold 20 Film Kaplı Tablet;12;3;15;0
17.09.2026;SELÇUK ECZA DEPOSU;SELÇUK TRABZON;8680001642366;ALEYNA ECZANESİ;TRABZON MERKEZ -1;PANOCER;Panocer 40 mg 28 Enterik Kaplı Tablet;10;3;13;0
10.09.2026;SELÇUK ECZA DEPOSU;SELÇUK TRABZON;8680001756018;ZEYTÜL ECZANESİ;ARTVIN KUZEY ILCELER;GRİPORT COLD;Griport Cold 20 Film Kaplı Tablet;7;1;8;0
23.09.2026;SELÇUK ECZA DEPOSU;SELÇUK SAMSUN;8680001847914;IŞIK ECZANESİ;SIVAS MERKEZ -4;MOKSEFEN;Moksefen 400 mg 7 Film Tablet;5;1;6;0
18.09.2026;SELÇUK ECZA DEPOSU;SELÇUK SAMSUN;8680001856534;NEFES ECZANESİ;SAMSUN BAHCELIEVLER;ACİDPASS;Acidpass 10/800/165 mg 12 Çiğneme Tablet;2;0;2;0
29.09.2026;SELÇUK ECZA DEPOSU;SELÇUK ERZURUM;8680001698394;GÖZDE ECZANESİ;ERZURUM MERKEZ -1;MOKSEFEN;Moksefen 400 mg 7 Film Tablet;1;0;1;0
10.09.2026;SELÇUK ECZA DEPOSU;SELÇUK SAMSUN;8680001121670;ŞİFA ECZANESİ;SINOP DOGU-BATI ILCELER;ACİDPASS;Acidpass 10/800/165 mg 6 Çiğneme Tablet;2;0;2;0
17.09.2026;SELÇUK ECZA DEPOSU;SELÇUK SAMSUN;8680001121670;ŞİFA ECZANESİ;SINOP DOGU-BATI ILCELER;MOKSEFEN;Moksefen 400 mg 7 Film Tablet;20;10;30;0
03.09.2026;SELÇUK ECZA DEPOSU;SELÇUK SAMSUN;8680001123162;HATİPOĞLU ECZANESİ;AMASYA ILCELER;PANOCER;Panocer 40 mg 28 Enterik Kaplı Tablet;30;12;42;0
29.09.2026;SELÇUK ECZA DEPOSU;SELÇUK TRABZON;8680001103454;ÖNCE SAĞLIK ECZANESİ;RIZE MERKEZ;PANOCER;Panocer 40 mg 28 Enterik Kaplı Tablet;10;3;13;0
12.09.2026;SELÇUK ECZA DEPOSU;SELÇUK TRABZON;8680001112364;ŞİFA ECZANESİ;RIZE MERKEZ;ACİDPASS;Acidpass 10/800/165 mg 12 Çiğneme Tablet;50;15;65;0
15.09.2026;SELÇUK ECZA DEPOSU;SELÇUK TRABZON;8680001112722;BİLSEL ECZANESİ;RIZE MERKEZ;ACİDPASS;Acidpass 10/800/165 mg 12 Çiğneme Tablet;10;1;11;0
29.09.2026;SELÇUK ECZA DEPOSU;SELÇUK TRABZON;8680001112722;BİLSEL ECZANESİ;RIZE MERKEZ;ACİDPASS;Acidpass 10/800/165 mg 12 Çiğneme Tablet;10;1;11;0
29.09.2026;SELÇUK ECZA DEPOSU;SELÇUK SAMSUN;8680001666829;ARİF ECZANESİ;ORDU DOGU ILCELER;PANOCER;Panocer 40 mg 28 Enterik Kaplı Tablet;10;3;13;0
30.09.2026;SELÇUK ECZA DEPOSU;SELÇUK SAMSUN;8680001688579;SÜNBÜLCÜ ECZANESİ;CORUM MERKEZ -3;GRİPORT COLD;Griport Cold 20 Film Kaplı Tablet;7;1;8;0
02.09.2026;SELÇUK ECZA DEPOSU;SELÇUK TRABZON;8680001949557;YALINCAK CADDE;TRABZON MERKEZ -3;MOKSEFEN;Moksefen 400 mg 7 Film Tablet;10;3;13;0
11.09.2026;SELÇUK ECZA DEPOSU;SELÇUK TRABZON;8680001951321;UMUT ECZANESİ;TRABZON DOGU ILCELER -1;ACİDPASS;Acidpass 10/800/165 mg 12 Çiğneme Tablet;41;12;53;0
18.09.2026;SELÇUK ECZA DEPOSU;SELÇUK TRABZON;8680001953820;KAREL ECZANESİ;TRABZON MERKEZ -2;MOKSEFEN;Moksefen 400 mg 7 Film Tablet;50;35;85;0
25.09.2026;SELÇUK ECZA DEPOSU;SELÇUK SAMSUN;8680001461882;NİŞANTAŞI SEMA ECZANESİ;SAMSUN ATAKUM;ACİDPASS;Acidpass 10/800/165 mg 12 Çiğneme Tablet;150;60;210;0
12.09.2026;SELÇUK ECZA DEPOSU;SELÇUK SAMSUN;8680001468102;YENİ MAHALLE ECZANESİ;SAMSUN ATAKENT+19 MAYIS;ACİDPASS;Acidpass 10/800/165 mg 12 Çiğneme Tablet;10;1;11;0
28.09.2026;SELÇUK ECZA DEPOSU;SELÇUK SAMSUN;8680001472925;İLKÜVEZ ECZANESİ;ORDU BATI ILCELER;ACİDPASS;Acidpass 10/800/165 mg 12 Çiğneme Tablet;10;1;11;0
14.09.2026;SELÇUK ECZA DEPOSU;SELÇUK TRABZON;8680001122325;YASEMİN ECZANESİ;ARTVIN KUZEY ILCELER;ACİDPASS;Acidpass 10/800/165 mg 6 Çiğneme Tablet;5;0;5;0
13.09.2026;SELÇUK ECZA DEPOSU;SELÇUK TRABZON;8680001123056;VATAN ECZANESİ;ARTVIN KUZEY ILCELER;PANOCER;Panocer 40 mg 28 Enterik Kaplı Tablet;30;12;42;0
08.09.2026;SELÇUK ECZA DEPOSU;SELÇUK TRABZON;8680001130917;PAZAR ECZANESİ;RIZE DOGU ILCELER;PANOCER;Panocer 40 mg 28 Enterik Kaplı Tablet;4;0;4;0
08.09.2026;SELÇUK ECZA DEPOSU;SELÇUK TRABZON;8680001130917;PAZAR ECZANESİ;RIZE DOGU ILCELER;GRİPORT COLD;Griport Cold 20 Film Kaplı Tablet;5;0;5;0
25.09.2026;SELÇUK ECZA DEPOSU;SELÇUK SAMSUN;8680001847334;ÇAĞLA ECZANESİ;ORDU UNYE;MOKSEFEN;Moksefen 400 mg 7 Film Tablet;1;0;1;0
08.09.2026;SELÇUK ECZA DEPOSU;SELÇUK SAMSUN;8680001866106;MENTEŞOĞLU ECZANESI;SAMSUN DOGU ILCELER - 2;ACİDPASS;Acidpass 10/800/165 mg 12 Çiğneme Tablet;4;0;4;0
01.09.2026;SELÇUK ECZA DEPOSU;SELÇUK ERZURUM;8680001915996;HARAKANI ECZANESİ;KARS MERKEZ;ACİDPASS;Acidpass 10/800/165 mg 12 Çiğneme Tablet;10;1;11;0
19.09.2026;SELÇUK ECZA DEPOSU;SELÇUK ERZURUM;8680001950805;GÜNEŞ ECZANESİ;ERZURUM GUNEY ILCELER;ACİDPASS;Acidpass 10/800/165 mg 6 Çiğneme Tablet;10;1;11;0
17.09.2026;SELÇUK ECZA DEPOSU;SELÇUK TRABZON;8680001103454;ÖNCE SAĞLIK ECZANESİ;RIZE MERKEZ;ACİDPASS;Acidpass 10/800/165 mg 12 Çiğneme Tablet;1;0;1;0
23.09.2026;SELÇUK ECZA DEPOSU;SELÇUK SAMSUN;8680001110766;TÜRKİŞ ECZANESİ;SAMSUN ATAKUM;ACİDPASS;Acidpass 10/800/165 mg 12 Çiğneme Tablet;1;0;1;0
26.09.2026;SELÇUK ECZA DEPOSU;SELÇUK SAMSUN;8680001113217;ERDEM ECZANESİ;SAMSUN BAFRA;ACİDPASS;Acidpass 10/800/165 mg 12 Çiğneme Tablet;20;3;23;0
29.09.2026;SELÇUK ECZA DEPOSU;SELÇUK SAMSUN;8680001114375;GÜNGÖRMÜŞ ECZANESİ;SAMSUN ULUGAZI;GRİPORT COLD;Griport Cold 20 Film Kaplı Tablet;1;0;1;0
28.09.2026;SELÇUK ECZA DEPOSU;SELÇUK TRABZON;8680001204960;SAĞLIK ECZANESİ;TRABZON DOGU ILCELER -1;ACİDPASS;Acidpass 10/800/165 mg 12 Çiğneme Tablet;10;1;11;0
28.09.2026;SELÇUK ECZA DEPOSU;SELÇUK SAMSUN;8680001552870;FARUK ECZANESİ;SAMSUN RASATHANE;MOKSEFEN;Moksefen 400 mg 7 Film Tablet;1;0;1;0
11.09.2026;SELÇUK ECZA DEPOSU;SELÇUK SAMSUN;8680001563562;MERT ECZANESİ;SAMSUN ILKADIM - 2;ACİDPASS;Acidpass 10/800/165 mg 6 Çiğneme Tablet;2;0;2;0
24.09.2026;SELÇUK ECZA DEPOSU;SELÇUK SAMSUN;8680001601691;ELİF ECZANESİ;SIVAS MERKEZ -4;ACİDPASS;Acidpass 10/800/165 mg 12 Çiğneme Tablet;10;1;11;0
10.09.2026;SELÇUK ECZA DEPOSU;SELÇUK SAMSUN;8680001621934;BÜŞRA TURAN ECZANESİ;SAMSUN BAFRA;GRİPORT COLD;Griport Cold 20 Film Kaplı Tablet;7;1;8;0
02.09.2026;SELÇUK ECZA DEPOSU;SELÇUK TRABZON;8680001130177;DEVA ECZANESİ;RIZE MERKEZ;MOKSEFEN;Moksefen 400 mg 7 Film Tablet;50;35;85;0
02.09.2026;SELÇUK ECZA DEPOSU;SELÇUK ERZURUM;8680001102938;DİYADİN ECZANESİ;AGRI DIYADIN+D.BEYAZIT;PANOCER;Panocer 40 mg 28 Enterik Kaplı Tablet;165;135;300;0
05.09.2026;SELÇUK ECZA DEPOSU;SELÇUK ERZURUM;8680001103461;ADA ECZANESİ;ERZURUM MERKEZ -1;ACİDPASS;Acidpass 10/800/165 mg 6 Çiğneme Tablet;2;0;2;0
23.09.2026;SELÇUK ECZA DEPOSU;SELÇUK ERZURUM;8680001111268;SEVGİ ECZANESİ;ERZURUM MERKEZ -2;PANOCER;Panocer 40 mg 28 Enterik Kaplı Tablet;50;25;75;0
11.09.2026;SELÇUK ECZA DEPOSU;SELÇUK TRABZON;8680001951321;UMUT ECZANESİ;TRABZON DOGU ILCELER -1;PANOCER;Panocer 40 mg 28 Enterik Kaplı Tablet;22;11;33;0
05.09.2026;SELÇUK ECZA DEPOSU;SELÇUK SAMSUN;8680001596638;MEHMET ECZANESİ;CORUM KARGI+OSMANCIK;MOKSEFEN;Moksefen 400 mg 7 Film Tablet;5;1;6;0
25.09.2026;SELÇUK ECZA DEPOSU;SELÇUK ERZURUM;8680001109531;HÜRRİYET ECZANESİ;ERZURUM MERKEZ -1;ACİDPASS;Acidpass 10/800/165 mg 12 Çiğneme Tablet;3;0;3;0
25.09.2026;SELÇUK ECZA DEPOSU;SELÇUK ERZURUM;8680001469550;BAKAN ECZANESİ;ERZURUM MERKEZ -1;GRİPORT COLD;Griport Cold 20 Film Kaplı Tablet;3;0;3;0
01.09.2026;SELÇUK ECZA DEPOSU;SELÇUK ERZURUM;8680001480630;HAYAT ECZANESİ;AGRI MERKEZ;ACİDPASS;Acidpass 10/800/165 mg 12 Çiğneme Tablet;10;1;11;0
04.09.2026;SELÇUK ECZA DEPOSU;SELÇUK SAMSUN;8680001277254;ÖLÇEK ECZANESİ;ORDU FATSA;PANOCER;Panocer 40 mg 28 Enterik Kaplı Tablet;10;3;13;0
05.09.2026;SELÇUK ECZA DEPOSU;SELÇUK SAMSUN;8680001381524;CAN ECZANESİ;ORDU BATI ILCELER;ACİDPASS;Acidpass 10/800/165 mg 6 Çiğneme Tablet;1;0;1;0
23.09.2026;SELÇUK ECZA DEPOSU;SELÇUK ERZURUM;8680001452965;ZAFER ECZANESİ;ERZURUM MERKEZ -3;GRİPORT COLD;Griport Cold 20 Film Kaplı Tablet;60;36;96;0
10.09.2026;SELÇUK ECZA DEPOSU;SELÇUK ERZURUM;8680001461868;ÇINAR ECZANESİ;ERZURUM MERKEZ -2;MOKSEFEN;Moksefen 400 mg 7 Film Tablet;5;1;6;0
23.09.2026;SELÇUK ECZA DEPOSU;SELÇUK ERZURUM;8680001470341;DEMIR ECZANESI;KARS MERKEZ;ACİDPASS;Acidpass 10/800/165 mg 12 Çiğneme Tablet;10;1;11;0
02.09.2026;SELÇUK ECZA DEPOSU;SELÇUK TRABZON;8680001642366;ALEYNA ECZANESİ;TRABZON MERKEZ -1;GRİPORT COLD;Griport Cold 20 Film Kaplı Tablet;2;0;2;0
22.09.2026;SELÇUK ECZA DEPOSU;SELÇUK TRABZON;8680001664702;BERNA SULTAN ECZANESİ;TRABZON DUZKOY+MACKA;ACİDPASS;Acidpass 10/800/165 mg 12 Çiğneme Tablet;5;0;5;0
07.09.2026;SELÇUK ECZA DEPOSU;SELÇUK TRABZON;8680001684878;HAZAR ECZANESİ;GIRESUN MERKEZ -2;MOKSEFEN;Moksefen 400 mg 7 Film Tablet;5;1;6;0
01.09.2026;SELÇUK ECZA DEPOSU;SELÇUK TRABZON;8680001695867;GÜLBAHAR ECZANESİ;RIZE MERKEZ;MOKSEFEN;Moksefen 400 mg 7 Film Tablet;5;1;6;0
29.09.2026;SELÇUK ECZA DEPOSU;SELÇUK TRABZON;8680001860883;ATA ECZANESİ;TRABZON MERKEZ -1;PANOCER;Panocer 40 mg 28 Enterik Kaplı Tablet;10;3;13;0
02.09.2026;SELÇUK ECZA DEPOSU;SELÇUK SAMSUN;8680001169931;MERKEZ ECZANESI;TOKAT TURHAL;ACİDPASS;Acidpass 10/800/165 mg 12 Çiğneme Tablet;10;1;11;0
14.09.2026;SELÇUK ECZA DEPOSU;SELÇUK ERZURUM;8680001742967;SÜPHAN ECZANESİ;AGRI ILCELER;ACİDPASS;Acidpass 10/800/165 mg 12 Çiğneme Tablet;3;0;3;0
14.09.2026;SELÇUK ECZA DEPOSU;SELÇUK ERZURUM;8680001811915;ŞİFA ECZANESİ;AGRI DIYADIN+D.BEYAZIT;PANOCER;Panocer 40 mg 28 Enterik Kaplı Tablet;10;3;13;0
10.09.2026;SELÇUK ECZA DEPOSU;SELÇUK ERZURUM;8680001569427;HAYAT ECZANESİ;ERZURUM MERKEZ -2;ACİDPASS;Acidpass 10/800/165 mg 12 Çiğneme Tablet;3;0;3;0
02.09.2026;SELÇUK ECZA DEPOSU;SELÇUK ERZURUM;8680001618347;KAPLAN ECZANESİ;ERZURUM MERKEZ -3;ACİDPASS;Acidpass 10/800/165 mg 12 Çiğneme Tablet;1;0;1;0
19.09.2026;SELÇUK ECZA DEPOSU;SELÇUK TRABZON;8680001897612;SELDA NUR ECZANESİ;GIRESUN MERKEZ -2;MOKSEFEN;Moksefen 400 mg 7 Film Tablet;10;3;13;0
07.09.2026;SELÇUK ECZA DEPOSU;SELÇUK ERZURUM;8680001431373;ONUR ECZANESİ;ERZINCAN MERKEZ;GRİPORT COLD;Griport Cold 20 Film Kaplı Tablet;1;0;1;0
29.09.2026;SELÇUK ECZA DEPOSU;SELÇUK SAMSUN;8680001148370;ODABAŞ ECZANESİ;ORDU MERKEZ -1;ACİDPASS;Acidpass 10/800/165 mg 12 Çiğneme Tablet;20;3;23;0
24.09.2026;SELÇUK ECZA DEPOSU;SELÇUK SAMSUN;8680001149018;ŞİFA ECZANESİ;CORUM KARGI+OSMANCIK;PANOCER;Panocer 40 mg 28 Enterik Kaplı Tablet;30;12;42;0
03.09.2026;SELÇUK ECZA DEPOSU;SELÇUK ERZURUM;8680001430031;ERZURUM ECZANESİ;ERZURUM MERKEZ -1;PANOCER;Panocer 40 mg 28 Enterik Kaplı Tablet;4;0;4;0
23.09.2026;SELÇUK ECZA DEPOSU;SELÇUK SAMSUN;8680001649273;ELİF ECZANESİ;ORDU FATSA;ACİDPASS;Acidpass 10/800/165 mg 12 Çiğneme Tablet;5;0;5;0
17.09.2026;SELÇUK ECZA DEPOSU;SELÇUK SAMSUN;8680001178230;KOÇAK ECZANESİ;AMASYA MERZIFON;MOKSEFEN;Moksefen 400 mg 7 Film Tablet;5;1;6;0
09.09.2026;SELÇUK ECZA DEPOSU;SELÇUK TRABZON;8680001659203;FEYZA ECZANESI;ARTVIN KUZEY ILCELER;MOKSEFEN;Moksefen 400 mg 7 Film Tablet;10;3;13;0
11.09.2026;SELÇUK ECZA DEPOSU;SELÇUK TRABZON;8680001664764;İREM ECZANESİ;GIRESUN MERKEZ -2;ACİDPASS;Acidpass 10/800/165 mg 12 Çiğneme Tablet;50;15;65;0
28.09.2026;SELÇUK ECZA DEPOSU;SELÇUK SAMSUN;8680001146949;DUYGU ECZANESİ;CORUM MERKEZ -1;PANOCER;Panocer 40 mg 28 Enterik Kaplı Tablet;3;0;3;0
18.09.2026;SELÇUK ECZA DEPOSU;SELÇUK SAMSUN;8680001148684;İSTASYON ECZANESİ;SIVAS MERKEZ -4;PANOCER;Panocer 40 mg 28 Enterik Kaplı Tablet;165;135;300;0
08.09.2026;SELÇUK ECZA DEPOSU;SELÇUK SAMSUN;8680001692101;İSTİKLAL ECZANESİ;ORDU BATI ILCELER;ACİDPASS;Acidpass 10/800/165 mg 12 Çiğneme Tablet;10;1;11;0
24.09.2026;SELÇUK ECZA DEPOSU;SELÇUK SAMSUN;8680001119073;CANKOR ECZANESİ;SAMSUN ATAKENT+19 MAYIS;ACİDPASS;Acidpass 10/800/165 mg 12 Çiğneme Tablet;150;60;210;0
22.09.2026;SELÇUK ECZA DEPOSU;SELÇUK SAMSUN;8680001121670;ŞİFA ECZANESİ;SINOP DOGU-BATI ILCELER;ACİDPASS;Acidpass 10/800/165 mg 12 Çiğneme Tablet;-10;-1;-11;-1
12.09.2026;SELÇUK ECZA DEPOSU;SELÇUK SAMSUN;8680001121908;DENİZ ECZANESİ;SAMSUN BAFRA;PANOCER;Panocer 40 mg 28 Enterik Kaplı Tablet;10;3;13;0
02.09.2026;SELÇUK ECZA DEPOSU;SELÇUK TRABZON;8680001277889;DERMAN ECZANESİ;TRABZON BATI ILCELER - 2;MOKSEFEN;Moksefen 400 mg 7 Film Tablet;50;35;85;0
17.09.2026;SELÇUK ECZA DEPOSU;SELÇUK TRABZON;8680001377954;ERDOĞAN ECZANESİ;TRABZON MERKEZ -4;ACİDPASS;Acidpass 10/800/165 mg 12 Çiğneme Tablet;10;1;11;0
15.09.2026;SELÇUK ECZA DEPOSU;SELÇUK SAMSUN;8680001158553;ERMAN ECZANESİ;CORUM MERKEZ -1;ACİDPASS;Acidpass 10/800/165 mg 12 Çiğneme Tablet;3;0;3;0
24.09.2026;SELÇUK ECZA DEPOSU;SELÇUK SAMSUN;8680001159000;KILIÇ ECZANESİ;AMASYA GOYNUCEK+TASOVA;GRİPORT COLD;Griport Cold 20 Film Kaplı Tablet;40;20;60;0
01.09.2026;SELÇUK ECZA DEPOSU;SELÇUK SAMSUN;8680001159505;KARAKAŞLI ECZANESİ;CORUM MERKEZ -2;PANOCER;Panocer 40 mg 28 Enterik Kaplı Tablet;10;3;13;0
18.09.2026;SELÇUK ECZA DEPOSU;SELÇUK SAMSUN;8680001160532;SAĞLIK ECZANESİ;SAMSUN BAFRA;ACİDPASS;Acidpass 10/800/165 mg 12 Çiğneme Tablet;10;1;11;0
28.09.2026;SELÇUK ECZA DEPOSU;SELÇUK SAMSUN;8680001163847;KARAMANOĞLU ECZANESİ;ORDU MERKEZ -2;ACİDPASS;Acidpass 10/800/165 mg 12 Çiğneme Tablet;10;1;11;0
22.09.2026;SELÇUK ECZA DEPOSU;SELÇUK SAMSUN;8680001166312;BAHAR ECZANESİ;TOKAT MERKEZ -1;ACİDPASS;Acidpass 10/800/165 mg 6 Çiğneme Tablet;-3;0;-3;0
09.09.2026;SELÇUK ECZA DEPOSU;SELÇUK SAMSUN;8680001167678;KARDELEN ECZANESİ;TOKAT MERKEZ -1;ACİDPASS;Acidpass 10/800/165 mg 12 Çiğneme Tablet;10;1;11;0
17.09.2026;SELÇUK ECZA DEPOSU;SELÇUK SAMSUN;8680001170333;YİĞİT ECZANESİ;TOKAT MERKEZ -2;ACİDPASS;Acidpass 10/800/165 mg 12 Çiğneme Tablet;3;0;3;0
25.09.2026;SELÇUK ECZA DEPOSU;SELÇUK SAMSUN;8680001170500;KUMRU ECZANESİ;TOKAT MERKEZ -1;ACİDPASS;Acidpass 10/800/165 mg 6 Çiğneme Tablet;1;0;1;0
29.09.2026;SELÇUK ECZA DEPOSU;SELÇUK SAMSUN;8680001179237;BURAK ECZANESİ;TOKAT TURHAL;ACİDPASS;Acidpass 10/800/165 mg 12 Çiğneme Tablet;10;1;11;0
24.09.2026;SELÇUK ECZA DEPOSU;SELÇUK SAMSUN;8680001419876;NUR ECZANESİ;ORDU MERKEZ -3;PANOCER;Panocer 40 mg 28 Enterik Kaplı Tablet;2;0;2;0
04.09.2026;SELÇUK ECZA DEPOSU;SELÇUK SAMSUN;8680001422104;SERDAR ECZANESİ;TOKAT MERKEZ -1;ACİDPASS;Acidpass 10/800/165 mg 6 Çiğneme Tablet;2;0;2;0
12.09.2026;SELÇUK ECZA DEPOSU;SELÇUK SAMSUN;8680001433599;DERMAN ECZANESİ;TOKAT ERBAA;GRİPORT COLD;Griport Cold 20 Film Kaplı Tablet;40;20;60;0
04.09.2026;SELÇUK ECZA DEPOSU;SELÇUK SAMSUN;8680001158379;HALK ECZANESİ;ORDU GUNEY ILCELER -1;ACİDPASS;Acidpass 10/800/165 mg 12 Çiğneme Tablet;20;3;23;0
12.09.2026;SELÇUK ECZA DEPOSU;SELÇUK SAMSUN;8680001158515;HAYAT ECZANESİ;ORDU GUNEY ILCELER -1;GRİPORT COLD;Griport Cold 20 Film Kaplı Tablet;5;0;5;0
16.09.2026;SELÇUK ECZA DEPOSU;SELÇUK SAMSUN;8680001158553;ERMAN ECZANESİ;CORUM MERKEZ -1;GRİPORT COLD;Griport Cold 20 Film Kaplı Tablet;12;3;15;0
04.09.2026;SELÇUK ECZA DEPOSU;SELÇUK SAMSUN;8680001166800;DOĞRU ECZANESİ;TOKAT MERKEZ -1;PANOCER;Panocer 40 mg 28 Enterik Kaplı Tablet;30;12;42;0
01.09.2026;SELÇUK ECZA DEPOSU;SELÇUK SAMSUN;8680001169610;HIZIR ECZANESİ;TOKAT TURHAL;MOKSEFEN;Moksefen 400 mg 7 Film Tablet;5;1;6;0
03.09.2026;SELÇUK ECZA DEPOSU;SELÇUK TRABZON;8680001527892;FEYZA ECZANESI;TRABZON DOGU ILCELER - 2;PANOCER;Panocer 40 mg 28 Enterik Kaplı Tablet;10;3;13;0
17.09.2026;SELÇUK ECZA DEPOSU;SELÇUK TRABZON;8680001545889;DEVA ECZANESİ;GIRESUN DOGU ILCELER -2;PANOCER;Panocer 40 mg 28 Enterik Kaplı Tablet;10;3;13;0
19.09.2026;SELÇUK ECZA DEPOSU;SELÇUK TRABZON;8680001545889;DEVA ECZANESİ;GIRESUN DOGU ILCELER -2;ACİDPASS;Acidpass 10/800/165 mg 12 Çiğneme Tablet;10;1;11;0
04.09.2026;SELÇUK ECZA DEPOSU;SELÇUK TRABZON;8680001565856;EMEK ECZANESİ;RIZE MERKEZ;ACİDPASS;Acidpass 10/800/165 mg 12 Çiğneme Tablet;10;1;11;0
29.09.2026;SELÇUK ECZA DEPOSU;SELÇUK SAMSUN;8680001127818;HASKÖY NALAN ECZANESİ;SAMSUN CANIK;ACİDPASS;Acidpass 10/800/165 mg 12 Çiğneme Tablet;3;0;3;0
16.09.2026;SELÇUK ECZA DEPOSU;SELÇUK SAMSUN;8680001139293;NASUHOĞLU ECZANESİ;SIVAS MERKEZ -4;ACİDPASS;Acidpass 10/800/165 mg 12 Çiğneme Tablet;3;0;3;0
01.09.2026;SELÇUK ECZA DEPOSU;SELÇUK SAMSUN;8680001141326;ŞİFA ECZANESİ;AMASYA ILCELER;GRİPORT COLD;Griport Cold 20 Film Kaplı Tablet;12;3;15;0
03.09.2026;SELÇUK ECZA DEPOSU;SELÇUK SAMSUN;8680001847334;ÇAĞLA ECZANESİ;ORDU UNYE;ACİDPASS;Acidpass 10/800/165 mg 12 Çiğneme Tablet;10;1;11;0
18.09.2026;SELÇUK ECZA DEPOSU;SELÇUK TRABZON;8680001114146;UMUT ECZANESİ;ARTVIN MERKEZ+DOGU+GUNEY;ACİDPASS;Acidpass 10/800/165 mg 12 Çiğneme Tablet;20;3;23;0
23.09.2026;SELÇUK ECZA DEPOSU;SELÇUK SAMSUN;8680001706129;EVNUR SİNEM ECZANESİ;SAMSUN BAHCELIEVLER;ACİDPASS;Acidpass 10/800/165 mg 12 Çiğneme Tablet;10;1;11;0
21.09.2026;SELÇUK ECZA DEPOSU;SELÇUK SAMSUN;8680001717774;AYŞEGÜL ECZANESİ;SAMSUN BAFRA;PANOCER;Panocer 40 mg 28 Enterik Kaplı Tablet;10;3;13;0
04.09.2026;SELÇUK ECZA DEPOSU;SELÇUK SAMSUN;8680001718771;YENİ KIZILIRMAK ECZANESİ;SAMSUN BAFRA;MOKSEFEN;Moksefen 400 mg 7 Film Tablet;50;35;85;0
04.09.2026;SELÇUK ECZA DEPOSU;SELÇUK SAMSUN;8680001733743;ECZANE İLGİ;TOKAT DOGU ILCELER;ACİDPASS;Acidpass 10/800/165 mg 12 Çiğneme Tablet;2;0;2;0
05.09.2026;SELÇUK ECZA DEPOSU;SELÇUK SAMSUN;8680001738267;1919 ECZANESİ;SAMSUN ATAKENT+19 MAYIS;PANOCER;Panocer 40 mg 28 Enterik Kaplı Tablet;10;3;13;0
29.09.2026;SELÇUK ECZA DEPOSU;SELÇUK SAMSUN;8680001515882;YENİDOĞAN ECZANESİ;SAMSUN RASATHANE;ACİDPASS;Acidpass 10/800/165 mg 12 Çiğneme Tablet;10;1;11;0
11.09.2026;SELÇUK ECZA DEPOSU;SELÇUK SAMSUN;8680001547975;YENİ TEKELİ ECZANESİ;TOKAT TURHAL;MOKSEFEN;Moksefen 400 mg 7 Film Tablet;5;1;6;0
16.09.2026;SELÇUK ECZA DEPOSU;SELÇUK TRABZON;8680001170463;ŞİFA ECZANESİ;GUMUSHANE;MOKSEFEN;Moksefen 400 mg 7 Film Tablet;30;15;45;0
28.09.2026;SELÇUK ECZA DEPOSU;SELÇUK TRABZON;8680001170463;ŞİFA ECZANESİ;GUMUSHANE;GRİPORT COLD;Griport Cold 20 Film Kaplı Tablet;12;3;15;0
04.09.2026;SELÇUK ECZA DEPOSU;SELÇUK TRABZON;8680001173266;HÜLYA ECZANESİ;GIRESUN MERKEZ -2;ACİDPASS;Acidpass 10/800/165 mg 12 Çiğneme Tablet;10;1;11;0
21.09.2026;SELÇUK ECZA DEPOSU;SELÇUK ERZURUM;8680001635214;ZEHRA ECZANESİ;ERZURUM MERKEZ -3;ACİDPASS;Acidpass 10/800/165 mg 12 Çiğneme Tablet;2;0;2;0
21.09.2026;SELÇUK ECZA DEPOSU;SELÇUK TRABZON;8680001115853;AKIN ECZANESİ;ARTVIN MERKEZ+DOGU+GUNEY;FAMTREC;Famtrec 800/26,6mg 30 Film Kaplı Tablet;1;0;1;0
14.09.2026;SELÇUK ECZA DEPOSU;SELÇUK TRABZON;8680001116881;ÖZTÜRK ECZANESİ;RIZE BATI ILCELER;MOKSEFEN;Moksefen 400 mg 7 Film Tablet;5;1;6;0
14.09.2026;SELÇUK ECZA DEPOSU;SELÇUK TRABZON;8680001122325;YASEMİN ECZANESİ;ARTVIN KUZEY ILCELER;ACİDPASS;Acidpass 10/800/165 mg 12 Çiğneme Tablet;10;1;11;0
02.09.2026;SELÇUK ECZA DEPOSU;SELÇUK TRABZON;8680001122585;JÜLİDE NAZLI ECZANESİ;ARTVIN KUZEY ILCELER;MOKSEFEN;Moksefen 400 mg 7 Film Tablet;5;1;6;0
04.09.2026;SELÇUK ECZA DEPOSU;SELÇUK TRABZON;8680001123414;KARADENİZ ECZANESİ;RIZE DOGU ILCELER;ACİDPASS;Acidpass 10/800/165 mg 12 Çiğneme Tablet;50;15;65;0
03.09.2026;SELÇUK ECZA DEPOSU;SELÇUK SAMSUN;8680001481132;BAHAR ECZANESİ;SIVAS MERKEZ -4;MOKSEFEN;Moksefen 400 mg 7 Film Tablet;20;10;30;0
24.09.2026;SELÇUK ECZA DEPOSU;SELÇUK SAMSUN;8680001486359;SU ECZANESİ;ORDU GUNEY ILCELER -1;PANOCER;Panocer 40 mg 28 Enterik Kaplı Tablet;165;135;300;0
08.09.2026;SELÇUK ECZA DEPOSU;SELÇUK SAMSUN;8680001486359;SU ECZANESİ;ORDU GUNEY ILCELER -1;MOKSEFEN;Moksefen 400 mg 7 Film Tablet;5;1;6;0
02.09.2026;SELÇUK ECZA DEPOSU;SELÇUK SAMSUN;8680001486359;SU ECZANESİ;ORDU GUNEY ILCELER -1;GRİPORT COLD;Griport Cold 20 Film Kaplı Tablet;7;1;8;0
13.09.2026;SELÇUK ECZA DEPOSU;SELÇUK SAMSUN;8680001494163;ZEYNEP ECZANESİ;ORDU MERKEZ -3;GRİPORT COLD;Griport Cold 20 Film Kaplı Tablet;2;0;2;0
07.09.2026;SELÇUK ECZA DEPOSU;SELÇUK TRABZON;8680001119615;MERKEZ ECZANESI;RIZE BATI ILCELER;PANOCER;Panocer 40 mg 14 Enterik Kaplı Tablet;10;3;13;0
24.09.2026;SELÇUK ECZA DEPOSU;SELÇUK TRABZON;8680001121823;ÖZLEM ECZANESİ;ARTVIN KUZEY ILCELER;GRİPORT COLD;Griport Cold 20 Film Kaplı Tablet;7;1;8;0
22.09.2026;SELÇUK ECZA DEPOSU;SELÇUK TRABZON;8680001122776;CEBECİ ECZANESİ;ARTVIN KUZEY ILCELER;GRİPORT COLD;Griport Cold 20 Film Kaplı Tablet;7;1;8;0
02.09.2026;SELÇUK ECZA DEPOSU;SELÇUK TRABZON;8680001123858;ŞİFA ECZANESİ;RIZE BATI ILCELER;MOKSEFEN;Moksefen 400 mg 7 Film Tablet;50;35;85;0
25.09.2026;SELÇUK ECZA DEPOSU;SELÇUK TRABZON;8680001127870;SAĞLIK ECZANESİ;ARTVIN KUZEY ILCELER;GRİPORT COLD;Griport Cold 20 Film Kaplı Tablet;7;1;8;0
29.09.2026;SELÇUK ECZA DEPOSU;SELÇUK TRABZON;8680001132485;YENİ BAYRAKTAR ECZANESİ;ARTVIN KUZEY ILCELER;ACİDPASS;Acidpass 10/800/165 mg 12 Çiğneme Tablet;1;0;1;0
18.09.2026;SELÇUK ECZA DEPOSU;SELÇUK TRABZON;8680001165971;MEYDAN ECZANESİ;GIRESUN MERKEZ -2;ACİDPASS;Acidpass 10/800/165 mg 12 Çiğneme Tablet;10;1;11;0
28.09.2026;SELÇUK ECZA DEPOSU;SELÇUK ERZURUM;8680001907175;OZAN ECZANESİ;AGRI ILCELER;FAMTREC;Famtrec 800/26,6mg 14 Film Kaplı Tablet;1;0;1;0
07.09.2026;SELÇUK ECZA DEPOSU;SELÇUK ERZURUM;8680001948673;YENİ KÖPRÜKÖY ECZANESİ;ERZURUM GUNEY ILCELER;MOKSEFEN;Moksefen 400 mg 7 Film Tablet;5;1;6;0
08.09.2026;SELÇUK ECZA DEPOSU;SELÇUK SAMSUN;8680001422104;SERDAR ECZANESİ;TOKAT MERKEZ -1;ACİDPASS;Acidpass 10/800/165 mg 12 Çiğneme Tablet;3;0;3;0
24.09.2026;SELÇUK ECZA DEPOSU;SELÇUK SAMSUN;8680001425273;DOLUNAY ECZANESİ;ORDU GUNEY ILCELER -1;ACİDPASS;Acidpass 10/800/165 mg 12 Çiğneme Tablet;10;1;11;0
25.09.2026;SELÇUK ECZA DEPOSU;SELÇUK SAMSUN;8680001443963;HALK ECZANESİ;TOKAT MERKEZ -2;PANOCER;Panocer 40 mg 28 Enterik Kaplı Tablet;10;3;13;0
19.09.2026;SELÇUK ECZA DEPOSU;SELÇUK SAMSUN;8680001455775;AB-I HAYAT ECZANESİ;ORDU FATSA;PANOCER;Panocer 40 mg 28 Enterik Kaplı Tablet;30;12;42;0
30.09.2026;SELÇUK ECZA DEPOSU;SELÇUK SAMSUN;8680001114375;GÜNGÖRMÜŞ ECZANESİ;SAMSUN ULUGAZI;GRİPORT COLD;Griport Cold 20 Film Kaplı Tablet;1;0;1;0
14.09.2026;SELÇUK ECZA DEPOSU;SELÇUK SAMSUN;8680001116676;KAMER ECZANESİ;SAMSUN BAHCELIEVLER;ACİDPASS;Acidpass 10/800/165 mg 12 Çiğneme Tablet;3;0;3;0
14.09.2026;SELÇUK ECZA DEPOSU;SELÇUK SAMSUN;8680001117352;GÜLDEŞ ECZANESİ;SIVAS MERKEZ -2;GRİPORT COLD;Griport Cold 20 Film Kaplı Tablet;1;0;1;0
21.09.2026;SELÇUK ECZA DEPOSU;SELÇUK SAMSUN;8680001118281;BENEK ECZANESİ;SAMSUN RASATHANE;MOKSEFEN;Moksefen 400 mg 7 Film Tablet;-28;-15;-43;-15
05.09.2026;SELÇUK ECZA DEPOSU;SELÇUK SAMSUN;8680001459100;MANSIZLAR ECZANESİ;TOKAT MERKEZ -1;GRİPORT COLD;Griport Cold 20 Film Kaplı Tablet;12;3;15;0
17.09.2026;SELÇUK ECZA DEPOSU;SELÇUK SAMSUN;8680001463015;ASLAN ECZANESİ;SIVAS MERKEZ -4;ACİDPASS;Acidpass 10/800/165 mg 12 Çiğneme Tablet;10;1;11;0
04.09.2026;SELÇUK ECZA DEPOSU;SELÇUK SAMSUN;8680001627868;GÜNEŞ ECZANESİ;ORDU MERKEZ -1;ACİDPASS;Acidpass 10/800/165 mg 12 Çiğneme Tablet;10;1;11;0
01.09.2026;SELÇUK ECZA DEPOSU;SELÇUK ERZURUM;8680001666591;SARAYBOSNA ECZANESİ;ERZURUM MERKEZ -3;ACİDPASS;Acidpass 10/800/165 mg 12 Çiğneme Tablet;2;0;2;0
28.09.2026;SELÇUK ECZA DEPOSU;SELÇUK ERZURUM;8680001682836;KÜÇÜKBEY ECZANESİ;ERZURUM MERKEZ -3;GRİPORT COLD;Griport Cold 20 Film Kaplı Tablet;7;1;8;0
20.09.2026;SELÇUK ECZA DEPOSU;SELÇUK ERZURUM;8680001693542;BARAN ECZANESİ;KARS ILCELER;ACİDPASS;Acidpass 10/800/165 mg 12 Çiğneme Tablet;10;1;11;0
14.09.2026;SELÇUK ECZA DEPOSU;SELÇUK SAMSUN;8680001449682;ZÜMRÜT ECZANESİ;SAMSUN ILKADIM - 2;PANOCER;Panocer 40 mg 28 Enterik Kaplı Tablet;10;3;13;0
19.09.2026;SELÇUK ECZA DEPOSU;SELÇUK TRABZON;8680001545889;DEVA ECZANESİ;GIRESUN DOGU ILCELER -2;PANOCER;Panocer 40 mg 14 Enterik Kaplı Tablet;3;0;3;0
22.09.2026;SELÇUK ECZA DEPOSU;SELÇUK TRABZON;8680001560615;AYLİN KESKİN ECZANESİ;ARTVIN MERKEZ+DOGU+GUNEY;FAMTREC;Famtrec 800/26,6mg 14 Film Kaplı Tablet;14;2;16;0
18.09.2026;SELÇUK ECZA DEPOSU;SELÇUK SAMSUN;8680001108961;DOĞA ECZANESİ;SAMSUN ILKADIM - 2;GRİPORT COLD;Griport Cold 20 Film Kaplı Tablet;7;1;8;0
10.09.2026;SELÇUK ECZA DEPOSU;SELÇUK SAMSUN;8680001113729;NUR ECZANESİ;SAMSUN ILKADIM - 2;GRİPORT COLD;Griport Cold 20 Film Kaplı Tablet;1;0;1;0
29.09.2026;SELÇUK ECZA DEPOSU;SELÇUK ERZURUM;8680001907175;OZAN ECZANESİ;AGRI ILCELER;MOKSEFEN;Moksefen 400 mg 7 Film Tablet;5;1;6;0
11.09.2026;SELÇUK ECZA DEPOSU;SELÇUK ERZURUM;8680001950805;GÜNEŞ ECZANESİ;ERZURUM GUNEY ILCELER;PANOCER;Panocer 40 mg 28 Enterik Kaplı Tablet;165;135;300;0
04.09.2026;SELÇUK ECZA DEPOSU;SELÇUK SAMSUN;8680001510504;BÜŞRA BULUT ECZANESİ;TOKAT MERKEZ -1;MOKSEFEN;Moksefen 400 mg 7 Film Tablet;5;1;6;0
08.09.2026;SELÇUK ECZA DEPOSU;SELÇUK SAMSUN;8680001513369;SÜMER ECZANESİ;SAMSUN HAVZA+KAVAK+LADIK;PANOCER;Panocer 40 mg 28 Enterik Kaplı Tablet;10;3;13;0
14.09.2026;SELÇUK ECZA DEPOSU;SELÇUK SAMSUN;8680001517350;ŞİFA ECZANESİ;CORUM KUZEY ILCELER;GRİPORT COLD;Griport Cold 20 Film Kaplı Tablet;1;0;1;0
04.09.2026;SELÇUK ECZA DEPOSU;SELÇUK SAMSUN;8680001530649;MİMAR SİNAN ECZANESİ;SAMSUN ATAKUM;ACİDPASS;Acidpass 10/800/165 mg 12 Çiğneme Tablet;10;1;11;0
01.09.2026;SELÇUK ECZA DEPOSU;SELÇUK SAMSUN;8680001531691;ÇALIŞKAN ECZANESİ;CORUM MERKEZ -3;PANOCER;Panocer 40 mg 28 Enterik Kaplı Tablet;10;3;13;0
14.09.2026;SELÇUK ECZA DEPOSU;SELÇUK SAMSUN;8680001940974;OLTU ECZANESI;TOKAT DOGU ILCELER;PANOCER;Panocer 40 mg 28 Enterik Kaplı Tablet;10;3;13;0
25.09.2026;SELÇUK ECZA DEPOSU;SELÇUK SAMSUN;8680001155897;TÜRKER ECZANESİ;CORUM MERKEZ -1;GRİPORT COLD;Griport Cold 20 Film Kaplı Tablet;2;0;2;0
18.09.2026;SELÇUK ECZA DEPOSU;SELÇUK SAMSUN;8680001156009;ŞİFA ECZANESİ;CORUM KARGI+OSMANCIK;ACİDPASS;Acidpass 10/800/165 mg 12 Çiğneme Tablet;2;0;2;0
01.09.2026;SELÇUK ECZA DEPOSU;SELÇUK SAMSUN;8680001518586;ELİF ECZANESİ;ORDU BATI ILCELER;PANOCER;Panocer 40 mg 28 Enterik Kaplı Tablet;30;12;42;0
01.09.2026;SELÇUK ECZA DEPOSU;SELÇUK SAMSUN;8680001531691;ÇALIŞKAN ECZANESİ;CORUM MERKEZ -3;ACİDPASS;Acidpass 10/800/165 mg 12 Çiğneme Tablet;1;0;1;0
23.09.2026;SELÇUK ECZA DEPOSU;SELÇUK SAMSUN;8680001549382;BENGİ ECZANESİ;SAMSUN ILKADIM - 2;ACİDPASS;Acidpass 10/800/165 mg 12 Çiğneme Tablet;2;0;2;0
28.09.2026;SELÇUK ECZA DEPOSU;SELÇUK TRABZON;8680001516100;TORUL ECZANESİ;GUMUSHANE;FAMTREC;Famtrec 800/26,6mg 30 Film Kaplı Tablet;1;0;1;0
14.09.2026;SELÇUK ECZA DEPOSU;SELÇUK ERZURUM;8680001145980;ÖZLEM ECZANESİ;AGRI ILCELER;PANOCER;Panocer 40 mg 28 Enterik Kaplı Tablet;10;3;13;0
15.09.2026;SELÇUK ECZA DEPOSU;SELÇUK SAMSUN;8680001158089;DEVA ECZANESİ;CORUM MERKEZ -2;ACİDPASS;Acidpass 10/800/165 mg 12 Çiğneme Tablet;10;1;11;0
14.09.2026;SELÇUK ECZA DEPOSU;SELÇUK SAMSUN;8680001469574;TAN ECZANESİ;ORDU UNYE;ACİDPASS;Acidpass 10/800/165 mg 12 Çiğneme Tablet;-20;-3;-23;-3
15.09.2026;SELÇUK ECZA DEPOSU;SELÇUK TRABZON;8680001552191;KALKANDERE ECZANESİ;RIZE BATI ILCELER;MOKSEFEN;Moksefen 400 mg 7 Film Tablet;20;10;30;0
12.09.2026;SELÇUK ECZA DEPOSU;SELÇUK TRABZON;8680001623709;AYDIN ECZANESI;TRABZON AKCAABAT;ACİDPASS;Acidpass 10/800/165 mg 12 Çiğneme Tablet;10;1;11;0
29.09.2026;SELÇUK ECZA DEPOSU;SELÇUK TRABZON;8680001625697;KANUNİ ECZANESİ;TRABZON DOGU ILCELER - 2;ACİDPASS;Acidpass 10/800/165 mg 12 Çiğneme Tablet;1;0;1;0
01.09.2026;SELÇUK ECZA DEPOSU;SELÇUK ERZURUM;8680001732296;RÜMEYSA ECZANESİ;KARS ILCELER;PANOCER;Panocer 40 mg 28 Enterik Kaplı Tablet;100;60;160;0
22.09.2026;SELÇUK ECZA DEPOSU;SELÇUK SAMSUN;8680001417087;FİKRİ KARTAL ECZANESİ;CORUM KUZEY ILCELER;PANOCER;Panocer 40 mg 28 Enterik Kaplı Tablet;-50;-25;-75;-25
21.09.2026;SELÇUK ECZA DEPOSU;SELÇUK SAMSUN;8680001417087;FİKRİ KARTAL ECZANESİ;CORUM KUZEY ILCELER;ACİDPASS;Acidpass 10/800/165 mg 12 Çiğneme Tablet;3;0;3;0
11.09.2026;SELÇUK ECZA DEPOSU;SELÇUK SAMSUN;8680001423491;GÖKHAN ECZANESİ;SIVAS MERKEZ -4;GRİPORT COLD;Griport Cold 20 Film Kaplı Tablet;12;3;15;0
17.09.2026;SELÇUK ECZA DEPOSU;SELÇUK SAMSUN;8680001488216;ÇİĞDEM ECZANESİ;AMASYA ILCELER;GRİPORT COLD;Griport Cold 20 Film Kaplı Tablet;1;0;1;0
04.09.2026;SELÇUK ECZA DEPOSU;SELÇUK SAMSUN;8680001492596;DÜNYA ECZANESİ;SAMSUN ILKADIM - 2;PANOCER;Panocer 40 mg 28 Enterik Kaplı Tablet;10;3;13;0
30.09.2026;SELÇUK ECZA DEPOSU;SELÇUK SAMSUN;8680001505159;MEDİPARK ECZANESİ;SAMSUN ATAKUM;ACİDPASS;Acidpass 10/800/165 mg 12 Çiğneme Tablet;2;0;2;0
19.09.2026;SELÇUK ECZA DEPOSU;SELÇUK SAMSUN;8680001524136;DEMIR ECZANESI;ORDU MERKEZ -1;ACİDPASS;Acidpass 10/800/165 mg 12 Çiğneme Tablet;10;1;11;0
08.09.2026;SELÇUK ECZA DEPOSU;SELÇUK SAMSUN;8680001531691;ÇALIŞKAN ECZANESİ;CORUM MERKEZ -3;ACİDPASS;Acidpass 10/800/165 mg 12 Çiğneme Tablet;2;0;2;0
24.09.2026;SELÇUK ECZA DEPOSU;SELÇUK SAMSUN;8680001531691;ÇALIŞKAN ECZANESİ;CORUM MERKEZ -3;GRİPORT COLD;Griport Cold 20 Film Kaplı Tablet;1;0;1;0
09.09.2026;SELÇUK ECZA DEPOSU;SELÇUK SAMSUN;8680001459100;MANSIZLAR ECZANESİ;TOKAT MERKEZ -1;ACİDPASS;Acidpass 10/800/165 mg 12 Çiğneme Tablet;1;0;1;0
08.09.2026;SELÇUK ECZA DEPOSU;SELÇUK SAMSUN;8680001462650;BUKET ECZANESİ;SIVAS MERKEZ -4;ACİDPASS;Acidpass 10/800/165 mg 12 Çiğneme Tablet;1;0;1;0
05.09.2026;SELÇUK ECZA DEPOSU;SELÇUK SAMSUN;8680001469574;TAN ECZANESİ;ORDU UNYE;ACİDPASS;Acidpass 10/800/165 mg 12 Çiğneme Tablet;50;15;65;0
09.09.2026;SELÇUK ECZA DEPOSU;SELÇUK SAMSUN;8680001629701;BURUNUCU ECZANESI;ORDU UNYE;ACİDPASS;Acidpass 10/800/165 mg 12 Çiğneme Tablet;2;0;2;0
17.09.2026;SELÇUK ECZA DEPOSU;SELÇUK TRABZON;8680001101986;ÇAMLIBEL ECZANESİ;RIZE MERKEZ;MOKSEFEN;Moksefen 400 mg 7 Film Tablet;5;1;6;0
15.09.2026;SELÇUK ECZA DEPOSU;SELÇUK ERZURUM;8680001571208;KAHRAMANLAR ECZANESİ;ERZURUM MERKEZ -2;ACİDPASS;Acidpass 10/800/165 mg 12 Çiğneme Tablet;20;3;23;0
09.09.2026;SELÇUK ECZA DEPOSU;SELÇUK ERZURUM;8680001599837;MENGÜCELİ ECZANESİ;ERZINCAN MERKEZ;ACİDPASS;Acidpass 10/800/165 mg 12 Çiğneme Tablet;3;0;3;0
07.09.2026;SELÇUK ECZA DEPOSU;SELÇUK ERZURUM;8680001635214;ZEHRA ECZANESİ;ERZURUM MERKEZ -3;ACİDPASS;Acidpass 10/800/165 mg 12 Çiğneme Tablet;2;0;2;0
25.09.2026;SELÇUK ECZA DEPOSU;SELÇUK ERZURUM;8680001635214;ZEHRA ECZANESİ;ERZURUM MERKEZ -3;ACİDPASS;Acidpass 10/800/165 mg 12 Çiğneme Tablet;2;0;2;0
24.09.2026;SELÇUK ECZA DEPOSU;SELÇUK SAMSUN;8680001149704;DENİZ ECZANESİ;ORDU MERKEZ -2;PANOCER;Panocer 40 mg 28 Enterik Kaplı Tablet;30;12;42;0
19.09.2026;SELÇUK ECZA DEPOSU;SELÇUK SAMSUN;8680001150410;ÖZLEM ECZANESİ;ORDU UNYE;PANOCER;Panocer 40 mg 28 Enterik Kaplı Tablet;30;12;42;0
29.09.2026;SELÇUK ECZA DEPOSU;SELÇUK SAMSUN;8680001116263;İNCİ ECZANESİ;SINOP MERKEZ;ACİDPASS;Acidpass 10/800/165 mg 12 Çiğneme Tablet;10;1;11;0
03.09.2026;SELÇUK ECZA DEPOSU;SELÇUK SAMSUN;8680001123124;YAVUZ ECZANESİ;SINOP DOGU-BATI ILCELER;GRİPORT COLD;Griport Cold 20 Film Kaplı Tablet;40;20;60;0
18.09.2026;SELÇUK ECZA DEPOSU;SELÇUK SAMSUN;8680001733743;ECZANE İLGİ;TOKAT DOGU ILCELER;ACİDPASS;Acidpass 10/800/165 mg 12 Çiğneme Tablet;1;0;1;0
25.09.2026;SELÇUK ECZA DEPOSU;SELÇUK SAMSUN;8680001796687;BUĞRA ECZANESI;ORDU MERKEZ -3;PANOCER;Panocer 40 mg 28 Enterik Kaplı Tablet;10;3;13;0
15.09.2026;SELÇUK ECZA DEPOSU;SELÇUK ERZURUM;8680001122219;TURGUT ECZANESİ;ERZURUM MERKEZ -3;ACİDPASS;Acidpass 10/800/165 mg 12 Çiğneme Tablet;3;0;3;0
25.09.2026;SELÇUK ECZA DEPOSU;SELÇUK SAMSUN;8680001201907;SEÇKİN ECZANESİ;TOKAT BATI ILCELER;ACİDPASS;Acidpass 10/800/165 mg 12 Çiğneme Tablet;1;0;1;0
23.09.2026;SELÇUK ECZA DEPOSU;SELÇUK SAMSUN;8680001255566;YENİ MAHALLE ECZANESİ;ORDU MERKEZ -1;PANOCER;Panocer 40 mg 28 Enterik Kaplı Tablet;50;25;75;0
28.09.2026;SELÇUK ECZA DEPOSU;SELÇUK TRABZON;8680001674824;DOĞA ECZANESİ;GIRESUN MERKEZ -2;PANOCER;Panocer 40 mg 14 Enterik Kaplı Tablet;10;3;13;0
28.09.2026;SELÇUK ECZA DEPOSU;SELÇUK TRABZON;8680001684878;HAZAR ECZANESİ;GIRESUN MERKEZ -2;ACİDPASS;Acidpass 10/800/165 mg 12 Çiğneme Tablet;1;0;1;0
22.09.2026;SELÇUK ECZA DEPOSU;SELÇUK SAMSUN;8680001168538;KARŞIYAKA ECZANESİ;TOKAT MERKEZ -1;PANOCER;Panocer 40 mg 14 Enterik Kaplı Tablet;2;0;2;0
10.09.2026;SELÇUK ECZA DEPOSU;SELÇUK SAMSUN;8680001169153;ELİF ECZANESİ;TOKAT MERKEZ -1;ACİDPASS;Acidpass 10/800/165 mg 12 Çiğneme Tablet;3;0;3;0
14.09.2026;SELÇUK ECZA DEPOSU;SELÇUK SAMSUN;8680001170333;YİĞİT ECZANESİ;TOKAT MERKEZ -2;ACİDPASS;Acidpass 10/800/165 mg 12 Çiğneme Tablet;2;0;2;0
17.09.2026;SELÇUK ECZA DEPOSU;SELÇUK SAMSUN;8680001171286;MUTLU ECZANESİ;AMASYA ILCELER;ACİDPASS;Acidpass 10/800/165 mg 12 Çiğneme Tablet;10;1;11;0
17.09.2026;SELÇUK ECZA DEPOSU;SELÇUK SAMSUN;8680001185276;BAŞÇİFTLİK ECZANESİ;TOKAT DOGU ILCELER;ACİDPASS;Acidpass 10/800/165 mg 12 Çiğneme Tablet;2;0;2;0
08.09.2026;SELÇUK ECZA DEPOSU;SELÇUK SAMSUN;8680001187010;YALÇIN ECZANESİ;TOKAT DOGU ILCELER;PANOCER;Panocer 40 mg 28 Enterik Kaplı Tablet;10;3;13;0
23.09.2026;SELÇUK ECZA DEPOSU;SELÇUK SAMSUN;8680001187829;SAĞLIK ECZANESİ;ORDU DOGU ILCELER;ACİDPASS;Acidpass 10/800/165 mg 12 Çiğneme Tablet;10;1;11;0
09.09.2026;SELÇUK ECZA DEPOSU;SELÇUK SAMSUN;8680001140190;DERMAN ECZANESİ;SAMSUN VEZIRKOPRU;ACİDPASS;Acidpass 10/800/165 mg 12 Çiğneme Tablet;3;0;3;0
10.09.2026;SELÇUK ECZA DEPOSU;SELÇUK SAMSUN;8680001866106;MENTEŞOĞLU ECZANESI;SAMSUN DOGU ILCELER - 2;MOKSEFEN;Moksefen 400 mg 7 Film Tablet;5;1;6;0
22.09.2026;SELÇUK ECZA DEPOSU;SELÇUK SAMSUN;8680001468102;YENİ MAHALLE ECZANESİ;SAMSUN ATAKENT+19 MAYIS;PANOCER;Panocer 40 mg 28 Enterik Kaplı Tablet;10;3;13;0
28.09.2026;SELÇUK ECZA DEPOSU;SELÇUK SAMSUN;8680001468553;KARTAL ECZANESİ;CORUM MERKEZ -3;GRİPORT COLD;Griport Cold 20 Film Kaplı Tablet;3;0;3;0
23.09.2026;SELÇUK ECZA DEPOSU;SELÇUK SAMSUN;8680001472925;İLKÜVEZ ECZANESİ;ORDU BATI ILCELER;PANOCER;Panocer 40 mg 28 Enterik Kaplı Tablet;50;25;75;0
15.09.2026;SELÇUK ECZA DEPOSU;SELÇUK SAMSUN;8680001475025;ÜNİVERSİTE ECZANESİ;ORDU MERKEZ -3;ACİDPASS;Acidpass 10/800/165 mg 12 Çiğneme Tablet;1;0;1;0
30.09.2026;SELÇUK ECZA DEPOSU;SELÇUK SAMSUN;8680001526260;ŞİFA ECZANESİ;CORUM KUZEY ILCELER;PANOCER;Panocer 40 mg 28 Enterik Kaplı Tablet;30;12;42;0
23.09.2026;SELÇUK ECZA DEPOSU;SELÇUK SAMSUN;8680001531691;ÇALIŞKAN ECZANESİ;CORUM MERKEZ -3;ACİDPASS;Acidpass 10/800/165 mg 12 Çiğneme Tablet;1;0;1;0
08.09.2026;SELÇUK ECZA DEPOSU;SELÇUK SAMSUN;8680001552306;MURAT ECZANESİ;SIVAS MERKEZ -3;GRİPORT COLD;Griport Cold 20 Film Kaplı Tablet;1;0;1;0
16.09.2026;SELÇUK ECZA DEPOSU;SELÇUK SAMSUN;8680001563562;MERT ECZANESİ;SAMSUN ILKADIM - 2;PANOCER;Panocer 40 mg 28 Enterik Kaplı Tablet;165;135;300;0
17.09.2026;SELÇUK ECZA DEPOSU;SELÇUK SAMSUN;8680001470945;HİLAL ECZANESİ;SIVAS MERKEZ -2;GRİPORT COLD;Griport Cold 20 Film Kaplı Tablet;7;1;8;0
05.09.2026;SELÇUK ECZA DEPOSU;SELÇUK ERZURUM;8680001915934;FİRDEVS ECZANESİ;ERZURUM MERKEZ -3;GRİPORT COLD;Griport Cold 20 Film Kaplı Tablet;2;0;2;0
15.09.2026;SELÇUK ECZA DEPOSU;SELÇUK ERZURUM;8680001946082;MELİKE ECZANESİ;KARS ILCELER;ACİDPASS;Acidpass 10/800/165 mg 12 Çiğneme Tablet;20;3;23;0
30.09.2026;SELÇUK ECZA DEPOSU;SELÇUK ERZURUM;8680001949069;SEMA ECZANESİ;KARS ILCELER;ACİDPASS;Acidpass 10/800/165 mg 12 Çiğneme Tablet;10;1;11;0
21.09.2026;SELÇUK ECZA DEPOSU;SELÇUK TRABZON;8680001643745;SAĞLIK ECZANESİ;TRABZON AKCAABAT;MOKSEFEN;Moksefen 400 mg 7 Film Tablet;50;35;85;0
22.09.2026;SELÇUK ECZA DEPOSU;SELÇUK TRABZON;8680001651689;MERVE ECZANESİ;TRABZON AKCAABAT;ACİDPASS;Acidpass 10/800/165 mg 12 Çiğneme Tablet;2;0;2;0
16.09.2026;SELÇUK ECZA DEPOSU;SELÇUK ERZURUM;8680001695386;ÖMER ECZANESİ;AGRI ILCELER;PANOCER;Panocer 40 mg 28 Enterik Kaplı Tablet;30;12;42;0
21.09.2026;SELÇUK ECZA DEPOSU;SELÇUK ERZURUM;8680001714285;DERMAN ECZANESİ;ERZURUM GUNEY ILCELER;MOKSEFEN;Moksefen 400 mg 7 Film Tablet;10;3;13;0
11.09.2026;SELÇUK ECZA DEPOSU;SELÇUK TRABZON;8680001114948;HALK ECZANESİ;ARTVIN KUZEY ILCELER;GRİPORT COLD;Griport Cold 20 Film Kaplı Tablet;5;0;5;0
11.09.2026;SELÇUK ECZA DEPOSU;SELÇUK TRABZON;8680001114948;HALK ECZANESİ;ARTVIN KUZEY ILCELER;GRİPORT COLD;Griport Cold 20 Film Kaplı Tablet;5;0;5;0
03.09.2026;SELÇUK ECZA DEPOSU;SELÇUK TRABZON;8680001127870;SAĞLIK ECZANESİ;ARTVIN KUZEY ILCELER;PANOCER;Panocer 40 mg 28 Enterik Kaplı Tablet;165;135;300;0
23.09.2026;SELÇUK ECZA DEPOSU;SELÇUK SAMSUN;8680001115440;İLYASKÖY ECZANESİ;SAMSUN RASATHANE;ACİDPASS;Acidpass 10/800/165 mg 6 Çiğneme Tablet;1;0;1;0
10.09.2026;SELÇUK ECZA DEPOSU;SELÇUK SAMSUN;8680001116263;İNCİ ECZANESİ;SINOP MERKEZ;ACİDPASS;Acidpass 10/800/165 mg 12 Çiğneme Tablet;10;1;11;0
17.09.2026;SELÇUK ECZA DEPOSU;SELÇUK SAMSUN;8680001119073;CANKOR ECZANESİ;SAMSUN ATAKENT+19 MAYIS;MOKSEFEN;Moksefen 400 mg 7 Film Tablet;60;42;102;0
19.09.2026;SELÇUK ECZA DEPOSU;SELÇUK SAMSUN;8680001699667;EGE ECZANESİ;TOKAT DOGU ILCELER;GRİPORT COLD;Griport Cold 20 Film Kaplı Tablet;2;0;2;0
22.09.2026;SELÇUK ECZA DEPOSU;SELÇUK SAMSUN;8680001706129;EVNUR SİNEM ECZANESİ;SAMSUN BAHCELIEVLER;GRİPORT COLD;Griport Cold 20 Film Kaplı Tablet;7;1;8;0
11.09.2026;SELÇUK ECZA DEPOSU;SELÇUK SAMSUN;8680001568246;GÖKÇE ECZANESİ;SIVAS MERKEZ -4;GRİPORT COLD;Griport Cold 20 Film Kaplı Tablet;8;1;9;0
04.09.2026;SELÇUK ECZA DEPOSU;SELÇUK SAMSUN;8680001233144;ULUBEY ECZANESİ;ORDU DOGU ILCELER;ACİDPASS;Acidpass 10/800/165 mg 12 Çiğneme Tablet;10;1;11;0
24.09.2026;SELÇUK ECZA DEPOSU;SELÇUK TRABZON;8680001540846;LİVANE ECZANESİ;ARTVIN MERKEZ+DOGU+GUNEY;FAMTREC;Famtrec 800/26,6mg 14 Film Kaplı Tablet;1;0;1;0
30.09.2026;SELÇUK ECZA DEPOSU;SELÇUK TRABZON;8680001552191;KALKANDERE ECZANESİ;RIZE BATI ILCELER;PANOCER;Panocer 40 mg 14 Enterik Kaplı Tablet;2;0;2;0
01.09.2026;SELÇUK ECZA DEPOSU;SELÇUK ERZURUM;8680001117611;YENİ BÖLGE ECZANESİ;ERZURUM MERKEZ -3;GRİPORT COLD;Griport Cold 20 Film Kaplı Tablet;7;1;8;0
18.09.2026;SELÇUK ECZA DEPOSU;SELÇUK ERZURUM;8680001145980;ÖZLEM ECZANESİ;AGRI ILCELER;ACİDPASS;Acidpass 10/800/165 mg 12 Çiğneme Tablet;1;0;1;0
03.09.2026;SELÇUK ECZA DEPOSU;SELÇUK ERZURUM;8680001654918;HARUN ECZANESİ;AGRI MERKEZ;ACİDPASS;Acidpass 10/800/165 mg 12 Çiğneme Tablet;1;0;1;0
04.09.2026;SELÇUK ECZA DEPOSU;SELÇUK SAMSUN;8680001666829;ARİF ECZANESİ;ORDU DOGU ILCELER;GRİPORT COLD;Griport Cold 20 Film Kaplı Tablet;12;3;15;0
14.09.2026;SELÇUK ECZA DEPOSU;SELÇUK SAMSUN;8680001688579;SÜNBÜLCÜ ECZANESİ;CORUM MERKEZ -3;MOKSEFEN;Moksefen 400 mg 7 Film Tablet;5;1;6;0
10.09.2026;SELÇUK ECZA DEPOSU;SELÇUK TRABZON;8680001172900;IRMAK ECZANESİ;GIRESUN MERKEZ -2;MOKSEFEN;Moksefen 400 mg 7 Film Tablet;1;0;1;0
12.09.2026;SELÇUK ECZA DEPOSU;SELÇUK TRABZON;8680001173136;SU ECZANESİ;GIRESUN MERKEZ -2;ACİDPASS;Acidpass 10/800/165 mg 12 Çiğneme Tablet;10;1;11;0
14.09.2026;SELÇUK ECZA DEPOSU;SELÇUK SAMSUN;8680001752515;ADIBELLİ ECZANESİ;SAMSUN ATAKENT+19 MAYIS;ACİDPASS;Acidpass 10/800/165 mg 12 Çiğneme Tablet;10;1;11;0
17.09.2026;SELÇUK ECZA DEPOSU;SELÇUK SAMSUN;8680001630158;SEÇİL ECZANESİ;SAMSUN HURRIYET+ZAFER;GRİPORT COLD;Griport Cold 20 Film Kaplı Tablet;1;0;1;0
09.09.2026;SELÇUK ECZA DEPOSU;SELÇUK SAMSUN;8680001637645;YENİ BEZGİNOĞLU ECZANESİ;CORUM MERKEZ -3;ACİDPASS;Acidpass 10/800/165 mg 12 Çiğneme Tablet;10;1;11;0
02.09.2026;SELÇUK ECZA DEPOSU;SELÇUK SAMSUN;8680001649693;SANCAR ECZANESİ;SAMSUN DOGU ILCELER;PANOCER;Panocer 40 mg 14 Enterik Kaplı Tablet;1;0;1;0
02.09.2026;SELÇUK ECZA DEPOSU;SELÇUK SAMSUN;8680001651429;KUZEY ECZANESİ;SAMSUN HAVZA+KAVAK+LADIK;ACİDPASS;Acidpass 10/800/165 mg 12 Çiğneme Tablet;5;0;5;0
08.09.2026;SELÇUK ECZA DEPOSU;SELÇUK ERZURUM;8680001698622;YAŞAM ECZANESİ;ERZURUM GUNEY ILCELER;PANOCER;Panocer 40 mg 28 Enterik Kaplı Tablet;10;3;13;0
18.09.2026;SELÇUK ECZA DEPOSU;SELÇUK ERZURUM;8680001481484;HİRA ECZANESİ;AGRI MERKEZ;ACİDPASS;Acidpass 10/800/165 mg 6 Çiğneme Tablet;-1;0;-1;0
01.09.2026;SELÇUK ECZA DEPOSU;SELÇUK ERZURUM;8680001503100;BEYZADE ECZANESI;AGRI ILCELER;ACİDPASS;Acidpass 10/800/165 mg 12 Çiğneme Tablet;10;1;11;0
29.09.2026;SELÇUK ECZA DEPOSU;SELÇUK ERZURUM;8680001519514;ESRA ECZANESİ;ERZINCAN MERKEZ;ACİDPASS;Acidpass 10/800/165 mg 12 Çiğneme Tablet;10;1;11;0
04.09.2026;SELÇUK ECZA DEPOSU;SELÇUK ERZURUM;8680001520145;YAĞMUR ECZANESİ;AGRI ILCELER;MOKSEFEN;Moksefen 400 mg 7 Film Tablet;1;0;1;0
07.09.2026;SELÇUK ECZA DEPOSU;SELÇUK SAMSUN;8680001137152;SU ECZANESİ;SAMSUN ADALET;GRİPORT COLD;Griport Cold 20 Film Kaplı Tablet;1;0;1;0
24.09.2026;SELÇUK ECZA DEPOSU;SELÇUK SAMSUN;8680001141326;ŞİFA ECZANESİ;AMASYA ILCELER;ACİDPASS;Acidpass 10/800/165 mg 12 Çiğneme Tablet;10;1;11;0
16.09.2026;SELÇUK ECZA DEPOSU;SELÇUK SAMSUN;8680001141425;AKGÜL ECZANESİ;ORDU UNYE;PANOCER;Panocer 40 mg 28 Enterik Kaplı Tablet;10;3;13;0
18.09.2026;SELÇUK ECZA DEPOSU;SELÇUK SAMSUN;8680001143313;UĞUR ECZANESİ;CORUM MERKEZ -1;ACİDPASS;Acidpass 10/800/165 mg 12 Çiğneme Tablet;2;0;2;0
06.09.2026;SELÇUK ECZA DEPOSU;SELÇUK TRABZON;8680001527892;FEYZA ECZANESI;TRABZON DOGU ILCELER - 2;ACİDPASS;Acidpass 10/800/165 mg 12 Çiğneme Tablet;3;0;3;0
18.09.2026;SELÇUK ECZA DEPOSU;SELÇUK ERZURUM;8680001868520;YONCALIK ECZANESİ;ERZURUM MERKEZ -3;MOKSEFEN;Moksefen 400 mg 7 Film Tablet;5;1;6;0
07.09.2026;SELÇUK ECZA DEPOSU;SELÇUK ERZURUM;8680001932245;MEHTAP BUZ ECZANESİ;KARS ILCELER;ACİDPASS;Acidpass 10/800/165 mg 12 Çiğneme Tablet;3;0;3;0
09.09.2026;SELÇUK ECZA DEPOSU;SELÇUK SAMSUN;8680001158898;ÖMÜR ECZANESİ;AMASYA ILCELER;GRİPORT COLD;Griport Cold 20 Film Kaplı Tablet;12;3;15;0
28.09.2026;SELÇUK ECZA DEPOSU;SELÇUK SAMSUN;8680001170678;GÖKHAN ECZANESİ;TOKAT DOGU ILCELER;ACİDPASS;Acidpass 10/800/165 mg 12 Çiğneme Tablet;2;0;2;0
07.09.2026;SELÇUK ECZA DEPOSU;SELÇUK TRABZON;8680001268771;ERAY ECZANESİ;TRABZON MERKEZ -3;ACİDPASS;Acidpass 10/800/165 mg 12 Çiğneme Tablet;10;1;11;0
14.09.2026;SELÇUK ECZA DEPOSU;SELÇUK SAMSUN;8680001156184;BÜYÜK ECZANESİ;CORUM KARGI+OSMANCIK;PANOCER;Panocer 40 mg 28 Enterik Kaplı Tablet;10;3;13;0
21.09.2026;SELÇUK ECZA DEPOSU;SELÇUK SAMSUN;8680001216895;HAYAT ECZANESİ;TOKAT DOGU ILCELER;GRİPORT COLD;Griport Cold 20 Film Kaplı Tablet;2;0;2;0
10.09.2026;SELÇUK ECZA DEPOSU;SELÇUK SAMSUN;8680001278312;MELİKE ECZANESİ;ORDU FATSA;PANOCER;Panocer 40 mg 28 Enterik Kaplı Tablet;165;135;300;0
23.09.2026;SELÇUK ECZA DEPOSU;SELÇUK SAMSUN;8680001338399;ÖNAL ECZANESİ;CORUM MERKEZ -2;GRİPORT COLD;Griport Cold 20 Film Kaplı Tablet;12;3;15;0
18.09.2026;SELÇUK ECZA DEPOSU;SELÇUK SAMSUN;8680001570188;HATİCE ECZANESİ;AMASYA ILCELER;ACİDPASS;Acidpass 10/800/165 mg 12 Çiğneme Tablet;10;1;11;0
26.09.2026;SELÇUK ECZA DEPOSU;SELÇUK SAMSUN;8680001621934;BÜŞRA TURAN ECZANESİ;SAMSUN BAFRA;ACİDPASS;Acidpass 10/800/165 mg 12 Çiğneme Tablet;20;3;23;0
06.09.2026;SELÇUK ECZA DEPOSU;SELÇUK SAMSUN;8680001627868;GÜNEŞ ECZANESİ;ORDU MERKEZ -1;MOKSEFEN;Moksefen 400 mg 7 Film Tablet;5;1;6;0
11.09.2026;SELÇUK ECZA DEPOSU;SELÇUK SAMSUN;8680001647125;NİMET ECZANESİ;ORDU DOGU ILCELER;PANOCER;Panocer 40 mg 28 Enterik Kaplı Tablet;10;3;13;0
07.09.2026;SELÇUK ECZA DEPOSU;SELÇUK SAMSUN;8680001647842;ZEHRA ECZANESİ;ORDU BATI ILCELER;ACİDPASS;Acidpass 10/800/165 mg 12 Çiğneme Tablet;4;0;4;0
07.09.2026;SELÇUK ECZA DEPOSU;SELÇUK TRABZON;8680001600267;UZUN ECZANESİ;ARTVIN KUZEY ILCELER;ACİDPASS;Acidpass 10/800/165 mg 12 Çiğneme Tablet;20;3;23;0
01.09.2026;SELÇUK ECZA DEPOSU;SELÇUK TRABZON;8680001633913;IŞIK ECZANESİ;TRABZON AKCAABAT;ACİDPASS;Acidpass 10/800/165 mg 12 Çiğneme Tablet;150;60;210;0
15.09.2026;SELÇUK ECZA DEPOSU;SELÇUK SAMSUN;8680001158379;HALK ECZANESİ;ORDU GUNEY ILCELER -1;MOKSEFEN;Moksefen 400 mg 7 Film Tablet;10;3;13;0
22.09.2026;SELÇUK ECZA DEPOSU;SELÇUK SAMSUN;8680001158553;ERMAN ECZANESİ;CORUM MERKEZ -1;PANOCER;Panocer 40 mg 28 Enterik Kaplı Tablet;10;3;13;0
18.09.2026;SELÇUK ECZA DEPOSU;SELÇUK SAMSUN;8680001166107;KOÇAK ECZANESİ;ORDU MERKEZ -3;MOKSEFEN;Moksefen 400 mg 7 Film Tablet;50;35;85;0
18.09.2026;SELÇUK ECZA DEPOSU;SELÇUK SAMSUN;8680001166206;KATIRCIOĞLU ECZANESİ;ORDU MERKEZ -3;ACİDPASS;Acidpass 10/800/165 mg 6 Çiğneme Tablet;4;0;4;0
18.09.2026;SELÇUK ECZA DEPOSU;SELÇUK SAMSUN;8680001169610;HIZIR ECZANESİ;TOKAT TURHAL;ACİDPASS;Acidpass 10/800/165 mg 12 Çiğneme Tablet;10;1;11;0
23.09.2026;SELÇUK ECZA DEPOSU;SELÇUK SAMSUN;8680001153916;ÜNALDI ECZANESİ;CORUM MERKEZ -1;PANOCER;Panocer 40 mg 28 Enterik Kaplı Tablet;165;135;300;0
17.09.2026;SELÇUK ECZA DEPOSU;SELÇUK ERZURUM;8680001145980;ÖZLEM ECZANESİ;AGRI ILCELER;ACİDPASS;Acidpass 10/800/165 mg 12 Çiğneme Tablet;1;0;1;0
27.09.2026;SELÇUK ECZA DEPOSU;SELÇUK ERZURUM;8680001175369;ARAS ECZANESİ;KARS ILCELER;ACİDPASS;Acidpass 10/800/165 mg 12 Çiğneme Tablet;1;0;1;0
28.09.2026;SELÇUK ECZA DEPOSU;SELÇUK SAMSUN;8680001534388;OKAN ECZANESİ;ORDU DOGU ILCELER;PANOCER;Panocer 40 mg 28 Enterik Kaplı Tablet;30;12;42;0
21.09.2026;SELÇUK ECZA DEPOSU;SELÇUK SAMSUN;8680001551897;YENİ MECİTÖZÜ ECZANESİ;CORUM GUNEYDOGU ILCELER;PANOCER;Panocer 40 mg 28 Enterik Kaplı Tablet;10;3;13;0
01.09.2026;SELÇUK ECZA DEPOSU;SELÇUK TRABZON;8680001735549;GÜNEŞ ECZANESİ;RIZE BATI ILCELER;ACİDPASS;Acidpass 10/800/165 mg 12 Çiğneme Tablet;150;60;210;0
02.09.2026;SELÇUK ECZA DEPOSU;SELÇUK TRABZON;8680001736935;KEMERKAYA AKIN ECZANESİ;TRABZON MERKEZ -4;ACİDPASS;Acidpass 10/800/165 mg 6 Çiğneme Tablet;2;0;2;0
12.09.2026;SELÇUK ECZA DEPOSU;SELÇUK TRABZON;8680001233618;DERYA ECZANESİ;TRABZON MERKEZ -4;PANOCER;Panocer 40 mg 28 Enterik Kaplı Tablet;30;12;42;0
16.09.2026;SELÇUK ECZA DEPOSU;SELÇUK TRABZON;8680001239634;HASTANE ECZANESİ;TRABZON BATI ILCELER - 2;PANOCER;Panocer 40 mg 28 Enterik Kaplı Tablet;50;25;75;0
18.09.2026;SELÇUK ECZA DEPOSU;SELÇUK TRABZON;8680001251797;CENGİZHAN ECZANESİ;TRABZON BATI ILCELER - 2;ACİDPASS;Acidpass 10/800/165 mg 12 Çiğneme Tablet;1;0;1;0
23.09.2026;SELÇUK ECZA DEPOSU;SELÇUK TRABZON;8680001264346;HAYIRLIOĞLU ECZANESİ;TRABZON MERKEZ -3;MOKSEFEN;Moksefen 400 mg 7 Film Tablet;1;0;1;0
28.09.2026;SELÇUK ECZA DEPOSU;SELÇUK TRABZON;8680001265510;KARDELEN ECZANESİ;TRABZON MERKEZ -1;ACİDPASS;Acidpass 10/800/165 mg 12 Çiğneme Tablet;10;1;11;0
11.09.2026;SELÇUK ECZA DEPOSU;SELÇUK SAMSUN;8680001277254;ÖLÇEK ECZANESİ;ORDU FATSA;PANOCER;Panocer 40 mg 28 Enterik Kaplı Tablet;10;3;13;0
04.09.2026;SELÇUK ECZA DEPOSU;SELÇUK SAMSUN;8680001381524;CAN ECZANESİ;ORDU BATI ILCELER;PANOCER;Panocer 40 mg 28 Enterik Kaplı Tablet;10;3;13;0
03.09.2026;SELÇUK ECZA DEPOSU;SELÇUK ERZURUM;8680001470860;IHLAMUR ECZANESİ;ERZINCAN MERKEZ;PANOCER;Panocer 40 mg 28 Enterik Kaplı Tablet;10;3;13;0
17.09.2026;SELÇUK ECZA DEPOSU;SELÇUK ERZURUM;8680001480685;BAHAR ECZANESİ;ERZURUM MERKEZ -1;ACİDPASS;Acidpass 10/800/165 mg 12 Çiğneme Tablet;10;1;11;0
23.09.2026;SELÇUK ECZA DEPOSU;SELÇUK ERZURUM;8680001500628;TUĞÇE ECZANESİ;ERZINCAN MERKEZ;PANOCER;Panocer 40 mg 28 Enterik Kaplı Tablet;10;3;13;0
07.09.2026;SELÇUK ECZA DEPOSU;SELÇUK SAMSUN;8680001151899;ESRA ECZANESİ;SIVAS MERKEZ -2;GRİPORT COLD;Griport Cold 20 Film Kaplı Tablet;1;0;1;0
25.09.2026;SELÇUK ECZA DEPOSU;SELÇUK SAMSUN;8680001155750;GÜLCAN ECZANESİ;CORUM GUNEYBATI ILCELER;GRİPORT COLD;Griport Cold 20 Film Kaplı Tablet;7;1;8;0
07.09.2026;SELÇUK ECZA DEPOSU;SELÇUK SAMSUN;8680001156009;ŞİFA ECZANESİ;CORUM KARGI+OSMANCIK;GRİPORT COLD;Griport Cold 20 Film Kaplı Tablet;1;0;1;0
07.09.2026;SELÇUK ECZA DEPOSU;SELÇUK SAMSUN;8680001156702;GÖKGÖZ ECZANESİ;CORUM MERKEZ -3;GRİPORT COLD;Griport Cold 20 Film Kaplı Tablet;12;3;15;0
14.09.2026;SELÇUK ECZA DEPOSU;SELÇUK SAMSUN;8680001156795;GÜL ECZANESİ;SIVAS MERKEZ -2;GRİPORT COLD;Griport Cold 20 Film Kaplı Tablet;1;0;1;0
08.09.2026;SELÇUK ECZA DEPOSU;SELÇUK SAMSUN;8680001677733;YENİ ÇİFTLİK ECZANESİ;SAMSUN HURRIYET+ZAFER;GRİPORT COLD;Griport Cold 20 Film Kaplı Tablet;1;0;1;0
02.09.2026;SELÇUK ECZA DEPOSU;SELÇUK TRABZON;8680001181766;HUZUR ECZANESİ;GUMUSHANE;MOKSEFEN;Moksefen 400 mg 7 Film Tablet;20;10;30;0
02.09.2026;SELÇUK ECZA DEPOSU;SELÇUK TRABZON;8680001186617;KÜRTÜN SİMGE ECZANESİ;GUMUSHANE;PANOCER;Panocer 40 mg 28 Enterik Kaplı Tablet;165;135;300;0
14.09.2026;SELÇUK ECZA DEPOSU;SELÇUK TRABZON;8680001189830;YENİYOL ECZANESİ;GIRESUN MERKEZ -2;ACİDPASS;Acidpass 10/800/165 mg 12 Çiğneme Tablet;20;3;23;0
01.09.2026;SELÇUK ECZA DEPOSU;SELÇUK TRABZON;8680001104918;DERMAN ECZANESİ;RIZE MERKEZ;MOKSEFEN;Moksefen 400 mg 7 Film Tablet;10;3;13;0
18.09.2026;SELÇUK ECZA DEPOSU;SELÇUK ERZURUM;8680001637591;FIRAT ECZANESİ;ERZURUM MERKEZ -3;ACİDPASS;Acidpass 10/800/165 mg 6 Çiğneme Tablet;1;0;1;0
21.09.2026;SELÇUK ECZA DEPOSU;SELÇUK ERZURUM;8680001646470;DÜNYA ECZANESİ;ERZINCAN MERKEZ;MOKSEFEN;Moksefen 400 mg 7 Film Tablet;5;1;6;0
14.09.2026;SELÇUK ECZA DEPOSU;SELÇUK SAMSUN;8680001156016;ENGİNİN ECZANESİ;CORUM GUNEYDOGU ILCELER;ACİDPASS;Acidpass 10/800/165 mg 12 Çiğneme Tablet;10;1;11;0
04.09.2026;SELÇUK ECZA DEPOSU;SELÇUK SAMSUN;8680001156160;GÜNEŞ ECZANESİ;CORUM KARGI+OSMANCIK;PANOCER;Panocer 40 mg 28 Enterik Kaplı Tablet;10;3;13;0
21.09.2026;SELÇUK ECZA DEPOSU;SELÇUK SAMSUN;8680001156320;DEMET ECZANESİ;CORUM KARGI+OSMANCIK;PANOCER;Panocer 40 mg 28 Enterik Kaplı Tablet;10;3;13;0
15.09.2026;SELÇUK ECZA DEPOSU;SELÇUK SAMSUN;8680001156818;LOKMAN ECZANESİ;CORUM MERKEZ -3;ACİDPASS;Acidpass 10/800/165 mg 12 Çiğneme Tablet;3;0;3;0
02.09.2026;SELÇUK ECZA DEPOSU;SELÇUK SAMSUN;8680001158089;DEVA ECZANESİ;CORUM MERKEZ -2;PANOCER;Panocer 40 mg 28 Enterik Kaplı Tablet;10;3;13;0
18.09.2026;SELÇUK ECZA DEPOSU;SELÇUK SAMSUN;8680001158515;HAYAT ECZANESİ;ORDU GUNEY ILCELER -1;ACİDPASS;Acidpass 10/800/165 mg 12 Çiğneme Tablet;20;3;23;0
08.09.2026;SELÇUK ECZA DEPOSU;SELÇUK SAMSUN;8680001158898;ÖMÜR ECZANESİ;AMASYA ILCELER;ACİDPASS;Acidpass 10/800/165 mg 12 Çiğneme Tablet;10;1;11;0
02.09.2026;SELÇUK ECZA DEPOSU;SELÇUK SAMSUN;8680001126019;İLKER ECZANESİ;SIVAS MERKEZ -2;MOKSEFEN;Moksefen 400 mg 7 Film Tablet;20;10;30;0
24.09.2026;SELÇUK ECZA DEPOSU;SELÇUK SAMSUN;8680001127818;HASKÖY NALAN ECZANESİ;SAMSUN CANIK;GRİPORT COLD;Griport Cold 20 Film Kaplı Tablet;12;3;15;0
02.09.2026;SELÇUK ECZA DEPOSU;SELÇUK SAMSUN;8680001139088;AYDIN ECZANESI;SAMSUN BAFRA;ACİDPASS;Acidpass 10/800/165 mg 12 Çiğneme Tablet;10;1;11;0
24.09.2026;SELÇUK ECZA DEPOSU;SELÇUK SAMSUN;8680001139293;NASUHOĞLU ECZANESİ;SIVAS MERKEZ -4;GRİPORT COLD;Griport Cold 20 Film Kaplı Tablet;12;3;15;0
07.09.2026;SELÇUK ECZA DEPOSU;SELÇUK SAMSUN;8680001174577;SEVGİ ECZANESİ;TOKAT MERKEZ -2;ACİDPASS;Acidpass 10/800/165 mg 12 Çiğneme Tablet;3;0;3;0
12.09.2026;SELÇUK ECZA DEPOSU;SELÇUK SAMSUN;8680001183319;SEÇİL ECZANESİ;TOKAT TURHAL;PANOCER;Panocer 40 mg 28 Enterik Kaplı Tablet;165;135;300;0
08.09.2026;SELÇUK ECZA DEPOSU;SELÇUK SAMSUN;8680001154739;KAFKAS ECZANESİ;CORUM GUNEYDOGU ILCELER;ACİDPASS;Acidpass 10/800/165 mg 12 Çiğneme Tablet;10;1;11;0
03.09.2026;SELÇUK ECZA DEPOSU;SELÇUK SAMSUN;8680001155842;ESRA ECZANESİ;SAMSUN ATAKENT+19 MAYIS;PANOCER;Panocer 40 mg 28 Enterik Kaplı Tablet;1;0;1;0
02.09.2026;SELÇUK ECZA DEPOSU;SELÇUK TRABZON;8680001648092;DENİZ ECZANESİ;TRABZON MERKEZ -4;MOKSEFEN;Moksefen 400 mg 7 Film Tablet;5;1;6;0
11.09.2026;SELÇUK ECZA DEPOSU;SELÇUK TRABZON;8680001659203;FEYZA ECZANESI;ARTVIN KUZEY ILCELER;ACİDPASS;Acidpass 10/800/165 mg 12 Çiğneme Tablet;50;15;65;0
02.09.2026;SELÇUK ECZA DEPOSU;SELÇUK TRABZON;8680001667314;ÖZMEN ECZANESİ;TRABZON MERKEZ -2;ACİDPASS;Acidpass 10/800/165 mg 12 Çiğneme Tablet;10;1;11;0
02.09.2026;SELÇUK ECZA DEPOSU;SELÇUK TRABZON;8680001736935;KEMERKAYA AKIN ECZANESİ;TRABZON MERKEZ -4;ACİDPASS;Acidpass 10/800/165 mg 12 Çiğneme Tablet;10;1;11;0
09.09.2026;SELÇUK ECZA DEPOSU;SELÇUK TRABZON;8680001439645;FATİH ECZANESİ;RIZE MERKEZ;ACİDPASS;Acidpass 10/800/165 mg 12 Çiğneme Tablet;20;3;23;0
01.09.2026;SELÇUK ECZA DEPOSU;SELÇUK ERZURUM;8680001666591;SARAYBOSNA ECZANESİ;ERZURUM MERKEZ -3;PANOCER;Panocer 40 mg 28 Enterik Kaplı Tablet;10;3;13;0
30.09.2026;SELÇUK ECZA DEPOSU;SELÇUK ERZURUM;8680001707904;ÇİĞDEM ECZANESİ;ERZURUM GUNEY ILCELER;ACİDPASS;Acidpass 10/800/165 mg 12 Çiğneme Tablet;3;0;3;0
18.09.2026;SELÇUK ECZA DEPOSU;SELÇUK TRABZON;8680001276028;AYLA ECZANESİ;TRABZON MERKEZ -1;GRİPORT COLD;Griport Cold 20 Film Kaplı Tablet;1;0;1;0
04.09.2026;SELÇUK ECZA DEPOSU;SELÇUK TRABZON;8680001278329;HALK ECZANESİ;TRABZON DOGU ILCELER -1;ACİDPASS;Acidpass 10/800/165 mg 12 Çiğneme Tablet;-41;-12;-53;-12
15.09.2026;SELÇUK ECZA DEPOSU;SELÇUK SAMSUN;8680001114788;YEŞİM ECZANESİ;SAMSUN PAZAR;PANOCER;Panocer 40 mg 28 Enterik Kaplı Tablet;10;3;13;0
14.09.2026;SELÇUK ECZA DEPOSU;SELÇUK SAMSUN;8680001646920;SEVİNÇ ECZANESİ;SIVAS MERKEZ -3;PANOCER;Panocer 40 mg 28 Enterik Kaplı Tablet;3;0;3;0
18.09.2026;SELÇUK ECZA DEPOSU;SELÇUK SAMSUN;8680001486342;KOÇAK ECZANESİ;CORUM MERKEZ -2;PANOCER;Panocer 40 mg 28 Enterik Kaplı Tablet;30;12;42;0
25.09.2026;SELÇUK ECZA DEPOSU;SELÇUK SAMSUN;8680001486359;SU ECZANESİ;ORDU GUNEY ILCELER -1;MOKSEFEN;Moksefen 400 mg 7 Film Tablet;20;10;30;0
14.09.2026;SELÇUK ECZA DEPOSU;SELÇUK SAMSUN;8680001492596;DÜNYA ECZANESİ;SAMSUN ILKADIM - 2;GRİPORT COLD;Griport Cold 20 Film Kaplı Tablet;3;0;3;0
16.09.2026;SELÇUK ECZA DEPOSU;SELÇUK SAMSUN;8680001499301;GİZEM ECZANESİ;AMASYA MERZIFON;GRİPORT COLD;Griport Cold 20 Film Kaplı Tablet;12;3;15;0
01.09.2026;SELÇUK ECZA DEPOSU;SELÇUK TRABZON;8680001205080;MERKEZ ECZANESI;TRABZON DUZKOY+MACKA;GRİPORT COLD;Griport Cold 20 Film Kaplı Tablet;-3;0;-3;0
06.09.2026;SELÇUK ECZA DEPOSU;SELÇUK SAMSUN;8680001948413;GÖKAL ECZANESİ;TOKAT ERBAA;PANOCER;Panocer 40 mg 28 Enterik Kaplı Tablet;10;3;13;0
12.09.2026;SELÇUK ECZA DEPOSU;SELÇUK TRABZON;8680001166251;BULANCAK ECZANESİ;GIRESUN BULANCAK+PIRAZIZ;ACİDPASS;Acidpass 10/800/165 mg 12 Çiğneme Tablet;20;3;23;0
28.09.2026;SELÇUK ECZA DEPOSU;SELÇUK SAMSUN;8680001713301;YENİŞEHİR ECZANESİ;SIVAS MERKEZ -4;MOKSEFEN;Moksefen 400 mg 7 Film Tablet;5;1;6;0
04.09.2026;SELÇUK ECZA DEPOSU;SELÇUK SAMSUN;8680001715589;HİTİT ECZANESİ;CORUM MERKEZ -3;PANOCER;Panocer 40 mg 28 Enterik Kaplı Tablet;30;12;42;0
11.09.2026;SELÇUK ECZA DEPOSU;SELÇUK SAMSUN;8680001715589;HİTİT ECZANESİ;CORUM MERKEZ -3;MOKSEFEN;Moksefen 400 mg 7 Film Tablet;10;3;13;0
23.09.2026;SELÇUK ECZA DEPOSU;SELÇUK SAMSUN;8680001738359;SILA ECZANESİ;ORDU MERKEZ -3;ACİDPASS;Acidpass 10/800/165 mg 12 Çiğneme Tablet;10;1;11;0
24.09.2026;SELÇUK ECZA DEPOSU;SELÇUK TRABZON;8680001175352;GÖKÇE ECZANESİ;GIRESUN MERKEZ -2;ACİDPASS;Acidpass 10/800/165 mg 12 Çiğneme Tablet;50;15;65;0
01.09.2026;SELÇUK ECZA DEPOSU;SELÇUK TRABZON;8680001181766;HUZUR ECZANESİ;GUMUSHANE;PANOCER;Panocer 40 mg 28 Enterik Kaplı Tablet;30;12;42;0
03.09.2026;SELÇUK ECZA DEPOSU;SELÇUK TRABZON;8680001187171;YÜCE ECZANESİ;GUMUSHANE;MOKSEFEN;Moksefen 400 mg 7 Film Tablet;20;10;30;0
01.09.2026;SELÇUK ECZA DEPOSU;SELÇUK TRABZON;8680001111213;KARADENİZ ECZANESİ;RIZE MERKEZ;ACİDPASS;Acidpass 10/800/165 mg 12 Çiğneme Tablet;50;15;65;0
03.09.2026;SELÇUK ECZA DEPOSU;SELÇUK ERZURUM;8680001170869;ATAŞ ECZANESİ;KARS ILCELER;PANOCER;Panocer 40 mg 28 Enterik Kaplı Tablet;165;135;300;0
03.09.2026;SELÇUK ECZA DEPOSU;SELÇUK TRABZON;8680001628766;SEVİLAY ECZANESİ;RIZE MERKEZ;ACİDPASS;Acidpass 10/800/165 mg 12 Çiğneme Tablet;50;15;65;0
18.09.2026;SELÇUK ECZA DEPOSU;SELÇUK TRABZON;8680001643639;NURDENİZ ECZANESİ;ARTVIN MERKEZ+DOGU+GUNEY;ACİDPASS;Acidpass 10/800/165 mg 12 Çiğneme Tablet;20;3;23;0
01.09.2026;SELÇUK ECZA DEPOSU;SELÇUK TRABZON;8680001663637;HAYAT ECZANESİ;RIZE DOGU ILCELER;MOKSEFEN;Moksefen 400 mg 7 Film Tablet;30;15;45;0
18.09.2026;SELÇUK ECZA DEPOSU;SELÇUK TRABZON;8680001602841;MARAŞ ECZANESİ;TRABZON MERKEZ -4;ACİDPASS;Acidpass 10/800/165 mg 12 Çiğneme Tablet;3;0;3;0
11.09.2026;SELÇUK ECZA DEPOSU;SELÇUK TRABZON;8680001625697;KANUNİ ECZANESİ;TRABZON DOGU ILCELER - 2;PANOCER;Panocer 40 mg 28 Enterik Kaplı Tablet;1;0;1;0
01.09.2026;SELÇUK ECZA DEPOSU;SELÇUK TRABZON;8680001633913;IŞIK ECZANESİ;TRABZON AKCAABAT;GRİPORT COLD;Griport Cold 20 Film Kaplı Tablet;150;96;246;0
23.09.2026;SELÇUK ECZA DEPOSU;SELÇUK TRABZON;8680001648092;DENİZ ECZANESİ;TRABZON MERKEZ -4;ACİDPASS;Acidpass 10/800/165 mg 12 Çiğneme Tablet;2;0;2;0
21.09.2026;SELÇUK ECZA DEPOSU;SELÇUK SAMSUN;8680001120628;SEZER ECZANESİ;SAMSUN DOGU ILCELER - 2;GRİPORT COLD;Griport Cold 20 Film Kaplı Tablet;12;3;15;0
12.09.2026;SELÇUK ECZA DEPOSU;SELÇUK TRABZON;8680001471218;ARAKLI ŞİFA ECZANESİ;TRABZON DOGU ILCELER - 2;ACİDPASS;Acidpass 10/800/165 mg 12 Çiğneme Tablet;10;1;11;0
16.09.2026;SELÇUK ECZA DEPOSU;SELÇUK TRABZON;8680001481118;AVCI ECZANESİ;RIZE MERKEZ;MOKSEFEN;Moksefen 400 mg 7 Film Tablet;20;10;30;0
18.09.2026;SELÇUK ECZA DEPOSU;SELÇUK TRABZON;8680001491612;SEMİH ECZANESİ;TRABZON DOGU ILCELER - 2;ACİDPASS;Acidpass 10/800/165 mg 12 Çiğneme Tablet;2;0;2;0
10.09.2026;SELÇUK ECZA DEPOSU;SELÇUK ERZURUM;8680001489763;ÇAKIR SEVEN ECZANESİ;ERZINCAN MERKEZ;PANOCER;Panocer 40 mg 28 Enterik Kaplı Tablet;165;135;300;0
04.09.2026;SELÇUK ECZA DEPOSU;SELÇUK SAMSUN;8680001143481;ALPER ECZANESİ;SAMSUN DOGU ILCELER;ACİDPASS;Acidpass 10/800/165 mg 12 Çiğneme Tablet;2;0;2;0
22.09.2026;SELÇUK ECZA DEPOSU;SELÇUK SAMSUN;8680001146758;OYA ECZANESİ;CORUM MERKEZ -1;MOKSEFEN;Moksefen 400 mg 7 Film Tablet;10;3;13;0
19.09.2026;SELÇUK ECZA DEPOSU;SELÇUK SAMSUN;8680001146888;ŞAMLIOĞLU ECZANESİ;CORUM MERKEZ -2;PANOCER;Panocer 40 mg 28 Enterik Kaplı Tablet;10;3;13;0
01.09.2026;SELÇUK ECZA DEPOSU;SELÇUK SAMSUN;8680001149094;BURCU ECZANESİ;CORUM MERKEZ -3;ACİDPASS;Acidpass 10/800/165 mg 12 Çiğneme Tablet;10;1;11;0
29.09.2026;SELÇUK ECZA DEPOSU;SELÇUK SAMSUN;8680001151486;SÜHA ECZANESİ;SIVAS MERKEZ -4;PANOCER;Panocer 40 mg 28 Enterik Kaplı Tablet;10;3;13;0
16.09.2026;SELÇUK ECZA DEPOSU;SELÇUK TRABZON;8680001275779;SEBAT ECZANESİ;TRABZON AKCAABAT;GRİPORT COLD;Griport Cold 20 Film Kaplı Tablet;12;3;15;0
29.09.2026;SELÇUK ECZA DEPOSU;SELÇUK TRABZON;8680001304233;HAKAN ECZANESİ;ARTVIN MERKEZ+DOGU+GUNEY;ACİDPASS;Acidpass 10/800/165 mg 12 Çiğneme Tablet;10;1;11;0
10.09.2026;SELÇUK ECZA DEPOSU;SELÇUK SAMSUN;8680001236220;CERİTOĞLU ECZANESİ;TOKAT DOGU ILCELER;ACİDPASS;Acidpass 10/800/165 mg 12 Çiğneme Tablet;10;1;11;0
14.09.2026;SELÇUK ECZA DEPOSU;SELÇUK SAMSUN;8680001127900;DOĞU ECZANESİ;SIVAS MERKEZ -4;ACİDPASS;Acidpass 10/800/165 mg 12 Çiğneme Tablet;2;0;2;0
23.09.2026;SELÇUK ECZA DEPOSU;SELÇUK ERZURUM;8680001114535;SAĞLAM ECZANESİ;ERZURUM MERKEZ -3;MOKSEFEN;Moksefen 400 mg 7 Film Tablet;50;35;85;0
23.09.2026;SELÇUK ECZA DEPOSU;SELÇUK ERZURUM;8680001117888;YILDIRIM ECZANESİ;ERZURUM GUNEY ILCELER;ACİDPASS;Acidpass 10/800/165 mg 12 Çiğneme Tablet;2;0;2;0
04.09.2026;SELÇUK ECZA DEPOSU;SELÇUK ERZURUM;8680001119455;ŞEKER ECZANESİ;ERZURUM MERKEZ -3;ACİDPASS;Acidpass 10/800/165 mg 12 Çiğneme Tablet;150;60;210;0
26.09.2026;SELÇUK ECZA DEPOSU;SELÇUK SAMSUN;8680001860258;DENİZ ECZANESİ;SAMSUN ATAKENT+19 MAYIS;ACİDPASS;Acidpass 10/800/165 mg 12 Çiğneme Tablet;10;1;11;0
04.09.2026;SELÇUK ECZA DEPOSU;SELÇUK SAMSUN;8680001880942;DİNÇ ECZANESİ;SAMSUN DOGU ILCELER - 2;PANOCER;Panocer 40 mg 28 Enterik Kaplı Tablet;10;3;13;0
25.09.2026;SELÇUK ECZA DEPOSU;SELÇUK ERZURUM;8680001231560;KÜLTÜR ECZANESİ;ERZINCAN MERKEZ;ACİDPASS;Acidpass 10/800/165 mg 12 Çiğneme Tablet;3;0;3;0
09.09.2026;SELÇUK ECZA DEPOSU;SELÇUK ERZURUM;8680001232307;GÜROL ECZANESİ;ERZINCAN MERKEZ;PANOCER;Panocer 40 mg 28 Enterik Kaplı Tablet;10;3;13;0
19.09.2026;SELÇUK ECZA DEPOSU;SELÇUK ERZURUM;8680001465958;GÜL ECZANESİ;ERZINCAN MERKEZ;MOKSEFEN;Moksefen 400 mg 7 Film Tablet;1;0;1;0
14.09.2026;SELÇUK ECZA DEPOSU;SELÇUK TRABZON;8680001664764;İREM ECZANESİ;GIRESUN MERKEZ -2;ACİDPASS;Acidpass 10/800/165 mg 12 Çiğneme Tablet;-18;-5;-23;-5
15.09.2026;SELÇUK ECZA DEPOSU;SELÇUK TRABZON;8680001710331;SENA ECZANESİ;GUMUSHANE;ACİDPASS;Acidpass 10/800/165 mg 12 Çiğneme Tablet;10;1;11;0
28.09.2026;SELÇUK ECZA DEPOSU;SELÇUK TRABZON;8680001723041;MERKEZ ECZANESI;TRABZON DUZKOY+MACKA;ACİDPASS;Acidpass 10/800/165 mg 12 Çiğneme Tablet;2;0;2;0
11.09.2026;SELÇUK ECZA DEPOSU;SELÇUK TRABZON;8680001723188;BİLGE ECZANESİ;ARTVIN KUZEY ILCELER;FAMTREC;Famtrec 800/26,6mg 14 Film Kaplı Tablet;7;1;8;0
24.09.2026;SELÇUK ECZA DEPOSU;SELÇUK ERZURUM;8680001235896;PINAR ECZANESİ;ERZINCAN MERKEZ;ACİDPASS;Acidpass 10/800/165 mg 12 Çiğneme Tablet;3;0;3;0
28.09.2026;SELÇUK ECZA DEPOSU;SELÇUK ERZURUM;8680001238989;DERMAN ECZANESİ;ERZINCAN MERKEZ;ACİDPASS;Acidpass 10/800/165 mg 12 Çiğneme Tablet;3;0;3;0
02.09.2026;SELÇUK ECZA DEPOSU;SELÇUK TRABZON;8680001949557;YALINCAK CADDE;TRABZON MERKEZ -3;PANOCER;Panocer 40 mg 28 Enterik Kaplı Tablet;30;12;42;0
25.09.2026;SELÇUK ECZA DEPOSU;SELÇUK TRABZON;8680001954841;SEHER ECZANESİ;TRABZON BATI ILCELER - 2;MOKSEFEN;Moksefen 400 mg 7 Film Tablet;20;10;30;0
01.09.2026;SELÇUK ECZA DEPOSU;SELÇUK TRABZON;8680001748716;EZGİ ECZANESİ;RIZE MERKEZ;ACİDPASS;Acidpass 10/800/165 mg 12 Çiğneme Tablet;10;1;11;0
02.09.2026;SELÇUK ECZA DEPOSU;SELÇUK TRABZON;8680001825622;KARADUMAN ECZANESİ;TRABZON AKCAABAT;ACİDPASS;Acidpass 10/800/165 mg 12 Çiğneme Tablet;50;15;65;0
21.09.2026;SELÇUK ECZA DEPOSU;SELÇUK TRABZON;8680001894598;GAZİPAŞA ECZANESİ;TRABZON MERKEZ -4;ACİDPASS;Acidpass 10/800/165 mg 6 Çiğneme Tablet;2;0;2;0
18.09.2026;SELÇUK ECZA DEPOSU;SELÇUK TRABZON;8680001929078;RIZE ECZANESİ;RIZE MERKEZ;MOKSEFEN;Moksefen 400 mg 7 Film Tablet;5;1;6;0
01.09.2026;SELÇUK ECZA DEPOSU;SELÇUK SAMSUN;8680001674305;CEBECİ ECZANESİ;SAMSUN VEZIRKOPRU;MOKSEFEN;Moksefen 400 mg 7 Film Tablet;20;10;30;0
08.09.2026;SELÇUK ECZA DEPOSU;SELÇUK SAMSUN;8680001695935;GÖNÜL ECZANESİ;ORDU GUNEY ILCELER -1;GRİPORT COLD;Griport Cold 20 Film Kaplı Tablet;12;3;15;0
24.09.2026;SELÇUK ECZA DEPOSU;SELÇUK SAMSUN;8680001120871;YAŞAM ECZANESİ;SINOP DOGU-BATI ILCELER;ACİDPASS;Acidpass 10/800/165 mg 12 Çiğneme Tablet;2;0;2;0
23.09.2026;SELÇUK ECZA DEPOSU;SELÇUK SAMSUN;8680001133086;ÇAĞDAŞ ECZANESİ;SAMSUN TERME;ACİDPASS;Acidpass 10/800/165 mg 12 Çiğneme Tablet;2;0;2;0
03.09.2026;SELÇUK ECZA DEPOSU;SELÇUK TRABZON;8680001114146;UMUT ECZANESİ;ARTVIN MERKEZ+DOGU+GUNEY;MOKSEFEN;Moksefen 400 mg 7 Film Tablet;5;1;6;0
25.09.2026;SELÇUK ECZA DEPOSU;SELÇUK TRABZON;8680001114146;UMUT ECZANESİ;ARTVIN MERKEZ+DOGU+GUNEY;MOKSEFEN;Moksefen 400 mg 7 Film Tablet;-5;-1;-6;-1
28.09.2026;SELÇUK ECZA DEPOSU;SELÇUK SAMSUN;8680001101153;CEDİT ECZANESİ;SAMSUN ILKADIM - 2;GRİPORT COLD;Griport Cold 20 Film Kaplı Tablet;10;1;11;0
07.09.2026;SELÇUK ECZA DEPOSU;SELÇUK SAMSUN;8680001101542;ASYA ECZANESİ;SAMSUN DOGU ILCELER;ACİDPASS;Acidpass 10/800/165 mg 12 Çiğneme Tablet;4;0;4;0
15.09.2026;SELÇUK ECZA DEPOSU;SELÇUK SAMSUN;8680001101542;ASYA ECZANESİ;SAMSUN DOGU ILCELER;ACİDPASS;Acidpass 10/800/165 mg 12 Çiğneme Tablet;1;0;1;0
15.09.2026;SELÇUK ECZA DEPOSU;SELÇUK SAMSUN;8680001101542;ASYA ECZANESİ;SAMSUN DOGU ILCELER;GRİPORT COLD;Griport Cold 20 Film Kaplı Tablet;5;0;5;0
11.09.2026;SELÇUK ECZA DEPOSU;SELÇUK SAMSUN;8680001108428;İSTİKLAL ECZANESİ;SAMSUN ULUGAZI;ACİDPASS;Acidpass 10/800/165 mg 6 Çiğneme Tablet;2;0;2;0
26.09.2026;SELÇUK ECZA DEPOSU;SELÇUK SAMSUN;8680001850013;ALACA ECZANESİ;CORUM GUNEYDOGU ILCELER;GRİPORT COLD;Griport Cold 20 Film Kaplı Tablet;7;1;8;0
12.09.2026;SELÇUK ECZA DEPOSU;SELÇUK SAMSUN;8680001910861;YESİL ECZANESI;ORDU BATI ILCELER;PANOCER;Panocer 40 mg 28 Enterik Kaplı Tablet;10;3;13;0
21.09.2026;SELÇUK ECZA DEPOSU;SELÇUK ERZURUM;8680001105038;ERDOĞAN ECZANESİ;ERZURUM MERKEZ -3;ACİDPASS;Acidpass 10/800/165 mg 12 Çiğneme Tablet;3;0;3;0
13.09.2026;SELÇUK ECZA DEPOSU;SELÇUK SAMSUN;8680001488490;ALTUNDAĞ ECZANESİ;SAMSUN HAVZA+KAVAK+LADIK;ACİDPASS;Acidpass 10/800/165 mg 12 Çiğneme Tablet;10;1;11;0
19.09.2026;SELÇUK ECZA DEPOSU;SELÇUK SAMSUN;8680001651399;DAVUT DURAK ECZANESI;ORDU UNYE;PANOCER;Panocer 40 mg 28 Enterik Kaplı Tablet;50;25;75;0
01.09.2026;SELÇUK ECZA DEPOSU;SELÇUK SAMSUN;8680001881116;ZEYNEP ECZANESİ;TOKAT TURHAL;ACİDPASS;Acidpass 10/800/165 mg 12 Çiğneme Tablet;10;1;11;0
02.09.2026;SELÇUK ECZA DEPOSU;SELÇUK TRABZON;8680001893294;BORDO MAVİ ECZANESİ;TRABZON MERKEZ -4;PANOCER;Panocer 40 mg 28 Enterik Kaplı Tablet;10;3;13;0
23.09.2026;SELÇUK ECZA DEPOSU;SELÇUK TRABZON;8680001912025;MİHRAP ECZANESİ;ARTVIN KUZEY ILCELER;GRİPORT COLD;Griport Cold 20 Film Kaplı Tablet;3;0;3;0
24.09.2026;SELÇUK ECZA DEPOSU;SELÇUK TRABZON;8680001918928;ÖNAL ECZANESİ;TRABZON DOGU ILCELER -1;ACİDPASS;Acidpass 10/800/165 mg 12 Çiğneme Tablet;10;1;11;0
19.09.2026;SELÇUK ECZA DEPOSU;SELÇUK TRABZON;8680001953820;KAREL ECZANESİ;TRABZON MERKEZ -2;ACİDPASS;Acidpass 10/800/165 mg 12 Çiğneme Tablet;20;3;23;0
16.09.2026;SELÇUK ECZA DEPOSU;SELÇUK SAMSUN;8680001146949;DUYGU ECZANESİ;CORUM MERKEZ -1;GRİPORT COLD;Griport Cold 20 Film Kaplı Tablet;1;0;1;0
08.09.2026;SELÇUK ECZA DEPOSU;SELÇUK TRABZON;8680001113330;KARADENİZ ECZANESİ;RIZE DOGU ILCELER;ACİDPASS;Acidpass 10/800/165 mg 12 Çiğneme Tablet;10;1;11;0
12.09.2026;SELÇUK ECZA DEPOSU;SELÇUK TRABZON;8680001115853;AKIN ECZANESİ;ARTVIN MERKEZ+DOGU+GUNEY;MOKSEFEN;Moksefen 400 mg 7 Film Tablet;5;1;6;0
12.09.2026;SELÇUK ECZA DEPOSU;SELÇUK TRABZON;8680001119615;MERKEZ ECZANESI;RIZE BATI ILCELER;ACİDPASS;Acidpass 10/800/165 mg 12 Çiğneme Tablet;20;3;23;0
02.09.2026;SELÇUK ECZA DEPOSU;SELÇUK TRABZON;8680001123414;KARADENİZ ECZANESİ;RIZE DOGU ILCELER;MOKSEFEN;Moksefen 400 mg 7 Film Tablet;30;15;45;0
25.09.2026;SELÇUK ECZA DEPOSU;SELÇUK TRABZON;8680001123414;KARADENİZ ECZANESİ;RIZE DOGU ILCELER;GRİPORT COLD;Griport Cold 20 Film Kaplı Tablet;12;3;15;0
01.09.2026;SELÇUK ECZA DEPOSU;SELÇUK SAMSUN;8680001466955;PİAZZA ECZANESİ;SAMSUN CANIK;PANOCER;Panocer 40 mg 28 Enterik Kaplı Tablet;10;3;13;0
20.09.2026;SELÇUK ECZA DEPOSU;SELÇUK SAMSUN;8680001479344;YEŞİLYURT ECZANESİ;TOKAT BATI ILCELER;ACİDPASS;Acidpass 10/800/165 mg 6 Çiğneme Tablet;1;0;1;0
18.09.2026;SELÇUK ECZA DEPOSU;SELÇUK SAMSUN;8680001491865;GÜLDEN ECZANESİ;SAMSUN VEZIRKOPRU;ACİDPASS;Acidpass 10/800/165 mg 12 Çiğneme Tablet;20;3;23;0
07.09.2026;SELÇUK ECZA DEPOSU;SELÇUK SAMSUN;8680001505012;MERKEZ ECZANESI;TOKAT DOGU ILCELER;PANOCER;Panocer 40 mg 14 Enterik Kaplı Tablet;10;3;13;0
22.09.2026;SELÇUK ECZA DEPOSU;SELÇUK SAMSUN;8680001505159;MEDİPARK ECZANESİ;SAMSUN ATAKUM;ACİDPASS;Acidpass 10/800/165 mg 12 Çiğneme Tablet;3;0;3;0
07.09.2026;SELÇUK ECZA DEPOSU;SELÇUK SAMSUN;8680001883516;UMUT ECZANESİ;ORDU UNYE;ACİDPASS;Acidpass 10/800/165 mg 12 Çiğneme Tablet;10;1;11;0
11.09.2026;SELÇUK ECZA DEPOSU;SELÇUK SAMSUN;8680001890323;CAN ECZANESİ;TOKAT ERBAA;ACİDPASS;Acidpass 10/800/165 mg 12 Çiğneme Tablet;4;0;4;0
01.09.2026;SELÇUK ECZA DEPOSU;SELÇUK TRABZON;8680001744961;ÇİÇEK ECZANESİ;RIZE BATI ILCELER;ACİDPASS;Acidpass 10/800/165 mg 6 Çiğneme Tablet;2;0;2;0
29.09.2026;SELÇUK ECZA DEPOSU;SELÇUK TRABZON;8680001746033;DOĞA ECZANESİ;TRABZON DOGU ILCELER -1;ACİDPASS;Acidpass 10/800/165 mg 12 Çiğneme Tablet;3;0;3;0
21.09.2026;SELÇUK ECZA DEPOSU;SELÇUK ERZURUM;8680001430291;KAYAKYOLU ECZANESİ;ERZURUM MERKEZ -3;PANOCER;Panocer 40 mg 28 Enterik Kaplı Tablet;10;3;13;0
05.09.2026;SELÇUK ECZA DEPOSU;SELÇUK ERZURUM;8680001431373;ONUR ECZANESİ;ERZINCAN MERKEZ;PANOCER;Panocer 40 mg 14 Enterik Kaplı Tablet;1;0;1;0
24.09.2026;SELÇUK ECZA DEPOSU;SELÇUK ERZURUM;8680001444632;AYGÜN ECZANESİ;ERZURUM MERKEZ -3;GRİPORT COLD;Griport Cold 20 Film Kaplı Tablet;12;3;15;0
07.09.2026;SELÇUK ECZA DEPOSU;SELÇUK ERZURUM;8680001469550;BAKAN ECZANESİ;ERZURUM MERKEZ -1;ACİDPASS;Acidpass 10/800/165 mg 12 Çiğneme Tablet;5;0;5;0
29.09.2026;SELÇUK ECZA DEPOSU;SELÇUK TRABZON;8680001211760;ALPER ECZANESİ;TRABZON MERKEZ -3;ACİDPASS;Acidpass 10/800/165 mg 12 Çiğneme Tablet;1;0;1;0
12.09.2026;SELÇUK ECZA DEPOSU;SELÇUK ERZURUM;8680001868520;YONCALIK ECZANESİ;ERZURUM MERKEZ -3;MOKSEFEN;Moksefen 400 mg 7 Film Tablet;1;0;1;0
21.09.2026;SELÇUK ECZA DEPOSU;SELÇUK ERZURUM;8680001898152;YENI HALK ECAZANESİ;AGRI DIYADIN+D.BEYAZIT;ACİDPASS;Acidpass 10/800/165 mg 12 Çiğneme Tablet;6;0;6;0
18.09.2026;SELÇUK ECZA DEPOSU;SELÇUK SAMSUN;8680001664030;CINAR ECZANESI;TOKAT ERBAA;PANOCER;Panocer 40 mg 28 Enterik Kaplı Tablet;165;135;300;0
01.09.2026;SELÇUK ECZA DEPOSU;SELÇUK SAMSUN;8680001665402;ÖZGE ECZANESİ;CORUM MERKEZ -2;ACİDPASS;Acidpass 10/800/165 mg 12 Çiğneme Tablet;10;1;11;0
01.09.2026;SELÇUK ECZA DEPOSU;SELÇUK SAMSUN;8680001155019;HİCRET ECZANESİ;CORUM GUNEYDOGU ILCELER;MOKSEFEN;Moksefen 400 mg 7 Film Tablet;5;1;6;0
25.09.2026;SELÇUK ECZA DEPOSU;SELÇUK SAMSUN;8680001459391;GÜMÜŞ ECZANESİ;SAMSUN ATAKUM;GRİPORT COLD;Griport Cold 20 Film Kaplı Tablet;2;0;2;0
21.09.2026;SELÇUK ECZA DEPOSU;SELÇUK SAMSUN;8680001468324;ŞEYMA ECZANESİ;ORDU MERKEZ -2;MOKSEFEN;Moksefen 400 mg 7 Film Tablet;20;10;30;0
17.09.2026;SELÇUK ECZA DEPOSU;SELÇUK TRABZON;8680001497423;SAHİL ECZANESİ;RIZE MERKEZ;PANOCER;Panocer 40 mg 28 Enterik Kaplı Tablet;10;3;13;0
23.09.2026;SELÇUK ECZA DEPOSU;SELÇUK TRABZON;8680001552191;KALKANDERE ECZANESİ;RIZE BATI ILCELER;PANOCER;Panocer 40 mg 28 Enterik Kaplı Tablet;100;60;160;0
25.09.2026;SELÇUK ECZA DEPOSU;SELÇUK TRABZON;8680001552566;KARAMANLAR ECZANESİ;GIRESUN MERKEZ -2;GRİPORT COLD;Griport Cold 20 Film Kaplı Tablet;7;1;8;0
04.09.2026;SELÇUK ECZA DEPOSU;SELÇUK ERZURUM;8680001553112;BEYZA ECZANESİ;AGRI ILCELER;ACİDPASS;Acidpass 10/800/165 mg 12 Çiğneme Tablet;2;0;2;0
08.09.2026;SELÇUK ECZA DEPOSU;SELÇUK ERZURUM;8680001632893;İREM ECZANESİ;KARS MERKEZ;ACİDPASS;Acidpass 10/800/165 mg 12 Çiğneme Tablet;1;0;1;0
19.09.2026;SELÇUK ECZA DEPOSU;SELÇUK SAMSUN;8680001153336;DURU ECZANESİ;ORDU MERKEZ -3;PANOCER;Panocer 40 mg 28 Enterik Kaplı Tablet;165;135;300;0
27.09.2026;SELÇUK ECZA DEPOSU;SELÇUK TRABZON;8680001416189;TANJANT ECZANESİ;TRABZON MERKEZ -2;GRİPORT COLD;Griport Cold 20 Film Kaplı Tablet;12;3;15;0
14.09.2026;SELÇUK ECZA DEPOSU;SELÇUK TRABZON;8680001459513;GÖZDE ECZANESİ;RIZE MERKEZ;GRİPORT COLD;Griport Cold 20 Film Kaplı Tablet;2;0;2;0
07.09.2026;SELÇUK ECZA DEPOSU;SELÇUK TRABZON;8680001567829;ZEYNEP ECZANESİ;GIRESUN MERKEZ -2;ACİDPASS;Acidpass 10/800/165 mg 12 Çiğneme Tablet;10;1;11;0
01.09.2026;SELÇUK ECZA DEPOSU;SELÇUK TRABZON;8680001623013;İPEK ECZANESİ;TRABZON MERKEZ -3;MOKSEFEN;Moksefen 400 mg 7 Film Tablet;5;1;6;0
10.09.2026;SELÇUK ECZA DEPOSU;SELÇUK ERZURUM;8680001907175;OZAN ECZANESİ;AGRI ILCELER;ACİDPASS;Acidpass 10/800/165 mg 12 Çiğneme Tablet;3;0;3;0
10.09.2026;SELÇUK ECZA DEPOSU;SELÇUK ERZURUM;8680001945801;KAYA ECZANESİ;AGRI DIYADIN+D.BEYAZIT;PANOCER;Panocer 40 mg 28 Enterik Kaplı Tablet;10;3;13;0
21.09.2026;SELÇUK ECZA DEPOSU;SELÇUK ERZURUM;8680001945801;KAYA ECZANESİ;AGRI DIYADIN+D.BEYAZIT;ACİDPASS;Acidpass 10/800/165 mg 12 Çiğneme Tablet;10;1;11;0
04.09.2026;SELÇUK ECZA DEPOSU;SELÇUK ERZURUM;8680001948673;YENİ KÖPRÜKÖY ECZANESİ;ERZURUM GUNEY ILCELER;PANOCER;Panocer 40 mg 28 Enterik Kaplı Tablet;10;3;13;0
07.09.2026;SELÇUK ECZA DEPOSU;SELÇUK ERZURUM;8680001948673;YENİ KÖPRÜKÖY ECZANESİ;ERZURUM GUNEY ILCELER;PANOCER;Panocer 40 mg 28 Enterik Kaplı Tablet;10;3;13;0
08.09.2026;SELÇUK ECZA DEPOSU;SELÇUK SAMSUN;8680001156634;FİLİZ ECZANESİ;ORDU MERKEZ -2;ACİDPASS;Acidpass 10/800/165 mg 12 Çiğneme Tablet;2;0;2;0
21.09.2026;SELÇUK ECZA DEPOSU;SELÇUK SAMSUN;8680001156634;FİLİZ ECZANESİ;ORDU MERKEZ -2;ACİDPASS;Acidpass 10/800/165 mg 12 Çiğneme Tablet;3;0;3;0
03.09.2026;SELÇUK ECZA DEPOSU;SELÇUK SAMSUN;8680001139088;AYDIN ECZANESI;SAMSUN BAFRA;ACİDPASS;Acidpass 10/800/165 mg 12 Çiğneme Tablet;-10;-1;-11;-1
23.09.2026;SELÇUK ECZA DEPOSU;SELÇUK SAMSUN;8680001141326;ŞİFA ECZANESİ;AMASYA ILCELER;GRİPORT COLD;Griport Cold 20 Film Kaplı Tablet;40;20;60;0
24.09.2026;SELÇUK ECZA DEPOSU;SELÇUK SAMSUN;8680001142286;KONAK ECZANESİ;ORDU MERKEZ -3;ACİDPASS;Acidpass 10/800/165 mg 12 Çiğneme Tablet;4;0;4;0
09.09.2026;SELÇUK ECZA DEPOSU;SELÇUK SAMSUN;8680001179787;TEKELİ ECZANESİ;TOKAT TURHAL;ACİDPASS;Acidpass 10/800/165 mg 12 Çiğneme Tablet;10;1;11;0
03.09.2026;SELÇUK ECZA DEPOSU;SELÇUK SAMSUN;8680001190881;ARTOVA ECZANESİ;TOKAT BATI ILCELER;PANOCER;Panocer 40 mg 28 Enterik Kaplı Tablet;30;12;42;0
08.09.2026;SELÇUK ECZA DEPOSU;SELÇUK ERZURUM;8680001122219;TURGUT ECZANESİ;ERZURUM MERKEZ -3;GRİPORT COLD;Griport Cold 20 Film Kaplı Tablet;7;1;8;0
18.09.2026;SELÇUK ECZA DEPOSU;SELÇUK ERZURUM;8680001145980;ÖZLEM ECZANESİ;AGRI ILCELER;PANOCER;Panocer 40 mg 28 Enterik Kaplı Tablet;10;3;13;0
02.09.2026;SELÇUK ECZA DEPOSU;SELÇUK SAMSUN;8680001119424;SÖNMEZ ECZANESİ;SAMSUN DOGU ILCELER - 2;PANOCER;Panocer 40 mg 28 Enterik Kaplı Tablet;3;0;3;0
02.09.2026;SELÇUK ECZA DEPOSU;SELÇUK SAMSUN;8680001169931;MERKEZ ECZANESI;TOKAT TURHAL;PANOCER;Panocer 40 mg 28 Enterik Kaplı Tablet;10;3;13;0
28.09.2026;SELÇUK ECZA DEPOSU;SELÇUK SAMSUN;8680001183937;SARAY ECZANESİ;TOKAT BATI ILCELER;PANOCER;Panocer 40 mg 28 Enterik Kaplı Tablet;165;135;300;0
10.09.2026;SELÇUK ECZA DEPOSU;SELÇUK SAMSUN;8680001157433;GÜLYALI ECZANESİ;ORDU DOGU ILCELER;PANOCER;Panocer 40 mg 28 Enterik Kaplı Tablet;10;3;13;0
29.09.2026;SELÇUK ECZA DEPOSU;SELÇUK SAMSUN;8680001158089;DEVA ECZANESİ;CORUM MERKEZ -2;GRİPORT COLD;Griport Cold 20 Film Kaplı Tablet;12;3;15;0
16.09.2026;SELÇUK ECZA DEPOSU;SELÇUK SAMSUN;8680001158898;ÖMÜR ECZANESİ;AMASYA ILCELER;ACİDPASS;Acidpass 10/800/165 mg 12 Çiğneme Tablet;3;0;3;0
02.09.2026;SELÇUK ECZA DEPOSU;SELÇUK SAMSUN;8680001819553;MERKEZ ECZANESI;TOKAT ERBAA;PANOCER;Panocer 40 mg 28 Enterik Kaplı Tablet;30;12;42;0
11.09.2026;SELÇUK ECZA DEPOSU;SELÇUK SAMSUN;8680001837755;KOCUR ECZANESI;AMASYA GOYNUCEK+TASOVA;PANOCER;Panocer 40 mg 28 Enterik Kaplı Tablet;-28;-12;-40;-12
11.09.2026;SELÇUK ECZA DEPOSU;SELÇUK SAMSUN;8680001837755;KOCUR ECZANESI;AMASYA GOYNUCEK+TASOVA;ACİDPASS;Acidpass 10/800/165 mg 12 Çiğneme Tablet;-2;-1;-3;-1
16.09.2026;SELÇUK ECZA DEPOSU;SELÇUK ERZURUM;8680001634521;YUSUF ECZANESİ;AGRI ILCELER;ACİDPASS;Acidpass 10/800/165 mg 12 Çiğneme Tablet;50;15;65;0
07.09.2026;SELÇUK ECZA DEPOSU;SELÇUK ERZURUM;8680001688609;SERHAT ECZANESİ;ERZURUM GUNEY ILCELER;PANOCER;Panocer 40 mg 28 Enterik Kaplı Tablet;10;3;13;0
10.09.2026;SELÇUK ECZA DEPOSU;SELÇUK TRABZON;8680001149032;HAYAT ECZANESİ;RIZE MERKEZ;ACİDPASS;Acidpass 10/800/165 mg 12 Çiğneme Tablet;10;1;11;0
02.09.2026;SELÇUK ECZA DEPOSU;SELÇUK TRABZON;8680001165971;MEYDAN ECZANESİ;GIRESUN MERKEZ -2;MOKSEFEN;Moksefen 400 mg 7 Film Tablet;100;70;170;0
12.09.2026;SELÇUK ECZA DEPOSU;SELÇUK TRABZON;8680001171729;KURTOĞLU ECZANESİ;GIRESUN MERKEZ -2;ACİDPASS;Acidpass 10/800/165 mg 12 Çiğneme Tablet;20;3;23;0
11.09.2026;SELÇUK ECZA DEPOSU;SELÇUK ERZURUM;8680001743117;ZEHRA ECZANESİ;ERZINCAN MERKEZ;PANOCER;Panocer 40 mg 28 Enterik Kaplı Tablet;50;25;75;0
24.09.2026;SELÇUK ECZA DEPOSU;SELÇUK SAMSUN;8680001142934;SÖNMEZ ECZANESİ;CORUM MERKEZ -2;ACİDPASS;Acidpass 10/800/165 mg 12 Çiğneme Tablet;100;35;135;0
04.09.2026;SELÇUK ECZA DEPOSU;SELÇUK SAMSUN;8680001147694;ECEM ECZANESİ;CORUM GUNEYBATI ILCELER;PANOCER;Panocer 40 mg 28 Enterik Kaplı Tablet;30;12;42;0
23.09.2026;SELÇUK ECZA DEPOSU;SELÇUK SAMSUN;8680001476473;DEFNE ECZANESİ;CORUM GUNEYBATI ILCELER;GRİPORT COLD;Griport Cold 20 Film Kaplı Tablet;12;3;15;0
17.09.2026;SELÇUK ECZA DEPOSU;SELÇUK SAMSUN;8680001486342;KOÇAK ECZANESİ;CORUM MERKEZ -2;ACİDPASS;Acidpass 10/800/165 mg 12 Çiğneme Tablet;4;0;4;0
12.09.2026;SELÇUK ECZA DEPOSU;SELÇUK SAMSUN;8680001369911;DEFNE ECZANESİ;ORDU MERKEZ -2;GRİPORT COLD;Griport Cold 20 Film Kaplı Tablet;3;0;3;0
30.09.2026;SELÇUK ECZA DEPOSU;SELÇUK SAMSUN;8680001381524;CAN ECZANESİ;ORDU BATI ILCELER;MOKSEFEN;Moksefen 400 mg 7 Film Tablet;30;15;45;0
30.09.2026;SELÇUK ECZA DEPOSU;SELÇUK TRABZON;8680001206155;KONAKOĞLU ECZANESİ;TRABZON MERKEZ -1;GRİPORT COLD;Griport Cold 20 Film Kaplı Tablet;2;0;2;0
18.09.2026;SELÇUK ECZA DEPOSU;SELÇUK ERZURUM;8680001111091;ŞÜHEDA ECZANESİ;ERZURUM MERKEZ -2;ACİDPASS;Acidpass 10/800/165 mg 12 Çiğneme Tablet;10;1;11;0
11.09.2026;SELÇUK ECZA DEPOSU;SELÇUK ERZURUM;8680001950805;GÜNEŞ ECZANESİ;ERZURUM GUNEY ILCELER;PANOCER;Panocer 40 mg 14 Enterik Kaplı Tablet;5;0;5;0
02.09.2026;SELÇUK ECZA DEPOSU;SELÇUK SAMSUN;8680001157938;FATMA ECZANESİ;ORDU BATI ILCELER;PANOCER;Panocer 40 mg 28 Enterik Kaplı Tablet;50;25;75;0
24.09.2026;SELÇUK ECZA DEPOSU;SELÇUK SAMSUN;8680001676798;SİNEM ECZANESİ;SAMSUN CANIK;ACİDPASS;Acidpass 10/800/165 mg 6 Çiğneme Tablet;3;0;3;0
16.09.2026;SELÇUK ECZA DEPOSU;SELÇUK SAMSUN;8680001677733;YENİ ÇİFTLİK ECZANESİ;SAMSUN HURRIYET+ZAFER;ACİDPASS;Acidpass 10/800/165 mg 12 Çiğneme Tablet;20;3;23;0
11.09.2026;SELÇUK ECZA DEPOSU;SELÇUK SAMSUN;8680001688579;SÜNBÜLCÜ ECZANESİ;CORUM MERKEZ -3;ACİDPASS;Acidpass 10/800/165 mg 12 Çiğneme Tablet;10;1;11;0
09.09.2026;SELÇUK ECZA DEPOSU;SELÇUK TRABZON;8680001377022;EDİZ ECZANESİ;TRABZON MERKEZ -4;PANOCER;Panocer 40 mg 28 Enterik Kaplı Tablet;10;3;13;0
01.09.2026;SELÇUK ECZA DEPOSU;SELÇUK TRABZON;8680001445417;VİLDAN ECZANESİ;TRABZON AKCAABAT;ACİDPASS;Acidpass 10/800/165 mg 12 Çiğneme Tablet;50;15;65;0
24.09.2026;SELÇUK ECZA DEPOSU;SELÇUK SAMSUN;8680001551897;YENİ MECİTÖZÜ ECZANESİ;CORUM GUNEYDOGU ILCELER;ACİDPASS;Acidpass 10/800/165 mg 12 Çiğneme Tablet;10;1;11;0
01.09.2026;SELÇUK ECZA DEPOSU;SELÇUK SAMSUN;8680001556984;YAŞAM ECZANESİ;AMASYA MERZIFON;GRİPORT COLD;Griport Cold 20 Film Kaplı Tablet;2;0;2;0
04.09.2026;SELÇUK ECZA DEPOSU;SELÇUK SAMSUN;8680001569748;YENİ HAYAT ECZANESİ;SAMSUN CANIK;ACİDPASS;Acidpass 10/800/165 mg 6 Çiğneme Tablet;3;0;3;0
14.09.2026;SELÇUK ECZA DEPOSU;SELÇUK SAMSUN;8680001573523;CIHAN ECZANESI;TOKAT MERKEZ -2;ACİDPASS;Acidpass 10/800/165 mg 12 Çiğneme Tablet;1;0;1;0
09.09.2026;SELÇUK ECZA DEPOSU;SELÇUK SAMSUN;8680001950119;ORENCIK MINE ECZANESI BAFRA;SAMSUN BAFRA;PANOCER;Panocer 40 mg 28 Enterik Kaplı Tablet;30;12;42;0
10.09.2026;SELÇUK ECZA DEPOSU;SELÇUK ERZURUM;8680001112418;TEKMAN ECZANESİ;ERZURUM GUNEY ILCELER;ACİDPASS;Acidpass 10/800/165 mg 12 Çiğneme Tablet;5;0;5;0
17.09.2026;SELÇUK ECZA DEPOSU;SELÇUK SAMSUN;8680001756971;ERDEM ECZANESİ;TOKAT MERKEZ -2;PANOCER;Panocer 40 mg 28 Enterik Kaplı Tablet;10;3;13;0
14.09.2026;SELÇUK ECZA DEPOSU;SELÇUK SAMSUN;8680001796687;BUĞRA ECZANESI;ORDU MERKEZ -3;ACİDPASS;Acidpass 10/800/165 mg 12 Çiğneme Tablet;20;3;23;0
14.09.2026;SELÇUK ECZA DEPOSU;SELÇUK SAMSUN;8680001802272;BACACI ECZANESI;ORDU GUNEY ILCELER -1;ACİDPASS;Acidpass 10/800/165 mg 12 Çiğneme Tablet;20;3;23;0
23.09.2026;SELÇUK ECZA DEPOSU;SELÇUK SAMSUN;8680001531691;ÇALIŞKAN ECZANESİ;CORUM MERKEZ -3;ACİDPASS;Acidpass 10/800/165 mg 12 Çiğneme Tablet;2;0;2;0
24.09.2026;SELÇUK ECZA DEPOSU;SELÇUK SAMSUN;8680001695935;GÖNÜL ECZANESİ;ORDU GUNEY ILCELER -1;MOKSEFEN;Moksefen 400 mg 7 Film Tablet;10;3;13;0
26.09.2026;SELÇUK ECZA DEPOSU;SELÇUK SAMSUN;8680001695935;GÖNÜL ECZANESİ;ORDU GUNEY ILCELER -1;GRİPORT COLD;Griport Cold 20 Film Kaplı Tablet;12;3;15;0
04.09.2026;SELÇUK ECZA DEPOSU;SELÇUK SAMSUN;8680001699667;EGE ECZANESİ;TOKAT DOGU ILCELER;PANOCER;Panocer 40 mg 28 Enterik Kaplı Tablet;10;3;13;0
15.09.2026;SELÇUK ECZA DEPOSU;SELÇUK SAMSUN;8680001699667;EGE ECZANESİ;TOKAT DOGU ILCELER;GRİPORT COLD;Griport Cold 20 Film Kaplı Tablet;2;0;2;0
18.09.2026;SELÇUK ECZA DEPOSU;SELÇUK SAMSUN;8680001709571;LOTUS ECZANESİ;ORDU DOGU ILCELER;PANOCER;Panocer 40 mg 28 Enterik Kaplı Tablet;30;12;42;0
21.09.2026;SELÇUK ECZA DEPOSU;SELÇUK SAMSUN;8680001127818;HASKÖY NALAN ECZANESİ;SAMSUN CANIK;ACİDPASS;Acidpass 10/800/165 mg 12 Çiğneme Tablet;6;0;6;0
28.09.2026;SELÇUK ECZA DEPOSU;SELÇUK SAMSUN;8680001133086;ÇAĞDAŞ ECZANESİ;SAMSUN TERME;PANOCER;Panocer 40 mg 28 Enterik Kaplı Tablet;10;3;13;0
10.09.2026;SELÇUK ECZA DEPOSU;SELÇUK SAMSUN;8680001146000;FERHAT ECZANESİ;SIVAS MERKEZ -3;GRİPORT COLD;Griport Cold 20 Film Kaplı Tablet;7;1;8;0
14.09.2026;SELÇUK ECZA DEPOSU;SELÇUK SAMSUN;8680001422357;MURAT ECZANESİ;TOKAT MERKEZ -2;ACİDPASS;Acidpass 10/800/165 mg 12 Çiğneme Tablet;2;0;2;0
14.09.2026;SELÇUK ECZA DEPOSU;SELÇUK TRABZON;8680001695867;GÜLBAHAR ECZANESİ;RIZE MERKEZ;MOKSEFEN;Moksefen 400 mg 7 Film Tablet;5;1;6;0
01.09.2026;SELÇUK ECZA DEPOSU;SELÇUK ERZURUM;8680001231560;KÜLTÜR ECZANESİ;ERZINCAN MERKEZ;ACİDPASS;Acidpass 10/800/165 mg 12 Çiğneme Tablet;2;0;2;0
30.09.2026;SELÇUK ECZA DEPOSU;SELÇUK SAMSUN;8680001127818;HASKÖY NALAN ECZANESİ;SAMSUN CANIK;GRİPORT COLD;Griport Cold 20 Film Kaplı Tablet;12;3;15;0
03.09.2026;SELÇUK ECZA DEPOSU;SELÇUK SAMSUN;8680001128921;KURUPELİT ECZANESİ;SAMSUN ATAKENT+19 MAYIS;MOKSEFEN;Moksefen 400 mg 7 Film Tablet;1;0;1;0
11.09.2026;SELÇUK ECZA DEPOSU;SELÇUK SAMSUN;8680001137350;METİN ECZANESİ;SAMSUN DOGU ILCELER - 2;GRİPORT COLD;Griport Cold 20 Film Kaplı Tablet;3;0;3;0
24.09.2026;SELÇUK ECZA DEPOSU;SELÇUK SAMSUN;8680001138647;ÖZLEM ECZANESİ;SINOP DOGU-BATI ILCELER;PANOCER;Panocer 40 mg 28 Enterik Kaplı Tablet;10;3;13;0
22.09.2026;SELÇUK ECZA DEPOSU;SELÇUK SAMSUN;8680001139293;NASUHOĞLU ECZANESİ;SIVAS MERKEZ -4;ACİDPASS;Acidpass 10/800/165 mg 12 Çiğneme Tablet;5;0;5;0
24.09.2026;SELÇUK ECZA DEPOSU;SELÇUK TRABZON;8680001413591;ZEKİ ECZANESİ;TRABZON BATI ILCELER - 2;ACİDPASS;Acidpass 10/800/165 mg 12 Çiğneme Tablet;10;1;11;0
12.09.2026;SELÇUK ECZA DEPOSU;SELÇUK TRABZON;8680001278008;HAKAN ECZANESİ;TRABZON MERKEZ -4;ACİDPASS;Acidpass 10/800/165 mg 12 Çiğneme Tablet;10;1;11;0
12.09.2026;SELÇUK ECZA DEPOSU;SELÇUK TRABZON;8680001369652;AYTUĞ ECZANESİ;GIRESUN DOGU ILCELER -2;ACİDPASS;Acidpass 10/800/165 mg 12 Çiğneme Tablet;50;15;65;0
17.09.2026;SELÇUK ECZA DEPOSU;SELÇUK TRABZON;8680001422494;DEMİRKILIÇ ECZANESİ;GIRESUN BULANCAK+PIRAZIZ;ACİDPASS;Acidpass 10/800/165 mg 12 Çiğneme Tablet;20;3;23;0
14.09.2026;SELÇUK ECZA DEPOSU;SELÇUK TRABZON;8680001268771;ERAY ECZANESİ;TRABZON MERKEZ -3;GRİPORT COLD;Griport Cold 20 Film Kaplı Tablet;1;0;1;0
25.09.2026;SELÇUK ECZA DEPOSU;SELÇUK SAMSUN;8680001413171;AYKANAT ECZANESİ;SAMSUN ATAKUM;GRİPORT COLD;Griport Cold 20 Film Kaplı Tablet;1;0;1;0
19.09.2026;SELÇUK ECZA DEPOSU;SELÇUK SAMSUN;8680001417087;FİKRİ KARTAL ECZANESİ;CORUM KUZEY ILCELER;PANOCER;Panocer 40 mg 28 Enterik Kaplı Tablet;50;25;75;0
19.09.2026;SELÇUK ECZA DEPOSU;SELÇUK SAMSUN;8680001423958;ANADOLU ECZANESİ;SAMSUN BAHCELIEVLER;ACİDPASS;Acidpass 10/800/165 mg 12 Çiğneme Tablet;10;1;11;0
07.09.2026;SELÇUK ECZA DEPOSU;SELÇUK SAMSUN;8680001430628;ALMUS ECZANESİ;TOKAT DOGU ILCELER;ACİDPASS;Acidpass 10/800/165 mg 12 Çiğneme Tablet;20;3;23;0
16.09.2026;SELÇUK ECZA DEPOSU;SELÇUK SAMSUN;8680001438662;ATAKUM PARK ECZANESİ;SAMSUN ATAKUM;GRİPORT COLD;Griport Cold 20 Film Kaplı Tablet;2;0;2;0
01.09.2026;SELÇUK ECZA DEPOSU;SELÇUK SAMSUN;8680001753376;MERAN ECZANESİ;SIVAS MERKEZ -4;PANOCER;Panocer 40 mg 28 Enterik Kaplı Tablet;50;25;75;0
28.09.2026;SELÇUK ECZA DEPOSU;SELÇUK TRABZON;8680001215669;ARSLAN ECZANESİ;GIRESUN BULANCAK+PIRAZIZ;ACİDPASS;Acidpass 10/800/165 mg 12 Çiğneme Tablet;10;1;11;0
25.09.2026;SELÇUK ECZA DEPOSU;SELÇUK TRABZON;8680001251612;VOLKAN ECZANESİ;TRABZON BATI ILCELER - 2;ACİDPASS;Acidpass 10/800/165 mg 12 Çiğneme Tablet;3;0;3;0
25.09.2026;SELÇUK ECZA DEPOSU;SELÇUK SAMSUN;8680001244560;HAKAN ECZANESİ;TOKAT ERBAA;ACİDPASS;Acidpass 10/800/165 mg 12 Çiğneme Tablet;10;1;11;0
11.09.2026;SELÇUK ECZA DEPOSU;SELÇUK SAMSUN;8680001277360;SEÇKİN ECZANESİ;ORDU FATSA;ACİDPASS;Acidpass 10/800/165 mg 6 Çiğneme Tablet;2;0;2;0
12.09.2026;SELÇUK ECZA DEPOSU;SELÇUK TRABZON;8680001173136;SU ECZANESİ;GIRESUN MERKEZ -2;PANOCER;Panocer 40 mg 28 Enterik Kaplı Tablet;10;3;13;0
11.09.2026;SELÇUK ECZA DEPOSU;SELÇUK TRABZON;8680001186273;ÇAĞIN ECZANESİ;GIRESUN BULANCAK+PIRAZIZ;GRİPORT COLD;Griport Cold 20 Film Kaplı Tablet;7;1;8;0
08.09.2026;SELÇUK ECZA DEPOSU;SELÇUK TRABZON;8680001186990;İLGİ ECZANESİ;GIRESUN BULANCAK+PIRAZIZ;ACİDPASS;Acidpass 10/800/165 mg 12 Çiğneme Tablet;20;3;23;0
18.09.2026;SELÇUK ECZA DEPOSU;SELÇUK ERZURUM;8680001460267;TURAN ECZANESİ;ERZURUM MERKEZ -3;GRİPORT COLD;Griport Cold 20 Film Kaplı Tablet;7;1;8;0
10.09.2026;SELÇUK ECZA DEPOSU;SELÇUK ERZURUM;8680001470860;IHLAMUR ECZANESİ;ERZINCAN MERKEZ;PANOCER;Panocer 40 mg 28 Enterik Kaplı Tablet;30;12;42;0
08.09.2026;SELÇUK ECZA DEPOSU;SELÇUK ERZURUM;8680001485635;TANRIVERDİ ECZANESİ;KARS MERKEZ;ACİDPASS;Acidpass 10/800/165 mg 12 Çiğneme Tablet;3;0;3;0
01.09.2026;SELÇUK ECZA DEPOSU;SELÇUK TRABZON;8680001749447;DENİZ ECZANESİ;ARTVIN MERKEZ+DOGU+GUNEY;PANOCER;Panocer 40 mg 28 Enterik Kaplı Tablet;165;135;300;0
15.09.2026;SELÇUK ECZA DEPOSU;SELÇUK TRABZON;8680001749447;DENİZ ECZANESİ;ARTVIN MERKEZ+DOGU+GUNEY;FAMTREC;Famtrec 800/26,6mg 14 Film Kaplı Tablet;1;0;1;0
02.09.2026;SELÇUK ECZA DEPOSU;SELÇUK TRABZON;8680001754083;SOYDAŞ ECZANESİ;GUMUSHANE;MOKSEFEN;Moksefen 400 mg 7 Film Tablet;50;35;85;0
17.09.2026;SELÇUK ECZA DEPOSU;SELÇUK ERZURUM;8680001431373;ONUR ECZANESİ;ERZINCAN MERKEZ;ACİDPASS;Acidpass 10/800/165 mg 12 Çiğneme Tablet;10;1;11;0
22.09.2026;SELÇUK ECZA DEPOSU;SELÇUK SAMSUN;8680001943159;ELA ECZANESİ;SAMSUN ATAKENT+19 MAYIS;PANOCER;Panocer 40 mg 28 Enterik Kaplı Tablet;4;0;4;0
01.09.2026;SELÇUK ECZA DEPOSU;SELÇUK SAMSUN;8680001948413;GÖKAL ECZANESİ;TOKAT ERBAA;PANOCER;Panocer 40 mg 28 Enterik Kaplı Tablet;10;3;13;0
03.09.2026;SELÇUK ECZA DEPOSU;SELÇUK SAMSUN;8680001105557;UMUT ECZANESİ;SAMSUN ATAKUM;ACİDPASS;Acidpass 10/800/165 mg 12 Çiğneme Tablet;50;15;65;0
29.09.2026;SELÇUK ECZA DEPOSU;SELÇUK ERZURUM;8680001470860;IHLAMUR ECZANESİ;ERZINCAN MERKEZ;ACİDPASS;Acidpass 10/800/165 mg 12 Çiğneme Tablet;1;0;1;0
30.09.2026;SELÇUK ECZA DEPOSU;SELÇUK TRABZON;8680001117703;HAYAT ECZANESİ;ARTVIN KUZEY ILCELER;MOKSEFEN;Moksefen 400 mg 7 Film Tablet;10;3;13;0
16.09.2026;SELÇUK ECZA DEPOSU;SELÇUK TRABZON;8680001428786;ŞAHİN ECZANESİ;TRABZON DOGU ILCELER - 2;GRİPORT COLD;Griport Cold 20 Film Kaplı Tablet;2;0;2;0
06.09.2026;SELÇUK ECZA DEPOSU;SELÇUK TRABZON;8680001439645;FATİH ECZANESİ;RIZE MERKEZ;MOKSEFEN;Moksefen 400 mg 7 Film Tablet;10;3;13;0
18.09.2026;SELÇUK ECZA DEPOSU;SELÇUK TRABZON;8680001443925;DOĞANKÖY ŞİFA ECZANESİ;TRABZON AKCAABAT;GRİPORT COLD;Griport Cold 20 Film Kaplı Tablet;10;1;11;0
17.09.2026;SELÇUK ECZA DEPOSU;SELÇUK SAMSUN;8680001953097;REŞADİYE ECZANESİ;TOKAT DOGU ILCELER;ACİDPASS;Acidpass 10/800/165 mg 12 Çiğneme Tablet;4;0;4;0
26.09.2026;SELÇUK ECZA DEPOSU;SELÇUK SAMSUN;8680001111565;ERDEN ECZANESİ;SAMSUN ATAKUM;ACİDPASS;Acidpass 10/800/165 mg 12 Çiğneme Tablet;20;3;23;0
26.09.2026;SELÇUK ECZA DEPOSU;SELÇUK SAMSUN;8680001113972;DİKBIYIK ECZANESİ;SAMSUN DOGU ILCELER - 2;ACİDPASS;Acidpass 10/800/165 mg 12 Çiğneme Tablet;10;1;11;0
17.09.2026;SELÇUK ECZA DEPOSU;SELÇUK SAMSUN;8680001114092;ŞİMŞEK ECZANESİ;SINOP MERKEZ;GRİPORT COLD;Griport Cold 20 Film Kaplı Tablet;7;1;8;0
01.09.2026;SELÇUK ECZA DEPOSU;SELÇUK ERZURUM;8680001810277;TANCA ECZANESİ;AGRI DIYADIN+D.BEYAZIT;ACİDPASS;Acidpass 10/800/165 mg 12 Çiğneme Tablet;2;0;2;0
20.09.2026;SELÇUK ECZA DEPOSU;SELÇUK ERZURUM;8680001848560;CAN ECZANESİ;AGRI DIYADIN+D.BEYAZIT;MOKSEFEN;Moksefen 400 mg 7 Film Tablet;5;1;6;0
01.09.2026;SELÇUK ECZA DEPOSU;SELÇUK ERZURUM;8680001915934;FİRDEVS ECZANESİ;ERZURUM MERKEZ -3;PANOCER;Panocer 40 mg 28 Enterik Kaplı Tablet;3;0;3;0
10.09.2026;SELÇUK ECZA DEPOSU;SELÇUK ERZURUM;8680001907175;OZAN ECZANESİ;AGRI ILCELER;MOKSEFEN;Moksefen 400 mg 7 Film Tablet;2;0;2;0
09.09.2026;SELÇUK ECZA DEPOSU;SELÇUK ERZURUM;8680001460236;IŞIK ECZANESİ;ERZURUM MERKEZ -3;PANOCER;Panocer 40 mg 28 Enterik Kaplı Tablet;165;135;300;0
17.09.2026;SELÇUK ECZA DEPOSU;SELÇUK TRABZON;8680001439645;FATİH ECZANESİ;RIZE MERKEZ;PANOCER;Panocer 40 mg 28 Enterik Kaplı Tablet;20;6;26;0
18.09.2026;SELÇUK ECZA DEPOSU;SELÇUK TRABZON;8680001466641;DERECİK MERKEZ ECZANESİ;TRABZON AKCAABAT;MOKSEFEN;Moksefen 400 mg 7 Film Tablet;5;1;6;0
16.09.2026;SELÇUK ECZA DEPOSU;SELÇUK SAMSUN;8680001518500;FERAH ECZANESİ;SAMSUN ADALET;ACİDPASS;Acidpass 10/800/165 mg 12 Çiğneme Tablet;2;0;2;0
21.09.2026;SELÇUK ECZA DEPOSU;SELÇUK SAMSUN;8680001531691;ÇALIŞKAN ECZANESİ;CORUM MERKEZ -3;PANOCER;Panocer 40 mg 28 Enterik Kaplı Tablet;10;3;13;0
18.09.2026;SELÇUK ECZA DEPOSU;SELÇUK TRABZON;8680001259717;ÖZLEM ECZANESİ;TRABZON DOGU ILCELER - 2;ACİDPASS;Acidpass 10/800/165 mg 12 Çiğneme Tablet;3;0;3;0
08.09.2026;SELÇUK ECZA DEPOSU;SELÇUK TRABZON;8680001265886;TURAN ECZANESİ;TRABZON MERKEZ -4;PANOCER;Panocer 40 mg 28 Enterik Kaplı Tablet;10;3;13;0
01.09.2026;SELÇUK ECZA DEPOSU;SELÇUK TRABZON;8680001273652;GENÇER ECZANESİ;TRABZON AKCAABAT;PANOCER;Panocer 40 mg 28 Enterik Kaplı Tablet;100;60;160;0
28.09.2026;SELÇUK ECZA DEPOSU;SELÇUK SAMSUN;8680001137411;ÇINAR ECZANESİ;SAMSUN ADALET;GRİPORT COLD;Griport Cold 20 Film Kaplı Tablet;1;0;1;0
24.09.2026;SELÇUK ECZA DEPOSU;SELÇUK TRABZON;8680001756018;ZEYTÜL ECZANESİ;ARTVIN KUZEY ILCELER;GRİPORT COLD;Griport Cold 20 Film Kaplı Tablet;4;0;4;0
24.09.2026;SELÇUK ECZA DEPOSU;SELÇUK TRABZON;8680001784462;MİNA ECZANESİ;TRABZON MERKEZ -2;ACİDPASS;Acidpass 10/800/165 mg 12 Çiğneme Tablet;3;0;3;0
29.09.2026;SELÇUK ECZA DEPOSU;SELÇUK TRABZON;8680001860883;ATA ECZANESİ;TRABZON MERKEZ -1;PANOCER;Panocer 40 mg 28 Enterik Kaplı Tablet;-30;-12;-42;-12
18.09.2026;SELÇUK ECZA DEPOSU;SELÇUK TRABZON;8680001893294;BORDO MAVİ ECZANESİ;TRABZON MERKEZ -4;PANOCER;Panocer 40 mg 28 Enterik Kaplı Tablet;10;3;13;0
12.09.2026;SELÇUK ECZA DEPOSU;SELÇUK TRABZON;8680001912025;MİHRAP ECZANESİ;ARTVIN KUZEY ILCELER;MOKSEFEN;Moksefen 400 mg 7 Film Tablet;10;3;13;0
28.09.2026;SELÇUK ECZA DEPOSU;SELÇUK SAMSUN;8680001713301;YENİŞEHİR ECZANESİ;SIVAS MERKEZ -4;PANOCER;Panocer 40 mg 28 Enterik Kaplı Tablet;30;12;42;0
11.09.2026;SELÇUK ECZA DEPOSU;SELÇUK SAMSUN;8680001719563;DUMAN ECZANESİ;ORDU BATI ILCELER;ACİDPASS;Acidpass 10/800/165 mg 12 Çiğneme Tablet;3;0;3;0
11.09.2026;SELÇUK ECZA DEPOSU;SELÇUK SAMSUN;8680001719563;DUMAN ECZANESİ;ORDU BATI ILCELER;MOKSEFEN;Moksefen 400 mg 7 Film Tablet;5;1;6;0
14.09.2026;SELÇUK ECZA DEPOSU;SELÇUK TRABZON;8680001467136;SAYGILI ECZANESİ;TRABZON MERKEZ -4;ACİDPASS;Acidpass 10/800/165 mg 12 Çiğneme Tablet;5;0;5;0
01.09.2026;SELÇUK ECZA DEPOSU;SELÇUK TRABZON;8680001468584;UMUT ECZANESİ;TRABZON AKCAABAT;ACİDPASS;Acidpass 10/800/165 mg 12 Çiğneme Tablet;500;200;700;0
07.09.2026;SELÇUK ECZA DEPOSU;SELÇUK TRABZON;8680001471218;ARAKLI ŞİFA ECZANESİ;TRABZON DOGU ILCELER - 2;GRİPORT COLD;Griport Cold 20 Film Kaplı Tablet;2;0;2;0
01.09.2026;SELÇUK ECZA DEPOSU;SELÇUK TRABZON;8680001471591;ÖMER ECZANESİ;ARTVIN MERKEZ+DOGU+GUNEY;ACİDPASS;Acidpass 10/800/165 mg 12 Çiğneme Tablet;20;3;23;0
02.09.2026;SELÇUK ECZA DEPOSU;SELÇUK ERZURUM;8680001695225;NADİR ECZANESİ;AGRI MERKEZ;ACİDPASS;Acidpass 10/800/165 mg 12 Çiğneme Tablet;10;1;11;0
01.09.2026;SELÇUK ECZA DEPOSU;SELÇUK TRABZON;8680001206056;BAKKALOĞLU ECZANESİ;TRABZON MERKEZ -1;PANOCER;Panocer 40 mg 28 Enterik Kaplı Tablet;165;135;300;0
11.09.2026;SELÇUK ECZA DEPOSU;SELÇUK TRABZON;8680001213252;GÖNÜL ECZANESİ;TRABZON AKCAABAT;PANOCER;Panocer 40 mg 28 Enterik Kaplı Tablet;30;12;42;0
17.09.2026;SELÇUK ECZA DEPOSU;SELÇUK TRABZON;8680001381005;GÖKÇE ECZANESİ;TRABZON BATI ILCELER - 2;PANOCER;Panocer 40 mg 28 Enterik Kaplı Tablet;50;25;75;0
16.09.2026;SELÇUK ECZA DEPOSU;SELÇUK TRABZON;8680001443949;ŞİFA ECZANESİ;TRABZON BATI ILCELER - 2;MOKSEFEN;Moksefen 400 mg 7 Film Tablet;5;1;6;0
11.09.2026;SELÇUK ECZA DEPOSU;SELÇUK SAMSUN;8680001158553;ERMAN ECZANESİ;CORUM MERKEZ -1;PANOCER;Panocer 40 mg 28 Enterik Kaplı Tablet;10;3;13;0
18.09.2026;SELÇUK ECZA DEPOSU;SELÇUK SAMSUN;8680001158706;AKIN ECZANESİ;SIVAS MERKEZ -2;ACİDPASS;Acidpass 10/800/165 mg 12 Çiğneme Tablet;2;0;2;0
06.09.2026;SELÇUK ECZA DEPOSU;SELÇUK SAMSUN;8680001154005;SERDAROĞLU ECZANESİ;CORUM KUZEY ILCELER;ACİDPASS;Acidpass 10/800/165 mg 12 Çiğneme Tablet;2;0;2;0
05.09.2026;SELÇUK ECZA DEPOSU;SELÇUK TRABZON;8680001746033;DOĞA ECZANESİ;TRABZON DOGU ILCELER -1;PANOCER;Panocer 40 mg 28 Enterik Kaplı Tablet;10;3;13;0
02.09.2026;SELÇUK ECZA DEPOSU;SELÇUK TRABZON;8680001805518;EMRE ECZANESİ;GUMUSHANE;MOKSEFEN;Moksefen 400 mg 7 Film Tablet;50;35;85;0
18.09.2026;SELÇUK ECZA DEPOSU;SELÇUK TRABZON;8680001808465;YILDIRIM ECZANESİ;RIZE BATI ILCELER;ACİDPASS;Acidpass 10/800/165 mg 6 Çiğneme Tablet;1;0;1;0
03.09.2026;SELÇUK ECZA DEPOSU;SELÇUK SAMSUN;8680001838660;BALIM ECZANESİ;TOKAT DOGU ILCELER;ACİDPASS;Acidpass 10/800/165 mg 12 Çiğneme Tablet;2;0;2;0
18.09.2026;SELÇUK ECZA DEPOSU;SELÇUK SAMSUN;8680001847914;IŞIK ECZANESİ;SIVAS MERKEZ -4;ACİDPASS;Acidpass 10/800/165 mg 12 Çiğneme Tablet;2;0;2;0
10.09.2026;SELÇUK ECZA DEPOSU;SELÇUK ERZURUM;8680001168767;PASİNLER ECZANESİ;ERZURUM GUNEY ILCELER;ACİDPASS;Acidpass 10/800/165 mg 12 Çiğneme Tablet;10;1;11;0
24.09.2026;SELÇUK ECZA DEPOSU;SELÇUK ERZURUM;8680001172795;DİYAR ECZANESİ;KARS ILCELER;PANOCER;Panocer 40 mg 28 Enterik Kaplı Tablet;165;135;300;0
28.09.2026;SELÇUK ECZA DEPOSU;SELÇUK ERZURUM;8680001126392;MERKEZ ECZANESI;ERZURUM MERKEZ -1;ACİDPASS;Acidpass 10/800/165 mg 12 Çiğneme Tablet;10;1;11;0
16.09.2026;SELÇUK ECZA DEPOSU;SELÇUK ERZURUM;8680001558117;YENI NENEHATUN ECZANESİ;ERZURUM MERKEZ -1;ACİDPASS;Acidpass 10/800/165 mg 12 Çiğneme Tablet;10;1;11;0
22.09.2026;SELÇUK ECZA DEPOSU;SELÇUK ERZURUM;8680001603749;ERZİNCAN  ECZANESI;ERZINCAN MERKEZ;PANOCER;Panocer 40 mg 28 Enterik Kaplı Tablet;10;3;13;0
12.09.2026;SELÇUK ECZA DEPOSU;SELÇUK TRABZON;8680001102822;DENİZ ECZANESİ;RIZE MERKEZ;ACİDPASS;Acidpass 10/800/165 mg 12 Çiğneme Tablet;50;15;65;0
15.09.2026;SELÇUK ECZA DEPOSU;SELÇUK TRABZON;8680001104765;GÜNDOĞDU ECZANESİ;RIZE MERKEZ;ACİDPASS;Acidpass 10/800/165 mg 6 Çiğneme Tablet;1;0;1;0
03.09.2026;SELÇUK ECZA DEPOSU;SELÇUK TRABZON;8680001108459;TOPÇU ECZANESİ;RIZE MERKEZ;PANOCER;Panocer 40 mg 28 Enterik Kaplı Tablet;10;3;13;0
18.09.2026;SELÇUK ECZA DEPOSU;SELÇUK TRABZON;8680001104918;DERMAN ECZANESİ;RIZE MERKEZ;PANOCER;Panocer 40 mg 28 Enterik Kaplı Tablet;30;12;42;0
01.09.2026;SELÇUK ECZA DEPOSU;SELÇUK SAMSUN;8680001894116;UMUT ECZANESİ;CORUM KARGI+OSMANCIK;ACİDPASS;Acidpass 10/800/165 mg 12 Çiğneme Tablet;3;0;3;0
01.09.2026;SELÇUK ECZA DEPOSU;SELÇUK SAMSUN;8680001940974;OLTU ECZANESI;TOKAT DOGU ILCELER;GRİPORT COLD;Griport Cold 20 Film Kaplı Tablet;7;1;8;0
30.09.2026;SELÇUK ECZA DEPOSU;SELÇUK SAMSUN;8680001945207;ARSLANLAR ECZANESİ;TOKAT DOGU ILCELER;ACİDPASS;Acidpass 10/800/165 mg 12 Çiğneme Tablet;10;1;11;0
03.09.2026;SELÇUK ECZA DEPOSU;SELÇUK SAMSUN;8680001948888;KOÇ ECZANESİ;ORDU FATSA;PANOCER;Panocer 40 mg 28 Enterik Kaplı Tablet;100;60;160;0
10.09.2026;SELÇUK ECZA DEPOSU;SELÇUK ERZURUM;8680001105038;ERDOĞAN ECZANESİ;ERZURUM MERKEZ -3;GRİPORT COLD;Griport Cold 20 Film Kaplı Tablet;7;1;8;0
18.09.2026;SELÇUK ECZA DEPOSU;SELÇUK TRABZON;8680001723041;MERKEZ ECZANESI;TRABZON DUZKOY+MACKA;MOKSEFEN;Moksefen 400 mg 7 Film Tablet;20;10;30;0
11.09.2026;SELÇUK ECZA DEPOSU;SELÇUK TRABZON;8680001758197;OKUMUŞ ECZANESİ;RIZE DOGU ILCELER;ACİDPASS;Acidpass 10/800/165 mg 12 Çiğneme Tablet;150;60;210;0
01.09.2026;SELÇUK ECZA DEPOSU;SELÇUK TRABZON;8680001758906;KOCABAŞ ECZANESİ;TRABZON MERKEZ -1;PANOCER;Panocer 40 mg 28 Enterik Kaplı Tablet;10;3;13;0
05.09.2026;SELÇUK ECZA DEPOSU;SELÇUK TRABZON;8680001354306;DEVA ECZANESİ;RIZE BATI ILCELER;PANOCER;Panocer 40 mg 28 Enterik Kaplı Tablet;165;135;300;0
08.09.2026;SELÇUK ECZA DEPOSU;SELÇUK ERZURUM;8680001465958;GÜL ECZANESİ;ERZINCAN MERKEZ;PANOCER;Panocer 40 mg 28 Enterik Kaplı Tablet;10;3;13;0
01.09.2026;SELÇUK ECZA DEPOSU;SELÇUK TRABZON;8680001454020;DEVA ECZANESİ;GIRESUN BULANCAK+PIRAZIZ;ACİDPASS;Acidpass 10/800/165 mg 12 Çiğneme Tablet;10;1;11;0
16.09.2026;SELÇUK ECZA DEPOSU;SELÇUK TRABZON;8680001463626;SERKAN ECZANESİ;RIZE MERKEZ;ACİDPASS;Acidpass 10/800/165 mg 12 Çiğneme Tablet;-50;-15;-65;-15
04.09.2026;SELÇUK ECZA DEPOSU;SELÇUK TRABZON;8680001443925;DOĞANKÖY ŞİFA ECZANESİ;TRABZON AKCAABAT;GRİPORT COLD;Griport Cold 20 Film Kaplı Tablet;10;1;11;0
17.09.2026;SELÇUK ECZA DEPOSU;SELÇUK TRABZON;8680001453931;LOKMAN HEKİM ECZANESİ;RIZE MERKEZ;ACİDPASS;Acidpass 10/800/165 mg 12 Çiğneme Tablet;50;15;65;0
12.09.2026;SELÇUK ECZA DEPOSU;SELÇUK TRABZON;8680001463626;SERKAN ECZANESİ;RIZE MERKEZ;ACİDPASS;Acidpass 10/800/165 mg 12 Çiğneme Tablet;50;15;65;0
11.09.2026;SELÇUK ECZA DEPOSU;SELÇUK TRABZON;8680001472376;HALK ECZANESİ;ARTVIN KUZEY ILCELER;ACİDPASS;Acidpass 10/800/165 mg 12 Çiğneme Tablet;10;1;11;0
04.09.2026;SELÇUK ECZA DEPOSU;SELÇUK SAMSUN;8680001114238;KALKANCA ECZANESİ;SAMSUN ILKADIM - 2;GRİPORT COLD;Griport Cold 20 Film Kaplı Tablet;70;45;115;0
10.09.2026;SELÇUK ECZA DEPOSU;SELÇUK SAMSUN;8680001115242;SERKAN ECZANESİ;SINOP MERKEZ;ACİDPASS;Acidpass 10/800/165 mg 12 Çiğneme Tablet;2;0;2;0
16.09.2026;SELÇUK ECZA DEPOSU;SELÇUK SAMSUN;8680001116263;İNCİ ECZANESİ;SINOP MERKEZ;GRİPORT COLD;Griport Cold 20 Film Kaplı Tablet;7;1;8;0
23.09.2026;SELÇUK ECZA DEPOSU;SELÇUK ERZURUM;8680001453986;SELİMİYE ECZANESİ;ERZURUM MERKEZ -3;ACİDPASS;Acidpass 10/800/165 mg 12 Çiğneme Tablet;5;0;5;0
22.09.2026;SELÇUK ECZA DEPOSU;SELÇUK ERZURUM;8680001460267;TURAN ECZANESİ;ERZURUM MERKEZ -3;PANOCER;Panocer 40 mg 14 Enterik Kaplı Tablet;10;3;13;0
11.09.2026;SELÇUK ECZA DEPOSU;SELÇUK ERZURUM;8680001489725;ŞÜKRAN ECZANESİ;AGRI MERKEZ;PANOCER;Panocer 40 mg 28 Enterik Kaplı Tablet;10;3;13;0
17.09.2026;SELÇUK ECZA DEPOSU;SELÇUK TRABZON;8680001496594;YAĞMUR ECZANESİ;ARTVIN MERKEZ+DOGU+GUNEY;FAMTREC;Famtrec 800/26,6mg 14 Film Kaplı Tablet;1;0;1;0
08.09.2026;SELÇUK ECZA DEPOSU;SELÇUK SAMSUN;8680001182732;FAZİLET ECZANESİ;TOKAT TURHAL;ACİDPASS;Acidpass 10/800/165 mg 12 Çiğneme Tablet;2;0;2;0
04.09.2026;SELÇUK ECZA DEPOSU;SELÇUK SAMSUN;8680001103997;ÇAPA ECZANESİ;SAMSUN KALE;PANOCER;Panocer 40 mg 28 Enterik Kaplı Tablet;10;3;13;0
02.09.2026;SELÇUK ECZA DEPOSU;SELÇUK SAMSUN;8680001108961;DOĞA ECZANESİ;SAMSUN ILKADIM - 2;ACİDPASS;Acidpass 10/800/165 mg 12 Çiğneme Tablet;1;0;1;0
15.09.2026;SELÇUK ECZA DEPOSU;SELÇUK SAMSUN;8680001111756;ANIL ECZANESİ;SAMSUN BAHCELIEVLER;ACİDPASS;Acidpass 10/800/165 mg 12 Çiğneme Tablet;1;0;1;0
18.09.2026;SELÇUK ECZA DEPOSU;SELÇUK SAMSUN;8680001908301;GOKCELİ ECZANESİ;SAMSUN DOGU ILCELER - 2;PANOCER;Panocer 40 mg 28 Enterik Kaplı Tablet;1;0;1;0
21.09.2026;SELÇUK ECZA DEPOSU;SELÇUK TRABZON;8680001272877;KONAK ECZANESİ;TRABZON MERKEZ -4;ACİDPASS;Acidpass 10/800/165 mg 12 Çiğneme Tablet;1;0;1;0
10.09.2026;SELÇUK ECZA DEPOSU;SELÇUK TRABZON;8680001275557;ONGAN ECZANESİ;TRABZON MERKEZ -4;ACİDPASS;Acidpass 10/800/165 mg 12 Çiğneme Tablet;10;1;11;0
01.09.2026;SELÇUK ECZA DEPOSU;SELÇUK TRABZON;8680001304233;HAKAN ECZANESİ;ARTVIN MERKEZ+DOGU+GUNEY;PANOCER;Panocer 40 mg 28 Enterik Kaplı Tablet;165;135;300;0
21.09.2026;SELÇUK ECZA DEPOSU;SELÇUK SAMSUN;8680001953097;REŞADİYE ECZANESİ;TOKAT DOGU ILCELER;ACİDPASS;Acidpass 10/800/165 mg 12 Çiğneme Tablet;3;0;3;0
28.09.2026;SELÇUK ECZA DEPOSU;SELÇUK ERZURUM;8680001102938;DİYADİN ECZANESİ;AGRI DIYADIN+D.BEYAZIT;ACİDPASS;Acidpass 10/800/165 mg 6 Çiğneme Tablet;2;0;2;0
01.09.2026;SELÇUK ECZA DEPOSU;SELÇUK ERZURUM;8680001119226;ÜNLÜ ECZANESİ;ERZURUM MERKEZ -3;GRİPORT COLD;Griport Cold 20 Film Kaplı Tablet;12;3;15;0
15.09.2026;SELÇUK ECZA DEPOSU;SELÇUK SAMSUN;8680001621934;BÜŞRA TURAN ECZANESİ;SAMSUN BAFRA;MOKSEFEN;Moksefen 400 mg 7 Film Tablet;5;1;6;0
29.09.2026;SELÇUK ECZA DEPOSU;SELÇUK SAMSUN;8680001630158;SEÇİL ECZANESİ;SAMSUN HURRIYET+ZAFER;PANOCER;Panocer 40 mg 28 Enterik Kaplı Tablet;1;0;1;0
19.09.2026;SELÇUK ECZA DEPOSU;SELÇUK SAMSUN;8680001751662;DOĞU ECZANESİ;SAMSUN DOGU ILCELER - 2;ACİDPASS;Acidpass 10/800/165 mg 12 Çiğneme Tablet;10;1;11;0
30.09.2026;SELÇUK ECZA DEPOSU;SELÇUK TRABZON;8680001225859;GÜVEN ECZANESİ;GUMUSHANE;ACİDPASS;Acidpass 10/800/165 mg 12 Çiğneme Tablet;10;1;11;0
29.09.2026;SELÇUK ECZA DEPOSU;SELÇUK SAMSUN;8680001183128;ÇAĞRI ECZANESİ;TOKAT MERKEZ -2;ACİDPASS;Acidpass 10/800/165 mg 12 Çiğneme Tablet;2;0;2;0
15.09.2026;SELÇUK ECZA DEPOSU;SELÇUK SAMSUN;8680001183975;MERKEZ ECZANESI;CORUM GUNEYBATI ILCELER;GRİPORT COLD;Griport Cold 20 Film Kaplı Tablet;7;1;8;0
02.09.2026;SELÇUK ECZA DEPOSU;SELÇUK SAMSUN;8680001184149;ÖZKAYA ECZANESİ;SAMSUN ILKADIM - 2;PANOCER;Panocer 40 mg 28 Enterik Kaplı Tablet;10;3;13;0
12.09.2026;SELÇUK ECZA DEPOSU;SELÇUK SAMSUN;8680001198665;ONUR ECZANESİ;TOKAT BATI ILCELER;PANOCER;Panocer 40 mg 28 Enterik Kaplı Tablet;100;60;160;0
11.09.2026;SELÇUK ECZA DEPOSU;SELÇUK SAMSUN;8680001110087;SEDEF ECZANESİ;SAMSUN ILKADIM - 2;MOKSEFEN;Moksefen 400 mg 7 Film Tablet;20;10;30;0
24.09.2026;SELÇUK ECZA DEPOSU;SELÇUK SAMSUN;8680001110803;MERKEZ ECZANESI;SAMSUN VEZIRKOPRU;ACİDPASS;Acidpass 10/800/165 mg 12 Çiğneme Tablet;10;1;11;0
26.09.2026;SELÇUK ECZA DEPOSU;SELÇUK SAMSUN;8680001113934;ALVER ECZANESİ;SAMSUN DOGU ILCELER - 2;ACİDPASS;Acidpass 10/800/165 mg 12 Çiğneme Tablet;10;1;11;0
10.09.2026;SELÇUK ECZA DEPOSU;SELÇUK SAMSUN;8680001114399;YENİ ECZANESİ;SAMSUN ALACAM+YAKAKENT;PANOCER;Panocer 40 mg 28 Enterik Kaplı Tablet;50;25;75;0
19.09.2026;SELÇUK ECZA DEPOSU;SELÇUK SAMSUN;8680001114672;MERKEZ ECZANESI;SINOP MERKEZ;ACİDPASS;Acidpass 10/800/165 mg 12 Çiğneme Tablet;10;1;11;0
04.09.2026;SELÇUK ECZA DEPOSU;SELÇUK SAMSUN;8680001115440;İLYASKÖY ECZANESİ;SAMSUN RASATHANE;GRİPORT COLD;Griport Cold 20 Film Kaplı Tablet;3;0;3;0
26.09.2026;SELÇUK ECZA DEPOSU;SELÇUK SAMSUN;8680001115860;STAD ECZANESİ;SAMSUN DOGU ILCELER - 2;ACİDPASS;Acidpass 10/800/165 mg 12 Çiğneme Tablet;20;3;23;0
24.09.2026;SELÇUK ECZA DEPOSU;SELÇUK TRABZON;8680001171453;KARACA ECZANESİ;GIRESUN MERKEZ -2;ACİDPASS;Acidpass 10/800/165 mg 12 Çiğneme Tablet;10;1;11;0
15.09.2026;SELÇUK ECZA DEPOSU;SELÇUK TRABZON;8680001172221;YALÇIN ECZANESİ;GUMUSHANE;FAMTREC;Famtrec 800/26,6mg 14 Film Kaplı Tablet;7;1;8;0
19.09.2026;SELÇUK ECZA DEPOSU;SELÇUK SAMSUN;8680001232574;TURAN ECZANESİ;ORDU UNYE;PANOCER;Panocer 40 mg 28 Enterik Kaplı Tablet;20;6;26;0
02.09.2026;SELÇUK ECZA DEPOSU;SELÇUK SAMSUN;8680001252817;AKAR ECZANESİ;ORDU FATSA;ACİDPASS;Acidpass 10/800/165 mg 12 Çiğneme Tablet;20;3;23;0
11.09.2026;SELÇUK ECZA DEPOSU;SELÇUK ERZURUM;8680001906505;CEREN ECZANESİ;AGRI DIYADIN+D.BEYAZIT;PANOCER;Panocer 40 mg 28 Enterik Kaplı Tablet;165;135;300;0
16.09.2026;SELÇUK ECZA DEPOSU;SELÇUK ERZURUM;8680001907960;DEVA ECZANESİ;ERZURUM GUNEY ILCELER;PANOCER;Panocer 40 mg 28 Enterik Kaplı Tablet;165;135;300;0
24.09.2026;SELÇUK ECZA DEPOSU;SELÇUK SAMSUN;8680001121670;ŞİFA ECZANESİ;SINOP DOGU-BATI ILCELER;ACİDPASS;Acidpass 10/800/165 mg 12 Çiğneme Tablet;2;0;2;0
07.09.2026;SELÇUK ECZA DEPOSU;SELÇUK SAMSUN;8680001127269;VATAN ECZANESİ;SIVAS MERKEZ -2;PANOCER;Panocer 40 mg 28 Enterik Kaplı Tablet;10;3;13;0
23.09.2026;SELÇUK ECZA DEPOSU;SELÇUK SAMSUN;8680001118687;SILA ECZANESİ;SAMSUN ATAKENT+19 MAYIS;PANOCER;Panocer 40 mg 28 Enterik Kaplı Tablet;10;3;13;0
14.09.2026;SELÇUK ECZA DEPOSU;SELÇUK SAMSUN;8680001709571;LOTUS ECZANESİ;ORDU DOGU ILCELER;ACİDPASS;Acidpass 10/800/165 mg 12 Çiğneme Tablet;10;1;11;0
01.09.2026;SELÇUK ECZA DEPOSU;SELÇUK SAMSUN;8680001462049;TEZEL ECZANESİ;ORDU UNYE;ACİDPASS;Acidpass 10/800/165 mg 12 Çiğneme Tablet;10;1;11;0
29.09.2026;SELÇUK ECZA DEPOSU;SELÇUK SAMSUN;8680001463879;İKBAL ECZANESİ;CORUM MERKEZ -3;PANOCER;Panocer 40 mg 28 Enterik Kaplı Tablet;10;3;13;0
11.09.2026;SELÇUK ECZA DEPOSU;SELÇUK SAMSUN;8680001486342;KOÇAK ECZANESİ;CORUM MERKEZ -2;GRİPORT COLD;Griport Cold 20 Film Kaplı Tablet;12;3;15;0
29.09.2026;SELÇUK ECZA DEPOSU;SELÇUK TRABZON;8680001853953;MÜKAFAT ECZANESİ;TRABZON AKCAABAT;GRİPORT COLD;Griport Cold 20 Film Kaplı Tablet;7;1;8;0
12.09.2026;SELÇUK ECZA DEPOSU;SELÇUK TRABZON;8680001860883;ATA ECZANESİ;TRABZON MERKEZ -1;PANOCER;Panocer 40 mg 28 Enterik Kaplı Tablet;30;12;42;0
30.09.2026;SELÇUK ECZA DEPOSU;SELÇUK TRABZON;8680001876044;ARYA ECZANESİ;TRABZON MERKEZ -3;ACİDPASS;Acidpass 10/800/165 mg 12 Çiğneme Tablet;2;0;2;0
15.09.2026;SELÇUK ECZA DEPOSU;SELÇUK TRABZON;8680001876044;ARYA ECZANESİ;TRABZON MERKEZ -3;GRİPORT COLD;Griport Cold 20 Film Kaplı Tablet;2;0;2;0
04.09.2026;SELÇUK ECZA DEPOSU;SELÇUK TRABZON;8680001471218;ARAKLI ŞİFA ECZANESİ;TRABZON DOGU ILCELER - 2;ACİDPASS;Acidpass 10/800/165 mg 12 Çiğneme Tablet;3;0;3;0
17.09.2026;SELÇUK ECZA DEPOSU;SELÇUK TRABZON;8680001471591;ÖMER ECZANESİ;ARTVIN MERKEZ+DOGU+GUNEY;FAMTREC;Famtrec 800/26,6mg 14 Film Kaplı Tablet;2;0;2;0
22.09.2026;SELÇUK ECZA DEPOSU;SELÇUK TRABZON;8680001471591;ÖMER ECZANESİ;ARTVIN MERKEZ+DOGU+GUNEY;FAMTREC;Famtrec 800/26,6mg 14 Film Kaplı Tablet;7;1;8;0
07.09.2026;SELÇUK ECZA DEPOSU;SELÇUK SAMSUN;8680001666874;BUĞRA ECZANESI;TOKAT MERKEZ -1;ACİDPASS;Acidpass 10/800/165 mg 6 Çiğneme Tablet;2;0;2;0
28.09.2026;SELÇUK ECZA DEPOSU;SELÇUK SAMSUN;8680001681464;YAKAKENT ECZANESİ;SAMSUN ALACAM+YAKAKENT;ACİDPASS;Acidpass 10/800/165 mg 12 Çiğneme Tablet;5;0;5;0
03.09.2026;SELÇUK ECZA DEPOSU;SELÇUK SAMSUN;8680001685677;AYŞE ABACI ECZANESİ;SAMSUN ATAKENT+19 MAYIS;GRİPORT COLD;Griport Cold 20 Film Kaplı Tablet;1;0;1;0
18.09.2026;SELÇUK ECZA DEPOSU;SELÇUK SAMSUN;8680001695935;GÖNÜL ECZANESİ;ORDU GUNEY ILCELER -1;ACİDPASS;Acidpass 10/800/165 mg 12 Çiğneme Tablet;50;15;65;0
02.09.2026;SELÇUK ECZA DEPOSU;SELÇUK SAMSUN;8680001422357;MURAT ECZANESİ;TOKAT MERKEZ -2;GRİPORT COLD;Griport Cold 20 Film Kaplı Tablet;2;0;2;0
01.09.2026;SELÇUK ECZA DEPOSU;SELÇUK SAMSUN;8680001425273;DOLUNAY ECZANESİ;ORDU GUNEY ILCELER -1;MOKSEFEN;Moksefen 400 mg 7 Film Tablet;20;10;30;0
18.09.2026;SELÇUK ECZA DEPOSU;SELÇUK TRABZON;8680001108459;TOPÇU ECZANESİ;RIZE MERKEZ;ACİDPASS;Acidpass 10/800/165 mg 12 Çiğneme Tablet;20;3;23;0
22.09.2026;SELÇUK ECZA DEPOSU;SELÇUK TRABZON;8680001108695;HALİM ECZANESİ;RIZE MERKEZ;ACİDPASS;Acidpass 10/800/165 mg 12 Çiğneme Tablet;20;3;23;0
17.09.2026;SELÇUK ECZA DEPOSU;SELÇUK TRABZON;8680001112838;MERVE ECZANESİ;RIZE MERKEZ;ACİDPASS;Acidpass 10/800/165 mg 6 Çiğneme Tablet;3;0;3;0
24.09.2026;SELÇUK ECZA DEPOSU;SELÇUK TRABZON;8680001116942;YENİ ÖZTÜRK ECZANESİ;RIZE BATI ILCELER;ACİDPASS;Acidpass 10/800/165 mg 12 Çiğneme Tablet;20;3;23;0
04.09.2026;SELÇUK ECZA DEPOSU;SELÇUK SAMSUN;8680001128440;SAYAR ECZANESİ;SAMSUN HURRIYET+ZAFER;PANOCER;Panocer 40 mg 28 Enterik Kaplı Tablet;10;3;13;0
02.09.2026;SELÇUK ECZA DEPOSU;SELÇUK SAMSUN;8680001137152;SU ECZANESİ;SAMSUN ADALET;ACİDPASS;Acidpass 10/800/165 mg 12 Çiğneme Tablet;150;60;210;0
11.09.2026;SELÇUK ECZA DEPOSU;SELÇUK SAMSUN;8680001147779;ŞAHİN ECZANESİ;CORUM MERKEZ -3;PANOCER;Panocer 40 mg 28 Enterik Kaplı Tablet;30;12;42;0
08.09.2026;SELÇUK ECZA DEPOSU;SELÇUK SAMSUN;8680001142118;ANADOLU ECZANESİ;ORDU BATI ILCELER;PANOCER;Panocer 40 mg 28 Enterik Kaplı Tablet;30;12;42;0
28.09.2026;SELÇUK ECZA DEPOSU;SELÇUK SAMSUN;8680001145263;GÜNAYDIN ECZANESİ;CORUM MERKEZ -3;ACİDPASS;Acidpass 10/800/165 mg 12 Çiğneme Tablet;20;3;23;0
15.09.2026;SELÇUK ECZA DEPOSU;SELÇUK SAMSUN;8680001146000;FERHAT ECZANESİ;SIVAS MERKEZ -3;PANOCER;Panocer 40 mg 28 Enterik Kaplı Tablet;30;12;42;0
08.09.2026;SELÇUK ECZA DEPOSU;SELÇUK SAMSUN;8680001147458;LALE ECZANESİ;ORDU UNYE;GRİPORT COLD;Griport Cold 20 Film Kaplı Tablet;12;3;15;0
28.09.2026;SELÇUK ECZA DEPOSU;SELÇUK SAMSUN;8680001101153;CEDİT ECZANESİ;SAMSUN ILKADIM - 2;GRİPORT COLD;Griport Cold 20 Film Kaplı Tablet;5;0;5;0
01.09.2026;SELÇUK ECZA DEPOSU;SELÇUK SAMSUN;8680001499301;GİZEM ECZANESİ;AMASYA MERZIFON;PANOCER;Panocer 40 mg 28 Enterik Kaplı Tablet;30;12;42;0
09.09.2026;SELÇUK ECZA DEPOSU;SELÇUK ERZURUM;8680001486656;UZUN ECZANESİ;ERZURUM MERKEZ -3;PANOCER;Panocer 40 mg 28 Enterik Kaplı Tablet;10;3;13;0
28.09.2026;SELÇUK ECZA DEPOSU;SELÇUK ERZURUM;8680001492718;AKIN ECZANESİ;KARS ILCELER;PANOCER;Panocer 40 mg 28 Enterik Kaplı Tablet;10;3;13;0
01.09.2026;SELÇUK ECZA DEPOSU;SELÇUK ERZURUM;8680001114573;SAĞLIK ECZANESİ;ERZURUM MERKEZ -3;PANOCER;Panocer 40 mg 28 Enterik Kaplı Tablet;50;25;75;0
25.09.2026;SELÇUK ECZA DEPOSU;SELÇUK ERZURUM;8680001119646;UÇAR ECZANESİ;ERZURUM MERKEZ -2;GRİPORT COLD;Griport Cold 20 Film Kaplı Tablet;40;20;60;0
23.09.2026;SELÇUK ECZA DEPOSU;SELÇUK ERZURUM;8680001145980;ÖZLEM ECZANESİ;AGRI ILCELER;PANOCER;Panocer 40 mg 14 Enterik Kaplı Tablet;2;0;2;0
11.09.2026;SELÇUK ECZA DEPOSU;SELÇUK SAMSUN;8680001263066;LAÇİN ECZANESİ;SINOP MERKEZ;PANOCER;Panocer 40 mg 28 Enterik Kaplı Tablet;4;0;4;0
18.09.2026;SELÇUK ECZA DEPOSU;SELÇUK SAMSUN;8680001263066;LAÇİN ECZANESİ;SINOP MERKEZ;ACİDPASS;Acidpass 10/800/165 mg 12 Çiğneme Tablet;2;0;2;0
10.09.2026;SELÇUK ECZA DEPOSU;SELÇUK SAMSUN;8680001380152;DEVA ECZANESİ;CORUM KARGI+OSMANCIK;ACİDPASS;Acidpass 10/800/165 mg 6 Çiğneme Tablet;2;0;2;0
21.09.2026;SELÇUK ECZA DEPOSU;SELÇUK SAMSUN;8680001158089;DEVA ECZANESİ;CORUM MERKEZ -2;ACİDPASS;Acidpass 10/800/165 mg 12 Çiğneme Tablet;10;1;11;0
08.09.2026;SELÇUK ECZA DEPOSU;SELÇUK SAMSUN;8680001158553;ERMAN ECZANESİ;CORUM MERKEZ -1;ACİDPASS;Acidpass 10/800/165 mg 12 Çiğneme Tablet;3;0;3;0
24.09.2026;SELÇUK ECZA DEPOSU;SELÇUK SAMSUN;8680001158645;KUBATLAR ECZANESİ;CORUM MERKEZ -2;PANOCER;Panocer 40 mg 28 Enterik Kaplı Tablet;165;135;300;0
18.09.2026;SELÇUK ECZA DEPOSU;SELÇUK SAMSUN;8680001158645;KUBATLAR ECZANESİ;CORUM MERKEZ -2;GRİPORT COLD;Griport Cold 20 Film Kaplı Tablet;12;3;15;0
10.09.2026;SELÇUK ECZA DEPOSU;SELÇUK SAMSUN;8680001881093;ÇAĞLA ECZANESİ;SAMSUN VEZIRKOPRU;ACİDPASS;Acidpass 10/800/165 mg 12 Çiğneme Tablet;10;1;11;0
24.09.2026;SELÇUK ECZA DEPOSU;SELÇUK TRABZON;8680001271221;HAYAT ECZANESİ;TRABZON BATI ILCELER - 2;ACİDPASS;Acidpass 10/800/165 mg 12 Çiğneme Tablet;10;1;11;0
19.09.2026;SELÇUK ECZA DEPOSU;SELÇUK TRABZON;8680001474653;ÇATAK ECZANESİ;TRABZON MERKEZ -1;GRİPORT COLD;Griport Cold 20 Film Kaplı Tablet;2;0;2;0
21.09.2026;SELÇUK ECZA DEPOSU;SELÇUK TRABZON;8680001494293;AYÇA ECZANESİ;ARTVIN KUZEY ILCELER;ACİDPASS;Acidpass 10/800/165 mg 12 Çiğneme Tablet;10;1;11;0
21.09.2026;SELÇUK ECZA DEPOSU;SELÇUK TRABZON;8680001518326;AKYILDIZ ECZANESİ;GIRESUN MERKEZ -2;ACİDPASS;Acidpass 10/800/165 mg 12 Çiğneme Tablet;-50;-15;-65;-15
02.09.2026;SELÇUK ECZA DEPOSU;SELÇUK SAMSUN;8680001252817;AKAR ECZANESİ;ORDU FATSA;PANOCER;Panocer 40 mg 28 Enterik Kaplı Tablet;50;25;75;0
02.09.2026;SELÇUK ECZA DEPOSU;SELÇUK SAMSUN;8680001255603;YEŞİLOVA ECZANESİ;ORDU MERKEZ -2;GRİPORT COLD;Griport Cold 20 Film Kaplı Tablet;1;0;1;0
14.09.2026;SELÇUK ECZA DEPOSU;SELÇUK SAMSUN;8680001156795;GÜL ECZANESİ;SIVAS MERKEZ -2;GRİPORT COLD;Griport Cold 20 Film Kaplı Tablet;12;3;15;0
24.09.2026;SELÇUK ECZA DEPOSU;SELÇUK SAMSUN;8680001111688;CEM ECZANESİ;SAMSUN ADALET;MOKSEFEN;Moksefen 400 mg 7 Film Tablet;2;0;2;0
01.09.2026;SELÇUK ECZA DEPOSU;SELÇUK SAMSUN;8680001113972;DİKBIYIK ECZANESİ;SAMSUN DOGU ILCELER - 2;ACİDPASS;Acidpass 10/800/165 mg 12 Çiğneme Tablet;10;1;11;0
09.09.2026;SELÇUK ECZA DEPOSU;SELÇUK SAMSUN;8680001114672;MERKEZ ECZANESI;SINOP MERKEZ;ACİDPASS;Acidpass 10/800/165 mg 12 Çiğneme Tablet;10;1;11;0
03.09.2026;SELÇUK ECZA DEPOSU;SELÇUK SAMSUN;8680001115365;DEĞİŞİM ECZANESİ;SAMSUN DOGU ILCELER - 2;PANOCER;Panocer 40 mg 28 Enterik Kaplı Tablet;3;0;3;0
18.09.2026;SELÇUK ECZA DEPOSU;SELÇUK SAMSUN;8680001115365;DEĞİŞİM ECZANESİ;SAMSUN DOGU ILCELER - 2;GRİPORT COLD;Griport Cold 20 Film Kaplı Tablet;3;0;3;0
14.09.2026;SELÇUK ECZA DEPOSU;SELÇUK SAMSUN;8680001115440;İLYASKÖY ECZANESİ;SAMSUN RASATHANE;PANOCER;Panocer 40 mg 14 Enterik Kaplı Tablet;1;0;1;0
22.09.2026;SELÇUK ECZA DEPOSU;SELÇUK SAMSUN;8680001116256;FATİH ECZANESİ;AMASYA MERKEZ -2;GRİPORT COLD;Griport Cold 20 Film Kaplı Tablet;2;0;2;0
29.09.2026;SELÇUK ECZA DEPOSU;SELÇUK SAMSUN;8680001116263;İNCİ ECZANESİ;SINOP MERKEZ;GRİPORT COLD;Griport Cold 20 Film Kaplı Tablet;12;3;15;0
09.09.2026;SELÇUK ECZA DEPOSU;SELÇUK ERZURUM;8680001730896;KÖPRÜBAŞI ECZANESİ;AGRI MERKEZ;MOKSEFEN;Moksefen 400 mg 7 Film Tablet;20;10;30;0
25.09.2026;SELÇUK ECZA DEPOSU;SELÇUK ERZURUM;8680001950805;GÜNEŞ ECZANESİ;ERZURUM GUNEY ILCELER;PANOCER;Panocer 40 mg 14 Enterik Kaplı Tablet;-5;0;-5;0
08.09.2026;SELÇUK ECZA DEPOSU;SELÇUK SAMSUN;8680001573523;CIHAN ECZANESI;TOKAT MERKEZ -2;ACİDPASS;Acidpass 10/800/165 mg 12 Çiğneme Tablet;1;0;1;0
18.09.2026;SELÇUK ECZA DEPOSU;SELÇUK SAMSUN;8680001594429;İSTANBUL ECZANESİ;SIVAS MERKEZ -3;GRİPORT COLD;Griport Cold 20 Film Kaplı Tablet;7;1;8;0
08.09.2026;SELÇUK ECZA DEPOSU;SELÇUK SAMSUN;8680001602261;HEKİMOĞLU ECZANESİ;ORDU MERKEZ -3;ACİDPASS;Acidpass 10/800/165 mg 12 Çiğneme Tablet;2;0;2;0
03.09.2026;SELÇUK ECZA DEPOSU;SELÇUK SAMSUN;8680001626113;TUĞRA ECZANESİ;SIVAS MERKEZ -4;PANOCER;Panocer 40 mg 28 Enterik Kaplı Tablet;50;25;75;0
09.09.2026;SELÇUK ECZA DEPOSU;SELÇUK SAMSUN;8680001629701;BURUNUCU ECZANESI;ORDU UNYE;ACİDPASS;Acidpass 10/800/165 mg 12 Çiğneme Tablet;2;0;2;0
16.09.2026;SELÇUK ECZA DEPOSU;SELÇUK SAMSUN;8680001825264;SENA ÇAKMAK ECZANESİ;SAMSUN BAHCELIEVLER;ACİDPASS;Acidpass 10/800/165 mg 12 Çiğneme Tablet;10;1;11;0
03.09.2026;SELÇUK ECZA DEPOSU;SELÇUK SAMSUN;8680001825264;SENA ÇAKMAK ECZANESİ;SAMSUN BAHCELIEVLER;MOKSEFEN;Moksefen 400 mg 7 Film Tablet;1;0;1;0
16.09.2026;SELÇUK ECZA DEPOSU;SELÇUK SAMSUN;8680001835805;HALE ECZANESİ;SIVAS MERKEZ -2;GRİPORT COLD;Griport Cold 20 Film Kaplı Tablet;1;0;1;0
11.09.2026;SELÇUK ECZA DEPOSU;SELÇUK SAMSUN;8680001101023;YENİ YAŞAM ECZANESİ;SAMSUN RASATHANE;ACİDPASS;Acidpass 10/800/165 mg 6 Çiğneme Tablet;1;0;1;0
11.09.2026;SELÇUK ECZA DEPOSU;SELÇUK SAMSUN;8680001488490;ALTUNDAĞ ECZANESİ;SAMSUN HAVZA+KAVAK+LADIK;ACİDPASS;Acidpass 10/800/165 mg 6 Çiğneme Tablet;10;1;11;0
04.09.2026;SELÇUK ECZA DEPOSU;SELÇUK SAMSUN;8680001489732;BEGÜM ECZANESİ;SAMSUN ATAKUM;ACİDPASS;Acidpass 10/800/165 mg 12 Çiğneme Tablet;2;0;2;0
23.09.2026;SELÇUK ECZA DEPOSU;SELÇUK SAMSUN;8680001492596;DÜNYA ECZANESİ;SAMSUN ILKADIM - 2;ACİDPASS;Acidpass 10/800/165 mg 6 Çiğneme Tablet;1;0;1;0
29.09.2026;SELÇUK ECZA DEPOSU;SELÇUK SAMSUN;8680001499301;GİZEM ECZANESİ;AMASYA MERZIFON;GRİPORT COLD;Griport Cold 20 Film Kaplı Tablet;7;1;8;0
12.09.2026;SELÇUK ECZA DEPOSU;SELÇUK SAMSUN;8680001500161;AYKUT ECZANESİ;SIVAS MERKEZ -2;ACİDPASS;Acidpass 10/800/165 mg 12 Çiğneme Tablet;20;3;23;0
08.09.2026;SELÇUK ECZA DEPOSU;SELÇUK SAMSUN;8680001509980;VEFA ECZANESİ;SIVAS MERKEZ -2;MOKSEFEN;Moksefen 400 mg 7 Film Tablet;20;10;30;0
10.09.2026;SELÇUK ECZA DEPOSU;SELÇUK SAMSUN;8680001510504;BÜŞRA BULUT ECZANESİ;TOKAT MERKEZ -1;PANOCER;Panocer 40 mg 28 Enterik Kaplı Tablet;30;12;42;0
17.09.2026;SELÇUK ECZA DEPOSU;SELÇUK SAMSUN;8680001113972;DİKBIYIK ECZANESİ;SAMSUN DOGU ILCELER - 2;ACİDPASS;Acidpass 10/800/165 mg 6 Çiğneme Tablet;3;0;3;0
02.09.2026;SELÇUK ECZA DEPOSU;SELÇUK SAMSUN;8680001114375;GÜNGÖRMÜŞ ECZANESİ;SAMSUN ULUGAZI;ACİDPASS;Acidpass 10/800/165 mg 12 Çiğneme Tablet;2;0;2;0
03.09.2026;SELÇUK ECZA DEPOSU;SELÇUK SAMSUN;8680001114375;GÜNGÖRMÜŞ ECZANESİ;SAMSUN ULUGAZI;ACİDPASS;Acidpass 10/800/165 mg 12 Çiğneme Tablet;3;0;3;0
10.09.2026;SELÇUK ECZA DEPOSU;SELÇUK ERZURUM;8680001569427;HAYAT ECZANESİ;ERZURUM MERKEZ -2;ACİDPASS;Acidpass 10/800/165 mg 6 Çiğneme Tablet;2;0;2;0
18.09.2026;SELÇUK ECZA DEPOSU;SELÇUK ERZURUM;8680001637591;FIRAT ECZANESİ;ERZURUM MERKEZ -3;ACİDPASS;Acidpass 10/800/165 mg 12 Çiğneme Tablet;2;0;2;0
15.09.2026;SELÇUK ECZA DEPOSU;SELÇUK SAMSUN;8680001666386;BEYZA ECZANESİ;SAMSUN CANIK;GRİPORT COLD;Griport Cold 20 Film Kaplı Tablet;12;3;15;0
09.09.2026;SELÇUK ECZA DEPOSU;SELÇUK SAMSUN;8680001573523;CIHAN ECZANESI;TOKAT MERKEZ -2;PANOCER;Panocer 40 mg 28 Enterik Kaplı Tablet;1;0;1;0
04.09.2026;SELÇUK ECZA DEPOSU;SELÇUK SAMSUN;8680001666829;ARİF ECZANESİ;ORDU DOGU ILCELER;ACİDPASS;Acidpass 10/800/165 mg 12 Çiğneme Tablet;10;1;11;0
30.09.2026;SELÇUK ECZA DEPOSU;SELÇUK SAMSUN;8680001694587;ERGÜN ECZANESİ;SIVAS MERKEZ -4;ACİDPASS;Acidpass 10/800/165 mg 12 Çiğneme Tablet;5;0;5;0
11.09.2026;SELÇUK ECZA DEPOSU;SELÇUK SAMSUN;8680001951116;DERMAN ECZANESİ ÜNYE;ORDU UNYE;ACİDPASS;Acidpass 10/800/165 mg 12 Çiğneme Tablet;10;1;11;0
01.09.2026;SELÇUK ECZA DEPOSU;SELÇUK TRABZON;8680001118106;BİZİM ECZANESİ;ARTVIN MERKEZ+DOGU+GUNEY;PANOCER;Panocer 40 mg 28 Enterik Kaplı Tablet;165;135;300;0
18.09.2026;SELÇUK ECZA DEPOSU;SELÇUK TRABZON;8680001121823;ÖZLEM ECZANESİ;ARTVIN KUZEY ILCELER;FAMTREC;Famtrec 800/26,6mg 14 Film Kaplı Tablet;1;0;1;0
24.09.2026;SELÇUK ECZA DEPOSU;SELÇUK SAMSUN;8680001142897;ŞİFA ECZANESİ;SAMSUN ATAKENT+19 MAYIS;ACİDPASS;Acidpass 10/800/165 mg 6 Çiğneme Tablet;2;0;2;0
28.09.2026;SELÇUK ECZA DEPOSU;SELÇUK SAMSUN;8680001145690;ŞİFA ECZANESİ;SAMSUN ALACAM+YAKAKENT;PANOCER;Panocer 40 mg 28 Enterik Kaplı Tablet;3;0;3;0
08.09.2026;SELÇUK ECZA DEPOSU;SELÇUK SAMSUN;8680001146680;HİKMET ECZANESİ;SIVAS MERKEZ -3;MOKSEFEN;Moksefen 400 mg 7 Film Tablet;20;10;30;0
28.09.2026;SELÇUK ECZA DEPOSU;SELÇUK ERZURUM;8680001688609;SERHAT ECZANESİ;ERZURUM GUNEY ILCELER;PANOCER;Panocer 40 mg 28 Enterik Kaplı Tablet;10;3;13;0
09.09.2026;SELÇUK ECZA DEPOSU;SELÇUK SAMSUN;8680001233953;YAMANER ECZANESİ;ORDU UNYE;ACİDPASS;Acidpass 10/800/165 mg 12 Çiğneme Tablet;10;1;11;0
20.09.2026;SELÇUK ECZA DEPOSU;SELÇUK SAMSUN;8680001235780;ERBAA ECZANESİ;TOKAT ERBAA;GRİPORT COLD;Griport Cold 20 Film Kaplı Tablet;20;5;25;0
24.09.2026;SELÇUK ECZA DEPOSU;SELÇUK SAMSUN;8680001277360;SEÇKİN ECZANESİ;ORDU FATSA;GRİPORT COLD;Griport Cold 20 Film Kaplı Tablet;1;0;1;0
25.09.2026;SELÇUK ECZA DEPOSU;SELÇUK SAMSUN;8680001277360;SEÇKİN ECZANESİ;ORDU FATSA;GRİPORT COLD;Griport Cold 20 Film Kaplı Tablet;1;0;1;0
01.09.2026;SELÇUK ECZA DEPOSU;SELÇUK SAMSUN;8680001277674;SEYİTOĞLU ECZANESİ;ORDU FATSA;ACİDPASS;Acidpass 10/800/165 mg 12 Çiğneme Tablet;50;15;65;0
21.09.2026;SELÇUK ECZA DEPOSU;SELÇUK SAMSUN;8680001340545;YENİ HAYAT ECZANESİ;SINOP DOGU-BATI ILCELER;ACİDPASS;Acidpass 10/800/165 mg 12 Çiğneme Tablet;10;1;11;0
16.09.2026;SELÇUK ECZA DEPOSU;SELÇUK SAMSUN;8680001385683;GÜVENAY ECZANESİ;ORDU UNYE;ACİDPASS;Acidpass 10/800/165 mg 12 Çiğneme Tablet;20;3;23;0
23.09.2026;SELÇUK ECZA DEPOSU;SELÇUK SAMSUN;8680001397532;MEHMETOĞLU ECZANESİ;TOKAT DOGU ILCELER;PANOCER;Panocer 40 mg 28 Enterik Kaplı Tablet;3;0;3;0
14.09.2026;SELÇUK ECZA DEPOSU;SELÇUK TRABZON;8680001505753;AYDINLAR ECZANESİ;GIRESUN MERKEZ -2;ACİDPASS;Acidpass 10/800/165 mg 6 Çiğneme Tablet;1;0;1;0
19.09.2026;SELÇUK ECZA DEPOSU;SELÇUK TRABZON;8680001516100;TORUL ECZANESİ;GUMUSHANE;ACİDPASS;Acidpass 10/800/165 mg 12 Çiğneme Tablet;10;1;11;0
14.09.2026;SELÇUK ECZA DEPOSU;SELÇUK TRABZON;8680001517299;ONUR ECZANESİ;GIRESUN MERKEZ -2;ACİDPASS;Acidpass 10/800/165 mg 12 Çiğneme Tablet;10;1;11;0
19.09.2026;SELÇUK ECZA DEPOSU;SELÇUK TRABZON;8680001518326;AKYILDIZ ECZANESİ;GIRESUN MERKEZ -2;ACİDPASS;Acidpass 10/800/165 mg 12 Çiğneme Tablet;50;15;65;0
02.09.2026;SELÇUK ECZA DEPOSU;SELÇUK TRABZON;8680001522439;YAŞAM ECZANESİ;GUMUSHANE;MOKSEFEN;Moksefen 400 mg 7 Film Tablet;50;35;85;0
01.09.2026;SELÇUK ECZA DEPOSU;SELÇUK TRABZON;8680001545889;DEVA ECZANESİ;GIRESUN DOGU ILCELER -2;PANOCER;Panocer 40 mg 28 Enterik Kaplı Tablet;10;3;13;0
03.09.2026;SELÇUK ECZA DEPOSU;SELÇUK TRABZON;8680001545889;DEVA ECZANESİ;GIRESUN DOGU ILCELER -2;ACİDPASS;Acidpass 10/800/165 mg 12 Çiğneme Tablet;10;1;11;0
18.09.2026;SELÇUK ECZA DEPOSU;SELÇUK TRABZON;8680001552191;KALKANDERE ECZANESİ;RIZE BATI ILCELER;ACİDPASS;Acidpass 10/800/165 mg 12 Çiğneme Tablet;20;3;23;0
29.09.2026;SELÇUK ECZA DEPOSU;SELÇUK TRABZON;8680001594245;GİZEM ECZANESİ;TRABZON MERKEZ -4;ACİDPASS;Acidpass 10/800/165 mg 12 Çiğneme Tablet;10;1;11;0
23.09.2026;SELÇUK ECZA DEPOSU;SELÇUK SAMSUN;8680001169153;ELİF ECZANESİ;TOKAT MERKEZ -1;ACİDPASS;Acidpass 10/800/165 mg 12 Çiğneme Tablet;5;0;5;0
21.09.2026;SELÇUK ECZA DEPOSU;SELÇUK SAMSUN;8680001148837;VOLKAN ECZANESİ;CORUM MERKEZ -3;ACİDPASS;Acidpass 10/800/165 mg 12 Çiğneme Tablet;20;3;23;0
11.09.2026;SELÇUK ECZA DEPOSU;SELÇUK ERZURUM;8680001731756;DAĞPINAR ECZANESİ;KARS ILCELER;MOKSEFEN;Moksefen 400 mg 7 Film Tablet;10;3;13;0
23.09.2026;SELÇUK ECZA DEPOSU;SELÇUK ERZURUM;8680001488797;SEYHUN ECZANESİ;ERZURUM MERKEZ -3;PANOCER;Panocer 40 mg 28 Enterik Kaplı Tablet;30;12;42;0
16.09.2026;SELÇUK ECZA DEPOSU;SELÇUK SAMSUN;8680001178940;ŞİFA ECZANESİ;TOKAT TURHAL;ACİDPASS;Acidpass 10/800/165 mg 12 Çiğneme Tablet;5;0;5;0
08.09.2026;SELÇUK ECZA DEPOSU;SELÇUK TRABZON;8680001471621;TURNA ECZANESİ;ARTVIN KUZEY ILCELER;ACİDPASS;Acidpass 10/800/165 mg 12 Çiğneme Tablet;20;3;23;0
11.09.2026;SELÇUK ECZA DEPOSU;SELÇUK TRABZON;8680001472376;HALK ECZANESİ;ARTVIN KUZEY ILCELER;ACİDPASS;Acidpass 10/800/165 mg 12 Çiğneme Tablet;10;1;11;0
05.09.2026;SELÇUK ECZA DEPOSU;SELÇUK TRABZON;8680001485406;MEDEA ECZANESİ;ARTVIN KUZEY ILCELER;PANOCER;Panocer 40 mg 28 Enterik Kaplı Tablet;10;3;13;0
02.09.2026;SELÇUK ECZA DEPOSU;SELÇUK TRABZON;8680001491612;SEMİH ECZANESİ;TRABZON DOGU ILCELER - 2;PANOCER;Panocer 40 mg 28 Enterik Kaplı Tablet;4;0;4;0
24.09.2026;SELÇUK ECZA DEPOSU;SELÇUK TRABZON;8680001503926;YEŞİM ECZANESİ;GIRESUN MERKEZ -2;MOKSEFEN;Moksefen 400 mg 7 Film Tablet;1;0;1;0
07.09.2026;SELÇUK ECZA DEPOSU;SELÇUK TRABZON;8680001514380;SERPİL ECZANESİ;GIRESUN MERKEZ -2;ACİDPASS;Acidpass 10/800/165 mg 12 Çiğneme Tablet;20;3;23;0
11.09.2026;SELÇUK ECZA DEPOSU;SELÇUK ERZURUM;8680001111268;SEVGİ ECZANESİ;ERZURUM MERKEZ -2;ACİDPASS;Acidpass 10/800/165 mg 12 Çiğneme Tablet;20;3;23;0
11.09.2026;SELÇUK ECZA DEPOSU;SELÇUK ERZURUM;8680001111268;SEVGİ ECZANESİ;ERZURUM MERKEZ -2;GRİPORT COLD;Griport Cold 20 Film Kaplı Tablet;40;20;60;0
11.09.2026;SELÇUK ECZA DEPOSU;SELÇUK SAMSUN;8680001417087;FİKRİ KARTAL ECZANESİ;CORUM KUZEY ILCELER;ACİDPASS;Acidpass 10/800/165 mg 12 Çiğneme Tablet;3;0;3;0
18.09.2026;SELÇUK ECZA DEPOSU;SELÇUK SAMSUN;8680001419517;CEYLAN ECZANESİ;SIVAS MERKEZ -2;PANOCER;Panocer 40 mg 28 Enterik Kaplı Tablet;30;12;42;0
01.09.2026;SELÇUK ECZA DEPOSU;SELÇUK SAMSUN;8680001422968;FUNDA ÜNAL ECZANESİ;CORUM KUZEY ILCELER;ACİDPASS;Acidpass 10/800/165 mg 6 Çiğneme Tablet;2;0;2;0
22.09.2026;SELÇUK ECZA DEPOSU;SELÇUK SAMSUN;8680001447275;MUTLU ECZANESİ;SAMSUN ILKADIM - 2;MOKSEFEN;Moksefen 400 mg 7 Film Tablet;5;1;6;0
19.09.2026;SELÇUK ECZA DEPOSU;SELÇUK SAMSUN;8680001451104;SANDIKÇI ECZANESİ;SAMSUN BAFRA;ACİDPASS;Acidpass 10/800/165 mg 12 Çiğneme Tablet;50;15;65;0
14.09.2026;SELÇUK ECZA DEPOSU;SELÇUK TRABZON;8680001468379;ÜSKÜT ECZANESİ;RIZE BATI ILCELER;ACİDPASS;Acidpass 10/800/165 mg 12 Çiğneme Tablet;5;0;5;0
21.09.2026;SELÇUK ECZA DEPOSU;SELÇUK TRABZON;8680001484645;SÖĞÜTLÜ ECZANESİ;TRABZON AKCAABAT;ACİDPASS;Acidpass 10/800/165 mg 12 Çiğneme Tablet;20;3;23;0
01.09.2026;SELÇUK ECZA DEPOSU;SELÇUK TRABZON;8680001518876;EMRE ECZANESİ;GIRESUN MERKEZ -2;ACİDPASS;Acidpass 10/800/165 mg 12 Çiğneme Tablet;50;15;65;0
05.09.2026;SELÇUK ECZA DEPOSU;SELÇUK TRABZON;8680001520213;ÜNİVERSİTE ECZANESİ;TRABZON MERKEZ -3;GRİPORT COLD;Griport Cold 20 Film Kaplı Tablet;12;3;15;0
09.09.2026;SELÇUK ECZA DEPOSU;SELÇUK TRABZON;8680001860883;ATA ECZANESİ;TRABZON MERKEZ -1;ACİDPASS;Acidpass 10/800/165 mg 12 Çiğneme Tablet;10;1;11;0
25.09.2026;SELÇUK ECZA DEPOSU;SELÇUK TRABZON;8680001954841;SEHER ECZANESİ;TRABZON BATI ILCELER - 2;ACİDPASS;Acidpass 10/800/165 mg 12 Çiğneme Tablet;20;3;23;0
28.09.2026;SELÇUK ECZA DEPOSU;SELÇUK TRABZON;8680001252930;GÜNER ECZANESİ;TRABZON AKCAABAT;ACİDPASS;Acidpass 10/800/165 mg 12 Çiğneme Tablet;10;1;11;0
22.09.2026;SELÇUK ECZA DEPOSU;SELÇUK TRABZON;8680001264520;MURATOĞLU ECZANESİ;TRABZON DUZKOY+MACKA;ACİDPASS;Acidpass 10/800/165 mg 12 Çiğneme Tablet;2;0;2;0
01.09.2026;SELÇUK ECZA DEPOSU;SELÇUK SAMSUN;8680001417087;FİKRİ KARTAL ECZANESİ;CORUM KUZEY ILCELER;PANOCER;Panocer 40 mg 28 Enterik Kaplı Tablet;10;3;13;0
11.09.2026;SELÇUK ECZA DEPOSU;SELÇUK SAMSUN;8680001397532;MEHMETOĞLU ECZANESİ;TOKAT DOGU ILCELER;PANOCER;Panocer 40 mg 28 Enterik Kaplı Tablet;50;25;75;0
29.09.2026;SELÇUK ECZA DEPOSU;SELÇUK TRABZON;8680001115853;AKIN ECZANESİ;ARTVIN MERKEZ+DOGU+GUNEY;FAMTREC;Famtrec 800/26,6mg 14 Film Kaplı Tablet;4;0;4;0
28.09.2026;SELÇUK ECZA DEPOSU;SELÇUK TRABZON;8680001119615;MERKEZ ECZANESI;RIZE BATI ILCELER;ACİDPASS;Acidpass 10/800/165 mg 12 Çiğneme Tablet;-30;-4;-34;-4
28.09.2026;SELÇUK ECZA DEPOSU;SELÇUK ERZURUM;8680001145980;ÖZLEM ECZANESİ;AGRI ILCELER;PANOCER;Panocer 40 mg 28 Enterik Kaplı Tablet;-10;-3;-13;-3
15.09.2026;SELÇUK ECZA DEPOSU;SELÇUK ERZURUM;8680001239030;ARI ECZANESİ;ERZINCAN MERKEZ;ACİDPASS;Acidpass 10/800/165 mg 12 Çiğneme Tablet;3;0;3;0
25.09.2026;SELÇUK ECZA DEPOSU;SELÇUK SAMSUN;8680001605620;ELMAS ECZANESI;SAMSUN TERME;ACİDPASS;Acidpass 10/800/165 mg 6 Çiğneme Tablet;10;1;11;0
06.09.2026;SELÇUK ECZA DEPOSU;SELÇUK SAMSUN;8680001627868;GÜNEŞ ECZANESİ;ORDU MERKEZ -1;GRİPORT COLD;Griport Cold 20 Film Kaplı Tablet;1;0;1;0
08.09.2026;SELÇUK ECZA DEPOSU;SELÇUK SAMSUN;8680001646210;NİHAL ECZANESİ;SINOP MERKEZ;ACİDPASS;Acidpass 10/800/165 mg 12 Çiğneme Tablet;10;1;11;0
22.09.2026;SELÇUK ECZA DEPOSU;SELÇUK SAMSUN;8680001647088;ÜNİVERSİTE ECZANESİ;SIVAS MERKEZ -4;GRİPORT COLD;Griport Cold 20 Film Kaplı Tablet;2;0;2;0
15.09.2026;SELÇUK ECZA DEPOSU;SELÇUK ERZURUM;8680001553112;BEYZA ECZANESİ;AGRI ILCELER;PANOCER;Panocer 40 mg 28 Enterik Kaplı Tablet;10;3;13;0
17.09.2026;SELÇUK ECZA DEPOSU;SELÇUK SAMSUN;8680001109418;YEŞİLOĞLU ECZANESİ;SAMSUN DOGU ILCELER;ACİDPASS;Acidpass 10/800/165 mg 12 Çiğneme Tablet;10;1;11;0
15.09.2026;SELÇUK ECZA DEPOSU;SELÇUK SAMSUN;8680001113408;BAYEZIT ECZANESİ;AMASYA MERKEZ -2;ACİDPASS;Acidpass 10/800/165 mg 12 Çiğneme Tablet;3;0;3;0
14.09.2026;SELÇUK ECZA DEPOSU;SELÇUK SAMSUN;8680001114375;GÜNGÖRMÜŞ ECZANESİ;SAMSUN ULUGAZI;ACİDPASS;Acidpass 10/800/165 mg 12 Çiğneme Tablet;2;0;2;0
03.09.2026;SELÇUK ECZA DEPOSU;SELÇUK SAMSUN;8680001732821;25 MAYIS ECZANESİ;SAMSUN HAVZA+KAVAK+LADIK;PANOCER;Panocer 40 mg 28 Enterik Kaplı Tablet;50;25;75;0
25.09.2026;SELÇUK ECZA DEPOSU;SELÇUK SAMSUN;8680001758135;BAYAT ECZANESİ;CORUM KUZEY ILCELER;PANOCER;Panocer 40 mg 28 Enterik Kaplı Tablet;10;3;13;0
09.09.2026;SELÇUK ECZA DEPOSU;SELÇUK ERZURUM;8680001501267;SARIKAMIS ECZANESİ;KARS ILCELER;PANOCER;Panocer 40 mg 28 Enterik Kaplı Tablet;165;135;300;0
29.09.2026;SELÇUK ECZA DEPOSU;SELÇUK ERZURUM;8680001519514;ESRA ECZANESİ;ERZINCAN MERKEZ;MOKSEFEN;Moksefen 400 mg 7 Film Tablet;10;3;13;0
01.09.2026;SELÇUK ECZA DEPOSU;SELÇUK SAMSUN;8680001886852;VEFA ECZANESİ;TOKAT DOGU ILCELER;PANOCER;Panocer 40 mg 28 Enterik Kaplı Tablet;165;135;300;0
08.09.2026;SELÇUK ECZA DEPOSU;SELÇUK SAMSUN;8680001890323;CAN ECZANESİ;TOKAT ERBAA;PANOCER;Panocer 40 mg 28 Enterik Kaplı Tablet;2;0;2;0
02.09.2026;SELÇUK ECZA DEPOSU;SELÇUK SAMSUN;8680001899418;ŞEYHOĞLU ECZANESİ;ORDU MERKEZ -3;ACİDPASS;Acidpass 10/800/165 mg 12 Çiğneme Tablet;3;0;3;0
07.09.2026;SELÇUK ECZA DEPOSU;SELÇUK SAMSUN;8680001909162;GÖZÜKARA ECZANESİ;ORDU MERKEZ -3;PANOCER;Panocer 40 mg 28 Enterik Kaplı Tablet;10;3;13;0
16.09.2026;SELÇUK ECZA DEPOSU;SELÇUK TRABZON;8680001519828;SİNEM ECZANESİ;GUMUSHANE;ACİDPASS;Acidpass 10/800/165 mg 12 Çiğneme Tablet;20;3;23;0
30.09.2026;SELÇUK ECZA DEPOSU;SELÇUK TRABZON;8680001186273;ÇAĞIN ECZANESİ;GIRESUN BULANCAK+PIRAZIZ;ACİDPASS;Acidpass 10/800/165 mg 6 Çiğneme Tablet;3;0;3;0
20.09.2026;SELÇUK ECZA DEPOSU;SELÇUK TRABZON;8680001190720;ŞENOL ECZANESİ;GIRESUN MERKEZ -2;ACİDPASS;Acidpass 10/800/165 mg 12 Çiğneme Tablet;20;3;23;0
12.09.2026;SELÇUK ECZA DEPOSU;SELÇUK TRABZON;8680001200351;KARADENİZ ECZANESİ;GUMUSHANE;MOKSEFEN;Moksefen 400 mg 7 Film Tablet;10;3;13;0
01.09.2026;SELÇUK ECZA DEPOSU;SELÇUK SAMSUN;8680001647125;NİMET ECZANESİ;ORDU DOGU ILCELER;ACİDPASS;Acidpass 10/800/165 mg 12 Çiğneme Tablet;20;3;23;0
15.09.2026;SELÇUK ECZA DEPOSU;SELÇUK SAMSUN;8680001655007;YENİ LİSE ECZANESİ;SAMSUN HURRIYET+ZAFER;GRİPORT COLD;Griport Cold 20 Film Kaplı Tablet;2;0;2;0
25.09.2026;SELÇUK ECZA DEPOSU;SELÇUK TRABZON;8680001749447;DENİZ ECZANESİ;ARTVIN MERKEZ+DOGU+GUNEY;PANOCER;Panocer 40 mg 14 Enterik Kaplı Tablet;2;0;2;0
08.09.2026;SELÇUK ECZA DEPOSU;SELÇUK TRABZON;8680001451517;KAVAKLI ECZANESİ;TRABZON AKCAABAT;PANOCER;Panocer 40 mg 14 Enterik Kaplı Tablet;10;3;13;0
05.09.2026;SELÇUK ECZA DEPOSU;SELÇUK TRABZON;8680001468379;ÜSKÜT ECZANESİ;RIZE BATI ILCELER;MOKSEFEN;Moksefen 400 mg 7 Film Tablet;5;1;6;0
01.09.2026;SELÇUK ECZA DEPOSU;SELÇUK SAMSUN;8680001114696;YILMAZ ECZANESİ;SAMSUN ALACAM+YAKAKENT;ACİDPASS;Acidpass 10/800/165 mg 12 Çiğneme Tablet;5;0;5;0
12.09.2026;SELÇUK ECZA DEPOSU;SELÇUK TRABZON;8680001225071;PARK ECZANESİ;TRABZON MERKEZ -4;PANOCER;Panocer 40 mg 28 Enterik Kaplı Tablet;50;25;75;0
21.09.2026;SELÇUK ECZA DEPOSU;SELÇUK TRABZON;8680001232178;BERİL ECZANESİ;TRABZON MERKEZ -3;ACİDPASS;Acidpass 10/800/165 mg 12 Çiğneme Tablet;10;1;11;0
16.09.2026;SELÇUK ECZA DEPOSU;SELÇUK TRABZON;8680001274086;OKAN ECZANESİ;TRABZON BATI ILCELER - 2;PANOCER;Panocer 40 mg 28 Enterik Kaplı Tablet;10;3;13;0
21.09.2026;SELÇUK ECZA DEPOSU;SELÇUK TRABZON;8680001274260;NURAN ECZANESİ;TRABZON MERKEZ -4;ACİDPASS;Acidpass 10/800/165 mg 12 Çiğneme Tablet;5;0;5;0
18.09.2026;SELÇUK ECZA DEPOSU;SELÇUK ERZURUM;8680001739394;SARE ECZANESİ;ERZURUM MERKEZ -2;ACİDPASS;Acidpass 10/800/165 mg 6 Çiğneme Tablet;10;1;11;0
14.09.2026;SELÇUK ECZA DEPOSU;SELÇUK SAMSUN;8680001187829;SAĞLIK ECZANESİ;ORDU DOGU ILCELER;ACİDPASS;Acidpass 10/800/165 mg 12 Çiğneme Tablet;3;0;3;0
16.09.2026;SELÇUK ECZA DEPOSU;SELÇUK SAMSUN;8680001201945;SOYSAL ECZANESİ;ORDU UNYE;ACİDPASS;Acidpass 10/800/165 mg 12 Çiğneme Tablet;10;1;11;0
16.09.2026;SELÇUK ECZA DEPOSU;SELÇUK SAMSUN;8680001484003;AŞIKOĞLU ECZANESİ;TOKAT BATI ILCELER;PANOCER;Panocer 40 mg 28 Enterik Kaplı Tablet;50;25;75;0
03.09.2026;SELÇUK ECZA DEPOSU;SELÇUK TRABZON;8680001108817;ÖMÜR ECZANESİ;RIZE MERKEZ;MOKSEFEN;Moksefen 400 mg 7 Film Tablet;10;3;13;0
12.09.2026;SELÇUK ECZA DEPOSU;SELÇUK TRABZON;8680001110353;BAYRAKTAR ECZANESİ;RIZE BATI ILCELER;ACİDPASS;Acidpass 10/800/165 mg 12 Çiğneme Tablet;150;60;210;0
01.09.2026;SELÇUK ECZA DEPOSU;SELÇUK TRABZON;8680001893294;BORDO MAVİ ECZANESİ;TRABZON MERKEZ -4;ACİDPASS;Acidpass 10/800/165 mg 12 Çiğneme Tablet;3;0;3;0
25.09.2026;SELÇUK ECZA DEPOSU;SELÇUK TRABZON;8680001954841;SEHER ECZANESİ;TRABZON BATI ILCELER - 2;GRİPORT COLD;Griport Cold 20 Film Kaplı Tablet;7;1;8;0
25.09.2026;SELÇUK ECZA DEPOSU;SELÇUK TRABZON;8680001173266;HÜLYA ECZANESİ;GIRESUN MERKEZ -2;ACİDPASS;Acidpass 10/800/165 mg 12 Çiğneme Tablet;10;1;11;0
25.09.2026;SELÇUK ECZA DEPOSU;SELÇUK TRABZON;8680001175352;GÖKÇE ECZANESİ;GIRESUN MERKEZ -2;GRİPORT COLD;Griport Cold 20 Film Kaplı Tablet;12;3;15;0
04.09.2026;SELÇUK ECZA DEPOSU;SELÇUK TRABZON;8680001190546;ÇANAKÇI ECZANESİ;GIRESUN DOGU ILCELER -2;GRİPORT COLD;Griport Cold 20 Film Kaplı Tablet;40;20;60;0
22.09.2026;SELÇUK ECZA DEPOSU;SELÇUK TRABZON;8680001200894;ŞAHİN ECZANESİ;TRABZON BATI ILCELER - 2;ACİDPASS;Acidpass 10/800/165 mg 12 Çiğneme Tablet;20;3;23;0
09.09.2026;SELÇUK ECZA DEPOSU;SELÇUK ERZURUM;8680001101061;BAYRAMOĞLU ECZANESİ;ERZURUM MERKEZ -1;PANOCER;Panocer 40 mg 28 Enterik Kaplı Tablet;165;135;300;0
18.09.2026;SELÇUK ECZA DEPOSU;SELÇUK SAMSUN;8680001621934;BÜŞRA TURAN ECZANESİ;SAMSUN BAFRA;ACİDPASS;Acidpass 10/800/165 mg 12 Çiğneme Tablet;10;1;11;0
18.09.2026;SELÇUK ECZA DEPOSU;SELÇUK SAMSUN;8680001633036;CANSU ECZANESİ;CORUM MERKEZ -2;PANOCER;Panocer 40 mg 28 Enterik Kaplı Tablet;10;3;13;0
18.09.2026;SELÇUK ECZA DEPOSU;SELÇUK TRABZON;8680001196739;EROL ECZANESİ;TRABZON MERKEZ -2;GRİPORT COLD;Griport Cold 20 Film Kaplı Tablet;-4;-1;-5;-1
02.09.2026;SELÇUK ECZA DEPOSU;SELÇUK TRABZON;8680001113538;DENİZ ECZANESİ;RIZE DOGU ILCELER;MOKSEFEN;Moksefen 400 mg 7 Film Tablet;50;35;85;0
15.09.2026;SELÇUK ECZA DEPOSU;SELÇUK TRABZON;8680001116881;ÖZTÜRK ECZANESİ;RIZE BATI ILCELER;ACİDPASS;Acidpass 10/800/165 mg 12 Çiğneme Tablet;20;3;23;0
24.09.2026;SELÇUK ECZA DEPOSU;SELÇUK TRABZON;8680001117703;HAYAT ECZANESİ;ARTVIN KUZEY ILCELER;FAMTREC;Famtrec 800/26,6mg 14 Film Kaplı Tablet;1;0;1;0
11.09.2026;SELÇUK ECZA DEPOSU;SELÇUK ERZURUM;8680001717651;LİVA İNGEC ECZANESİ;ERZURUM MERKEZ -1;ACİDPASS;Acidpass 10/800/165 mg 12 Çiğneme Tablet;2;0;2;0
11.09.2026;SELÇUK ECZA DEPOSU;SELÇUK ERZURUM;8680001752225;YAĞMUR ECZANESİ;AGRI DIYADIN+D.BEYAZIT;PANOCER;Panocer 40 mg 28 Enterik Kaplı Tablet;50;25;75;0
18.09.2026;SELÇUK ECZA DEPOSU;SELÇUK ERZURUM;8680001800322;SAĞLIK ECZANESİ;AGRI DIYADIN+D.BEYAZIT;PANOCER;Panocer 40 mg 28 Enterik Kaplı Tablet;10;3;13;0
23.09.2026;SELÇUK ECZA DEPOSU;SELÇUK SAMSUN;8680001420100;YALI ECZANESİ;ORDU UNYE;ACİDPASS;Acidpass 10/800/165 mg 12 Çiğneme Tablet;1;0;1;0
03.09.2026;SELÇUK ECZA DEPOSU;SELÇUK TRABZON;8680001215669;ARSLAN ECZANESİ;GIRESUN BULANCAK+PIRAZIZ;ACİDPASS;Acidpass 10/800/165 mg 12 Çiğneme Tablet;10;1;11;0
02.09.2026;SELÇUK ECZA DEPOSU;SELÇUK TRABZON;8680001216772;ORTAHİSAR ECZANESİ;TRABZON MERKEZ -2;PANOCER;Panocer 40 mg 28 Enterik Kaplı Tablet;10;3;13;0
07.09.2026;SELÇUK ECZA DEPOSU;SELÇUK TRABZON;8680001255207;MEYDAN ECZANESİ;TRABZON MERKEZ -4;MOKSEFEN;Moksefen 400 mg 7 Film Tablet;1;0;1;0
12.09.2026;SELÇUK ECZA DEPOSU;SELÇUK TRABZON;8680001259526;FIRAT ECZANESİ;TRABZON MERKEZ -3;GRİPORT COLD;Griport Cold 20 Film Kaplı Tablet;12;3;15;0
22.09.2026;SELÇUK ECZA DEPOSU;SELÇUK TRABZON;8680001669851;SENA ECZANESİ;TRABZON MERKEZ -1;GRİPORT COLD;Griport Cold 20 Film Kaplı Tablet;2;0;2;0
11.09.2026;SELÇUK ECZA DEPOSU;SELÇUK TRABZON;8680001673452;KUBRA ECZANESİ;TRABZON DOGU ILCELER - 2;ACİDPASS;Acidpass 10/800/165 mg 12 Çiğneme Tablet;3;0;3;0
01.09.2026;SELÇUK ECZA DEPOSU;SELÇUK TRABZON;8680001690305;SILA ECZANESİ;TRABZON AKCAABAT;MOKSEFEN;Moksefen 400 mg 7 Film Tablet;5;1;6;0
11.09.2026;SELÇUK ECZA DEPOSU;SELÇUK SAMSUN;8680001146000;FERHAT ECZANESİ;SIVAS MERKEZ -3;GRİPORT COLD;Griport Cold 20 Film Kaplı Tablet;1;0;1;0
18.09.2026;SELÇUK ECZA DEPOSU;SELÇUK SAMSUN;8680001146680;HİKMET ECZANESİ;SIVAS MERKEZ -3;ACİDPASS;Acidpass 10/800/165 mg 12 Çiğneme Tablet;150;60;210;0
19.09.2026;SELÇUK ECZA DEPOSU;SELÇUK SAMSUN;8680001137411;ÇINAR ECZANESİ;SAMSUN ADALET;PANOCER;Panocer 40 mg 28 Enterik Kaplı Tablet;2;0;2;0
25.09.2026;SELÇUK ECZA DEPOSU;SELÇUK SAMSUN;8680001139293;NASUHOĞLU ECZANESİ;SIVAS MERKEZ -4;ACİDPASS;Acidpass 10/800/165 mg 12 Çiğneme Tablet;10;1;11;0
23.09.2026;SELÇUK ECZA DEPOSU;SELÇUK SAMSUN;8680001143344;KÖROĞLU ECZANESİ;ORDU MERKEZ -3;ACİDPASS;Acidpass 10/800/165 mg 12 Çiğneme Tablet;20;3;23;0
03.09.2026;SELÇUK ECZA DEPOSU;SELÇUK SAMSUN;8680001145003;GÜVEN ECZANESİ;CORUM MERKEZ -3;PANOCER;Panocer 40 mg 28 Enterik Kaplı Tablet;100;60;160;0
19.09.2026;SELÇUK ECZA DEPOSU;SELÇUK SAMSUN;8680001114672;MERKEZ ECZANESI;SINOP MERKEZ;ACİDPASS;Acidpass 10/800/165 mg 12 Çiğneme Tablet;20;3;23;0
28.09.2026;SELÇUK ECZA DEPOSU;SELÇUK SAMSUN;8680001114801;FAZİLET ECZANESİ;SAMSUN DOGU ILCELER;PANOCER;Panocer 40 mg 28 Enterik Kaplı Tablet;2;0;2;0
03.09.2026;SELÇUK ECZA DEPOSU;SELÇUK SAMSUN;8680001115334;HAYAT ECZANESİ;SINOP MERKEZ;PANOCER;Panocer 40 mg 28 Enterik Kaplı Tablet;50;25;75;0
19.09.2026;SELÇUK ECZA DEPOSU;SELÇUK SAMSUN;8680001118281;BENEK ECZANESİ;SAMSUN RASATHANE;MOKSEFEN;Moksefen 400 mg 7 Film Tablet;30;15;45;0
19.09.2026;SELÇUK ECZA DEPOSU;SELÇUK SAMSUN;8680001121670;ŞİFA ECZANESİ;SINOP DOGU-BATI ILCELER;ACİDPASS;Acidpass 10/800/165 mg 12 Çiğneme Tablet;10;1;11;0
11.09.2026;SELÇUK ECZA DEPOSU;SELÇUK SAMSUN;8680001951116;DERMAN ECZANESİ ÜNYE;ORDU UNYE;PANOCER;Panocer 40 mg 28 Enterik Kaplı Tablet;30;12;42;0
24.09.2026;SELÇUK ECZA DEPOSU;SELÇUK SAMSUN;8680001157785;BUHARA ECZANESİ;CORUM MERKEZ -1;ACİDPASS;Acidpass 10/800/165 mg 12 Çiğneme Tablet;1;0;1;0
21.09.2026;SELÇUK ECZA DEPOSU;SELÇUK SAMSUN;8680001158089;DEVA ECZANESİ;CORUM MERKEZ -2;PANOCER;Panocer 40 mg 28 Enterik Kaplı Tablet;10;3;13;0
26.09.2026;SELÇUK ECZA DEPOSU;SELÇUK SAMSUN;8680001160532;SAĞLIK ECZANESİ;SAMSUN BAFRA;ACİDPASS;Acidpass 10/800/165 mg 12 Çiğneme Tablet;20;3;23;0
11.09.2026;SELÇUK ECZA DEPOSU;SELÇUK SAMSUN;8680001185276;BAŞÇİFTLİK ECZANESİ;TOKAT DOGU ILCELER;ACİDPASS;Acidpass 10/800/165 mg 6 Çiğneme Tablet;2;0;2;0
01.09.2026;SELÇUK ECZA DEPOSU;SELÇUK SAMSUN;8680001167777;YEŞİLIRMAK ECZANESİ;TOKAT MERKEZ -1;ACİDPASS;Acidpass 10/800/165 mg 12 Çiğneme Tablet;2;0;2;0
09.09.2026;SELÇUK ECZA DEPOSU;SELÇUK SAMSUN;8680001168576;EROĞLU ECZANESİ;TOKAT MERKEZ -1;ACİDPASS;Acidpass 10/800/165 mg 12 Çiğneme Tablet;1;0;1;0
29.09.2026;SELÇUK ECZA DEPOSU;SELÇUK SAMSUN;8680001169931;MERKEZ ECZANESI;TOKAT TURHAL;MOKSEFEN;Moksefen 400 mg 7 Film Tablet;1;0;1;0
09.09.2026;SELÇUK ECZA DEPOSU;SELÇUK SAMSUN;8680001653232;AYDOĞAN ECZANESİ;SIVAS MERKEZ -3;GRİPORT COLD;Griport Cold 20 Film Kaplı Tablet;2;0;2;0
25.09.2026;SELÇUK ECZA DEPOSU;SELÇUK SAMSUN;8680001692699;TAHA ECZANESİ;SAMSUN ATAKUM;ACİDPASS;Acidpass 10/800/165 mg 12 Çiğneme Tablet;3;0;3;0
18.09.2026;SELÇUK ECZA DEPOSU;SELÇUK ERZURUM;8680001239030;ARI ECZANESİ;ERZINCAN MERKEZ;ACİDPASS;Acidpass 10/800/165 mg 12 Çiğneme Tablet;3;0;3;0
01.09.2026;SELÇUK ECZA DEPOSU;SELÇUK ERZURUM;8680001430291;KAYAKYOLU ECZANESİ;ERZURUM MERKEZ -3;GRİPORT COLD;Griport Cold 20 Film Kaplı Tablet;20;5;25;0
01.09.2026;SELÇUK ECZA DEPOSU;SELÇUK SAMSUN;8680001886654;KAEN ECZANESİ;SAMSUN CANIK;ACİDPASS;Acidpass 10/800/165 mg 12 Çiğneme Tablet;5;0;5;0
14.09.2026;SELÇUK ECZA DEPOSU;SELÇUK SAMSUN;8680001633036;CANSU ECZANESİ;CORUM MERKEZ -2;PANOCER;Panocer 40 mg 28 Enterik Kaplı Tablet;2;0;2;0
07.09.2026;SELÇUK ECZA DEPOSU;SELÇUK SAMSUN;8680001637645;YENİ BEZGİNOĞLU ECZANESİ;CORUM MERKEZ -3;GRİPORT COLD;Griport Cold 20 Film Kaplı Tablet;12;3;15;0
16.09.2026;SELÇUK ECZA DEPOSU;SELÇUK TRABZON;8680001726363;NİHAN ECZANESİ;GIRESUN MERKEZ -2;GRİPORT COLD;Griport Cold 20 Film Kaplı Tablet;7;1;8;0
15.09.2026;SELÇUK ECZA DEPOSU;SELÇUK SAMSUN;8680001420100;YALI ECZANESİ;ORDU UNYE;ACİDPASS;Acidpass 10/800/165 mg 12 Çiğneme Tablet;1;0;1;0
25.09.2026;SELÇUK ECZA DEPOSU;SELÇUK SAMSUN;8680001428854;ÇAĞLA ECZANESİ;ORDU DOGU ILCELER;ACİDPASS;Acidpass 10/800/165 mg 12 Çiğneme Tablet;10;1;11;0
30.09.2026;SELÇUK ECZA DEPOSU;SELÇUK ERZURUM;8680001566983;CADDE ECZANESİ;ERZURUM MERKEZ -3;GRİPORT COLD;Griport Cold 20 Film Kaplı Tablet;2;0;2;0
01.09.2026;SELÇUK ECZA DEPOSU;SELÇUK ERZURUM;8680001621279;ŞEHİR 25 ECZANESİ;ERZURUM MERKEZ -3;GRİPORT COLD;Griport Cold 20 Film Kaplı Tablet;7;1;8;0
02.09.2026;SELÇUK ECZA DEPOSU;SELÇUK ERZURUM;8680001661350;RUKİYE ECZANESİ;AGRI MERKEZ;PANOCER;Panocer 40 mg 28 Enterik Kaplı Tablet;3;0;3;0
08.09.2026;SELÇUK ECZA DEPOSU;SELÇUK SAMSUN;8680001549863;ZAİMOĞLU ECZANESİ;ORDU MERKEZ -1;PANOCER;Panocer 40 mg 28 Enterik Kaplı Tablet;10;3;13;0
22.09.2026;SELÇUK ECZA DEPOSU;SELÇUK SAMSUN;8680001163717;KARADENİZ ECZANESİ;ORDU DOGU ILCELER;ACİDPASS;Acidpass 10/800/165 mg 12 Çiğneme Tablet;3;0;3;0
10.09.2026;SELÇUK ECZA DEPOSU;SELÇUK SAMSUN;8680001165575;ŞİMŞEK ECZANESİ;TOKAT MERKEZ -1;PANOCER;Panocer 40 mg 14 Enterik Kaplı Tablet;4;0;4;0
17.09.2026;SELÇUK ECZA DEPOSU;SELÇUK SAMSUN;8680001168576;EROĞLU ECZANESİ;TOKAT MERKEZ -1;PANOCER;Panocer 40 mg 28 Enterik Kaplı Tablet;10;3;13;0
28.09.2026;SELÇUK ECZA DEPOSU;SELÇUK TRABZON;8680001200191;ÖZDEMİR ECZANESİ;GIRESUN BULANCAK+PIRAZIZ;ACİDPASS;Acidpass 10/800/165 mg 12 Çiğneme Tablet;10;1;11;0
07.09.2026;SELÇUK ECZA DEPOSU;SELÇUK TRABZON;8680001205608;DİLEK ECZANESİ;TRABZON MERKEZ -1;ACİDPASS;Acidpass 10/800/165 mg 12 Çiğneme Tablet;3;0;3;0
25.09.2026;SELÇUK ECZA DEPOSU;SELÇUK TRABZON;8680001200351;KARADENİZ ECZANESİ;GUMUSHANE;GRİPORT COLD;Griport Cold 20 Film Kaplı Tablet;1;0;1;0
29.09.2026;SELÇUK ECZA DEPOSU;SELÇUK SAMSUN;8680001715589;HİTİT ECZANESİ;CORUM MERKEZ -3;ACİDPASS;Acidpass 10/800/165 mg 12 Çiğneme Tablet;10;1;11;0
22.09.2026;SELÇUK ECZA DEPOSU;SELÇUK SAMSUN;8680001716036;TOKİLER ECZANESİ;SAMSUN RASATHANE;ACİDPASS;Acidpass 10/800/165 mg 12 Çiğneme Tablet;3;0;3;0
22.09.2026;SELÇUK ECZA DEPOSU;SELÇUK SAMSUN;8680001718559;HAZAL ECZANESİ;TOKAT MERKEZ -1;ACİDPASS;Acidpass 10/800/165 mg 12 Çiğneme Tablet;20;3;23;0
01.09.2026;SELÇUK ECZA DEPOSU;SELÇUK SAMSUN;8680001745463;23 NİSAN ECZANESİ;CORUM MERKEZ -1;PANOCER;Panocer 40 mg 28 Enterik Kaplı Tablet;30;12;42;0
11.09.2026;SELÇUK ECZA DEPOSU;SELÇUK SAMSUN;8680001137350;METİN ECZANESİ;SAMSUN DOGU ILCELER - 2;GRİPORT COLD;Griport Cold 20 Film Kaplı Tablet;24;6;30;0
02.09.2026;SELÇUK ECZA DEPOSU;SELÇUK SAMSUN;8680001139088;AYDIN ECZANESI;SAMSUN BAFRA;ACİDPASS;Acidpass 10/800/165 mg 12 Çiğneme Tablet;100;35;135;0
23.09.2026;SELÇUK ECZA DEPOSU;SELÇUK SAMSUN;8680001140220;ZEYNEP ECZANESİ;SAMSUN RASATHANE;PANOCER;Panocer 40 mg 28 Enterik Kaplı Tablet;50;25;75;0
04.09.2026;SELÇUK ECZA DEPOSU;SELÇUK SAMSUN;8680001142934;SÖNMEZ ECZANESİ;CORUM MERKEZ -2;ACİDPASS;Acidpass 10/800/165 mg 6 Çiğneme Tablet;2;0;2;0
22.09.2026;SELÇUK ECZA DEPOSU;SELÇUK SAMSUN;8680001145003;GÜVEN ECZANESİ;CORUM MERKEZ -3;ACİDPASS;Acidpass 10/800/165 mg 12 Çiğneme Tablet;10;1;11;0
22.09.2026;SELÇUK ECZA DEPOSU;SELÇUK TRABZON;8680001113224;SEVİM ECZANESİ;RIZE DOGU ILCELER;PANOCER;Panocer 40 mg 28 Enterik Kaplı Tablet;30;12;42;0
04.09.2026;SELÇUK ECZA DEPOSU;SELÇUK TRABZON;8680001117710;BAYRAKTAR ECZANESİ;ARTVIN KUZEY ILCELER;ACİDPASS;Acidpass 10/800/165 mg 12 Çiğneme Tablet;10;1;11;0
25.09.2026;SELÇUK ECZA DEPOSU;SELÇUK TRABZON;8680001117710;BAYRAKTAR ECZANESİ;ARTVIN KUZEY ILCELER;ACİDPASS;Acidpass 10/800/165 mg 12 Çiğneme Tablet;10;1;11;0
30.09.2026;SELÇUK ECZA DEPOSU;SELÇUK TRABZON;8680001121823;ÖZLEM ECZANESİ;ARTVIN KUZEY ILCELER;GRİPORT COLD;Griport Cold 20 Film Kaplı Tablet;7;1;8;0
01.09.2026;SELÇUK ECZA DEPOSU;SELÇUK ERZURUM;8680001695386;ÖMER ECZANESİ;AGRI ILCELER;ACİDPASS;Acidpass 10/800/165 mg 12 Çiğneme Tablet;1;0;1;0
23.09.2026;SELÇUK ECZA DEPOSU;SELÇUK ERZURUM;8680001706594;EMRE ECZANESİ;ERZURUM MERKEZ -3;MOKSEFEN;Moksefen 400 mg 7 Film Tablet;5;1;6;0
04.09.2026;SELÇUK ECZA DEPOSU;SELÇUK ERZURUM;8680001714179;ŞİFA ECZANESİ;AGRI MERKEZ;ACİDPASS;Acidpass 10/800/165 mg 12 Çiğneme Tablet;20;3;23;0
22.09.2026;SELÇUK ECZA DEPOSU;SELÇUK ERZURUM;8680001715237;ARAS ECZANESİ;ERZURUM MERKEZ -3;GRİPORT COLD;Griport Cold 20 Film Kaplı Tablet;10;1;11;0
12.09.2026;SELÇUK ECZA DEPOSU;SELÇUK ERZURUM;8680001717651;LİVA İNGEC ECZANESİ;ERZURUM MERKEZ -1;MOKSEFEN;Moksefen 400 mg 7 Film Tablet;5;1;6;0
21.09.2026;SELÇUK ECZA DEPOSU;SELÇUK SAMSUN;8680001113606;UGUR ECZANESİ;SAMSUN BAFRA;ACİDPASS;Acidpass 10/800/165 mg 12 Çiğneme Tablet;10;1;11;0
29.09.2026;SELÇUK ECZA DEPOSU;SELÇUK SAMSUN;8680001113729;NUR ECZANESİ;SAMSUN ILKADIM - 2;GRİPORT COLD;Griport Cold 20 Film Kaplı Tablet;1;0;1;0
15.09.2026;SELÇUK ECZA DEPOSU;SELÇUK SAMSUN;8680001114108;BAL ECZANESİ;SAMSUN ADALET;ACİDPASS;Acidpass 10/800/165 mg 6 Çiğneme Tablet;2;0;2;0
30.09.2026;SELÇUK ECZA DEPOSU;SELÇUK SAMSUN;8680001111121;SEVİNÇ ECZANESİ;SAMSUN ATAKUM;ACİDPASS;Acidpass 10/800/165 mg 12 Çiğneme Tablet;10;1;11;0
04.09.2026;SELÇUK ECZA DEPOSU;SELÇUK SAMSUN;8680001111770;KIRANKÖY ECZANESİ;SAMSUN RASATHANE;PANOCER;Panocer 40 mg 28 Enterik Kaplı Tablet;10;3;13;0
24.09.2026;SELÇUK ECZA DEPOSU;SELÇUK SAMSUN;8680001114672;MERKEZ ECZANESI;SINOP MERKEZ;ACİDPASS;Acidpass 10/800/165 mg 12 Çiğneme Tablet;-10;-1;-11;-1
03.09.2026;SELÇUK ECZA DEPOSU;SELÇUK SAMSUN;8680001114672;MERKEZ ECZANESI;SINOP MERKEZ;GRİPORT COLD;Griport Cold 20 Film Kaplı Tablet;7;1;8;0
14.09.2026;SELÇUK ECZA DEPOSU;SELÇUK TRABZON;8680001545506;SEVDA ECZANESİ;TRABZON BATI ILCELER - 2;PANOCER;Panocer 40 mg 28 Enterik Kaplı Tablet;10;3;13;0
17.09.2026;SELÇUK ECZA DEPOSU;SELÇUK SAMSUN;8680001116799;EKİN ECZANESİ;SINOP DOGU-BATI ILCELER;ACİDPASS;Acidpass 10/800/165 mg 12 Çiğneme Tablet;50;15;65;0
18.09.2026;SELÇUK ECZA DEPOSU;SELÇUK SAMSUN;8680001120871;YAŞAM ECZANESİ;SINOP DOGU-BATI ILCELER;GRİPORT COLD;Griport Cold 20 Film Kaplı Tablet;1;0;1;0
10.09.2026;SELÇUK ECZA DEPOSU;SELÇUK SAMSUN;8680001121670;ŞİFA ECZANESİ;SINOP DOGU-BATI ILCELER;ACİDPASS;Acidpass 10/800/165 mg 12 Çiğneme Tablet;2;0;2;0
18.09.2026;SELÇUK ECZA DEPOSU;SELÇUK ERZURUM;8680001835065;GERCEK ECZANESİ;KARS ILCELER;PANOCER;Panocer 40 mg 28 Enterik Kaplı Tablet;30;12;42;0
29.09.2026;SELÇUK ECZA DEPOSU;SELÇUK ERZURUM;8680001871292;İREM ECZANESİ;ERZINCAN MERKEZ;ACİDPASS;Acidpass 10/800/165 mg 12 Çiğneme Tablet;2;0;2;0
04.09.2026;SELÇUK ECZA DEPOSU;SELÇUK ERZURUM;8680001892662;EREN ECZANESİ;KARS ILCELER;MOKSEFEN;Moksefen 400 mg 7 Film Tablet;5;1;6;0
17.09.2026;SELÇUK ECZA DEPOSU;SELÇUK SAMSUN;8680001277308;NOKTA ECZANESİ;ORDU FATSA;GRİPORT COLD;Griport Cold 20 Film Kaplı Tablet;7;1;8;0
11.09.2026;SELÇUK ECZA DEPOSU;SELÇUK SAMSUN;8680001420100;YALI ECZANESİ;ORDU UNYE;ACİDPASS;Acidpass 10/800/165 mg 12 Çiğneme Tablet;1;0;1;0
18.09.2026;SELÇUK ECZA DEPOSU;SELÇUK TRABZON;8680001277117;KADİR ECZANESİ;TRABZON BATI ILCELER - 2;ACİDPASS;Acidpass 10/800/165 mg 6 Çiğneme Tablet;10;1;11;0
21.09.2026;SELÇUK ECZA DEPOSU;SELÇUK TRABZON;8680001278008;HAKAN ECZANESİ;TRABZON MERKEZ -4;MOKSEFEN;Moksefen 400 mg 7 Film Tablet;20;10;30;0
04.09.2026;SELÇUK ECZA DEPOSU;SELÇUK TRABZON;8680001278329;HALK ECZANESİ;TRABZON DOGU ILCELER -1;PANOCER;Panocer 40 mg 28 Enterik Kaplı Tablet;-22;-11;-33;-11
01.09.2026;SELÇUK ECZA DEPOSU;SELÇUK TRABZON;8680001378821;ARAKLI ECZANESİ;TRABZON DOGU ILCELER - 2;PANOCER;Panocer 40 mg 14 Enterik Kaplı Tablet;2;0;2;0
29.09.2026;SELÇUK ECZA DEPOSU;SELÇUK SAMSUN;8680001120017;DÖRTYOL ECZANESİ;SIVAS MERKEZ -4;GRİPORT COLD;Griport Cold 20 Film Kaplı Tablet;1;0;1;0
25.09.2026;SELÇUK ECZA DEPOSU;SELÇUK TRABZON;8680001710331;SENA ECZANESİ;GUMUSHANE;FAMTREC;Famtrec 800/26,6mg 14 Film Kaplı Tablet;1;0;1;0
23.09.2026;SELÇUK ECZA DEPOSU;SELÇUK TRABZON;8680001734429;SAĞLIK ECZANESİ;TRABZON DOGU ILCELER -1;ACİDPASS;Acidpass 10/800/165 mg 12 Çiğneme Tablet;1;0;1;0
09.09.2026;SELÇUK ECZA DEPOSU;SELÇUK ERZURUM;8680001736195;EMEK ECZANESİ;AGRI ILCELER;ACİDPASS;Acidpass 10/800/165 mg 12 Çiğneme Tablet;2;0;2;0
06.09.2026;SELÇUK ECZA DEPOSU;SELÇUK ERZURUM;8680001743209;KÜBRA ECZANESİ;KARS MERKEZ;ACİDPASS;Acidpass 10/800/165 mg 12 Çiğneme Tablet;1;0;1;0
24.09.2026;İSTANBUL ECZA KOOP;İSKOOP MERKEZ;8680001115051;BAŞAK ECZANESİ;SINOP MERKEZ;PANOCER;Panocer 40 mg 28 Enterik Kaplı Tablet;30;12;42;0
04.09.2026;İSTANBUL ECZA KOOP;İSKOOP MERKEZ;8680001442959;YASEMİN ECZANESİ;SAMSUN BAFRA;PANOCER;Panocer 40 mg 28 Enterik Kaplı Tablet;30;12;42;0
03.09.2026;İSTANBUL ECZA KOOP;İSKOOP MERKEZ;8680001138487;SAMSUN ECZANESİ;SAMSUN ATAKUM;PANOCER;Panocer 40 mg 28 Enterik Kaplı Tablet;3;0;3;0
04.09.2026;İSTANBUL ECZA KOOP;İSKOOP MERKEZ;8680001108602;YÜKSELEN ECZANESİ;SAMSUN BAHCELIEVLER;PANOCER;Panocer 40 mg 28 Enterik Kaplı Tablet;1;0;1;0
08.09.2026;İSTANBUL ECZA KOOP;İSKOOP MERKEZ;8680001113095;AZİZ ECZANESİ;SAMSUN ADALET;PANOCER;Panocer 40 mg 28 Enterik Kaplı Tablet;3;0;3;0
29.09.2026;İSTANBUL ECZA KOOP;İSKOOP MERKEZ;8680001455348;PARK ECZANESİ;SAMSUN ADALET;ACİDPASS;Acidpass 10/800/165 mg 12 Çiğneme Tablet;10;1;11;0
23.09.2026;İSTANBUL ECZA KOOP;İSKOOP MERKEZ;8680001101085;YENİ AYVACIK ECZANESİ;SAMSUN DOGU ILCELER;ACİDPASS;Acidpass 10/800/165 mg 12 Çiğneme Tablet;3;0;3;0
14.09.2026;İSTANBUL ECZA KOOP;İSKOOP MERKEZ;8680001524532;ÖYKÜ ECZANESİ;SAMSUN ATAKUM;ACİDPASS;Acidpass 10/800/165 mg 12 Çiğneme Tablet;10;1;11;0
23.09.2026;İSTANBUL ECZA KOOP;İSKOOP MERKEZ;8680001115051;BAŞAK ECZANESİ;SINOP MERKEZ;ACİDPASS;Acidpass 10/800/165 mg 12 Çiğneme Tablet;10;1;11;0
14.09.2026;İSTANBUL ECZA KOOP;İSKOOP MERKEZ;8680001120857;ÖNSOY ECZANESİ;SINOP DOGU-BATI ILCELER;ACİDPASS;Acidpass 10/800/165 mg 12 Çiğneme Tablet;1;0;1;0
11.09.2026;İSTANBUL ECZA KOOP;İSKOOP MERKEZ;8680001169610;HIZIR ECZANESİ;TOKAT TURHAL;ACİDPASS;Acidpass 10/800/165 mg 12 Çiğneme Tablet;3;0;3;0
11.09.2026;İSTANBUL ECZA KOOP;İSKOOP MERKEZ;8680001122189;ZEYNEP ECZANESİ;AMASYA MERKEZ -1;ACİDPASS;Acidpass 10/800/165 mg 6 Çiğneme Tablet;3;0;3;0
11.09.2026;İSTANBUL ECZA KOOP;İSKOOP MERKEZ;8680001160556;ŞİMŞEK ECZANESİ;SAMSUN BAFRA;ACİDPASS;Acidpass 10/800/165 mg 6 Çiğneme Tablet;10;1;11;0
14.09.2026;İSTANBUL ECZA KOOP;İSKOOP MERKEZ;8680001116676;KAMER ECZANESİ;SAMSUN BAHCELIEVLER;ACİDPASS;Acidpass 10/800/165 mg 12 Çiğneme Tablet;2;0;2;0
15.09.2026;İSTANBUL ECZA KOOP;İSKOOP MERKEZ;8680001124640;MADEN ECZANESİ;AMASYA MERKEZ -2;ACİDPASS;Acidpass 10/800/165 mg 12 Çiğneme Tablet;2;0;2;0
17.09.2026;İSTANBUL ECZA KOOP;İSKOOP MERKEZ;8680001827671;SANAT ECZANESİ;SAMSUN ATAKENT+19 MAYIS;ACİDPASS;Acidpass 10/800/165 mg 12 Çiğneme Tablet;1;0;1;0
11.09.2026;İSTANBUL ECZA KOOP;İSKOOP MERKEZ;8680001157846;BÜLBÜLOĞLU ECZANESİ;CORUM MERKEZ -2;GRİPORT COLD;Griport Cold 20 Film Kaplı Tablet;7;1;8;0
08.09.2026;İSTANBUL ECZA KOOP;İSKOOP MERKEZ;8680001199297;ŞENBİL ECZANESİ;TOKAT BATI ILCELER;ACİDPASS;Acidpass 10/800/165 mg 12 Çiğneme Tablet;20;3;23;0
24.09.2026;İSTANBUL ECZA KOOP;İSKOOP MERKEZ;8680001499076;İSKENDER ECZANESİ;CORUM MERKEZ -1;ACİDPASS;Acidpass 10/800/165 mg 12 Çiğneme Tablet;2;0;2;0
15.09.2026;İSTANBUL ECZA KOOP;İSKOOP MERKEZ;8680001245352;ELİF ECZANESİ;TOKAT ERBAA;GRİPORT COLD;Griport Cold 20 Film Kaplı Tablet;40;20;60;0
15.09.2026;İSTANBUL ECZA KOOP;İSKOOP MERKEZ;8680001703616;YAŞAM ECZANESİ;SAMSUN VEZIRKOPRU;GRİPORT COLD;Griport Cold 20 Film Kaplı Tablet;1;0;1;0
15.09.2026;İSTANBUL ECZA KOOP;İSKOOP MERKEZ;8680001700615;ŞULE ECZANESİ;SAMSUN ATAKENT+19 MAYIS;ACİDPASS;Acidpass 10/800/165 mg 6 Çiğneme Tablet;10;1;11;0
16.09.2026;İSTANBUL ECZA KOOP;İSKOOP MERKEZ;8680001123179;YÜKSEL ECZANESİ;SINOP DOGU-BATI ILCELER;ACİDPASS;Acidpass 10/800/165 mg 6 Çiğneme Tablet;5;0;5;0
26.09.2026;İSTANBUL ECZA KOOP;İSKOOP MERKEZ;8680001108091;GÜMENEZ ECZANESİ;SAMSUN ALACAM+YAKAKENT;ACİDPASS;Acidpass 10/800/165 mg 12 Çiğneme Tablet;5;0;5;0
28.09.2026;İSTANBUL ECZA KOOP;İSKOOP MERKEZ;8680001157846;BÜLBÜLOĞLU ECZANESİ;CORUM MERKEZ -2;GRİPORT COLD;Griport Cold 20 Film Kaplı Tablet;2;0;2;0
28.09.2026;İSTANBUL ECZA KOOP;İSKOOP MERKEZ;8680001524532;ÖYKÜ ECZANESİ;SAMSUN ATAKUM;GRİPORT COLD;Griport Cold 20 Film Kaplı Tablet;2;0;2;0
30.09.2026;İSTANBUL ECZA KOOP;İSKOOP MERKEZ;8680001116232;BUKET ECZANESİ;SINOP MERKEZ;GRİPORT COLD;Griport Cold 20 Film Kaplı Tablet;1;0;1;0
28.09.2026;İSTANBUL ECZA KOOP;İSKOOP MERKEZ;8680001862238;HALE ECZANESİ;AMASYA MERKEZ -2;PANOCER;Panocer 40 mg 28 Enterik Kaplı Tablet;1;0;1;0
01.09.2026;İSTANBUL ECZA KOOP;İSKOOP MERKEZ;8680001120871;YAŞAM ECZANESİ;SINOP DOGU-BATI ILCELER;PANOCER;Panocer 40 mg 28 Enterik Kaplı Tablet;3;0;3;0
23.09.2026;İSTANBUL ECZA KOOP;İSKOOP MERKEZ;8680001177790;EKİN ECZANESİ;TOKAT DOGU ILCELER;ACİDPASS;Acidpass 10/800/165 mg 12 Çiğneme Tablet;4;0;4;0
09.09.2026;İSTANBUL ECZA KOOP;İSKOOP MERKEZ;8680001118472;MERKEZ ECZANESI;SAMSUN HAVZA+KAVAK+LADIK;ACİDPASS;Acidpass 10/800/165 mg 12 Çiğneme Tablet;4;0;4;0
08.09.2026;İSTANBUL ECZA KOOP;İSKOOP MERKEZ;8680001156009;ŞİFA ECZANESİ;CORUM KARGI+OSMANCIK;ACİDPASS;Acidpass 10/800/165 mg 12 Çiğneme Tablet;5;0;5;0
19.09.2026;İSTANBUL ECZA KOOP;İSKOOP MERKEZ;8680001491278;AFİYET ECZANESİ;SAMSUN CANIK;ACİDPASS;Acidpass 10/800/165 mg 12 Çiğneme Tablet;10;1;11;0
21.09.2026;İSTANBUL ECZA KOOP;İSKOOP MERKEZ;8680001859825;NURSEN ECZANESİ;AMASYA MERKEZ -2;ACİDPASS;Acidpass 10/800/165 mg 12 Çiğneme Tablet;10;1;11;0
05.09.2026;İSTANBUL ECZA KOOP;İSKOOP MERKEZ;8680001108602;YÜKSELEN ECZANESİ;SAMSUN BAHCELIEVLER;ACİDPASS;Acidpass 10/800/165 mg 12 Çiğneme Tablet;1;0;1;0
04.09.2026;İSTANBUL ECZA KOOP;İSKOOP MERKEZ;8680001109043;BAHAR ECZANESİ;SAMSUN BAHCELIEVLER;ACİDPASS;Acidpass 10/800/165 mg 12 Çiğneme Tablet;2;0;2;0
04.09.2026;İSTANBUL ECZA KOOP;İSKOOP MERKEZ;8680001156818;LOKMAN ECZANESİ;CORUM MERKEZ -3;ACİDPASS;Acidpass 10/800/165 mg 12 Çiğneme Tablet;2;0;2;0
04.09.2026;İSTANBUL ECZA KOOP;İSKOOP MERKEZ;8680001733569;ZEHRA ECZANESİ;SAMSUN ATAKUM;ACİDPASS;Acidpass 10/800/165 mg 12 Çiğneme Tablet;2;0;2;0
30.09.2026;İSTANBUL ECZA KOOP;İSKOOP MERKEZ;8680001113095;AZİZ ECZANESİ;SAMSUN ADALET;PANOCER;Panocer 40 mg 28 Enterik Kaplı Tablet;2;0;2;0
14.09.2026;İSTANBUL ECZA KOOP;İSKOOP MERKEZ;8680001114368;ŞİFA ECZANESİ;SINOP MERKEZ;GRİPORT COLD;Griport Cold 20 Film Kaplı Tablet;1;0;1;0
24.09.2026;İSTANBUL ECZA KOOP;İSKOOP MERKEZ;8680001120758;SIHHAT ECZANESİ;SINOP DOGU-BATI ILCELER;ACİDPASS;Acidpass 10/800/165 mg 6 Çiğneme Tablet;3;0;3;0
04.09.2026;İSTANBUL ECZA KOOP;İSKOOP MERKEZ;8680001124381;ÖNCEL ECZANESİ;SINOP DOGU-BATI ILCELER;ACİDPASS;Acidpass 10/800/165 mg 6 Çiğneme Tablet;10;1;11;0
29.09.2026;İSTANBUL ECZA KOOP;İSKOOP MERKEZ;8680001120895;SARAÇOĞLU ECZANESİ;AMASYA MERKEZ -2;PANOCER;Panocer 40 mg 28 Enterik Kaplı Tablet;10;3;13;0
29.09.2026;İSTANBUL ECZA KOOP;İSKOOP MERKEZ;8680001177790;EKİN ECZANESİ;TOKAT DOGU ILCELER;PANOCER;Panocer 40 mg 28 Enterik Kaplı Tablet;10;3;13;0
29.09.2026;İSTANBUL ECZA KOOP;İSKOOP MERKEZ;8680001117079;ÇARŞAMBA ECZANESİ;SAMSUN DOGU ILCELER - 2;GRİPORT COLD;Griport Cold 20 Film Kaplı Tablet;3;0;3;0
24.09.2026;İSTANBUL ECZA KOOP;İSKOOP MERKEZ;8680001111244;MERKEZ ECZANESI;SAMSUN DOGU ILCELER;GRİPORT COLD;Griport Cold 20 Film Kaplı Tablet;2;0;2;0
23.09.2026;İSTANBUL ECZA KOOP;İSKOOP MERKEZ;8680001116409;ERFELEK ECZANESİ;SINOP DOGU-BATI ILCELER;PANOCER;Panocer 40 mg 28 Enterik Kaplı Tablet;30;12;42;0
11.09.2026;İSTANBUL ECZA KOOP;İSKOOP MERKEZ;8680001807222;BALCI ECZANESİ;AMASYA ILCELER;PANOCER;Panocer 40 mg 28 Enterik Kaplı Tablet;30;12;42;0
24.09.2026;İSTANBUL ECZA KOOP;İSKOOP MERKEZ;8680001515431;DURUŞEHİR ECZANESİ;SAMSUN ADALET;PANOCER;Panocer 40 mg 28 Enterik Kaplı Tablet;10;3;13;0
21.09.2026;İSTANBUL ECZA KOOP;İSKOOP MERKEZ;8680001600809;GÜNEY ECZANESİ;SAMSUN CANIK;ACİDPASS;Acidpass 10/800/165 mg 12 Çiğneme Tablet;2;0;2;0
08.09.2026;İSTANBUL ECZA KOOP;İSKOOP MERKEZ;8680001121373;AKDENİZ ECZANESİ;SAMSUN TERME;ACİDPASS;Acidpass 10/800/165 mg 12 Çiğneme Tablet;10;1;11;0
16.09.2026;İSTANBUL ECZA KOOP;İSKOOP MERKEZ;8680001720156;LAVANTA ECZANESİ;AMASYA MERKEZ -1;ACİDPASS;Acidpass 10/800/165 mg 12 Çiğneme Tablet;1;0;1;0
01.09.2026;İSTANBUL ECZA KOOP;İSKOOP MERKEZ;8680001492152;GÜLTER ECZANESİ;SAMSUN HAVZA+KAVAK+LADIK;ACİDPASS;Acidpass 10/800/165 mg 12 Çiğneme Tablet;10;1;11;0
01.09.2026;İSTANBUL ECZA KOOP;İSKOOP MERKEZ;8680001111244;MERKEZ ECZANESI;SAMSUN DOGU ILCELER;ACİDPASS;Acidpass 10/800/165 mg 12 Çiğneme Tablet;10;1;11;0
03.09.2026;İSTANBUL ECZA KOOP;İSKOOP MERKEZ;8680001737123;ŞAHİN ECZANESİ;AMASYA MERZIFON;ACİDPASS;Acidpass 10/800/165 mg 12 Çiğneme Tablet;50;15;65;0
22.09.2026;İSTANBUL ECZA KOOP;İSKOOP MERKEZ;8680001122226;KOCAMAN ECZANESİ;SAMSUN TERME;GRİPORT COLD;Griport Cold 20 Film Kaplı Tablet;12;3;15;0
22.09.2026;İSTANBUL ECZA KOOP;İSKOOP MERKEZ;8680001620074;VİTAMİN ECZANESİ;SAMSUN ATAKUM;GRİPORT COLD;Griport Cold 20 Film Kaplı Tablet;7;1;8;0
02.09.2026;İSTANBUL ECZA KOOP;İSKOOP MERKEZ;8680001101498;YEŞİLIRMAK ECZANESİ;SAMSUN DOGU ILCELER - 2;ACİDPASS;Acidpass 10/800/165 mg 6 Çiğneme Tablet;2;0;2;0
30.09.2026;İSTANBUL ECZA KOOP;İSKOOP MERKEZ;8680001599844;TEKKEKÖY ECZANESİ;SAMSUN DOGU ILCELER;ACİDPASS;Acidpass 10/800/165 mg 12 Çiğneme Tablet;2;0;2;0
23.09.2026;İSTANBUL ECZA KOOP;İSKOOP MERKEZ;8680001499301;GİZEM ECZANESİ;AMASYA MERZIFON;PANOCER;Panocer 40 mg 28 Enterik Kaplı Tablet;10;3;13;0
25.09.2026;İSTANBUL ECZA KOOP;İSKOOP MERKEZ;8680001119929;SAĞLIK ECZANESİ;SAMSUN DOGU ILCELER - 2;PANOCER;Panocer 40 mg 28 Enterik Kaplı Tablet;10;3;13;0
29.09.2026;İSTANBUL ECZA KOOP;İSKOOP MERKEZ;8680001733569;ZEHRA ECZANESİ;SAMSUN ATAKUM;ACİDPASS;Acidpass 10/800/165 mg 12 Çiğneme Tablet;3;0;3;0
01.09.2026;İSTANBUL ECZA KOOP;İSKOOP MERKEZ;8680001860258;DENİZ ECZANESİ;SAMSUN ATAKENT+19 MAYIS;PANOCER;Panocer 40 mg 28 Enterik Kaplı Tablet;165;135;300;0
02.09.2026;İSTANBUL ECZA KOOP;İSKOOP MERKEZ;8680001519231;ALPEREN BOL ECZANESİ;AMASYA GOYNUCEK+TASOVA;ACİDPASS;Acidpass 10/800/165 mg 12 Çiğneme Tablet;10;1;11;0
11.09.2026;İSTANBUL ECZA KOOP;İSKOOP MERKEZ;8680001181261;ÖZTÜRK ECZANESİ;TOKAT TURHAL;ACİDPASS;Acidpass 10/800/165 mg 12 Çiğneme Tablet;2;0;2;0
24.09.2026;İSTANBUL ECZA KOOP;İSKOOP MERKEZ;8680001130092;CANSARAN ECZANESİ;AMASYA MERKEZ -2;MOKSEFEN;Moksefen 400 mg 7 Film Tablet;1;0;1;0
04.09.2026;İSTANBUL ECZA KOOP;İSKOOP MERKEZ;8680001807222;BALCI ECZANESİ;AMASYA ILCELER;MOKSEFEN;Moksefen 400 mg 7 Film Tablet;10;3;13;0
28.09.2026;İSTANBUL ECZA KOOP;İSKOOP MERKEZ;8680001123179;YÜKSEL ECZANESİ;SINOP DOGU-BATI ILCELER;GRİPORT COLD;Griport Cold 20 Film Kaplı Tablet;7;1;8;0
04.09.2026;İSTANBUL ECZA KOOP;İSKOOP MERKEZ;8680001139057;GÜNGÖR ECZANESİ;AMASYA MERKEZ -2;PANOCER;Panocer 40 mg 28 Enterik Kaplı Tablet;10;3;13;0
29.09.2026;İSTANBUL ECZA KOOP;İSKOOP MERKEZ;8680001104079;GÜNBEYAZ ECZANESİ;SAMSUN ULUGAZI;ACİDPASS;Acidpass 10/800/165 mg 12 Çiğneme Tablet;2;0;2;0
23.09.2026;İSTANBUL ECZA KOOP;İSKOOP MERKEZ;8680001108602;YÜKSELEN ECZANESİ;SAMSUN BAHCELIEVLER;ACİDPASS;Acidpass 10/800/165 mg 12 Çiğneme Tablet;1;0;1;0
23.09.2026;İSTANBUL ECZA KOOP;İSKOOP MERKEZ;8680001131945;YAŞARDOĞU ECZANESİ;SAMSUN RASATHANE;ACİDPASS;Acidpass 10/800/165 mg 12 Çiğneme Tablet;5;0;5;0
03.09.2026;İSTANBUL ECZA KOOP;İSKOOP MERKEZ;8680001121014;İLKAY ECZANESİ;AMASYA MERKEZ -1;PANOCER;Panocer 40 mg 28 Enterik Kaplı Tablet;10;3;13;0
07.09.2026;İSTANBUL ECZA KOOP;İSKOOP MERKEZ;8680001121182;YASEMİN ECZANESİ;AMASYA MERKEZ -2;PANOCER;Panocer 40 mg 28 Enterik Kaplı Tablet;10;3;13;0
07.09.2026;İSTANBUL ECZA KOOP;İSKOOP MERKEZ;8680001121595;TUNA ECZANESİ;SAMSUN BAFRA;MOKSEFEN;Moksefen 400 mg 7 Film Tablet;5;1;6;0
08.09.2026;İSTANBUL ECZA KOOP;İSKOOP MERKEZ;8680001124541;YEŞİLOVA ECZANESİ;AMASYA MERKEZ -2;MOKSEFEN;Moksefen 400 mg 7 Film Tablet;5;1;6;0
03.09.2026;İSTANBUL ECZA KOOP;İSKOOP MERKEZ;8680001881567;MEVLANA ECZANESİ;SAMSUN BAFRA;MOKSEFEN;Moksefen 400 mg 7 Film Tablet;10;3;13;0
11.09.2026;İSTANBUL ECZA KOOP;İSKOOP MERKEZ;8680001113323;ALTINKAYA ECZANESİ;SAMSUN BAFRA;MOKSEFEN;Moksefen 400 mg 7 Film Tablet;20;10;30;0
15.09.2026;İSTANBUL ECZA KOOP;İSKOOP MERKEZ;8680001237388;GÜMÜŞ ECZANESİ;TOKAT ERBAA;ACİDPASS;Acidpass 10/800/165 mg 12 Çiğneme Tablet;10;1;11;0
07.09.2026;İSTANBUL ECZA KOOP;İSKOOP MERKEZ;8680001650163;ERGÜDEN ECZANESİ;TOKAT DOGU ILCELER;ACİDPASS;Acidpass 10/800/165 mg 12 Çiğneme Tablet;20;3;23;0
14.09.2026;İSTANBUL ECZA KOOP;İSKOOP MERKEZ;8680001120758;SIHHAT ECZANESİ;SINOP DOGU-BATI ILCELER;GRİPORT COLD;Griport Cold 20 Film Kaplı Tablet;12;3;15;0
09.09.2026;İSTANBUL ECZA KOOP;İSKOOP MERKEZ;8680001118212;VATAN ECZANESİ;AMASYA MERKEZ -1;GRİPORT COLD;Griport Cold 20 Film Kaplı Tablet;12;3;15;0
02.09.2026;İSTANBUL ECZA KOOP;İSKOOP MERKEZ;8680001143641;ŞİFA ECZANESİ;SAMSUN BAFRA;MOKSEFEN;Moksefen 400 mg 7 Film Tablet;20;10;30;0
02.09.2026;İSTANBUL ECZA KOOP;İSKOOP MERKEZ;8680001711307;MOCAN ECZANESİ;SAMSUN ATAKUM;MOKSEFEN;Moksefen 400 mg 7 Film Tablet;5;1;6;0
30.09.2026;İSTANBUL ECZA KOOP;İSKOOP MERKEZ;8680001120857;ÖNSOY ECZANESİ;SINOP DOGU-BATI ILCELER;GRİPORT COLD;Griport Cold 20 Film Kaplı Tablet;10;1;11;0
30.09.2026;İSTANBUL ECZA KOOP;İSKOOP MERKEZ;8680001455348;PARK ECZANESİ;SAMSUN ADALET;GRİPORT COLD;Griport Cold 20 Film Kaplı Tablet;2;0;2;0
01.09.2026;İSTANBUL ECZA KOOP;İSKOOP MERKEZ;8680001116812;GÜÇLÜ ECZANESİ;SINOP DOGU-BATI ILCELER;PANOCER;Panocer 40 mg 28 Enterik Kaplı Tablet;10;3;13;0
01.09.2026;İSTANBUL ECZA KOOP;İSKOOP MERKEZ;8680001120871;YAŞAM ECZANESİ;SINOP DOGU-BATI ILCELER;PANOCER;Panocer 40 mg 28 Enterik Kaplı Tablet;50;25;75;0
01.09.2026;İSTANBUL ECZA KOOP;İSKOOP MERKEZ;8680001881567;MEVLANA ECZANESİ;SAMSUN BAFRA;PANOCER;Panocer 40 mg 28 Enterik Kaplı Tablet;10;3;13;0
25.09.2026;İSTANBUL ECZA KOOP;İSKOOP MERKEZ;8680001413812;EVREN ECZANESİ;AMASYA GOYNUCEK+TASOVA;ACİDPASS;Acidpass 10/800/165 mg 12 Çiğneme Tablet;20;3;23;0
14.09.2026;İSTANBUL ECZA KOOP;İSKOOP MERKEZ;8680001622849;ÖZGÜR ECZANESİ;SAMSUN VEZIRKOPRU;MOKSEFEN;Moksefen 400 mg 7 Film Tablet;10;3;13;0
30.09.2026;İSTANBUL ECZA KOOP;İSKOOP MERKEZ;8680001112920;OYA ECZANESİ;SAMSUN HAVZA+KAVAK+LADIK;GRİPORT COLD;Griport Cold 20 Film Kaplı Tablet;1;0;1;0
30.09.2026;İSTANBUL ECZA KOOP;İSKOOP MERKEZ;8680001131150;SAĞLIK ECZANESİ;AMASYA MERKEZ -1;GRİPORT COLD;Griport Cold 20 Film Kaplı Tablet;3;0;3;0
24.09.2026;İSTANBUL ECZA KOOP;İSKOOP MERKEZ;8680001121014;İLKAY ECZANESİ;AMASYA MERKEZ -1;GRİPORT COLD;Griport Cold 20 Film Kaplı Tablet;12;3;15;0
23.09.2026;İSTANBUL ECZA KOOP;İSKOOP MERKEZ;8680001666386;BEYZA ECZANESİ;SAMSUN CANIK;GRİPORT COLD;Griport Cold 20 Film Kaplı Tablet;12;3;15;0
17.09.2026;İSTANBUL ECZA KOOP;İSKOOP MERKEZ;8680001118076;YÜKSEL ECZANESİ;SINOP DOGU-BATI ILCELER;ACİDPASS;Acidpass 10/800/165 mg 12 Çiğneme Tablet;10;1;11;0
10.09.2026;İSTANBUL ECZA KOOP;İSKOOP MERKEZ;8680001700615;ŞULE ECZANESİ;SAMSUN ATAKENT+19 MAYIS;ACİDPASS;Acidpass 10/800/165 mg 12 Çiğneme Tablet;1;0;1;0
10.09.2026;İSTANBUL ECZA KOOP;İSKOOP MERKEZ;8680001122516;CANDAŞ ECZANESİ;AMASYA MERKEZ -2;ACİDPASS;Acidpass 10/800/165 mg 12 Çiğneme Tablet;10;1;11;0
10.09.2026;İSTANBUL ECZA KOOP;İSKOOP MERKEZ;8680001182756;GÜLŞAH ECZANESİ;AMASYA MERZIFON;GRİPORT COLD;Griport Cold 20 Film Kaplı Tablet;24;6;30;0
23.09.2026;İSTANBUL ECZA KOOP;İSKOOP MERKEZ;8680001515431;DURUŞEHİR ECZANESİ;SAMSUN ADALET;MOKSEFEN;Moksefen 400 mg 7 Film Tablet;20;10;30;0
24.09.2026;İSTANBUL ECZA KOOP;İSKOOP MERKEZ;8680001499301;GİZEM ECZANESİ;AMASYA MERZIFON;MOKSEFEN;Moksefen 400 mg 7 Film Tablet;1;0;1;0
03.09.2026;İSTANBUL ECZA KOOP;İSKOOP MERKEZ;8680001139057;GÜNGÖR ECZANESİ;AMASYA MERKEZ -2;ACİDPASS;Acidpass 10/800/165 mg 12 Çiğneme Tablet;5;0;5;0
25.09.2026;İSTANBUL ECZA KOOP;İSKOOP MERKEZ;8680001746101;EMİRGAN ECZANESİ;SAMSUN BAFRA;ACİDPASS;Acidpass 10/800/165 mg 12 Çiğneme Tablet;10;1;11;0
02.09.2026;İSTANBUL ECZA KOOP;İSKOOP MERKEZ;8680001600809;GÜNEY ECZANESİ;SAMSUN CANIK;PANOCER;Panocer 40 mg 28 Enterik Kaplı Tablet;10;3;13;0
25.09.2026;İSTANBUL ECZA KOOP;İSKOOP MERKEZ;8680001451562;ŞİFA ECZANESİ;TOKAT DOGU ILCELER;ACİDPASS;Acidpass 10/800/165 mg 12 Çiğneme Tablet;10;1;11;0
01.09.2026;İSTANBUL ECZA KOOP;İSKOOP MERKEZ;8680001169474;DERMAN ECZANESİ;AMASYA MERZIFON;PANOCER;Panocer 40 mg 28 Enterik Kaplı Tablet;10;3;13;0
25.09.2026;İSTANBUL ECZA KOOP;İSKOOP MERKEZ;8680001123148;MERVE ECZANESİ;SINOP DOGU-BATI ILCELER;GRİPORT COLD;Griport Cold 20 Film Kaplı Tablet;12;3;15;0
05.09.2026;İSTANBUL ECZA KOOP;İSKOOP MERKEZ;8680001757022;GÖKSEL ECZANESİ;AMASYA MERZIFON;GRİPORT COLD;Griport Cold 20 Film Kaplı Tablet;7;1;8;0
03.09.2026;İSTANBUL ECZA KOOP;İSKOOP MERKEZ;8680001641055;ERKAN ECZANESİ;SAMSUN CANIK;ACİDPASS;Acidpass 10/800/165 mg 12 Çiğneme Tablet;2;0;2;0
04.09.2026;İSTANBUL ECZA KOOP;İSKOOP MERKEZ;8680001123346;GAZİLER ECZANESİ;SAMSUN BAFRA;ACİDPASS;Acidpass 10/800/165 mg 12 Çiğneme Tablet;20;3;23;0
03.09.2026;İSTANBUL ECZA KOOP;İSKOOP MERKEZ;8680001120864;DOSTEL ECZANESİ;SAMSUN CANIK;ACİDPASS;Acidpass 10/800/165 mg 12 Çiğneme Tablet;2;0;2;0
07.09.2026;İSTANBUL ECZA KOOP;İSKOOP MERKEZ;8680001121557;OVALI ECZANESİ;SAMSUN DOGU ILCELER;ACİDPASS;Acidpass 10/800/165 mg 12 Çiğneme Tablet;10;1;11;0
07.09.2026;İSTANBUL ECZA KOOP;İSKOOP MERKEZ;8680001845804;EDA ECZANESİ;SAMSUN DOGU ILCELER;ACİDPASS;Acidpass 10/800/165 mg 12 Çiğneme Tablet;2;0;2;0
21.09.2026;İSTANBUL ECZA KOOP;İSKOOP MERKEZ;8680001121373;AKDENİZ ECZANESİ;SAMSUN TERME;PANOCER;Panocer 40 mg 28 Enterik Kaplı Tablet;10;3;13;0
11.09.2026;İSTANBUL ECZA KOOP;İSKOOP MERKEZ;8680001733026;ARI ECZANESİ;AMASYA GOYNUCEK+TASOVA;PANOCER;Panocer 40 mg 28 Enterik Kaplı Tablet;10;3;13;0
11.09.2026;İSTANBUL ECZA KOOP;İSKOOP MERKEZ;8680001700615;ŞULE ECZANESİ;SAMSUN ATAKENT+19 MAYIS;PANOCER;Panocer 40 mg 28 Enterik Kaplı Tablet;10;3;13;0
14.09.2026;İSTANBUL ECZA KOOP;İSKOOP MERKEZ;8680001717705;SEVİL ECZANESI;AMASYA MERKEZ -2;PANOCER;Panocer 40 mg 28 Enterik Kaplı Tablet;10;3;13;0
14.09.2026;İSTANBUL ECZA KOOP;İSKOOP MERKEZ;8680001121687;KABAOĞLU ECZANESİ;SAMSUN BAFRA;PANOCER;Panocer 40 mg 28 Enterik Kaplı Tablet;30;12;42;0
17.09.2026;İSTANBUL ECZA KOOP;İSKOOP MERKEZ;8680001123346;GAZİLER ECZANESİ;SAMSUN BAFRA;PANOCER;Panocer 40 mg 28 Enterik Kaplı Tablet;10;3;13;0
23.09.2026;İSTANBUL ECZA KOOP;İSKOOP MERKEZ;8680001244959;EREK ECZANESİ;TOKAT ERBAA;ACİDPASS;Acidpass 10/800/165 mg 12 Çiğneme Tablet;10;1;11;0
18.09.2026;İSTANBUL ECZA KOOP;İSKOOP MERKEZ;8680001143719;ALBAYRAK ECZANESİ;CORUM MERKEZ -1;MOKSEFEN;Moksefen 400 mg 7 Film Tablet;5;1;6;0
21.09.2026;İSTANBUL ECZA KOOP;İSKOOP MERKEZ;8680001131945;YAŞARDOĞU ECZANESİ;SAMSUN RASATHANE;PANOCER;Panocer 40 mg 28 Enterik Kaplı Tablet;10;3;13;0
21.09.2026;İSTANBUL ECZA KOOP;İSKOOP MERKEZ;8680001527786;YASEMİN ECZANESİ;SAMSUN ADALET;PANOCER;Panocer 40 mg 28 Enterik Kaplı Tablet;30;12;42;0
16.09.2026;İSTANBUL ECZA KOOP;İSKOOP MERKEZ;8680001113095;AZİZ ECZANESİ;SAMSUN ADALET;PANOCER;Panocer 40 mg 28 Enterik Kaplı Tablet;2;0;2;0
02.09.2026;İSTANBUL ECZA KOOP;İSKOOP MERKEZ;8680001219735;MURAT ECZANESİ;TOKAT TURHAL;PANOCER;Panocer 40 mg 28 Enterik Kaplı Tablet;10;3;13;0
12.09.2026;İSTANBUL ECZA KOOP;İSKOOP MERKEZ;8680001531332;HAYAT ECZANESİ;SAMSUN HURRIYET+ZAFER;PANOCER;Panocer 40 mg 28 Enterik Kaplı Tablet;2;0;2;0
04.09.2026;İSTANBUL ECZA KOOP;İSKOOP MERKEZ;8680001181261;ÖZTÜRK ECZANESİ;TOKAT TURHAL;ACİDPASS;Acidpass 10/800/165 mg 12 Çiğneme Tablet;2;0;2;0
07.09.2026;İSTANBUL ECZA KOOP;İSKOOP MERKEZ;8680001123179;YÜKSEL ECZANESİ;SINOP DOGU-BATI ILCELER;GRİPORT COLD;Griport Cold 20 Film Kaplı Tablet;12;3;15;0
06.09.2026;İSTANBUL ECZA KOOP;İSKOOP MERKEZ;8680001619375;NANE LİMON ECZANESİ;SAMSUN ATAKENT+19 MAYIS;ACİDPASS;Acidpass 10/800/165 mg 12 Çiğneme Tablet;10;1;11;0
05.09.2026;İSTANBUL ECZA KOOP;İSKOOP MERKEZ;8680001110025;NEVİN ECZANESİ;SAMSUN CANIK;ACİDPASS;Acidpass 10/800/165 mg 12 Çiğneme Tablet;10;1;11;0
16.09.2026;İSTANBUL ECZA KOOP;İSKOOP MERKEZ;8680001487608;SİMGE ECZANESİ;SAMSUN ATAKENT+19 MAYIS;MOKSEFEN;Moksefen 400 mg 7 Film Tablet;1;0;1;0
23.09.2026;İSTANBUL ECZA KOOP;İSKOOP MERKEZ;8680001519231;ALPEREN BOL ECZANESİ;AMASYA GOYNUCEK+TASOVA;GRİPORT COLD;Griport Cold 20 Film Kaplı Tablet;1;0;1;0
22.09.2026;İSTANBUL ECZA KOOP;İSKOOP MERKEZ;8680001463879;İKBAL ECZANESİ;CORUM MERKEZ -3;PANOCER;Panocer 40 mg 28 Enterik Kaplı Tablet;10;3;13;0
19.09.2026;İSTANBUL ECZA KOOP;İSKOOP MERKEZ;8680001178230;KOÇAK ECZANESİ;AMASYA MERZIFON;GRİPORT COLD;Griport Cold 20 Film Kaplı Tablet;7;1;8;0
23.09.2026;İSTANBUL ECZA KOOP;İSKOOP MERKEZ;8680001120857;ÖNSOY ECZANESİ;SINOP DOGU-BATI ILCELER;GRİPORT COLD;Griport Cold 20 Film Kaplı Tablet;7;1;8;0
24.09.2026;İSTANBUL ECZA KOOP;İSKOOP MERKEZ;8680001122189;ZEYNEP ECZANESİ;AMASYA MERKEZ -1;GRİPORT COLD;Griport Cold 20 Film Kaplı Tablet;1;0;1;0
04.09.2026;İSTANBUL ECZA KOOP;İSKOOP MERKEZ;8680001730612;KUMSAL ECZANESİ;SINOP DOGU-BATI ILCELER;PANOCER;Panocer 40 mg 28 Enterik Kaplı Tablet;50;25;75;0
04.09.2026;İSTANBUL ECZA KOOP;İSKOOP MERKEZ;8680001156009;ŞİFA ECZANESİ;CORUM KARGI+OSMANCIK;PANOCER;Panocer 40 mg 28 Enterik Kaplı Tablet;10;3;13;0
03.09.2026;İSTANBUL ECZA KOOP;İSKOOP MERKEZ;8680001862238;HALE ECZANESİ;AMASYA MERKEZ -2;PANOCER;Panocer 40 mg 28 Enterik Kaplı Tablet;2;0;2;0
08.09.2026;İSTANBUL ECZA KOOP;İSKOOP MERKEZ;8680001531332;HAYAT ECZANESİ;SAMSUN HURRIYET+ZAFER;PANOCER;Panocer 40 mg 28 Enterik Kaplı Tablet;1;0;1;0
07.09.2026;İSTANBUL ECZA KOOP;İSKOOP MERKEZ;8680001123148;MERVE ECZANESİ;SINOP DOGU-BATI ILCELER;PANOCER;Panocer 40 mg 28 Enterik Kaplı Tablet;10;3;13;0
09.09.2026;İSTANBUL ECZA KOOP;İSKOOP MERKEZ;8680001242764;FATİH ECZANESİ;TOKAT ERBAA;PANOCER;Panocer 40 mg 28 Enterik Kaplı Tablet;30;12;42;0
03.09.2026;İSTANBUL ECZA KOOP;İSKOOP MERKEZ;8680001444359;EMRE ECZANESİ;TOKAT BATI ILCELER;ACİDPASS;Acidpass 10/800/165 mg 12 Çiğneme Tablet;2;0;2;0
03.09.2026;İSTANBUL ECZA KOOP;İSKOOP MERKEZ;8680001656578;ARYA ECZANESİ;CORUM MERKEZ -3;ACİDPASS;Acidpass 10/800/165 mg 12 Çiğneme Tablet;10;1;11;0
03.09.2026;İSTANBUL ECZA KOOP;İSKOOP MERKEZ;8680001116409;ERFELEK ECZANESİ;SINOP DOGU-BATI ILCELER;ACİDPASS;Acidpass 10/800/165 mg 12 Çiğneme Tablet;10;1;11;0
25.09.2026;İSTANBUL ECZA KOOP;İSKOOP MERKEZ;8680001229338;HASAN ECZANESİ;TOKAT ERBAA;MOKSEFEN;Moksefen 400 mg 7 Film Tablet;10;3;13;0
16.09.2026;İSTANBUL ECZA KOOP;İSKOOP MERKEZ;8680001531332;HAYAT ECZANESİ;SAMSUN HURRIYET+ZAFER;PANOCER;Panocer 40 mg 28 Enterik Kaplı Tablet;2;0;2;0
15.09.2026;İSTANBUL ECZA KOOP;İSKOOP MERKEZ;8680001874071;İSTANBUL ECZANESİ;AMASYA ILCELER;PANOCER;Panocer 40 mg 28 Enterik Kaplı Tablet;20;6;26;0
15.09.2026;İSTANBUL ECZA KOOP;İSKOOP MERKEZ;8680001169474;DERMAN ECZANESİ;AMASYA MERZIFON;PANOCER;Panocer 40 mg 28 Enterik Kaplı Tablet;10;3;13;0
09.09.2026;İSTANBUL ECZA KOOP;İSKOOP MERKEZ;8680001116409;ERFELEK ECZANESİ;SINOP DOGU-BATI ILCELER;PANOCER;Panocer 40 mg 28 Enterik Kaplı Tablet;10;3;13;0
03.09.2026;İSTANBUL ECZA KOOP;İSKOOP MERKEZ;8680001114368;ŞİFA ECZANESİ;SINOP MERKEZ;GRİPORT COLD;Griport Cold 20 Film Kaplı Tablet;2;0;2;0
04.09.2026;İSTANBUL ECZA KOOP;İSKOOP MERKEZ;8680001733026;ARI ECZANESİ;AMASYA GOYNUCEK+TASOVA;ACİDPASS;Acidpass 10/800/165 mg 12 Çiğneme Tablet;3;0;3;0
03.09.2026;İSTANBUL ECZA KOOP;İSKOOP MERKEZ;8680001114368;ŞİFA ECZANESİ;SINOP MERKEZ;ACİDPASS;Acidpass 10/800/165 mg 12 Çiğneme Tablet;10;1;11;0
21.09.2026;İSTANBUL ECZA KOOP;İSKOOP MERKEZ;8680001715084;ALTINAY ECZANESİ;SAMSUN RASATHANE;ACİDPASS;Acidpass 10/800/165 mg 12 Çiğneme Tablet;2;0;2;0
18.09.2026;İSTANBUL ECZA KOOP;İSKOOP MERKEZ;8680001130092;CANSARAN ECZANESİ;AMASYA MERKEZ -2;ACİDPASS;Acidpass 10/800/165 mg 12 Çiğneme Tablet;2;0;2;0
18.09.2026;İSTANBUL ECZA KOOP;İSKOOP MERKEZ;8680001918256;KORKMAZ ECZANESİ;AMASYA GOYNUCEK+TASOVA;ACİDPASS;Acidpass 10/800/165 mg 12 Çiğneme Tablet;150;60;210;0
11.09.2026;İSTANBUL ECZA KOOP;İSKOOP MERKEZ;8680001138487;SAMSUN ECZANESİ;SAMSUN ATAKUM;GRİPORT COLD;Griport Cold 20 Film Kaplı Tablet;1;0;1;0
10.09.2026;İSTANBUL ECZA KOOP;İSKOOP MERKEZ;8680001121014;İLKAY ECZANESİ;AMASYA MERKEZ -1;GRİPORT COLD;Griport Cold 20 Film Kaplı Tablet;7;1;8;0
05.09.2026;İSTANBUL ECZA KOOP;İSKOOP MERKEZ;8680001109043;BAHAR ECZANESİ;SAMSUN BAHCELIEVLER;ACİDPASS;Acidpass 10/800/165 mg 12 Çiğneme Tablet;3;0;3;0
07.09.2026;İSTANBUL ECZA KOOP;İSKOOP MERKEZ;8680001600809;GÜNEY ECZANESİ;SAMSUN CANIK;ACİDPASS;Acidpass 10/800/165 mg 12 Çiğneme Tablet;2;0;2;0
07.09.2026;İSTANBUL ECZA KOOP;İSKOOP MERKEZ;8680001413812;EVREN ECZANESİ;AMASYA GOYNUCEK+TASOVA;ACİDPASS;Acidpass 10/800/165 mg 12 Çiğneme Tablet;20;3;23;0
17.09.2026;İSTANBUL ECZA KOOP;İSKOOP MERKEZ;8680001101498;YEŞİLIRMAK ECZANESİ;SAMSUN DOGU ILCELER - 2;MOKSEFEN;Moksefen 400 mg 7 Film Tablet;1;0;1;0
03.09.2026;İSTANBUL ECZA KOOP;İSKOOP MERKEZ;8680001852673;YAŞAM ECZANESİ;AMASYA MERKEZ -2;ACİDPASS;Acidpass 10/800/165 mg 12 Çiğneme Tablet;10;1;11;0
24.09.2026;İSTANBUL ECZA KOOP;İSKOOP MERKEZ;8680001852673;YAŞAM ECZANESİ;AMASYA MERKEZ -2;GRİPORT COLD;Griport Cold 20 Film Kaplı Tablet;12;3;15;0
28.09.2026;İSTANBUL ECZA KOOP;İSKOOP MERKEZ;8680001629978;YILMAZ ECZANESİ;SAMSUN BAFRA;PANOCER;Panocer 40 mg 28 Enterik Kaplı Tablet;10;3;13;0
22.09.2026;İSTANBUL ECZA KOOP;İSKOOP MERKEZ;8680001422081;BURÇİN ECZANESİ;AMASYA ILCELER;GRİPORT COLD;Griport Cold 20 Film Kaplı Tablet;12;3;15;0
08.09.2026;İSTANBUL ECZA KOOP;İSKOOP MERKEZ;8680001109753;CUMHURİYET ECZANESİ;SAMSUN KALE;GRİPORT COLD;Griport Cold 20 Film Kaplı Tablet;1;0;1;0
07.09.2026;İSTANBUL ECZA KOOP;İSKOOP MERKEZ;8680001200238;YENİGÜN ECZANESİ;TOKAT BATI ILCELER;PANOCER;Panocer 40 mg 28 Enterik Kaplı Tablet;10;3;13;0
07.09.2026;İSTANBUL ECZA KOOP;İSKOOP MERKEZ;8680001413812;EVREN ECZANESİ;AMASYA GOYNUCEK+TASOVA;PANOCER;Panocer 40 mg 28 Enterik Kaplı Tablet;60;24;84;0
01.09.2026;İSTANBUL ECZA KOOP;İSKOOP MERKEZ;8680001130092;CANSARAN ECZANESİ;AMASYA MERKEZ -2;PANOCER;Panocer 40 mg 28 Enterik Kaplı Tablet;2;0;2;0
01.09.2026;İSTANBUL ECZA KOOP;İSKOOP MERKEZ;8680001629978;YILMAZ ECZANESİ;SAMSUN BAFRA;PANOCER;Panocer 40 mg 28 Enterik Kaplı Tablet;30;12;42;0
08.09.2026;İSTANBUL ECZA KOOP;İSKOOP MERKEZ;8680001199297;ŞENBİL ECZANESİ;TOKAT BATI ILCELER;MOKSEFEN;Moksefen 400 mg 7 Film Tablet;10;3;13;0
08.09.2026;İSTANBUL ECZA KOOP;İSKOOP MERKEZ;8680001619375;NANE LİMON ECZANESİ;SAMSUN ATAKENT+19 MAYIS;PANOCER;Panocer 40 mg 28 Enterik Kaplı Tablet;10;3;13;0
08.09.2026;İSTANBUL ECZA KOOP;İSKOOP MERKEZ;8680001737123;ŞAHİN ECZANESİ;AMASYA MERZIFON;PANOCER;Panocer 40 mg 28 Enterik Kaplı Tablet;30;12;42;0
02.09.2026;İSTANBUL ECZA KOOP;İSKOOP MERKEZ;8680001156818;LOKMAN ECZANESİ;CORUM MERKEZ -3;ACİDPASS;Acidpass 10/800/165 mg 12 Çiğneme Tablet;3;0;3;0
01.09.2026;İSTANBUL ECZA KOOP;İSKOOP MERKEZ;8680001720156;LAVANTA ECZANESİ;AMASYA MERKEZ -1;PANOCER;Panocer 40 mg 28 Enterik Kaplı Tablet;10;3;13;0
01.09.2026;İSTANBUL ECZA KOOP;İSKOOP MERKEZ;8680001123148;MERVE ECZANESİ;SINOP DOGU-BATI ILCELER;PANOCER;Panocer 40 mg 28 Enterik Kaplı Tablet;10;3;13;0
01.09.2026;İSTANBUL ECZA KOOP;İSKOOP MERKEZ;8680001880058;GİZEM ECZANESİ;SAMSUN ATAKENT+19 MAYIS;PANOCER;Panocer 40 mg 28 Enterik Kaplı Tablet;10;3;13;0
01.09.2026;İSTANBUL ECZA KOOP;İSKOOP MERKEZ;8680001113095;AZİZ ECZANESİ;SAMSUN ADALET;PANOCER;Panocer 40 mg 28 Enterik Kaplı Tablet;3;0;3;0
12.09.2026;İSTANBUL ECZA KOOP;İSKOOP MERKEZ;8680001880058;GİZEM ECZANESİ;SAMSUN ATAKENT+19 MAYIS;ACİDPASS;Acidpass 10/800/165 mg 12 Çiğneme Tablet;2;0;2;0
05.09.2026;İSTANBUL ECZA KOOP;İSKOOP MERKEZ;8680001859825;NURSEN ECZANESİ;AMASYA MERKEZ -2;ACİDPASS;Acidpass 10/800/165 mg 12 Çiğneme Tablet;2;0;2;0
01.09.2026;İSTANBUL ECZA KOOP;İSKOOP MERKEZ;8680001147335;GÖKÇE ECZANESİ;SAMSUN ADALET;ACİDPASS;Acidpass 10/800/165 mg 12 Çiğneme Tablet;2;0;2;0
22.09.2026;İSTANBUL ECZA KOOP;İSKOOP MERKEZ;8680001726790;ATAŞEHİR ECZANESİ;AMASYA MERKEZ -2;ACİDPASS;Acidpass 10/800/165 mg 12 Çiğneme Tablet;10;1;11;0
11.09.2026;İSTANBUL ECZA KOOP;İSKOOP MERKEZ;8680001123179;YÜKSEL ECZANESİ;SINOP DOGU-BATI ILCELER;GRİPORT COLD;Griport Cold 20 Film Kaplı Tablet;12;3;15;0
11.09.2026;İSTANBUL ECZA KOOP;İSKOOP MERKEZ;8680001746101;EMİRGAN ECZANESİ;SAMSUN BAFRA;GRİPORT COLD;Griport Cold 20 Film Kaplı Tablet;1;0;1;0
12.09.2026;İSTANBUL ECZA KOOP;İSKOOP MERKEZ;8680001175390;İSTANBUL ECZANESİ;AMASYA MERZIFON;GRİPORT COLD;Griport Cold 20 Film Kaplı Tablet;7;1;8;0
23.09.2026;İSTANBUL ECZA KOOP;İSKOOP MERKEZ;8680001130092;CANSARAN ECZANESİ;AMASYA MERKEZ -2;PANOCER;Panocer 40 mg 28 Enterik Kaplı Tablet;1;0;1;0
25.09.2026;İSTANBUL ECZA KOOP;İSKOOP MERKEZ;8680001484027;HİLAL ALTEKİN ECZANESİ;AMASYA MERKEZ -1;PANOCER;Panocer 40 mg 28 Enterik Kaplı Tablet;30;12;42;0
10.09.2026;İSTANBUL ECZA KOOP;İSKOOP MERKEZ;8680001446247;DEVA ECZANESİ;SAMSUN ATAKENT+19 MAYIS;GRİPORT COLD;Griport Cold 20 Film Kaplı Tablet;24;6;30;0
01.09.2026;İSTANBUL ECZA KOOP;İSKOOP MERKEZ;8680001845804;EDA ECZANESİ;SAMSUN DOGU ILCELER;MOKSEFEN;Moksefen 400 mg 7 Film Tablet;5;1;6;0
09.09.2026;İSTANBUL ECZA KOOP;İSKOOP MERKEZ;8680001370061;YALÇIN ECZANESİ;SAMSUN BAFRA;MOKSEFEN;Moksefen 400 mg 7 Film Tablet;10;3;13;0
15.09.2026;İSTANBUL ECZA KOOP;İSKOOP MERKEZ;8680001114368;ŞİFA ECZANESİ;SINOP MERKEZ;GRİPORT COLD;Griport Cold 20 Film Kaplı Tablet;7;1;8;0
17.09.2026;İSTANBUL ECZA KOOP;İSKOOP MERKEZ;8680001141661;DERMAN ECZANESİ;AMASYA ILCELER;GRİPORT COLD;Griport Cold 20 Film Kaplı Tablet;12;3;15;0
05.09.2026;İSTANBUL ECZA KOOP;İSKOOP MERKEZ;8680001859825;NURSEN ECZANESİ;AMASYA MERKEZ -2;ACİDPASS;Acidpass 10/800/165 mg 12 Çiğneme Tablet;2;0;2;0
21.09.2026;İSTANBUL ECZA KOOP;İSKOOP MERKEZ;8680001729524;BARIŞ ECZANESİ;TOKAT TURHAL;ACİDPASS;Acidpass 10/800/165 mg 12 Çiğneme Tablet;5;0;5;0
08.09.2026;İSTANBUL ECZA KOOP;İSKOOP MERKEZ;8680001245352;ELİF ECZANESİ;TOKAT ERBAA;GRİPORT COLD;Griport Cold 20 Film Kaplı Tablet;12;3;15;0
08.09.2026;İSTANBUL ECZA KOOP;İSKOOP MERKEZ;8680001862238;HALE ECZANESİ;AMASYA MERKEZ -2;GRİPORT COLD;Griport Cold 20 Film Kaplı Tablet;7;1;8;0
11.09.2026;İSTANBUL ECZA KOOP;İSKOOP MERKEZ;8680001700615;ŞULE ECZANESİ;SAMSUN ATAKENT+19 MAYIS;ACİDPASS;Acidpass 10/800/165 mg 12 Çiğneme Tablet;1;0;1;0
21.09.2026;İSTANBUL ECZA KOOP;İSKOOP MERKEZ;8680001104079;GÜNBEYAZ ECZANESİ;SAMSUN ULUGAZI;ACİDPASS;Acidpass 10/800/165 mg 12 Çiğneme Tablet;2;0;2;0
16.09.2026;İSTANBUL ECZA KOOP;İSKOOP MERKEZ;8680001116201;EVRİM ECZANESİ;AMASYA MERKEZ -2;GRİPORT COLD;Griport Cold 20 Film Kaplı Tablet;7;1;8;0
29.09.2026;İSTANBUL ECZA KOOP;İSKOOP MERKEZ;8680001127818;HASKÖY NALAN ECZANESİ;SAMSUN CANIK;GRİPORT COLD;Griport Cold 20 Film Kaplı Tablet;12;3;15;0
09.09.2026;İSTANBUL ECZA KOOP;İSKOOP MERKEZ;8680001720156;LAVANTA ECZANESİ;AMASYA MERKEZ -1;GRİPORT COLD;Griport Cold 20 Film Kaplı Tablet;7;1;8;0
09.09.2026;İSTANBUL ECZA KOOP;İSKOOP MERKEZ;8680001123148;MERVE ECZANESİ;SINOP DOGU-BATI ILCELER;GRİPORT COLD;Griport Cold 20 Film Kaplı Tablet;7;1;8;0
11.09.2026;İSTANBUL ECZA KOOP;İSKOOP MERKEZ;8680001112050;TÜRKER ECZANESİ;SAMSUN RASATHANE;GRİPORT COLD;Griport Cold 20 Film Kaplı Tablet;12;3;15;0
11.09.2026;İSTANBUL ECZA KOOP;İSKOOP MERKEZ;8680001160556;ŞİMŞEK ECZANESİ;SAMSUN BAFRA;ACİDPASS;Acidpass 10/800/165 mg 12 Çiğneme Tablet;20;3;23;0
14.09.2026;İSTANBUL ECZA KOOP;İSKOOP MERKEZ;8680001121595;TUNA ECZANESİ;SAMSUN BAFRA;PANOCER;Panocer 40 mg 28 Enterik Kaplı Tablet;10;3;13;0
14.09.2026;İSTANBUL ECZA KOOP;İSKOOP MERKEZ;8680001121014;İLKAY ECZANESİ;AMASYA MERKEZ -1;ACİDPASS;Acidpass 10/800/165 mg 12 Çiğneme Tablet;10;1;11;0
08.09.2026;İSTANBUL ECZA KOOP;İSKOOP MERKEZ;8680001755202;YİĞİT ECZANESİ;SAMSUN DOGU ILCELER;PANOCER;Panocer 40 mg 28 Enterik Kaplı Tablet;10;3;13;0
02.09.2026;İSTANBUL ECZA KOOP;İSKOOP MERKEZ;8680001656240;UĞUR ECZANESİ;AMASYA MERKEZ -2;ACİDPASS;Acidpass 10/800/165 mg 12 Çiğneme Tablet;150;60;210;0
18.09.2026;İSTANBUL ECZA KOOP;İSKOOP MERKEZ;8680001564217;ÇINAR ECZANESİ;TOKAT MERKEZ -1;ACİDPASS;Acidpass 10/800/165 mg 12 Çiğneme Tablet;10;1;11;0
17.09.2026;İSTANBUL ECZA KOOP;İSKOOP MERKEZ;8680001123346;GAZİLER ECZANESİ;SAMSUN BAFRA;ACİDPASS;Acidpass 10/800/165 mg 12 Çiğneme Tablet;10;1;11;0
18.09.2026;İSTANBUL ECZA KOOP;İSKOOP MERKEZ;8680001122516;CANDAŞ ECZANESİ;AMASYA MERKEZ -2;GRİPORT COLD;Griport Cold 20 Film Kaplı Tablet;7;1;8;0
04.09.2026;İSTANBUL ECZA KOOP;İSKOOP MERKEZ;8680001108091;GÜMENEZ ECZANESİ;SAMSUN ALACAM+YAKAKENT;PANOCER;Panocer 40 mg 28 Enterik Kaplı Tablet;10;3;13;0
04.09.2026;İSTANBUL ECZA KOOP;İSKOOP MERKEZ;8680001124565;TÜRKELİ ECZANESİ;SINOP DOGU-BATI ILCELER;PANOCER;Panocer 40 mg 28 Enterik Kaplı Tablet;30;12;42;0
24.09.2026;İSTANBUL ECZA KOOP;İSKOOP MERKEZ;8680001169474;DERMAN ECZANESİ;AMASYA MERZIFON;ACİDPASS;Acidpass 10/800/165 mg 12 Çiğneme Tablet;10;1;11;0
04.09.2026;İSTANBUL ECZA KOOP;İSKOOP MERKEZ;8680001156818;LOKMAN ECZANESİ;CORUM MERKEZ -3;PANOCER;Panocer 40 mg 28 Enterik Kaplı Tablet;10;3;13;0
28.09.2026;İSTANBUL ECZA KOOP;İSKOOP MERKEZ;8680001200238;YENİGÜN ECZANESİ;TOKAT BATI ILCELER;GRİPORT COLD;Griport Cold 20 Film Kaplı Tablet;1;0;1;0
18.09.2026;İSTANBUL ECZA KOOP;İSKOOP MERKEZ;8680001113118;KOLAY ECZANESİ;SAMSUN BAFRA;ACİDPASS;Acidpass 10/800/165 mg 12 Çiğneme Tablet;50;15;65;0
14.09.2026;İSTANBUL ECZA KOOP;İSKOOP MERKEZ;8680001120864;DOSTEL ECZANESİ;SAMSUN CANIK;ACİDPASS;Acidpass 10/800/165 mg 12 Çiğneme Tablet;3;0;3;0
14.09.2026;İSTANBUL ECZA KOOP;İSKOOP MERKEZ;8680001112050;TÜRKER ECZANESİ;SAMSUN RASATHANE;ACİDPASS;Acidpass 10/800/165 mg 12 Çiğneme Tablet;3;0;3;0
14.09.2026;İSTANBUL ECZA KOOP;İSKOOP MERKEZ;8680001880058;GİZEM ECZANESİ;SAMSUN ATAKENT+19 MAYIS;ACİDPASS;Acidpass 10/800/165 mg 12 Çiğneme Tablet;4;0;4;0
22.09.2026;İSTANBUL ECZA KOOP;İSKOOP MERKEZ;8680001622849;ÖZGÜR ECZANESİ;SAMSUN VEZIRKOPRU;ACİDPASS;Acidpass 10/800/165 mg 12 Çiğneme Tablet;20;3;23;0
14.09.2026;İSTANBUL ECZA KOOP;İSKOOP MERKEZ;8680001484027;HİLAL ALTEKİN ECZANESİ;AMASYA MERKEZ -1;GRİPORT COLD;Griport Cold 20 Film Kaplı Tablet;2;0;2;0
14.09.2026;İSTANBUL ECZA KOOP;İSKOOP MERKEZ;8680001156764;SEVDA ECZANESİ;CORUM MERKEZ -2;GRİPORT COLD;Griport Cold 20 Film Kaplı Tablet;7;1;8;0
02.09.2026;İSTANBUL ECZA KOOP;İSKOOP MERKEZ;8680001110315;CENNET ECZANESİ;SAMSUN DOGU ILCELER - 2;PANOCER;Panocer 40 mg 28 Enterik Kaplı Tablet;165;135;300;0
17.09.2026;İSTANBUL ECZA KOOP;İSKOOP MERKEZ;8680001112388;SARAL ECZANESİ;SAMSUN DOGU ILCELER;ACİDPASS;Acidpass 10/800/165 mg 12 Çiğneme Tablet;10;1;11;0
28.09.2026;İSTANBUL ECZA KOOP;İSKOOP MERKEZ;8680001122226;KOCAMAN ECZANESİ;SAMSUN TERME;ACİDPASS;Acidpass 10/800/165 mg 12 Çiğneme Tablet;20;3;23;0
28.09.2026;İSTANBUL ECZA KOOP;İSKOOP MERKEZ;8680001461073;KEMER ECZANESİ;CORUM KARGI+OSMANCIK;ACİDPASS;Acidpass 10/800/165 mg 12 Çiğneme Tablet;20;3;23;0
21.09.2026;İSTANBUL ECZA KOOP;İSKOOP MERKEZ;8680001727520;PELİTKÖY İPEK ECZANESİ;SAMSUN ATAKENT+19 MAYIS;ACİDPASS;Acidpass 10/800/165 mg 12 Çiğneme Tablet;2;0;2;0
29.09.2026;İSTANBUL ECZA KOOP;İSKOOP MERKEZ;8680001116232;BUKET ECZANESİ;SINOP MERKEZ;ACİDPASS;Acidpass 10/800/165 mg 12 Çiğneme Tablet;10;1;11;0
28.09.2026;İSTANBUL ECZA KOOP;İSKOOP MERKEZ;8680001629978;YILMAZ ECZANESİ;SAMSUN BAFRA;ACİDPASS;Acidpass 10/800/165 mg 12 Çiğneme Tablet;2;0;2;0
01.09.2026;İSTANBUL ECZA KOOP;İSKOOP MERKEZ;8680001447640;KARGI ECZANESİ;CORUM KARGI+OSMANCIK;PANOCER;Panocer 40 mg 28 Enterik Kaplı Tablet;100;60;160;0
01.09.2026;İSTANBUL ECZA KOOP;İSKOOP MERKEZ;8680001317516;TUĞLUOĞLU ECZANESİ;TOKAT BATI ILCELER;PANOCER;Panocer 40 mg 28 Enterik Kaplı Tablet;50;25;75;0
01.09.2026;İSTANBUL ECZA KOOP;İSKOOP MERKEZ;8680001114252;RENDECİ ECZANESİ;SAMSUN BAHCELIEVLER;PANOCER;Panocer 40 mg 28 Enterik Kaplı Tablet;10;3;13;0
18.09.2026;İSTANBUL ECZA KOOP;İSKOOP MERKEZ;8680001156764;SEVDA ECZANESİ;CORUM MERKEZ -2;PANOCER;Panocer 40 mg 28 Enterik Kaplı Tablet;10;3;13;0
21.09.2026;İSTANBUL ECZA KOOP;İSKOOP MERKEZ;8680001130092;CANSARAN ECZANESİ;AMASYA MERKEZ -2;PANOCER;Panocer 40 mg 28 Enterik Kaplı Tablet;2;0;2;0
16.09.2026;İSTANBUL ECZA KOOP;İSKOOP MERKEZ;8680001219735;MURAT ECZANESİ;TOKAT TURHAL;PANOCER;Panocer 40 mg 28 Enterik Kaplı Tablet;30;12;42;0
28.09.2026;İSTANBUL ECZA KOOP;İSKOOP MERKEZ;8680001121182;YASEMİN ECZANESİ;AMASYA MERKEZ -2;ACİDPASS;Acidpass 10/800/165 mg 12 Çiğneme Tablet;3;0;3;0
29.09.2026;İSTANBUL ECZA KOOP;İSKOOP MERKEZ;8680001127818;HASKÖY NALAN ECZANESİ;SAMSUN CANIK;ACİDPASS;Acidpass 10/800/165 mg 12 Çiğneme Tablet;2;0;2;0
10.09.2026;İSTANBUL ECZA KOOP;İSKOOP MERKEZ;8680001131150;SAĞLIK ECZANESİ;AMASYA MERKEZ -1;ACİDPASS;Acidpass 10/800/165 mg 12 Çiğneme Tablet;10;1;11;0
26.09.2026;İSTANBUL ECZA KOOP;İSKOOP MERKEZ;8680001629978;YILMAZ ECZANESİ;SAMSUN BAFRA;ACİDPASS;Acidpass 10/800/165 mg 12 Çiğneme Tablet;2;0;2;0
16.09.2026;İSTANBUL ECZA KOOP;İSKOOP MERKEZ;8680001666126;ÇAYAN ECZANESİ;SAMSUN VEZIRKOPRU;ACİDPASS;Acidpass 10/800/165 mg 12 Çiğneme Tablet;20;3;23;0
30.09.2026;İSTANBUL ECZA KOOP;İSKOOP MERKEZ;8680001599844;TEKKEKÖY ECZANESİ;SAMSUN DOGU ILCELER;ACİDPASS;Acidpass 10/800/165 mg 6 Çiğneme Tablet;1;0;1;0
30.09.2026;İSTANBUL ECZA KOOP;İSKOOP MERKEZ;8680001122189;ZEYNEP ECZANESİ;AMASYA MERKEZ -1;ACİDPASS;Acidpass 10/800/165 mg 6 Çiğneme Tablet;1;0;1;0
10.09.2026;İSTANBUL ECZA KOOP;İSKOOP MERKEZ;8680001155699;SAĞLIK ECZANESİ;AMASYA ILCELER;ACİDPASS;Acidpass 10/800/165 mg 12 Çiğneme Tablet;10;1;11;0
27.09.2026;İSTANBUL ECZA KOOP;İSKOOP MERKEZ;8680001156009;ŞİFA ECZANESİ;CORUM KARGI+OSMANCIK;GRİPORT COLD;Griport Cold 20 Film Kaplı Tablet;1;0;1;0
29.09.2026;İSTANBUL ECZA KOOP;İSKOOP MERKEZ;8680001110582;DEVA ECZANESİ;SAMSUN DOGU ILCELER - 2;GRİPORT COLD;Griport Cold 20 Film Kaplı Tablet;7;1;8;0
29.09.2026;İSTANBUL ECZA KOOP;İSKOOP MERKEZ;8680001880058;GİZEM ECZANESİ;SAMSUN ATAKENT+19 MAYIS;GRİPORT COLD;Griport Cold 20 Film Kaplı Tablet;1;0;1;0
23.09.2026;İSTANBUL ECZA KOOP;İSKOOP MERKEZ;8680001130092;CANSARAN ECZANESİ;AMASYA MERKEZ -2;GRİPORT COLD;Griport Cold 20 Film Kaplı Tablet;1;0;1;0
15.09.2026;İSTANBUL ECZA KOOP;İSKOOP MERKEZ;8680001248971;BAYRAKTAR ECZANESİ;TOKAT ERBAA;ACİDPASS;Acidpass 10/800/165 mg 12 Çiğneme Tablet;10;1;11;0
03.09.2026;İSTANBUL ECZA KOOP;İSKOOP MERKEZ;8680001117932;MERKEZ ECZANESI;AMASYA MERKEZ -2;PANOCER;Panocer 40 mg 28 Enterik Kaplı Tablet;125;75;200;0
17.09.2026;İSTANBUL ECZA KOOP;İSKOOP MERKEZ;8680001447640;KARGI ECZANESİ;CORUM KARGI+OSMANCIK;MOKSEFEN;Moksefen 400 mg 7 Film Tablet;20;10;30;0
30.09.2026;İSTANBUL ECZA KOOP;İSKOOP MERKEZ;8680001156818;LOKMAN ECZANESİ;CORUM MERKEZ -3;PANOCER;Panocer 40 mg 28 Enterik Kaplı Tablet;10;3;13;0
23.09.2026;İSTANBUL ECZA KOOP;İSKOOP MERKEZ;8680001114368;ŞİFA ECZANESİ;SINOP MERKEZ;PANOCER;Panocer 40 mg 28 Enterik Kaplı Tablet;30;12;42;0
11.09.2026;İSTANBUL ECZA KOOP;İSKOOP MERKEZ;8680001733026;ARI ECZANESİ;AMASYA GOYNUCEK+TASOVA;ACİDPASS;Acidpass 10/800/165 mg 12 Çiğneme Tablet;5;0;5;0
28.09.2026;İSTANBUL ECZA KOOP;İSKOOP MERKEZ;8680001524532;ÖYKÜ ECZANESİ;SAMSUN ATAKUM;ACİDPASS;Acidpass 10/800/165 mg 12 Çiğneme Tablet;10;1;11;0
08.09.2026;İSTANBUL ECZA KOOP;İSKOOP MERKEZ;8680001111404;ÖZCAN ECZANESİ;SAMSUN ILKADIM - 2;ACİDPASS;Acidpass 10/800/165 mg 6 Çiğneme Tablet;2;0;2;0
01.09.2026;İSTANBUL ECZA KOOP;İSKOOP MERKEZ;8680001114252;RENDECİ ECZANESİ;SAMSUN BAHCELIEVLER;ACİDPASS;Acidpass 10/800/165 mg 12 Çiğneme Tablet;4;0;4;0
29.09.2026;İSTANBUL ECZA KOOP;İSKOOP MERKEZ;8680001900039;ALANLI ECZANESİ;SAMSUN ATAKENT+19 MAYIS;ACİDPASS;Acidpass 10/800/165 mg 6 Çiğneme Tablet;5;0;5;0
25.09.2026;İSTANBUL ECZA KOOP;İSKOOP MERKEZ;8680001754571;ITIR ECZANESİ;SAMSUN CANIK;ACİDPASS;Acidpass 10/800/165 mg 6 Çiğneme Tablet;1;0;1;0
09.09.2026;İSTANBUL ECZA KOOP;İSKOOP MERKEZ;8680001720156;LAVANTA ECZANESİ;AMASYA MERKEZ -1;ACİDPASS;Acidpass 10/800/165 mg 12 Çiğneme Tablet;2;0;2;0
09.09.2026;İSTANBUL ECZA KOOP;İSKOOP MERKEZ;8680001720156;LAVANTA ECZANESİ;AMASYA MERKEZ -1;ACİDPASS;Acidpass 10/800/165 mg 12 Çiğneme Tablet;4;0;4;0
09.09.2026;İSTANBUL ECZA KOOP;İSKOOP MERKEZ;8680001127818;HASKÖY NALAN ECZANESİ;SAMSUN CANIK;ACİDPASS;Acidpass 10/800/165 mg 12 Çiğneme Tablet;3;0;3;0
21.09.2026;İSTANBUL ECZA KOOP;İSKOOP MERKEZ;8680001141661;DERMAN ECZANESİ;AMASYA ILCELER;ACİDPASS;Acidpass 10/800/165 mg 12 Çiğneme Tablet;20;3;23;0
16.09.2026;İSTANBUL ECZA KOOP;İSKOOP MERKEZ;8680001123148;MERVE ECZANESİ;SINOP DOGU-BATI ILCELER;ACİDPASS;Acidpass 10/800/165 mg 12 Çiğneme Tablet;4;0;4;0
17.09.2026;İSTANBUL ECZA KOOP;İSKOOP MERKEZ;8680001186853;YENİ PAZAR ECZANESİ;TOKAT BATI ILCELER;ACİDPASS;Acidpass 10/800/165 mg 12 Çiğneme Tablet;4;0;4;0
23.09.2026;İSTANBUL ECZA KOOP;İSKOOP MERKEZ;8680001104048;ALTINKUM ECZANESİ;SAMSUN RASATHANE;ACİDPASS;Acidpass 10/800/165 mg 12 Çiğneme Tablet;10;1;11;0
24.09.2026;İSTANBUL ECZA KOOP;İSKOOP MERKEZ;8680001120758;SIHHAT ECZANESİ;SINOP DOGU-BATI ILCELER;ACİDPASS;Acidpass 10/800/165 mg 12 Çiğneme Tablet;3;0;3;0
04.09.2026;İSTANBUL ECZA KOOP;İSKOOP MERKEZ;8680001139057;GÜNGÖR ECZANESİ;AMASYA MERKEZ -2;GRİPORT COLD;Griport Cold 20 Film Kaplı Tablet;1;0;1;0
16.09.2026;İSTANBUL ECZA KOOP;İSKOOP MERKEZ;8680001114597;DOĞUŞ ECZANESİ;SAMSUN BAHCELIEVLER;GRİPORT COLD;Griport Cold 20 Film Kaplı Tablet;1;0;1;0
18.09.2026;İSTANBUL ECZA KOOP;İSKOOP MERKEZ;8680001120758;SIHHAT ECZANESİ;SINOP DOGU-BATI ILCELER;PANOCER;Panocer 40 mg 28 Enterik Kaplı Tablet;1;0;1;0
14.09.2026;İSTANBUL ECZA KOOP;İSKOOP MERKEZ;8680001118212;VATAN ECZANESİ;AMASYA MERKEZ -1;ACİDPASS;Acidpass 10/800/165 mg 6 Çiğneme Tablet;3;0;3;0
03.09.2026;İSTANBUL ECZA KOOP;İSKOOP MERKEZ;8680001115051;BAŞAK ECZANESİ;SINOP MERKEZ;ACİDPASS;Acidpass 10/800/165 mg 12 Çiğneme Tablet;3;0;3;0
17.09.2026;İSTANBUL ECZA KOOP;İSKOOP MERKEZ;8680001123889;GÜLDEN ECZANESİ;SAMSUN BAFRA;ACİDPASS;Acidpass 10/800/165 mg 12 Çiğneme Tablet;150;60;210;0
17.09.2026;İSTANBUL ECZA KOOP;İSKOOP MERKEZ;8680001130092;CANSARAN ECZANESİ;AMASYA MERKEZ -2;ACİDPASS;Acidpass 10/800/165 mg 12 Çiğneme Tablet;2;0;2;0
17.09.2026;İSTANBUL ECZA KOOP;İSKOOP MERKEZ;8680001124640;MADEN ECZANESİ;AMASYA MERKEZ -2;ACİDPASS;Acidpass 10/800/165 mg 12 Çiğneme Tablet;2;0;2;0
17.09.2026;İSTANBUL ECZA KOOP;İSKOOP MERKEZ;8680001655717;ÖZGÜR ECZANESİ;AMASYA MERKEZ -1;ACİDPASS;Acidpass 10/800/165 mg 12 Çiğneme Tablet;10;1;11;0
17.09.2026;İSTANBUL ECZA KOOP;İSKOOP MERKEZ;8680001130092;CANSARAN ECZANESİ;AMASYA MERKEZ -2;ACİDPASS;Acidpass 10/800/165 mg 12 Çiğneme Tablet;2;0;2;0
24.09.2026;İSTANBUL ECZA KOOP;İSKOOP MERKEZ;8680001219735;MURAT ECZANESİ;TOKAT TURHAL;ACİDPASS;Acidpass 10/800/165 mg 12 Çiğneme Tablet;3;0;3;0
24.09.2026;İSTANBUL ECZA KOOP;İSKOOP MERKEZ;8680001880058;GİZEM ECZANESİ;SAMSUN ATAKENT+19 MAYIS;ACİDPASS;Acidpass 10/800/165 mg 12 Çiğneme Tablet;2;0;2;0
01.09.2026;İSTANBUL ECZA KOOP;İSKOOP MERKEZ;8680001114351;CANİK ECZANESİ;SAMSUN CANIK;GRİPORT COLD;Griport Cold 20 Film Kaplı Tablet;1;0;1;0
25.09.2026;İSTANBUL ECZA KOOP;İSKOOP MERKEZ;8680001209552;SAĞLIK ECZANESİ;TOKAT DOGU ILCELER;ACİDPASS;Acidpass 10/800/165 mg 12 Çiğneme Tablet;10;1;11;0
25.09.2026;İSTANBUL ECZA KOOP;İSKOOP MERKEZ;8680001515431;DURUŞEHİR ECZANESİ;SAMSUN ADALET;ACİDPASS;Acidpass 10/800/165 mg 12 Çiğneme Tablet;10;1;11;0
17.09.2026;İSTANBUL ECZA KOOP;İSKOOP MERKEZ;8680001739875;SEFA ECZANESİ;SAMSUN ATAKUM;GRİPORT COLD;Griport Cold 20 Film Kaplı Tablet;1;0;1;0
16.09.2026;İSTANBUL ECZA KOOP;İSKOOP MERKEZ;8680001116201;EVRİM ECZANESİ;AMASYA MERKEZ -2;GRİPORT COLD;Griport Cold 20 Film Kaplı Tablet;7;1;8;0
28.09.2026;İSTANBUL ECZA KOOP;İSKOOP MERKEZ;8680001243006;DİLMAÇ ECZANESİ;SAMSUN ILKADIM - 2;GRİPORT COLD;Griport Cold 20 Film Kaplı Tablet;3;0;3;0
28.09.2026;İSTANBUL ECZA KOOP;İSKOOP MERKEZ;8680001666126;ÇAYAN ECZANESİ;SAMSUN VEZIRKOPRU;GRİPORT COLD;Griport Cold 20 Film Kaplı Tablet;3;0;3;0
16.09.2026;İSTANBUL ECZA KOOP;İSKOOP MERKEZ;8680001859825;NURSEN ECZANESİ;AMASYA MERKEZ -2;PANOCER;Panocer 40 mg 28 Enterik Kaplı Tablet;10;3;13;0
17.09.2026;İSTANBUL ECZA KOOP;İSKOOP MERKEZ;8680001101085;YENİ AYVACIK ECZANESİ;SAMSUN DOGU ILCELER;PANOCER;Panocer 40 mg 28 Enterik Kaplı Tablet;10;3;13;0
10.09.2026;İSTANBUL ECZA KOOP;İSKOOP MERKEZ;8680001702121;YUSUF ECZANESİ;AMASYA MERKEZ -2;PANOCER;Panocer 40 mg 28 Enterik Kaplı Tablet;10;3;13;0
10.09.2026;İSTANBUL ECZA KOOP;İSKOOP MERKEZ;8680001531332;HAYAT ECZANESİ;SAMSUN HURRIYET+ZAFER;PANOCER;Panocer 40 mg 28 Enterik Kaplı Tablet;2;0;2;0
07.09.2026;İSTANBUL ECZA KOOP;İSKOOP MERKEZ;8680001655717;ÖZGÜR ECZANESİ;AMASYA MERKEZ -1;ACİDPASS;Acidpass 10/800/165 mg 12 Çiğneme Tablet;10;1;11;0
23.09.2026;İSTANBUL ECZA KOOP;İSKOOP MERKEZ;8680001160150;YENİ ECZANESİ;AMASYA GOYNUCEK+TASOVA;MOKSEFEN;Moksefen 400 mg 7 Film Tablet;10;3;13;0
08.09.2026;İSTANBUL ECZA KOOP;İSKOOP MERKEZ;8680001199297;ŞENBİL ECZANESİ;TOKAT BATI ILCELER;PANOCER;Panocer 40 mg 28 Enterik Kaplı Tablet;165;135;300;0
11.09.2026;İSTANBUL ECZA KOOP;İSKOOP MERKEZ;8680001880058;GİZEM ECZANESİ;SAMSUN ATAKENT+19 MAYIS;ACİDPASS;Acidpass 10/800/165 mg 12 Çiğneme Tablet;1;0;1;0
12.09.2026;İSTANBUL ECZA KOOP;İSKOOP MERKEZ;8680001619375;NANE LİMON ECZANESİ;SAMSUN ATAKENT+19 MAYIS;ACİDPASS;Acidpass 10/800/165 mg 12 Çiğneme Tablet;10;1;11;0
12.09.2026;İSTANBUL ECZA KOOP;İSKOOP MERKEZ;8680001104048;ALTINKUM ECZANESİ;SAMSUN RASATHANE;ACİDPASS;Acidpass 10/800/165 mg 12 Çiğneme Tablet;5;0;5;0
12.09.2026;İSTANBUL ECZA KOOP;İSKOOP MERKEZ;8680001413812;EVREN ECZANESİ;AMASYA GOYNUCEK+TASOVA;ACİDPASS;Acidpass 10/800/165 mg 12 Çiğneme Tablet;10;1;11;0
01.09.2026;İSTANBUL ECZA KOOP;İSKOOP MERKEZ;8680001112050;TÜRKER ECZANESİ;SAMSUN RASATHANE;ACİDPASS;Acidpass 10/800/165 mg 12 Çiğneme Tablet;3;0;3;0
01.09.2026;İSTANBUL ECZA KOOP;İSKOOP MERKEZ;8680001629978;YILMAZ ECZANESİ;SAMSUN BAFRA;ACİDPASS;Acidpass 10/800/165 mg 12 Çiğneme Tablet;10;1;11;0
01.09.2026;İSTANBUL ECZA KOOP;İSKOOP MERKEZ;8680001144105;UNKAPANI ECZANESİ;SAMSUN ADALET;ACİDPASS;Acidpass 10/800/165 mg 12 Çiğneme Tablet;2;0;2;0
16.09.2026;İSTANBUL ECZA KOOP;İSKOOP MERKEZ;8680001122189;ZEYNEP ECZANESİ;AMASYA MERKEZ -1;GRİPORT COLD;Griport Cold 20 Film Kaplı Tablet;1;0;1;0
18.09.2026;İSTANBUL ECZA KOOP;İSKOOP MERKEZ;8680001720156;LAVANTA ECZANESİ;AMASYA MERKEZ -1;GRİPORT COLD;Griport Cold 20 Film Kaplı Tablet;7;1;8;0
01.09.2026;İSTANBUL ECZA KOOP;İSKOOP MERKEZ;8680001929115;BENSU ECZANESİ;AMASYA MERZIFON;GRİPORT COLD;Griport Cold 20 Film Kaplı Tablet;12;3;15;0
01.09.2026;İSTANBUL ECZA KOOP;İSKOOP MERKEZ;8680001123179;YÜKSEL ECZANESİ;SINOP DOGU-BATI ILCELER;GRİPORT COLD;Griport Cold 20 Film Kaplı Tablet;12;3;15;0
02.09.2026;İSTANBUL ECZA KOOP;İSKOOP MERKEZ;8680001450695;ALPAT ECZANESİ;TOKAT TURHAL;PANOCER;Panocer 40 mg 28 Enterik Kaplı Tablet;50;25;75;0
02.09.2026;İSTANBUL ECZA KOOP;İSKOOP MERKEZ;8680001666126;ÇAYAN ECZANESİ;SAMSUN VEZIRKOPRU;PANOCER;Panocer 40 mg 28 Enterik Kaplı Tablet;10;3;13;0
02.09.2026;İSTANBUL ECZA KOOP;İSKOOP MERKEZ;8680001139927;SUNGURLU ECZANESİ;SAMSUN DOGU ILCELER - 2;PANOCER;Panocer 40 mg 28 Enterik Kaplı Tablet;10;3;13;0
02.09.2026;İSTANBUL ECZA KOOP;İSKOOP MERKEZ;8680001703616;YAŞAM ECZANESİ;SAMSUN VEZIRKOPRU;PANOCER;Panocer 40 mg 28 Enterik Kaplı Tablet;2;0;2;0
11.09.2026;İSTANBUL ECZA KOOP;İSKOOP MERKEZ;8680001469994;AYNUR ECZANESİ;SAMSUN CANIK;PANOCER;Panocer 40 mg 28 Enterik Kaplı Tablet;10;3;13;0
14.09.2026;İSTANBUL ECZA KOOP;İSKOOP MERKEZ;8680001169863;VURAL ECZANESİ;AMASYA MERKEZ -2;PANOCER;Panocer 40 mg 28 Enterik Kaplı Tablet;30;12;42;0
01.09.2026;İSTANBUL ECZA KOOP;İSKOOP MERKEZ;8680001114597;DOĞUŞ ECZANESİ;SAMSUN BAHCELIEVLER;ACİDPASS;Acidpass 10/800/165 mg 12 Çiğneme Tablet;10;1;11;0
25.09.2026;İSTANBUL ECZA KOOP;İSKOOP MERKEZ;8680001131945;YAŞARDOĞU ECZANESİ;SAMSUN RASATHANE;ACİDPASS;Acidpass 10/800/165 mg 12 Çiğneme Tablet;5;0;5;0
14.09.2026;İSTANBUL ECZA KOOP;İSKOOP MERKEZ;8680001720156;LAVANTA ECZANESİ;AMASYA MERKEZ -1;ACİDPASS;Acidpass 10/800/165 mg 12 Çiğneme Tablet;4;0;4;0
07.09.2026;İSTANBUL ECZA KOOP;İSKOOP MERKEZ;8680001730612;KUMSAL ECZANESİ;SINOP DOGU-BATI ILCELER;ACİDPASS;Acidpass 10/800/165 mg 12 Çiğneme Tablet;20;3;23;0
07.09.2026;İSTANBUL ECZA KOOP;İSKOOP MERKEZ;8680001715084;ALTINAY ECZANESİ;SAMSUN RASATHANE;ACİDPASS;Acidpass 10/800/165 mg 12 Çiğneme Tablet;1;0;1;0
07.09.2026;İSTANBUL ECZA KOOP;İSKOOP MERKEZ;8680001881567;MEVLANA ECZANESİ;SAMSUN BAFRA;ACİDPASS;Acidpass 10/800/165 mg 12 Çiğneme Tablet;20;3;23;0
07.09.2026;İSTANBUL ECZA KOOP;İSKOOP MERKEZ;8680001845804;EDA ECZANESİ;SAMSUN DOGU ILCELER;ACİDPASS;Acidpass 10/800/165 mg 12 Çiğneme Tablet;1;0;1;0
16.09.2026;İSTANBUL ECZA KOOP;İSKOOP MERKEZ;8680001137527;YENİ HASTANE ECZANESI;SAMSUN DOGU ILCELER - 2;MOKSEFEN;Moksefen 400 mg 7 Film Tablet;20;10;30;0
18.09.2026;İSTANBUL ECZA KOOP;İSKOOP MERKEZ;8680001442959;YASEMİN ECZANESİ;SAMSUN BAFRA;GRİPORT COLD;Griport Cold 20 Film Kaplı Tablet;2;0;2;0
25.09.2026;İSTANBUL ECZA KOOP;İSKOOP MERKEZ;8680001880058;GİZEM ECZANESİ;SAMSUN ATAKENT+19 MAYIS;GRİPORT COLD;Griport Cold 20 Film Kaplı Tablet;1;0;1;0
14.09.2026;İSTANBUL ECZA KOOP;İSKOOP MERKEZ;8680001118779;SABUNCU ECZANESİ;SAMSUN TERME;PANOCER;Panocer 40 mg 28 Enterik Kaplı Tablet;10;3;13;0
09.09.2026;İSTANBUL ECZA KOOP;İSKOOP MERKEZ;8680001128914;ŞİFA ECZANESİ;AMASYA MERKEZ -2;PANOCER;Panocer 40 mg 28 Enterik Kaplı Tablet;50;25;75;0
04.09.2026;İSTANBUL ECZA KOOP;İSKOOP MERKEZ;8680001121304;MÜJDE ECZANESİ;AMASYA MERKEZ -1;PANOCER;Panocer 40 mg 28 Enterik Kaplı Tablet;10;3;13;0
04.09.2026;İSTANBUL ECZA KOOP;İSKOOP MERKEZ;8680001137527;YENİ HASTANE ECZANESI;SAMSUN DOGU ILCELER - 2;PANOCER;Panocer 40 mg 28 Enterik Kaplı Tablet;10;3;13;0
03.09.2026;İSTANBUL ECZA KOOP;İSKOOP MERKEZ;8680001667208;MERVE ECZANESİ;AMASYA MERKEZ -1;ACİDPASS;Acidpass 10/800/165 mg 12 Çiğneme Tablet;-8;-1;-9;-1
25.09.2026;İSTANBUL ECZA KOOP;İSKOOP MERKEZ;8680001181469;ANNELER PARKI ECZANESİ;SAMSUN RASATHANE;MOKSEFEN;Moksefen 400 mg 7 Film Tablet;-11;-5;-16;-5
02.09.2026;DİLEK ECZA DEPOSU;DİLEK ANTALYA;8680001137152;SU ECZANESİ;SAMSUN ADALET;ACİDPASS;Acidpass 10/800/165 mg 12 Çiğneme Tablet;153;61;214;0
07.09.2026;DİLEK ECZA DEPOSU;DİLEK ANTALYA;8680001113477;DEREKÖY MUŞTA ECZANESİ;SAMSUN ILKADIM - 2;ACİDPASS;Acidpass 10/800/165 mg 12 Çiğneme Tablet;10;1;11;0
10.09.2026;DİLEK ECZA DEPOSU;DİLEK ANTALYA;8680001112647;TÜRKMEN ECZANESİ;SAMSUN DOGU ILCELER - 2;ACİDPASS;Acidpass 10/800/165 mg 12 Çiğneme Tablet;2;0;2;0
14.09.2026;DİLEK ECZA DEPOSU;DİLEK ANTALYA;8680001105212;MEYDAN ECZANESİ;SAMSUN RASATHANE;ACİDPASS;Acidpass 10/800/165 mg 12 Çiğneme Tablet;10;1;11;0
15.09.2026;DİLEK ECZA DEPOSU;DİLEK ANTALYA;8680001112647;TÜRKMEN ECZANESİ;SAMSUN DOGU ILCELER - 2;ACİDPASS;Acidpass 10/800/165 mg 12 Çiğneme Tablet;2;0;2;0
17.09.2026;DİLEK ECZA DEPOSU;DİLEK ANTALYA;8680001112647;TÜRKMEN ECZANESİ;SAMSUN DOGU ILCELER - 2;ACİDPASS;Acidpass 10/800/165 mg 12 Çiğneme Tablet;2;0;2;0
18.09.2026;DİLEK ECZA DEPOSU;DİLEK ANTALYA;8680001131259;USLU ECZANESİ;SAMSUN ILKADIM - 2;ACİDPASS;Acidpass 10/800/165 mg 12 Çiğneme Tablet;2;0;2;0
21.09.2026;DİLEK ECZA DEPOSU;DİLEK ANTALYA;8680001112647;TÜRKMEN ECZANESİ;SAMSUN DOGU ILCELER - 2;ACİDPASS;Acidpass 10/800/165 mg 12 Çiğneme Tablet;2;0;2;0
21.09.2026;DİLEK ECZA DEPOSU;DİLEK ANTALYA;8680001117963;KADIFEKALE ECZANESİ;SAMSUN ILKADIM - 2;ACİDPASS;Acidpass 10/800/165 mg 12 Çiğneme Tablet;28;4;32;0
23.09.2026;DİLEK ECZA DEPOSU;DİLEK ANTALYA;8680001108640;ÖZDEMİR ECZANESİ;SAMSUN RASATHANE;ACİDPASS;Acidpass 10/800/165 mg 12 Çiğneme Tablet;3;0;3;0
25.09.2026;DİLEK ECZA DEPOSU;DİLEK ANTALYA;8680001104628;CAN ECZANESİ;SAMSUN ATAKENT+19 MAYIS;ACİDPASS;Acidpass 10/800/165 mg 12 Çiğneme Tablet;10;1;11;0
25.09.2026;DİLEK ECZA DEPOSU;DİLEK ANTALYA;8680001131259;USLU ECZANESİ;SAMSUN ILKADIM - 2;ACİDPASS;Acidpass 10/800/165 mg 12 Çiğneme Tablet;1;0;1;0
28.09.2026;DİLEK ECZA DEPOSU;DİLEK ANTALYA;8680001116072;MEDİS ECZANESİ;SAMSUN ADALET;ACİDPASS;Acidpass 10/800/165 mg 12 Çiğneme Tablet;27;4;31;0
29.09.2026;DİLEK ECZA DEPOSU;DİLEK ANTALYA;8680001108091;GÜMENEZ ECZANESİ;SAMSUN ALACAM+YAKAKENT;ACİDPASS;Acidpass 10/800/165 mg 12 Çiğneme Tablet;10;1;11;0
04.09.2026;DİLEK ECZA DEPOSU;DİLEK ANTALYA;8680001137152;SU ECZANESİ;SAMSUN ADALET;ACİDPASS;Acidpass 10/800/165 mg 12 Çiğneme Tablet;-150;-60;-210;-60
28.09.2026;DİLEK ECZA DEPOSU;DİLEK ANTALYA;8680001446223;AKALIN ECZANESİ;SAMSUN TERME;FAMTREC;Famtrec 800/26,6mg 14 Film Kaplı Tablet;5;1;6;0
08.09.2026;DİLEK ECZA DEPOSU;DİLEK ANTALYA;8680001108091;GÜMENEZ ECZANESİ;SAMSUN ALACAM+YAKAKENT;GRİPORT COLD;Griport Cold 20 Film Kaplı Tablet;7;1;8;0
21.09.2026;DİLEK ECZA DEPOSU;DİLEK ANTALYA;8680001137152;SU ECZANESİ;SAMSUN ADALET;GRİPORT COLD;Griport Cold 20 Film Kaplı Tablet;1;0;1;0
23.09.2026;DİLEK ECZA DEPOSU;DİLEK ANTALYA;8680001110377;SELCAN ECZANESİ;SAMSUN BAFRA;GRİPORT COLD;Griport Cold 20 Film Kaplı Tablet;12;3;15;0
25.09.2026;DİLEK ECZA DEPOSU;DİLEK ANTALYA;8680001493111;LİMAN ECZANESİ;SAMSUN ATAKUM;GRİPORT COLD;Griport Cold 20 Film Kaplı Tablet;7;1;8;0
28.09.2026;DİLEK ECZA DEPOSU;DİLEK ANTALYA;8680001110377;SELCAN ECZANESİ;SAMSUN BAFRA;GRİPORT COLD;Griport Cold 20 Film Kaplı Tablet;12;3;15;0
28.09.2026;DİLEK ECZA DEPOSU;DİLEK ANTALYA;8680001493111;LİMAN ECZANESİ;SAMSUN ATAKUM;GRİPORT COLD;Griport Cold 20 Film Kaplı Tablet;7;1;8;0
16.09.2026;DİLEK ECZA DEPOSU;DİLEK ANTALYA;8680001605620;ELMAS ECZANESI;SAMSUN TERME;MOKSEFEN;Moksefen 400 mg 7 Film Tablet;20;10;30;0
22.09.2026;DİLEK ECZA DEPOSU;DİLEK ANTALYA;8680001145690;ŞİFA ECZANESİ;SAMSUN ALACAM+YAKAKENT;MOKSEFEN;Moksefen 400 mg 7 Film Tablet;5;1;6;0
23.09.2026;DİLEK ECZA DEPOSU;DİLEK ANTALYA;8680001669196;BATUR ECZANESİ;SAMSUN ATAKENT+19 MAYIS;MOKSEFEN;Moksefen 400 mg 7 Film Tablet;2;0;2;0
09.09.2026;DİLEK ECZA DEPOSU;DİLEK ANTALYA;8680001114313;EFE ECZANESİ;SAMSUN ADALET;PANOCER;Panocer 40 mg 28 Enterik Kaplı Tablet;10;3;13;0
14.09.2026;DİLEK ECZA DEPOSU;DİLEK ANTALYA;8680001112647;TÜRKMEN ECZANESİ;SAMSUN DOGU ILCELER - 2;PANOCER;Panocer 40 mg 28 Enterik Kaplı Tablet;10;3;13;0
16.09.2026;DİLEK ECZA DEPOSU;DİLEK ANTALYA;8680001483242;ÇAKIRLAR ECZANESİ;SAMSUN ATAKENT+19 MAYIS;PANOCER;Panocer 40 mg 28 Enterik Kaplı Tablet;165;135;300;0
17.09.2026;DİLEK ECZA DEPOSU;DİLEK ANTALYA;8680001422784;SAĞLIK ECZANESİ;SAMSUN TERME;PANOCER;Panocer 40 mg 28 Enterik Kaplı Tablet;168;137;305;0
18.09.2026;DİLEK ECZA DEPOSU;DİLEK ANTALYA;8680001144198;ÇAĞDAŞ ECZANESİ;SAMSUN DOGU ILCELER - 2;PANOCER;Panocer 40 mg 28 Enterik Kaplı Tablet;50;25;75;0
18.09.2026;DİLEK ECZA DEPOSU;DİLEK ANTALYA;8680001127153;SARAY ECZANESİ;SAMSUN TERME;PANOCER;Panocer 40 mg 28 Enterik Kaplı Tablet;10;3;13;0
01.09.2026;DİLEK ECZA DEPOSU;DİLEK ANTALYA;8680001131259;USLU ECZANESİ;SAMSUN ILKADIM - 2;ACİDPASS;Acidpass 10/800/165 mg 12 Çiğneme Tablet;1;0;1;0
18.09.2026;NEVZAT ECZA DEPOSU;NEVZAT TRABZON;8680001200191;ÖZDEMİR ECZANESİ;GIRESUN BULANCAK+PIRAZIZ;ACİDPASS;Acidpass 10/800/165 mg 12 Çiğneme Tablet;10;1;11;0
20.09.2026;NEVZAT ECZA DEPOSU;NEVZAT TRABZON;8680001408344;ÇAĞLAR ECZANESİ;TRABZON MERKEZ -3;PANOCER;Panocer 40 mg 28 Enterik Kaplı Tablet;10;3;13;0
21.09.2026;NEVZAT ECZA DEPOSU;NEVZAT TRABZON;8680001205608;DİLEK ECZANESİ;TRABZON MERKEZ -1;ACİDPASS;Acidpass 10/800/165 mg 6 Çiğneme Tablet;2;0;2;0
21.09.2026;NEVZAT ECZA DEPOSU;NEVZAT TRABZON;8680001252404;SİBEL ECZANESİ;TRABZON MERKEZ -4;MOKSEFEN;Moksefen 400 mg 7 Film Tablet;1;0;1;0
21.09.2026;NEVZAT ECZA DEPOSU;NEVZAT TRABZON;8680001292448;ÇAMAŞ ECZANESİ;ORDU GUNEY ILCELER -1;MOKSEFEN;Moksefen 400 mg 7 Film Tablet;5;1;6;0
22.09.2026;NEVZAT ECZA DEPOSU;NEVZAT TRABZON;8680001238552;ERDOĞDU ECZANESİ;TRABZON MERKEZ -1;MOKSEFEN;Moksefen 400 mg 7 Film Tablet;5;1;6;0
22.09.2026;NEVZAT ECZA DEPOSU;NEVZAT TRABZON;8680001485406;MEDEA ECZANESİ;ARTVIN KUZEY ILCELER;PANOCER;Panocer 40 mg 28 Enterik Kaplı Tablet;10;3;13;0
22.09.2026;NEVZAT ECZA DEPOSU;NEVZAT TRABZON;8680001432790;MERKEZ ECZANESI;TRABZON DOGU ILCELER - 2;ACİDPASS;Acidpass 10/800/165 mg 12 Çiğneme Tablet;5;0;5;0
22.09.2026;NEVZAT ECZA DEPOSU;NEVZAT TRABZON;8680001454020;DEVA ECZANESİ;GIRESUN BULANCAK+PIRAZIZ;PANOCER;Panocer 40 mg 28 Enterik Kaplı Tablet;10;3;13;0
22.09.2026;NEVZAT ECZA DEPOSU;NEVZAT TRABZON;8680001166107;KOÇAK ECZANESİ;ORDU MERKEZ -3;FAMTREC;Famtrec 800/26,6mg 30 Film Kaplı Tablet;1;0;1;0
22.09.2026;NEVZAT ECZA DEPOSU;NEVZAT TRABZON;8680001383290;BOŞCU ECZANESİ;ORDU UNYE;GRİPORT COLD;Griport Cold 20 Film Kaplı Tablet;40;20;60;0
22.09.2026;NEVZAT ECZA DEPOSU;NEVZAT TRABZON;8680001147434;KUYUMCUOĞLU ECZANESİ;ORDU UNYE;ACİDPASS;Acidpass 10/800/165 mg 12 Çiğneme Tablet;3;0;3;0
23.09.2026;NEVZAT ECZA DEPOSU;NEVZAT TRABZON;8680001274086;OKAN ECZANESİ;TRABZON BATI ILCELER - 2;PANOCER;Panocer 40 mg 28 Enterik Kaplı Tablet;10;3;13;0
23.09.2026;NEVZAT ECZA DEPOSU;NEVZAT TRABZON;8680001467402;BİZİM ECZANESİ;RIZE DOGU ILCELER;ACİDPASS;Acidpass 10/800/165 mg 6 Çiğneme Tablet;3;0;3;0
23.09.2026;NEVZAT ECZA DEPOSU;NEVZAT TRABZON;8680001277254;ÖLÇEK ECZANESİ;ORDU FATSA;PANOCER;Panocer 40 mg 28 Enterik Kaplı Tablet;10;3;13;0
23.09.2026;NEVZAT ECZA DEPOSU;NEVZAT TRABZON;8680001277254;ÖLÇEK ECZANESİ;ORDU FATSA;ACİDPASS;Acidpass 10/800/165 mg 12 Çiğneme Tablet;2;0;2;0
23.09.2026;NEVZAT ECZA DEPOSU;NEVZAT TRABZON;8680001435852;TÜRKMENLER ECZANESİ;ORDU MERKEZ -3;FAMTREC;Famtrec 800/26,6mg 30 Film Kaplı Tablet;1;0;1;0
23.09.2026;NEVZAT ECZA DEPOSU;NEVZAT TRABZON;8680001200191;ÖZDEMİR ECZANESİ;GIRESUN BULANCAK+PIRAZIZ;MOKSEFEN;Moksefen 400 mg 7 Film Tablet;10;3;13;0
23.09.2026;NEVZAT ECZA DEPOSU;NEVZAT TRABZON;8680001485420;HÜRRİYET ECZANESİ;TRABZON DOGU ILCELER - 2;ACİDPASS;Acidpass 10/800/165 mg 12 Çiğneme Tablet;1;0;1;0
23.09.2026;NEVZAT ECZA DEPOSU;NEVZAT TRABZON;8680001518876;EMRE ECZANESİ;GIRESUN MERKEZ -2;PANOCER;Panocer 40 mg 28 Enterik Kaplı Tablet;10;3;13;0
24.09.2026;NEVZAT ECZA DEPOSU;NEVZAT TRABZON;8680001254347;ALİBEYOĞLU ECZANESİ;TRABZON MERKEZ -3;GRİPORT COLD;Griport Cold 20 Film Kaplı Tablet;2;0;2;0
24.09.2026;NEVZAT ECZA DEPOSU;NEVZAT TRABZON;8680001274154;ÇİĞDEM ECZANESİ;TRABZON BATI ILCELER - 2;PANOCER;Panocer 40 mg 28 Enterik Kaplı Tablet;10;3;13;0
24.09.2026;NEVZAT ECZA DEPOSU;NEVZAT TRABZON;8680001661893;SIHHAT ECZANESİ;TRABZON AKCAABAT;FAMTREC;Famtrec 800/26,6mg 30 Film Kaplı Tablet;2;0;2;0
24.09.2026;NEVZAT ECZA DEPOSU;NEVZAT TRABZON;8680001274567;KAYA ECZANESİ;TRABZON DUZKOY+MACKA;GRİPORT COLD;Griport Cold 20 Film Kaplı Tablet;2;0;2;0
24.09.2026;NEVZAT ECZA DEPOSU;NEVZAT TRABZON;8680001272778;ZAMAN ECZANESİ;TRABZON MERKEZ -1;MOKSEFEN;Moksefen 400 mg 7 Film Tablet;10;3;13;0
24.09.2026;NEVZAT ECZA DEPOSU;NEVZAT TRABZON;8680001522064;ARSLAN ECZANESİ;ORDU MERKEZ -3;FAMTREC;Famtrec 800/26,6mg 30 Film Kaplı Tablet;1;0;1;0
24.09.2026;NEVZAT ECZA DEPOSU;NEVZAT TRABZON;8680001292448;ÇAMAŞ ECZANESİ;ORDU GUNEY ILCELER -1;GRİPORT COLD;Griport Cold 20 Film Kaplı Tablet;1;0;1;0
25.09.2026;NEVZAT ECZA DEPOSU;NEVZAT TRABZON;8680001256853;VANDAN ECZANESİ;TRABZON MERKEZ -2;GRİPORT COLD;Griport Cold 20 Film Kaplı Tablet;7;1;8;0
25.09.2026;NEVZAT ECZA DEPOSU;NEVZAT TRABZON;8680001292448;ÇAMAŞ ECZANESİ;ORDU GUNEY ILCELER -1;GRİPORT COLD;Griport Cold 20 Film Kaplı Tablet;2;0;2;0
25.09.2026;NEVZAT ECZA DEPOSU;NEVZAT TRABZON;8680001370030;ÇELİK ECZANESİ;ORDU UNYE;GRİPORT COLD;Griport Cold 20 Film Kaplı Tablet;12;3;15;0
25.09.2026;NEVZAT ECZA DEPOSU;NEVZAT TRABZON;8680001148233;ÇELENK ECZANESİ;ORDU MERKEZ -1;GRİPORT COLD;Griport Cold 20 Film Kaplı Tablet;1;0;1;0
26.09.2026;NEVZAT ECZA DEPOSU;NEVZAT TRABZON;8680001188420;SAĞLIK ECZANESİ;ORDU MERKEZ -2;PANOCER;Panocer 40 mg 28 Enterik Kaplı Tablet;3;0;3;0
28.09.2026;NEVZAT ECZA DEPOSU;NEVZAT TRABZON;8680001266432;ŞİFA ECZANESİ;TRABZON MERKEZ -1;PANOCER;Panocer 40 mg 28 Enterik Kaplı Tablet;10;3;13;0
28.09.2026;NEVZAT ECZA DEPOSU;NEVZAT TRABZON;8680001187621;PELİN ECZANESİ;ORDU MERKEZ -1;ACİDPASS;Acidpass 10/800/165 mg 6 Çiğneme Tablet;2;0;2;0
28.09.2026;NEVZAT ECZA DEPOSU;NEVZAT TRABZON;8680001200191;ÖZDEMİR ECZANESİ;GIRESUN BULANCAK+PIRAZIZ;PANOCER;Panocer 40 mg 28 Enterik Kaplı Tablet;10;3;13;0
28.09.2026;NEVZAT ECZA DEPOSU;NEVZAT TRABZON;8680001435852;TÜRKMENLER ECZANESİ;ORDU MERKEZ -3;FAMTREC;Famtrec 800/26,6mg 30 Film Kaplı Tablet;2;0;2;0
28.09.2026;NEVZAT ECZA DEPOSU;NEVZAT TRABZON;8680001233953;YAMANER ECZANESİ;ORDU UNYE;MOKSEFEN;Moksefen 400 mg 7 Film Tablet;1;0;1;0
28.09.2026;NEVZAT ECZA DEPOSU;NEVZAT TRABZON;8680001454020;DEVA ECZANESİ;GIRESUN BULANCAK+PIRAZIZ;GRİPORT COLD;Griport Cold 20 Film Kaplı Tablet;2;0;2;0
29.09.2026;NEVZAT ECZA DEPOSU;NEVZAT TRABZON;8680001254347;ALİBEYOĞLU ECZANESİ;TRABZON MERKEZ -3;GRİPORT COLD;Griport Cold 20 Film Kaplı Tablet;1;0;1;0
29.09.2026;NEVZAT ECZA DEPOSU;NEVZAT TRABZON;8680001411962;ŞÜKRAN ECZANESİ;GIRESUN DOGU ILCELER -2;PANOCER;Panocer 40 mg 28 Enterik Kaplı Tablet;10;3;13;0
29.09.2026;NEVZAT ECZA DEPOSU;NEVZAT TRABZON;8680001173051;BİLGİ ECZANESİ;GIRESUN MERKEZ -1;PANOCER;Panocer 40 mg 28 Enterik Kaplı Tablet;10;3;13;0
29.09.2026;NEVZAT ECZA DEPOSU;NEVZAT TRABZON;8680001467402;BİZİM ECZANESİ;RIZE DOGU ILCELER;ACİDPASS;Acidpass 10/800/165 mg 6 Çiğneme Tablet;2;0;2;0
30.09.2026;NEVZAT ECZA DEPOSU;NEVZAT TRABZON;8680001262496;DEVA ECZANESİ;TRABZON DOGU ILCELER - 2;PANOCER;Panocer 40 mg 28 Enterik Kaplı Tablet;30;12;42;0
01.09.2026;NEVZAT ECZA DEPOSU;NEVZAT TRABZON;8680001268399;BACIOĞLU ECZANESİ;TRABZON DOGU ILCELER - 2;PANOCER;Panocer 40 mg 28 Enterik Kaplı Tablet;100;60;160;0
01.09.2026;NEVZAT ECZA DEPOSU;NEVZAT TRABZON;8680001130917;PAZAR ECZANESİ;RIZE DOGU ILCELER;ACİDPASS;Acidpass 10/800/165 mg 12 Çiğneme Tablet;20;3;23;0
01.09.2026;NEVZAT ECZA DEPOSU;NEVZAT TRABZON;8680001277537;SENA ECZANESİ;ORDU FATSA;ACİDPASS;Acidpass 10/800/165 mg 12 Çiğneme Tablet;3;0;3;0
01.09.2026;NEVZAT ECZA DEPOSU;NEVZAT TRABZON;8680001216772;ORTAHİSAR ECZANESİ;TRABZON MERKEZ -2;PANOCER;Panocer 40 mg 28 Enterik Kaplı Tablet;10;3;13;0
01.09.2026;NEVZAT ECZA DEPOSU;NEVZAT TRABZON;8680001447992;EMİR ECZANESİ;ORDU GUNEY ILCELER -1;GRİPORT COLD;Griport Cold 20 Film Kaplı Tablet;12;3;15;0
01.09.2026;NEVZAT ECZA DEPOSU;NEVZAT TRABZON;8680001148097;CANTÜRK ECZANESİ;ORDU BATI ILCELER;PANOCER;Panocer 40 mg 28 Enterik Kaplı Tablet;3;0;3;0
02.09.2026;NEVZAT ECZA DEPOSU;NEVZAT TRABZON;8680001275779;SEBAT ECZANESİ;TRABZON AKCAABAT;FAMTREC;Famtrec 800/26,6mg 14 Film Kaplı Tablet;1;0;1;0
02.09.2026;NEVZAT ECZA DEPOSU;NEVZAT TRABZON;8680001415298;ÖZNUR ECZANESİ;TRABZON AKCAABAT;FAMTREC;Famtrec 800/26,6mg 14 Film Kaplı Tablet;1;0;1;0
02.09.2026;NEVZAT ECZA DEPOSU;NEVZAT TRABZON;8680001254347;ALİBEYOĞLU ECZANESİ;TRABZON MERKEZ -3;MOKSEFEN;Moksefen 400 mg 7 Film Tablet;5;1;6;0
02.09.2026;NEVZAT ECZA DEPOSU;NEVZAT TRABZON;8680001251162;GÖKHAN ECZANESİ;TRABZON AKCAABAT;FAMTREC;Famtrec 800/26,6mg 14 Film Kaplı Tablet;1;0;1;0
02.09.2026;NEVZAT ECZA DEPOSU;NEVZAT TRABZON;8680001268399;BACIOĞLU ECZANESİ;TRABZON DOGU ILCELER - 2;ACİDPASS;Acidpass 10/800/165 mg 12 Çiğneme Tablet;20;3;23;0
02.09.2026;NEVZAT ECZA DEPOSU;NEVZAT TRABZON;8680001658428;CEM ECZANESİ;GIRESUN MERKEZ -2;ACİDPASS;Acidpass 10/800/165 mg 12 Çiğneme Tablet;20;3;23;0
02.09.2026;NEVZAT ECZA DEPOSU;NEVZAT TRABZON;8680001167647;DUROĞLU ECZANESİ;GIRESUN MERKEZ -2;MOKSEFEN;Moksefen 400 mg 7 Film Tablet;50;35;85;0
02.09.2026;NEVZAT ECZA DEPOSU;NEVZAT TRABZON;8680001156443;ESRA ECZANESİ;ORDU FATSA;FAMTREC;Famtrec 800/26,6mg 14 Film Kaplı Tablet;7;1;8;0
02.09.2026;NEVZAT ECZA DEPOSU;NEVZAT TRABZON;8680001436590;BİZİM ECZANESİ;ORDU GUNEY ILCELER -1;GRİPORT COLD;Griport Cold 20 Film Kaplı Tablet;7;1;8;0
02.09.2026;NEVZAT ECZA DEPOSU;NEVZAT TRABZON;8680001148097;CANTÜRK ECZANESİ;ORDU BATI ILCELER;ACİDPASS;Acidpass 10/800/165 mg 12 Çiğneme Tablet;2;0;2;0
03.09.2026;NEVZAT ECZA DEPOSU;NEVZAT TRABZON;8680001275779;SEBAT ECZANESİ;TRABZON AKCAABAT;FAMTREC;Famtrec 800/26,6mg 14 Film Kaplı Tablet;2;0;2;0
03.09.2026;NEVZAT ECZA DEPOSU;NEVZAT TRABZON;8680001432790;MERKEZ ECZANESI;TRABZON DOGU ILCELER - 2;GRİPORT COLD;Griport Cold 20 Film Kaplı Tablet;1;0;1;0
03.09.2026;NEVZAT ECZA DEPOSU;NEVZAT TRABZON;8680001445363;EBRU ECZANESİ;TRABZON MERKEZ -1;ACİDPASS;Acidpass 10/800/165 mg 12 Çiğneme Tablet;2;0;2;0
03.09.2026;NEVZAT ECZA DEPOSU;NEVZAT TRABZON;8680001199372;TALİP ECZANESİ;TRABZON AKCAABAT;FAMTREC;Famtrec 800/26,6mg 14 Film Kaplı Tablet;2;0;2;0
03.09.2026;NEVZAT ECZA DEPOSU;NEVZAT TRABZON;8680001188666;SAĞLIK ECZANESİ;ORDU GUNEY ILCELER -1;ACİDPASS;Acidpass 10/800/165 mg 12 Çiğneme Tablet;100;35;135;0
03.09.2026;NEVZAT ECZA DEPOSU;NEVZAT TRABZON;8680001166251;BULANCAK ECZANESİ;GIRESUN BULANCAK+PIRAZIZ;GRİPORT COLD;Griport Cold 20 Film Kaplı Tablet;7;1;8;0
01.09.2026;NEVZAT ECZA DEPOSU;NEVZAT TRABZON;8680001236237;ANADOLU ECZANESİ;TRABZON DUZKOY+MACKA;GRİPORT COLD;Griport Cold 20 Film Kaplı Tablet;7;1;8;0
01.09.2026;NEVZAT ECZA DEPOSU;NEVZAT TRABZON;8680001625697;KANUNİ ECZANESİ;TRABZON DOGU ILCELER - 2;ACİDPASS;Acidpass 10/800/165 mg 12 Çiğneme Tablet;3;0;3;0
01.09.2026;NEVZAT ECZA DEPOSU;NEVZAT TRABZON;8680001199372;TALİP ECZANESİ;TRABZON AKCAABAT;ACİDPASS;Acidpass 10/800/165 mg 6 Çiğneme Tablet;4;0;4;0
01.09.2026;NEVZAT ECZA DEPOSU;NEVZAT TRABZON;8680001454020;DEVA ECZANESİ;GIRESUN BULANCAK+PIRAZIZ;PANOCER;Panocer 40 mg 28 Enterik Kaplı Tablet;10;3;13;0
01.09.2026;NEVZAT ECZA DEPOSU;NEVZAT TRABZON;8680001503995;UĞUR ECZANESİ;ORDU BATI ILCELER;PANOCER;Panocer 40 mg 28 Enterik Kaplı Tablet;10;3;13;0
03.09.2026;NEVZAT ECZA DEPOSU;NEVZAT TRABZON;8680001436590;BİZİM ECZANESİ;ORDU GUNEY ILCELER -1;FAMTREC;Famtrec 800/26,6mg 14 Film Kaplı Tablet;3;0;3;0
03.09.2026;NEVZAT ECZA DEPOSU;NEVZAT TRABZON;8680001277537;SENA ECZANESİ;ORDU FATSA;ACİDPASS;Acidpass 10/800/165 mg 12 Çiğneme Tablet;10;1;11;0
03.09.2026;NEVZAT ECZA DEPOSU;NEVZAT TRABZON;8680001188598;SAĞLIK ECZANESİ;ORDU DOGU ILCELER;GRİPORT COLD;Griport Cold 20 Film Kaplı Tablet;12;3;15;0
03.09.2026;NEVZAT ECZA DEPOSU;NEVZAT TRABZON;8680001233335;ÜMİT ECZANESİ;ORDU GUNEY ILCELER -1;ACİDPASS;Acidpass 10/800/165 mg 12 Çiğneme Tablet;50;15;65;0
04.09.2026;NEVZAT ECZA DEPOSU;NEVZAT TRABZON;8680001661893;SIHHAT ECZANESİ;TRABZON AKCAABAT;FAMTREC;Famtrec 800/26,6mg 14 Film Kaplı Tablet;3;0;3;0
04.09.2026;NEVZAT ECZA DEPOSU;NEVZAT TRABZON;8680001415298;ÖZNUR ECZANESİ;TRABZON AKCAABAT;FAMTREC;Famtrec 800/26,6mg 14 Film Kaplı Tablet;1;0;1;0
04.09.2026;NEVZAT ECZA DEPOSU;NEVZAT TRABZON;8680001661893;SIHHAT ECZANESİ;TRABZON AKCAABAT;FAMTREC;Famtrec 800/26,6mg 14 Film Kaplı Tablet;7;1;8;0
04.09.2026;NEVZAT ECZA DEPOSU;NEVZAT TRABZON;8680001260829;BURCU ECZANESİ;TRABZON DOGU ILCELER - 2;ACİDPASS;Acidpass 10/800/165 mg 12 Çiğneme Tablet;2;0;2;0
04.09.2026;NEVZAT ECZA DEPOSU;NEVZAT TRABZON;8680001233335;ÜMİT ECZANESİ;ORDU GUNEY ILCELER -1;MOKSEFEN;Moksefen 400 mg 7 Film Tablet;10;3;13;0
04.09.2026;NEVZAT ECZA DEPOSU;NEVZAT TRABZON;8680001147434;KUYUMCUOĞLU ECZANESİ;ORDU UNYE;GRİPORT COLD;Griport Cold 20 Film Kaplı Tablet;1;0;1;0
04.09.2026;NEVZAT ECZA DEPOSU;NEVZAT TRABZON;8680001292448;ÇAMAŞ ECZANESİ;ORDU GUNEY ILCELER -1;ACİDPASS;Acidpass 10/800/165 mg 12 Çiğneme Tablet;10;1;11;0
07.09.2026;NEVZAT ECZA DEPOSU;NEVZAT TRABZON;8680001485406;MEDEA ECZANESİ;ARTVIN KUZEY ILCELER;ACİDPASS;Acidpass 10/800/165 mg 12 Çiğneme Tablet;10;1;11;0
07.09.2026;NEVZAT ECZA DEPOSU;NEVZAT TRABZON;8680001432790;MERKEZ ECZANESI;TRABZON DOGU ILCELER - 2;GRİPORT COLD;Griport Cold 20 Film Kaplı Tablet;1;0;1;0
07.09.2026;NEVZAT ECZA DEPOSU;NEVZAT TRABZON;8680001431755;SEÇKİN ECZANESİ;TRABZON MERKEZ -1;FAMTREC;Famtrec 800/26,6mg 14 Film Kaplı Tablet;2;0;2;0
07.09.2026;NEVZAT ECZA DEPOSU;NEVZAT TRABZON;8680001528530;BİRİNCİ ECZANESİ;TRABZON MERKEZ -2;ACİDPASS;Acidpass 10/800/165 mg 12 Çiğneme Tablet;20;3;23;0
07.09.2026;NEVZAT ECZA DEPOSU;NEVZAT TRABZON;8680001436590;BİZİM ECZANESİ;ORDU GUNEY ILCELER -1;GRİPORT COLD;Griport Cold 20 Film Kaplı Tablet;12;3;15;0
07.09.2026;NEVZAT ECZA DEPOSU;NEVZAT TRABZON;8680001563258;MERT GERÇEKER ECZANESİ;ORDU MERKEZ -3;ACİDPASS;Acidpass 10/800/165 mg 12 Çiğneme Tablet;20;3;23;0
07.09.2026;NEVZAT ECZA DEPOSU;NEVZAT TRABZON;8680001156726;GERÇEKER ECZANESİ;ORDU UNYE;MOKSEFEN;Moksefen 400 mg 7 Film Tablet;5;1;6;0
07.09.2026;NEVZAT ECZA DEPOSU;NEVZAT TRABZON;8680001158423;HALK ECZANESİ;ORDU BATI ILCELER;GRİPORT COLD;Griport Cold 20 Film Kaplı Tablet;7;1;8;0
07.09.2026;NEVZAT ECZA DEPOSU;NEVZAT TRABZON;8680001447992;EMİR ECZANESİ;ORDU GUNEY ILCELER -1;FAMTREC;Famtrec 800/26,6mg 14 Film Kaplı Tablet;7;1;8;0
07.09.2026;NEVZAT ECZA DEPOSU;NEVZAT TRABZON;8680001147786;MERKEZ ECZANESI;ORDU UNYE;GRİPORT COLD;Griport Cold 20 Film Kaplı Tablet;2;0;2;0
08.09.2026;NEVZAT ECZA DEPOSU;NEVZAT TRABZON;8680001415298;ÖZNUR ECZANESİ;TRABZON AKCAABAT;FAMTREC;Famtrec 800/26,6mg 14 Film Kaplı Tablet;2;0;2;0
08.09.2026;NEVZAT ECZA DEPOSU;NEVZAT TRABZON;8680001213252;GÖNÜL ECZANESİ;TRABZON AKCAABAT;ACİDPASS;Acidpass 10/800/165 mg 12 Çiğneme Tablet;10;1;11;0
08.09.2026;NEVZAT ECZA DEPOSU;NEVZAT TRABZON;8680001141135;AHSEN ECZANESİ;ORDU UNYE;ACİDPASS;Acidpass 10/800/165 mg 12 Çiğneme Tablet;10;1;11;0
08.09.2026;NEVZAT ECZA DEPOSU;NEVZAT TRABZON;8680001200191;ÖZDEMİR ECZANESİ;GIRESUN BULANCAK+PIRAZIZ;FAMTREC;Famtrec 800/26,6mg 14 Film Kaplı Tablet;7;1;8;0
09.09.2026;NEVZAT ECZA DEPOSU;NEVZAT TRABZON;8680001225071;PARK ECZANESİ;TRABZON MERKEZ -4;ACİDPASS;Acidpass 10/800/165 mg 12 Çiğneme Tablet;10;1;11;0
09.09.2026;NEVZAT ECZA DEPOSU;NEVZAT TRABZON;8680001697632;İBRAHİM ECZANESİ;TRABZON MERKEZ -1;ACİDPASS;Acidpass 10/800/165 mg 12 Çiğneme Tablet;10;1;11;0
09.09.2026;NEVZAT ECZA DEPOSU;NEVZAT TRABZON;8680001230976;EDA ECZANESİ;TRABZON DOGU ILCELER - 2;MOKSEFEN;Moksefen 400 mg 7 Film Tablet;10;3;13;0
09.09.2026;NEVZAT ECZA DEPOSU;NEVZAT TRABZON;8680001200191;ÖZDEMİR ECZANESİ;GIRESUN BULANCAK+PIRAZIZ;ACİDPASS;Acidpass 10/800/165 mg 12 Çiğneme Tablet;10;1;11;0
10.09.2026;NEVZAT ECZA DEPOSU;NEVZAT TRABZON;8680001216772;ORTAHİSAR ECZANESİ;TRABZON MERKEZ -2;MOKSEFEN;Moksefen 400 mg 7 Film Tablet;5;1;6;0
10.09.2026;NEVZAT ECZA DEPOSU;NEVZAT TRABZON;8680001276219;SERRA NUR ECZANESİ;TRABZON MERKEZ -1;FAMTREC;Famtrec 800/26,6mg 14 Film Kaplı Tablet;3;0;3;0
10.09.2026;NEVZAT ECZA DEPOSU;NEVZAT TRABZON;8680001520213;ÜNİVERSİTE ECZANESİ;TRABZON MERKEZ -3;GRİPORT COLD;Griport Cold 20 Film Kaplı Tablet;20;5;25;0
10.09.2026;NEVZAT ECZA DEPOSU;NEVZAT TRABZON;8680001520213;ÜNİVERSİTE ECZANESİ;TRABZON MERKEZ -3;ACİDPASS;Acidpass 10/800/165 mg 12 Çiğneme Tablet;10;1;11;0
10.09.2026;NEVZAT ECZA DEPOSU;NEVZAT TRABZON;8680001255566;YENİ MAHALLE ECZANESİ;ORDU MERKEZ -1;ACİDPASS;Acidpass 10/800/165 mg 12 Çiğneme Tablet;50;15;65;0
10.09.2026;NEVZAT ECZA DEPOSU;NEVZAT TRABZON;8680001202584;ŞAN ECZANESİ;ORDU GUNEY ILCELER -1;FAMTREC;Famtrec 800/26,6mg 14 Film Kaplı Tablet;1;0;1;0
10.09.2026;NEVZAT ECZA DEPOSU;NEVZAT TRABZON;8680001188666;SAĞLIK ECZANESİ;ORDU GUNEY ILCELER -1;FAMTREC;Famtrec 800/26,6mg 30 Film Kaplı Tablet;10;0;10;0
10.09.2026;NEVZAT ECZA DEPOSU;NEVZAT TRABZON;8680001188666;SAĞLIK ECZANESİ;ORDU GUNEY ILCELER -1;FAMTREC;Famtrec 800/26,6mg 14 Film Kaplı Tablet;7;1;8;0
10.09.2026;NEVZAT ECZA DEPOSU;NEVZAT TRABZON;8680001447992;EMİR ECZANESİ;ORDU GUNEY ILCELER -1;FAMTREC;Famtrec 800/26,6mg 14 Film Kaplı Tablet;7;1;8;0
10.09.2026;NEVZAT ECZA DEPOSU;NEVZAT TRABZON;8680001385683;GÜVENAY ECZANESİ;ORDU UNYE;ACİDPASS;Acidpass 10/800/165 mg 12 Çiğneme Tablet;3;0;3;0
10.09.2026;NEVZAT ECZA DEPOSU;NEVZAT TRABZON;8680001428342;DOĞA ECZANESİ;ORDU MERKEZ -1;ACİDPASS;Acidpass 10/800/165 mg 12 Çiğneme Tablet;5;0;5;0
11.09.2026;NEVZAT ECZA DEPOSU;NEVZAT TRABZON;8680001262496;DEVA ECZANESİ;TRABZON DOGU ILCELER - 2;MOKSEFEN;Moksefen 400 mg 7 Film Tablet;20;10;30;0
11.09.2026;NEVZAT ECZA DEPOSU;NEVZAT TRABZON;8680001251162;GÖKHAN ECZANESİ;TRABZON AKCAABAT;FAMTREC;Famtrec 800/26,6mg 14 Film Kaplı Tablet;1;0;1;0
11.09.2026;NEVZAT ECZA DEPOSU;NEVZAT TRABZON;8680001224630;ŞİFA ECZANESİ;TRABZON DOGU ILCELER -1;ACİDPASS;Acidpass 10/800/165 mg 12 Çiğneme Tablet;3;0;3;0
11.09.2026;NEVZAT ECZA DEPOSU;NEVZAT TRABZON;8680001651641;İRFANLI ECZANESİ;TRABZON DOGU ILCELER -1;ACİDPASS;Acidpass 10/800/165 mg 12 Çiğneme Tablet;10;1;11;0
11.09.2026;NEVZAT ECZA DEPOSU;NEVZAT TRABZON;8680001148233;ÇELENK ECZANESİ;ORDU MERKEZ -1;ACİDPASS;Acidpass 10/800/165 mg 12 Çiğneme Tablet;3;0;3;0
11.09.2026;NEVZAT ECZA DEPOSU;NEVZAT TRABZON;8680001161119;KALE ECZANESİ;ORDU FATSA;ACİDPASS;Acidpass 10/800/165 mg 12 Çiğneme Tablet;2;0;2;0
11.09.2026;NEVZAT ECZA DEPOSU;NEVZAT TRABZON;8680001166251;BULANCAK ECZANESİ;GIRESUN BULANCAK+PIRAZIZ;ACİDPASS;Acidpass 10/800/165 mg 12 Çiğneme Tablet;10;1;11;0
11.09.2026;NEVZAT ECZA DEPOSU;NEVZAT TRABZON;8680001792269;BORA ECZANESI;ORDU MERKEZ -1;ACİDPASS;Acidpass 10/800/165 mg 12 Çiğneme Tablet;5;0;5;0
14.09.2026;NEVZAT ECZA DEPOSU;NEVZAT TRABZON;8680001254347;ALİBEYOĞLU ECZANESİ;TRABZON MERKEZ -3;ACİDPASS;Acidpass 10/800/165 mg 12 Çiğneme Tablet;2;0;2;0
14.09.2026;NEVZAT ECZA DEPOSU;NEVZAT TRABZON;8680001600267;UZUN ECZANESİ;ARTVIN KUZEY ILCELER;GRİPORT COLD;Griport Cold 20 Film Kaplı Tablet;7;1;8;0
14.09.2026;NEVZAT ECZA DEPOSU;NEVZAT TRABZON;8680001450756;EBRU ECZANESİ;GIRESUN MERKEZ -2;PANOCER;Panocer 40 mg 28 Enterik Kaplı Tablet;3;0;3;0
15.09.2026;NEVZAT ECZA DEPOSU;NEVZAT TRABZON;8680001520213;ÜNİVERSİTE ECZANESİ;TRABZON MERKEZ -3;GRİPORT COLD;Griport Cold 20 Film Kaplı Tablet;40;20;60;0
15.09.2026;NEVZAT ECZA DEPOSU;NEVZAT TRABZON;8680001199372;TALİP ECZANESİ;TRABZON AKCAABAT;GRİPORT COLD;Griport Cold 20 Film Kaplı Tablet;12;3;15;0
15.09.2026;NEVZAT ECZA DEPOSU;NEVZAT TRABZON;8680001625697;KANUNİ ECZANESİ;TRABZON DOGU ILCELER - 2;ACİDPASS;Acidpass 10/800/165 mg 12 Çiğneme Tablet;2;0;2;0
15.09.2026;NEVZAT ECZA DEPOSU;NEVZAT TRABZON;8680001198276;SAĞLIK ECZANESİ;TRABZON DOGU ILCELER -1;ACİDPASS;Acidpass 10/800/165 mg 12 Çiğneme Tablet;10;1;11;0
16.09.2026;NEVZAT ECZA DEPOSU;NEVZAT TRABZON;8680001600267;UZUN ECZANESİ;ARTVIN KUZEY ILCELER;GRİPORT COLD;Griport Cold 20 Film Kaplı Tablet;-7;-1;-8;-1
16.09.2026;NEVZAT ECZA DEPOSU;NEVZAT TRABZON;8680001625697;KANUNİ ECZANESİ;TRABZON DOGU ILCELER - 2;PANOCER;Panocer 40 mg 28 Enterik Kaplı Tablet;2;0;2;0
16.09.2026;NEVZAT ECZA DEPOSU;NEVZAT TRABZON;8680001274086;OKAN ECZANESİ;TRABZON BATI ILCELER - 2;ACİDPASS;Acidpass 10/800/165 mg 12 Çiğneme Tablet;3;0;3;0
16.09.2026;NEVZAT ECZA DEPOSU;NEVZAT TRABZON;8680001213252;GÖNÜL ECZANESİ;TRABZON AKCAABAT;GRİPORT COLD;Griport Cold 20 Film Kaplı Tablet;12;3;15;0
16.09.2026;NEVZAT ECZA DEPOSU;NEVZAT TRABZON;8680001278060;ERENLER ECZANESİ;TRABZON BATI ILCELER - 2;PANOCER;Panocer 40 mg 28 Enterik Kaplı Tablet;2;0;2;0
16.09.2026;NEVZAT ECZA DEPOSU;NEVZAT TRABZON;8680001277537;SENA ECZANESİ;ORDU FATSA;ACİDPASS;Acidpass 10/800/165 mg 6 Çiğneme Tablet;5;0;5;0
16.09.2026;NEVZAT ECZA DEPOSU;NEVZAT TRABZON;8680001233953;YAMANER ECZANESİ;ORDU UNYE;ACİDPASS;Acidpass 10/800/165 mg 12 Çiğneme Tablet;10;1;11;0
16.09.2026;NEVZAT ECZA DEPOSU;NEVZAT TRABZON;8680001147397;CAN ECZANESİ;ORDU UNYE;ACİDPASS;Acidpass 10/800/165 mg 12 Çiğneme Tablet;2;0;2;0
17.09.2026;NEVZAT ECZA DEPOSU;NEVZAT TRABZON;8680001647125;NİMET ECZANESİ;ORDU DOGU ILCELER;PANOCER;Panocer 40 mg 28 Enterik Kaplı Tablet;10;3;13;0
17.09.2026;NEVZAT ECZA DEPOSU;NEVZAT TRABZON;8680001130917;PAZAR ECZANESİ;RIZE DOGU ILCELER;PANOCER;Panocer 40 mg 28 Enterik Kaplı Tablet;10;3;13;0
17.09.2026;NEVZAT ECZA DEPOSU;NEVZAT TRABZON;8680001256853;VANDAN ECZANESİ;TRABZON MERKEZ -2;PANOCER;Panocer 40 mg 28 Enterik Kaplı Tablet;10;3;13;0
17.09.2026;NEVZAT ECZA DEPOSU;NEVZAT TRABZON;8680001276028;AYLA ECZANESİ;TRABZON MERKEZ -1;PANOCER;Panocer 40 mg 28 Enterik Kaplı Tablet;165;135;300;0
17.09.2026;NEVZAT ECZA DEPOSU;NEVZAT TRABZON;8680001202584;ŞAN ECZANESİ;ORDU GUNEY ILCELER -1;PANOCER;Panocer 40 mg 28 Enterik Kaplı Tablet;165;135;300;0
17.09.2026;NEVZAT ECZA DEPOSU;NEVZAT TRABZON;8680001432790;MERKEZ ECZANESI;TRABZON DOGU ILCELER - 2;PANOCER;Panocer 40 mg 28 Enterik Kaplı Tablet;10;3;13;0
17.09.2026;NEVZAT ECZA DEPOSU;NEVZAT TRABZON;8680001211777;KONAK ECZANESİ;GIRESUN DOGU ILCELER -2;ACİDPASS;Acidpass 10/800/165 mg 12 Çiğneme Tablet;10;1;11;0
17.09.2026;NEVZAT ECZA DEPOSU;NEVZAT TRABZON;8680001156443;ESRA ECZANESİ;ORDU FATSA;GRİPORT COLD;Griport Cold 20 Film Kaplı Tablet;7;1;8;0
18.09.2026;NEVZAT ECZA DEPOSU;NEVZAT TRABZON;8680001196739;EROL ECZANESİ;TRABZON MERKEZ -2;ACİDPASS;Acidpass 10/800/165 mg 12 Çiğneme Tablet;-6;-1;-7;-1
18.09.2026;NEVZAT ECZA DEPOSU;NEVZAT TRABZON;8680001274567;KAYA ECZANESİ;TRABZON DUZKOY+MACKA;ACİDPASS;Acidpass 10/800/165 mg 12 Çiğneme Tablet;3;0;3;0
18.09.2026;NEVZAT ECZA DEPOSU;NEVZAT TRABZON;8680001651641;İRFANLI ECZANESİ;TRABZON DOGU ILCELER -1;MOKSEFEN;Moksefen 400 mg 7 Film Tablet;10;3;13;0
18.09.2026;NEVZAT ECZA DEPOSU;NEVZAT TRABZON;8680001232444;ZÜMRÜT ECZANESİ;TRABZON MERKEZ -3;ACİDPASS;Acidpass 10/800/165 mg 12 Çiğneme Tablet;3;0;3;0
18.09.2026;NEVZAT ECZA DEPOSU;NEVZAT TRABZON;8680001224630;ŞİFA ECZANESİ;TRABZON DOGU ILCELER -1;ACİDPASS;Acidpass 10/800/165 mg 12 Çiğneme Tablet;10;1;11;0
18.09.2026;NEVZAT ECZA DEPOSU;NEVZAT TRABZON;8680001116195;YÜCEL ECZANESİ;RIZE DOGU ILCELER;ACİDPASS;Acidpass 10/800/165 mg 12 Çiğneme Tablet;20;3;23;0
02.09.2026;NEVZAT ECZA DEPOSU;NEVZAT SAMSUN;8680001156078;ESRA ECZANESİ;CORUM KARGI+OSMANCIK;MOKSEFEN;Moksefen 400 mg 7 Film Tablet;1;0;1;0
04.09.2026;NEVZAT ECZA DEPOSU;NEVZAT SAMSUN;8680001154005;SERDAROĞLU ECZANESİ;CORUM KUZEY ILCELER;MOKSEFEN;Moksefen 400 mg 7 Film Tablet;5;1;6;0
04.09.2026;NEVZAT ECZA DEPOSU;NEVZAT SAMSUN;8680001158256;DOĞA ECZANESİ;CORUM MERKEZ -3;MOKSEFEN;Moksefen 400 mg 7 Film Tablet;5;1;6;0
07.09.2026;NEVZAT ECZA DEPOSU;NEVZAT SAMSUN;8680001110803;MERKEZ ECZANESI;SAMSUN VEZIRKOPRU;MOKSEFEN;Moksefen 400 mg 7 Film Tablet;5;1;6;0
07.09.2026;NEVZAT ECZA DEPOSU;NEVZAT SAMSUN;8680001413812;EVREN ECZANESİ;AMASYA GOYNUCEK+TASOVA;MOKSEFEN;Moksefen 400 mg 7 Film Tablet;5;1;6;0
09.09.2026;NEVZAT ECZA DEPOSU;NEVZAT SAMSUN;8680001121182;YASEMİN ECZANESİ;AMASYA MERKEZ -2;MOKSEFEN;Moksefen 400 mg 7 Film Tablet;5;1;6;0
10.09.2026;NEVZAT ECZA DEPOSU;NEVZAT SAMSUN;8680001322312;50. YIL ECZANESİ;TOKAT DOGU ILCELER;MOKSEFEN;Moksefen 400 mg 7 Film Tablet;5;1;6;0
11.09.2026;NEVZAT ECZA DEPOSU;NEVZAT SAMSUN;8680001198665;ONUR ECZANESİ;TOKAT BATI ILCELER;MOKSEFEN;Moksefen 400 mg 7 Film Tablet;20;10;30;0
11.09.2026;NEVZAT ECZA DEPOSU;NEVZAT SAMSUN;8680001110544;TAŞKALE ECZANESİ;SAMSUN VEZIRKOPRU;MOKSEFEN;Moksefen 400 mg 7 Film Tablet;5;1;6;0
14.09.2026;NEVZAT ECZA DEPOSU;NEVZAT SAMSUN;8680001172993;KARDELEN ECZANESİ;SAMSUN CANIK;MOKSEFEN;Moksefen 400 mg 7 Film Tablet;5;1;6;0
15.09.2026;NEVZAT ECZA DEPOSU;NEVZAT SAMSUN;8680001110377;SELCAN ECZANESİ;SAMSUN BAFRA;MOKSEFEN;Moksefen 400 mg 7 Film Tablet;10;3;13;0
15.09.2026;NEVZAT ECZA DEPOSU;NEVZAT SAMSUN;8680001722259;YAMAN ECZANESİ;SAMSUN DOGU ILCELER;MOKSEFEN;Moksefen 400 mg 7 Film Tablet;5;1;6;0
16.09.2026;NEVZAT ECZA DEPOSU;NEVZAT SAMSUN;8680001518531;DAMLA ECZANESİ;SAMSUN ATAKENT+19 MAYIS;MOKSEFEN;Moksefen 400 mg 7 Film Tablet;5;1;6;0
16.09.2026;NEVZAT ECZA DEPOSU;NEVZAT SAMSUN;8680001413812;EVREN ECZANESİ;AMASYA GOYNUCEK+TASOVA;MOKSEFEN;Moksefen 400 mg 7 Film Tablet;10;5;15;0
16.09.2026;NEVZAT ECZA DEPOSU;NEVZAT SAMSUN;8680001413812;EVREN ECZANESİ;AMASYA GOYNUCEK+TASOVA;MOKSEFEN;Moksefen 400 mg 7 Film Tablet;10;5;15;0
20.09.2026;NEVZAT ECZA DEPOSU;NEVZAT SAMSUN;8680001108084;ONUR ECZANESİ;SAMSUN HAVZA+KAVAK+LADIK;MOKSEFEN;Moksefen 400 mg 7 Film Tablet;5;1;6;0
21.09.2026;NEVZAT ECZA DEPOSU;NEVZAT SAMSUN;8680001116393;ELİF ECZANESİ;SINOP MERKEZ;MOKSEFEN;Moksefen 400 mg 7 Film Tablet;5;1;6;0
21.09.2026;NEVZAT ECZA DEPOSU;NEVZAT SAMSUN;8680001156078;ESRA ECZANESİ;CORUM KARGI+OSMANCIK;MOKSEFEN;Moksefen 400 mg 7 Film Tablet;1;0;1;0
24.09.2026;NEVZAT ECZA DEPOSU;NEVZAT SAMSUN;8680001119813;DERMAN ECZANESİ;SAMSUN DOGU ILCELER - 2;MOKSEFEN;Moksefen 400 mg 7 Film Tablet;5;1;6;0
25.09.2026;NEVZAT ECZA DEPOSU;NEVZAT SAMSUN;8680001148837;VOLKAN ECZANESİ;CORUM MERKEZ -3;MOKSEFEN;Moksefen 400 mg 7 Film Tablet;10;3;13;0
28.09.2026;NEVZAT ECZA DEPOSU;NEVZAT SAMSUN;8680001637645;YENİ BEZGİNOĞLU ECZANESİ;CORUM MERKEZ -3;MOKSEFEN;Moksefen 400 mg 7 Film Tablet;5;1;6;0
29.09.2026;NEVZAT ECZA DEPOSU;NEVZAT SAMSUN;8680001688579;SÜNBÜLCÜ ECZANESİ;CORUM MERKEZ -3;MOKSEFEN;Moksefen 400 mg 7 Film Tablet;5;1;6;0
01.09.2026;NEVZAT ECZA DEPOSU;NEVZAT SAMSUN;8680001505159;MEDİPARK ECZANESİ;SAMSUN ATAKUM;PANOCER;Panocer 40 mg 28 Enterik Kaplı Tablet;10;3;13;0
01.09.2026;NEVZAT ECZA DEPOSU;NEVZAT SAMSUN;8680001156764;SEVDA ECZANESİ;CORUM MERKEZ -2;PANOCER;Panocer 40 mg 28 Enterik Kaplı Tablet;10;3;13;0
01.09.2026;NEVZAT ECZA DEPOSU;NEVZAT SAMSUN;8680001116799;EKİN ECZANESİ;SINOP DOGU-BATI ILCELER;PANOCER;Panocer 40 mg 28 Enterik Kaplı Tablet;50;25;75;0
01.09.2026;NEVZAT ECZA DEPOSU;NEVZAT SAMSUN;8680001413812;EVREN ECZANESİ;AMASYA GOYNUCEK+TASOVA;PANOCER;Panocer 40 mg 28 Enterik Kaplı Tablet;10;3;13;0
01.09.2026;NEVZAT ECZA DEPOSU;NEVZAT SAMSUN;8680001124657;KARSLIOĞLU ECZANESİ;SIVAS MERKEZ -2;PANOCER;Panocer 40 mg 28 Enterik Kaplı Tablet;50;25;75;0
01.09.2026;NEVZAT ECZA DEPOSU;NEVZAT SAMSUN;8680001156061;MERKEZ ECZANESI;CORUM KARGI+OSMANCIK;PANOCER;Panocer 40 mg 28 Enterik Kaplı Tablet;30;12;42;0
02.09.2026;NEVZAT ECZA DEPOSU;NEVZAT SAMSUN;8680001171934;TEKNECİ ECZANESİ;AMASYA MERZIFON;PANOCER;Panocer 40 mg 28 Enterik Kaplı Tablet;30;12;42;0
02.09.2026;NEVZAT ECZA DEPOSU;NEVZAT SAMSUN;8680001121595;TUNA ECZANESİ;SAMSUN BAFRA;PANOCER;Panocer 40 mg 28 Enterik Kaplı Tablet;10;3;13;0
02.09.2026;NEVZAT ECZA DEPOSU;NEVZAT SAMSUN;8680001118779;SABUNCU ECZANESİ;SAMSUN TERME;PANOCER;Panocer 40 mg 28 Enterik Kaplı Tablet;10;3;13;0
02.09.2026;NEVZAT ECZA DEPOSU;NEVZAT SAMSUN;8680001461233;GAZİ ÇATAK ECZANESİ;TOKAT MERKEZ -1;PANOCER;Panocer 40 mg 28 Enterik Kaplı Tablet;1;0;1;0
03.09.2026;NEVZAT ECZA DEPOSU;NEVZAT SAMSUN;8680001125999;ALAÇAM ECZANESİ;SAMSUN ALACAM+YAKAKENT;PANOCER;Panocer 40 mg 28 Enterik Kaplı Tablet;10;3;13;0
03.09.2026;NEVZAT ECZA DEPOSU;NEVZAT SAMSUN;8680001158553;ERMAN ECZANESİ;CORUM MERKEZ -1;PANOCER;Panocer 40 mg 28 Enterik Kaplı Tablet;3;0;3;0
03.09.2026;NEVZAT ECZA DEPOSU;NEVZAT SAMSUN;8680001187010;YALÇIN ECZANESİ;TOKAT DOGU ILCELER;PANOCER;Panocer 40 mg 28 Enterik Kaplı Tablet;10;3;13;0
04.09.2026;NEVZAT ECZA DEPOSU;NEVZAT SAMSUN;8680001573523;CIHAN ECZANESI;TOKAT MERKEZ -2;PANOCER;Panocer 40 mg 28 Enterik Kaplı Tablet;1;0;1;0
04.09.2026;NEVZAT ECZA DEPOSU;NEVZAT SAMSUN;8680001444359;EMRE ECZANESİ;TOKAT BATI ILCELER;PANOCER;Panocer 40 mg 28 Enterik Kaplı Tablet;50;25;75;0
07.09.2026;NEVZAT ECZA DEPOSU;NEVZAT SAMSUN;8680001479344;YEŞİLYURT ECZANESİ;TOKAT BATI ILCELER;PANOCER;Panocer 40 mg 28 Enterik Kaplı Tablet;10;3;13;0
07.09.2026;NEVZAT ECZA DEPOSU;NEVZAT SAMSUN;8680001115303;HAYAT ECZANESİ;SAMSUN BAFRA;PANOCER;Panocer 40 mg 28 Enterik Kaplı Tablet;8;0;8;0
08.09.2026;NEVZAT ECZA DEPOSU;NEVZAT SAMSUN;8680001655007;YENİ LİSE ECZANESİ;SAMSUN HURRIYET+ZAFER;PANOCER;Panocer 40 mg 28 Enterik Kaplı Tablet;2;0;2;0
08.09.2026;NEVZAT ECZA DEPOSU;NEVZAT SAMSUN;8680001169580;SAHİL ECZANESİ;AMASYA MERZIFON;PANOCER;Panocer 40 mg 28 Enterik Kaplı Tablet;4;0;4;0
11.09.2026;NEVZAT ECZA DEPOSU;NEVZAT SAMSUN;8680001145690;ŞİFA ECZANESİ;SAMSUN ALACAM+YAKAKENT;PANOCER;Panocer 40 mg 28 Enterik Kaplı Tablet;8;0;8;0
16.09.2026;NEVZAT ECZA DEPOSU;NEVZAT SAMSUN;8680001156061;MERKEZ ECZANESI;CORUM KARGI+OSMANCIK;PANOCER;Panocer 40 mg 28 Enterik Kaplı Tablet;30;12;42;0
17.09.2026;NEVZAT ECZA DEPOSU;NEVZAT SAMSUN;8680001123124;YAVUZ ECZANESİ;SINOP DOGU-BATI ILCELER;PANOCER;Panocer 40 mg 28 Enterik Kaplı Tablet;10;3;13;0
17.09.2026;NEVZAT ECZA DEPOSU;NEVZAT SAMSUN;8680001123209;SAHARA ECZANESİ;SAMSUN ADALET;PANOCER;Panocer 40 mg 28 Enterik Kaplı Tablet;10;3;13;0
17.09.2026;NEVZAT ECZA DEPOSU;NEVZAT SAMSUN;8680001179909;YENİ ECZANESİ;AMASYA MERZIFON;PANOCER;Panocer 40 mg 28 Enterik Kaplı Tablet;20;6;26;0
17.09.2026;NEVZAT ECZA DEPOSU;NEVZAT SAMSUN;8680001169740;SAĞLIK ECZANESİ;AMASYA MERZIFON;PANOCER;Panocer 40 mg 28 Enterik Kaplı Tablet;50;25;75;0
21.09.2026;NEVZAT ECZA DEPOSU;NEVZAT SAMSUN;8680001758326;KOZLUK ECZANESİ;SAMSUN TERME;PANOCER;Panocer 40 mg 28 Enterik Kaplı Tablet;30;12;42;0
21.09.2026;NEVZAT ECZA DEPOSU;NEVZAT SAMSUN;8680001166589;SORAL ECZANESİ;TOKAT MERKEZ -1;PANOCER;Panocer 40 mg 28 Enterik Kaplı Tablet;10;3;13;0
21.09.2026;NEVZAT ECZA DEPOSU;NEVZAT SAMSUN;8680001422357;MURAT ECZANESİ;TOKAT MERKEZ -2;PANOCER;Panocer 40 mg 28 Enterik Kaplı Tablet;30;12;42;0
21.09.2026;NEVZAT ECZA DEPOSU;NEVZAT SAMSUN;8680001444090;VİTAMİN ECZANESİ;TOKAT MERKEZ -1;PANOCER;Panocer 40 mg 28 Enterik Kaplı Tablet;165;135;300;0
21.09.2026;NEVZAT ECZA DEPOSU;NEVZAT SAMSUN;8680001733743;ECZANE İLGİ;TOKAT DOGU ILCELER;PANOCER;Panocer 40 mg 28 Enterik Kaplı Tablet;10;3;13;0
22.09.2026;NEVZAT ECZA DEPOSU;NEVZAT SAMSUN;8680001125999;ALAÇAM ECZANESİ;SAMSUN ALACAM+YAKAKENT;PANOCER;Panocer 40 mg 28 Enterik Kaplı Tablet;10;3;13;0
22.09.2026;NEVZAT ECZA DEPOSU;NEVZAT SAMSUN;8680001132492;BEREN ECZANESİ;TOKAT MERKEZ -1;PANOCER;Panocer 40 mg 28 Enterik Kaplı Tablet;10;3;13;0
22.09.2026;NEVZAT ECZA DEPOSU;NEVZAT SAMSUN;8680001156603;YÜKSEL ECZANESİ;CORUM KUZEY ILCELER;PANOCER;Panocer 40 mg 28 Enterik Kaplı Tablet;30;12;42;0
23.09.2026;NEVZAT ECZA DEPOSU;NEVZAT SAMSUN;8680001121595;TUNA ECZANESİ;SAMSUN BAFRA;PANOCER;Panocer 40 mg 28 Enterik Kaplı Tablet;10;3;13;0
23.09.2026;NEVZAT ECZA DEPOSU;NEVZAT SAMSUN;8680001479344;YEŞİLYURT ECZANESİ;TOKAT BATI ILCELER;PANOCER;Panocer 40 mg 28 Enterik Kaplı Tablet;10;3;13;0
23.09.2026;NEVZAT ECZA DEPOSU;NEVZAT SAMSUN;8680001110537;ÇELİK ECZANESİ;SAMSUN ADALET;PANOCER;Panocer 40 mg 28 Enterik Kaplı Tablet;10;3;13;0
24.09.2026;NEVZAT ECZA DEPOSU;NEVZAT SAMSUN;8680001346851;BULVAR ECZANESİ;SAMSUN BAFRA;PANOCER;Panocer 40 mg 28 Enterik Kaplı Tablet;5;0;5;0
24.09.2026;NEVZAT ECZA DEPOSU;NEVZAT SAMSUN;8680001197781;BURCU ECZANESİ;TOKAT ERBAA;PANOCER;Panocer 40 mg 28 Enterik Kaplı Tablet;10;3;13;0
24.09.2026;NEVZAT ECZA DEPOSU;NEVZAT SAMSUN;8680001158898;ÖMÜR ECZANESİ;AMASYA ILCELER;PANOCER;Panocer 40 mg 28 Enterik Kaplı Tablet;10;3;13;0
24.09.2026;NEVZAT ECZA DEPOSU;NEVZAT SAMSUN;8680001637645;YENİ BEZGİNOĞLU ECZANESİ;CORUM MERKEZ -3;PANOCER;Panocer 40 mg 28 Enterik Kaplı Tablet;30;12;42;0
24.09.2026;NEVZAT ECZA DEPOSU;NEVZAT SAMSUN;8680001169580;SAHİL ECZANESİ;AMASYA MERZIFON;PANOCER;Panocer 40 mg 28 Enterik Kaplı Tablet;2;0;2;0
25.09.2026;NEVZAT ECZA DEPOSU;NEVZAT SAMSUN;8680001714094;SAHİL ECZANESİ;SAMSUN ATAKENT+19 MAYIS;PANOCER;Panocer 40 mg 28 Enterik Kaplı Tablet;2;0;2;0
25.09.2026;NEVZAT ECZA DEPOSU;NEVZAT SAMSUN;8680001629794;ERİŞ ECZANESİ;TOKAT TURHAL;PANOCER;Panocer 40 mg 28 Enterik Kaplı Tablet;10;3;13;0
25.09.2026;NEVZAT ECZA DEPOSU;NEVZAT SAMSUN;8680001110667;ÜMİT ECZANESİ;SAMSUN ADALET;PANOCER;Panocer 40 mg 28 Enterik Kaplı Tablet;3;0;3;0
25.09.2026;NEVZAT ECZA DEPOSU;NEVZAT SAMSUN;8680001158553;ERMAN ECZANESİ;CORUM MERKEZ -1;PANOCER;Panocer 40 mg 28 Enterik Kaplı Tablet;10;3;13;0
28.09.2026;NEVZAT ECZA DEPOSU;NEVZAT SAMSUN;8680001396719;GÖKDERE ECZANESİ;TOKAT MERKEZ -1;PANOCER;Panocer 40 mg 28 Enterik Kaplı Tablet;30;12;42;0
28.09.2026;NEVZAT ECZA DEPOSU;NEVZAT SAMSUN;8680001733828;DERYA DENİZ ECZANESİ;TOKAT DOGU ILCELER;PANOCER;Panocer 40 mg 28 Enterik Kaplı Tablet;10;3;13;0
28.09.2026;NEVZAT ECZA DEPOSU;NEVZAT SAMSUN;8680001147403;ELİF ECZANESİ;CORUM MERKEZ -1;PANOCER;Panocer 40 mg 28 Enterik Kaplı Tablet;30;12;42;0
28.09.2026;NEVZAT ECZA DEPOSU;NEVZAT SAMSUN;8680001156009;ŞİFA ECZANESİ;CORUM KARGI+OSMANCIK;PANOCER;Panocer 40 mg 28 Enterik Kaplı Tablet;10;3;13;0
29.09.2026;NEVZAT ECZA DEPOSU;NEVZAT SAMSUN;8680001108091;GÜMENEZ ECZANESİ;SAMSUN ALACAM+YAKAKENT;PANOCER;Panocer 40 mg 28 Enterik Kaplı Tablet;10;3;13;0
29.09.2026;NEVZAT ECZA DEPOSU;NEVZAT SAMSUN;8680001573523;CIHAN ECZANESI;TOKAT MERKEZ -2;PANOCER;Panocer 40 mg 28 Enterik Kaplı Tablet;1;0;1;0
29.09.2026;NEVZAT ECZA DEPOSU;NEVZAT SAMSUN;8680001166589;SORAL ECZANESİ;TOKAT MERKEZ -1;PANOCER;Panocer 40 mg 28 Enterik Kaplı Tablet;10;3;13;0
29.09.2026;NEVZAT ECZA DEPOSU;NEVZAT SAMSUN;8680001179800;AKSOY ECZANESİ;TOKAT TURHAL;PANOCER;Panocer 40 mg 28 Enterik Kaplı Tablet;30;12;42;0
29.09.2026;NEVZAT ECZA DEPOSU;NEVZAT SAMSUN;8680001127412;AYDIN ECZANESI;SIVAS MERKEZ -2;PANOCER;Panocer 40 mg 28 Enterik Kaplı Tablet;60;30;90;0
30.09.2026;NEVZAT ECZA DEPOSU;NEVZAT SAMSUN;8680001110803;MERKEZ ECZANESI;SAMSUN VEZIRKOPRU;PANOCER;Panocer 40 mg 28 Enterik Kaplı Tablet;10;3;13;0
30.09.2026;NEVZAT ECZA DEPOSU;NEVZAT SAMSUN;8680001127269;VATAN ECZANESİ;SIVAS MERKEZ -2;PANOCER;Panocer 40 mg 28 Enterik Kaplı Tablet;30;12;42;0
30.09.2026;NEVZAT ECZA DEPOSU;NEVZAT SAMSUN;8680001153657;SİRKECİLER ECZANESİ;CORUM KUZEY ILCELER;PANOCER;Panocer 40 mg 28 Enterik Kaplı Tablet;10;3;13;0
30.09.2026;NEVZAT ECZA DEPOSU;NEVZAT SAMSUN;8680001158898;ÖMÜR ECZANESİ;AMASYA ILCELER;PANOCER;Panocer 40 mg 28 Enterik Kaplı Tablet;1;0;1;0
01.09.2026;NEVZAT ECZA DEPOSU;NEVZAT SAMSUN;8680001505159;MEDİPARK ECZANESİ;SAMSUN ATAKUM;ACİDPASS;Acidpass 10/800/165 mg 12 Çiğneme Tablet;2;0;2;0
01.09.2026;NEVZAT ECZA DEPOSU;NEVZAT SAMSUN;8680001144198;ÇAĞDAŞ ECZANESİ;SAMSUN DOGU ILCELER - 2;ACİDPASS;Acidpass 10/800/165 mg 12 Çiğneme Tablet;20;3;23;0
01.09.2026;NEVZAT ECZA DEPOSU;NEVZAT SAMSUN;8680001436453;DEFNE ECZANESİ;SAMSUN ATAKUM;ACİDPASS;Acidpass 10/800/165 mg 12 Çiğneme Tablet;10;1;11;0
01.09.2026;NEVZAT ECZA DEPOSU;NEVZAT SAMSUN;8680001108091;GÜMENEZ ECZANESİ;SAMSUN ALACAM+YAKAKENT;ACİDPASS;Acidpass 10/800/165 mg 12 Çiğneme Tablet;5;0;5;0
01.09.2026;NEVZAT ECZA DEPOSU;NEVZAT SAMSUN;8680001374786;İÇTEN ECZANESİ;SIVAS MERKEZ -2;ACİDPASS;Acidpass 10/800/165 mg 12 Çiğneme Tablet;150;60;210;0
01.09.2026;NEVZAT ECZA DEPOSU;NEVZAT SAMSUN;8680001108084;ONUR ECZANESİ;SAMSUN HAVZA+KAVAK+LADIK;ACİDPASS;Acidpass 10/800/165 mg 12 Çiğneme Tablet;10;1;11;0
01.09.2026;NEVZAT ECZA DEPOSU;NEVZAT SAMSUN;8680001170777;SARIER ECZANESİ;TOKAT MERKEZ -2;ACİDPASS;Acidpass 10/800/165 mg 12 Çiğneme Tablet;5;0;5;0
01.09.2026;NEVZAT ECZA DEPOSU;NEVZAT SAMSUN;8680001486854;ADIBELLİ ECZANESİ;TOKAT BATI ILCELER;ACİDPASS;Acidpass 10/800/165 mg 12 Çiğneme Tablet;20;3;23;0
01.09.2026;NEVZAT ECZA DEPOSU;NEVZAT SAMSUN;8680001108534;ORKİDE ORAN ECZANESİ;SAMSUN BAHCELIEVLER;ACİDPASS;Acidpass 10/800/165 mg 12 Çiğneme Tablet;10;1;11;0
01.09.2026;NEVZAT ECZA DEPOSU;NEVZAT SAMSUN;8680001171934;TEKNECİ ECZANESİ;AMASYA MERZIFON;ACİDPASS;Acidpass 10/800/165 mg 12 Çiğneme Tablet;20;3;23;0
01.09.2026;NEVZAT ECZA DEPOSU;NEVZAT SAMSUN;8680001124640;MADEN ECZANESİ;AMASYA MERKEZ -2;ACİDPASS;Acidpass 10/800/165 mg 12 Çiğneme Tablet;4;0;4;0
01.09.2026;NEVZAT ECZA DEPOSU;NEVZAT SAMSUN;8680001159581;GÜNEŞ ECZANESİ;CORUM MERKEZ -2;ACİDPASS;Acidpass 10/800/165 mg 12 Çiğneme Tablet;10;1;11;0
01.09.2026;NEVZAT ECZA DEPOSU;NEVZAT SAMSUN;8680001155705;HEKİMOĞLU ECZANESİ;CORUM GUNEYBATI ILCELER;ACİDPASS;Acidpass 10/800/165 mg 12 Çiğneme Tablet;20;3;23;0
01.09.2026;NEVZAT ECZA DEPOSU;NEVZAT SAMSUN;8680001121182;YASEMİN ECZANESİ;AMASYA MERKEZ -2;ACİDPASS;Acidpass 10/800/165 mg 12 Çiğneme Tablet;3;0;3;0
01.09.2026;NEVZAT ECZA DEPOSU;NEVZAT SAMSUN;8680001148202;AKMAN ECZANESİ;CORUM MERKEZ -2;ACİDPASS;Acidpass 10/800/165 mg 12 Çiğneme Tablet;20;3;23;0
02.09.2026;NEVZAT ECZA DEPOSU;NEVZAT SAMSUN;8680001346851;BULVAR ECZANESİ;SAMSUN BAFRA;ACİDPASS;Acidpass 10/800/165 mg 12 Çiğneme Tablet;5;0;5;0
02.09.2026;NEVZAT ECZA DEPOSU;NEVZAT SAMSUN;8680001137527;YENİ HASTANE ECZANESI;SAMSUN DOGU ILCELER - 2;ACİDPASS;Acidpass 10/800/165 mg 12 Çiğneme Tablet;10;1;11;0
02.09.2026;NEVZAT ECZA DEPOSU;NEVZAT SAMSUN;8680001538843;BARTU ECZANESİ;SAMSUN ATAKUM;ACİDPASS;Acidpass 10/800/165 mg 12 Çiğneme Tablet;10;1;11;0
02.09.2026;NEVZAT ECZA DEPOSU;NEVZAT SAMSUN;8680001137350;METİN ECZANESİ;SAMSUN DOGU ILCELER - 2;ACİDPASS;Acidpass 10/800/165 mg 12 Çiğneme Tablet;10;1;11;0
02.09.2026;NEVZAT ECZA DEPOSU;NEVZAT SAMSUN;8680001155477;SEVİNÇ ECZANESİ;CORUM MERKEZ -2;ACİDPASS;Acidpass 10/800/165 mg 12 Çiğneme Tablet;20;3;23;0
02.09.2026;NEVZAT ECZA DEPOSU;NEVZAT SAMSUN;8680001171781;MELEK ECZANESİ;TOKAT MERKEZ -1;ACİDPASS;Acidpass 10/800/165 mg 12 Çiğneme Tablet;10;1;11;0
03.09.2026;NEVZAT ECZA DEPOSU;NEVZAT SAMSUN;8680001113323;ALTINKAYA ECZANESİ;SAMSUN BAFRA;ACİDPASS;Acidpass 10/800/165 mg 12 Çiğneme Tablet;3;0;3;0
03.09.2026;NEVZAT ECZA DEPOSU;NEVZAT SAMSUN;8680001317516;TUĞLUOĞLU ECZANESİ;TOKAT BATI ILCELER;ACİDPASS;Acidpass 10/800/165 mg 12 Çiğneme Tablet;1;0;1;0
03.09.2026;NEVZAT ECZA DEPOSU;NEVZAT SAMSUN;8680001933426;CANSUYU ECZANESİ;TOKAT DOGU ILCELER;ACİDPASS;Acidpass 10/800/165 mg 12 Çiğneme Tablet;5;0;5;0
03.09.2026;NEVZAT ECZA DEPOSU;NEVZAT SAMSUN;8680001156764;SEVDA ECZANESİ;CORUM MERKEZ -2;ACİDPASS;Acidpass 10/800/165 mg 12 Çiğneme Tablet;20;3;23;0
04.09.2026;NEVZAT ECZA DEPOSU;NEVZAT SAMSUN;8680001197606;SELVİ ECZANESİ;TOKAT DOGU ILCELER;ACİDPASS;Acidpass 10/800/165 mg 12 Çiğneme Tablet;10;1;11;0
04.09.2026;NEVZAT ECZA DEPOSU;NEVZAT SAMSUN;8680001144983;GAZİLER ECZANESİ;SAMSUN PAZAR;ACİDPASS;Acidpass 10/800/165 mg 12 Çiğneme Tablet;20;3;23;0
04.09.2026;NEVZAT ECZA DEPOSU;NEVZAT SAMSUN;8680001422968;FUNDA ÜNAL ECZANESİ;CORUM KUZEY ILCELER;ACİDPASS;Acidpass 10/800/165 mg 12 Çiğneme Tablet;10;1;11;0
07.09.2026;NEVZAT ECZA DEPOSU;NEVZAT SAMSUN;8680001183128;ÇAĞRI ECZANESİ;TOKAT MERKEZ -2;ACİDPASS;Acidpass 10/800/165 mg 12 Çiğneme Tablet;2;0;2;0
07.09.2026;NEVZAT ECZA DEPOSU;NEVZAT SAMSUN;8680001170777;SARIER ECZANESİ;TOKAT MERKEZ -2;ACİDPASS;Acidpass 10/800/165 mg 12 Çiğneme Tablet;2;0;2;0
07.09.2026;NEVZAT ECZA DEPOSU;NEVZAT SAMSUN;8680001182732;FAZİLET ECZANESİ;TOKAT TURHAL;ACİDPASS;Acidpass 10/800/165 mg 12 Çiğneme Tablet;2;0;2;0
07.09.2026;NEVZAT ECZA DEPOSU;NEVZAT SAMSUN;8680001158553;ERMAN ECZANESİ;CORUM MERKEZ -1;ACİDPASS;Acidpass 10/800/165 mg 12 Çiğneme Tablet;2;0;2;0
08.09.2026;NEVZAT ECZA DEPOSU;NEVZAT SAMSUN;8680001465163;GÜNDAY ECZANESİ;SAMSUN BAFRA;ACİDPASS;Acidpass 10/800/165 mg 12 Çiğneme Tablet;10;1;11;0
08.09.2026;NEVZAT ECZA DEPOSU;NEVZAT SAMSUN;8680001109777;MELTEM ECZANESİ;SAMSUN ATAKENT+19 MAYIS;ACİDPASS;Acidpass 10/800/165 mg 12 Çiğneme Tablet;10;1;11;0
08.09.2026;NEVZAT ECZA DEPOSU;NEVZAT SAMSUN;8680001175123;SABUNCUOĞLU ECZANESİ;TOKAT MERKEZ -1;ACİDPASS;Acidpass 10/800/165 mg 12 Çiğneme Tablet;3;0;3;0
08.09.2026;NEVZAT ECZA DEPOSU;NEVZAT SAMSUN;8680001141371;PELİN ECZANESİ;SAMSUN HURRIYET+ZAFER;ACİDPASS;Acidpass 10/800/165 mg 12 Çiğneme Tablet;2;0;2;0
08.09.2026;NEVZAT ECZA DEPOSU;NEVZAT SAMSUN;8680001450398;SERKAN ECZANESİ;AMASYA ILCELER;ACİDPASS;Acidpass 10/800/165 mg 12 Çiğneme Tablet;10;1;11;0
08.09.2026;NEVZAT ECZA DEPOSU;NEVZAT SAMSUN;8680001502035;SONER ECZANESİ;CORUM MERKEZ -2;ACİDPASS;Acidpass 10/800/165 mg 12 Çiğneme Tablet;10;1;11;0
09.09.2026;NEVZAT ECZA DEPOSU;NEVZAT SAMSUN;8680001157587;GAZİ ECZANESİ;CORUM MERKEZ -1;ACİDPASS;Acidpass 10/800/165 mg 12 Çiğneme Tablet;10;1;11;0
09.09.2026;NEVZAT ECZA DEPOSU;NEVZAT SAMSUN;8680001128730;ŞÖHRET ECZANESİ;SAMSUN ATAKENT+19 MAYIS;ACİDPASS;Acidpass 10/800/165 mg 12 Çiğneme Tablet;5;0;5;0
09.09.2026;NEVZAT ECZA DEPOSU;NEVZAT SAMSUN;8680001183128;ÇAĞRI ECZANESİ;TOKAT MERKEZ -2;ACİDPASS;Acidpass 10/800/165 mg 12 Çiğneme Tablet;2;0;2;0
09.09.2026;NEVZAT ECZA DEPOSU;NEVZAT SAMSUN;8680001396719;GÖKDERE ECZANESİ;TOKAT MERKEZ -1;ACİDPASS;Acidpass 10/800/165 mg 12 Çiğneme Tablet;10;1;11;0
10.09.2026;NEVZAT ECZA DEPOSU;NEVZAT SAMSUN;8680001154005;SERDAROĞLU ECZANESİ;CORUM KUZEY ILCELER;ACİDPASS;Acidpass 10/800/165 mg 12 Çiğneme Tablet;10;1;11;0
10.09.2026;NEVZAT ECZA DEPOSU;NEVZAT SAMSUN;8680001174577;SEVGİ ECZANESİ;TOKAT MERKEZ -2;ACİDPASS;Acidpass 10/800/165 mg 12 Çiğneme Tablet;2;0;2;0
10.09.2026;NEVZAT ECZA DEPOSU;NEVZAT SAMSUN;8680001127818;HASKÖY NALAN ECZANESİ;SAMSUN CANIK;ACİDPASS;Acidpass 10/800/165 mg 12 Çiğneme Tablet;3;0;3;0
11.09.2026;NEVZAT ECZA DEPOSU;NEVZAT SAMSUN;8680001115860;STAD ECZANESİ;SAMSUN DOGU ILCELER - 2;ACİDPASS;Acidpass 10/800/165 mg 12 Çiğneme Tablet;20;3;23;0
11.09.2026;NEVZAT ECZA DEPOSU;NEVZAT SAMSUN;8680001108091;GÜMENEZ ECZANESİ;SAMSUN ALACAM+YAKAKENT;ACİDPASS;Acidpass 10/800/165 mg 12 Çiğneme Tablet;5;0;5;0
11.09.2026;NEVZAT ECZA DEPOSU;NEVZAT SAMSUN;8680001629794;ERİŞ ECZANESİ;TOKAT TURHAL;ACİDPASS;Acidpass 10/800/165 mg 12 Çiğneme Tablet;3;0;3;0
12.09.2026;NEVZAT ECZA DEPOSU;NEVZAT SAMSUN;8680001129317;ÇATALARMUT ECZANESİ;SAMSUN ILKADIM - 2;ACİDPASS;Acidpass 10/800/165 mg 12 Çiğneme Tablet;2;0;2;0
12.09.2026;NEVZAT ECZA DEPOSU;NEVZAT SAMSUN;8680001156603;YÜKSEL ECZANESİ;CORUM KUZEY ILCELER;ACİDPASS;Acidpass 10/800/165 mg 12 Çiğneme Tablet;2;0;2;0
12.09.2026;NEVZAT ECZA DEPOSU;NEVZAT SAMSUN;8680001170777;SARIER ECZANESİ;TOKAT MERKEZ -2;ACİDPASS;Acidpass 10/800/165 mg 12 Çiğneme Tablet;1;0;1;0
14.09.2026;NEVZAT ECZA DEPOSU;NEVZAT SAMSUN;8680001594429;İSTANBUL ECZANESİ;SIVAS MERKEZ -3;ACİDPASS;Acidpass 10/800/165 mg 12 Çiğneme Tablet;10;1;11;0
14.09.2026;NEVZAT ECZA DEPOSU;NEVZAT SAMSUN;8680001198917;DERMAN ECZANESİ;CORUM KARGI+OSMANCIK;ACİDPASS;Acidpass 10/800/165 mg 12 Çiğneme Tablet;3;0;3;0
15.09.2026;NEVZAT ECZA DEPOSU;NEVZAT SAMSUN;8680001716036;TOKİLER ECZANESİ;SAMSUN RASATHANE;ACİDPASS;Acidpass 10/800/165 mg 12 Çiğneme Tablet;3;0;3;0
15.09.2026;NEVZAT ECZA DEPOSU;NEVZAT SAMSUN;8680001346851;BULVAR ECZANESİ;SAMSUN BAFRA;ACİDPASS;Acidpass 10/800/165 mg 12 Çiğneme Tablet;5;0;5;0
16.09.2026;NEVZAT ECZA DEPOSU;NEVZAT SAMSUN;8680001123124;YAVUZ ECZANESİ;SINOP DOGU-BATI ILCELER;ACİDPASS;Acidpass 10/800/165 mg 12 Çiğneme Tablet;2;0;2;0
16.09.2026;NEVZAT ECZA DEPOSU;NEVZAT SAMSUN;8680001172801;KARANFİL ECZANESİ;TOKAT MERKEZ -1;ACİDPASS;Acidpass 10/800/165 mg 12 Çiğneme Tablet;10;1;11;0
16.09.2026;NEVZAT ECZA DEPOSU;NEVZAT SAMSUN;8680001422104;SERDAR ECZANESİ;TOKAT MERKEZ -1;ACİDPASS;Acidpass 10/800/165 mg 12 Çiğneme Tablet;10;1;11;0
17.09.2026;NEVZAT ECZA DEPOSU;NEVZAT SAMSUN;8680001317516;TUĞLUOĞLU ECZANESİ;TOKAT BATI ILCELER;ACİDPASS;Acidpass 10/800/165 mg 12 Çiğneme Tablet;2;0;2;0
17.09.2026;NEVZAT ECZA DEPOSU;NEVZAT SAMSUN;8680001422081;BURÇİN ECZANESİ;AMASYA ILCELER;ACİDPASS;Acidpass 10/800/165 mg 12 Çiğneme Tablet;20;3;23;0
17.09.2026;NEVZAT ECZA DEPOSU;NEVZAT SAMSUN;8680001197590;FATİH ECZANESİ;TOKAT BATI ILCELER;ACİDPASS;Acidpass 10/800/165 mg 12 Çiğneme Tablet;3;0;3;0
17.09.2026;NEVZAT ECZA DEPOSU;NEVZAT SAMSUN;8680001557295;NEFES ECZANESİ;TOKAT MERKEZ -2;ACİDPASS;Acidpass 10/800/165 mg 12 Çiğneme Tablet;2;0;2;0
18.09.2026;NEVZAT ECZA DEPOSU;NEVZAT SAMSUN;8680001170500;KUMRU ECZANESİ;TOKAT MERKEZ -1;ACİDPASS;Acidpass 10/800/165 mg 12 Çiğneme Tablet;2;0;2;0
18.09.2026;NEVZAT ECZA DEPOSU;NEVZAT SAMSUN;8680001168538;KARŞIYAKA ECZANESİ;TOKAT MERKEZ -1;ACİDPASS;Acidpass 10/800/165 mg 12 Çiğneme Tablet;2;0;2;0
18.09.2026;NEVZAT ECZA DEPOSU;NEVZAT SAMSUN;8680001170500;KUMRU ECZANESİ;TOKAT MERKEZ -1;ACİDPASS;Acidpass 10/800/165 mg 12 Çiğneme Tablet;2;0;2;0
18.09.2026;NEVZAT ECZA DEPOSU;NEVZAT SAMSUN;8680001110544;TAŞKALE ECZANESİ;SAMSUN VEZIRKOPRU;ACİDPASS;Acidpass 10/800/165 mg 12 Çiğneme Tablet;10;1;11;0
21.09.2026;NEVZAT ECZA DEPOSU;NEVZAT SAMSUN;8680001156320;DEMET ECZANESİ;CORUM KARGI+OSMANCIK;ACİDPASS;Acidpass 10/800/165 mg 12 Çiğneme Tablet;5;0;5;0
02.09.2026;NEVZAT ECZA DEPOSU;NEVZAT SAMSUN;8680001131945;YAŞARDOĞU ECZANESİ;SAMSUN RASATHANE;ACİDPASS;Acidpass 10/800/165 mg 6 Çiğneme Tablet;5;0;5;0
04.09.2026;NEVZAT ECZA DEPOSU;NEVZAT SAMSUN;8680001144983;GAZİLER ECZANESİ;SAMSUN PAZAR;ACİDPASS;Acidpass 10/800/165 mg 6 Çiğneme Tablet;10;1;11;0
14.09.2026;NEVZAT ECZA DEPOSU;NEVZAT SAMSUN;8680001112050;TÜRKER ECZANESİ;SAMSUN RASATHANE;ACİDPASS;Acidpass 10/800/165 mg 6 Çiğneme Tablet;3;0;3;0
17.09.2026;NEVZAT ECZA DEPOSU;NEVZAT SAMSUN;8680001121670;ŞİFA ECZANESİ;SINOP DOGU-BATI ILCELER;ACİDPASS;Acidpass 10/800/165 mg 6 Çiğneme Tablet;2;0;2;0
21.09.2026;NEVZAT ECZA DEPOSU;NEVZAT SAMSUN;8680001156320;DEMET ECZANESİ;CORUM KARGI+OSMANCIK;ACİDPASS;Acidpass 10/800/165 mg 6 Çiğneme Tablet;5;0;5;0
29.09.2026;NEVZAT ECZA DEPOSU;NEVZAT SAMSUN;8680001171934;TEKNECİ ECZANESİ;AMASYA MERZIFON;ACİDPASS;Acidpass 10/800/165 mg 6 Çiğneme Tablet;2;0;2;0
30.09.2026;NEVZAT ECZA DEPOSU;NEVZAT SAMSUN;8680001110377;SELCAN ECZANESİ;SAMSUN BAFRA;ACİDPASS;Acidpass 10/800/165 mg 6 Çiğneme Tablet;2;0;2;0
03.09.2026;NEVZAT ECZA DEPOSU;NEVZAT SAMSUN;8680001127412;AYDIN ECZANESI;SIVAS MERKEZ -2;FAMTREC;Famtrec 800/26,6mg 14 Film Kaplı Tablet;30;4;34;0
04.09.2026;NEVZAT ECZA DEPOSU;NEVZAT SAMSUN;8680001447220;KAYNAK ECZANESİ;SAMSUN DOGU ILCELER - 2;FAMTREC;Famtrec 800/26,6mg 14 Film Kaplı Tablet;7;1;8;0
07.09.2026;NEVZAT ECZA DEPOSU;NEVZAT SAMSUN;8680001169740;SAĞLIK ECZANESİ;AMASYA MERZIFON;FAMTREC;Famtrec 800/26,6mg 14 Film Kaplı Tablet;1;0;1;0
15.09.2026;NEVZAT ECZA DEPOSU;NEVZAT SAMSUN;8680001119813;DERMAN ECZANESİ;SAMSUN DOGU ILCELER - 2;FAMTREC;Famtrec 800/26,6mg 14 Film Kaplı Tablet;2;0;2;0
16.09.2026;NEVZAT ECZA DEPOSU;NEVZAT SAMSUN;8680001170678;GÖKHAN ECZANESİ;TOKAT DOGU ILCELER;FAMTREC;Famtrec 800/26,6mg 14 Film Kaplı Tablet;7;1;8;0
16.09.2026;NEVZAT ECZA DEPOSU;NEVZAT SAMSUN;8680001158553;ERMAN ECZANESİ;CORUM MERKEZ -1;FAMTREC;Famtrec 800/26,6mg 14 Film Kaplı Tablet;1;0;1;0
17.09.2026;NEVZAT ECZA DEPOSU;NEVZAT SAMSUN;8680001459391;GÜMÜŞ ECZANESİ;SAMSUN ATAKUM;FAMTREC;Famtrec 800/26,6mg 14 Film Kaplı Tablet;7;1;8;0
23.09.2026;NEVZAT ECZA DEPOSU;NEVZAT SAMSUN;8680001108282;FATİH ECZANESİ;SAMSUN VEZIRKOPRU;FAMTREC;Famtrec 800/26,6mg 14 Film Kaplı Tablet;3;0;3;0
23.09.2026;NEVZAT ECZA DEPOSU;NEVZAT SAMSUN;8680001119813;DERMAN ECZANESİ;SAMSUN DOGU ILCELER - 2;FAMTREC;Famtrec 800/26,6mg 14 Film Kaplı Tablet;2;0;2;0
25.09.2026;NEVZAT ECZA DEPOSU;NEVZAT SAMSUN;8680001173280;DERMAN ECZANESİ;TOKAT MERKEZ -1;FAMTREC;Famtrec 800/26,6mg 14 Film Kaplı Tablet;1;0;1;0
29.09.2026;NEVZAT ECZA DEPOSU;NEVZAT SAMSUN;8680001137527;YENİ HASTANE ECZANESI;SAMSUN DOGU ILCELER - 2;FAMTREC;Famtrec 800/26,6mg 14 Film Kaplı Tablet;7;1;8;0
29.09.2026;NEVZAT ECZA DEPOSU;NEVZAT SAMSUN;8680001211371;YARAMIŞ ECZANESİ;TOKAT DOGU ILCELER;FAMTREC;Famtrec 800/26,6mg 14 Film Kaplı Tablet;7;1;8;0
29.09.2026;NEVZAT ECZA DEPOSU;NEVZAT SAMSUN;8680001447220;KAYNAK ECZANESİ;SAMSUN DOGU ILCELER - 2;FAMTREC;Famtrec 800/26,6mg 14 Film Kaplı Tablet;7;1;8;0
29.09.2026;NEVZAT ECZA DEPOSU;NEVZAT SAMSUN;8680001127412;AYDIN ECZANESI;SIVAS MERKEZ -2;FAMTREC;Famtrec 800/26,6mg 14 Film Kaplı Tablet;21;3;24;0
29.09.2026;NEVZAT ECZA DEPOSU;NEVZAT SAMSUN;8680001491865;GÜLDEN ECZANESİ;SAMSUN VEZIRKOPRU;FAMTREC;Famtrec 800/26,6mg 14 Film Kaplı Tablet;7;1;8;0
29.09.2026;NEVZAT ECZA DEPOSU;NEVZAT SAMSUN;8680001424238;HANÇERLİ ECZANESİ;AMASYA MERZIFON;FAMTREC;Famtrec 800/26,6mg 14 Film Kaplı Tablet;1;0;1;0
01.09.2026;NEVZAT ECZA DEPOSU;NEVZAT SAMSUN;8680001104628;CAN ECZANESİ;SAMSUN ATAKENT+19 MAYIS;GRİPORT COLD;Griport Cold 20 Film Kaplı Tablet;40;20;60;0
01.09.2026;NEVZAT ECZA DEPOSU;NEVZAT SAMSUN;8680001145690;ŞİFA ECZANESİ;SAMSUN ALACAM+YAKAKENT;GRİPORT COLD;Griport Cold 20 Film Kaplı Tablet;12;3;15;0
01.09.2026;NEVZAT ECZA DEPOSU;NEVZAT SAMSUN;8680001145690;ŞİFA ECZANESİ;SAMSUN ALACAM+YAKAKENT;GRİPORT COLD;Griport Cold 20 Film Kaplı Tablet;8;1;9;0
01.09.2026;NEVZAT ECZA DEPOSU;NEVZAT SAMSUN;8680001767137;KÖRFEZ ECZANESİ;SAMSUN ATAKENT+19 MAYIS;GRİPORT COLD;Griport Cold 20 Film Kaplı Tablet;1;0;1;0
02.09.2026;NEVZAT ECZA DEPOSU;NEVZAT SAMSUN;8680001422357;MURAT ECZANESİ;TOKAT MERKEZ -2;GRİPORT COLD;Griport Cold 20 Film Kaplı Tablet;2;0;2;0
02.09.2026;NEVZAT ECZA DEPOSU;NEVZAT SAMSUN;8680001127818;HASKÖY NALAN ECZANESİ;SAMSUN CANIK;GRİPORT COLD;Griport Cold 20 Film Kaplı Tablet;12;3;15;0
03.09.2026;NEVZAT ECZA DEPOSU;NEVZAT SAMSUN;8680001545056;EYLÜL ECZANESİ;SAMSUN ATAKUM;GRİPORT COLD;Griport Cold 20 Film Kaplı Tablet;1;0;1;0
03.09.2026;NEVZAT ECZA DEPOSU;NEVZAT SAMSUN;8680001442959;YASEMİN ECZANESİ;SAMSUN BAFRA;GRİPORT COLD;Griport Cold 20 Film Kaplı Tablet;2;0;2;0
04.09.2026;NEVZAT ECZA DEPOSU;NEVZAT SAMSUN;8680001108220;SAADET ECZANESİ;SAMSUN BAHCELIEVLER;GRİPORT COLD;Griport Cold 20 Film Kaplı Tablet;2;0;2;0
07.09.2026;NEVZAT ECZA DEPOSU;NEVZAT SAMSUN;8680001156221;OSMANCIK ECZANESİ;CORUM KARGI+OSMANCIK;GRİPORT COLD;Griport Cold 20 Film Kaplı Tablet;7;1;8;0
07.09.2026;NEVZAT ECZA DEPOSU;NEVZAT SAMSUN;8680001110544;TAŞKALE ECZANESİ;SAMSUN VEZIRKOPRU;GRİPORT COLD;Griport Cold 20 Film Kaplı Tablet;1;0;1;0
09.09.2026;NEVZAT ECZA DEPOSU;NEVZAT SAMSUN;8680001127818;HASKÖY NALAN ECZANESİ;SAMSUN CANIK;GRİPORT COLD;Griport Cold 20 Film Kaplı Tablet;12;3;15;0
09.09.2026;NEVZAT ECZA DEPOSU;NEVZAT SAMSUN;8680001137350;METİN ECZANESİ;SAMSUN DOGU ILCELER - 2;GRİPORT COLD;Griport Cold 20 Film Kaplı Tablet;2;0;2;0
10.09.2026;NEVZAT ECZA DEPOSU;NEVZAT SAMSUN;8680001156818;LOKMAN ECZANESİ;CORUM MERKEZ -3;GRİPORT COLD;Griport Cold 20 Film Kaplı Tablet;3;0;3;0
11.09.2026;NEVZAT ECZA DEPOSU;NEVZAT SAMSUN;8680001132935;MERKEZ ECZANESI;SAMSUN BAFRA;GRİPORT COLD;Griport Cold 20 Film Kaplı Tablet;12;3;15;0
11.09.2026;NEVZAT ECZA DEPOSU;NEVZAT SAMSUN;8680001518531;DAMLA ECZANESİ;SAMSUN ATAKENT+19 MAYIS;GRİPORT COLD;Griport Cold 20 Film Kaplı Tablet;7;1;8;0
11.09.2026;NEVZAT ECZA DEPOSU;NEVZAT SAMSUN;8680001158553;ERMAN ECZANESİ;CORUM MERKEZ -1;GRİPORT COLD;Griport Cold 20 Film Kaplı Tablet;7;1;8;0
14.09.2026;NEVZAT ECZA DEPOSU;NEVZAT SAMSUN;8680001114399;YENİ ECZANESİ;SAMSUN ALACAM+YAKAKENT;GRİPORT COLD;Griport Cold 20 Film Kaplı Tablet;12;3;15;0
14.09.2026;NEVZAT ECZA DEPOSU;NEVZAT SAMSUN;8680001125999;ALAÇAM ECZANESİ;SAMSUN ALACAM+YAKAKENT;GRİPORT COLD;Griport Cold 20 Film Kaplı Tablet;12;3;15;0
14.09.2026;NEVZAT ECZA DEPOSU;NEVZAT SAMSUN;8680001417926;REİS ECZANESİ;SAMSUN BAFRA;GRİPORT COLD;Griport Cold 20 Film Kaplı Tablet;12;3;15;0
14.09.2026;NEVZAT ECZA DEPOSU;NEVZAT SAMSUN;8680001101542;ASYA ECZANESİ;SAMSUN DOGU ILCELER;GRİPORT COLD;Griport Cold 20 Film Kaplı Tablet;1;0;1;0
14.09.2026;NEVZAT ECZA DEPOSU;NEVZAT SAMSUN;8680001146888;ŞAMLIOĞLU ECZANESİ;CORUM MERKEZ -2;GRİPORT COLD;Griport Cold 20 Film Kaplı Tablet;12;3;15;0
14.09.2026;NEVZAT ECZA DEPOSU;NEVZAT SAMSUN;8680001413812;EVREN ECZANESİ;AMASYA GOYNUCEK+TASOVA;GRİPORT COLD;Griport Cold 20 Film Kaplı Tablet;20;5;25;0
15.09.2026;NEVZAT ECZA DEPOSU;NEVZAT SAMSUN;8680001104499;VERESELİ ÇİNİK ECZANESİ;SAMSUN DOGU ILCELER;GRİPORT COLD;Griport Cold 20 Film Kaplı Tablet;10;1;11;0
15.09.2026;NEVZAT ECZA DEPOSU;NEVZAT SAMSUN;8680001459391;GÜMÜŞ ECZANESİ;SAMSUN ATAKUM;GRİPORT COLD;Griport Cold 20 Film Kaplı Tablet;1;0;1;0
16.09.2026;NEVZAT ECZA DEPOSU;NEVZAT SAMSUN;8680001664030;CINAR ECZANESI;TOKAT ERBAA;GRİPORT COLD;Griport Cold 20 Film Kaplı Tablet;-24;-15;-39;-15
16.09.2026;NEVZAT ECZA DEPOSU;NEVZAT SAMSUN;8680001413812;EVREN ECZANESİ;AMASYA GOYNUCEK+TASOVA;GRİPORT COLD;Griport Cold 20 Film Kaplı Tablet;12;3;15;0
17.09.2026;NEVZAT ECZA DEPOSU;NEVZAT SAMSUN;8680001131075;YILDIZ ECZANESİ;SAMSUN DOGU ILCELER;GRİPORT COLD;Griport Cold 20 Film Kaplı Tablet;12;3;15;0
17.09.2026;NEVZAT ECZA DEPOSU;NEVZAT SAMSUN;8680001127818;HASKÖY NALAN ECZANESİ;SAMSUN CANIK;GRİPORT COLD;Griport Cold 20 Film Kaplı Tablet;12;3;15;0
17.09.2026;NEVZAT ECZA DEPOSU;NEVZAT SAMSUN;8680001127818;HASKÖY NALAN ECZANESİ;SAMSUN CANIK;GRİPORT COLD;Griport Cold 20 Film Kaplı Tablet;12;3;15;0
17.09.2026;NEVZAT ECZA DEPOSU;NEVZAT SAMSUN;8680001112258;EDA ECZANESİ;SAMSUN ILKADIM - 2;GRİPORT COLD;Griport Cold 20 Film Kaplı Tablet;2;0;2;0
17.09.2026;NEVZAT ECZA DEPOSU;NEVZAT SAMSUN;8680001461073;KEMER ECZANESİ;CORUM KARGI+OSMANCIK;GRİPORT COLD;Griport Cold 20 Film Kaplı Tablet;7;1;8;0
21.09.2026;NEVZAT ECZA DEPOSU;NEVZAT SAMSUN;8680001457274;KAPLICALAR ECZANESİ;SAMSUN HAVZA+KAVAK+LADIK;GRİPORT COLD;Griport Cold 20 Film Kaplı Tablet;3;0;3;0
22.09.2026;NEVZAT ECZA DEPOSU;NEVZAT SAMSUN;8680001131075;YILDIZ ECZANESİ;SAMSUN DOGU ILCELER;GRİPORT COLD;Griport Cold 20 Film Kaplı Tablet;40;20;60;0
22.09.2026;NEVZAT ECZA DEPOSU;NEVZAT SAMSUN;8680001155705;HEKİMOĞLU ECZANESİ;CORUM GUNEYBATI ILCELER;GRİPORT COLD;Griport Cold 20 Film Kaplı Tablet;12;3;15;0
22.09.2026;NEVZAT ECZA DEPOSU;NEVZAT SAMSUN;8680001156078;ESRA ECZANESİ;CORUM KARGI+OSMANCIK;GRİPORT COLD;Griport Cold 20 Film Kaplı Tablet;7;1;8;0
23.09.2026;NEVZAT ECZA DEPOSU;NEVZAT SAMSUN;8680001156818;LOKMAN ECZANESİ;CORUM MERKEZ -3;GRİPORT COLD;Griport Cold 20 Film Kaplı Tablet;2;0;2;0
24.09.2026;NEVZAT ECZA DEPOSU;NEVZAT SAMSUN;8680001115860;STAD ECZANESİ;SAMSUN DOGU ILCELER - 2;GRİPORT COLD;Griport Cold 20 Film Kaplı Tablet;12;3;15;0
24.09.2026;NEVZAT ECZA DEPOSU;NEVZAT SAMSUN;8680001158553;ERMAN ECZANESİ;CORUM MERKEZ -1;GRİPORT COLD;Griport Cold 20 Film Kaplı Tablet;12;3;15;0
25.09.2026;NEVZAT ECZA DEPOSU;NEVZAT SAMSUN;8680001115303;HAYAT ECZANESİ;SAMSUN BAFRA;GRİPORT COLD;Griport Cold 20 Film Kaplı Tablet;3;0;3;0
25.09.2026;NEVZAT ECZA DEPOSU;NEVZAT SAMSUN;8680001144198;ÇAĞDAŞ ECZANESİ;SAMSUN DOGU ILCELER - 2;GRİPORT COLD;Griport Cold 20 Film Kaplı Tablet;1;0;1;0
25.09.2026;NEVZAT ECZA DEPOSU;NEVZAT SAMSUN;8680001447220;KAYNAK ECZANESİ;SAMSUN DOGU ILCELER - 2;GRİPORT COLD;Griport Cold 20 Film Kaplı Tablet;12;3;15;0
28.09.2026;NEVZAT ECZA DEPOSU;NEVZAT SAMSUN;8680001114368;ŞİFA ECZANESİ;SINOP MERKEZ;GRİPORT COLD;Griport Cold 20 Film Kaplı Tablet;12;3;15;0
29.09.2026;NEVZAT ECZA DEPOSU;NEVZAT SAMSUN;8680001459391;GÜMÜŞ ECZANESİ;SAMSUN ATAKUM;GRİPORT COLD;Griport Cold 20 Film Kaplı Tablet;1;0;1;0
29.09.2026;NEVZAT ECZA DEPOSU;NEVZAT SAMSUN;8680001436453;DEFNE ECZANESİ;SAMSUN ATAKUM;GRİPORT COLD;Griport Cold 20 Film Kaplı Tablet;1;0;1;0
29.09.2026;NEVZAT ECZA DEPOSU;NEVZAT SAMSUN;8680001127412;AYDIN ECZANESI;SIVAS MERKEZ -2;GRİPORT COLD;Griport Cold 20 Film Kaplı Tablet;70;45;115;0
29.09.2026;NEVZAT ECZA DEPOSU;NEVZAT SAMSUN;8680001179909;YENİ ECZANESİ;AMASYA MERZIFON;GRİPORT COLD;Griport Cold 20 Film Kaplı Tablet;12;3;15;0
30.09.2026;NEVZAT ECZA DEPOSU;NEVZAT SAMSUN;8680001113323;ALTINKAYA ECZANESİ;SAMSUN BAFRA;GRİPORT COLD;Griport Cold 20 Film Kaplı Tablet;1;0;1;0
30.09.2026;NEVZAT ECZA DEPOSU;NEVZAT SAMSUN;8680001154845;ARZUM ECZANESİ;CORUM GUNEYBATI ILCELER;GRİPORT COLD;Griport Cold 20 Film Kaplı Tablet;2;0;2;0
01.09.2026;NEVZAT ECZA DEPOSU;NEVZAT ERZURUM;8680001625963;PINAR ECZANESİ;ERZURUM MERKEZ -2;FAMTREC;Famtrec 800/26,6mg 14 Film Kaplı Tablet;7;1;8;0
01.09.2026;NEVZAT ECZA DEPOSU;NEVZAT ERZURUM;8680001664368;MERKEZ ECZANESI;ERZURUM GUNEY ILCELER;FAMTREC;Famtrec 800/26,6mg 14 Film Kaplı Tablet;7;1;8;0
01.09.2026;NEVZAT ECZA DEPOSU;NEVZAT ERZURUM;8680001113989;ZEHRA ECZANESİ;ERZURUM GUNEY ILCELER;ACİDPASS;Acidpass 10/800/165 mg 12 Çiğneme Tablet;50;15;65;0
01.09.2026;NEVZAT ECZA DEPOSU;NEVZAT ERZURUM;8680001113989;ZEHRA ECZANESİ;ERZURUM GUNEY ILCELER;MOKSEFEN;Moksefen 400 mg 7 Film Tablet;50;35;85;0
01.09.2026;NEVZAT ECZA DEPOSU;NEVZAT ERZURUM;8680001866229;FATİH ECZANESİ;ERZURUM GUNEY ILCELER;ACİDPASS;Acidpass 10/800/165 mg 12 Çiğneme Tablet;10;1;11;0
01.09.2026;NEVZAT ECZA DEPOSU;NEVZAT ERZURUM;8680001444632;AYGÜN ECZANESİ;ERZURUM MERKEZ -3;ACİDPASS;Acidpass 10/800/165 mg 12 Çiğneme Tablet;20;3;23;0
01.09.2026;NEVZAT ECZA DEPOSU;NEVZAT ERZURUM;8680001444632;AYGÜN ECZANESİ;ERZURUM MERKEZ -3;GRİPORT COLD;Griport Cold 20 Film Kaplı Tablet;12;3;15;0
01.09.2026;NEVZAT ECZA DEPOSU;NEVZAT ERZURUM;8680001654918;HARUN ECZANESİ;AGRI MERKEZ;ACİDPASS;Acidpass 10/800/165 mg 12 Çiğneme Tablet;1;0;1;0
01.09.2026;NEVZAT ECZA DEPOSU;NEVZAT ERZURUM;8680001865765;FERHAT ECZANESİ;AGRI ILCELER;ACİDPASS;Acidpass 10/800/165 mg 12 Çiğneme Tablet;1;0;1;0
01.09.2026;NEVZAT ECZA DEPOSU;NEVZAT ERZURUM;8680001730896;KÖPRÜBAŞI ECZANESİ;AGRI MERKEZ;ACİDPASS;Acidpass 10/800/165 mg 12 Çiğneme Tablet;2;0;2;0
02.09.2026;NEVZAT ECZA DEPOSU;NEVZAT ERZURUM;8680001649020;HUZUR ECZANESİ;ERZURUM MERKEZ -3;PANOCER;Panocer 40 mg 28 Enterik Kaplı Tablet;4;0;4;0
02.09.2026;NEVZAT ECZA DEPOSU;NEVZAT ERZURUM;8680001713295;AFA ECZANESİ;AGRI DIYADIN+D.BEYAZIT;MOKSEFEN;Moksefen 400 mg 7 Film Tablet;5;1;6;0
03.09.2026;NEVZAT ECZA DEPOSU;NEVZAT ERZURUM;8680001714285;DERMAN ECZANESİ;ERZURUM GUNEY ILCELER;ACİDPASS;Acidpass 10/800/165 mg 12 Çiğneme Tablet;2;0;2;0
03.09.2026;NEVZAT ECZA DEPOSU;NEVZAT ERZURUM;8680001307692;SAFFET ECZANESİ;KARS ILCELER;MOKSEFEN;Moksefen 400 mg 7 Film Tablet;5;1;6;0
04.09.2026;NEVZAT ECZA DEPOSU;NEVZAT ERZURUM;8680001109982;ŞAFAK ECZANESİ;ERZURUM MERKEZ -3;ACİDPASS;Acidpass 10/800/165 mg 12 Çiğneme Tablet;10;1;11;0
04.09.2026;NEVZAT ECZA DEPOSU;NEVZAT ERZURUM;8680001381081;FERİT ECZANESİ;ERZINCAN MERKEZ;MOKSEFEN;Moksefen 400 mg 7 Film Tablet;20;10;30;0
04.09.2026;NEVZAT ECZA DEPOSU;NEVZAT ERZURUM;8680001707904;ÇİĞDEM ECZANESİ;ERZURUM GUNEY ILCELER;GRİPORT COLD;Griport Cold 20 Film Kaplı Tablet;2;0;2;0
04.09.2026;NEVZAT ECZA DEPOSU;NEVZAT ERZURUM;8680001489114;DEMIR ECZANESI;AGRI MERKEZ;ACİDPASS;Acidpass 10/800/165 mg 12 Çiğneme Tablet;10;1;11;0
04.09.2026;NEVZAT ECZA DEPOSU;NEVZAT ERZURUM;8680001481804;ALTINTAŞ ECZANESİ;AGRI MERKEZ;FAMTREC;Famtrec 800/26,6mg 14 Film Kaplı Tablet;2;0;2;0
07.09.2026;NEVZAT ECZA DEPOSU;NEVZAT ERZURUM;8680001461868;ÇINAR ECZANESİ;ERZURUM MERKEZ -2;ACİDPASS;Acidpass 10/800/165 mg 12 Çiğneme Tablet;10;1;11;0
07.09.2026;NEVZAT ECZA DEPOSU;NEVZAT ERZURUM;8680001431373;ONUR ECZANESİ;ERZINCAN MERKEZ;ACİDPASS;Acidpass 10/800/165 mg 12 Çiğneme Tablet;2;0;2;0
08.09.2026;NEVZAT ECZA DEPOSU;NEVZAT ERZURUM;8680001421435;YENİ ARAŞTIRMA ECZANESİ;ERZURUM MERKEZ -3;PANOCER;Panocer 40 mg 28 Enterik Kaplı Tablet;10;3;13;0
09.09.2026;NEVZAT ECZA DEPOSU;NEVZAT ERZURUM;8680001625963;PINAR ECZANESİ;ERZURUM MERKEZ -2;MOKSEFEN;Moksefen 400 mg 7 Film Tablet;5;1;6;0
09.09.2026;NEVZAT ECZA DEPOSU;NEVZAT ERZURUM;8680001480685;BAHAR ECZANESİ;ERZURUM MERKEZ -1;ACİDPASS;Acidpass 10/800/165 mg 6 Çiğneme Tablet;2;0;2;0
09.09.2026;NEVZAT ECZA DEPOSU;NEVZAT ERZURUM;8680001109982;ŞAFAK ECZANESİ;ERZURUM MERKEZ -3;FAMTREC;Famtrec 800/26,6mg 14 Film Kaplı Tablet;1;0;1;0
09.09.2026;NEVZAT ECZA DEPOSU;NEVZAT ERZURUM;8680001238460;GÜLER ECZANESİ;ERZINCAN MERKEZ;ACİDPASS;Acidpass 10/800/165 mg 12 Çiğneme Tablet;10;1;11;0
09.09.2026;NEVZAT ECZA DEPOSU;NEVZAT ERZURUM;8680001659388;TAZEGÜL ECZANESİ;KARS MERKEZ;ACİDPASS;Acidpass 10/800/165 mg 12 Çiğneme Tablet;10;1;11;0
10.09.2026;NEVZAT ECZA DEPOSU;NEVZAT ERZURUM;8680001714285;DERMAN ECZANESİ;ERZURUM GUNEY ILCELER;ACİDPASS;Acidpass 10/800/165 mg 12 Çiğneme Tablet;2;0;2;0
11.09.2026;NEVZAT ECZA DEPOSU;NEVZAT ERZURUM;8680001119509;YILMAZ ECZANESİ;ERZURUM MERKEZ -3;FAMTREC;Famtrec 800/26,6mg 14 Film Kaplı Tablet;1;0;1;0
11.09.2026;NEVZAT ECZA DEPOSU;NEVZAT ERZURUM;8680001460236;IŞIK ECZANESİ;ERZURUM MERKEZ -3;ACİDPASS;Acidpass 10/800/165 mg 12 Çiğneme Tablet;2;0;2;0
11.09.2026;NEVZAT ECZA DEPOSU;NEVZAT ERZURUM;8680001483846;GAZİ ECZANESİ;ERZINCAN MERKEZ;ACİDPASS;Acidpass 10/800/165 mg 12 Çiğneme Tablet;20;3;23;0
11.09.2026;NEVZAT ECZA DEPOSU;NEVZAT ERZURUM;8680001178520;SAĞLIK ECZANESİ;KARS ILCELER;ACİDPASS;Acidpass 10/800/165 mg 6 Çiğneme Tablet;3;0;3;0
14.09.2026;NEVZAT ECZA DEPOSU;NEVZAT ERZURUM;8680001688609;SERHAT ECZANESİ;ERZURUM GUNEY ILCELER;MOKSEFEN;Moksefen 400 mg 7 Film Tablet;10;3;13;0
14.09.2026;NEVZAT ECZA DEPOSU;NEVZAT ERZURUM;8680001122219;TURGUT ECZANESİ;ERZURUM MERKEZ -3;PANOCER;Panocer 40 mg 14 Enterik Kaplı Tablet;1;0;1;0
14.09.2026;NEVZAT ECZA DEPOSU;NEVZAT ERZURUM;8680001300396;SÜPHAN ECZANESİ;ERZURUM MERKEZ -3;FAMTREC;Famtrec 800/26,6mg 14 Film Kaplı Tablet;7;1;8;0
14.09.2026;NEVZAT ECZA DEPOSU;NEVZAT ERZURUM;8680001503728;HAYAT ECZANESİ;KARS MERKEZ;ACİDPASS;Acidpass 10/800/165 mg 12 Çiğneme Tablet;3;0;3;0
14.09.2026;NEVZAT ECZA DEPOSU;NEVZAT ERZURUM;8680001425471;ÇİÇEK ECZANESİ;ERZINCAN MERKEZ;ACİDPASS;Acidpass 10/800/165 mg 12 Çiğneme Tablet;10;1;11;0
15.09.2026;NEVZAT ECZA DEPOSU;NEVZAT ERZURUM;8680001868520;YONCALIK ECZANESİ;ERZURUM MERKEZ -3;MOKSEFEN;Moksefen 400 mg 7 Film Tablet;1;0;1;0
15.09.2026;NEVZAT ECZA DEPOSU;NEVZAT ERZURUM;8680001470860;IHLAMUR ECZANESİ;ERZINCAN MERKEZ;ACİDPASS;Acidpass 10/800/165 mg 12 Çiğneme Tablet;3;0;3;0
16.09.2026;NEVZAT ECZA DEPOSU;NEVZAT ERZURUM;8680001499601;AĞIRMAN ECZANESİ;ERZURUM MERKEZ -3;ACİDPASS;Acidpass 10/800/165 mg 12 Çiğneme Tablet;5;0;5;0
16.09.2026;NEVZAT ECZA DEPOSU;NEVZAT ERZURUM;8680001168767;PASİNLER ECZANESİ;ERZURUM GUNEY ILCELER;FAMTREC;Famtrec 800/26,6mg 14 Film Kaplı Tablet;7;1;8;0
16.09.2026;NEVZAT ECZA DEPOSU;NEVZAT ERZURUM;8680001706594;EMRE ECZANESİ;ERZURUM MERKEZ -3;FAMTREC;Famtrec 800/26,6mg 14 Film Kaplı Tablet;2;0;2;0
17.09.2026;NEVZAT ECZA DEPOSU;NEVZAT ERZURUM;8680001599837;MENGÜCELİ ECZANESİ;ERZINCAN MERKEZ;ACİDPASS;Acidpass 10/800/165 mg 12 Çiğneme Tablet;2;0;2;0
17.09.2026;NEVZAT ECZA DEPOSU;NEVZAT ERZURUM;8680001109982;ŞAFAK ECZANESİ;ERZURUM MERKEZ -3;FAMTREC;Famtrec 800/26,6mg 14 Film Kaplı Tablet;1;0;1;0
17.09.2026;NEVZAT ECZA DEPOSU;NEVZAT ERZURUM;8680001747986;ŞİFA ECZANESİ;ERZINCAN MERKEZ;MOKSEFEN;Moksefen 400 mg 7 Film Tablet;5;1;6;0
18.09.2026;NEVZAT ECZA DEPOSU;NEVZAT ERZURUM;8680001119509;YILMAZ ECZANESİ;ERZURUM MERKEZ -3;FAMTREC;Famtrec 800/26,6mg 14 Film Kaplı Tablet;1;0;1;0
18.09.2026;NEVZAT ECZA DEPOSU;NEVZAT ERZURUM;8680001503728;HAYAT ECZANESİ;KARS MERKEZ;PANOCER;Panocer 40 mg 28 Enterik Kaplı Tablet;10;3;13;0
18.09.2026;NEVZAT ECZA DEPOSU;NEVZAT ERZURUM;8680001642304;FURKAN ECZANESİ;KARS MERKEZ;PANOCER;Panocer 40 mg 28 Enterik Kaplı Tablet;50;25;75;0
20.09.2026;NEVZAT ECZA DEPOSU;NEVZAT ERZURUM;8680001104437;SERPİL ECZANESİ;ERZURUM MERKEZ -3;GRİPORT COLD;Griport Cold 20 Film Kaplı Tablet;3;0;3;0
21.09.2026;NEVZAT ECZA DEPOSU;NEVZAT ERZURUM;8680001109982;ŞAFAK ECZANESİ;ERZURUM MERKEZ -3;FAMTREC;Famtrec 800/26,6mg 14 Film Kaplı Tablet;1;0;1;0
21.09.2026;NEVZAT ECZA DEPOSU;NEVZAT ERZURUM;8680001811915;ŞİFA ECZANESİ;AGRI DIYADIN+D.BEYAZIT;PANOCER;Panocer 40 mg 28 Enterik Kaplı Tablet;3;0;3;0
22.09.2026;NEVZAT ECZA DEPOSU;NEVZAT ERZURUM;8680001461868;ÇINAR ECZANESİ;ERZURUM MERKEZ -2;GRİPORT COLD;Griport Cold 20 Film Kaplı Tablet;12;3;15;0
22.09.2026;NEVZAT ECZA DEPOSU;NEVZAT ERZURUM;8680001566983;CADDE ECZANESİ;ERZURUM MERKEZ -3;MOKSEFEN;Moksefen 400 mg 7 Film Tablet;1;0;1;0
22.09.2026;NEVZAT ECZA DEPOSU;NEVZAT ERZURUM;8680001118380;KOÇAK ECZANESİ;ARTVIN MERKEZ+DOGU+GUNEY;FAMTREC;Famtrec 800/26,6mg 14 Film Kaplı Tablet;2;0;2;0
22.09.2026;NEVZAT ECZA DEPOSU;NEVZAT ERZURUM;8680001485635;TANRIVERDİ ECZANESİ;KARS MERKEZ;PANOCER;Panocer 40 mg 14 Enterik Kaplı Tablet;10;3;13;0
22.09.2026;NEVZAT ECZA DEPOSU;NEVZAT ERZURUM;8680001731169;ÇAT ECZANESİ;ERZURUM GUNEY ILCELER;PANOCER;Panocer 40 mg 28 Enterik Kaplı Tablet;10;3;13;0
23.09.2026;NEVZAT ECZA DEPOSU;NEVZAT ERZURUM;8680001109388;SU ECZANESİ;ERZURUM MERKEZ -1;MOKSEFEN;Moksefen 400 mg 7 Film Tablet;20;10;30;0
23.09.2026;NEVZAT ECZA DEPOSU;NEVZAT ERZURUM;8680001599837;MENGÜCELİ ECZANESİ;ERZINCAN MERKEZ;PANOCER;Panocer 40 mg 28 Enterik Kaplı Tablet;50;25;75;0
23.09.2026;NEVZAT ECZA DEPOSU;NEVZAT ERZURUM;8680001420735;FİLİZ ECZANESİ;ERZURUM MERKEZ -3;MOKSEFEN;Moksefen 400 mg 7 Film Tablet;20;10;30;0
24.09.2026;NEVZAT ECZA DEPOSU;NEVZAT ERZURUM;8680001470860;IHLAMUR ECZANESİ;ERZINCAN MERKEZ;PANOCER;Panocer 40 mg 14 Enterik Kaplı Tablet;1;0;1;0
25.09.2026;NEVZAT ECZA DEPOSU;NEVZAT ERZURUM;8680001238910;AKTAŞ ECZANESİ;ERZINCAN MERKEZ;PANOCER;Panocer 40 mg 14 Enterik Kaplı Tablet;10;3;13;0
26.09.2026;NEVZAT ECZA DEPOSU;NEVZAT ERZURUM;8680001121489;SARIKAYA ECZANESİ;ARTVIN MERKEZ+DOGU+GUNEY;GRİPORT COLD;Griport Cold 20 Film Kaplı Tablet;40;20;60;0
26.09.2026;NEVZAT ECZA DEPOSU;NEVZAT ERZURUM;8680001488797;SEYHUN ECZANESİ;ERZURUM MERKEZ -3;PANOCER;Panocer 40 mg 28 Enterik Kaplı Tablet;10;3;13;0
26.09.2026;NEVZAT ECZA DEPOSU;NEVZAT ERZURUM;8680001639083;SAFA ECZANESİ;ERZURUM MERKEZ -3;PANOCER;Panocer 40 mg 28 Enterik Kaplı Tablet;10;3;13;0
26.09.2026;NEVZAT ECZA DEPOSU;NEVZAT ERZURUM;8680001181155;NAKİ ECZANESİ;KARS MERKEZ;PANOCER;Panocer 40 mg 28 Enterik Kaplı Tablet;165;135;300;0
28.09.2026;NEVZAT ECZA DEPOSU;NEVZAT ERZURUM;8680001698394;GÖZDE ECZANESİ;ERZURUM MERKEZ -1;ACİDPASS;Acidpass 10/800/165 mg 6 Çiğneme Tablet;3;0;3;0
29.09.2026;NEVZAT ECZA DEPOSU;NEVZAT ERZURUM;8680001499601;AĞIRMAN ECZANESİ;ERZURUM MERKEZ -3;ACİDPASS;Acidpass 10/800/165 mg 12 Çiğneme Tablet;-3;0;-3;0
29.09.2026;NEVZAT ECZA DEPOSU;NEVZAT ERZURUM;8680001465958;GÜL ECZANESİ;ERZINCAN MERKEZ;PANOCER;Panocer 40 mg 28 Enterik Kaplı Tablet;10;3;13;0
29.09.2026;NEVZAT ECZA DEPOSU;NEVZAT ERZURUM;8680001470860;IHLAMUR ECZANESİ;ERZINCAN MERKEZ;PANOCER;Panocer 40 mg 14 Enterik Kaplı Tablet;2;0;2;0
29.09.2026;NEVZAT ECZA DEPOSU;NEVZAT ERZURUM;8680001470860;IHLAMUR ECZANESİ;ERZINCAN MERKEZ;PANOCER;Panocer 40 mg 28 Enterik Kaplı Tablet;10;3;13;0
30.09.2026;NEVZAT ECZA DEPOSU;NEVZAT ERZURUM;8680001631988;EYLÜL ECZANESİ;AGRI DIYADIN+D.BEYAZIT;PANOCER;Panocer 40 mg 28 Enterik Kaplı Tablet;10;3;13;0
30.09.2026;NEVZAT ECZA DEPOSU;NEVZAT ERZURUM;8680001470860;IHLAMUR ECZANESİ;ERZINCAN MERKEZ;PANOCER;Panocer 40 mg 14 Enterik Kaplı Tablet;1;0;1;0
30.09.2026;NEVZAT ECZA DEPOSU;NEVZAT ERZURUM;8680001707904;ÇİĞDEM ECZANESİ;ERZURUM GUNEY ILCELER;PANOCER;Panocer 40 mg 28 Enterik Kaplı Tablet;5;0;5;0
17.09.2026;ALLIANCE HEALTHCARE;AH ORDU;8680001202218;ŞAFAK ECZANESİ;ORDU DOGU ILCELER;PANOCER;Panocer 40 mg 28 Enterik Kaplı Tablet;10;3;13;0
14.09.2026;ALLIANCE HEALTHCARE;AH SAMSUN;8680001116812;GÜÇLÜ ECZANESİ;SINOP DOGU-BATI ILCELER;PANOCER;Panocer 40 mg 28 Enterik Kaplı Tablet;10;3;13;0
15.09.2026;ALLIANCE HEALTHCARE;AH SAMSUN;8680001101542;ASYA ECZANESİ;SAMSUN DOGU ILCELER;PANOCER;Panocer 40 mg 28 Enterik Kaplı Tablet;5;0;5;0
08.09.2026;ALLIANCE HEALTHCARE;AH SAMSUN;8680001740802;KESKİN ECZANESİ;SAMSUN DOGU ILCELER - 2;PANOCER;Panocer 40 mg 28 Enterik Kaplı Tablet;10;3;13;0
11.09.2026;ALLIANCE HEALTHCARE;AH SAMSUN;8680001654437;METROPOL ECZANESİ;SAMSUN ATAKENT+19 MAYIS;PANOCER;Panocer 40 mg 28 Enterik Kaplı Tablet;10;3;13;0
28.09.2026;ALLIANCE HEALTHCARE;AH SAMSUN;8680001153343;DERMAN ECZANESİ;CORUM KUZEY ILCELER;PANOCER;Panocer 40 mg 28 Enterik Kaplı Tablet;10;3;13;0
04.09.2026;ALLIANCE HEALTHCARE;AH TRABZON;8680001659203;FEYZA ECZANESI;ARTVIN KUZEY ILCELER;PANOCER;Panocer 40 mg 28 Enterik Kaplı Tablet;10;3;13;0
24.09.2026;ALLIANCE HEALTHCARE;AH TRABZON;8680001205899;BÜYÜK ECZANESİ;TRABZON DOGU ILCELER -1;PANOCER;Panocer 40 mg 28 Enterik Kaplı Tablet;30;12;42;0
01.09.2026;ALLIANCE HEALTHCARE;AH SAMSUN;8680001145690;ŞİFA ECZANESİ;SAMSUN ALACAM+YAKAKENT;PANOCER;Panocer 40 mg 28 Enterik Kaplı Tablet;10;3;13;0
07.09.2026;ALLIANCE HEALTHCARE;AH SAMSUN;8680001750054;YAVUZ ECZANESİ;SAMSUN ALACAM+YAKAKENT;PANOCER;Panocer 40 mg 28 Enterik Kaplı Tablet;30;12;42;0
15.09.2026;ALLIANCE HEALTHCARE;AH TRABZON;8680001463916;EMİN ECZANESİ;TRABZON MERKEZ -3;PANOCER;Panocer 40 mg 28 Enterik Kaplı Tablet;10;3;13;0
14.09.2026;ALLIANCE HEALTHCARE;AH ERZURUM;8680001430031;ERZURUM ECZANESİ;ERZURUM MERKEZ -1;PANOCER;Panocer 40 mg 28 Enterik Kaplı Tablet;-1;0;-1;0
04.09.2026;ALLIANCE HEALTHCARE;AH ORDU;8680001167418;GÖKALP ECZANESİ;GIRESUN MERKEZ -2;PANOCER;Panocer 40 mg 28 Enterik Kaplı Tablet;3;0;3;0
17.09.2026;ALLIANCE HEALTHCARE;AH SAMSUN;8680001109371;KİRAZLIK ECZANESİ;SAMSUN DOGU ILCELER;PANOCER;Panocer 40 mg 28 Enterik Kaplı Tablet;10;3;13;0
02.09.2026;ALLIANCE HEALTHCARE;AH TRABZON;8680001751310;ŞEKER ECZANESİ;GUMUSHANE;PANOCER;Panocer 40 mg 28 Enterik Kaplı Tablet;50;25;75;0
04.09.2026;ALLIANCE HEALTHCARE;AH SAMSUN;8680001928446;NİHAL ECZANESİ;SAMSUN ATAKUM;PANOCER;Panocer 40 mg 28 Enterik Kaplı Tablet;5;0;5;0
25.09.2026;ALLIANCE HEALTHCARE;AH ORDU;8680001203345;TAYFUN ECZANESİ;ORDU MERKEZ -1;PANOCER;Panocer 40 mg 28 Enterik Kaplı Tablet;10;3;13;0
03.09.2026;ALLIANCE HEALTHCARE;AH ERZURUM;8680001558117;YENI NENEHATUN ECZANESİ;ERZURUM MERKEZ -1;PANOCER;Panocer 40 mg 28 Enterik Kaplı Tablet;2;0;2;0
10.09.2026;ALLIANCE HEALTHCARE;AH ERZURUM;8680001300396;SÜPHAN ECZANESİ;ERZURUM MERKEZ -3;PANOCER;Panocer 40 mg 28 Enterik Kaplı Tablet;10;3;13;0
30.09.2026;ALLIANCE HEALTHCARE;AH KAYSERİ;8680001117031;TANER ECZANESİ;SIVAS MERKEZ -2;PANOCER;Panocer 40 mg 28 Enterik Kaplı Tablet;30;12;42;0
10.09.2026;ALLIANCE HEALTHCARE;AH ERZURUM;8680001483846;GAZİ ECZANESİ;ERZINCAN MERKEZ;PANOCER;Panocer 40 mg 28 Enterik Kaplı Tablet;30;12;42;0
23.09.2026;ALLIANCE HEALTHCARE;AH SAMSUN;8680001101542;ASYA ECZANESİ;SAMSUN DOGU ILCELER;PANOCER;Panocer 40 mg 28 Enterik Kaplı Tablet;1;0;1;0
18.09.2026;ALLIANCE HEALTHCARE;AH SAMSUN;8680001796397;İREM ECZANESİ;SAMSUN DOGU ILCELER - 2;PANOCER;Panocer 40 mg 28 Enterik Kaplı Tablet;10;3;13;0
19.09.2026;ALLIANCE HEALTHCARE;AH SAMSUN;8680001113583;ECEM ECZANESİ;SAMSUN ATAKUM;PANOCER;Panocer 40 mg 28 Enterik Kaplı Tablet;10;3;13;0
10.09.2026;ALLIANCE HEALTHCARE;AH ORDU;8680001522095;YAVUZ ECZANESİ;ORDU BATI ILCELER;PANOCER;Panocer 40 mg 28 Enterik Kaplı Tablet;10;3;13;0
21.09.2026;ALLIANCE HEALTHCARE;AH SAMSUN;8680001690800;ÇELİK ECZANESİ;SAMSUN DOGU ILCELER;PANOCER;Panocer 40 mg 28 Enterik Kaplı Tablet;2;0;2;0
10.09.2026;ALLIANCE HEALTHCARE;AH SAMSUN;8680001170678;GÖKHAN ECZANESİ;TOKAT DOGU ILCELER;PANOCER;Panocer 40 mg 28 Enterik Kaplı Tablet;30;12;42;0
11.09.2026;ALLIANCE HEALTHCARE;AH ORDU;8680001154425;SARIKAYA ECZANESİ;ORDU UNYE;PANOCER;Panocer 40 mg 28 Enterik Kaplı Tablet;50;25;75;0
22.09.2026;ALLIANCE HEALTHCARE;AH ORDU;8680001150618;ÖZTEKİN ECZANESİ;ORDU DOGU ILCELER;PANOCER;Panocer 40 mg 28 Enterik Kaplı Tablet;10;3;13;0
14.09.2026;ALLIANCE HEALTHCARE;AH SAMSUN;8680001116232;BUKET ECZANESİ;SINOP MERKEZ;PANOCER;Panocer 40 mg 28 Enterik Kaplı Tablet;30;12;42;0
14.09.2026;ALLIANCE HEALTHCARE;AH SAMSUN;8680001116331;KAYA ECZANESİ;SINOP MERKEZ;PANOCER;Panocer 40 mg 28 Enterik Kaplı Tablet;30;12;42;0
07.09.2026;ALLIANCE HEALTHCARE;AH ERZURUM;8680001127948;BURAK ECZANESİ;ERZURUM MERKEZ -3;PANOCER;Panocer 40 mg 28 Enterik Kaplı Tablet;10;3;13;0
16.09.2026;ALLIANCE HEALTHCARE;AH TRABZON;8680001654994;ULU ECZANESİ;TRABZON DOGU ILCELER -1;PANOCER;Panocer 40 mg 28 Enterik Kaplı Tablet;30;12;42;0
09.09.2026;ALLIANCE HEALTHCARE;AH ORDU;8680001710324;YAREN ECZANESİ;GIRESUN BULANCAK+PIRAZIZ;PANOCER;Panocer 40 mg 28 Enterik Kaplı Tablet;10;3;13;0
23.09.2026;ALLIANCE HEALTHCARE;AH ORDU;8680001165681;KAYMAK ECZANESİ;ORDU MERKEZ -3;PANOCER;Panocer 40 mg 28 Enterik Kaplı Tablet;10;3;13;0
21.09.2026;ALLIANCE HEALTHCARE;AH TRABZON;8680001570386;EROGLU ECZANESI;RIZE BATI ILCELER;PANOCER;Panocer 40 mg 14 Enterik Kaplı Tablet;10;3;13;0
03.09.2026;ALLIANCE HEALTHCARE;AH ORDU;8680001187447;ÖZBEK ECZANESİ;ORDU DOGU ILCELER;PANOCER;Panocer 40 mg 28 Enterik Kaplı Tablet;30;12;42;0
11.09.2026;ALLIANCE HEALTHCARE;AH SAMSUN;8680001124213;GÜVEN ECZANESİ;SAMSUN HAVZA+KAVAK+LADIK;PANOCER;Panocer 40 mg 28 Enterik Kaplı Tablet;30;12;42;0
01.09.2026;ALLIANCE HEALTHCARE;AH ERZURUM;8680001238194;HİZMET ECZANESİ;ERZINCAN MERKEZ;PANOCER;Panocer 40 mg 28 Enterik Kaplı Tablet;100;60;160;0
10.09.2026;ALLIANCE HEALTHCARE;AH ERZURUM;8680001752225;YAĞMUR ECZANESİ;AGRI DIYADIN+D.BEYAZIT;PANOCER;Panocer 40 mg 28 Enterik Kaplı Tablet;50;25;75;0
09.09.2026;ALLIANCE HEALTHCARE;AH ERZURUM;8680001114122;YILDIZ ECZANESİ;ERZURUM GUNEY ILCELER;PANOCER;Panocer 40 mg 28 Enterik Kaplı Tablet;30;12;42;0
01.09.2026;ALLIANCE HEALTHCARE;AH SAMSUN;8680001155705;HEKİMOĞLU ECZANESİ;CORUM GUNEYBATI ILCELER;PANOCER;Panocer 40 mg 28 Enterik Kaplı Tablet;165;135;300;0
15.09.2026;ALLIANCE HEALTHCARE;AH ERZURUM;8680001949625;MELİK ECZANESİ;AGRI DIYADIN+D.BEYAZIT;PANOCER;Panocer 40 mg 28 Enterik Kaplı Tablet;10;3;13;0
28.09.2026;ALLIANCE HEALTHCARE;AH SAMSUN;8680001115303;HAYAT ECZANESİ;SAMSUN BAFRA;PANOCER;Panocer 40 mg 28 Enterik Kaplı Tablet;30;12;42;0
03.09.2026;ALLIANCE HEALTHCARE;AH ERZURUM;8680001485635;TANRIVERDİ ECZANESİ;KARS MERKEZ;PANOCER;Panocer 40 mg 28 Enterik Kaplı Tablet;165;135;300;0
01.09.2026;ALLIANCE HEALTHCARE;AH SAMSUN;8680001417087;FİKRİ KARTAL ECZANESİ;CORUM KUZEY ILCELER;PANOCER;Panocer 40 mg 28 Enterik Kaplı Tablet;10;3;13;0
04.09.2026;ALLIANCE HEALTHCARE;AH ERZURUM;8680001235766;CAN ECZANESİ;ERZINCAN MERKEZ;PANOCER;Panocer 40 mg 28 Enterik Kaplı Tablet;50;25;75;0
16.09.2026;ALLIANCE HEALTHCARE;AH ORDU;8680001700653;KIR ECZANESI;ORDU FATSA;PANOCER;Panocer 40 mg 28 Enterik Kaplı Tablet;10;3;13;0
17.09.2026;ALLIANCE HEALTHCARE;AH KAYSERİ;8680001485604;DOĞRUYOL ECZANESİ;SIVAS MERKEZ -2;PANOCER;Panocer 40 mg 28 Enterik Kaplı Tablet;1;0;1;0
02.09.2026;ALLIANCE HEALTHCARE;AH ERZURUM;8680001530403;CEVİZ ECZANESİ;ERZURUM MERKEZ -1;PANOCER;Panocer 40 mg 28 Enterik Kaplı Tablet;1;0;1;0
07.09.2026;ALLIANCE HEALTHCARE;AH SAMSUN;8680001158898;ÖMÜR ECZANESİ;AMASYA ILCELER;PANOCER;Panocer 40 mg 28 Enterik Kaplı Tablet;30;12;42;0
15.09.2026;ALLIANCE HEALTHCARE;AH SAMSUN;8680001127153;SARAY ECZANESİ;SAMSUN TERME;PANOCER;Panocer 40 mg 28 Enterik Kaplı Tablet;10;3;13;0
02.09.2026;ALLIANCE HEALTHCARE;AH ORDU;8680001494163;ZEYNEP ECZANESİ;ORDU MERKEZ -3;PANOCER;Panocer 40 mg 28 Enterik Kaplı Tablet;4;0;4;0
14.09.2026;ALLIANCE HEALTHCARE;AH ORDU;8680001753178;LOTUS ECZANESİ;ORDU DOGU ILCELER;PANOCER;Panocer 40 mg 28 Enterik Kaplı Tablet;10;3;13;0
22.09.2026;ALLIANCE HEALTHCARE;AH TRABZON;8680001254255;MERKEZ ECZANESI;TRABZON AKCAABAT;PANOCER;Panocer 40 mg 28 Enterik Kaplı Tablet;1;0;1;0
01.09.2026;ALLIANCE HEALTHCARE;AH SAMSUN;8680001495306;DENİZCİ ECZANESİ;SAMSUN RASATHANE;PANOCER;Panocer 40 mg 28 Enterik Kaplı Tablet;5;0;5;0
09.09.2026;ALLIANCE HEALTHCARE;AH ERZURUM;8680001103461;ADA ECZANESİ;ERZURUM MERKEZ -1;PANOCER;Panocer 40 mg 28 Enterik Kaplı Tablet;10;3;13;0
04.09.2026;ALLIANCE HEALTHCARE;AH TRABZON;8680001481286;ÖZIŞIK ECZANESİ;ARTVIN MERKEZ+DOGU+GUNEY;PANOCER;Panocer 40 mg 28 Enterik Kaplı Tablet;165;135;300;0
25.09.2026;ALLIANCE HEALTHCARE;AH TRABZON;8680001178551;GÖKTAŞ ECZANESİ;ARTVIN KUZEY ILCELER;PANOCER;Panocer 40 mg 28 Enterik Kaplı Tablet;50;25;75;0
14.09.2026;ALLIANCE HEALTHCARE;AH TRABZON;8680001259717;ÖZLEM ECZANESİ;TRABZON DOGU ILCELER - 2;PANOCER;Panocer 40 mg 14 Enterik Kaplı Tablet;1;0;1;0
01.09.2026;ALLIANCE HEALTHCARE;AH ERZURUM;8680001522156;YENİ ARI ECZANESİ;AGRI MERKEZ;PANOCER;Panocer 40 mg 28 Enterik Kaplı Tablet;50;25;75;0
12.09.2026;ALLIANCE HEALTHCARE;AH ORDU;8680001525607;ATİK ECZANESİ;ORDU UNYE;PANOCER;Panocer 40 mg 28 Enterik Kaplı Tablet;10;3;13;0
11.09.2026;ALLIANCE HEALTHCARE;AH ORDU;8680001233335;ÜMİT ECZANESİ;ORDU GUNEY ILCELER -1;PANOCER;Panocer 40 mg 28 Enterik Kaplı Tablet;10;3;13;0
09.09.2026;ALLIANCE HEALTHCARE;AH SAMSUN;8680001519231;ALPEREN BOL ECZANESİ;AMASYA GOYNUCEK+TASOVA;PANOCER;Panocer 40 mg 28 Enterik Kaplı Tablet;30;12;42;0
14.09.2026;ALLIANCE HEALTHCARE;AH SAMSUN;8680001113217;ERDEM ECZANESİ;SAMSUN BAFRA;PANOCER;Panocer 40 mg 14 Enterik Kaplı Tablet;2;0;2;0
02.09.2026;ALLIANCE HEALTHCARE;AH SAMSUN;8680001438662;ATAKUM PARK ECZANESİ;SAMSUN ATAKUM;PANOCER;Panocer 40 mg 28 Enterik Kaplı Tablet;10;3;13;0
03.09.2026;ALLIANCE HEALTHCARE;AH ORDU;8680001183067;BALLICA ECZANESİ;GIRESUN BULANCAK+PIRAZIZ;PANOCER;Panocer 40 mg 14 Enterik Kaplı Tablet;2;0;2;0
01.09.2026;ALLIANCE HEALTHCARE;AH ORDU;8680001483327;MERVE ECZANESİ;GIRESUN MERKEZ -2;PANOCER;Panocer 40 mg 28 Enterik Kaplı Tablet;100;60;160;0
16.09.2026;ALLIANCE HEALTHCARE;AH SAMSUN;8680001216895;HAYAT ECZANESİ;TOKAT DOGU ILCELER;PANOCER;Panocer 40 mg 28 Enterik Kaplı Tablet;50;25;75;0
17.09.2026;ALLIANCE HEALTHCARE;AH SAMSUN;8680001649693;SANCAR ECZANESİ;SAMSUN DOGU ILCELER;PANOCER;Panocer 40 mg 28 Enterik Kaplı Tablet;2;0;2;0
08.09.2026;ALLIANCE HEALTHCARE;AH ORDU;8680001167418;GÖKALP ECZANESİ;GIRESUN MERKEZ -2;PANOCER;Panocer 40 mg 28 Enterik Kaplı Tablet;4;0;4;0
11.09.2026;ALLIANCE HEALTHCARE;AH KAYSERİ;8680001158591;TUĞUT ECZANESİ;SIVAS MERKEZ -1;PANOCER;Panocer 40 mg 28 Enterik Kaplı Tablet;165;135;300;0
19.09.2026;ALLIANCE HEALTHCARE;AH KAYSERİ;8680001120017;DÖRTYOL ECZANESİ;SIVAS MERKEZ -4;PANOCER;Panocer 40 mg 28 Enterik Kaplı Tablet;60;30;90;0
04.09.2026;ALLIANCE HEALTHCARE;AH ERZURUM;8680001103102;TUTAK ECZANESİ;AGRI ILCELER;PANOCER;Panocer 40 mg 28 Enterik Kaplı Tablet;50;25;75;0
24.09.2026;ALLIANCE HEALTHCARE;AH SAMSUN;8680001658411;SAĞLIK ECZANESİ;SAMSUN DOGU ILCELER;PANOCER;Panocer 40 mg 28 Enterik Kaplı Tablet;6;0;6;0
03.09.2026;ALLIANCE HEALTHCARE;AH ORDU;8680001566860;CANDAN ECZANESİ;GIRESUN BULANCAK+PIRAZIZ;PANOCER;Panocer 40 mg 28 Enterik Kaplı Tablet;10;3;13;0
01.09.2026;ALLIANCE HEALTHCARE;AH ORDU;8680001710324;YAREN ECZANESİ;GIRESUN BULANCAK+PIRAZIZ;PANOCER;Panocer 40 mg 28 Enterik Kaplı Tablet;10;3;13;0
25.09.2026;ALLIANCE HEALTHCARE;AH ERZURUM;8680001233021;BOĞAZİÇİ ECZANESİ;ERZINCAN MERKEZ;PANOCER;Panocer 40 mg 28 Enterik Kaplı Tablet;50;25;75;0
21.09.2026;ALLIANCE HEALTHCARE;AH TRABZON;8680001690305;SILA ECZANESİ;TRABZON AKCAABAT;PANOCER;Panocer 40 mg 28 Enterik Kaplı Tablet;10;3;13;0
24.09.2026;ALLIANCE HEALTHCARE;AH KAYSERİ;8680001376308;CAN ECZANESİ;SIVAS MERKEZ -2;PANOCER;Panocer 40 mg 28 Enterik Kaplı Tablet;10;3;13;0
01.09.2026;ALLIANCE HEALTHCARE;AH TRABZON;8680001272969;KAŞÜSTÜ ECZANESİ;TRABZON DOGU ILCELER - 2;PANOCER;Panocer 40 mg 28 Enterik Kaplı Tablet;10;3;13;0
04.09.2026;ALLIANCE HEALTHCARE;AH TRABZON;8680001278183;KOZA ECZANESİ;TRABZON AKCAABAT;PANOCER;Panocer 40 mg 28 Enterik Kaplı Tablet;30;12;42;0
29.09.2026;ALLIANCE HEALTHCARE;AH ORDU;8680001665112;DİLARA ECZANESİ;ORDU MERKEZ -3;PANOCER;Panocer 40 mg 28 Enterik Kaplı Tablet;1;0;1;0
18.09.2026;ALLIANCE HEALTHCARE;AH ORDU;8680001901760;TUĞÇEM ECZANESİ;ORDU FATSA;PANOCER;Panocer 40 mg 28 Enterik Kaplı Tablet;10;3;13;0
04.09.2026;ALLIANCE HEALTHCARE;AH TRABZON;8680001657544;AKTOPRAK ECZANESİ;TRABZON MERKEZ -1;PANOCER;Panocer 40 mg 28 Enterik Kaplı Tablet;2;0;2;0
04.09.2026;ALLIANCE HEALTHCARE;AH ORDU;8680001494163;ZEYNEP ECZANESİ;ORDU MERKEZ -3;PANOCER;Panocer 40 mg 28 Enterik Kaplı Tablet;3;0;3;0
19.09.2026;ALLIANCE HEALTHCARE;AH SAMSUN;8680001453061;ÖMÜREVLERİ ECZANESİ;SAMSUN ATAKUM;PANOCER;Panocer 40 mg 28 Enterik Kaplı Tablet;1;0;1;0
02.09.2026;ALLIANCE HEALTHCARE;AH ERZURUM;8680001114122;YILDIZ ECZANESİ;ERZURUM GUNEY ILCELER;PANOCER;Panocer 40 mg 28 Enterik Kaplı Tablet;30;12;42;0
04.09.2026;ALLIANCE HEALTHCARE;AH SAMSUN;8680001504145;UTKU ECZANESİ;SAMSUN DOGU ILCELER - 2;PANOCER;Panocer 40 mg 28 Enterik Kaplı Tablet;10;3;13;0
09.09.2026;ALLIANCE HEALTHCARE;AH SAMSUN;8680001244959;EREK ECZANESİ;TOKAT ERBAA;PANOCER;Panocer 40 mg 28 Enterik Kaplı Tablet;30;12;42;0
15.09.2026;ALLIANCE HEALTHCARE;AH ERZURUM;8680001122127;SULTAN ECZANESİ;ERZURUM MERKEZ -1;PANOCER;Panocer 40 mg 28 Enterik Kaplı Tablet;10;3;13;0
04.09.2026;ALLIANCE HEALTHCARE;AH ERZURUM;8680001182466;ŞİFA ECZANESİ;KARS MERKEZ;PANOCER;Panocer 40 mg 28 Enterik Kaplı Tablet;10;3;13;0
29.09.2026;ALLIANCE HEALTHCARE;AH ORDU;8680001185818;ZAFER ECZANESİ;GIRESUN DOGU ILCELER -2;PANOCER;Panocer 40 mg 28 Enterik Kaplı Tablet;10;3;13;0
02.09.2026;ALLIANCE HEALTHCARE;AH TRABZON;8680001131020;GÖKBERK ECZANESI;ARTVIN KUZEY ILCELER;PANOCER;Panocer 40 mg 28 Enterik Kaplı Tablet;10;3;13;0
09.09.2026;ALLIANCE HEALTHCARE;AH SAMSUN;8680001485963;AHENK ECZANESİ;SAMSUN BAFRA;PANOCER;Panocer 40 mg 28 Enterik Kaplı Tablet;165;135;300;0
18.09.2026;ALLIANCE HEALTHCARE;AH SAMSUN;8680001734306;VEZİRKÖPRÜ ECZANESİ;SAMSUN VEZIRKOPRU;PANOCER;Panocer 40 mg 28 Enterik Kaplı Tablet;50;25;75;0
17.09.2026;ALLIANCE HEALTHCARE;AH SAMSUN;8680001170012;SERPİL ECZANESİ;AMASYA ILCELER;PANOCER;Panocer 40 mg 28 Enterik Kaplı Tablet;50;25;75;0
23.09.2026;ALLIANCE HEALTHCARE;AH ERZURUM;8680001643752;NEZİHE ECZANESİ;AGRI DIYADIN+D.BEYAZIT;PANOCER;Panocer 40 mg 28 Enterik Kaplı Tablet;30;12;42;0
29.09.2026;ALLIANCE HEALTHCARE;AH ORDU;8680001202218;ŞAFAK ECZANESİ;ORDU DOGU ILCELER;PANOCER;Panocer 40 mg 28 Enterik Kaplı Tablet;10;3;13;0
29.09.2026;ALLIANCE HEALTHCARE;AH ERZURUM;8680001239009;BURAK ECZANESİ;ERZINCAN MERKEZ;PANOCER;Panocer 40 mg 28 Enterik Kaplı Tablet;30;12;42;0
16.09.2026;ALLIANCE HEALTHCARE;AH SAMSUN;8680001693221;CADDE YEDİTEPE ECZANESİ;CORUM MERKEZ -1;PANOCER;Panocer 40 mg 28 Enterik Kaplı Tablet;10;3;13;0
16.09.2026;ALLIANCE HEALTHCARE;AH SAMSUN;8680001132430;SEVEN ECZANESİ;SAMSUN DOGU ILCELER - 2;PANOCER;Panocer 40 mg 28 Enterik Kaplı Tablet;2;0;2;0
14.09.2026;ALLIANCE HEALTHCARE;AH TRABZON;8680001743155;NUR ECZANESİ;GUMUSHANE;PANOCER;Panocer 40 mg 28 Enterik Kaplı Tablet;10;3;13;0
02.09.2026;ALLIANCE HEALTHCARE;AH ORDU;8680001171309;KİTAPÇI ECZANESİ;GIRESUN MERKEZ -1;PANOCER;Panocer 40 mg 28 Enterik Kaplı Tablet;30;12;42;0
17.09.2026;ALLIANCE HEALTHCARE;AH SAMSUN;8680001733255;NİŞANTAŞI ECZANESİ;SAMSUN ATAKUM;PANOCER;Panocer 40 mg 28 Enterik Kaplı Tablet;3;0;3;0
14.09.2026;ALLIANCE HEALTHCARE;AH SAMSUN;8680001788767;ONAR ECZANESI;SAMSUN ATAKUM;PANOCER;Panocer 40 mg 28 Enterik Kaplı Tablet;1;0;1;0
19.09.2026;ALLIANCE HEALTHCARE;AH SAMSUN;8680001155842;ESRA ECZANESİ;SAMSUN ATAKENT+19 MAYIS;PANOCER;Panocer 40 mg 28 Enterik Kaplı Tablet;10;3;13;0
23.09.2026;ALLIANCE HEALTHCARE;AH SAMSUN;8680001430628;ALMUS ECZANESİ;TOKAT DOGU ILCELER;PANOCER;Panocer 40 mg 14 Enterik Kaplı Tablet;2;0;2;0
21.09.2026;ALLIANCE HEALTHCARE;AH SAMSUN;8680001663514;DEVA ECZANESİ;TOKAT MERKEZ -1;PANOCER;Panocer 40 mg 28 Enterik Kaplı Tablet;30;12;42;0
01.09.2026;ALLIANCE HEALTHCARE;AH SAMSUN;8680001375653;BAFRA ECZANESİ;SAMSUN BAFRA;PANOCER;Panocer 40 mg 28 Enterik Kaplı Tablet;50;25;75;0
14.09.2026;ALLIANCE HEALTHCARE;AH SAMSUN;8680001375707;GÜL ECZANESİ;SAMSUN ATAKUM;PANOCER;Panocer 40 mg 28 Enterik Kaplı Tablet;1;0;1;0
11.09.2026;ALLIANCE HEALTHCARE;AH SAMSUN;8680001503001;ÇINAR ECZANESİ;SAMSUN BAFRA;PANOCER;Panocer 40 mg 28 Enterik Kaplı Tablet;30;12;42;0
10.09.2026;ALLIANCE HEALTHCARE;AH TRABZON;8680001522439;YAŞAM ECZANESİ;GUMUSHANE;PANOCER;Panocer 40 mg 28 Enterik Kaplı Tablet;10;3;13;0
18.09.2026;ALLIANCE HEALTHCARE;AH TRABZON;8680001274208;BAHÇECİK ECZANESİ;TRABZON MERKEZ -2;PANOCER;Panocer 40 mg 28 Enterik Kaplı Tablet;50;25;75;0
18.09.2026;ALLIANCE HEALTHCARE;AH TRABZON;8680001279166;HAYAT ECZANESİ;TRABZON BATI ILCELER - 2;PANOCER;Panocer 40 mg 28 Enterik Kaplı Tablet;10;3;13;0
16.09.2026;ALLIANCE HEALTHCARE;AH ERZURUM;8680001731626;TÜRKAN ECZANESİ;ERZURUM GUNEY ILCELER;PANOCER;Panocer 40 mg 28 Enterik Kaplı Tablet;50;25;75;0
30.09.2026;ALLIANCE HEALTHCARE;AH SAMSUN;8680001186020;EVREN ECZANESİ;TOKAT MERKEZ -1;PANOCER;Panocer 40 mg 28 Enterik Kaplı Tablet;30;12;42;0
09.09.2026;ALLIANCE HEALTHCARE;AH SAMSUN;8680001118144;SÖĞÜTLÜ ECZANESİ;SAMSUN TERME;PANOCER;Panocer 40 mg 28 Enterik Kaplı Tablet;165;135;300;0
03.09.2026;ALLIANCE HEALTHCARE;AH SAMSUN;8680001137411;ÇINAR ECZANESİ;SAMSUN ADALET;PANOCER;Panocer 40 mg 28 Enterik Kaplı Tablet;1;0;1;0
25.09.2026;ALLIANCE HEALTHCARE;AH ERZURUM;8680001123087;DERYA ECZANESİ;ERZURUM MERKEZ -3;PANOCER;Panocer 40 mg 28 Enterik Kaplı Tablet;30;12;42;0
01.09.2026;ALLIANCE HEALTHCARE;AH ERZURUM;8680001132034;ESLEK ECZANESİ;ERZURUM GUNEY ILCELER;PANOCER;Panocer 40 mg 28 Enterik Kaplı Tablet;165;135;300;0
10.09.2026;ALLIANCE HEALTHCARE;AH SAMSUN;8680001144365;SAĞLIK ECZANESİ;CORUM MERKEZ -2;PANOCER;Panocer 40 mg 28 Enterik Kaplı Tablet;50;25;75;0
04.09.2026;ALLIANCE HEALTHCARE;AH SAMSUN;8680001109753;CUMHURİYET ECZANESİ;SAMSUN KALE;PANOCER;Panocer 40 mg 14 Enterik Kaplı Tablet;2;0;2;0
28.09.2026;ALLIANCE HEALTHCARE;AH SAMSUN;8680001116751;BAHÇELİEVLER ECZANESİ;SAMSUN BAHCELIEVLER;PANOCER;Panocer 40 mg 14 Enterik Kaplı Tablet;2;0;2;0
01.09.2026;ALLIANCE HEALTHCARE;AH SAMSUN;8680001172443;HAZNECİ ECZANESİ;AMASYA MERZIFON;PANOCER;Panocer 40 mg 28 Enterik Kaplı Tablet;30;12;42;0
03.09.2026;ALLIANCE HEALTHCARE;AH SAMSUN;8680001485901;TEMELKAYA ECZANESİ;SAMSUN BAFRA;PANOCER;Panocer 40 mg 28 Enterik Kaplı Tablet;10;3;13;0
22.09.2026;ALLIANCE HEALTHCARE;AH SAMSUN;8680001158256;DOĞA ECZANESİ;CORUM MERKEZ -3;PANOCER;Panocer 40 mg 28 Enterik Kaplı Tablet;3;0;3;0
28.09.2026;ALLIANCE HEALTHCARE;AH TRABZON;8680001275922;SELCUK ECZANESİ;TRABZON MERKEZ -3;PANOCER;Panocer 40 mg 28 Enterik Kaplı Tablet;30;12;42;0
02.09.2026;ALLIANCE HEALTHCARE;AH SAMSUN;8680001933426;CANSUYU ECZANESİ;TOKAT DOGU ILCELER;PANOCER;Panocer 40 mg 14 Enterik Kaplı Tablet;3;0;3;0
23.09.2026;ALLIANCE HEALTHCARE;AH SAMSUN;8680001147465;DAMLA GÜMÜŞAĞA ECZANESİ;CORUM MERKEZ -3;PANOCER;Panocer 40 mg 28 Enterik Kaplı Tablet;330;270;600;0
10.09.2026;ALLIANCE HEALTHCARE;AH SAMSUN;8680001116256;FATİH ECZANESİ;AMASYA MERKEZ -2;PANOCER;Panocer 40 mg 28 Enterik Kaplı Tablet;10;3;13;0
16.09.2026;ALLIANCE HEALTHCARE;AH ERZURUM;8680001117567;DUMAN ECZANESİ;AGRI MERKEZ;PANOCER;Panocer 40 mg 28 Enterik Kaplı Tablet;30;12;42;0
08.09.2026;ALLIANCE HEALTHCARE;AH SAMSUN;8680001338399;ÖNAL ECZANESİ;CORUM MERKEZ -2;PANOCER;Panocer 40 mg 14 Enterik Kaplı Tablet;1;0;1;0
21.09.2026;ALLIANCE HEALTHCARE;AH SAMSUN;8680001673605;ASRIN ECZANESİ;TOKAT ERBAA;PANOCER;Panocer 40 mg 28 Enterik Kaplı Tablet;5;0;5;0
07.09.2026;ALLIANCE HEALTHCARE;AH KAYSERİ;8680001136940;SERDAR ECZANESİ;SIVAS MERKEZ -3;PANOCER;Panocer 40 mg 28 Enterik Kaplı Tablet;10;3;13;0
14.09.2026;ALLIANCE HEALTHCARE;AH SAMSUN;8680001667222;AMASYA ECZANESİ;AMASYA MERKEZ -2;PANOCER;Panocer 40 mg 28 Enterik Kaplı Tablet;30;12;42;0
07.09.2026;ALLIANCE HEALTHCARE;AH ORDU;8680001143344;KÖROĞLU ECZANESİ;ORDU MERKEZ -3;PANOCER;Panocer 40 mg 28 Enterik Kaplı Tablet;10;3;13;0
28.09.2026;ALLIANCE HEALTHCARE;AH SAMSUN;8680001420650;CANİK BULUT ECZANESİ;SAMSUN CANIK;PANOCER;Panocer 40 mg 28 Enterik Kaplı Tablet;4;0;4;0
08.09.2026;ALLIANCE HEALTHCARE;AH ORDU;8680001632466;TUGCAN ECZANESI;ORDU MERKEZ -3;PANOCER;Panocer 40 mg 28 Enterik Kaplı Tablet;10;3;13;0
22.09.2026;ALLIANCE HEALTHCARE;AH SAMSUN;8680001605439;ORGANIK ECZANESI;SAMSUN ATAKUM;PANOCER;Panocer 40 mg 28 Enterik Kaplı Tablet;2;0;2;0
08.09.2026;ALLIANCE HEALTHCARE;AH SAMSUN;8680001643424;AYÇAM ECZANESİ;CORUM MERKEZ -3;PANOCER;Panocer 40 mg 28 Enterik Kaplı Tablet;30;12;42;0
23.09.2026;ALLIANCE HEALTHCARE;AH SAMSUN;8680001158256;DOĞA ECZANESİ;CORUM MERKEZ -3;PANOCER;Panocer 40 mg 28 Enterik Kaplı Tablet;50;25;75;0
11.09.2026;ALLIANCE HEALTHCARE;AH ERZURUM;8680001527434;MERYEM ECZANESİ;ERZURUM GUNEY ILCELER;PANOCER;Panocer 40 mg 28 Enterik Kaplı Tablet;10;3;13;0
10.09.2026;ALLIANCE HEALTHCARE;AH KAYSERİ;8680001147984;DEVA ECZANESİ;SIVAS MERKEZ -1;PANOCER;Panocer 40 mg 14 Enterik Kaplı Tablet;10;3;13;0
18.09.2026;ALLIANCE HEALTHCARE;AH SAMSUN;8680001171057;ÖZLEM ECZANESİ;AMASYA ILCELER;PANOCER;Panocer 40 mg 28 Enterik Kaplı Tablet;10;3;13;0
17.09.2026;ALLIANCE HEALTHCARE;AH SAMSUN;8680001550487;ÇELİKER ECZANESİ;CORUM MERKEZ -3;PANOCER;Panocer 40 mg 28 Enterik Kaplı Tablet;50;25;75;0
25.09.2026;ALLIANCE HEALTHCARE;AH SAMSUN;8680001513369;SÜMER ECZANESİ;SAMSUN HAVZA+KAVAK+LADIK;PANOCER;Panocer 40 mg 28 Enterik Kaplı Tablet;10;3;13;0
09.09.2026;ALLIANCE HEALTHCARE;AH SAMSUN;8680001145690;ŞİFA ECZANESİ;SAMSUN ALACAM+YAKAKENT;PANOCER;Panocer 40 mg 28 Enterik Kaplı Tablet;10;3;13;0
30.09.2026;ALLIANCE HEALTHCARE;AH ORDU;8680001163717;KARADENİZ ECZANESİ;ORDU DOGU ILCELER;PANOCER;Panocer 40 mg 28 Enterik Kaplı Tablet;10;3;13;0
08.09.2026;ALLIANCE HEALTHCARE;AH ORDU;8680001246724;YASEMİN ECZANESİ;ORDU UNYE;PANOCER;Panocer 40 mg 28 Enterik Kaplı Tablet;-50;-25;-75;-25
11.09.2026;ALLIANCE HEALTHCARE;AH ERZURUM;8680001113149;BİLGİNER ECZANESİ;ERZURUM MERKEZ -3;PANOCER;Panocer 40 mg 28 Enterik Kaplı Tablet;50;25;75;0
21.09.2026;ALLIANCE HEALTHCARE;AH SAMSUN;8680001121212;SAĞLIK ECZANESİ;SAMSUN VEZIRKOPRU;PANOCER;Panocer 40 mg 28 Enterik Kaplı Tablet;30;12;42;0
11.09.2026;ALLIANCE HEALTHCARE;AH SAMSUN;8680001171934;TEKNECİ ECZANESİ;AMASYA MERZIFON;PANOCER;Panocer 40 mg 28 Enterik Kaplı Tablet;30;12;42;0
03.09.2026;ALLIANCE HEALTHCARE;AH TRABZON;8680001535347;ŞAVŞAT ECZANESİ;ARTVIN MERKEZ+DOGU+GUNEY;PANOCER;Panocer 40 mg 28 Enterik Kaplı Tablet;165;135;300;0
04.09.2026;ALLIANCE HEALTHCARE;AH TRABZON;8680001729548;LOTUS ECZANESİ;ARTVIN MERKEZ+DOGU+GUNEY;PANOCER;Panocer 40 mg 28 Enterik Kaplı Tablet;30;12;42;0
22.09.2026;ALLIANCE HEALTHCARE;AH TRABZON;8680001105649;HASTANELER ECZANESİ;RIZE MERKEZ;PANOCER;Panocer 40 mg 14 Enterik Kaplı Tablet;2;0;2;0
15.09.2026;ALLIANCE HEALTHCARE;AH ERZURUM;8680001709700;MERKEZ ECZANESI;ERZINCAN MERKEZ;PANOCER;Panocer 40 mg 14 Enterik Kaplı Tablet;2;0;2;0
08.09.2026;ALLIANCE HEALTHCARE;AH TRABZON;8680001657544;AKTOPRAK ECZANESİ;TRABZON MERKEZ -1;PANOCER;Panocer 40 mg 28 Enterik Kaplı Tablet;4;0;4;0
10.09.2026;ALLIANCE HEALTHCARE;AH TRABZON;8680001657544;AKTOPRAK ECZANESİ;TRABZON MERKEZ -1;PANOCER;Panocer 40 mg 28 Enterik Kaplı Tablet;3;0;3;0
02.09.2026;ALLIANCE HEALTHCARE;AH TRABZON;8680001259526;FIRAT ECZANESİ;TRABZON MERKEZ -3;PANOCER;Panocer 40 mg 28 Enterik Kaplı Tablet;30;12;42;0
11.09.2026;ALLIANCE HEALTHCARE;AH ORDU;8680001187829;SAĞLIK ECZANESİ;ORDU DOGU ILCELER;PANOCER;Panocer 40 mg 28 Enterik Kaplı Tablet;10;3;13;0
09.09.2026;ALLIANCE HEALTHCARE;AH ERZURUM;8680001520756;DEVA ECZANESİ;KARS MERKEZ;PANOCER;Panocer 40 mg 28 Enterik Kaplı Tablet;30;12;42;0
28.09.2026;ALLIANCE HEALTHCARE;AH ORDU;8680001142286;KONAK ECZANESİ;ORDU MERKEZ -3;PANOCER;Panocer 40 mg 28 Enterik Kaplı Tablet;3;0;3;0
07.09.2026;ALLIANCE HEALTHCARE;AH SAMSUN;8680001127153;SARAY ECZANESİ;SAMSUN TERME;PANOCER;Panocer 40 mg 28 Enterik Kaplı Tablet;10;3;13;0
14.09.2026;ALLIANCE HEALTHCARE;AH SAMSUN;8680001148127;YASEMİN ECZANESİ;CORUM MERKEZ -3;PANOCER;Panocer 40 mg 28 Enterik Kaplı Tablet;30;12;42;0
11.09.2026;ALLIANCE HEALTHCARE;AH KAYSERİ;8680001645213;ÖMÜR ECZANESİ;SIVAS MERKEZ -1;PANOCER;Panocer 40 mg 28 Enterik Kaplı Tablet;50;25;75;0
16.09.2026;ALLIANCE HEALTHCARE;AH SAMSUN;8680001149476;ÖZÇETİN ECZANESİ;CORUM MERKEZ -1;PANOCER;Panocer 40 mg 28 Enterik Kaplı Tablet;165;135;300;0
25.09.2026;ALLIANCE HEALTHCARE;AH KAYSERİ;8680001117031;TANER ECZANESİ;SIVAS MERKEZ -2;PANOCER;Panocer 40 mg 28 Enterik Kaplı Tablet;10;3;13;0
25.09.2026;ALLIANCE HEALTHCARE;AH KAYSERİ;8680001162727;SEZGİ ECZANESİ;SIVAS MERKEZ -4;PANOCER;Panocer 40 mg 28 Enterik Kaplı Tablet;165;135;300;0
04.09.2026;ALLIANCE HEALTHCARE;AH SAMSUN;8680001114184;DEMIR ECZANESI;SINOP MERKEZ;PANOCER;Panocer 40 mg 28 Enterik Kaplı Tablet;50;25;75;0
04.09.2026;ALLIANCE HEALTHCARE;AH SAMSUN;8680001228744;LOKMAN ECZANESİ;TOKAT ERBAA;PANOCER;Panocer 40 mg 28 Enterik Kaplı Tablet;10;3;13;0
11.09.2026;ALLIANCE HEALTHCARE;AH SAMSUN;8680001228744;LOKMAN ECZANESİ;TOKAT ERBAA;PANOCER;Panocer 40 mg 28 Enterik Kaplı Tablet;10;3;13;0
03.09.2026;ALLIANCE HEALTHCARE;AH TRABZON;8680001260690;YAĞMUR ECZANESİ;TRABZON AKCAABAT;PANOCER;Panocer 40 mg 28 Enterik Kaplı Tablet;165;135;300;0
11.09.2026;ALLIANCE HEALTHCARE;AH TRABZON;8680001657544;AKTOPRAK ECZANESİ;TRABZON MERKEZ -1;PANOCER;Panocer 40 mg 28 Enterik Kaplı Tablet;4;0;4;0
29.09.2026;ALLIANCE HEALTHCARE;AH SAMSUN;8680001114825;LADİK MUTLU ECZANESİ;SAMSUN HAVZA+KAVAK+LADIK;PANOCER;Panocer 40 mg 28 Enterik Kaplı Tablet;10;3;13;0
17.09.2026;ALLIANCE HEALTHCARE;AH TRABZON;8680001224173;KOÇHAN ECZANESİ;TRABZON DUZKOY+MACKA;PANOCER;Panocer 40 mg 28 Enterik Kaplı Tablet;10;3;13;0
01.09.2026;ALLIANCE HEALTHCARE;AH TRABZON;8680001255207;MEYDAN ECZANESİ;TRABZON MERKEZ -4;PANOCER;Panocer 40 mg 14 Enterik Kaplı Tablet;1;0;1;0
02.09.2026;ALLIANCE HEALTHCARE;AH TRABZON;8680001264346;HAYIRLIOĞLU ECZANESİ;TRABZON MERKEZ -3;PANOCER;Panocer 40 mg 28 Enterik Kaplı Tablet;3;0;3;0
04.09.2026;ALLIANCE HEALTHCARE;AH TRABZON;8680001101986;ÇAMLIBEL ECZANESİ;RIZE MERKEZ;PANOCER;Panocer 40 mg 14 Enterik Kaplı Tablet;2;0;2;0
17.09.2026;ALLIANCE HEALTHCARE;AH TRABZON;8680001205899;BÜYÜK ECZANESİ;TRABZON DOGU ILCELER -1;PANOCER;Panocer 40 mg 28 Enterik Kaplı Tablet;10;3;13;0
22.09.2026;ALLIANCE HEALTHCARE;AH ORDU;8680001679072;NİSAN ECZANESİ;ORDU MERKEZ -3;PANOCER;Panocer 40 mg 28 Enterik Kaplı Tablet;10;3;13;0
17.09.2026;ALLIANCE HEALTHCARE;AH ERZURUM;8680001948673;YENİ KÖPRÜKÖY ECZANESİ;ERZURUM GUNEY ILCELER;PANOCER;Panocer 40 mg 28 Enterik Kaplı Tablet;1;0;1;0
03.09.2026;ALLIANCE HEALTHCARE;AH TRABZON;8680001835850;YILDIRIMHAN ECZANESİ;TRABZON DOGU ILCELER - 2;PANOCER;Panocer 40 mg 28 Enterik Kaplı Tablet;3;0;3;0
04.09.2026;ALLIANCE HEALTHCARE;AH KAYSERİ;8680001158317;ÇETİNKAYA ECZANESİ;SIVAS MERKEZ -2;PANOCER;Panocer 40 mg 28 Enterik Kaplı Tablet;264;216;480;0
01.09.2026;ALLIANCE HEALTHCARE;AH SAMSUN;8680001468553;KARTAL ECZANESİ;CORUM MERKEZ -3;PANOCER;Panocer 40 mg 28 Enterik Kaplı Tablet;10;3;13;0
25.09.2026;ALLIANCE HEALTHCARE;AH SAMSUN;8680001156603;YÜKSEL ECZANESİ;CORUM KUZEY ILCELER;PANOCER;Panocer 40 mg 28 Enterik Kaplı Tablet;10;3;13;0
17.09.2026;ALLIANCE HEALTHCARE;AH ORDU;8680001233335;ÜMİT ECZANESİ;ORDU GUNEY ILCELER -1;PANOCER;Panocer 40 mg 28 Enterik Kaplı Tablet;30;12;42;0
18.09.2026;ALLIANCE HEALTHCARE;AH ORDU;8680001733361;ÖZLEM ECZANESİ;ORDU GUNEY ILCELER -1;PANOCER;Panocer 40 mg 28 Enterik Kaplı Tablet;50;25;75;0
03.09.2026;ALLIANCE HEALTHCARE;AH ORDU;8680001899241;AHSEN ECZANESİ;ORDU FATSA;PANOCER;Panocer 40 mg 28 Enterik Kaplı Tablet;10;3;13;0
23.09.2026;ALLIANCE HEALTHCARE;AH SAMSUN;8680001453061;ÖMÜREVLERİ ECZANESİ;SAMSUN ATAKUM;PANOCER;Panocer 40 mg 28 Enterik Kaplı Tablet;1;0;1;0
07.09.2026;ALLIANCE HEALTHCARE;AH TRABZON;8680001199525;AĞASAR ECZANESİ;TRABZON MERKEZ -1;PANOCER;Panocer 40 mg 28 Enterik Kaplı Tablet;10;3;13;0
09.09.2026;ALLIANCE HEALTHCARE;AH SAMSUN;8680001626922;DİLA ECZANESİ;SAMSUN BAHCELIEVLER;PANOCER;Panocer 40 mg 28 Enterik Kaplı Tablet;2;0;2;0
25.09.2026;ALLIANCE HEALTHCARE;AH ORDU;8680001919048;BUSE ECZANESİ KUMRU;ORDU BATI ILCELER;PANOCER;Panocer 40 mg 28 Enterik Kaplı Tablet;10;3;13;0
01.09.2026;ALLIANCE HEALTHCARE;AH ERZURUM;8680001119295;FULYA ECZANESİ;ERZURUM MERKEZ -3;PANOCER;Panocer 40 mg 28 Enterik Kaplı Tablet;50;25;75;0
29.09.2026;ALLIANCE HEALTHCARE;AH ORDU;8680001167418;GÖKALP ECZANESİ;GIRESUN MERKEZ -2;PANOCER;Panocer 40 mg 28 Enterik Kaplı Tablet;5;0;5;0
10.09.2026;ALLIANCE HEALTHCARE;AH SAMSUN;8680001127184;ALBAYRAK ECZANESİ;AMASYA MERKEZ -1;PANOCER;Panocer 40 mg 28 Enterik Kaplı Tablet;10;3;13;0
01.09.2026;ALLIANCE HEALTHCARE;AH SAMSUN;8680001142606;DAMLA ECZANESİ;CORUM MERKEZ -3;PANOCER;Panocer 40 mg 28 Enterik Kaplı Tablet;165;135;300;0
25.09.2026;ALLIANCE HEALTHCARE;AH SAMSUN;8680001144747;UYSAL ECZANESİ;CORUM MERKEZ -3;PANOCER;Panocer 40 mg 28 Enterik Kaplı Tablet;30;12;42;0
01.09.2026;ALLIANCE HEALTHCARE;AH SAMSUN;8680001144839;EĞİTİM ECZANESİ;CORUM MERKEZ -1;PANOCER;Panocer 40 mg 28 Enterik Kaplı Tablet;50;25;75;0
18.09.2026;ALLIANCE HEALTHCARE;AH ERZURUM;8680001472611;ÇELEBİ ECZANESİ;KARS MERKEZ;PANOCER;Panocer 40 mg 28 Enterik Kaplı Tablet;50;25;75;0
16.09.2026;ALLIANCE HEALTHCARE;AH TRABZON;8680001457687;TUĞBA ECZANESİ;TRABZON AKCAABAT;PANOCER;Panocer 40 mg 28 Enterik Kaplı Tablet;50;25;75;0
16.09.2026;ALLIANCE HEALTHCARE;AH SAMSUN;8680001116256;FATİH ECZANESİ;AMASYA MERKEZ -2;PANOCER;Panocer 40 mg 28 Enterik Kaplı Tablet;30;12;42;0
09.09.2026;ALLIANCE HEALTHCARE;AH TRABZON;8680001835850;YILDIRIMHAN ECZANESİ;TRABZON DOGU ILCELER - 2;PANOCER;Panocer 40 mg 28 Enterik Kaplı Tablet;10;3;13;0
15.09.2026;ALLIANCE HEALTHCARE;AH ORDU;8680001255603;YEŞİLOVA ECZANESİ;ORDU MERKEZ -2;PANOCER;Panocer 40 mg 28 Enterik Kaplı Tablet;10;3;13;0
25.09.2026;ALLIANCE HEALTHCARE;AH SAMSUN;8680001488216;ÇİĞDEM ECZANESİ;AMASYA ILCELER;PANOCER;Panocer 40 mg 28 Enterik Kaplı Tablet;50;25;75;0
16.09.2026;ALLIANCE HEALTHCARE;AH SAMSUN;8680001144976;ÖNDER ECZANESİ;CORUM GUNEYBATI ILCELER;PANOCER;Panocer 40 mg 28 Enterik Kaplı Tablet;30;12;42;0
02.09.2026;ALLIANCE HEALTHCARE;AH SAMSUN;8680001148363;PINAR ECZANESİ;CORUM MERKEZ -2;PANOCER;Panocer 40 mg 28 Enterik Kaplı Tablet;165;135;300;0
02.09.2026;ALLIANCE HEALTHCARE;AH SAMSUN;8680001180486;OKUDAN ECZANESİ;AMASYA MERZIFON;PANOCER;Panocer 40 mg 28 Enterik Kaplı Tablet;100;60;160;0
09.09.2026;ALLIANCE HEALTHCARE;AH SAMSUN;8680001177790;EKİN ECZANESİ;TOKAT DOGU ILCELER;PANOCER;Panocer 40 mg 28 Enterik Kaplı Tablet;30;12;42;0
07.09.2026;ALLIANCE HEALTHCARE;AH TRABZON;8680001793495;YAĞMUR ECZANESİ;GUMUSHANE;PANOCER;Panocer 40 mg 28 Enterik Kaplı Tablet;30;12;42;0
02.09.2026;ALLIANCE HEALTHCARE;AH TRABZON;8680001224685;EBRU ECZANESİ;TRABZON AKCAABAT;PANOCER;Panocer 40 mg 28 Enterik Kaplı Tablet;165;135;300;0
24.09.2026;ALLIANCE HEALTHCARE;AH ERZURUM;8680001527434;MERYEM ECZANESİ;ERZURUM GUNEY ILCELER;PANOCER;Panocer 40 mg 28 Enterik Kaplı Tablet;10;3;13;0
30.09.2026;ALLIANCE HEALTHCARE;AH SAMSUN;8680001453061;ÖMÜREVLERİ ECZANESİ;SAMSUN ATAKUM;PANOCER;Panocer 40 mg 28 Enterik Kaplı Tablet;3;0;3;0
25.09.2026;ALLIANCE HEALTHCARE;AH SAMSUN;8680001458790;BARAN ECZANESİ;SAMSUN VEZIRKOPRU;PANOCER;Panocer 40 mg 28 Enterik Kaplı Tablet;30;12;42;0
02.09.2026;ALLIANCE HEALTHCARE;AH SAMSUN;8680001144044;BOZDOĞAN ECZANESİ;CORUM MERKEZ -3;PANOCER;Panocer 40 mg 28 Enterik Kaplı Tablet;10;3;13;0
04.09.2026;ALLIANCE HEALTHCARE;AH ORDU;8680001246724;YASEMİN ECZANESİ;ORDU UNYE;PANOCER;Panocer 40 mg 28 Enterik Kaplı Tablet;50;25;75;0
08.09.2026;ALLIANCE HEALTHCARE;AH ORDU;8680001156580;FATİH ECZANESİ;ORDU MERKEZ -1;PANOCER;Panocer 40 mg 28 Enterik Kaplı Tablet;10;3;13;0
07.09.2026;ALLIANCE HEALTHCARE;AH TRABZON;8680001422517;YAYLACIK ECZANESİ;TRABZON AKCAABAT;PANOCER;Panocer 40 mg 28 Enterik Kaplı Tablet;30;12;42;0
01.09.2026;ALLIANCE HEALTHCARE;AH ERZURUM;8680001516889;YENİ BUHARA ECZANESİ;ERZURUM MERKEZ -3;PANOCER;Panocer 40 mg 28 Enterik Kaplı Tablet;10;3;13;0
25.09.2026;ALLIANCE HEALTHCARE;AH KAYSERİ;8680001452637;DUMAN ECZANESİ;SIVAS MERKEZ -2;PANOCER;Panocer 40 mg 28 Enterik Kaplı Tablet;50;25;75;0
22.09.2026;ALLIANCE HEALTHCARE;AH SAMSUN;8680001236220;CERİTOĞLU ECZANESİ;TOKAT DOGU ILCELER;PANOCER;Panocer 40 mg 28 Enterik Kaplı Tablet;10;3;13;0
22.09.2026;ALLIANCE HEALTHCARE;AH SAMSUN;8680001180172;CİVEK ECZANESİ;AMASYA MERZIFON;PANOCER;Panocer 40 mg 28 Enterik Kaplı Tablet;30;12;42;0
01.09.2026;ALLIANCE HEALTHCARE;AH ERZURUM;8680001458844;DEVA ECZANESİ;AGRI ILCELER;PANOCER;Panocer 40 mg 28 Enterik Kaplı Tablet;30;12;42;0
02.09.2026;ALLIANCE HEALTHCARE;AH TRABZON;8680001268580;AKÇAABAT ECZANESİ;TRABZON AKCAABAT;PANOCER;Panocer 40 mg 28 Enterik Kaplı Tablet;10;3;13;0
01.09.2026;ALLIANCE HEALTHCARE;AH ORDU;8680001522095;YAVUZ ECZANESİ;ORDU BATI ILCELER;PANOCER;Panocer 40 mg 28 Enterik Kaplı Tablet;10;3;13;0
15.09.2026;ALLIANCE HEALTHCARE;AH ORDU;8680001188598;SAĞLIK ECZANESİ;ORDU DOGU ILCELER;PANOCER;Panocer 40 mg 28 Enterik Kaplı Tablet;10;3;13;0
02.09.2026;ALLIANCE HEALTHCARE;AH SAMSUN;8680001727551;ATLAS ECZANESİ;CORUM MERKEZ -1;PANOCER;Panocer 40 mg 28 Enterik Kaplı Tablet;50;25;75;0
01.09.2026;ALLIANCE HEALTHCARE;AH KAYSERİ;8680001645213;ÖMÜR ECZANESİ;SIVAS MERKEZ -1;PANOCER;Panocer 40 mg 28 Enterik Kaplı Tablet;10;3;13;0
15.09.2026;ALLIANCE HEALTHCARE;AH ORDU;8680001148158;ÇAĞDAŞ ECZANESİ;ORDU UNYE;PANOCER;Panocer 40 mg 14 Enterik Kaplı Tablet;30;12;42;0
16.09.2026;ALLIANCE HEALTHCARE;AH TRABZON;8680001188482;ŞİFA ECZANESİ;GUMUSHANE;PANOCER;Panocer 40 mg 28 Enterik Kaplı Tablet;30;12;42;0
18.09.2026;ALLIANCE HEALTHCARE;AH SAMSUN;8680001154463;YILDIRIM ECZANESİ;CORUM GUNEYDOGU ILCELER;PANOCER;Panocer 40 mg 28 Enterik Kaplı Tablet;50;25;75;0
01.09.2026;ALLIANCE HEALTHCARE;AH ORDU;8680001753178;LOTUS ECZANESİ;ORDU DOGU ILCELER;PANOCER;Panocer 40 mg 28 Enterik Kaplı Tablet;10;3;13;0
14.09.2026;ALLIANCE HEALTHCARE;AH TRABZON;8680001732784;MERKEZ ECZANESI;TRABZON MERKEZ -1;PANOCER;Panocer 40 mg 14 Enterik Kaplı Tablet;-1;0;-1;0
01.09.2026;ALLIANCE HEALTHCARE;AH SAMSUN;8680001702251;DAMLA ECZANESİ;AMASYA MERKEZ -2;PANOCER;Panocer 40 mg 28 Enterik Kaplı Tablet;10;3;13;0
03.09.2026;ALLIANCE HEALTHCARE;AH SAMSUN;8680001901395;HELVACALİ ECZANESI;SAMSUN DOGU ILCELER - 2;PANOCER;Panocer 40 mg 28 Enterik Kaplı Tablet;10;3;13;0
08.09.2026;ALLIANCE HEALTHCARE;AH ORDU;8680001202294;ŞAHİN ECZANESİ;ORDU DOGU ILCELER;PANOCER;Panocer 40 mg 28 Enterik Kaplı Tablet;10;3;13;0
04.09.2026;ALLIANCE HEALTHCARE;AH ORDU;8680001381579;HAZEL ECZANESİ;ORDU BATI ILCELER;PANOCER;Panocer 40 mg 28 Enterik Kaplı Tablet;30;12;42;0
18.09.2026;ALLIANCE HEALTHCARE;AH ORDU;8680001201945;SOYSAL ECZANESİ;ORDU UNYE;PANOCER;Panocer 40 mg 28 Enterik Kaplı Tablet;100;60;160;0
03.09.2026;ALLIANCE HEALTHCARE;AH SAMSUN;8680001142323;DERMAN ECZANESİ;CORUM MERKEZ -1;PANOCER;Panocer 40 mg 14 Enterik Kaplı Tablet;2;0;2;0
03.09.2026;ALLIANCE HEALTHCARE;AH ORDU;8680001255658;YILMAZ ECZANESİ;ORDU UNYE;PANOCER;Panocer 40 mg 28 Enterik Kaplı Tablet;30;12;42;0
28.09.2026;ALLIANCE HEALTHCARE;AH ORDU;8680001691197;METE ECZANESİ;ORDU DOGU ILCELER;PANOCER;Panocer 40 mg 28 Enterik Kaplı Tablet;10;3;13;0
30.09.2026;ALLIANCE HEALTHCARE;AH ORDU;8680001161065;DOĞAN ECZANESİ;ORDU DOGU ILCELER;PANOCER;Panocer 40 mg 14 Enterik Kaplı Tablet;10;3;13;0
25.09.2026;ALLIANCE HEALTHCARE;AH SAMSUN;8680001573523;CIHAN ECZANESI;TOKAT MERKEZ -2;PANOCER;Panocer 40 mg 28 Enterik Kaplı Tablet;1;0;1;0
28.09.2026;ALLIANCE HEALTHCARE;AH SAMSUN;8680001101528;OZAN ECZANESİ;SAMSUN ATAKENT+19 MAYIS;PANOCER;Panocer 40 mg 28 Enterik Kaplı Tablet;30;12;42;0
17.09.2026;ALLIANCE HEALTHCARE;AH TRABZON;8680001272969;KAŞÜSTÜ ECZANESİ;TRABZON DOGU ILCELER - 2;PANOCER;Panocer 40 mg 28 Enterik Kaplı Tablet;10;3;13;0
04.09.2026;ALLIANCE HEALTHCARE;AH SAMSUN;8680001693276;ZİLE ECZANESİ;TOKAT BATI ILCELER;PANOCER;Panocer 40 mg 28 Enterik Kaplı Tablet;30;12;42;0
03.09.2026;ALLIANCE HEALTHCARE;AH ORDU;8680001142828;TÜLİN ECZANESİ;ORDU MERKEZ -2;PANOCER;Panocer 40 mg 28 Enterik Kaplı Tablet;10;3;13;0
01.09.2026;ALLIANCE HEALTHCARE;AH TRABZON;8680001251162;GÖKHAN ECZANESİ;TRABZON AKCAABAT;PANOCER;Panocer 40 mg 28 Enterik Kaplı Tablet;50;25;75;0
22.09.2026;ALLIANCE HEALTHCARE;AH ORDU;8680001844371;BUŞRA ECZANESİ;ORDU FATSA;PANOCER;Panocer 40 mg 28 Enterik Kaplı Tablet;30;12;42;0
03.09.2026;ALLIANCE HEALTHCARE;AH SAMSUN;8680001178230;KOÇAK ECZANESİ;AMASYA MERZIFON;PANOCER;Panocer 40 mg 28 Enterik Kaplı Tablet;10;3;13;0
03.09.2026;ALLIANCE HEALTHCARE;AH SAMSUN;8680001605439;ORGANIK ECZANESI;SAMSUN ATAKUM;PANOCER;Panocer 40 mg 14 Enterik Kaplı Tablet;1;0;1;0
01.09.2026;ALLIANCE HEALTHCARE;AH SAMSUN;8680001121557;OVALI ECZANESİ;SAMSUN DOGU ILCELER;PANOCER;Panocer 40 mg 28 Enterik Kaplı Tablet;10;3;13;0
18.09.2026;ALLIANCE HEALTHCARE;AH ERZURUM;8680001472628;EGE ECZANESİ;AGRI DIYADIN+D.BEYAZIT;PANOCER;Panocer 40 mg 28 Enterik Kaplı Tablet;10;3;13;0
17.09.2026;ALLIANCE HEALTHCARE;AH ERZURUM;8680001481484;HİRA ECZANESİ;AGRI MERKEZ;PANOCER;Panocer 40 mg 28 Enterik Kaplı Tablet;10;3;13;0
15.09.2026;ALLIANCE HEALTHCARE;AH ERZURUM;8680001485635;TANRIVERDİ ECZANESİ;KARS MERKEZ;PANOCER;Panocer 40 mg 28 Enterik Kaplı Tablet;-2;0;-2;0
15.09.2026;ALLIANCE HEALTHCARE;AH TRABZON;8680001256853;VANDAN ECZANESİ;TRABZON MERKEZ -2;PANOCER;Panocer 40 mg 28 Enterik Kaplı Tablet;10;3;13;0
11.09.2026;ALLIANCE HEALTHCARE;AH KAYSERİ;8680001117031;TANER ECZANESİ;SIVAS MERKEZ -2;PANOCER;Panocer 40 mg 28 Enterik Kaplı Tablet;10;3;13;0
25.09.2026;ALLIANCE HEALTHCARE;AH SAMSUN;8680001669196;BATUR ECZANESİ;SAMSUN ATAKENT+19 MAYIS;PANOCER;Panocer 40 mg 28 Enterik Kaplı Tablet;10;3;13;0
14.09.2026;ALLIANCE HEALTHCARE;AH SAMSUN;8680001436453;DEFNE ECZANESİ;SAMSUN ATAKUM;PANOCER;Panocer 40 mg 28 Enterik Kaplı Tablet;10;3;13;0
07.09.2026;ALLIANCE HEALTHCARE;AH SAMSUN;8680001118335;PETEK ECZANESİ;SAMSUN BAHCELIEVLER;PANOCER;Panocer 40 mg 14 Enterik Kaplı Tablet;1;0;1;0
09.09.2026;ALLIANCE HEALTHCARE;AH TRABZON;8680001206551;PELİN ECZANESİ;TRABZON MERKEZ -1;PANOCER;Panocer 40 mg 28 Enterik Kaplı Tablet;10;3;13;0
18.09.2026;ALLIANCE HEALTHCARE;AH ORDU;8680001167418;GÖKALP ECZANESİ;GIRESUN MERKEZ -2;PANOCER;Panocer 40 mg 28 Enterik Kaplı Tablet;10;3;13;0
18.09.2026;ALLIANCE HEALTHCARE;AH SAMSUN;8680001619481;MEYDAN ECZANESİ;TOKAT ERBAA;PANOCER;Panocer 40 mg 28 Enterik Kaplı Tablet;50;25;75;0
14.09.2026;ALLIANCE HEALTHCARE;AH SAMSUN;8680001198702;KOCATÜRK ECZANESİ;TOKAT BATI ILCELER;PANOCER;Panocer 40 mg 28 Enterik Kaplı Tablet;30;12;42;0
11.09.2026;ALLIANCE HEALTHCARE;AH KAYSERİ;8680001117352;GÜLDEŞ ECZANESİ;SIVAS MERKEZ -2;PANOCER;Panocer 40 mg 28 Enterik Kaplı Tablet;10;3;13;0
30.09.2026;ALLIANCE HEALTHCARE;AH SAMSUN;8680001186853;YENİ PAZAR ECZANESİ;TOKAT BATI ILCELER;PANOCER;Panocer 40 mg 28 Enterik Kaplı Tablet;30;12;42;0
30.09.2026;ALLIANCE HEALTHCARE;AH ERZURUM;8680001493388;SÖYLEMEZ ECZANESİ;AGRI ILCELER;PANOCER;Panocer 40 mg 28 Enterik Kaplı Tablet;30;12;42;0
01.09.2026;ALLIANCE HEALTHCARE;AH KAYSERİ;8680001685516;ONUR ECZANESİ;SIVAS MERKEZ -3;PANOCER;Panocer 40 mg 28 Enterik Kaplı Tablet;50;25;75;0
24.09.2026;ALLIANCE HEALTHCARE;AH SAMSUN;8680001116805;SEVEN ECZANESİ;AMASYA MERKEZ -2;PANOCER;Panocer 40 mg 28 Enterik Kaplı Tablet;10;3;13;0
17.09.2026;ALLIANCE HEALTHCARE;AH ORDU;8680001187959;GÜRSOY ECZANESİ;GIRESUN BULANCAK+PIRAZIZ;PANOCER;Panocer 40 mg 28 Enterik Kaplı Tablet;50;25;75;0
08.09.2026;ALLIANCE HEALTHCARE;AH SAMSUN;8680001156603;YÜKSEL ECZANESİ;CORUM KUZEY ILCELER;PANOCER;Panocer 40 mg 28 Enterik Kaplı Tablet;10;3;13;0
08.09.2026;ALLIANCE HEALTHCARE;AH SAMSUN;8680001169740;SAĞLIK ECZANESİ;AMASYA MERZIFON;PANOCER;Panocer 40 mg 28 Enterik Kaplı Tablet;10;3;13;0
23.09.2026;ALLIANCE HEALTHCARE;AH ORDU;8680001524136;DEMIR ECZANESI;ORDU MERKEZ -1;PANOCER;Panocer 40 mg 28 Enterik Kaplı Tablet;10;3;13;0
10.09.2026;ALLIANCE HEALTHCARE;AH ORDU;8680001636570;ÇÖREK OTU ECZANESİ;ORDU FATSA;PANOCER;Panocer 40 mg 28 Enterik Kaplı Tablet;165;135;300;0
22.09.2026;ALLIANCE HEALTHCARE;AH ERZURUM;8680001695256;DERMAN ECZANESİ;AGRI MERKEZ;PANOCER;Panocer 40 mg 28 Enterik Kaplı Tablet;30;12;42;0
09.09.2026;ALLIANCE HEALTHCARE;AH ERZURUM;8680001701469;EREN ECZANESİ;AGRI MERKEZ;PANOCER;Panocer 40 mg 28 Enterik Kaplı Tablet;30;12;42;0
15.09.2026;ALLIANCE HEALTHCARE;AH ERZURUM;8680001848560;CAN ECZANESİ;AGRI DIYADIN+D.BEYAZIT;PANOCER;Panocer 40 mg 28 Enterik Kaplı Tablet;10;3;13;0
01.09.2026;ALLIANCE HEALTHCARE;AH ERZURUM;8680001664368;MERKEZ ECZANESI;ERZURUM GUNEY ILCELER;PANOCER;Panocer 40 mg 28 Enterik Kaplı Tablet;30;12;42;0
21.09.2026;ALLIANCE HEALTHCARE;AH ERZURUM;8680001868513;KONGRE EZCANESİ;ERZURUM MERKEZ -2;PANOCER;Panocer 40 mg 28 Enterik Kaplı Tablet;10;3;13;0
01.09.2026;ALLIANCE HEALTHCARE;AH ERZURUM;8680001695027;MERYEM ECZANESİ;KARS MERKEZ;PANOCER;Panocer 40 mg 28 Enterik Kaplı Tablet;30;12;42;0
02.09.2026;ALLIANCE HEALTHCARE;AH TRABZON;8680001252084;BAŞAK ECZANESİ;TRABZON AKCAABAT;PANOCER;Panocer 40 mg 28 Enterik Kaplı Tablet;165;135;300;0
14.09.2026;ALLIANCE HEALTHCARE;AH ERZURUM;8680001485635;TANRIVERDİ ECZANESİ;KARS MERKEZ;PANOCER;Panocer 40 mg 28 Enterik Kaplı Tablet;2;0;2;0
21.09.2026;ALLIANCE HEALTHCARE;AH SAMSUN;8680001116812;GÜÇLÜ ECZANESİ;SINOP DOGU-BATI ILCELER;PANOCER;Panocer 40 mg 28 Enterik Kaplı Tablet;30;12;42;0
12.09.2026;ALLIANCE HEALTHCARE;AH TRABZON;8680001570386;EROGLU ECZANESI;RIZE BATI ILCELER;PANOCER;Panocer 40 mg 14 Enterik Kaplı Tablet;10;3;13;0
01.09.2026;ALLIANCE HEALTHCARE;AH SAMSUN;8680001502035;SONER ECZANESİ;CORUM MERKEZ -2;PANOCER;Panocer 40 mg 28 Enterik Kaplı Tablet;12;3;15;0
09.09.2026;ALLIANCE HEALTHCARE;AH SAMSUN;8680001166589;SORAL ECZANESİ;TOKAT MERKEZ -1;PANOCER;Panocer 40 mg 28 Enterik Kaplı Tablet;10;3;13;0
27.09.2026;ALLIANCE HEALTHCARE;AH TRABZON;8680001570386;EROGLU ECZANESI;RIZE BATI ILCELER;PANOCER;Panocer 40 mg 14 Enterik Kaplı Tablet;10;3;13;0
22.09.2026;ALLIANCE HEALTHCARE;AH SAMSUN;8680001605439;ORGANIK ECZANESI;SAMSUN ATAKUM;PANOCER;Panocer 40 mg 28 Enterik Kaplı Tablet;5;0;5;0
09.09.2026;ALLIANCE HEALTHCARE;AH ERZURUM;8680001946556;GÜRBULAK ECZANESİ;AGRI DIYADIN+D.BEYAZIT;PANOCER;Panocer 40 mg 28 Enterik Kaplı Tablet;30;12;42;0
01.09.2026;ALLIANCE HEALTHCARE;AH SAMSUN;8680001655007;YENİ LİSE ECZANESİ;SAMSUN HURRIYET+ZAFER;PANOCER;Panocer 40 mg 28 Enterik Kaplı Tablet;5;0;5;0
21.09.2026;ALLIANCE HEALTHCARE;AH SAMSUN;8680001114016;BURCU ECZANESİ;SINOP MERKEZ;PANOCER;Panocer 40 mg 28 Enterik Kaplı Tablet;10;3;13;0
27.09.2026;ALLIANCE HEALTHCARE;AH TRABZON;8680001570386;EROGLU ECZANESI;RIZE BATI ILCELER;PANOCER;Panocer 40 mg 14 Enterik Kaplı Tablet;10;3;13;0
14.09.2026;ALLIANCE HEALTHCARE;AH TRABZON;8680001657544;AKTOPRAK ECZANESİ;TRABZON MERKEZ -1;PANOCER;Panocer 40 mg 28 Enterik Kaplı Tablet;10;3;13;0
04.09.2026;ALLIANCE HEALTHCARE;AH SAMSUN;8680001793846;VATAN ECZANESİ;SAMSUN BAFRA;PANOCER;Panocer 40 mg 28 Enterik Kaplı Tablet;10;3;13;0
02.09.2026;ALLIANCE HEALTHCARE;AH ERZURUM;8680001649020;HUZUR ECZANESİ;ERZURUM MERKEZ -3;PANOCER;Panocer 40 mg 28 Enterik Kaplı Tablet;2;0;2;0
19.09.2026;ALLIANCE HEALTHCARE;AH ERZURUM;8680001814565;NUR ECZANESİ;AGRI ILCELER;PANOCER;Panocer 40 mg 28 Enterik Kaplı Tablet;165;135;300;0
02.09.2026;ALLIANCE HEALTHCARE;AH SAMSUN;8680001124381;ÖNCEL ECZANESİ;SINOP DOGU-BATI ILCELER;PANOCER;Panocer 40 mg 28 Enterik Kaplı Tablet;165;135;300;0
14.09.2026;ALLIANCE HEALTHCARE;AH SAMSUN;8680001767137;KÖRFEZ ECZANESİ;SAMSUN ATAKENT+19 MAYIS;PANOCER;Panocer 40 mg 28 Enterik Kaplı Tablet;3;0;3;0
24.09.2026;ALLIANCE HEALTHCARE;AH SAMSUN;8680001767137;KÖRFEZ ECZANESİ;SAMSUN ATAKENT+19 MAYIS;PANOCER;Panocer 40 mg 28 Enterik Kaplı Tablet;10;3;13;0
21.09.2026;ALLIANCE HEALTHCARE;AH ORDU;8680001147434;KUYUMCUOĞLU ECZANESİ;ORDU UNYE;PANOCER;Panocer 40 mg 28 Enterik Kaplı Tablet;10;3;13;0
25.09.2026;ALLIANCE HEALTHCARE;AH ORDU;8680001267224;AKKUŞ ECZANESİ;ORDU BATI ILCELER;PANOCER;Panocer 40 mg 28 Enterik Kaplı Tablet;10;3;13;0
02.09.2026;ALLIANCE HEALTHCARE;AH KAYSERİ;8680001376308;CAN ECZANESİ;SIVAS MERKEZ -2;PANOCER;Panocer 40 mg 28 Enterik Kaplı Tablet;10;3;13;0
15.09.2026;ALLIANCE HEALTHCARE;AH KAYSERİ;8680001376308;CAN ECZANESİ;SIVAS MERKEZ -2;PANOCER;Panocer 40 mg 28 Enterik Kaplı Tablet;10;3;13;0
10.09.2026;ALLIANCE HEALTHCARE;AH ERZURUM;8680001698622;YAŞAM ECZANESİ;ERZURUM GUNEY ILCELER;PANOCER;Panocer 40 mg 28 Enterik Kaplı Tablet;50;25;75;0
03.09.2026;ALLIANCE HEALTHCARE;AH SAMSUN;8680001108961;DOĞA ECZANESİ;SAMSUN ILKADIM - 2;PANOCER;Panocer 40 mg 28 Enterik Kaplı Tablet;10;3;13;0
04.09.2026;ALLIANCE HEALTHCARE;AH SAMSUN;8680001117536;YUMUK ECZANESİ;SINOP DOGU-BATI ILCELER;PANOCER;Panocer 40 mg 28 Enterik Kaplı Tablet;10;3;13;0
14.09.2026;ALLIANCE HEALTHCARE;AH SAMSUN;8680001420650;CANİK BULUT ECZANESİ;SAMSUN CANIK;PANOCER;Panocer 40 mg 28 Enterik Kaplı Tablet;3;0;3;0
03.09.2026;ALLIANCE HEALTHCARE;AH SAMSUN;8680001573523;CIHAN ECZANESI;TOKAT MERKEZ -2;PANOCER;Panocer 40 mg 28 Enterik Kaplı Tablet;2;0;2;0
17.09.2026;ALLIANCE HEALTHCARE;AH SAMSUN;8680001178940;ŞİFA ECZANESİ;TOKAT TURHAL;PANOCER;Panocer 40 mg 28 Enterik Kaplı Tablet;10;3;13;0
14.09.2026;ALLIANCE HEALTHCARE;AH SAMSUN;8680001430628;ALMUS ECZANESİ;TOKAT DOGU ILCELER;PANOCER;Panocer 40 mg 14 Enterik Kaplı Tablet;2;0;2;0
24.09.2026;ALLIANCE HEALTHCARE;AH SAMSUN;8680001573523;CIHAN ECZANESI;TOKAT MERKEZ -2;PANOCER;Panocer 40 mg 28 Enterik Kaplı Tablet;1;0;1;0
09.09.2026;ALLIANCE HEALTHCARE;AH SAMSUN;8680001724086;TALU ECZANESİ;TOKAT MERKEZ -2;PANOCER;Panocer 40 mg 28 Enterik Kaplı Tablet;165;135;300;0
01.09.2026;ALLIANCE HEALTHCARE;AH SAMSUN;8680001741526;NİL ECZANESİ;SAMSUN ATAKENT+19 MAYIS;PANOCER;Panocer 40 mg 28 Enterik Kaplı Tablet;10;3;13;0
30.09.2026;ALLIANCE HEALTHCARE;AH ERZURUM;8680001516681;KERİME YENİCE ECZANESİ;KARS MERKEZ;PANOCER;Panocer 40 mg 28 Enterik Kaplı Tablet;20;6;26;0
22.09.2026;ALLIANCE HEALTHCARE;AH SAMSUN;8680001518531;DAMLA ECZANESİ;SAMSUN ATAKENT+19 MAYIS;PANOCER;Panocer 40 mg 28 Enterik Kaplı Tablet;10;3;13;0
24.09.2026;ALLIANCE HEALTHCARE;AH KAYSERİ;8680001158317;ÇETİNKAYA ECZANESİ;SIVAS MERKEZ -2;PANOCER;Panocer 40 mg 28 Enterik Kaplı Tablet;10;3;13;0
11.09.2026;ALLIANCE HEALTHCARE;AH SAMSUN;8680001736850;DRAMA ECZANESİ;SAMSUN ATAKENT+19 MAYIS;PANOCER;Panocer 40 mg 14 Enterik Kaplı Tablet;1;0;1;0
24.09.2026;ALLIANCE HEALTHCARE;AH SAMSUN;8680001118571;İLKADIM ECZANESİ;SAMSUN ILKADIM - 2;PANOCER;Panocer 40 mg 28 Enterik Kaplı Tablet;-1;0;-1;0
15.09.2026;ALLIANCE HEALTHCARE;AH SAMSUN;8680001140039;KARATAŞ ECZANESİ;SAMSUN ATAKUM;PANOCER;Panocer 40 mg 28 Enterik Kaplı Tablet;30;12;42;0
18.09.2026;ALLIANCE HEALTHCARE;AH SAMSUN;8680001113583;ECEM ECZANESİ;SAMSUN ATAKUM;PANOCER;Panocer 40 mg 28 Enterik Kaplı Tablet;3;0;3;0
01.09.2026;ALLIANCE HEALTHCARE;AH KAYSERİ;8680001376308;CAN ECZANESİ;SIVAS MERKEZ -2;PANOCER;Panocer 40 mg 28 Enterik Kaplı Tablet;10;3;13;0
25.09.2026;ALLIANCE HEALTHCARE;AH SAMSUN;8680001510818;FIRAT ECZANESİ;TOKAT BATI ILCELER;PANOCER;Panocer 40 mg 28 Enterik Kaplı Tablet;10;3;13;0
18.09.2026;ALLIANCE HEALTHCARE;AH TRABZON;8680001522439;YAŞAM ECZANESİ;GUMUSHANE;PANOCER;Panocer 40 mg 28 Enterik Kaplı Tablet;10;3;13;0
04.09.2026;ALLIANCE HEALTHCARE;AH ERZURUM;8680001631988;EYLÜL ECZANESİ;AGRI DIYADIN+D.BEYAZIT;PANOCER;Panocer 40 mg 28 Enterik Kaplı Tablet;10;3;13;0
02.09.2026;ALLIANCE HEALTHCARE;AH ERZURUM;8680001483846;GAZİ ECZANESİ;ERZINCAN MERKEZ;PANOCER;Panocer 40 mg 28 Enterik Kaplı Tablet;10;3;13;0
04.09.2026;ALLIANCE HEALTHCARE;AH SAMSUN;8680001117536;YUMUK ECZANESİ;SINOP DOGU-BATI ILCELER;PANOCER;Panocer 40 mg 28 Enterik Kaplı Tablet;30;12;42;0
15.09.2026;ALLIANCE HEALTHCARE;AH ORDU;8680001347834;BOZTEKKE ECZANESİ;GIRESUN MERKEZ -2;PANOCER;Panocer 40 mg 28 Enterik Kaplı Tablet;30;12;42;0
02.09.2026;ALLIANCE HEALTHCARE;AH ORDU;8680001165018;ELİF ECZANESİ;GIRESUN MERKEZ -2;PANOCER;Panocer 40 mg 28 Enterik Kaplı Tablet;10;3;13;0
10.09.2026;ALLIANCE HEALTHCARE;AH ERZURUM;8680001814909;YAŞAM ECZANESİ;AGRI DIYADIN+D.BEYAZIT;PANOCER;Panocer 40 mg 28 Enterik Kaplı Tablet;30;12;42;0
11.09.2026;ALLIANCE HEALTHCARE;AH ORDU;8680001504220;GÖLEVİ ECZANESİ;ORDU UNYE;PANOCER;Panocer 40 mg 28 Enterik Kaplı Tablet;10;3;13;0
08.09.2026;ALLIANCE HEALTHCARE;AH SAMSUN;8680001465163;GÜNDAY ECZANESİ;SAMSUN BAFRA;PANOCER;Panocer 40 mg 28 Enterik Kaplı Tablet;10;3;13;0
17.09.2026;ALLIANCE HEALTHCARE;AH SAMSUN;8680001114610;DENİZ ECZANESİ;SINOP MERKEZ;PANOCER;Panocer 40 mg 28 Enterik Kaplı Tablet;10;3;13;0
25.09.2026;ALLIANCE HEALTHCARE;AH SAMSUN;8680001169610;HIZIR ECZANESİ;TOKAT TURHAL;PANOCER;Panocer 40 mg 28 Enterik Kaplı Tablet;10;3;13;0
01.09.2026;ALLIANCE HEALTHCARE;AH SAMSUN;8680001181261;ÖZTÜRK ECZANESİ;TOKAT TURHAL;PANOCER;Panocer 40 mg 28 Enterik Kaplı Tablet;30;12;42;0
04.09.2026;ALLIANCE HEALTHCARE;AH ERZURUM;8680001121328;KAYA ECZANESİ;ERZURUM MERKEZ -1;PANOCER;Panocer 40 mg 28 Enterik Kaplı Tablet;4;0;4;0
28.09.2026;ALLIANCE HEALTHCARE;AH ERZURUM;8680001122127;SULTAN ECZANESİ;ERZURUM MERKEZ -1;PANOCER;Panocer 40 mg 28 Enterik Kaplı Tablet;10;3;13;0
16.09.2026;ALLIANCE HEALTHCARE;AH ERZURUM;8680001440801;TEKİN ECZANESİ;AGRI DIYADIN+D.BEYAZIT;PANOCER;Panocer 40 mg 28 Enterik Kaplı Tablet;10;3;13;0
07.09.2026;ALLIANCE HEALTHCARE;AH SAMSUN;8680001827671;SANAT ECZANESİ;SAMSUN ATAKENT+19 MAYIS;PANOCER;Panocer 40 mg 28 Enterik Kaplı Tablet;10;3;13;0
03.09.2026;ALLIANCE HEALTHCARE;AH SAMSUN;8680001663972;SERHAT KANTAR ECZANESİ;CORUM MERKEZ -3;PANOCER;Panocer 40 mg 28 Enterik Kaplı Tablet;100;60;160;0
15.09.2026;ALLIANCE HEALTHCARE;AH SAMSUN;8680001156900;FUNDA ECZANESİ;CORUM MERKEZ -2;PANOCER;Panocer 40 mg 28 Enterik Kaplı Tablet;10;3;13;0
18.09.2026;ALLIANCE HEALTHCARE;AH TRABZON;8680001274376;KUZEY ECZANESİ;TRABZON MERKEZ -2;PANOCER;Panocer 40 mg 28 Enterik Kaplı Tablet;165;135;300;0
15.09.2026;ALLIANCE HEALTHCARE;AH TRABZON;8680001522439;YAŞAM ECZANESİ;GUMUSHANE;PANOCER;Panocer 40 mg 28 Enterik Kaplı Tablet;10;3;13;0
10.09.2026;ALLIANCE HEALTHCARE;AH ERZURUM;8680001810277;TANCA ECZANESİ;AGRI DIYADIN+D.BEYAZIT;PANOCER;Panocer 40 mg 28 Enterik Kaplı Tablet;5;0;5;0
01.09.2026;ALLIANCE HEALTHCARE;AH ERZURUM;8680001811915;ŞİFA ECZANESİ;AGRI DIYADIN+D.BEYAZIT;PANOCER;Panocer 40 mg 28 Enterik Kaplı Tablet;10;3;13;0
29.09.2026;ALLIANCE HEALTHCARE;AH ORDU;8680001443024;DOKUZ EYLÜL ECZANESİ;ORDU UNYE;PANOCER;Panocer 40 mg 14 Enterik Kaplı Tablet;3;0;3;0
16.09.2026;ALLIANCE HEALTHCARE;AH ORDU;8680001451470;UZMAN ECZANESİ;ORDU BATI ILCELER;PANOCER;Panocer 40 mg 28 Enterik Kaplı Tablet;10;3;13;0
01.09.2026;ALLIANCE HEALTHCARE;AH TRABZON;8680001170906;HAYAT ECZANESİ;GUMUSHANE;PANOCER;Panocer 40 mg 28 Enterik Kaplı Tablet;30;12;42;0
01.09.2026;ALLIANCE HEALTHCARE;AH KAYSERİ;8680001124121;KAĞAN ECZANESİ;SIVAS MERKEZ -4;PANOCER;Panocer 40 mg 28 Enterik Kaplı Tablet;10;3;13;0
21.09.2026;ALLIANCE HEALTHCARE;AH KAYSERİ;8680001146659;TİMURBOĞA ECZANESİ;SIVAS MERKEZ -2;PANOCER;Panocer 40 mg 28 Enterik Kaplı Tablet;10;3;13;0
18.09.2026;ALLIANCE HEALTHCARE;AH KAYSERİ;8680001605064;DOĞANAY ECZANESİ;SIVAS MERKEZ -2;PANOCER;Panocer 40 mg 28 Enterik Kaplı Tablet;30;12;42;0
24.09.2026;ALLIANCE HEALTHCARE;AH KAYSERİ;8680001500550;MAVİ ECZANE;SIVAS MERKEZ -4;PANOCER;Panocer 40 mg 28 Enterik Kaplı Tablet;10;3;13;0
16.09.2026;ALLIANCE HEALTHCARE;AH ERZURUM;8680001945764;AKAN ECZANESİ;AGRI DIYADIN+D.BEYAZIT;PANOCER;Panocer 40 mg 28 Enterik Kaplı Tablet;30;12;42;0
30.09.2026;ALLIANCE HEALTHCARE;AH KAYSERİ;8680001137374;ANADOLU ECZANESİ;SIVAS MERKEZ -4;PANOCER;Panocer 40 mg 28 Enterik Kaplı Tablet;3;0;3;0
01.09.2026;ALLIANCE HEALTHCARE;AH SAMSUN;8680001860357;DUYAR ECZANESİ;CORUM MERKEZ -2;PANOCER;Panocer 40 mg 28 Enterik Kaplı Tablet;100;60;160;0
10.09.2026;ALLIANCE HEALTHCARE;AH KAYSERİ;8680001692910;AYBÜKE ECZANESİ;SIVAS MERKEZ -4;PANOCER;Panocer 40 mg 28 Enterik Kaplı Tablet;10;3;13;0
25.09.2026;ALLIANCE HEALTHCARE;AH ERZURUM;8680001659685;CEREN ECZANESİ;ERZINCAN MERKEZ;PANOCER;Panocer 40 mg 14 Enterik Kaplı Tablet;10;3;13;0
16.09.2026;ALLIANCE HEALTHCARE;AH SAMSUN;8680001631971;NAR ECZANESİ;SAMSUN PAZAR;PANOCER;Panocer 40 mg 28 Enterik Kaplı Tablet;10;3;13;0
26.09.2026;ALLIANCE HEALTHCARE;AH SAMSUN;8680001540983;ŞEHİR ECZANESİ;SAMSUN ATAKUM;PANOCER;Panocer 40 mg 28 Enterik Kaplı Tablet;2;0;2;0
07.09.2026;ALLIANCE HEALTHCARE;AH SAMSUN;8680001720385;SÖNMEZ ECZANESİ;SAMSUN HAVZA+KAVAK+LADIK;PANOCER;Panocer 40 mg 28 Enterik Kaplı Tablet;10;3;13;0
01.09.2026;ALLIANCE HEALTHCARE;AH SAMSUN;8680001118618;MEYDAN ECZANESİ;SAMSUN DOGU ILCELER - 2;PANOCER;Panocer 40 mg 28 Enterik Kaplı Tablet;165;135;300;0
09.09.2026;ALLIANCE HEALTHCARE;AH TRABZON;8680001118380;KOÇAK ECZANESİ;ARTVIN MERKEZ+DOGU+GUNEY;PANOCER;Panocer 40 mg 28 Enterik Kaplı Tablet;165;135;300;0
01.09.2026;ALLIANCE HEALTHCARE;AH SAMSUN;8680001147465;DAMLA GÜMÜŞAĞA ECZANESİ;CORUM MERKEZ -3;PANOCER;Panocer 40 mg 28 Enterik Kaplı Tablet;165;135;300;0
09.09.2026;ALLIANCE HEALTHCARE;AH SAMSUN;8680001197590;FATİH ECZANESİ;TOKAT BATI ILCELER;PANOCER;Panocer 40 mg 28 Enterik Kaplı Tablet;10;3;13;0
03.09.2026;ALLIANCE HEALTHCARE;AH ERZURUM;8680001430031;ERZURUM ECZANESİ;ERZURUM MERKEZ -1;PANOCER;Panocer 40 mg 28 Enterik Kaplı Tablet;2;0;2;0
01.09.2026;ALLIANCE HEALTHCARE;AH SAMSUN;8680001197040;ŞİFA ECZANESİ;TOKAT MERKEZ -1;PANOCER;Panocer 40 mg 28 Enterik Kaplı Tablet;30;12;42;0
07.09.2026;ALLIANCE HEALTHCARE;AH SAMSUN;8680001116256;FATİH ECZANESİ;AMASYA MERKEZ -2;PANOCER;Panocer 40 mg 28 Enterik Kaplı Tablet;10;3;13;0
01.09.2026;ALLIANCE HEALTHCARE;AH TRABZON;8680001201976;ŞİFA ECZANESİ;GUMUSHANE;PANOCER;Panocer 40 mg 28 Enterik Kaplı Tablet;495;405;900;0
18.09.2026;ALLIANCE HEALTHCARE;AH TRABZON;8680001283088;ŞÜKRANİYE ECZANESİ;TRABZON MERKEZ -1;PANOCER;Panocer 40 mg 28 Enterik Kaplı Tablet;-28;-12;-40;-12
03.09.2026;ALLIANCE HEALTHCARE;AH SAMSUN;8680001171606;DURU ECZANESİ;TOKAT MERKEZ -1;PANOCER;Panocer 40 mg 28 Enterik Kaplı Tablet;2;0;2;0
22.09.2026;ALLIANCE HEALTHCARE;AH TRABZON;8680001953639;SİMAY ECZANESİ;TRABZON AKCAABAT;PANOCER;Panocer 40 mg 28 Enterik Kaplı Tablet;30;12;42;0
09.09.2026;ALLIANCE HEALTHCARE;AH TRABZON;8680001205608;DİLEK ECZANESİ;TRABZON MERKEZ -1;PANOCER;Panocer 40 mg 28 Enterik Kaplı Tablet;10;3;13;0
02.09.2026;ALLIANCE HEALTHCARE;AH ERZURUM;8680001379002;ÖZKAYA ECZANESİ;ERZINCAN MERKEZ;PANOCER;Panocer 40 mg 28 Enterik Kaplı Tablet;100;60;160;0
01.09.2026;ALLIANCE HEALTHCARE;AH SAMSUN;8680001182053;GÜNEŞ ECZANESİ;TOKAT TURHAL;PANOCER;Panocer 40 mg 28 Enterik Kaplı Tablet;100;60;160;0
29.09.2026;ALLIANCE HEALTHCARE;AH ORDU;8680001508457;GÜZELBİLEN ECZANESİ;ORDU MERKEZ -3;PANOCER;Panocer 40 mg 28 Enterik Kaplı Tablet;165;135;300;0
01.09.2026;ALLIANCE HEALTHCARE;AH SAMSUN;8680001102709;BAYRAK ECZANESİ;SAMSUN ALACAM+YAKAKENT;PANOCER;Panocer 40 mg 28 Enterik Kaplı Tablet;100;60;160;0
08.09.2026;ALLIANCE HEALTHCARE;AH KAYSERİ;8680001121267;MARMARA ECZANESİ;SIVAS MERKEZ -2;PANOCER;Panocer 40 mg 28 Enterik Kaplı Tablet;30;12;42;0
03.09.2026;ALLIANCE HEALTHCARE;AH SAMSUN;8680001113583;ECEM ECZANESİ;SAMSUN ATAKUM;PANOCER;Panocer 40 mg 14 Enterik Kaplı Tablet;1;0;1;0
09.09.2026;ALLIANCE HEALTHCARE;AH KAYSERİ;8680001530380;CEREN ECZANESİ;SIVAS MERKEZ -1;PANOCER;Panocer 40 mg 14 Enterik Kaplı Tablet;10;3;13;0
14.09.2026;ALLIANCE HEALTHCARE;AH KAYSERİ;8680001625666;EBRU ECZANESİ;SIVAS MERKEZ -4;PANOCER;Panocer 40 mg 28 Enterik Kaplı Tablet;10;3;13;0
11.09.2026;ALLIANCE HEALTHCARE;AH KAYSERİ;8680001651849;ERTUĞRUL ECZANESİ;SIVAS MERKEZ -4;PANOCER;Panocer 40 mg 28 Enterik Kaplı Tablet;30;12;42;0
16.09.2026;ALLIANCE HEALTHCARE;AH SAMSUN;8680001182756;GÜLŞAH ECZANESİ;AMASYA MERZIFON;PANOCER;Panocer 40 mg 28 Enterik Kaplı Tablet;100;60;160;0
11.09.2026;ALLIANCE HEALTHCARE;AH SAMSUN;8680001417087;FİKRİ KARTAL ECZANESİ;CORUM KUZEY ILCELER;PANOCER;Panocer 40 mg 28 Enterik Kaplı Tablet;20;6;26;0
28.09.2026;ALLIANCE HEALTHCARE;AH SAMSUN;8680001468553;KARTAL ECZANESİ;CORUM MERKEZ -3;PANOCER;Panocer 40 mg 28 Enterik Kaplı Tablet;10;3;13;0
11.09.2026;ALLIANCE HEALTHCARE;AH TRABZON;8680001274130;LOZAN ECZANESİ;TRABZON MERKEZ -3;PANOCER;Panocer 40 mg 28 Enterik Kaplı Tablet;10;3;13;0
28.09.2026;ALLIANCE HEALTHCARE;AH KAYSERİ;8680001688746;GUNEŞ ECZANESİ;SIVAS MERKEZ -3;PANOCER;Panocer 40 mg 28 Enterik Kaplı Tablet;3;0;3;0
28.09.2026;ALLIANCE HEALTHCARE;AH ORDU;8680001650835;KALPAKLIOĞLU ECZANESİ;ORDU MERKEZ -3;PANOCER;Panocer 40 mg 28 Enterik Kaplı Tablet;10;3;13;0
22.09.2026;ALLIANCE HEALTHCARE;AH TRABZON;8680001250608;VAKFIKEBİR ECZANESİ;TRABZON BATI ILCELER - 2;PANOCER;Panocer 40 mg 28 Enterik Kaplı Tablet;30;12;42;0
02.09.2026;ALLIANCE HEALTHCARE;AH ERZURUM;8680001118359;YAŞAM ECZANESİ;ERZURUM MERKEZ -3;PANOCER;Panocer 40 mg 28 Enterik Kaplı Tablet;165;135;300;0
11.09.2026;ALLIANCE HEALTHCARE;AH SAMSUN;8680001758326;KOZLUK ECZANESİ;SAMSUN TERME;PANOCER;Panocer 40 mg 28 Enterik Kaplı Tablet;10;3;13;0
14.09.2026;ALLIANCE HEALTHCARE;AH SAMSUN;8680001120116;DERMAN ECZANESİ;SAMSUN ADALET;PANOCER;Panocer 40 mg 28 Enterik Kaplı Tablet;10;3;13;0
21.09.2026;ALLIANCE HEALTHCARE;AH KAYSERİ;8680001485604;DOĞRUYOL ECZANESİ;SIVAS MERKEZ -2;PANOCER;Panocer 40 mg 28 Enterik Kaplı Tablet;3;0;3;0
14.09.2026;ALLIANCE HEALTHCARE;AH SAMSUN;8680001116850;AKA ECZANESİ;SAMSUN PAZAR;PANOCER;Panocer 40 mg 28 Enterik Kaplı Tablet;1;0;1;0
28.09.2026;ALLIANCE HEALTHCARE;AH SAMSUN;8680001642052;ESENTEPE ECZANESİ;SAMSUN VEZIRKOPRU;PANOCER;Panocer 40 mg 28 Enterik Kaplı Tablet;10;3;13;0
18.09.2026;ALLIANCE HEALTHCARE;AH ORDU;8680001167418;GÖKALP ECZANESİ;GIRESUN MERKEZ -2;PANOCER;Panocer 40 mg 14 Enterik Kaplı Tablet;4;0;4;0
17.09.2026;ALLIANCE HEALTHCARE;AH TRABZON;8680001196739;EROL ECZANESİ;TRABZON MERKEZ -2;PANOCER;Panocer 40 mg 28 Enterik Kaplı Tablet;-1;-2;-3;-2
15.09.2026;ALLIANCE HEALTHCARE;AH ORDU;8680001919048;BUSE ECZANESİ KUMRU;ORDU BATI ILCELER;PANOCER;Panocer 40 mg 28 Enterik Kaplı Tablet;10;3;13;0
01.09.2026;ALLIANCE HEALTHCARE;AH ERZURUM;8680001690855;ŞEHR-İ ŞİFA ECZANESİ;ERZURUM GUNEY ILCELER;PANOCER;Panocer 40 mg 28 Enterik Kaplı Tablet;50;25;75;0
29.09.2026;ALLIANCE HEALTHCARE;AH ORDU;8680001163717;KARADENİZ ECZANESİ;ORDU DOGU ILCELER;PANOCER;Panocer 40 mg 28 Enterik Kaplı Tablet;10;3;13;0
01.09.2026;ALLIANCE HEALTHCARE;AH SAMSUN;8680001665310;GÜL ECZANESİ;CORUM MERKEZ -3;PANOCER;Panocer 40 mg 28 Enterik Kaplı Tablet;165;135;300;0
14.09.2026;ALLIANCE HEALTHCARE;AH SAMSUN;8680001601073;IHLAMUR ECZANESİ;CORUM MERKEZ -1;PANOCER;Panocer 40 mg 28 Enterik Kaplı Tablet;30;12;42;0
01.09.2026;ALLIANCE HEALTHCARE;AH ORDU;8680001142286;KONAK ECZANESİ;ORDU MERKEZ -3;PANOCER;Panocer 40 mg 28 Enterik Kaplı Tablet;4;0;4;0
18.09.2026;ALLIANCE HEALTHCARE;AH ORDU;8680001143146;AYDIN ECZANESI;ORDU UNYE;PANOCER;Panocer 40 mg 28 Enterik Kaplı Tablet;10;3;13;0
21.09.2026;ALLIANCE HEALTHCARE;AH SAMSUN;8680001142323;DERMAN ECZANESİ;CORUM MERKEZ -1;PANOCER;Panocer 40 mg 28 Enterik Kaplı Tablet;10;3;13;0
02.09.2026;ALLIANCE HEALTHCARE;AH SAMSUN;8680001673605;ASRIN ECZANESİ;TOKAT ERBAA;PANOCER;Panocer 40 mg 28 Enterik Kaplı Tablet;10;3;13;0
02.09.2026;ALLIANCE HEALTHCARE;AH TRABZON;8680001415298;ÖZNUR ECZANESİ;TRABZON AKCAABAT;PANOCER;Panocer 40 mg 28 Enterik Kaplı Tablet;50;25;75;0
24.09.2026;ALLIANCE HEALTHCARE;AH SAMSUN;8680001199297;ŞENBİL ECZANESİ;TOKAT BATI ILCELER;PANOCER;Panocer 40 mg 28 Enterik Kaplı Tablet;10;3;13;0
01.09.2026;ALLIANCE HEALTHCARE;AH ORDU;8680001153510;BÜYÜK ECZANESİ;ORDU MERKEZ -2;PANOCER;Panocer 40 mg 28 Enterik Kaplı Tablet;10;3;13;0
03.09.2026;ALLIANCE HEALTHCARE;AH SAMSUN;8680001123889;GÜLDEN ECZANESİ;SAMSUN BAFRA;PANOCER;Panocer 40 mg 28 Enterik Kaplı Tablet;165;135;300;0
25.09.2026;ALLIANCE HEALTHCARE;AH ERZURUM;8680001232710;EDİS ECZANESİ;ERZINCAN MERKEZ;PANOCER;Panocer 40 mg 28 Enterik Kaplı Tablet;30;12;42;0
10.09.2026;ALLIANCE HEALTHCARE;AH SAMSUN;8680001547975;YENİ TEKELİ ECZANESİ;TOKAT TURHAL;PANOCER;Panocer 40 mg 28 Enterik Kaplı Tablet;50;25;75;0
11.09.2026;ALLIANCE HEALTHCARE;AH SAMSUN;8680001337644;BOĞAZKALE ECZANESİ;CORUM GUNEYBATI ILCELER;PANOCER;Panocer 40 mg 28 Enterik Kaplı Tablet;165;135;300;0
01.09.2026;ALLIANCE HEALTHCARE;AH KAYSERİ;8680001127412;AYDIN ECZANESI;SIVAS MERKEZ -2;PANOCER;Panocer 40 mg 28 Enterik Kaplı Tablet;100;60;160;0
23.09.2026;ALLIANCE HEALTHCARE;AH TRABZON;8680001338566;FARUK ECZANESİ;TRABZON MERKEZ -1;PANOCER;Panocer 40 mg 28 Enterik Kaplı Tablet;10;3;13;0
18.09.2026;ALLIANCE HEALTHCARE;AH TRABZON;8680001713349;AKOLUK ECZANESİ;TRABZON MERKEZ -3;PANOCER;Panocer 40 mg 28 Enterik Kaplı Tablet;165;135;300;0
09.09.2026;ALLIANCE HEALTHCARE;AH TRABZON;8680001377954;ERDOĞAN ECZANESİ;TRABZON MERKEZ -4;PANOCER;Panocer 40 mg 28 Enterik Kaplı Tablet;50;25;75;0
03.09.2026;ALLIANCE HEALTHCARE;AH TRABZON;8680001200351;KARADENİZ ECZANESİ;GUMUSHANE;PANOCER;Panocer 40 mg 28 Enterik Kaplı Tablet;495;405;900;0
11.09.2026;ALLIANCE HEALTHCARE;AH SAMSUN;8680001124039;GÜVEN ECZANESİ;SINOP DOGU-BATI ILCELER;PANOCER;Panocer 40 mg 28 Enterik Kaplı Tablet;50;25;75;0
02.09.2026;ALLIANCE HEALTHCARE;AH ERZURUM;8680001481804;ALTINTAŞ ECZANESİ;AGRI MERKEZ;PANOCER;Panocer 40 mg 28 Enterik Kaplı Tablet;50;25;75;0
15.09.2026;ALLIANCE HEALTHCARE;AH SAMSUN;8680001171606;DURU ECZANESİ;TOKAT MERKEZ -1;PANOCER;Panocer 40 mg 28 Enterik Kaplı Tablet;10;3;13;0
29.09.2026;ALLIANCE HEALTHCARE;AH SAMSUN;8680001642052;ESENTEPE ECZANESİ;SAMSUN VEZIRKOPRU;PANOCER;Panocer 40 mg 28 Enterik Kaplı Tablet;30;12;42;0
01.09.2026;ALLIANCE HEALTHCARE;AH ERZURUM;8680001488902;FIRAT ECZANESİ;ERZINCAN MERKEZ;PANOCER;Panocer 40 mg 28 Enterik Kaplı Tablet;165;135;300;0
02.09.2026;ALLIANCE HEALTHCARE;AH ERZURUM;8680001698394;GÖZDE ECZANESİ;ERZURUM MERKEZ -1;PANOCER;Panocer 40 mg 28 Enterik Kaplı Tablet;30;12;42;0
16.09.2026;ALLIANCE HEALTHCARE;AH SAMSUN;8680001156221;OSMANCIK ECZANESİ;CORUM KARGI+OSMANCIK;PANOCER;Panocer 40 mg 28 Enterik Kaplı Tablet;50;25;75;0
16.09.2026;ALLIANCE HEALTHCARE;AH ORDU;8680001725984;YENİ SANAYİ ECZANESİ;ORDU MERKEZ -3;PANOCER;Panocer 40 mg 28 Enterik Kaplı Tablet;2;0;2;0
10.09.2026;ALLIANCE HEALTHCARE;AH TRABZON;8680001706891;BİLGE ECZANESİ;TRABZON DOGU ILCELER -1;PANOCER;Panocer 40 mg 28 Enterik Kaplı Tablet;30;12;42;0
10.09.2026;ALLIANCE HEALTHCARE;AH TRABZON;8680001260355;ÖZTÜRK ECZANESİ;TRABZON DOGU ILCELER -1;PANOCER;Panocer 40 mg 28 Enterik Kaplı Tablet;10;3;13;0
24.09.2026;ALLIANCE HEALTHCARE;AH SAMSUN;8680001669196;BATUR ECZANESİ;SAMSUN ATAKENT+19 MAYIS;PANOCER;Panocer 40 mg 28 Enterik Kaplı Tablet;3;0;3;0
01.09.2026;ALLIANCE HEALTHCARE;AH SAMSUN;8680001132546;PELİN ECZANESİ;SAMSUN VEZIRKOPRU;PANOCER;Panocer 40 mg 28 Enterik Kaplı Tablet;165;135;300;0
03.09.2026;ALLIANCE HEALTHCARE;AH ORDU;8680001147397;CAN ECZANESİ;ORDU UNYE;PANOCER;Panocer 40 mg 28 Enterik Kaplı Tablet;50;25;75;0
11.09.2026;ALLIANCE HEALTHCARE;AH KAYSERİ;8680001147984;DEVA ECZANESİ;SIVAS MERKEZ -1;PANOCER;Panocer 40 mg 28 Enterik Kaplı Tablet;100;60;160;0
10.09.2026;ALLIANCE HEALTHCARE;AH SAMSUN;8680001118335;PETEK ECZANESİ;SAMSUN BAHCELIEVLER;PANOCER;Panocer 40 mg 28 Enterik Kaplı Tablet;1;0;1;0
01.09.2026;ALLIANCE HEALTHCARE;AH ERZURUM;8680001470488;GÖLBAŞI ECZANESİ;ERZURUM MERKEZ -2;PANOCER;Panocer 40 mg 28 Enterik Kaplı Tablet;30;12;42;0
01.09.2026;ALLIANCE HEALTHCARE;AH TRABZON;8680001749973;BURCU ECZANESİ;TRABZON MERKEZ -2;PANOCER;Panocer 40 mg 28 Enterik Kaplı Tablet;30;12;42;0
23.09.2026;ALLIANCE HEALTHCARE;AH ERZURUM;8680001114122;YILDIZ ECZANESİ;ERZURUM GUNEY ILCELER;PANOCER;Panocer 40 mg 14 Enterik Kaplı Tablet;1;0;1;0
11.09.2026;ALLIANCE HEALTHCARE;AH ORDU;8680001172986;SOKAKBAŞI ECZANESİ;GIRESUN MERKEZ -1;PANOCER;Panocer 40 mg 28 Enterik Kaplı Tablet;10;3;13;0
01.09.2026;ALLIANCE HEALTHCARE;AH SAMSUN;8680001165575;ŞİMŞEK ECZANESİ;TOKAT MERKEZ -1;PANOCER;Panocer 40 mg 28 Enterik Kaplı Tablet;30;12;42;0
11.09.2026;ALLIANCE HEALTHCARE;AH SAMSUN;8680001177394;CAN ECZANESİ;TOKAT MERKEZ -1;PANOCER;Panocer 40 mg 28 Enterik Kaplı Tablet;165;135;300;0
01.09.2026;ALLIANCE HEALTHCARE;AH SAMSUN;8680001128716;SOSYAL MESKENLER ECZANESİ;SAMSUN ADALET;PANOCER;Panocer 40 mg 28 Enterik Kaplı Tablet;2;0;2;0
22.09.2026;ALLIANCE HEALTHCARE;AH TRABZON;8680001169719;PETEK ECZANESİ;TRABZON DOGU ILCELER - 2;PANOCER;Panocer 40 mg 28 Enterik Kaplı Tablet;1;0;1;0
17.09.2026;ALLIANCE HEALTHCARE;AH SAMSUN;8680001243457;ÇAĞDAŞ ECZANESİ;TOKAT ERBAA;PANOCER;Panocer 40 mg 28 Enterik Kaplı Tablet;50;25;75;0
06.09.2026;ALLIANCE HEALTHCARE;AH SAMSUN;8680001164509;AYDINLAR ECZANESİ;AMASYA GOYNUCEK+TASOVA;PANOCER;Panocer 40 mg 28 Enterik Kaplı Tablet;10;3;13;0
01.09.2026;ALLIANCE HEALTHCARE;AH SAMSUN;8680001418923;CANDEMİR ECZANESİ;TOKAT BATI ILCELER;PANOCER;Panocer 40 mg 28 Enterik Kaplı Tablet;50;25;75;0
04.09.2026;ALLIANCE HEALTHCARE;AH ORDU;8680001367801;MELTEM ECZANESİ;ORDU FATSA;PANOCER;Panocer 40 mg 28 Enterik Kaplı Tablet;50;25;75;0
10.09.2026;ALLIANCE HEALTHCARE;AH SAMSUN;8680001733569;ZEHRA ECZANESİ;SAMSUN ATAKUM;PANOCER;Panocer 40 mg 28 Enterik Kaplı Tablet;30;12;42;0
24.09.2026;ALLIANCE HEALTHCARE;AH SAMSUN;8680001500789;ATAKENT ECZANESİ;SAMSUN ATAKENT+19 MAYIS;PANOCER;Panocer 40 mg 28 Enterik Kaplı Tablet;30;12;42;0
01.09.2026;ALLIANCE HEALTHCARE;AH ERZURUM;8680001625963;PINAR ECZANESİ;ERZURUM MERKEZ -2;PANOCER;Panocer 40 mg 28 Enterik Kaplı Tablet;50;25;75;0
18.09.2026;ALLIANCE HEALTHCARE;AH SAMSUN;8680001178230;KOÇAK ECZANESİ;AMASYA MERZIFON;PANOCER;Panocer 40 mg 28 Enterik Kaplı Tablet;30;12;42;0
02.09.2026;ALLIANCE HEALTHCARE;AH SAMSUN;8680001155682;ALAFOĞLU ECZANESİ;CORUM GUNEYBATI ILCELER;PANOCER;Panocer 40 mg 28 Enterik Kaplı Tablet;165;135;300;0
25.09.2026;ALLIANCE HEALTHCARE;AH TRABZON;8680001117512;UMUT ECZANESİ;ARTVIN KUZEY ILCELER;PANOCER;Panocer 40 mg 28 Enterik Kaplı Tablet;10;3;13;0
02.09.2026;ALLIANCE HEALTHCARE;AH ERZURUM;8680001695232;KARACA ECZANESİ;AGRI MERKEZ;PANOCER;Panocer 40 mg 28 Enterik Kaplı Tablet;165;135;300;0
01.09.2026;ALLIANCE HEALTHCARE;AH SAMSUN;8680001242917;DUYGU ECZANESİ;TOKAT ERBAA;PANOCER;Panocer 40 mg 28 Enterik Kaplı Tablet;165;135;300;0
25.09.2026;ALLIANCE HEALTHCARE;AH SAMSUN;8680001114474;GÖKDELEN KULE ECZANESİ;SAMSUN ATAKENT+19 MAYIS;PANOCER;Panocer 40 mg 28 Enterik Kaplı Tablet;2;0;2;0
10.09.2026;ALLIANCE HEALTHCARE;AH SAMSUN;8680001148127;YASEMİN ECZANESİ;CORUM MERKEZ -3;PANOCER;Panocer 40 mg 28 Enterik Kaplı Tablet;10;3;13;0
03.09.2026;ALLIANCE HEALTHCARE;AH SAMSUN;8680001758135;BAYAT ECZANESİ;CORUM KUZEY ILCELER;PANOCER;Panocer 40 mg 28 Enterik Kaplı Tablet;10;3;13;0
14.09.2026;ALLIANCE HEALTHCARE;AH SAMSUN;8680001149018;ŞİFA ECZANESİ;CORUM KARGI+OSMANCIK;PANOCER;Panocer 40 mg 28 Enterik Kaplı Tablet;10;3;13;0
02.09.2026;ALLIANCE HEALTHCARE;AH TRABZON;8680001265435;UĞUR ECZANESİ;TRABZON AKCAABAT;PANOCER;Panocer 40 mg 28 Enterik Kaplı Tablet;165;135;300;0
18.09.2026;ALLIANCE HEALTHCARE;AH TRABZON;8680001279166;HAYAT ECZANESİ;TRABZON BATI ILCELER - 2;PANOCER;Panocer 40 mg 28 Enterik Kaplı Tablet;50;25;75;0
24.09.2026;ALLIANCE HEALTHCARE;AH TRABZON;8680001123568;HALK ECZANESİ;RIZE DOGU ILCELER;PANOCER;Panocer 40 mg 28 Enterik Kaplı Tablet;30;12;42;0
25.09.2026;ALLIANCE HEALTHCARE;AH SAMSUN;8680001115242;SERKAN ECZANESİ;SINOP MERKEZ;PANOCER;Panocer 40 mg 28 Enterik Kaplı Tablet;10;3;13;0
11.09.2026;ALLIANCE HEALTHCARE;AH ORDU;8680001899241;AHSEN ECZANESİ;ORDU FATSA;PANOCER;Panocer 40 mg 28 Enterik Kaplı Tablet;30;12;42;0
09.09.2026;ALLIANCE HEALTHCARE;AH SAMSUN;8680001468553;KARTAL ECZANESİ;CORUM MERKEZ -3;PANOCER;Panocer 40 mg 28 Enterik Kaplı Tablet;10;3;13;0
03.09.2026;ALLIANCE HEALTHCARE;AH KAYSERİ;8680001457748;YILDIRIM ECZANESİ;SIVAS MERKEZ -4;ACİDPASS;Acidpass 10/800/165 mg 12 Çiğneme Tablet;3;0;3;0
15.09.2026;ALLIANCE HEALTHCARE;AH KAYSERİ;8680001747061;İREM ECZANESİ;SIVAS MERKEZ -2;FAMTREC;Famtrec 800/26,6mg 14 Film Kaplı Tablet;7;1;8;0
17.09.2026;ALLIANCE HEALTHCARE;AH KAYSERİ;8680001146994;HAKAN ECZANESİ;SIVAS MERKEZ -2;GRİPORT COLD;Griport Cold 20 Film Kaplı Tablet;7;1;8;0
18.09.2026;ALLIANCE HEALTHCARE;AH KAYSERİ;8680001679485;IHLAMUR ECZANESİ;SIVAS MERKEZ -4;GRİPORT COLD;Griport Cold 20 Film Kaplı Tablet;7;1;8;0
14.09.2026;ALLIANCE HEALTHCARE;AH KAYSERİ;8680001117031;TANER ECZANESİ;SIVAS MERKEZ -2;ACİDPASS;Acidpass 10/800/165 mg 12 Çiğneme Tablet;3;0;3;0
16.09.2026;ALLIANCE HEALTHCARE;AH KAYSERİ;8680001685516;ONUR ECZANESİ;SIVAS MERKEZ -3;GRİPORT COLD;Griport Cold 20 Film Kaplı Tablet;1;0;1;0
29.09.2026;ALLIANCE HEALTHCARE;AH KAYSERİ;8680001147984;DEVA ECZANESİ;SIVAS MERKEZ -1;ACİDPASS;Acidpass 10/800/165 mg 12 Çiğneme Tablet;2;0;2;0
22.09.2026;ALLIANCE HEALTHCARE;AH KAYSERİ;8680001124848;DEMET ECZANESİ;SIVAS MERKEZ -4;MOKSEFEN;Moksefen 400 mg 7 Film Tablet;10;3;13;0
26.09.2026;ALLIANCE HEALTHCARE;AH KAYSERİ;8680001862221;ALİBABA ECZANESİ;SIVAS MERKEZ -2;ACİDPASS;Acidpass 10/800/165 mg 12 Çiğneme Tablet;10;1;11;0
26.09.2026;ALLIANCE HEALTHCARE;AH KAYSERİ;8680001601691;ELİF ECZANESİ;SIVAS MERKEZ -4;MOKSEFEN;Moksefen 400 mg 7 Film Tablet;10;3;13;0
14.09.2026;ALLIANCE HEALTHCARE;AH KAYSERİ;8680001927500;UĞUR ECZANESİ;SIVAS MERKEZ -4;ACİDPASS;Acidpass 10/800/165 mg 12 Çiğneme Tablet;2;0;2;0
15.09.2026;ALLIANCE HEALTHCARE;AH KAYSERİ;8680001625666;EBRU ECZANESİ;SIVAS MERKEZ -4;ACİDPASS;Acidpass 10/800/165 mg 12 Çiğneme Tablet;2;0;2;0
23.09.2026;ALLIANCE HEALTHCARE;AH KAYSERİ;8680001699858;IŞIN ECZANESİ;SIVAS MERKEZ -2;ACİDPASS;Acidpass 10/800/165 mg 12 Çiğneme Tablet;3;0;3;0
25.09.2026;ALLIANCE HEALTHCARE;AH KAYSERİ;8680001120017;DÖRTYOL ECZANESİ;SIVAS MERKEZ -4;MOKSEFEN;Moksefen 400 mg 7 Film Tablet;5;1;6;0
30.09.2026;ALLIANCE HEALTHCARE;AH KAYSERİ;8680001694587;ERGÜN ECZANESİ;SIVAS MERKEZ -4;MOKSEFEN;Moksefen 400 mg 7 Film Tablet;5;1;6;0
24.09.2026;ALLIANCE HEALTHCARE;AH KAYSERİ;8680001472208;YAPRAK ECZANESİ;SIVAS MERKEZ -1;ACİDPASS;Acidpass 10/800/165 mg 12 Çiğneme Tablet;1;0;1;0
25.09.2026;ALLIANCE HEALTHCARE;AH KAYSERİ;8680001493012;ESRA KAYA ECZANESİ;SIVAS MERKEZ -4;MOKSEFEN;Moksefen 400 mg 7 Film Tablet;5;1;6;0
17.09.2026;ALLIANCE HEALTHCARE;AH KAYSERİ;8680001452637;DUMAN ECZANESİ;SIVAS MERKEZ -2;ACİDPASS;Acidpass 10/800/165 mg 12 Çiğneme Tablet;20;3;23;0
23.09.2026;ALLIANCE HEALTHCARE;AH KAYSERİ;8680001452637;DUMAN ECZANESİ;SIVAS MERKEZ -2;ACİDPASS;Acidpass 10/800/165 mg 12 Çiğneme Tablet;20;3;23;0
01.09.2026;ALLIANCE HEALTHCARE;AH KAYSERİ;8680001713738;EKEN ECZANESİ;SIVAS MERKEZ -4;GRİPORT COLD;Griport Cold 20 Film Kaplı Tablet;2;0;2;0
09.09.2026;ALLIANCE HEALTHCARE;AH KAYSERİ;8680001113262;BERKAY ECZANESİ;SIVAS MERKEZ -2;ACİDPASS;Acidpass 10/800/165 mg 12 Çiğneme Tablet;2;0;2;0
11.09.2026;ALLIANCE HEALTHCARE;AH KAYSERİ;8680001147441;ÖRNEKOL ECZANESİ;SIVAS MERKEZ -3;GRİPORT COLD;Griport Cold 20 Film Kaplı Tablet;1;0;1;0
11.09.2026;ALLIANCE HEALTHCARE;AH KAYSERİ;8680001622252;ŞEYDA ECZANESİ;SIVAS MERKEZ -4;ACİDPASS;Acidpass 10/800/165 mg 12 Çiğneme Tablet;50;15;65;0
25.09.2026;ALLIANCE HEALTHCARE;AH KAYSERİ;8680001727193;DOLUNAY ECZANESİ;SIVAS MERKEZ -3;MOKSEFEN;Moksefen 400 mg 7 Film Tablet;60;42;102;0
18.09.2026;ALLIANCE HEALTHCARE;AH KAYSERİ;8680001645213;ÖMÜR ECZANESİ;SIVAS MERKEZ -1;ACİDPASS;Acidpass 10/800/165 mg 12 Çiğneme Tablet;2;0;2;0
21.09.2026;ALLIANCE HEALTHCARE;AH KAYSERİ;8680001147984;DEVA ECZANESİ;SIVAS MERKEZ -1;ACİDPASS;Acidpass 10/800/165 mg 12 Çiğneme Tablet;2;0;2;0
29.09.2026;ALLIANCE HEALTHCARE;AH KAYSERİ;8680001120017;DÖRTYOL ECZANESİ;SIVAS MERKEZ -4;GRİPORT COLD;Griport Cold 20 Film Kaplı Tablet;1;0;1;0
08.09.2026;ALLIANCE HEALTHCARE;AH KAYSERİ;8680001727193;DOLUNAY ECZANESİ;SIVAS MERKEZ -3;ACİDPASS;Acidpass 10/800/165 mg 12 Çiğneme Tablet;10;1;11;0
25.09.2026;ALLIANCE HEALTHCARE;AH KAYSERİ;8680001479139;DUYGU ECZANESİ;SIVAS MERKEZ -4;ACİDPASS;Acidpass 10/800/165 mg 12 Çiğneme Tablet;10;1;11;0
04.09.2026;ALLIANCE HEALTHCARE;AH KAYSERİ;8680001152209;YILDIZ ECZANESİ;SIVAS MERKEZ -4;ACİDPASS;Acidpass 10/800/165 mg 12 Çiğneme Tablet;1;0;1;0
11.09.2026;ALLIANCE HEALTHCARE;AH KAYSERİ;8680001160327;ERSİN ECZANESİ;SIVAS MERKEZ -2;GRİPORT COLD;Griport Cold 20 Film Kaplı Tablet;1;0;1;0
17.09.2026;ALLIANCE HEALTHCARE;AH KAYSERİ;8680001470945;HİLAL ECZANESİ;SIVAS MERKEZ -2;GRİPORT COLD;Griport Cold 20 Film Kaplı Tablet;1;0;1;0
14.09.2026;ALLIANCE HEALTHCARE;AH KAYSERİ;8680001158805;GÜLERSİN ECZANESİ;SIVAS MERKEZ -2;GRİPORT COLD;Griport Cold 20 Film Kaplı Tablet;7;1;8;0
17.09.2026;ALLIANCE HEALTHCARE;AH KAYSERİ;8680001146994;HAKAN ECZANESİ;SIVAS MERKEZ -2;GRİPORT COLD;Griport Cold 20 Film Kaplı Tablet;7;1;8;0
29.09.2026;ALLIANCE HEALTHCARE;AH KAYSERİ;8680001645213;ÖMÜR ECZANESİ;SIVAS MERKEZ -1;ACİDPASS;Acidpass 10/800/165 mg 12 Çiğneme Tablet;3;0;3;0
23.09.2026;ALLIANCE HEALTHCARE;AH KAYSERİ;8680001374786;İÇTEN ECZANESİ;SIVAS MERKEZ -2;GRİPORT COLD;Griport Cold 20 Film Kaplı Tablet;7;1;8;0
29.09.2026;ALLIANCE HEALTHCARE;AH KAYSERİ;8680001155620;İRFAN ECZANESİ;SIVAS MERKEZ -2;GRİPORT COLD;Griport Cold 20 Film Kaplı Tablet;7;1;8;0
02.09.2026;ALLIANCE HEALTHCARE;AH ERZURUM;8680001145966;MEYDAN ECZANESİ;AGRI MERKEZ;ACİDPASS;Acidpass 10/800/165 mg 12 Çiğneme Tablet;10;1;11;0
21.09.2026;ALLIANCE HEALTHCARE;AH ERZURUM;8680001116171;DADAŞ ECZANESİ;ERZURUM MERKEZ -3;ACİDPASS;Acidpass 10/800/165 mg 12 Çiğneme Tablet;10;1;11;0
21.09.2026;ALLIANCE HEALTHCARE;AH ERZURUM;8680001119219;SEFA ECZANESİ;ERZURUM MERKEZ -3;ACİDPASS;Acidpass 10/800/165 mg 12 Çiğneme Tablet;1;0;1;0
09.09.2026;ALLIANCE HEALTHCARE;AH ERZURUM;8680001659685;CEREN ECZANESİ;ERZINCAN MERKEZ;MOKSEFEN;Moksefen 400 mg 7 Film Tablet;20;10;30;0
17.09.2026;ALLIANCE HEALTHCARE;AH ERZURUM;8680001695249;ARDA ECZANESİ;AGRI MERKEZ;ACİDPASS;Acidpass 10/800/165 mg 12 Çiğneme Tablet;20;3;23;0
25.09.2026;ALLIANCE HEALTHCARE;AH ERZURUM;8680001452965;ZAFER ECZANESİ;ERZURUM MERKEZ -3;FAMTREC;Famtrec 800/26,6mg 14 Film Kaplı Tablet;3;0;3;0
26.09.2026;ALLIANCE HEALTHCARE;AH ERZURUM;8680001846719;CARE ECZANESİ;AGRI ILCELER;FAMTREC;Famtrec 800/26,6mg 14 Film Kaplı Tablet;1;0;1;0
29.09.2026;ALLIANCE HEALTHCARE;AH ERZURUM;8680001846719;CARE ECZANESİ;AGRI ILCELER;GRİPORT COLD;Griport Cold 20 Film Kaplı Tablet;7;1;8;0
01.09.2026;ALLIANCE HEALTHCARE;AH ERZURUM;8680001119226;ÜNLÜ ECZANESİ;ERZURUM MERKEZ -3;MOKSEFEN;Moksefen 400 mg 7 Film Tablet;20;10;30;0
24.09.2026;ALLIANCE HEALTHCARE;AH ERZURUM;8680001111138;YILDIZKENT KAVŞAK ECZANESİ;ERZURUM MERKEZ -3;ACİDPASS;Acidpass 10/800/165 mg 6 Çiğneme Tablet;2;0;2;0
09.09.2026;ALLIANCE HEALTHCARE;AH ERZURUM;8680001703869;MONA ECZANESİ;AGRI DIYADIN+D.BEYAZIT;MOKSEFEN;Moksefen 400 mg 7 Film Tablet;10;3;13;0
14.09.2026;ALLIANCE HEALTHCARE;AH ERZURUM;8680001810277;TANCA ECZANESİ;AGRI DIYADIN+D.BEYAZIT;ACİDPASS;Acidpass 10/800/165 mg 12 Çiğneme Tablet;1;0;1;0
15.09.2026;ALLIANCE HEALTHCARE;AH ERZURUM;8680001133901;ŞİFA ECZANESİ;KARS ILCELER;ACİDPASS;Acidpass 10/800/165 mg 12 Çiğneme Tablet;2;0;2;0
02.09.2026;ALLIANCE HEALTHCARE;AH ERZURUM;8680001114122;YILDIZ ECZANESİ;ERZURUM GUNEY ILCELER;ACİDPASS;Acidpass 10/800/165 mg 12 Çiğneme Tablet;2;0;2;0
02.09.2026;ALLIANCE HEALTHCARE;AH ERZURUM;8680001232307;GÜROL ECZANESİ;ERZINCAN MERKEZ;MOKSEFEN;Moksefen 400 mg 7 Film Tablet;10;3;13;0
01.09.2026;ALLIANCE HEALTHCARE;AH ERZURUM;8680001625963;PINAR ECZANESİ;ERZURUM MERKEZ -2;FAMTREC;Famtrec 800/26,6mg 14 Film Kaplı Tablet;14;2;16;0
16.09.2026;ALLIANCE HEALTHCARE;AH ERZURUM;8680001481804;ALTINTAŞ ECZANESİ;AGRI MERKEZ;ACİDPASS;Acidpass 10/800/165 mg 12 Çiğneme Tablet;2;0;2;0
01.09.2026;ALLIANCE HEALTHCARE;AH ERZURUM;8680001798759;YALÇIN ECZANESİ;AGRI ILCELER;ACİDPASS;Acidpass 10/800/165 mg 12 Çiğneme Tablet;10;1;11;0
02.09.2026;ALLIANCE HEALTHCARE;AH ERZURUM;8680001118359;YAŞAM ECZANESİ;ERZURUM MERKEZ -3;MOKSEFEN;Moksefen 400 mg 7 Film Tablet;50;35;85;0
18.09.2026;ALLIANCE HEALTHCARE;AH ERZURUM;8680001119509;YILMAZ ECZANESİ;ERZURUM MERKEZ -3;FAMTREC;Famtrec 800/26,6mg 14 Film Kaplı Tablet;3;0;3;0
30.09.2026;ALLIANCE HEALTHCARE;AH ERZURUM;8680001814909;YAŞAM ECZANESİ;AGRI DIYADIN+D.BEYAZIT;ACİDPASS;Acidpass 10/800/165 mg 12 Çiğneme Tablet;10;1;11;0
01.09.2026;ALLIANCE HEALTHCARE;AH ERZURUM;8680001119219;SEFA ECZANESİ;ERZURUM MERKEZ -3;ACİDPASS;Acidpass 10/800/165 mg 12 Çiğneme Tablet;1;0;1;0
11.09.2026;ALLIANCE HEALTHCARE;AH ERZURUM;8680001104185;ŞİFA ECZANESİ;ERZURUM MERKEZ -3;GRİPORT COLD;Griport Cold 20 Film Kaplı Tablet;1;0;1;0
13.09.2026;ALLIANCE HEALTHCARE;AH ERZURUM;8680001906505;CEREN ECZANESİ;AGRI DIYADIN+D.BEYAZIT;MOKSEFEN;Moksefen 400 mg 7 Film Tablet;5;1;6;0
17.09.2026;ALLIANCE HEALTHCARE;AH ERZURUM;8680001516681;KERİME YENİCE ECZANESİ;KARS MERKEZ;ACİDPASS;Acidpass 10/800/165 mg 12 Çiğneme Tablet;5;0;5;0
11.09.2026;ALLIANCE HEALTHCARE;AH ERZURUM;8680001625963;PINAR ECZANESİ;ERZURUM MERKEZ -2;FAMTREC;Famtrec 800/26,6mg 14 Film Kaplı Tablet;14;2;16;0
11.09.2026;ALLIANCE HEALTHCARE;AH ERZURUM;8680001625963;PINAR ECZANESİ;ERZURUM MERKEZ -2;GRİPORT COLD;Griport Cold 20 Film Kaplı Tablet;40;20;60;0
11.09.2026;ALLIANCE HEALTHCARE;AH ERZURUM;8680001646463;TİMUR ECZANESİ;ERZURUM MERKEZ -1;ACİDPASS;Acidpass 10/800/165 mg 12 Çiğneme Tablet;3;0;3;0
22.09.2026;ALLIANCE HEALTHCARE;AH ERZURUM;8680001481804;ALTINTAŞ ECZANESİ;AGRI MERKEZ;ACİDPASS;Acidpass 10/800/165 mg 12 Çiğneme Tablet;10;1;11;0
09.09.2026;ALLIANCE HEALTHCARE;AH ERZURUM;8680001946556;GÜRBULAK ECZANESİ;AGRI DIYADIN+D.BEYAZIT;ACİDPASS;Acidpass 10/800/165 mg 12 Çiğneme Tablet;1;0;1;0
10.09.2026;ALLIANCE HEALTHCARE;AH ERZURUM;8680001121328;KAYA ECZANESİ;ERZURUM MERKEZ -1;GRİPORT COLD;Griport Cold 20 Film Kaplı Tablet;3;0;3;0
20.09.2026;ALLIANCE HEALTHCARE;AH ERZURUM;8680001132034;ESLEK ECZANESİ;ERZURUM GUNEY ILCELER;GRİPORT COLD;Griport Cold 20 Film Kaplı Tablet;2;0;2;0
15.09.2026;ALLIANCE HEALTHCARE;AH ERZURUM;8680001119219;SEFA ECZANESİ;ERZURUM MERKEZ -3;ACİDPASS;Acidpass 10/800/165 mg 12 Çiğneme Tablet;1;0;1;0
15.09.2026;ALLIANCE HEALTHCARE;AH ERZURUM;8680001800322;SAĞLIK ECZANESİ;AGRI DIYADIN+D.BEYAZIT;MOKSEFEN;Moksefen 400 mg 7 Film Tablet;1;0;1;0
16.09.2026;ALLIANCE HEALTHCARE;AH ERZURUM;8680001104253;ALTUNYILDIZ ECZANESİ;ERZURUM MERKEZ -1;FAMTREC;Famtrec 800/26,6mg 14 Film Kaplı Tablet;1;0;1;0
16.09.2026;ALLIANCE HEALTHCARE;AH ERZURUM;8680001471850;PELİN ECZANESİ;ERZURUM MERKEZ -3;FAMTREC;Famtrec 800/26,6mg 14 Film Kaplı Tablet;7;1;8;0
17.09.2026;ALLIANCE HEALTHCARE;AH ERZURUM;8680001631988;EYLÜL ECZANESİ;AGRI DIYADIN+D.BEYAZIT;ACİDPASS;Acidpass 10/800/165 mg 12 Çiğneme Tablet;3;0;3;0
17.09.2026;ALLIANCE HEALTHCARE;AH ERZURUM;8680001948673;YENİ KÖPRÜKÖY ECZANESİ;ERZURUM GUNEY ILCELER;MOKSEFEN;Moksefen 400 mg 7 Film Tablet;1;0;1;0
18.09.2026;ALLIANCE HEALTHCARE;AH ERZURUM;8680001114122;YILDIZ ECZANESİ;ERZURUM GUNEY ILCELER;ACİDPASS;Acidpass 10/800/165 mg 12 Çiğneme Tablet;2;0;2;0
18.09.2026;ALLIANCE HEALTHCARE;AH ERZURUM;8680001132034;ESLEK ECZANESİ;ERZURUM GUNEY ILCELER;FAMTREC;Famtrec 800/26,6mg 14 Film Kaplı Tablet;7;1;8;0
20.09.2026;ALLIANCE HEALTHCARE;AH ERZURUM;8680001695256;DERMAN ECZANESİ;AGRI MERKEZ;FAMTREC;Famtrec 800/26,6mg 14 Film Kaplı Tablet;1;0;1;0
21.09.2026;ALLIANCE HEALTHCARE;AH ERZURUM;8680001114306;MIZRAK ECZANESİ;AGRI MERKEZ;FAMTREC;Famtrec 800/26,6mg 14 Film Kaplı Tablet;-5;-1;-6;-1
02.09.2026;ALLIANCE HEALTHCARE;AH ERZURUM;8680001470488;GÖLBAŞI ECZANESİ;ERZURUM MERKEZ -2;ACİDPASS;Acidpass 10/800/165 mg 12 Çiğneme Tablet;10;1;11;0
26.09.2026;ALLIANCE HEALTHCARE;AH ERZURUM;8680001104253;ALTUNYILDIZ ECZANESİ;ERZURUM MERKEZ -1;FAMTREC;Famtrec 800/26,6mg 14 Film Kaplı Tablet;1;0;1;0
26.09.2026;ALLIANCE HEALTHCARE;AH ERZURUM;8680001664368;MERKEZ ECZANESI;ERZURUM GUNEY ILCELER;GRİPORT COLD;Griport Cold 20 Film Kaplı Tablet;7;1;8;0
23.09.2026;ALLIANCE HEALTHCARE;AH ERZURUM;8680001119271;GÜVEN ECZANESİ;ERZURUM MERKEZ -3;FAMTREC;Famtrec 800/26,6mg 14 Film Kaplı Tablet;1;0;1;0
23.09.2026;ALLIANCE HEALTHCARE;AH ERZURUM;8680001109678;BİZİM ECZANESİ;ERZURUM MERKEZ -3;FAMTREC;Famtrec 800/26,6mg 14 Film Kaplı Tablet;3;0;3;0
23.09.2026;ALLIANCE HEALTHCARE;AH ERZURUM;8680001145935;DİLAN ECZANESİ;AGRI DIYADIN+D.BEYAZIT;ACİDPASS;Acidpass 10/800/165 mg 12 Çiğneme Tablet;1;0;1;0
22.09.2026;ALLIANCE HEALTHCARE;AH ERZURUM;8680001520084;DURU ECZANESİ;AGRI MERKEZ;FAMTREC;Famtrec 800/26,6mg 14 Film Kaplı Tablet;1;0;1;0
22.09.2026;ALLIANCE HEALTHCARE;AH ERZURUM;8680001605200;EVREN ECZANESİ;ERZURUM MERKEZ -3;ACİDPASS;Acidpass 10/800/165 mg 12 Çiğneme Tablet;4;0;4;0
02.09.2026;ALLIANCE HEALTHCARE;AH ERZURUM;8680001173525;TAHA ECZANESİ;KARS MERKEZ;ACİDPASS;Acidpass 10/800/165 mg 12 Çiğneme Tablet;10;1;11;0
02.09.2026;ALLIANCE HEALTHCARE;AH ERZURUM;8680001462322;ŞİFA ECZANESİ;AGRI ILCELER;ACİDPASS;Acidpass 10/800/165 mg 12 Çiğneme Tablet;10;1;11;0
23.09.2026;ALLIANCE HEALTHCARE;AH ERZURUM;8680001103461;ADA ECZANESİ;ERZURUM MERKEZ -1;ACİDPASS;Acidpass 10/800/165 mg 12 Çiğneme Tablet;3;0;3;0
23.09.2026;ALLIANCE HEALTHCARE;AH ERZURUM;8680001119271;GÜVEN ECZANESİ;ERZURUM MERKEZ -3;FAMTREC;Famtrec 800/26,6mg 14 Film Kaplı Tablet;7;1;8;0
28.09.2026;ALLIANCE HEALTHCARE;AH ERZURUM;8680001664368;MERKEZ ECZANESI;ERZURUM GUNEY ILCELER;GRİPORT COLD;Griport Cold 20 Film Kaplı Tablet;7;1;8;0
03.09.2026;ALLIANCE HEALTHCARE;AH ERZURUM;8680001452965;ZAFER ECZANESİ;ERZURUM MERKEZ -3;ACİDPASS;Acidpass 10/800/165 mg 12 Çiğneme Tablet;3;0;3;0
03.09.2026;ALLIANCE HEALTHCARE;AH ERZURUM;8680001907175;OZAN ECZANESİ;AGRI ILCELER;MOKSEFEN;Moksefen 400 mg 7 Film Tablet;2;0;2;0
09.09.2026;ALLIANCE HEALTHCARE;AH ERZURUM;8680001520756;DEVA ECZANESİ;KARS MERKEZ;ACİDPASS;Acidpass 10/800/165 mg 12 Çiğneme Tablet;1;0;1;0
05.09.2026;ALLIANCE HEALTHCARE;AH ERZURUM;8680001907175;OZAN ECZANESİ;AGRI ILCELER;ACİDPASS;Acidpass 10/800/165 mg 12 Çiğneme Tablet;3;0;3;0
02.09.2026;ALLIANCE HEALTHCARE;AH ERZURUM;8680001721962;MERKEZ ECZANESI;AGRI ILCELER;MOKSEFEN;Moksefen 400 mg 7 Film Tablet;10;3;13;0
05.09.2026;ALLIANCE HEALTHCARE;AH ERZURUM;8680001103461;ADA ECZANESİ;ERZURUM MERKEZ -1;GRİPORT COLD;Griport Cold 20 Film Kaplı Tablet;7;1;8;0
07.09.2026;ALLIANCE HEALTHCARE;AH ERZURUM;8680001731626;TÜRKAN ECZANESİ;ERZURUM GUNEY ILCELER;ACİDPASS;Acidpass 10/800/165 mg 12 Çiğneme Tablet;10;1;11;0
08.09.2026;ALLIANCE HEALTHCARE;AH ERZURUM;8680001114122;YILDIZ ECZANESİ;ERZURUM GUNEY ILCELER;ACİDPASS;Acidpass 10/800/165 mg 12 Çiğneme Tablet;1;0;1;0
04.09.2026;ALLIANCE HEALTHCARE;AH ERZURUM;8680001172795;DİYAR ECZANESİ;KARS ILCELER;ACİDPASS;Acidpass 10/800/165 mg 12 Çiğneme Tablet;10;1;11;0
29.09.2026;ALLIANCE HEALTHCARE;AH ERZURUM;8680001701469;EREN ECZANESİ;AGRI MERKEZ;FAMTREC;Famtrec 800/26,6mg 14 Film Kaplı Tablet;1;0;1;0
08.09.2026;ALLIANCE HEALTHCARE;AH ERZURUM;8680001810277;TANCA ECZANESİ;AGRI DIYADIN+D.BEYAZIT;MOKSEFEN;Moksefen 400 mg 7 Film Tablet;2;0;2;0
03.09.2026;ALLIANCE HEALTHCARE;AH ERZURUM;8680001185269;DİLBER ECZANESİ;KARS MERKEZ;ACİDPASS;Acidpass 10/800/165 mg 6 Çiğneme Tablet;5;0;5;0
03.09.2026;ALLIANCE HEALTHCARE;AH ERZURUM;8680001114122;YILDIZ ECZANESİ;ERZURUM GUNEY ILCELER;ACİDPASS;Acidpass 10/800/165 mg 12 Çiğneme Tablet;2;0;2;0
03.09.2026;ALLIANCE HEALTHCARE;AH ERZURUM;8680001117888;YILDIRIM ECZANESİ;ERZURUM GUNEY ILCELER;ACİDPASS;Acidpass 10/800/165 mg 12 Çiğneme Tablet;1;0;1;0
23.09.2026;ALLIANCE HEALTHCARE;AH ERZURUM;8680001695232;KARACA ECZANESİ;AGRI MERKEZ;ACİDPASS;Acidpass 10/800/165 mg 12 Çiğneme Tablet;10;1;11;0
24.09.2026;ALLIANCE HEALTHCARE;AH ERZURUM;8680001238194;HİZMET ECZANESİ;ERZINCAN MERKEZ;ACİDPASS;Acidpass 10/800/165 mg 12 Çiğneme Tablet;3;0;3;0
09.09.2026;ALLIANCE HEALTHCARE;AH ERZURUM;8680001520084;DURU ECZANESİ;AGRI MERKEZ;GRİPORT COLD;Griport Cold 20 Film Kaplı Tablet;7;1;8;0
05.09.2026;ALLIANCE HEALTHCARE;AH ERZURUM;8680001103461;ADA ECZANESİ;ERZURUM MERKEZ -1;GRİPORT COLD;Griport Cold 20 Film Kaplı Tablet;7;1;8;0
09.09.2026;ALLIANCE HEALTHCARE;AH ERZURUM;8680001946556;GÜRBULAK ECZANESİ;AGRI DIYADIN+D.BEYAZIT;MOKSEFEN;Moksefen 400 mg 7 Film Tablet;5;1;6;0
10.09.2026;ALLIANCE HEALTHCARE;AH ERZURUM;8680001109982;ŞAFAK ECZANESİ;ERZURUM MERKEZ -3;GRİPORT COLD;Griport Cold 20 Film Kaplı Tablet;7;1;8;0
10.09.2026;ALLIANCE HEALTHCARE;AH ERZURUM;8680001189267;MERKEZ ECZANESI;KARS MERKEZ;ACİDPASS;Acidpass 10/800/165 mg 12 Çiğneme Tablet;5;0;5;0
10.09.2026;ALLIANCE HEALTHCARE;AH ERZURUM;8680001492718;AKIN ECZANESİ;KARS ILCELER;ACİDPASS;Acidpass 10/800/165 mg 12 Çiğneme Tablet;5;0;5;0
06.09.2026;ALLIANCE HEALTHCARE;AH ERZURUM;8680001114122;YILDIZ ECZANESİ;ERZURUM GUNEY ILCELER;ACİDPASS;Acidpass 10/800/165 mg 12 Çiğneme Tablet;1;0;1;0
04.09.2026;ALLIANCE HEALTHCARE;AH ERZURUM;8680001114306;MIZRAK ECZANESİ;AGRI MERKEZ;GRİPORT COLD;Griport Cold 20 Film Kaplı Tablet;2;0;2;0
23.09.2026;ALLIANCE HEALTHCARE;AH ERZURUM;8680001520756;DEVA ECZANESİ;KARS MERKEZ;ACİDPASS;Acidpass 10/800/165 mg 12 Çiğneme Tablet;1;0;1;0
23.09.2026;ALLIANCE HEALTHCARE;AH ERZURUM;8680001527434;MERYEM ECZANESİ;ERZURUM GUNEY ILCELER;ACİDPASS;Acidpass 10/800/165 mg 12 Çiğneme Tablet;2;0;2;0
06.09.2026;ALLIANCE HEALTHCARE;AH ERZURUM;8680001109531;HÜRRİYET ECZANESİ;ERZURUM MERKEZ -1;ACİDPASS;Acidpass 10/800/165 mg 12 Çiğneme Tablet;3;0;3;0
03.09.2026;ALLIANCE HEALTHCARE;AH ERZURUM;8680001124220;MAHALLEBAŞI ECZANESİ;ERZURUM MERKEZ -2;ACİDPASS;Acidpass 10/800/165 mg 6 Çiğneme Tablet;-3;0;-3;0
03.09.2026;ALLIANCE HEALTHCARE;AH ERZURUM;8680001114122;YILDIZ ECZANESİ;ERZURUM GUNEY ILCELER;ACİDPASS;Acidpass 10/800/165 mg 12 Çiğneme Tablet;2;0;2;0
03.09.2026;ALLIANCE HEALTHCARE;AH ERZURUM;8680001121328;KAYA ECZANESİ;ERZURUM MERKEZ -1;GRİPORT COLD;Griport Cold 20 Film Kaplı Tablet;2;0;2;0
20.09.2026;ALLIANCE HEALTHCARE;AH ERZURUM;8680001814541;OKTAY VURAL ECZANESİ;AGRI ILCELER;FAMTREC;Famtrec 800/26,6mg 14 Film Kaplı Tablet;1;0;1;0
21.09.2026;ALLIANCE HEALTHCARE;AH ERZURUM;8680001116171;DADAŞ ECZANESİ;ERZURUM MERKEZ -3;ACİDPASS;Acidpass 10/800/165 mg 12 Çiğneme Tablet;3;0;3;0
04.09.2026;ALLIANCE HEALTHCARE;AH ERZURUM;8680001132034;ESLEK ECZANESİ;ERZURUM GUNEY ILCELER;FAMTREC;Famtrec 800/26,6mg 14 Film Kaplı Tablet;7;1;8;0
04.09.2026;ALLIANCE HEALTHCARE;AH ERZURUM;8680001553112;BEYZA ECZANESİ;AGRI ILCELER;ACİDPASS;Acidpass 10/800/165 mg 12 Çiğneme Tablet;3;0;3;0
01.09.2026;ALLIANCE HEALTHCARE;AH ERZURUM;8680001168767;PASİNLER ECZANESİ;ERZURUM GUNEY ILCELER;FAMTREC;Famtrec 800/26,6mg 14 Film Kaplı Tablet;7;1;8;0
10.09.2026;ALLIANCE HEALTHCARE;AH ERZURUM;8680001800322;SAĞLIK ECZANESİ;AGRI DIYADIN+D.BEYAZIT;FAMTREC;Famtrec 800/26,6mg 14 Film Kaplı Tablet;1;0;1;0
08.09.2026;ALLIANCE HEALTHCARE;AH ERZURUM;8680001522156;YENİ ARI ECZANESİ;AGRI MERKEZ;ACİDPASS;Acidpass 10/800/165 mg 12 Çiğneme Tablet;10;1;11;0
11.09.2026;ALLIANCE HEALTHCARE;AH ERZURUM;8680001646463;TİMUR ECZANESİ;ERZURUM MERKEZ -1;ACİDPASS;Acidpass 10/800/165 mg 12 Çiğneme Tablet;2;0;2;0
11.09.2026;ALLIANCE HEALTHCARE;AH ERZURUM;8680001145843;YONCA ECZANESİ;AGRI MERKEZ;ACİDPASS;Acidpass 10/800/165 mg 12 Çiğneme Tablet;50;15;65;0
22.09.2026;ALLIANCE HEALTHCARE;AH ERZURUM;8680001116171;DADAŞ ECZANESİ;ERZURUM MERKEZ -3;GRİPORT COLD;Griport Cold 20 Film Kaplı Tablet;7;1;8;0
22.09.2026;ALLIANCE HEALTHCARE;AH ERZURUM;8680001119271;GÜVEN ECZANESİ;ERZURUM MERKEZ -3;FAMTREC;Famtrec 800/26,6mg 14 Film Kaplı Tablet;1;0;1;0
21.09.2026;ALLIANCE HEALTHCARE;AH ERZURUM;8680001145966;MEYDAN ECZANESİ;AGRI MERKEZ;FAMTREC;Famtrec 800/26,6mg 14 Film Kaplı Tablet;1;0;1;0
21.09.2026;ALLIANCE HEALTHCARE;AH ERZURUM;8680001118359;YAŞAM ECZANESİ;ERZURUM MERKEZ -3;FAMTREC;Famtrec 800/26,6mg 14 Film Kaplı Tablet;7;1;8;0
10.09.2026;ALLIANCE HEALTHCARE;AH ERZURUM;8680001114122;YILDIZ ECZANESİ;ERZURUM GUNEY ILCELER;ACİDPASS;Acidpass 10/800/165 mg 12 Çiğneme Tablet;5;0;5;0
10.09.2026;ALLIANCE HEALTHCARE;AH ERZURUM;8680001721481;KARS ECZANESİ;KARS MERKEZ;FAMTREC;Famtrec 800/26,6mg 14 Film Kaplı Tablet;1;0;1;0
10.09.2026;ALLIANCE HEALTHCARE;AH ERZURUM;8680001114412;SEVGİ ECZANESİ;AGRI MERKEZ;FAMTREC;Famtrec 800/26,6mg 14 Film Kaplı Tablet;1;0;1;0
12.09.2026;ALLIANCE HEALTHCARE;AH ERZURUM;8680001752225;YAĞMUR ECZANESİ;AGRI DIYADIN+D.BEYAZIT;FAMTREC;Famtrec 800/26,6mg 14 Film Kaplı Tablet;1;0;1;0
01.09.2026;ALLIANCE HEALTHCARE;AH ERZURUM;8680001114122;YILDIZ ECZANESİ;ERZURUM GUNEY ILCELER;ACİDPASS;Acidpass 10/800/165 mg 12 Çiğneme Tablet;2;0;2;0
24.09.2026;ALLIANCE HEALTHCARE;AH ERZURUM;8680001494446;HACETTEPE  ECZANESİ;AGRI DIYADIN+D.BEYAZIT;GRİPORT COLD;Griport Cold 20 Film Kaplı Tablet;7;1;8;0
01.09.2026;ALLIANCE HEALTHCARE;AH ERZURUM;8680001520084;DURU ECZANESİ;AGRI MERKEZ;ACİDPASS;Acidpass 10/800/165 mg 12 Çiğneme Tablet;10;1;11;0
01.09.2026;ALLIANCE HEALTHCARE;AH ERZURUM;8680001690855;ŞEHR-İ ŞİFA ECZANESİ;ERZURUM GUNEY ILCELER;MOKSEFEN;Moksefen 400 mg 7 Film Tablet;20;10;30;0
07.09.2026;ALLIANCE HEALTHCARE;AH ERZURUM;8680001117611;YENİ BÖLGE ECZANESİ;ERZURUM MERKEZ -3;MOKSEFEN;Moksefen 400 mg 7 Film Tablet;20;10;30;0
01.09.2026;ALLIANCE HEALTHCARE;AH ERZURUM;8680001520084;DURU ECZANESİ;AGRI MERKEZ;ACİDPASS;Acidpass 10/800/165 mg 12 Çiğneme Tablet;10;1;11;0
08.09.2026;ALLIANCE HEALTHCARE;AH ERZURUM;8680001121328;KAYA ECZANESİ;ERZURUM MERKEZ -1;ACİDPASS;Acidpass 10/800/165 mg 12 Çiğneme Tablet;2;0;2;0
28.09.2026;ALLIANCE HEALTHCARE;AH ERZURUM;8680001649839;FATİH ECZANESİ;ERZURUM MERKEZ -2;ACİDPASS;Acidpass 10/800/165 mg 12 Çiğneme Tablet;1;0;1;0
30.09.2026;ALLIANCE HEALTHCARE;AH ERZURUM;8680001117888;YILDIRIM ECZANESİ;ERZURUM GUNEY ILCELER;FAMTREC;Famtrec 800/26,6mg 14 Film Kaplı Tablet;1;0;1;0
30.09.2026;ALLIANCE HEALTHCARE;AH ERZURUM;8680001422500;YENİ NİL ECZANESİ;ERZINCAN MERKEZ;ACİDPASS;Acidpass 10/800/165 mg 12 Çiğneme Tablet;2;0;2;0
15.09.2026;ALLIANCE HEALTHCARE;AH ERZURUM;8680001238583;TERZİOĞLU ECZANESİ;ERZINCAN MERKEZ;ACİDPASS;Acidpass 10/800/165 mg 12 Çiğneme Tablet;20;3;23;0
15.09.2026;ALLIANCE HEALTHCARE;AH ERZURUM;8680001746064;RABİA ECZANESİ;AGRI MERKEZ;GRİPORT COLD;Griport Cold 20 Film Kaplı Tablet;1;0;1;0
15.09.2026;ALLIANCE HEALTHCARE;AH ERZURUM;8680001566983;CADDE ECZANESİ;ERZURUM MERKEZ -3;ACİDPASS;Acidpass 10/800/165 mg 12 Çiğneme Tablet;2;0;2;0
01.09.2026;ALLIANCE HEALTHCARE;AH ERZURUM;8680001132034;ESLEK ECZANESİ;ERZURUM GUNEY ILCELER;ACİDPASS;Acidpass 10/800/165 mg 12 Çiğneme Tablet;20;3;23;0
14.09.2026;ALLIANCE HEALTHCARE;AH ERZURUM;8680001145966;MEYDAN ECZANESİ;AGRI MERKEZ;MOKSEFEN;Moksefen 400 mg 7 Film Tablet;10;3;13;0
18.09.2026;ALLIANCE HEALTHCARE;AH ERZURUM;8680001114122;YILDIZ ECZANESİ;ERZURUM GUNEY ILCELER;MOKSEFEN;Moksefen 400 mg 7 Film Tablet;5;1;6;0
01.09.2026;ALLIANCE HEALTHCARE;AH ERZURUM;8680001520084;DURU ECZANESİ;AGRI MERKEZ;ACİDPASS;Acidpass 10/800/165 mg 6 Çiğneme Tablet;1;0;1;0
01.09.2026;ALLIANCE HEALTHCARE;AH ERZURUM;8680001664368;MERKEZ ECZANESI;ERZURUM GUNEY ILCELER;ACİDPASS;Acidpass 10/800/165 mg 12 Çiğneme Tablet;10;1;11;0
08.09.2026;ALLIANCE HEALTHCARE;AH ERZURUM;8680001701469;EREN ECZANESİ;AGRI MERKEZ;ACİDPASS;Acidpass 10/800/165 mg 12 Çiğneme Tablet;1;0;1;0
26.09.2026;ALLIANCE HEALTHCARE;AH ERZURUM;8680001646463;TİMUR ECZANESİ;ERZURUM MERKEZ -1;GRİPORT COLD;Griport Cold 20 Film Kaplı Tablet;7;1;8;0
09.09.2026;ALLIANCE HEALTHCARE;AH ERZURUM;8680001440801;TEKİN ECZANESİ;AGRI DIYADIN+D.BEYAZIT;ACİDPASS;Acidpass 10/800/165 mg 12 Çiğneme Tablet;2;0;2;0
16.09.2026;ALLIANCE HEALTHCARE;AH ERZURUM;8680001599974;MERVE ECZANESİ;ERZURUM MERKEZ -3;FAMTREC;Famtrec 800/26,6mg 14 Film Kaplı Tablet;1;0;1;0
15.09.2026;ALLIANCE HEALTHCARE;AH ERZURUM;8680001906369;ESRA ECZANESİ;AGRI ILCELER;ACİDPASS;Acidpass 10/800/165 mg 12 Çiğneme Tablet;10;1;11;0
16.09.2026;ALLIANCE HEALTHCARE;AH ERZURUM;8680001695133;KAYA ECZANESİ;AGRI MERKEZ;ACİDPASS;Acidpass 10/800/165 mg 6 Çiğneme Tablet;1;0;1;0
18.09.2026;ALLIANCE HEALTHCARE;AH ERZURUM;8680001719877;EYLÜL ECZANESİ;AGRI MERKEZ;ACİDPASS;Acidpass 10/800/165 mg 12 Çiğneme Tablet;10;1;11;0
20.09.2026;ALLIANCE HEALTHCARE;AH ERZURUM;8680001101290;UYGUR ECZANESİ;ERZURUM MERKEZ -1;ACİDPASS;Acidpass 10/800/165 mg 12 Çiğneme Tablet;3;0;3;0
21.09.2026;ALLIANCE HEALTHCARE;AH ERZURUM;8680001127948;BURAK ECZANESİ;ERZURUM MERKEZ -3;ACİDPASS;Acidpass 10/800/165 mg 12 Çiğneme Tablet;3;0;3;0
28.09.2026;ALLIANCE HEALTHCARE;AH ERZURUM;8680001695027;MERYEM ECZANESİ;KARS MERKEZ;ACİDPASS;Acidpass 10/800/165 mg 12 Çiğneme Tablet;3;0;3;0
18.09.2026;ALLIANCE HEALTHCARE;AH ERZURUM;8680001605200;EVREN ECZANESİ;ERZURUM MERKEZ -3;ACİDPASS;Acidpass 10/800/165 mg 12 Çiğneme Tablet;3;0;3;0
19.09.2026;ALLIANCE HEALTHCARE;AH ERZURUM;8680001185269;DİLBER ECZANESİ;KARS MERKEZ;ACİDPASS;Acidpass 10/800/165 mg 12 Çiğneme Tablet;10;1;11;0
28.09.2026;ALLIANCE HEALTHCARE;AH ERZURUM;8680001714285;DERMAN ECZANESİ;ERZURUM GUNEY ILCELER;ACİDPASS;Acidpass 10/800/165 mg 12 Çiğneme Tablet;4;0;4;0
22.09.2026;ALLIANCE HEALTHCARE;AH ERZURUM;8680001949625;MELİK ECZANESİ;AGRI DIYADIN+D.BEYAZIT;MOKSEFEN;Moksefen 400 mg 7 Film Tablet;5;1;6;0
23.09.2026;ALLIANCE HEALTHCARE;AH ERZURUM;8680001132034;ESLEK ECZANESİ;ERZURUM GUNEY ILCELER;GRİPORT COLD;Griport Cold 20 Film Kaplı Tablet;-2;0;-2;0
24.09.2026;ALLIANCE HEALTHCARE;AH ERZURUM;8680001664368;MERKEZ ECZANESI;ERZURUM GUNEY ILCELER;FAMTREC;Famtrec 800/26,6mg 14 Film Kaplı Tablet;7;1;8;0
30.09.2026;ALLIANCE HEALTHCARE;AH ERZURUM;8680001516681;KERİME YENİCE ECZANESİ;KARS MERKEZ;ACİDPASS;Acidpass 10/800/165 mg 12 Çiğneme Tablet;10;1;11;0
25.09.2026;ALLIANCE HEALTHCARE;AH ERZURUM;8680001117888;YILDIRIM ECZANESİ;ERZURUM GUNEY ILCELER;ACİDPASS;Acidpass 10/800/165 mg 12 Çiğneme Tablet;2;0;2;0
22.09.2026;ALLIANCE HEALTHCARE;AH ERZURUM;8680001117888;YILDIRIM ECZANESİ;ERZURUM GUNEY ILCELER;ACİDPASS;Acidpass 10/800/165 mg 12 Çiğneme Tablet;1;0;1;0
22.09.2026;ALLIANCE HEALTHCARE;AH ERZURUM;8680001452965;ZAFER ECZANESİ;ERZURUM MERKEZ -3;GRİPORT COLD;Griport Cold 20 Film Kaplı Tablet;1;0;1;0
08.09.2026;ALLIANCE HEALTHCARE;AH ERZURUM;8680001566983;CADDE ECZANESİ;ERZURUM MERKEZ -3;MOKSEFEN;Moksefen 400 mg 7 Film Tablet;1;0;1;0
09.09.2026;ALLIANCE HEALTHCARE;AH ERZURUM;8680001124220;MAHALLEBAŞI ECZANESİ;ERZURUM MERKEZ -2;GRİPORT COLD;Griport Cold 20 Film Kaplı Tablet;2;0;2;0
26.09.2026;ALLIANCE HEALTHCARE;AH ERZURUM;8680001516940;İNCİ ECZANESİ;AGRI MERKEZ;ACİDPASS;Acidpass 10/800/165 mg 12 Çiğneme Tablet;10;1;11;0
11.09.2026;ALLIANCE HEALTHCARE;AH ERZURUM;8680001695218;SULTAN ECZANESİ;AGRI DIYADIN+D.BEYAZIT;ACİDPASS;Acidpass 10/800/165 mg 12 Çiğneme Tablet;5;0;5;0
03.09.2026;ALLIANCE HEALTHCARE;AH ERZURUM;8680001168767;PASİNLER ECZANESİ;ERZURUM GUNEY ILCELER;FAMTREC;Famtrec 800/26,6mg 14 Film Kaplı Tablet;5;0;5;0
01.09.2026;ALLIANCE HEALTHCARE;AH ERZURUM;8680001676064;KOMBİNA ECZANESİ;ERZURUM MERKEZ -1;GRİPORT COLD;Griport Cold 20 Film Kaplı Tablet;40;20;60;0
01.09.2026;ALLIANCE HEALTHCARE;AH ERZURUM;8680001690855;ŞEHR-İ ŞİFA ECZANESİ;ERZURUM GUNEY ILCELER;ACİDPASS;Acidpass 10/800/165 mg 12 Çiğneme Tablet;10;1;11;0
01.09.2026;ALLIANCE HEALTHCARE;AH ERZURUM;8680001695027;MERYEM ECZANESİ;KARS MERKEZ;MOKSEFEN;Moksefen 400 mg 7 Film Tablet;10;3;13;0
01.09.2026;ALLIANCE HEALTHCARE;AH ERZURUM;8680001695218;SULTAN ECZANESİ;AGRI DIYADIN+D.BEYAZIT;MOKSEFEN;Moksefen 400 mg 7 Film Tablet;20;10;30;0
01.09.2026;ALLIANCE HEALTHCARE;AH ERZURUM;8680001695157;TURAN ECZANESİ;AGRI MERKEZ;ACİDPASS;Acidpass 10/800/165 mg 12 Çiğneme Tablet;4;0;4;0
18.09.2026;ALLIANCE HEALTHCARE;AH TRABZON;8680001832750;YUSUFELİ ECZANESİ;ARTVIN MERKEZ+DOGU+GUNEY;ACİDPASS;Acidpass 10/800/165 mg 12 Çiğneme Tablet;10;1;11;0
18.09.2026;ALLIANCE HEALTHCARE;AH TRABZON;8680001100880;DUYGU ECZANESİ;RIZE MERKEZ;ACİDPASS;Acidpass 10/800/165 mg 12 Çiğneme Tablet;20;3;23;0
19.09.2026;ALLIANCE HEALTHCARE;AH TRABZON;8680001205899;BÜYÜK ECZANESİ;TRABZON DOGU ILCELER -1;ACİDPASS;Acidpass 10/800/165 mg 12 Çiğneme Tablet;10;1;11;0
19.09.2026;ALLIANCE HEALTHCARE;AH TRABZON;8680001953639;SİMAY ECZANESİ;TRABZON AKCAABAT;GRİPORT COLD;Griport Cold 20 Film Kaplı Tablet;70;45;115;0
21.09.2026;ALLIANCE HEALTHCARE;AH TRABZON;8680001275922;SELCUK ECZANESİ;TRABZON MERKEZ -3;GRİPORT COLD;Griport Cold 20 Film Kaplı Tablet;2;0;2;0
21.09.2026;ALLIANCE HEALTHCARE;AH TRABZON;8680001213757;HAYRAT ECZANESİ;TRABZON DOGU ILCELER -1;ACİDPASS;Acidpass 10/800/165 mg 12 Çiğneme Tablet;2;0;2;0
06.09.2026;ALLIANCE HEALTHCARE;AH TRABZON;8680001457687;TUĞBA ECZANESİ;TRABZON AKCAABAT;ACİDPASS;Acidpass 10/800/165 mg 12 Çiğneme Tablet;20;3;23;0
14.09.2026;ALLIANCE HEALTHCARE;AH TRABZON;8680001175291;VERESELİ KARACA ECZANESİ;GUMUSHANE;MOKSEFEN;Moksefen 400 mg 7 Film Tablet;10;3;13;0
14.09.2026;ALLIANCE HEALTHCARE;AH TRABZON;8680001200016;ÖZTÜRK ECZANESİ;GUMUSHANE;MOKSEFEN;Moksefen 400 mg 7 Film Tablet;5;1;6;0
23.09.2026;ALLIANCE HEALTHCARE;AH TRABZON;8680001712915;AYDIN ECZANESI;GUMUSHANE;ACİDPASS;Acidpass 10/800/165 mg 12 Çiğneme Tablet;10;1;11;0
24.09.2026;ALLIANCE HEALTHCARE;AH TRABZON;8680001170463;ŞİFA ECZANESİ;GUMUSHANE;ACİDPASS;Acidpass 10/800/165 mg 12 Çiğneme Tablet;10;1;11;0
15.09.2026;ALLIANCE HEALTHCARE;AH TRABZON;8680001478842;NUR ECZANESİ;TRABZON MERKEZ -4;MOKSEFEN;Moksefen 400 mg 7 Film Tablet;20;10;30;0
15.09.2026;ALLIANCE HEALTHCARE;AH TRABZON;8680001706891;BİLGE ECZANESİ;TRABZON DOGU ILCELER -1;ACİDPASS;Acidpass 10/800/165 mg 12 Çiğneme Tablet;3;0;3;0
07.09.2026;ALLIANCE HEALTHCARE;AH TRABZON;8680001200016;ÖZTÜRK ECZANESİ;GUMUSHANE;GRİPORT COLD;Griport Cold 20 Film Kaplı Tablet;3;0;3;0
04.09.2026;ALLIANCE HEALTHCARE;AH TRABZON;8680001175291;VERESELİ KARACA ECZANESİ;GUMUSHANE;GRİPORT COLD;Griport Cold 20 Film Kaplı Tablet;7;1;8;0
05.09.2026;ALLIANCE HEALTHCARE;AH TRABZON;8680001264636;DERYA ECZANESİ;TRABZON BATI ILCELER - 2;ACİDPASS;Acidpass 10/800/165 mg 12 Çiğneme Tablet;150;60;210;0
21.09.2026;ALLIANCE HEALTHCARE;AH TRABZON;8680001225101;BAŞER ECZANESİ;TRABZON MERKEZ -1;ACİDPASS;Acidpass 10/800/165 mg 12 Çiğneme Tablet;20;3;23;0
22.09.2026;ALLIANCE HEALTHCARE;AH TRABZON;8680001260355;ÖZTÜRK ECZANESİ;TRABZON DOGU ILCELER -1;ACİDPASS;Acidpass 10/800/165 mg 12 Çiğneme Tablet;3;0;3;0
22.09.2026;ALLIANCE HEALTHCARE;AH TRABZON;8680001170463;ŞİFA ECZANESİ;GUMUSHANE;GRİPORT COLD;Griport Cold 20 Film Kaplı Tablet;12;3;15;0
22.09.2026;ALLIANCE HEALTHCARE;AH TRABZON;8680001267736;RIZA ECZANESİ;TRABZON DOGU ILCELER -1;ACİDPASS;Acidpass 10/800/165 mg 12 Çiğneme Tablet;10;1;11;0
18.09.2026;ALLIANCE HEALTHCARE;AH TRABZON;8680001560615;AYLİN KESKİN ECZANESİ;ARTVIN MERKEZ+DOGU+GUNEY;ACİDPASS;Acidpass 10/800/165 mg 12 Çiğneme Tablet;20;3;23;0
07.09.2026;ALLIANCE HEALTHCARE;AH TRABZON;8680001133048;ÖZCAN ECZANESİ;ARTVIN MERKEZ+DOGU+GUNEY;FAMTREC;Famtrec 800/26,6mg 14 Film Kaplı Tablet;1;0;1;0
08.09.2026;ALLIANCE HEALTHCARE;AH TRABZON;8680001238552;ERDOĞDU ECZANESİ;TRABZON MERKEZ -1;ACİDPASS;Acidpass 10/800/165 mg 12 Çiğneme Tablet;3;0;3;0
28.09.2026;ALLIANCE HEALTHCARE;AH TRABZON;8680001272341;MERKEZ ECZANESI;TRABZON BATI ILCELER - 2;ACİDPASS;Acidpass 10/800/165 mg 12 Çiğneme Tablet;3;0;3;0
28.09.2026;ALLIANCE HEALTHCARE;AH TRABZON;8680001254347;ALİBEYOĞLU ECZANESİ;TRABZON MERKEZ -3;ACİDPASS;Acidpass 10/800/165 mg 12 Çiğneme Tablet;3;0;3;0
22.09.2026;ALLIANCE HEALTHCARE;AH TRABZON;8680001623709;AYDIN ECZANESI;TRABZON AKCAABAT;GRİPORT COLD;Griport Cold 20 Film Kaplı Tablet;7;1;8;0
22.09.2026;ALLIANCE HEALTHCARE;AH TRABZON;8680001174898;ÖZKAN ECZANESİ;GUMUSHANE;GRİPORT COLD;Griport Cold 20 Film Kaplı Tablet;12;3;15;0
09.09.2026;ALLIANCE HEALTHCARE;AH TRABZON;8680001729548;LOTUS ECZANESİ;ARTVIN MERKEZ+DOGU+GUNEY;GRİPORT COLD;Griport Cold 20 Film Kaplı Tablet;1;0;1;0
10.09.2026;ALLIANCE HEALTHCARE;AH TRABZON;8680001170876;IŞIK ECZANESİ;GUMUSHANE;ACİDPASS;Acidpass 10/800/165 mg 12 Çiğneme Tablet;10;1;11;0
10.09.2026;ALLIANCE HEALTHCARE;AH TRABZON;8680001172221;YALÇIN ECZANESİ;GUMUSHANE;MOKSEFEN;Moksefen 400 mg 7 Film Tablet;50;35;85;0
23.09.2026;ALLIANCE HEALTHCARE;AH TRABZON;8680001830473;OF ECZANESİ;TRABZON DOGU ILCELER -1;ACİDPASS;Acidpass 10/800/165 mg 12 Çiğneme Tablet;10;1;11;0
23.09.2026;ALLIANCE HEALTHCARE;AH TRABZON;8680001832750;YUSUFELİ ECZANESİ;ARTVIN MERKEZ+DOGU+GUNEY;GRİPORT COLD;Griport Cold 20 Film Kaplı Tablet;7;1;8;0
23.09.2026;ALLIANCE HEALTHCARE;AH TRABZON;8680001183517;GÜMÜŞHANE ECZANESİ;GUMUSHANE;GRİPORT COLD;Griport Cold 20 Film Kaplı Tablet;12;3;15;0
10.09.2026;ALLIANCE HEALTHCARE;AH TRABZON;8680001478842;NUR ECZANESİ;TRABZON MERKEZ -4;MOKSEFEN;Moksefen 400 mg 7 Film Tablet;5;1;6;0
11.09.2026;ALLIANCE HEALTHCARE;AH TRABZON;8680001122707;BÜYÜK ECZANESİ;RIZE DOGU ILCELER;ACİDPASS;Acidpass 10/800/165 mg 6 Çiğneme Tablet;10;1;11;0
11.09.2026;ALLIANCE HEALTHCARE;AH TRABZON;8680001119387;BALCI ECZANESİ;RIZE MERKEZ;ACİDPASS;Acidpass 10/800/165 mg 12 Çiğneme Tablet;20;3;23;0
14.09.2026;ALLIANCE HEALTHCARE;AH TRABZON;8680001199525;AĞASAR ECZANESİ;TRABZON MERKEZ -1;GRİPORT COLD;Griport Cold 20 Film Kaplı Tablet;1;0;1;0
14.09.2026;ALLIANCE HEALTHCARE;AH TRABZON;8680001713349;AKOLUK ECZANESİ;TRABZON MERKEZ -3;ACİDPASS;Acidpass 10/800/165 mg 12 Çiğneme Tablet;4;0;4;0
14.09.2026;ALLIANCE HEALTHCARE;AH TRABZON;8680001205899;BÜYÜK ECZANESİ;TRABZON DOGU ILCELER -1;GRİPORT COLD;Griport Cold 20 Film Kaplı Tablet;3;0;3;0
14.09.2026;ALLIANCE HEALTHCARE;AH TRABZON;8680001565290;CEVDET ECZANESİ;TRABZON MERKEZ -1;ACİDPASS;Acidpass 10/800/165 mg 12 Çiğneme Tablet;1;0;1;0
14.09.2026;ALLIANCE HEALTHCARE;AH TRABZON;8680001654994;ULU ECZANESİ;TRABZON DOGU ILCELER -1;ACİDPASS;Acidpass 10/800/165 mg 12 Çiğneme Tablet;10;1;11;0
14.09.2026;ALLIANCE HEALTHCARE;AH TRABZON;8680001876044;ARYA ECZANESİ;TRABZON MERKEZ -3;GRİPORT COLD;Griport Cold 20 Film Kaplı Tablet;2;0;2;0
07.09.2026;ALLIANCE HEALTHCARE;AH TRABZON;8680001657544;AKTOPRAK ECZANESİ;TRABZON MERKEZ -1;ACİDPASS;Acidpass 10/800/165 mg 12 Çiğneme Tablet;2;0;2;0
16.09.2026;ALLIANCE HEALTHCARE;AH TRABZON;8680001271788;SEYİTOĞLU ECZANESİ;TRABZON DOGU ILCELER - 2;ACİDPASS;Acidpass 10/800/165 mg 12 Çiğneme Tablet;10;1;11;0
25.09.2026;ALLIANCE HEALTHCARE;AH TRABZON;8680001273881;GÜNIŞIĞI ECZANESİ;TRABZON DOGU ILCELER - 2;GRİPORT COLD;Griport Cold 20 Film Kaplı Tablet;2;0;2;0
25.09.2026;ALLIANCE HEALTHCARE;AH TRABZON;8680001122325;YASEMİN ECZANESİ;ARTVIN KUZEY ILCELER;ACİDPASS;Acidpass 10/800/165 mg 12 Çiğneme Tablet;20;3;23;0
29.09.2026;ALLIANCE HEALTHCARE;AH TRABZON;8680001225002;SEZER ECZANESİ;TRABZON MERKEZ -2;ACİDPASS;Acidpass 10/800/165 mg 12 Çiğneme Tablet;10;1;11;0
30.09.2026;ALLIANCE HEALTHCARE;AH TRABZON;8680001115655;SAĞLIK ECZANESİ;ARTVIN MERKEZ+DOGU+GUNEY;FAMTREC;Famtrec 800/26,6mg 14 Film Kaplı Tablet;3;0;3;0
30.09.2026;ALLIANCE HEALTHCARE;AH TRABZON;8680001953639;SİMAY ECZANESİ;TRABZON AKCAABAT;FAMTREC;Famtrec 800/26,6mg 14 Film Kaplı Tablet;2;0;2;0
11.09.2026;ALLIANCE HEALTHCARE;AH TRABZON;8680001122707;BÜYÜK ECZANESİ;RIZE DOGU ILCELER;ACİDPASS;Acidpass 10/800/165 mg 12 Çiğneme Tablet;10;1;11;0
16.09.2026;ALLIANCE HEALTHCARE;AH TRABZON;8680001713349;AKOLUK ECZANESİ;TRABZON MERKEZ -3;ACİDPASS;Acidpass 10/800/165 mg 12 Çiğneme Tablet;2;0;2;0
16.09.2026;ALLIANCE HEALTHCARE;AH TRABZON;8680001730681;GÜMÜŞ ECZANESİ;GUMUSHANE;MOKSEFEN;Moksefen 400 mg 7 Film Tablet;20;10;30;0
18.09.2026;ALLIANCE HEALTHCARE;AH TRABZON;8680001832750;YUSUFELİ ECZANESİ;ARTVIN MERKEZ+DOGU+GUNEY;MOKSEFEN;Moksefen 400 mg 7 Film Tablet;5;1;6;0
19.09.2026;ALLIANCE HEALTHCARE;AH TRABZON;8680001953639;SİMAY ECZANESİ;TRABZON AKCAABAT;ACİDPASS;Acidpass 10/800/165 mg 12 Çiğneme Tablet;10;1;11;0
20.09.2026;ALLIANCE HEALTHCARE;AH TRABZON;8680001835850;YILDIRIMHAN ECZANESİ;TRABZON DOGU ILCELER - 2;ACİDPASS;Acidpass 10/800/165 mg 12 Çiğneme Tablet;2;0;2;0
21.09.2026;ALLIANCE HEALTHCARE;AH TRABZON;8680001205899;BÜYÜK ECZANESİ;TRABZON DOGU ILCELER -1;MOKSEFEN;Moksefen 400 mg 7 Film Tablet;20;10;30;0
21.09.2026;ALLIANCE HEALTHCARE;AH TRABZON;8680001122325;YASEMİN ECZANESİ;ARTVIN KUZEY ILCELER;ACİDPASS;Acidpass 10/800/165 mg 12 Çiğneme Tablet;10;1;11;0
21.09.2026;ALLIANCE HEALTHCARE;AH TRABZON;8680001338566;FARUK ECZANESİ;TRABZON MERKEZ -1;ACİDPASS;Acidpass 10/800/165 mg 12 Çiğneme Tablet;40;6;46;0
25.09.2026;ALLIANCE HEALTHCARE;AH TRABZON;8680001473205;MELTEM ECZANESİ;ARTVIN MERKEZ+DOGU+GUNEY;FAMTREC;Famtrec 800/26,6mg 14 Film Kaplı Tablet;7;1;8;0
28.09.2026;ALLIANCE HEALTHCARE;AH TRABZON;8680001283088;ŞÜKRANİYE ECZANESİ;TRABZON MERKEZ -1;MOKSEFEN;Moksefen 400 mg 7 Film Tablet;20;10;30;0
28.09.2026;ALLIANCE HEALTHCARE;AH TRABZON;8680001205899;BÜYÜK ECZANESİ;TRABZON DOGU ILCELER -1;MOKSEFEN;Moksefen 400 mg 7 Film Tablet;20;10;30;0
18.09.2026;ALLIANCE HEALTHCARE;AH TRABZON;8680001265923;GÜL ECZANESİ;TRABZON AKCAABAT;ACİDPASS;Acidpass 10/800/165 mg 12 Çiğneme Tablet;50;15;65;0
18.09.2026;ALLIANCE HEALTHCARE;AH TRABZON;8680001181766;HUZUR ECZANESİ;GUMUSHANE;ACİDPASS;Acidpass 10/800/165 mg 12 Çiğneme Tablet;1;0;1;0
18.09.2026;ALLIANCE HEALTHCARE;AH TRABZON;8680001275779;SEBAT ECZANESİ;TRABZON AKCAABAT;ACİDPASS;Acidpass 10/800/165 mg 12 Çiğneme Tablet;50;15;65;0
18.09.2026;ALLIANCE HEALTHCARE;AH TRABZON;8680001451524;DOĞA ECZANESİ;TRABZON DOGU ILCELER - 2;GRİPORT COLD;Griport Cold 20 Film Kaplı Tablet;2;0;2;0
21.09.2026;ALLIANCE HEALTHCARE;AH TRABZON;8680001175291;VERESELİ KARACA ECZANESİ;GUMUSHANE;ACİDPASS;Acidpass 10/800/165 mg 12 Çiğneme Tablet;10;1;11;0
22.09.2026;ALLIANCE HEALTHCARE;AH TRABZON;8680001457687;TUĞBA ECZANESİ;TRABZON AKCAABAT;GRİPORT COLD;Griport Cold 20 Film Kaplı Tablet;12;3;15;0
25.09.2026;ALLIANCE HEALTHCARE;AH TRABZON;8680001515042;MERKEZ ECZANESI;GUMUSHANE;GRİPORT COLD;Griport Cold 20 Film Kaplı Tablet;7;1;8;0
25.09.2026;ALLIANCE HEALTHCARE;AH TRABZON;8680001560615;AYLİN KESKİN ECZANESİ;ARTVIN MERKEZ+DOGU+GUNEY;MOKSEFEN;Moksefen 400 mg 7 Film Tablet;10;3;13;0
25.09.2026;ALLIANCE HEALTHCARE;AH TRABZON;8680001668120;DEVA ECZANESİ;RIZE DOGU ILCELER;FAMTREC;Famtrec 800/26,6mg 14 Film Kaplı Tablet;1;0;1;0
27.09.2026;ALLIANCE HEALTHCARE;AH TRABZON;8680001556236;BURÇİN ECZANESİ;TRABZON MERKEZ -4;ACİDPASS;Acidpass 10/800/165 mg 12 Çiğneme Tablet;5;0;5;0
11.09.2026;ALLIANCE HEALTHCARE;AH TRABZON;8680001706891;BİLGE ECZANESİ;TRABZON DOGU ILCELER -1;MOKSEFEN;Moksefen 400 mg 7 Film Tablet;5;1;6;0
12.09.2026;ALLIANCE HEALTHCARE;AH TRABZON;8680001277117;KADİR ECZANESİ;TRABZON BATI ILCELER - 2;ACİDPASS;Acidpass 10/800/165 mg 12 Çiğneme Tablet;5;0;5;0
12.09.2026;ALLIANCE HEALTHCARE;AH TRABZON;8680001200016;ÖZTÜRK ECZANESİ;GUMUSHANE;ACİDPASS;Acidpass 10/800/165 mg 12 Çiğneme Tablet;10;1;11;0
28.09.2026;ALLIANCE HEALTHCARE;AH TRABZON;8680001232833;ÇÖMLEKÇİ ECZANESİ;TRABZON MERKEZ -4;GRİPORT COLD;Griport Cold 20 Film Kaplı Tablet;1;0;1;0
28.09.2026;ALLIANCE HEALTHCARE;AH TRABZON;8680001657544;AKTOPRAK ECZANESİ;TRABZON MERKEZ -1;ACİDPASS;Acidpass 10/800/165 mg 12 Çiğneme Tablet;2;0;2;0
18.09.2026;ALLIANCE HEALTHCARE;AH TRABZON;8680001121489;SARIKAYA ECZANESİ;ARTVIN MERKEZ+DOGU+GUNEY;MOKSEFEN;Moksefen 400 mg 7 Film Tablet;50;35;85;0
18.09.2026;ALLIANCE HEALTHCARE;AH TRABZON;8680001119387;BALCI ECZANESİ;RIZE MERKEZ;ACİDPASS;Acidpass 10/800/165 mg 12 Çiğneme Tablet;50;15;65;0
29.09.2026;ALLIANCE HEALTHCARE;AH TRABZON;8680001276998;BİZİM ECZANESİ;TRABZON AKCAABAT;FAMTREC;Famtrec 800/26,6mg 14 Film Kaplı Tablet;7;1;8;0
23.09.2026;ALLIANCE HEALTHCARE;AH TRABZON;8680001706891;BİLGE ECZANESİ;TRABZON DOGU ILCELER -1;ACİDPASS;Acidpass 10/800/165 mg 6 Çiğneme Tablet;3;0;3;0
24.09.2026;ALLIANCE HEALTHCARE;AH TRABZON;8680001277117;KADİR ECZANESİ;TRABZON BATI ILCELER - 2;MOKSEFEN;Moksefen 400 mg 7 Film Tablet;3;0;3;0
24.09.2026;ALLIANCE HEALTHCARE;AH TRABZON;8680001174898;ÖZKAN ECZANESİ;GUMUSHANE;FAMTREC;Famtrec 800/26,6mg 14 Film Kaplı Tablet;1;0;1;0
25.09.2026;ALLIANCE HEALTHCARE;AH TRABZON;8680001172221;YALÇIN ECZANESİ;GUMUSHANE;GRİPORT COLD;Griport Cold 20 Film Kaplı Tablet;40;20;60;0
25.09.2026;ALLIANCE HEALTHCARE;AH TRABZON;8680001260003;KARADUMAN ECZANESİ;TRABZON MERKEZ -2;ACİDPASS;Acidpass 10/800/165 mg 12 Çiğneme Tablet;3;0;3;0
25.09.2026;ALLIANCE HEALTHCARE;AH TRABZON;8680001256853;VANDAN ECZANESİ;TRABZON MERKEZ -2;ACİDPASS;Acidpass 10/800/165 mg 12 Çiğneme Tablet;20;3;23;0
02.09.2026;ALLIANCE HEALTHCARE;AH TRABZON;8680001273881;GÜNIŞIĞI ECZANESİ;TRABZON DOGU ILCELER - 2;ACİDPASS;Acidpass 10/800/165 mg 12 Çiğneme Tablet;20;3;23;0
02.09.2026;ALLIANCE HEALTHCARE;AH TRABZON;8680001272341;MERKEZ ECZANESI;TRABZON BATI ILCELER - 2;MOKSEFEN;Moksefen 400 mg 7 Film Tablet;20;10;30;0
02.09.2026;ALLIANCE HEALTHCARE;AH TRABZON;8680001273652;GENÇER ECZANESİ;TRABZON AKCAABAT;FAMTREC;Famtrec 800/26,6mg 14 Film Kaplı Tablet;7;1;8;0
02.09.2026;ALLIANCE HEALTHCARE;AH TRABZON;8680001202317;PINAR ECZANESİ;TRABZON DUZKOY+MACKA;FAMTREC;Famtrec 800/26,6mg 14 Film Kaplı Tablet;7;1;8;0
02.09.2026;ALLIANCE HEALTHCARE;AH TRABZON;8680001535347;ŞAVŞAT ECZANESİ;ARTVIN MERKEZ+DOGU+GUNEY;ACİDPASS;Acidpass 10/800/165 mg 12 Çiğneme Tablet;10;1;11;0
08.09.2026;ALLIANCE HEALTHCARE;AH TRABZON;8680001205899;BÜYÜK ECZANESİ;TRABZON DOGU ILCELER -1;ACİDPASS;Acidpass 10/800/165 mg 6 Çiğneme Tablet;3;0;3;0
08.09.2026;ALLIANCE HEALTHCARE;AH TRABZON;8680001623709;AYDIN ECZANESI;TRABZON AKCAABAT;GRİPORT COLD;Griport Cold 20 Film Kaplı Tablet;7;1;8;0
30.09.2026;ALLIANCE HEALTHCARE;AH TRABZON;8680001205899;BÜYÜK ECZANESİ;TRABZON DOGU ILCELER -1;ACİDPASS;Acidpass 10/800/165 mg 12 Çiğneme Tablet;10;1;11;0
30.09.2026;ALLIANCE HEALTHCARE;AH TRABZON;8680001468584;UMUT ECZANESİ;TRABZON AKCAABAT;ACİDPASS;Acidpass 10/800/165 mg 6 Çiğneme Tablet;2;0;2;0
19.09.2026;ALLIANCE HEALTHCARE;AH TRABZON;8680001953639;SİMAY ECZANESİ;TRABZON AKCAABAT;MOKSEFEN;Moksefen 400 mg 7 Film Tablet;20;10;30;0
21.09.2026;ALLIANCE HEALTHCARE;AH TRABZON;8680001172221;YALÇIN ECZANESİ;GUMUSHANE;ACİDPASS;Acidpass 10/800/165 mg 6 Çiğneme Tablet;2;0;2;0
22.09.2026;ALLIANCE HEALTHCARE;AH TRABZON;8680001734429;SAĞLIK ECZANESİ;TRABZON DOGU ILCELER -1;GRİPORT COLD;Griport Cold 20 Film Kaplı Tablet;2;0;2;0
22.09.2026;ALLIANCE HEALTHCARE;AH TRABZON;8680001170906;HAYAT ECZANESİ;GUMUSHANE;ACİDPASS;Acidpass 10/800/165 mg 12 Çiğneme Tablet;10;1;11;0
23.09.2026;ALLIANCE HEALTHCARE;AH TRABZON;8680001272969;KAŞÜSTÜ ECZANESİ;TRABZON DOGU ILCELER - 2;ACİDPASS;Acidpass 10/800/165 mg 12 Çiğneme Tablet;2;0;2;0
15.09.2026;ALLIANCE HEALTHCARE;AH TRABZON;8680001692774;ÇINAR ECZANESİ;GUMUSHANE;ACİDPASS;Acidpass 10/800/165 mg 12 Çiğneme Tablet;20;3;23;0
15.09.2026;ALLIANCE HEALTHCARE;AH TRABZON;8680001703197;HÜLYA ECZANESİ;TRABZON MERKEZ -3;ACİDPASS;Acidpass 10/800/165 mg 12 Çiğneme Tablet;10;1;11;0
15.09.2026;ALLIANCE HEALTHCARE;AH TRABZON;8680001174898;ÖZKAN ECZANESİ;GUMUSHANE;ACİDPASS;Acidpass 10/800/165 mg 12 Çiğneme Tablet;20;3;23;0
16.09.2026;ALLIANCE HEALTHCARE;AH TRABZON;8680001115655;SAĞLIK ECZANESİ;ARTVIN MERKEZ+DOGU+GUNEY;MOKSEFEN;Moksefen 400 mg 7 Film Tablet;20;10;30;0
16.09.2026;ALLIANCE HEALTHCARE;AH TRABZON;8680001631124;PERA ECZANESI;RIZE DOGU ILCELER;ACİDPASS;Acidpass 10/800/165 mg 12 Çiğneme Tablet;10;1;11;0
15.09.2026;ALLIANCE HEALTHCARE;AH TRABZON;8680001274376;KUZEY ECZANESİ;TRABZON MERKEZ -2;ACİDPASS;Acidpass 10/800/165 mg 12 Çiğneme Tablet;10;1;11;0
15.09.2026;ALLIANCE HEALTHCARE;AH TRABZON;8680001254873;HAYAT ECZANESİ;TRABZON DOGU ILCELER -1;ACİDPASS;Acidpass 10/800/165 mg 12 Çiğneme Tablet;-2;-1;-3;-1
18.09.2026;ALLIANCE HEALTHCARE;AH TRABZON;8680001274451;FATİH ECZANESİ;TRABZON MERKEZ -1;ACİDPASS;Acidpass 10/800/165 mg 12 Çiğneme Tablet;50;15;65;0
30.09.2026;ALLIANCE HEALTHCARE;AH TRABZON;8680001225002;SEZER ECZANESİ;TRABZON MERKEZ -2;GRİPORT COLD;Griport Cold 20 Film Kaplı Tablet;7;1;8;0
01.09.2026;ALLIANCE HEALTHCARE;AH TRABZON;8680001264346;HAYIRLIOĞLU ECZANESİ;TRABZON MERKEZ -3;ACİDPASS;Acidpass 10/800/165 mg 12 Çiğneme Tablet;2;0;2;0
01.09.2026;ALLIANCE HEALTHCARE;AH TRABZON;8680001225101;BAŞER ECZANESİ;TRABZON MERKEZ -1;ACİDPASS;Acidpass 10/800/165 mg 12 Çiğneme Tablet;4;0;4;0
08.09.2026;ALLIANCE HEALTHCARE;AH TRABZON;8680001224272;MAÇKA ECZANESİ;TRABZON DUZKOY+MACKA;ACİDPASS;Acidpass 10/800/165 mg 12 Çiğneme Tablet;20;3;23;0
08.09.2026;ALLIANCE HEALTHCARE;AH TRABZON;8680001594245;GİZEM ECZANESİ;TRABZON MERKEZ -4;ACİDPASS;Acidpass 10/800/165 mg 6 Çiğneme Tablet;10;1;11;0
08.09.2026;ALLIANCE HEALTHCARE;AH TRABZON;8680001832750;YUSUFELİ ECZANESİ;ARTVIN MERKEZ+DOGU+GUNEY;GRİPORT COLD;Griport Cold 20 Film Kaplı Tablet;1;0;1;0
09.09.2026;ALLIANCE HEALTHCARE;AH TRABZON;8680001205899;BÜYÜK ECZANESİ;TRABZON DOGU ILCELER -1;MOKSEFEN;Moksefen 400 mg 7 Film Tablet;20;10;30;0
09.09.2026;ALLIANCE HEALTHCARE;AH TRABZON;8680001271429;ÇAYKARA ECZANESİ;TRABZON DOGU ILCELER -1;ACİDPASS;Acidpass 10/800/165 mg 12 Çiğneme Tablet;4;0;4;0
09.09.2026;ALLIANCE HEALTHCARE;AH TRABZON;8680001257911;NİHAL ECZANESİ;TRABZON MERKEZ -1;MOKSEFEN;Moksefen 400 mg 7 Film Tablet;50;35;85;0
08.09.2026;ALLIANCE HEALTHCARE;AH TRABZON;8680001111343;EKŞİOĞLU ECZANESİ;RIZE BATI ILCELER;MOKSEFEN;Moksefen 400 mg 7 Film Tablet;30;15;45;0
08.09.2026;ALLIANCE HEALTHCARE;AH TRABZON;8680001170463;ŞİFA ECZANESİ;GUMUSHANE;ACİDPASS;Acidpass 10/800/165 mg 12 Çiğneme Tablet;10;1;11;0
01.09.2026;ALLIANCE HEALTHCARE;AH TRABZON;8680001706891;BİLGE ECZANESİ;TRABZON DOGU ILCELER -1;ACİDPASS;Acidpass 10/800/165 mg 12 Çiğneme Tablet;4;0;4;0
01.09.2026;ALLIANCE HEALTHCARE;AH TRABZON;8680001749973;BURCU ECZANESİ;TRABZON MERKEZ -2;ACİDPASS;Acidpass 10/800/165 mg 12 Çiğneme Tablet;10;1;11;0
01.09.2026;ALLIANCE HEALTHCARE;AH TRABZON;8680001835850;YILDIRIMHAN ECZANESİ;TRABZON DOGU ILCELER - 2;ACİDPASS;Acidpass 10/800/165 mg 12 Çiğneme Tablet;4;0;4;0
09.09.2026;ALLIANCE HEALTHCARE;AH TRABZON;8680001271429;ÇAYKARA ECZANESİ;TRABZON DOGU ILCELER -1;ACİDPASS;Acidpass 10/800/165 mg 12 Çiğneme Tablet;3;0;3;0
09.09.2026;ALLIANCE HEALTHCARE;AH TRABZON;8680001692774;ÇINAR ECZANESİ;GUMUSHANE;MOKSEFEN;Moksefen 400 mg 7 Film Tablet;20;10;30;0
11.09.2026;ALLIANCE HEALTHCARE;AH TRABZON;8680001473045;EBRU ECZANESİ;TRABZON DOGU ILCELER - 2;ACİDPASS;Acidpass 10/800/165 mg 12 Çiğneme Tablet;1;0;1;0
11.09.2026;ALLIANCE HEALTHCARE;AH TRABZON;8680001657544;AKTOPRAK ECZANESİ;TRABZON MERKEZ -1;ACİDPASS;Acidpass 10/800/165 mg 12 Çiğneme Tablet;2;0;2;0
11.09.2026;ALLIANCE HEALTHCARE;AH TRABZON;8680001751310;ŞEKER ECZANESİ;GUMUSHANE;ACİDPASS;Acidpass 10/800/165 mg 12 Çiğneme Tablet;10;1;11;0
16.09.2026;ALLIANCE HEALTHCARE;AH TRABZON;8680001172221;YALÇIN ECZANESİ;GUMUSHANE;ACİDPASS;Acidpass 10/800/165 mg 6 Çiğneme Tablet;2;0;2;0
16.09.2026;ALLIANCE HEALTHCARE;AH TRABZON;8680001478842;NUR ECZANESİ;TRABZON MERKEZ -4;ACİDPASS;Acidpass 10/800/165 mg 12 Çiğneme Tablet;10;1;11;0
15.09.2026;ALLIANCE HEALTHCARE;AH TRABZON;8680001278183;KOZA ECZANESİ;TRABZON AKCAABAT;GRİPORT COLD;Griport Cold 20 Film Kaplı Tablet;12;3;15;0
15.09.2026;ALLIANCE HEALTHCARE;AH TRABZON;8680001260829;BURCU ECZANESİ;TRABZON DOGU ILCELER - 2;ACİDPASS;Acidpass 10/800/165 mg 12 Çiğneme Tablet;3;0;3;0
02.09.2026;ALLIANCE HEALTHCARE;AH TRABZON;8680001657544;AKTOPRAK ECZANESİ;TRABZON MERKEZ -1;ACİDPASS;Acidpass 10/800/165 mg 12 Çiğneme Tablet;1;0;1;0
02.09.2026;ALLIANCE HEALTHCARE;AH TRABZON;8680001695867;GÜLBAHAR ECZANESİ;RIZE MERKEZ;MOKSEFEN;Moksefen 400 mg 7 Film Tablet;5;1;6;0
02.09.2026;ALLIANCE HEALTHCARE;AH TRABZON;8680001704422;SENA ECZANESİ;TRABZON AKCAABAT;ACİDPASS;Acidpass 10/800/165 mg 12 Çiğneme Tablet;150;60;210;0
02.09.2026;ALLIANCE HEALTHCARE;AH TRABZON;8680001751310;ŞEKER ECZANESİ;GUMUSHANE;MOKSEFEN;Moksefen 400 mg 7 Film Tablet;20;10;30;0
02.09.2026;ALLIANCE HEALTHCARE;AH TRABZON;8680001825622;KARADUMAN ECZANESİ;TRABZON AKCAABAT;FAMTREC;Famtrec 800/26,6mg 14 Film Kaplı Tablet;2;0;2;0
07.09.2026;ALLIANCE HEALTHCARE;AH TRABZON;8680001275670;SAĞLAM ECZANESİ;TRABZON MERKEZ -1;GRİPORT COLD;Griport Cold 20 Film Kaplı Tablet;1;0;1;0
01.09.2026;ALLIANCE HEALTHCARE;AH TRABZON;8680001272341;MERKEZ ECZANESI;TRABZON BATI ILCELER - 2;ACİDPASS;Acidpass 10/800/165 mg 12 Çiğneme Tablet;4;0;4;0
01.09.2026;ALLIANCE HEALTHCARE;AH TRABZON;8680001250608;VAKFIKEBİR ECZANESİ;TRABZON BATI ILCELER - 2;GRİPORT COLD;Griport Cold 20 Film Kaplı Tablet;7;1;8;0
10.09.2026;ALLIANCE HEALTHCARE;AH TRABZON;8680001631124;PERA ECZANESI;RIZE DOGU ILCELER;ACİDPASS;Acidpass 10/800/165 mg 6 Çiğneme Tablet;10;1;11;0
03.09.2026;ALLIANCE HEALTHCARE;AH TRABZON;8680001124015;MERKEZ ECZANESI;ARTVIN MERKEZ+DOGU+GUNEY;FAMTREC;Famtrec 800/26,6mg 14 Film Kaplı Tablet;1;0;1;0
01.09.2026;ALLIANCE HEALTHCARE;AH TRABZON;8680001457687;TUĞBA ECZANESİ;TRABZON AKCAABAT;ACİDPASS;Acidpass 10/800/165 mg 12 Çiğneme Tablet;10;1;11;0
06.09.2026;ALLIANCE HEALTHCARE;AH TRABZON;8680001594245;GİZEM ECZANESİ;TRABZON MERKEZ -4;ACİDPASS;Acidpass 10/800/165 mg 12 Çiğneme Tablet;10;1;11;0
07.09.2026;ALLIANCE HEALTHCARE;AH TRABZON;8680001272969;KAŞÜSTÜ ECZANESİ;TRABZON DOGU ILCELER - 2;ACİDPASS;Acidpass 10/800/165 mg 12 Çiğneme Tablet;1;0;1;0
15.09.2026;ALLIANCE HEALTHCARE;AH TRABZON;8680001932153;MORDUT ECZANESİ;GUMUSHANE;GRİPORT COLD;Griport Cold 20 Film Kaplı Tablet;12;3;15;0
16.09.2026;ALLIANCE HEALTHCARE;AH TRABZON;8680001201976;ŞİFA ECZANESİ;GUMUSHANE;ACİDPASS;Acidpass 10/800/165 mg 12 Çiğneme Tablet;100;35;135;0
24.09.2026;ALLIANCE HEALTHCARE;AH TRABZON;8680001283088;ŞÜKRANİYE ECZANESİ;TRABZON MERKEZ -1;ACİDPASS;Acidpass 10/800/165 mg 12 Çiğneme Tablet;2;0;2;0
24.09.2026;ALLIANCE HEALTHCARE;AH TRABZON;8680001172009;SAĞLIK ECZANESİ;GUMUSHANE;FAMTREC;Famtrec 800/26,6mg 14 Film Kaplı Tablet;3;0;3;0
25.09.2026;ALLIANCE HEALTHCARE;AH TRABZON;8680001740314;ERVA ECZANESİ;TRABZON MERKEZ -2;ACİDPASS;Acidpass 10/800/165 mg 12 Çiğneme Tablet;10;1;11;0
01.09.2026;ALLIANCE HEALTHCARE;AH TRABZON;8680001657544;AKTOPRAK ECZANESİ;TRABZON MERKEZ -1;GRİPORT COLD;Griport Cold 20 Film Kaplı Tablet;1;0;1;0
21.09.2026;ALLIANCE HEALTHCARE;AH TRABZON;8680001104918;DERMAN ECZANESİ;RIZE MERKEZ;GRİPORT COLD;Griport Cold 20 Film Kaplı Tablet;1;0;1;0
22.09.2026;ALLIANCE HEALTHCARE;AH TRABZON;8680001275601;FARABİ ECZANESİ;TRABZON MERKEZ -3;ACİDPASS;Acidpass 10/800/165 mg 12 Çiğneme Tablet;10;1;11;0
22.09.2026;ALLIANCE HEALTHCARE;AH TRABZON;8680001205899;BÜYÜK ECZANESİ;TRABZON DOGU ILCELER -1;ACİDPASS;Acidpass 10/800/165 mg 12 Çiğneme Tablet;10;1;11;0
01.09.2026;ALLIANCE HEALTHCARE;AH TRABZON;8680001636631;İMREN ECZANESİ;RIZE MERKEZ;ACİDPASS;Acidpass 10/800/165 mg 6 Çiğneme Tablet;3;0;3;0
01.09.2026;ALLIANCE HEALTHCARE;AH TRABZON;8680001659869;ŞİFA ECZANESİ;RIZE BATI ILCELER;MOKSEFEN;Moksefen 400 mg 7 Film Tablet;50;35;85;0
01.09.2026;ALLIANCE HEALTHCARE;AH TRABZON;8680001115228;HALK ECZANESİ;RIZE DOGU ILCELER;GRİPORT COLD;Griport Cold 20 Film Kaplı Tablet;7;1;8;0
01.09.2026;ALLIANCE HEALTHCARE;AH TRABZON;8680001835850;YILDIRIMHAN ECZANESİ;TRABZON DOGU ILCELER - 2;ACİDPASS;Acidpass 10/800/165 mg 12 Çiğneme Tablet;2;0;2;0
01.09.2026;ALLIANCE HEALTHCARE;AH TRABZON;8680001102099;VERESELİ CAN ECZANESİ;RIZE MERKEZ;MOKSEFEN;Moksefen 400 mg 7 Film Tablet;20;10;30;0
02.09.2026;ALLIANCE HEALTHCARE;AH TRABZON;8680001252930;GÜNER ECZANESİ;TRABZON AKCAABAT;FAMTREC;Famtrec 800/26,6mg 14 Film Kaplı Tablet;1;0;1;0
02.09.2026;ALLIANCE HEALTHCARE;AH TRABZON;8680001211760;ALPER ECZANESİ;TRABZON MERKEZ -3;MOKSEFEN;Moksefen 400 mg 7 Film Tablet;50;35;85;0
02.09.2026;ALLIANCE HEALTHCARE;AH TRABZON;8680001252084;BAŞAK ECZANESİ;TRABZON AKCAABAT;GRİPORT COLD;Griport Cold 20 Film Kaplı Tablet;70;45;115;0
02.09.2026;ALLIANCE HEALTHCARE;AH TRABZON;8680001265435;UĞUR ECZANESİ;TRABZON AKCAABAT;GRİPORT COLD;Griport Cold 20 Film Kaplı Tablet;70;45;115;0
02.09.2026;ALLIANCE HEALTHCARE;AH TRABZON;8680001260690;YAĞMUR ECZANESİ;TRABZON AKCAABAT;FAMTREC;Famtrec 800/26,6mg 14 Film Kaplı Tablet;1;0;1;0
02.09.2026;ALLIANCE HEALTHCARE;AH TRABZON;8680001274550;ESRA ECZANESİ;TRABZON DOGU ILCELER -1;ACİDPASS;Acidpass 10/800/165 mg 12 Çiğneme Tablet;10;1;11;0
02.09.2026;ALLIANCE HEALTHCARE;AH TRABZON;8680001417018;LOKMAN HEKİM ECZANESİ;GUMUSHANE;ACİDPASS;Acidpass 10/800/165 mg 12 Çiğneme Tablet;50;15;65;0
02.09.2026;ALLIANCE HEALTHCARE;AH TRABZON;8680001732784;MERKEZ ECZANESI;TRABZON MERKEZ -1;ACİDPASS;Acidpass 10/800/165 mg 12 Çiğneme Tablet;1;0;1;0
04.09.2026;ALLIANCE HEALTHCARE;AH TRABZON;8680001508426;DEVA ECZANESİ;GUMUSHANE;FAMTREC;Famtrec 800/26,6mg 14 Film Kaplı Tablet;7;1;8;0
04.09.2026;ALLIANCE HEALTHCARE;AH TRABZON;8680001695867;GÜLBAHAR ECZANESİ;RIZE MERKEZ;MOKSEFEN;Moksefen 400 mg 7 Film Tablet;-5;-1;-6;-1
04.09.2026;ALLIANCE HEALTHCARE;AH TRABZON;8680001728442;UZUNSOKAK ECZANESİ;TRABZON MERKEZ -4;ACİDPASS;Acidpass 10/800/165 mg 12 Çiğneme Tablet;20;3;23;0
14.09.2026;ALLIANCE HEALTHCARE;AH TRABZON;8680001116195;YÜCEL ECZANESİ;RIZE DOGU ILCELER;ACİDPASS;Acidpass 10/800/165 mg 12 Çiğneme Tablet;10;1;11;0
04.09.2026;ALLIANCE HEALTHCARE;AH TRABZON;8680001252930;GÜNER ECZANESİ;TRABZON AKCAABAT;FAMTREC;Famtrec 800/26,6mg 14 Film Kaplı Tablet;5;0;5;0
04.09.2026;ALLIANCE HEALTHCARE;AH TRABZON;8680001224685;EBRU ECZANESİ;TRABZON AKCAABAT;FAMTREC;Famtrec 800/26,6mg 14 Film Kaplı Tablet;7;1;8;0
04.09.2026;ALLIANCE HEALTHCARE;AH TRABZON;8680001374250;USTA ECZANESİ;RIZE MERKEZ;ACİDPASS;Acidpass 10/800/165 mg 12 Çiğneme Tablet;10;1;11;0
20.09.2026;ALLIANCE HEALTHCARE;AH TRABZON;8680001749973;BURCU ECZANESİ;TRABZON MERKEZ -2;ACİDPASS;Acidpass 10/800/165 mg 12 Çiğneme Tablet;10;1;11;0
28.09.2026;ALLIANCE HEALTHCARE;AH TRABZON;8680001172009;SAĞLIK ECZANESİ;GUMUSHANE;GRİPORT COLD;Griport Cold 20 Film Kaplı Tablet;12;3;15;0
28.09.2026;ALLIANCE HEALTHCARE;AH TRABZON;8680001123568;HALK ECZANESİ;RIZE DOGU ILCELER;MOKSEFEN;Moksefen 400 mg 7 Film Tablet;10;3;13;0
29.09.2026;ALLIANCE HEALTHCARE;AH TRABZON;8680001251162;GÖKHAN ECZANESİ;TRABZON AKCAABAT;ACİDPASS;Acidpass 10/800/165 mg 12 Çiğneme Tablet;20;3;23;0
29.09.2026;ALLIANCE HEALTHCARE;AH TRABZON;8680001216154;ELVAN ECZANESİ;TRABZON MERKEZ -2;ACİDPASS;Acidpass 10/800/165 mg 12 Çiğneme Tablet;10;1;11;0
17.09.2026;ALLIANCE HEALTHCARE;AH TRABZON;8680001740314;ERVA ECZANESİ;TRABZON MERKEZ -2;MOKSEFEN;Moksefen 400 mg 7 Film Tablet;10;3;13;0
18.09.2026;ALLIANCE HEALTHCARE;AH TRABZON;8680001277117;KADİR ECZANESİ;TRABZON BATI ILCELER - 2;MOKSEFEN;Moksefen 400 mg 7 Film Tablet;5;1;6;0
18.09.2026;ALLIANCE HEALTHCARE;AH TRABZON;8680001122707;BÜYÜK ECZANESİ;RIZE DOGU ILCELER;ACİDPASS;Acidpass 10/800/165 mg 12 Çiğneme Tablet;10;1;11;0
18.09.2026;ALLIANCE HEALTHCARE;AH TRABZON;8680001170876;IŞIK ECZANESİ;GUMUSHANE;MOKSEFEN;Moksefen 400 mg 7 Film Tablet;20;10;30;0
29.09.2026;ALLIANCE HEALTHCARE;AH TRABZON;8680001648092;DENİZ ECZANESİ;TRABZON MERKEZ -4;ACİDPASS;Acidpass 10/800/165 mg 12 Çiğneme Tablet;3;0;3;0
29.09.2026;ALLIANCE HEALTHCARE;AH TRABZON;8680001473205;MELTEM ECZANESİ;ARTVIN MERKEZ+DOGU+GUNEY;GRİPORT COLD;Griport Cold 20 Film Kaplı Tablet;7;1;8;0
01.09.2026;ALLIANCE HEALTHCARE;AH TRABZON;8680001659869;ŞİFA ECZANESİ;RIZE BATI ILCELER;ACİDPASS;Acidpass 10/800/165 mg 12 Çiğneme Tablet;150;60;210;0
08.09.2026;ALLIANCE HEALTHCARE;AH TRABZON;8680001102099;VERESELİ CAN ECZANESİ;RIZE MERKEZ;ACİDPASS;Acidpass 10/800/165 mg 12 Çiğneme Tablet;20;3;23;0
02.09.2026;ALLIANCE HEALTHCARE;AH TRABZON;8680001825622;KARADUMAN ECZANESİ;TRABZON AKCAABAT;FAMTREC;Famtrec 800/26,6mg 14 Film Kaplı Tablet;2;0;2;0
03.09.2026;ALLIANCE HEALTHCARE;AH TRABZON;8680001259526;FIRAT ECZANESİ;TRABZON MERKEZ -3;ACİDPASS;Acidpass 10/800/165 mg 12 Çiğneme Tablet;10;1;11;0
24.09.2026;ALLIANCE HEALTHCARE;AH TRABZON;8680001255207;MEYDAN ECZANESİ;TRABZON MERKEZ -4;MOKSEFEN;Moksefen 400 mg 7 Film Tablet;1;0;1;0
24.09.2026;ALLIANCE HEALTHCARE;AH TRABZON;8680001535347;ŞAVŞAT ECZANESİ;ARTVIN MERKEZ+DOGU+GUNEY;ACİDPASS;Acidpass 10/800/165 mg 12 Çiğneme Tablet;10;1;11;0
24.09.2026;ALLIANCE HEALTHCARE;AH TRABZON;8680001835850;YILDIRIMHAN ECZANESİ;TRABZON DOGU ILCELER - 2;ACİDPASS;Acidpass 10/800/165 mg 12 Çiğneme Tablet;2;0;2;0
02.09.2026;ALLIANCE HEALTHCARE;AH TRABZON;8680001417018;LOKMAN HEKİM ECZANESİ;GUMUSHANE;MOKSEFEN;Moksefen 400 mg 7 Film Tablet;20;10;30;0
02.09.2026;ALLIANCE HEALTHCARE;AH TRABZON;8680001442058;RABİA ECZANESİ;TRABZON AKCAABAT;GRİPORT COLD;Griport Cold 20 Film Kaplı Tablet;70;45;115;0
02.09.2026;ALLIANCE HEALTHCARE;AH TRABZON;8680001623709;AYDIN ECZANESI;TRABZON AKCAABAT;FAMTREC;Famtrec 800/26,6mg 14 Film Kaplı Tablet;7;1;8;0
28.09.2026;ALLIANCE HEALTHCARE;AH TRABZON;8680001118380;KOÇAK ECZANESİ;ARTVIN MERKEZ+DOGU+GUNEY;ACİDPASS;Acidpass 10/800/165 mg 12 Çiğneme Tablet;10;1;11;0
01.09.2026;ALLIANCE HEALTHCARE;AH TRABZON;8680001272969;KAŞÜSTÜ ECZANESİ;TRABZON DOGU ILCELER - 2;MOKSEFEN;Moksefen 400 mg 7 Film Tablet;5;1;6;0
01.09.2026;ALLIANCE HEALTHCARE;AH TRABZON;8680001283088;ŞÜKRANİYE ECZANESİ;TRABZON MERKEZ -1;ACİDPASS;Acidpass 10/800/165 mg 12 Çiğneme Tablet;2;0;2;0
25.09.2026;ALLIANCE HEALTHCARE;AH TRABZON;8680001478842;NUR ECZANESİ;TRABZON MERKEZ -4;GRİPORT COLD;Griport Cold 20 Film Kaplı Tablet;7;1;8;0
25.09.2026;ALLIANCE HEALTHCARE;AH TRABZON;8680001657544;AKTOPRAK ECZANESİ;TRABZON MERKEZ -1;ACİDPASS;Acidpass 10/800/165 mg 12 Çiğneme Tablet;1;0;1;0
14.09.2026;ALLIANCE HEALTHCARE;AH TRABZON;8680001131020;GÖKBERK ECZANESI;ARTVIN KUZEY ILCELER;ACİDPASS;Acidpass 10/800/165 mg 12 Çiğneme Tablet;10;1;11;0
14.09.2026;ALLIANCE HEALTHCARE;AH TRABZON;8680001205899;BÜYÜK ECZANESİ;TRABZON DOGU ILCELER -1;ACİDPASS;Acidpass 10/800/165 mg 12 Çiğneme Tablet;10;1;11;0
14.09.2026;ALLIANCE HEALTHCARE;AH TRABZON;8680001271818;İLKNUR ECZANESİ;TRABZON MERKEZ -3;ACİDPASS;Acidpass 10/800/165 mg 6 Çiğneme Tablet;3;0;3;0
14.09.2026;ALLIANCE HEALTHCARE;AH TRABZON;8680001304233;HAKAN ECZANESİ;ARTVIN MERKEZ+DOGU+GUNEY;ACİDPASS;Acidpass 10/800/165 mg 12 Çiğneme Tablet;10;1;11;0
16.09.2026;ALLIANCE HEALTHCARE;AH TRABZON;8680001111671;HAŞİMOĞLU ECZANESİ;RIZE MERKEZ;ACİDPASS;Acidpass 10/800/165 mg 12 Çiğneme Tablet;50;15;65;0
16.09.2026;ALLIANCE HEALTHCARE;AH TRABZON;8680001473205;MELTEM ECZANESİ;ARTVIN MERKEZ+DOGU+GUNEY;ACİDPASS;Acidpass 10/800/165 mg 12 Çiğneme Tablet;10;1;11;0
17.09.2026;ALLIANCE HEALTHCARE;AH TRABZON;8680001196739;EROL ECZANESİ;TRABZON MERKEZ -2;GRİPORT COLD;Griport Cold 20 Film Kaplı Tablet;-1;-1;-2;-1
16.09.2026;ALLIANCE HEALTHCARE;AH TRABZON;8680001535347;ŞAVŞAT ECZANESİ;ARTVIN MERKEZ+DOGU+GUNEY;ACİDPASS;Acidpass 10/800/165 mg 12 Çiğneme Tablet;10;1;11;0
17.09.2026;ALLIANCE HEALTHCARE;AH TRABZON;8680001170876;IŞIK ECZANESİ;GUMUSHANE;GRİPORT COLD;Griport Cold 20 Film Kaplı Tablet;40;20;60;0
17.09.2026;ALLIANCE HEALTHCARE;AH TRABZON;8680001255207;MEYDAN ECZANESİ;TRABZON MERKEZ -4;MOKSEFEN;Moksefen 400 mg 7 Film Tablet;1;0;1;0
17.09.2026;ALLIANCE HEALTHCARE;AH TRABZON;8680001123568;HALK ECZANESİ;RIZE DOGU ILCELER;ACİDPASS;Acidpass 10/800/165 mg 12 Çiğneme Tablet;10;1;11;0
18.09.2026;ALLIANCE HEALTHCARE;AH TRABZON;8680001224272;MAÇKA ECZANESİ;TRABZON DUZKOY+MACKA;GRİPORT COLD;Griport Cold 20 Film Kaplı Tablet;7;1;8;0
18.09.2026;ALLIANCE HEALTHCARE;AH TRABZON;8680001274208;BAHÇECİK ECZANESİ;TRABZON MERKEZ -2;MOKSEFEN;Moksefen 400 mg 7 Film Tablet;10;3;13;0
18.09.2026;ALLIANCE HEALTHCARE;AH TRABZON;8680001276998;BİZİM ECZANESİ;TRABZON AKCAABAT;ACİDPASS;Acidpass 10/800/165 mg 12 Çiğneme Tablet;100;35;135;0
18.09.2026;ALLIANCE HEALTHCARE;AH TRABZON;8680001417018;LOKMAN HEKİM ECZANESİ;GUMUSHANE;MOKSEFEN;Moksefen 400 mg 7 Film Tablet;20;10;30;0
23.09.2026;ALLIANCE HEALTHCARE;AH TRABZON;8680001122707;BÜYÜK ECZANESİ;RIZE DOGU ILCELER;MOKSEFEN;Moksefen 400 mg 7 Film Tablet;10;3;13;0
23.09.2026;ALLIANCE HEALTHCARE;AH TRABZON;8680001703197;HÜLYA ECZANESİ;TRABZON MERKEZ -3;GRİPORT COLD;Griport Cold 20 Film Kaplı Tablet;7;1;8;0
02.09.2026;ALLIANCE HEALTHCARE;AH TRABZON;8680001236138;ŞİFA ECZANESİ;TRABZON DOGU ILCELER - 2;FAMTREC;Famtrec 800/26,6mg 14 Film Kaplı Tablet;2;0;2;0
02.09.2026;ALLIANCE HEALTHCARE;AH TRABZON;8680001132058;KAÇKAR ECZANESİ;RIZE DOGU ILCELER;ACİDPASS;Acidpass 10/800/165 mg 12 Çiğneme Tablet;10;1;11;0
02.09.2026;ALLIANCE HEALTHCARE;AH TRABZON;8680001276998;BİZİM ECZANESİ;TRABZON AKCAABAT;FAMTREC;Famtrec 800/26,6mg 14 Film Kaplı Tablet;7;1;8;0
02.09.2026;ALLIANCE HEALTHCARE;AH TRABZON;8680001268580;AKÇAABAT ECZANESİ;TRABZON AKCAABAT;FAMTREC;Famtrec 800/26,6mg 14 Film Kaplı Tablet;7;1;8;0
02.09.2026;ALLIANCE HEALTHCARE;AH TRABZON;8680001278978;İKİZLER ECZANESİ;TRABZON AKCAABAT;FAMTREC;Famtrec 800/26,6mg 14 Film Kaplı Tablet;2;0;2;0
02.09.2026;ALLIANCE HEALTHCARE;AH TRABZON;8680001417018;LOKMAN HEKİM ECZANESİ;GUMUSHANE;GRİPORT COLD;Griport Cold 20 Film Kaplı Tablet;10;1;11;0
02.09.2026;ALLIANCE HEALTHCARE;AH TRABZON;8680001451524;DOĞA ECZANESİ;TRABZON DOGU ILCELER - 2;ACİDPASS;Acidpass 10/800/165 mg 6 Çiğneme Tablet;1;0;1;0
02.09.2026;ALLIANCE HEALTHCARE;AH TRABZON;8680001515042;MERKEZ ECZANESI;GUMUSHANE;ACİDPASS;Acidpass 10/800/165 mg 12 Çiğneme Tablet;50;15;65;0
18.09.2026;ALLIANCE HEALTHCARE;AH TRABZON;8680001116058;SAĞLIK ECZANESİ;RIZE DOGU ILCELER;ACİDPASS;Acidpass 10/800/165 mg 12 Çiğneme Tablet;20;3;23;0
18.09.2026;ALLIANCE HEALTHCARE;AH TRABZON;8680001224173;KOÇHAN ECZANESİ;TRABZON DUZKOY+MACKA;ACİDPASS;Acidpass 10/800/165 mg 12 Çiğneme Tablet;20;3;23;0
02.09.2026;ALLIANCE HEALTHCARE;AH TRABZON;8680001830473;OF ECZANESİ;TRABZON DOGU ILCELER -1;MOKSEFEN;Moksefen 400 mg 7 Film Tablet;10;3;13;0
02.09.2026;ALLIANCE HEALTHCARE;AH TRABZON;8680001722716;MERKEZ ECZANESI;TRABZON DOGU ILCELER - 2;GRİPORT COLD;Griport Cold 20 Film Kaplı Tablet;12;3;15;0
03.09.2026;ALLIANCE HEALTHCARE;AH TRABZON;8680001478842;NUR ECZANESİ;TRABZON MERKEZ -4;GRİPORT COLD;Griport Cold 20 Film Kaplı Tablet;2;0;2;0
03.09.2026;ALLIANCE HEALTHCARE;AH TRABZON;8680001542703;PINAR ECZANESİ;TRABZON AKCAABAT;FAMTREC;Famtrec 800/26,6mg 14 Film Kaplı Tablet;1;0;1;0
04.09.2026;ALLIANCE HEALTHCARE;AH TRABZON;8680001265923;GÜL ECZANESİ;TRABZON AKCAABAT;FAMTREC;Famtrec 800/26,6mg 14 Film Kaplı Tablet;7;1;8;0
28.09.2026;ALLIANCE HEALTHCARE;AH TRABZON;8680001224685;EBRU ECZANESİ;TRABZON AKCAABAT;FAMTREC;Famtrec 800/26,6mg 14 Film Kaplı Tablet;3;0;3;0
28.09.2026;ALLIANCE HEALTHCARE;AH TRABZON;8680001337835;DİLANUR ECZANESİ;TRABZON AKCAABAT;FAMTREC;Famtrec 800/26,6mg 14 Film Kaplı Tablet;7;1;8;0
28.09.2026;ALLIANCE HEALTHCARE;AH TRABZON;8680001457687;TUĞBA ECZANESİ;TRABZON AKCAABAT;ACİDPASS;Acidpass 10/800/165 mg 12 Çiğneme Tablet;10;1;11;0
28.09.2026;ALLIANCE HEALTHCARE;AH TRABZON;8680001457687;TUĞBA ECZANESİ;TRABZON AKCAABAT;ACİDPASS;Acidpass 10/800/165 mg 12 Çiğneme Tablet;2;0;2;0
03.09.2026;ALLIANCE HEALTHCARE;AH TRABZON;8680001252930;GÜNER ECZANESİ;TRABZON AKCAABAT;FAMTREC;Famtrec 800/26,6mg 14 Film Kaplı Tablet;3;0;3;0
03.09.2026;ALLIANCE HEALTHCARE;AH TRABZON;8680001278183;KOZA ECZANESİ;TRABZON AKCAABAT;FAMTREC;Famtrec 800/26,6mg 14 Film Kaplı Tablet;1;0;1;0
03.09.2026;ALLIANCE HEALTHCARE;AH TRABZON;8680001251162;GÖKHAN ECZANESİ;TRABZON AKCAABAT;FAMTREC;Famtrec 800/26,6mg 14 Film Kaplı Tablet;1;0;1;0
03.09.2026;ALLIANCE HEALTHCARE;AH TRABZON;8680001251162;GÖKHAN ECZANESİ;TRABZON AKCAABAT;FAMTREC;Famtrec 800/26,6mg 14 Film Kaplı Tablet;2;0;2;0
03.09.2026;ALLIANCE HEALTHCARE;AH TRABZON;8680001424306;ZAFER ECZANESİ;TRABZON MERKEZ -4;ACİDPASS;Acidpass 10/800/165 mg 12 Çiğneme Tablet;20;3;23;0
03.09.2026;ALLIANCE HEALTHCARE;AH TRABZON;8680001259762;ZEHRAGÜL ECZANESİ;TRABZON MERKEZ -2;FAMTREC;Famtrec 800/26,6mg 14 Film Kaplı Tablet;1;0;1;0
03.09.2026;ALLIANCE HEALTHCARE;AH TRABZON;8680001481286;ÖZIŞIK ECZANESİ;ARTVIN MERKEZ+DOGU+GUNEY;FAMTREC;Famtrec 800/26,6mg 14 Film Kaplı Tablet;7;1;8;0
03.09.2026;ALLIANCE HEALTHCARE;AH TRABZON;8680001535347;ŞAVŞAT ECZANESİ;ARTVIN MERKEZ+DOGU+GUNEY;FAMTREC;Famtrec 800/26,6mg 14 Film Kaplı Tablet;7;1;8;0
03.09.2026;ALLIANCE HEALTHCARE;AH TRABZON;8680001535347;ŞAVŞAT ECZANESİ;ARTVIN MERKEZ+DOGU+GUNEY;FAMTREC;Famtrec 800/26,6mg 14 Film Kaplı Tablet;2;0;2;0
30.09.2026;ALLIANCE HEALTHCARE;AH TRABZON;8680001876044;ARYA ECZANESİ;TRABZON MERKEZ -3;GRİPORT COLD;Griport Cold 20 Film Kaplı Tablet;12;3;15;0
17.09.2026;ALLIANCE HEALTHCARE;AH TRABZON;8680001175291;VERESELİ KARACA ECZANESİ;GUMUSHANE;GRİPORT COLD;Griport Cold 20 Film Kaplı Tablet;12;3;15;0
18.09.2026;ALLIANCE HEALTHCARE;AH TRABZON;8680001274055;SOLAKLI ECZANESİ;TRABZON DOGU ILCELER -1;ACİDPASS;Acidpass 10/800/165 mg 12 Çiğneme Tablet;10;1;11;0
04.09.2026;ALLIANCE HEALTHCARE;AH TRABZON;8680001451661;KARA ECZANESİ;TRABZON AKCAABAT;MOKSEFEN;Moksefen 400 mg 7 Film Tablet;50;35;85;0
04.09.2026;ALLIANCE HEALTHCARE;AH TRABZON;8680001706891;BİLGE ECZANESİ;TRABZON DOGU ILCELER -1;FAMTREC;Famtrec 800/26,6mg 14 Film Kaplı Tablet;2;0;2;0
09.09.2026;ALLIANCE HEALTHCARE;AH TRABZON;8680001205899;BÜYÜK ECZANESİ;TRABZON DOGU ILCELER -1;ACİDPASS;Acidpass 10/800/165 mg 12 Çiğneme Tablet;10;1;11;0
10.09.2026;ALLIANCE HEALTHCARE;AH TRABZON;8680001265947;GÜNAYDIN ECZANESİ;TRABZON DOGU ILCELER -1;ACİDPASS;Acidpass 10/800/165 mg 12 Çiğneme Tablet;10;1;11;0
03.09.2026;ALLIANCE HEALTHCARE;AH TRABZON;8680001260690;YAĞMUR ECZANESİ;TRABZON AKCAABAT;FAMTREC;Famtrec 800/26,6mg 14 Film Kaplı Tablet;2;0;2;0
03.09.2026;ALLIANCE HEALTHCARE;AH TRABZON;8680001659869;ŞİFA ECZANESİ;RIZE BATI ILCELER;GRİPORT COLD;Griport Cold 20 Film Kaplı Tablet;40;20;60;0
03.09.2026;ALLIANCE HEALTHCARE;AH TRABZON;8680001172009;SAĞLIK ECZANESİ;GUMUSHANE;ACİDPASS;Acidpass 10/800/165 mg 12 Çiğneme Tablet;50;15;65;0
03.09.2026;ALLIANCE HEALTHCARE;AH TRABZON;8680001133048;ÖZCAN ECZANESİ;ARTVIN MERKEZ+DOGU+GUNEY;FAMTREC;Famtrec 800/26,6mg 14 Film Kaplı Tablet;7;1;8;0
04.09.2026;ALLIANCE HEALTHCARE;AH TRABZON;8680001224272;MAÇKA ECZANESİ;TRABZON DUZKOY+MACKA;GRİPORT COLD;Griport Cold 20 Film Kaplı Tablet;7;1;8;0
01.09.2026;ALLIANCE HEALTHCARE;AH TRABZON;8680001132058;KAÇKAR ECZANESİ;RIZE DOGU ILCELER;MOKSEFEN;Moksefen 400 mg 7 Film Tablet;20;10;30;0
01.09.2026;ALLIANCE HEALTHCARE;AH TRABZON;8680001259717;ÖZLEM ECZANESİ;TRABZON DOGU ILCELER - 2;MOKSEFEN;Moksefen 400 mg 7 Film Tablet;30;15;45;0
01.09.2026;ALLIANCE HEALTHCARE;AH TRABZON;8680001451661;KARA ECZANESİ;TRABZON AKCAABAT;GRİPORT COLD;Griport Cold 20 Film Kaplı Tablet;10;1;11;0
04.09.2026;ALLIANCE HEALTHCARE;AH TRABZON;8680001205608;DİLEK ECZANESİ;TRABZON MERKEZ -1;ACİDPASS;Acidpass 10/800/165 mg 12 Çiğneme Tablet;-10;-2;-12;-2
04.09.2026;ALLIANCE HEALTHCARE;AH TRABZON;8680001188482;ŞİFA ECZANESİ;GUMUSHANE;FAMTREC;Famtrec 800/26,6mg 14 Film Kaplı Tablet;1;0;1;0
04.09.2026;ALLIANCE HEALTHCARE;AH TRABZON;8680001283088;ŞÜKRANİYE ECZANESİ;TRABZON MERKEZ -1;ACİDPASS;Acidpass 10/800/165 mg 12 Çiğneme Tablet;2;0;2;0
04.09.2026;ALLIANCE HEALTHCARE;AH TRABZON;8680001205899;BÜYÜK ECZANESİ;TRABZON DOGU ILCELER -1;ACİDPASS;Acidpass 10/800/165 mg 12 Çiğneme Tablet;10;1;11;0
04.09.2026;ALLIANCE HEALTHCARE;AH TRABZON;8680001268580;AKÇAABAT ECZANESİ;TRABZON AKCAABAT;FAMTREC;Famtrec 800/26,6mg 14 Film Kaplı Tablet;7;1;8;0
04.09.2026;ALLIANCE HEALTHCARE;AH TRABZON;8680001451661;KARA ECZANESİ;TRABZON AKCAABAT;FAMTREC;Famtrec 800/26,6mg 14 Film Kaplı Tablet;2;0;2;0
23.09.2026;ALLIANCE HEALTHCARE;AH ORDU;8680001750108;GÜNEŞ ECZANESİ;ORDU FATSA;ACİDPASS;Acidpass 10/800/165 mg 6 Çiğneme Tablet;2;0;2;0
17.09.2026;ALLIANCE HEALTHCARE;AH ORDU;8680001150144;ORAL ECZANESİ;ORDU UNYE;FAMTREC;Famtrec 800/26,6mg 14 Film Kaplı Tablet;-5;-1;-6;-1
17.09.2026;ALLIANCE HEALTHCARE;AH ORDU;8680001597307;KUZEY ECZANESİ;ORDU FATSA;FAMTREC;Famtrec 800/26,6mg 14 Film Kaplı Tablet;1;0;1;0
18.09.2026;ALLIANCE HEALTHCARE;AH ORDU;8680001367801;MELTEM ECZANESİ;ORDU FATSA;FAMTREC;Famtrec 800/26,6mg 14 Film Kaplı Tablet;1;0;1;0
18.09.2026;ALLIANCE HEALTHCARE;AH ORDU;8680001925490;UMUT ECZANESİ;ORDU BATI ILCELER;FAMTREC;Famtrec 800/26,6mg 14 Film Kaplı Tablet;2;0;2;0
18.09.2026;ALLIANCE HEALTHCARE;AH ORDU;8680001651399;DAVUT DURAK ECZANESI;ORDU UNYE;FAMTREC;Famtrec 800/26,6mg 14 Film Kaplı Tablet;1;0;1;0
01.09.2026;ALLIANCE HEALTHCARE;AH ORDU;8680001163717;KARADENİZ ECZANESİ;ORDU DOGU ILCELER;ACİDPASS;Acidpass 10/800/165 mg 12 Çiğneme Tablet;5;0;5;0
01.09.2026;ALLIANCE HEALTHCARE;AH ORDU;8680001157792;GÜNDOĞDU ECZANESİ;ORDU MERKEZ -3;ACİDPASS;Acidpass 10/800/165 mg 12 Çiğneme Tablet;1;0;1;0
01.09.2026;ALLIANCE HEALTHCARE;AH ORDU;8680001560479;BAYŞU ECZANESİ;ORDU FATSA;ACİDPASS;Acidpass 10/800/165 mg 12 Çiğneme Tablet;20;3;23;0
01.09.2026;ALLIANCE HEALTHCARE;AH ORDU;8680001844494;AKSOY ECZANESİ;ORDU FATSA;ACİDPASS;Acidpass 10/800/165 mg 12 Çiğneme Tablet;20;3;23;0
03.09.2026;ALLIANCE HEALTHCARE;AH ORDU;8680001167418;GÖKALP ECZANESİ;GIRESUN MERKEZ -2;ACİDPASS;Acidpass 10/800/165 mg 12 Çiğneme Tablet;10;1;11;0
03.09.2026;ALLIANCE HEALTHCARE;AH ORDU;8680001411962;ŞÜKRAN ECZANESİ;GIRESUN DOGU ILCELER -2;ACİDPASS;Acidpass 10/800/165 mg 12 Çiğneme Tablet;10;1;11;0
03.09.2026;ALLIANCE HEALTHCARE;AH ORDU;8680001733361;ÖZLEM ECZANESİ;ORDU GUNEY ILCELER -1;ACİDPASS;Acidpass 10/800/165 mg 12 Çiğneme Tablet;100;35;135;0
09.09.2026;ALLIANCE HEALTHCARE;AH ORDU;8680001679072;NİSAN ECZANESİ;ORDU MERKEZ -3;ACİDPASS;Acidpass 10/800/165 mg 12 Çiğneme Tablet;2;0;2;0
10.09.2026;ALLIANCE HEALTHCARE;AH ORDU;8680001522095;YAVUZ ECZANESİ;ORDU BATI ILCELER;ACİDPASS;Acidpass 10/800/165 mg 12 Çiğneme Tablet;2;0;2;0
11.09.2026;ALLIANCE HEALTHCARE;AH ORDU;8680001167418;GÖKALP ECZANESİ;GIRESUN MERKEZ -2;ACİDPASS;Acidpass 10/800/165 mg 12 Çiğneme Tablet;10;1;11;0
11.09.2026;ALLIANCE HEALTHCARE;AH ORDU;8680001483327;MERVE ECZANESİ;GIRESUN MERKEZ -2;ACİDPASS;Acidpass 10/800/165 mg 12 Çiğneme Tablet;20;3;23;0
14.09.2026;ALLIANCE HEALTHCARE;AH ORDU;8680001143993;BERRİN ECZANESİ;ORDU MERKEZ -1;ACİDPASS;Acidpass 10/800/165 mg 12 Çiğneme Tablet;20;3;23;0
01.09.2026;ALLIANCE HEALTHCARE;AH ORDU;8680001255658;YILMAZ ECZANESİ;ORDU UNYE;ACİDPASS;Acidpass 10/800/165 mg 12 Çiğneme Tablet;20;3;23;0
02.09.2026;ALLIANCE HEALTHCARE;AH ORDU;8680001660902;HAYAT ECZANESİ;ORDU FATSA;ACİDPASS;Acidpass 10/800/165 mg 12 Çiğneme Tablet;50;15;65;0
02.09.2026;ALLIANCE HEALTHCARE;AH ORDU;8680001710324;YAREN ECZANESİ;GIRESUN BULANCAK+PIRAZIZ;ACİDPASS;Acidpass 10/800/165 mg 12 Çiğneme Tablet;1;0;1;0
02.09.2026;ALLIANCE HEALTHCARE;AH ORDU;8680001899241;AHSEN ECZANESİ;ORDU FATSA;ACİDPASS;Acidpass 10/800/165 mg 12 Çiğneme Tablet;10;1;11;0
08.09.2026;ALLIANCE HEALTHCARE;AH ORDU;8680001186723;TAHMAZ ECZANESİ;GIRESUN DOGU ILCELER -2;ACİDPASS;Acidpass 10/800/165 mg 12 Çiğneme Tablet;2;0;2;0
08.09.2026;ALLIANCE HEALTHCARE;AH ORDU;8680001369652;AYTUĞ ECZANESİ;GIRESUN DOGU ILCELER -2;ACİDPASS;Acidpass 10/800/165 mg 12 Çiğneme Tablet;10;1;11;0
09.09.2026;ALLIANCE HEALTHCARE;AH ORDU;8680001186723;TAHMAZ ECZANESİ;GIRESUN DOGU ILCELER -2;ACİDPASS;Acidpass 10/800/165 mg 12 Çiğneme Tablet;10;1;11;0
09.09.2026;ALLIANCE HEALTHCARE;AH ORDU;8680001147786;MERKEZ ECZANESI;ORDU UNYE;ACİDPASS;Acidpass 10/800/165 mg 12 Çiğneme Tablet;10;1;11;0
10.09.2026;ALLIANCE HEALTHCARE;AH ORDU;8680001554102;ALTINORDU ECZANESİ;ORDU MERKEZ -1;ACİDPASS;Acidpass 10/800/165 mg 12 Çiğneme Tablet;10;1;11;0
10.09.2026;ALLIANCE HEALTHCARE;AH ORDU;8680001909162;GÖZÜKARA ECZANESİ;ORDU MERKEZ -3;ACİDPASS;Acidpass 10/800/165 mg 12 Çiğneme Tablet;20;3;23;0
11.09.2026;ALLIANCE HEALTHCARE;AH ORDU;8680001150342;ÖMÜR ECZANESİ;ORDU MERKEZ -2;ACİDPASS;Acidpass 10/800/165 mg 12 Çiğneme Tablet;20;3;23;0
11.09.2026;ALLIANCE HEALTHCARE;AH ORDU;8680001381586;CEBECİ ECZANESİ;ORDU DOGU ILCELER;ACİDPASS;Acidpass 10/800/165 mg 12 Çiğneme Tablet;10;1;11;0
11.09.2026;ALLIANCE HEALTHCARE;AH ORDU;8680001190546;ÇANAKÇI ECZANESİ;GIRESUN DOGU ILCELER -2;ACİDPASS;Acidpass 10/800/165 mg 12 Çiğneme Tablet;3;0;3;0
14.09.2026;ALLIANCE HEALTHCARE;AH ORDU;8680001187829;SAĞLIK ECZANESİ;ORDU DOGU ILCELER;ACİDPASS;Acidpass 10/800/165 mg 12 Çiğneme Tablet;5;0;5;0
14.09.2026;ALLIANCE HEALTHCARE;AH ORDU;8680001154425;SARIKAYA ECZANESİ;ORDU UNYE;ACİDPASS;Acidpass 10/800/165 mg 12 Çiğneme Tablet;10;1;11;0
15.09.2026;ALLIANCE HEALTHCARE;AH ORDU;8680001277001;GAZİ ECZANESİ;ORDU FATSA;ACİDPASS;Acidpass 10/800/165 mg 12 Çiğneme Tablet;2;0;2;0
16.09.2026;ALLIANCE HEALTHCARE;AH ORDU;8680001141746;ALTAŞ ECZANESİ;ORDU MERKEZ -3;ACİDPASS;Acidpass 10/800/165 mg 12 Çiğneme Tablet;3;0;3;0
18.09.2026;ALLIANCE HEALTHCARE;AH ORDU;8680001493647;SELİN ECZANESİ;ORDU MERKEZ -1;ACİDPASS;Acidpass 10/800/165 mg 12 Çiğneme Tablet;10;1;11;0
20.09.2026;ALLIANCE HEALTHCARE;AH ORDU;8680001524136;DEMIR ECZANESI;ORDU MERKEZ -1;ACİDPASS;Acidpass 10/800/165 mg 12 Çiğneme Tablet;20;3;23;0
21.09.2026;ALLIANCE HEALTHCARE;AH ORDU;8680001212873;MÜGE ECZANESİ;GIRESUN BULANCAK+PIRAZIZ;ACİDPASS;Acidpass 10/800/165 mg 12 Çiğneme Tablet;10;1;11;0
21.09.2026;ALLIANCE HEALTHCARE;AH ORDU;8680001708215;KARAKAS ECZANESİ;ORDU DOGU ILCELER;ACİDPASS;Acidpass 10/800/165 mg 12 Çiğneme Tablet;10;1;11;0
23.09.2026;ALLIANCE HEALTHCARE;AH ORDU;8680001276967;DOĞA ECZANESİ;ORDU FATSA;ACİDPASS;Acidpass 10/800/165 mg 12 Çiğneme Tablet;20;3;23;0
23.09.2026;ALLIANCE HEALTHCARE;AH ORDU;8680001171354;ÇINARLAR ECZANESİ;GIRESUN MERKEZ -1;ACİDPASS;Acidpass 10/800/165 mg 12 Çiğneme Tablet;10;1;11;0
24.09.2026;ALLIANCE HEALTHCARE;AH ORDU;8680001150410;ÖZLEM ECZANESİ;ORDU UNYE;ACİDPASS;Acidpass 10/800/165 mg 12 Çiğneme Tablet;10;1;11;0
28.09.2026;ALLIANCE HEALTHCARE;AH ORDU;8680001254682;ÇINAR ECZANESİ;ORDU FATSA;ACİDPASS;Acidpass 10/800/165 mg 12 Çiğneme Tablet;10;1;11;0
28.09.2026;ALLIANCE HEALTHCARE;AH ORDU;8680001147434;KUYUMCUOĞLU ECZANESİ;ORDU UNYE;ACİDPASS;Acidpass 10/800/165 mg 12 Çiğneme Tablet;5;0;5;0
28.09.2026;ALLIANCE HEALTHCARE;AH ORDU;8680001147434;KUYUMCUOĞLU ECZANESİ;ORDU UNYE;ACİDPASS;Acidpass 10/800/165 mg 12 Çiğneme Tablet;3;0;3;0
29.09.2026;ALLIANCE HEALTHCARE;AH ORDU;8680001665112;DİLARA ECZANESİ;ORDU MERKEZ -3;ACİDPASS;Acidpass 10/800/165 mg 12 Çiğneme Tablet;1;0;1;0
30.09.2026;ALLIANCE HEALTHCARE;AH ORDU;8680001147519;LALELİ ECZANESİ;ORDU BATI ILCELER;ACİDPASS;Acidpass 10/800/165 mg 12 Çiğneme Tablet;2;0;2;0
01.09.2026;ALLIANCE HEALTHCARE;AH ORDU;8680001419876;NUR ECZANESİ;ORDU MERKEZ -3;ACİDPASS;Acidpass 10/800/165 mg 12 Çiğneme Tablet;10;1;11;0
01.09.2026;ALLIANCE HEALTHCARE;AH ORDU;8680001164882;GÖKHAN ECZANESİ;GIRESUN MERKEZ -2;ACİDPASS;Acidpass 10/800/165 mg 12 Çiğneme Tablet;10;1;11;0
01.09.2026;ALLIANCE HEALTHCARE;AH ORDU;8680001713608;BEGÜM ECZANESİ;ORDU MERKEZ -2;ACİDPASS;Acidpass 10/800/165 mg 12 Çiğneme Tablet;5;0;5;0
01.09.2026;ALLIANCE HEALTHCARE;AH ORDU;8680001147519;LALELİ ECZANESİ;ORDU BATI ILCELER;ACİDPASS;Acidpass 10/800/165 mg 6 Çiğneme Tablet;2;0;2;0
16.09.2026;ALLIANCE HEALTHCARE;AH ORDU;8680001165636;KAYAHAN ECZANESİ;ORDU MERKEZ -1;ACİDPASS;Acidpass 10/800/165 mg 12 Çiğneme Tablet;50;15;65;0
16.09.2026;ALLIANCE HEALTHCARE;AH ORDU;8680001725984;YENİ SANAYİ ECZANESİ;ORDU MERKEZ -3;ACİDPASS;Acidpass 10/800/165 mg 12 Çiğneme Tablet;1;0;1;0
18.09.2026;ALLIANCE HEALTHCARE;AH ORDU;8680001679072;NİSAN ECZANESİ;ORDU MERKEZ -3;ACİDPASS;Acidpass 10/800/165 mg 12 Çiğneme Tablet;10;1;11;0
21.09.2026;ALLIANCE HEALTHCARE;AH ORDU;8680001494163;ZEYNEP ECZANESİ;ORDU MERKEZ -3;ACİDPASS;Acidpass 10/800/165 mg 12 Çiğneme Tablet;20;3;23;0
23.09.2026;ALLIANCE HEALTHCARE;AH ORDU;8680001202218;ŞAFAK ECZANESİ;ORDU DOGU ILCELER;ACİDPASS;Acidpass 10/800/165 mg 12 Çiğneme Tablet;10;1;11;0
24.09.2026;ALLIANCE HEALTHCARE;AH ORDU;8680001187058;KARDELEN ECZANESİ;GIRESUN BULANCAK+PIRAZIZ;ACİDPASS;Acidpass 10/800/165 mg 12 Çiğneme Tablet;50;15;65;0
25.09.2026;ALLIANCE HEALTHCARE;AH ORDU;8680001255658;YILMAZ ECZANESİ;ORDU UNYE;ACİDPASS;Acidpass 10/800/165 mg 12 Çiğneme Tablet;10;1;11;0
28.09.2026;ALLIANCE HEALTHCARE;AH ORDU;8680001504220;GÖLEVİ ECZANESİ;ORDU UNYE;ACİDPASS;Acidpass 10/800/165 mg 12 Çiğneme Tablet;10;1;11;0
30.09.2026;ALLIANCE HEALTHCARE;AH ORDU;8680001156634;FİLİZ ECZANESİ;ORDU MERKEZ -2;ACİDPASS;Acidpass 10/800/165 mg 12 Çiğneme Tablet;1;0;1;0
30.09.2026;ALLIANCE HEALTHCARE;AH ORDU;8680001665112;DİLARA ECZANESİ;ORDU MERKEZ -3;ACİDPASS;Acidpass 10/800/165 mg 12 Çiğneme Tablet;10;1;11;0
04.09.2026;ALLIANCE HEALTHCARE;AH ORDU;8680001147861;ÇALIŞKAN ECZANESİ;ORDU FATSA;MOKSEFEN;Moksefen 400 mg 7 Film Tablet;5;1;6;0
05.09.2026;ALLIANCE HEALTHCARE;AH ORDU;8680001278268;LOKMAN ECZANESİ;ORDU FATSA;MOKSEFEN;Moksefen 400 mg 7 Film Tablet;5;1;6;0
10.09.2026;ALLIANCE HEALTHCARE;AH ORDU;8680001158515;HAYAT ECZANESİ;ORDU GUNEY ILCELER -1;MOKSEFEN;Moksefen 400 mg 7 Film Tablet;10;3;13;0
13.09.2026;ALLIANCE HEALTHCARE;AH ORDU;8680001730186;ÖYKÜ ECZANESİ;ORDU MERKEZ -3;MOKSEFEN;Moksefen 400 mg 7 Film Tablet;1;0;1;0
16.09.2026;ALLIANCE HEALTHCARE;AH ORDU;8680001158423;HALK ECZANESİ;ORDU BATI ILCELER;MOKSEFEN;Moksefen 400 mg 7 Film Tablet;10;3;13;0
19.09.2026;ALLIANCE HEALTHCARE;AH ORDU;8680001925490;UMUT ECZANESİ;ORDU BATI ILCELER;MOKSEFEN;Moksefen 400 mg 7 Film Tablet;5;1;6;0
21.09.2026;ALLIANCE HEALTHCARE;AH ORDU;8680001157914;GÜRGENTEPE ECZANESİ;ORDU GUNEY ILCELER -1;MOKSEFEN;Moksefen 400 mg 7 Film Tablet;20;10;30;0
29.09.2026;ALLIANCE HEALTHCARE;AH ORDU;8680001202218;ŞAFAK ECZANESİ;ORDU DOGU ILCELER;MOKSEFEN;Moksefen 400 mg 7 Film Tablet;20;10;30;0
11.09.2026;ALLIANCE HEALTHCARE;AH ORDU;8680001151080;DERMAN ECZANESİ;ORDU MERKEZ -1;ACİDPASS;Acidpass 10/800/165 mg 12 Çiğneme Tablet;5;0;5;0
11.09.2026;ALLIANCE HEALTHCARE;AH ORDU;8680001188598;SAĞLIK ECZANESİ;ORDU DOGU ILCELER;ACİDPASS;Acidpass 10/800/165 mg 12 Çiğneme Tablet;20;3;23;0
12.09.2026;ALLIANCE HEALTHCARE;AH ORDU;8680001151080;DERMAN ECZANESİ;ORDU MERKEZ -1;ACİDPASS;Acidpass 10/800/165 mg 12 Çiğneme Tablet;10;1;11;0
18.09.2026;ALLIANCE HEALTHCARE;AH ORDU;8680001292448;ÇAMAŞ ECZANESİ;ORDU GUNEY ILCELER -1;ACİDPASS;Acidpass 10/800/165 mg 12 Çiğneme Tablet;10;1;11;0
18.09.2026;ALLIANCE HEALTHCARE;AH ORDU;8680001157792;GÜNDOĞDU ECZANESİ;ORDU MERKEZ -3;ACİDPASS;Acidpass 10/800/165 mg 12 Çiğneme Tablet;50;15;65;0
21.09.2026;ALLIANCE HEALTHCARE;AH ORDU;8680001369768;DİLA ECZANESİ;ORDU BATI ILCELER;ACİDPASS;Acidpass 10/800/165 mg 12 Çiğneme Tablet;10;1;11;0
22.09.2026;ALLIANCE HEALTHCARE;AH ORDU;8680001153510;BÜYÜK ECZANESİ;ORDU MERKEZ -2;ACİDPASS;Acidpass 10/800/165 mg 12 Çiğneme Tablet;10;1;11;0
22.09.2026;ALLIANCE HEALTHCARE;AH ORDU;8680001714575;ŞAHİN ECZANESİ;GIRESUN BULANCAK+PIRAZIZ;ACİDPASS;Acidpass 10/800/165 mg 12 Çiğneme Tablet;10;1;11;0
23.09.2026;ALLIANCE HEALTHCARE;AH ORDU;8680001750108;GÜNEŞ ECZANESİ;ORDU FATSA;ACİDPASS;Acidpass 10/800/165 mg 12 Çiğneme Tablet;2;0;2;0
23.09.2026;ALLIANCE HEALTHCARE;AH ORDU;8680001901760;TUĞÇEM ECZANESİ;ORDU FATSA;ACİDPASS;Acidpass 10/800/165 mg 12 Çiğneme Tablet;10;1;11;0
25.09.2026;ALLIANCE HEALTHCARE;AH ORDU;8680001141944;KOÇYİĞİT ECZANESİ;ORDU MERKEZ -2;ACİDPASS;Acidpass 10/800/165 mg 12 Çiğneme Tablet;1;0;1;0
04.09.2026;ALLIANCE HEALTHCARE;AH ORDU;8680001450978;ZAFER ECZANESİ;GIRESUN BULANCAK+PIRAZIZ;MOKSEFEN;Moksefen 400 mg 7 Film Tablet;20;10;30;0
08.09.2026;ALLIANCE HEALTHCARE;AH ORDU;8680001232949;UFUK ECZANESİ;ORDU MERKEZ -1;MOKSEFEN;Moksefen 400 mg 7 Film Tablet;20;10;30;0
09.09.2026;ALLIANCE HEALTHCARE;AH ORDU;8680001602261;HEKİMOĞLU ECZANESİ;ORDU MERKEZ -3;MOKSEFEN;Moksefen 400 mg 7 Film Tablet;20;10;30;0
13.09.2026;ALLIANCE HEALTHCARE;AH ORDU;8680001141135;AHSEN ECZANESİ;ORDU UNYE;MOKSEFEN;Moksefen 400 mg 7 Film Tablet;5;1;6;0
14.09.2026;ALLIANCE HEALTHCARE;AH ORDU;8680001187621;PELİN ECZANESİ;ORDU MERKEZ -1;MOKSEFEN;Moksefen 400 mg 7 Film Tablet;10;3;13;0
14.09.2026;ALLIANCE HEALTHCARE;AH ORDU;8680001496563;DOLUNAY ECZANESİ;ORDU FATSA;MOKSEFEN;Moksefen 400 mg 7 Film Tablet;1;0;1;0
18.09.2026;ALLIANCE HEALTHCARE;AH ORDU;8680001255658;YILMAZ ECZANESİ;ORDU UNYE;MOKSEFEN;Moksefen 400 mg 7 Film Tablet;5;1;6;0
24.09.2026;ALLIANCE HEALTHCARE;AH ORDU;8680001451470;UZMAN ECZANESİ;ORDU BATI ILCELER;MOKSEFEN;Moksefen 400 mg 7 Film Tablet;1;0;1;0
17.09.2026;ALLIANCE HEALTHCARE;AH ORDU;8680001187959;GÜRSOY ECZANESİ;GIRESUN BULANCAK+PIRAZIZ;ACİDPASS;Acidpass 10/800/165 mg 6 Çiğneme Tablet;3;0;3;0
01.09.2026;ALLIANCE HEALTHCARE;AH ORDU;8680001182633;UMUT ECZANESİ;GIRESUN BULANCAK+PIRAZIZ;FAMTREC;Famtrec 800/26,6mg 14 Film Kaplı Tablet;1;0;1;0
02.09.2026;ALLIANCE HEALTHCARE;AH ORDU;8680001899241;AHSEN ECZANESİ;ORDU FATSA;FAMTREC;Famtrec 800/26,6mg 14 Film Kaplı Tablet;1;0;1;0
04.09.2026;ALLIANCE HEALTHCARE;AH ORDU;8680001450978;ZAFER ECZANESİ;GIRESUN BULANCAK+PIRAZIZ;FAMTREC;Famtrec 800/26,6mg 14 Film Kaplı Tablet;7;1;8;0
07.09.2026;ALLIANCE HEALTHCARE;AH ORDU;8680001185573;HAYAT ECZANESİ;GIRESUN DOGU ILCELER -2;FAMTREC;Famtrec 800/26,6mg 14 Film Kaplı Tablet;2;0;2;0
08.09.2026;ALLIANCE HEALTHCARE;AH ORDU;8680001369768;DİLA ECZANESİ;ORDU BATI ILCELER;FAMTREC;Famtrec 800/26,6mg 14 Film Kaplı Tablet;2;0;2;0
08.09.2026;ALLIANCE HEALTHCARE;AH ORDU;8680001705375;DEFNE ECZANESİ;GIRESUN MERKEZ -2;FAMTREC;Famtrec 800/26,6mg 14 Film Kaplı Tablet;1;0;1;0
17.09.2026;ALLIANCE HEALTHCARE;AH ORDU;8680001187959;GÜRSOY ECZANESİ;GIRESUN BULANCAK+PIRAZIZ;FAMTREC;Famtrec 800/26,6mg 14 Film Kaplı Tablet;2;0;2;0
24.09.2026;ALLIANCE HEALTHCARE;AH ORDU;8680001382064;KARAİBRAHİMOĞLU ECZANESİ;GIRESUN BULANCAK+PIRAZIZ;FAMTREC;Famtrec 800/26,6mg 14 Film Kaplı Tablet;1;0;1;0
28.09.2026;ALLIANCE HEALTHCARE;AH ORDU;8680001182633;UMUT ECZANESİ;GIRESUN BULANCAK+PIRAZIZ;FAMTREC;Famtrec 800/26,6mg 14 Film Kaplı Tablet;1;0;1;0
30.09.2026;ALLIANCE HEALTHCARE;AH ORDU;8680001154425;SARIKAYA ECZANESİ;ORDU UNYE;FAMTREC;Famtrec 800/26,6mg 14 Film Kaplı Tablet;7;1;8;0
01.09.2026;ALLIANCE HEALTHCARE;AH ORDU;8680001202584;ŞAN ECZANESİ;ORDU GUNEY ILCELER -1;GRİPORT COLD;Griport Cold 20 Film Kaplı Tablet;12;3;15;0
01.09.2026;ALLIANCE HEALTHCARE;AH ORDU;8680001150144;ORAL ECZANESİ;ORDU UNYE;GRİPORT COLD;Griport Cold 20 Film Kaplı Tablet;7;1;8;0
02.09.2026;ALLIANCE HEALTHCARE;AH ORDU;8680001150410;ÖZLEM ECZANESİ;ORDU UNYE;GRİPORT COLD;Griport Cold 20 Film Kaplı Tablet;7;1;8;0
09.09.2026;ALLIANCE HEALTHCARE;AH ORDU;8680001157792;GÜNDOĞDU ECZANESİ;ORDU MERKEZ -3;GRİPORT COLD;Griport Cold 20 Film Kaplı Tablet;1;0;1;0
17.09.2026;ALLIANCE HEALTHCARE;AH ORDU;8680001502066;ŞİFA ECZANESİ;ORDU MERKEZ -3;GRİPORT COLD;Griport Cold 20 Film Kaplı Tablet;12;3;15;0
18.09.2026;ALLIANCE HEALTHCARE;AH ORDU;8680001167418;GÖKALP ECZANESİ;GIRESUN MERKEZ -2;GRİPORT COLD;Griport Cold 20 Film Kaplı Tablet;7;1;8;0
23.09.2026;ALLIANCE HEALTHCARE;AH ORDU;8680001870776;ÖMER ECZANESİ;ORDU MERKEZ -2;GRİPORT COLD;Griport Cold 20 Film Kaplı Tablet;7;1;8;0
24.09.2026;ALLIANCE HEALTHCARE;AH ORDU;8680001147861;ÇALIŞKAN ECZANESİ;ORDU FATSA;GRİPORT COLD;Griport Cold 20 Film Kaplı Tablet;3;0;3;0
01.09.2026;ALLIANCE HEALTHCARE;AH ORDU;8680001901760;TUĞÇEM ECZANESİ;ORDU FATSA;ACİDPASS;Acidpass 10/800/165 mg 12 Çiğneme Tablet;10;1;11;0
04.09.2026;ALLIANCE HEALTHCARE;AH ORDU;8680001496563;DOLUNAY ECZANESİ;ORDU FATSA;ACİDPASS;Acidpass 10/800/165 mg 12 Çiğneme Tablet;20;3;23;0
04.09.2026;ALLIANCE HEALTHCARE;AH ORDU;8680001710324;YAREN ECZANESİ;GIRESUN BULANCAK+PIRAZIZ;ACİDPASS;Acidpass 10/800/165 mg 12 Çiğneme Tablet;1;0;1;0
04.09.2026;ALLIANCE HEALTHCARE;AH ORDU;8680001897315;YAKACIK ECZANESI;ORDU GUNEY ILCELER -1;ACİDPASS;Acidpass 10/800/165 mg 12 Çiğneme Tablet;10;1;11;0
05.09.2026;ALLIANCE HEALTHCARE;AH ORDU;8680001141944;KOÇYİĞİT ECZANESİ;ORDU MERKEZ -2;ACİDPASS;Acidpass 10/800/165 mg 12 Çiğneme Tablet;3;0;3;0
07.09.2026;ALLIANCE HEALTHCARE;AH ORDU;8680001691197;METE ECZANESİ;ORDU DOGU ILCELER;ACİDPASS;Acidpass 10/800/165 mg 12 Çiğneme Tablet;20;3;23;0
07.09.2026;ALLIANCE HEALTHCARE;AH ORDU;8680001232352;TELCİOĞLU ECZANESİ;ORDU UNYE;ACİDPASS;Acidpass 10/800/165 mg 12 Çiğneme Tablet;10;1;11;0
08.09.2026;ALLIANCE HEALTHCARE;AH ORDU;8680001157914;GÜRGENTEPE ECZANESİ;ORDU GUNEY ILCELER -1;ACİDPASS;Acidpass 10/800/165 mg 12 Çiğneme Tablet;20;3;23;0
08.09.2026;ALLIANCE HEALTHCARE;AH ORDU;8680001249237;KEREM ECZANESİ;ORDU FATSA;ACİDPASS;Acidpass 10/800/165 mg 12 Çiğneme Tablet;10;1;11;0
11.09.2026;ALLIANCE HEALTHCARE;AH ORDU;8680001435852;TÜRKMENLER ECZANESİ;ORDU MERKEZ -3;ACİDPASS;Acidpass 10/800/165 mg 12 Çiğneme Tablet;10;1;11;0
11.09.2026;ALLIANCE HEALTHCARE;AH ORDU;8680001534388;OKAN ECZANESİ;ORDU DOGU ILCELER;ACİDPASS;Acidpass 10/800/165 mg 12 Çiğneme Tablet;10;1;11;0
11.09.2026;ALLIANCE HEALTHCARE;AH ORDU;8680001679751;DERMAN ECZANESİ;ORDU FATSA;ACİDPASS;Acidpass 10/800/165 mg 12 Çiğneme Tablet;10;1;11;0
25.09.2026;ALLIANCE HEALTHCARE;AH ORDU;8680001522095;YAVUZ ECZANESİ;ORDU BATI ILCELER;ACİDPASS;Acidpass 10/800/165 mg 12 Çiğneme Tablet;1;0;1;0
25.09.2026;ALLIANCE HEALTHCARE;AH ORDU;8680001602261;HEKİMOĞLU ECZANESİ;ORDU MERKEZ -3;ACİDPASS;Acidpass 10/800/165 mg 12 Çiğneme Tablet;10;1;11;0
25.09.2026;ALLIANCE HEALTHCARE;AH ORDU;8680001185436;ŞAFAK ECZANESİ;GIRESUN DOGU ILCELER -2;ACİDPASS;Acidpass 10/800/165 mg 12 Çiğneme Tablet;3;0;3;0
26.09.2026;ALLIANCE HEALTHCARE;AH ORDU;8680001419876;NUR ECZANESİ;ORDU MERKEZ -3;ACİDPASS;Acidpass 10/800/165 mg 12 Çiğneme Tablet;10;1;11;0
28.09.2026;ALLIANCE HEALTHCARE;AH ORDU;8680001202294;ŞAHİN ECZANESİ;ORDU DOGU ILCELER;ACİDPASS;Acidpass 10/800/165 mg 12 Çiğneme Tablet;3;0;3;0
28.09.2026;ALLIANCE HEALTHCARE;AH ORDU;8680001517299;ONUR ECZANESİ;GIRESUN MERKEZ -2;ACİDPASS;Acidpass 10/800/165 mg 12 Çiğneme Tablet;20;3;23;0
29.09.2026;ALLIANCE HEALTHCARE;AH ORDU;8680001158423;HALK ECZANESİ;ORDU BATI ILCELER;ACİDPASS;Acidpass 10/800/165 mg 12 Çiğneme Tablet;2;0;2;0
24.09.2026;ALLIANCE HEALTHCARE;AH ORDU;8680001719556;YENİ HAYAT ECZANESİ;ORDU UNYE;GRİPORT COLD;Griport Cold 20 Film Kaplı Tablet;12;3;15;0
26.09.2026;ALLIANCE HEALTHCARE;AH ORDU;8680001483327;MERVE ECZANESİ;GIRESUN MERKEZ -2;GRİPORT COLD;Griport Cold 20 Film Kaplı Tablet;7;1;8;0
28.09.2026;ALLIANCE HEALTHCARE;AH ORDU;8680001156726;GERÇEKER ECZANESİ;ORDU UNYE;GRİPORT COLD;Griport Cold 20 Film Kaplı Tablet;7;1;8;0
30.09.2026;ALLIANCE HEALTHCARE;AH ORDU;8680001172986;SOKAKBAŞI ECZANESİ;GIRESUN MERKEZ -1;GRİPORT COLD;Griport Cold 20 Film Kaplı Tablet;1;0;1;0
30.09.2026;ALLIANCE HEALTHCARE;AH ORDU;8680001154425;SARIKAYA ECZANESİ;ORDU UNYE;GRİPORT COLD;Griport Cold 20 Film Kaplı Tablet;12;3;15;0
23.09.2026;ALLIANCE HEALTHCARE;AH ORDU;8680001835041;AKSU ECZANESİ;ORDU MERKEZ -3;GRİPORT COLD;Griport Cold 20 Film Kaplı Tablet;7;1;8;0
24.09.2026;ALLIANCE HEALTHCARE;AH ORDU;8680001141135;AHSEN ECZANESİ;ORDU UNYE;GRİPORT COLD;Griport Cold 20 Film Kaplı Tablet;12;3;15;0
25.09.2026;ALLIANCE HEALTHCARE;AH ORDU;8680001367801;MELTEM ECZANESİ;ORDU FATSA;GRİPORT COLD;Griport Cold 20 Film Kaplı Tablet;7;1;8;0
27.09.2026;ALLIANCE HEALTHCARE;AH ORDU;8680001758043;ÖNAL ECZANE;GIRESUN MERKEZ -2;GRİPORT COLD;Griport Cold 20 Film Kaplı Tablet;1;0;1;0
27.09.2026;ALLIANCE HEALTHCARE;AH ORDU;8680001758043;ÖNAL ECZANE;GIRESUN MERKEZ -2;GRİPORT COLD;Griport Cold 20 Film Kaplı Tablet;2;0;2;0
28.09.2026;ALLIANCE HEALTHCARE;AH ORDU;8680001150618;ÖZTEKİN ECZANESİ;ORDU DOGU ILCELER;GRİPORT COLD;Griport Cold 20 Film Kaplı Tablet;12;3;15;0
29.09.2026;ALLIANCE HEALTHCARE;AH ORDU;8680001141425;AKGÜL ECZANESİ;ORDU UNYE;GRİPORT COLD;Griport Cold 20 Film Kaplı Tablet;12;3;15;0
29.09.2026;ALLIANCE HEALTHCARE;AH ORDU;8680001710324;YAREN ECZANESİ;GIRESUN BULANCAK+PIRAZIZ;GRİPORT COLD;Griport Cold 20 Film Kaplı Tablet;7;1;8;0
29.09.2026;ALLIANCE HEALTHCARE;AH ORDU;8680001232352;TELCİOĞLU ECZANESİ;ORDU UNYE;GRİPORT COLD;Griport Cold 20 Film Kaplı Tablet;12;3;15;0
02.09.2026;ALLIANCE HEALTHCARE;AH ORDU;8680001165728;ŞİFA ECZANESİ;GIRESUN BULANCAK+PIRAZIZ;FAMTREC;Famtrec 800/26,6mg 14 Film Kaplı Tablet;7;1;8;0
03.09.2026;ALLIANCE HEALTHCARE;AH ORDU;8680001158379;HALK ECZANESİ;ORDU GUNEY ILCELER -1;FAMTREC;Famtrec 800/26,6mg 14 Film Kaplı Tablet;1;0;1;0
03.09.2026;ALLIANCE HEALTHCARE;AH ORDU;8680001502066;ŞİFA ECZANESİ;ORDU MERKEZ -3;FAMTREC;Famtrec 800/26,6mg 14 Film Kaplı Tablet;2;0;2;0
03.09.2026;ALLIANCE HEALTHCARE;AH ORDU;8680001660902;HAYAT ECZANESİ;ORDU FATSA;FAMTREC;Famtrec 800/26,6mg 14 Film Kaplı Tablet;1;0;1;0
04.09.2026;ALLIANCE HEALTHCARE;AH ORDU;8680001276912;DİLEK ECZANESİ;ORDU FATSA;FAMTREC;Famtrec 800/26,6mg 14 Film Kaplı Tablet;2;0;2;0
04.09.2026;ALLIANCE HEALTHCARE;AH ORDU;8680001249237;KEREM ECZANESİ;ORDU FATSA;FAMTREC;Famtrec 800/26,6mg 14 Film Kaplı Tablet;1;0;1;0
04.09.2026;ALLIANCE HEALTHCARE;AH ORDU;8680001522095;YAVUZ ECZANESİ;ORDU BATI ILCELER;FAMTREC;Famtrec 800/26,6mg 14 Film Kaplı Tablet;2;0;2;0
04.09.2026;ALLIANCE HEALTHCARE;AH ORDU;8680001185573;HAYAT ECZANESİ;GIRESUN DOGU ILCELER -2;FAMTREC;Famtrec 800/26,6mg 14 Film Kaplı Tablet;1;0;1;0
09.09.2026;ALLIANCE HEALTHCARE;AH ORDU;8680001276967;DOĞA ECZANESİ;ORDU FATSA;FAMTREC;Famtrec 800/26,6mg 14 Film Kaplı Tablet;2;0;2;0
16.09.2026;ALLIANCE HEALTHCARE;AH ORDU;8680001750108;GÜNEŞ ECZANESİ;ORDU FATSA;FAMTREC;Famtrec 800/26,6mg 14 Film Kaplı Tablet;2;0;2;0
17.09.2026;ALLIANCE HEALTHCARE;AH ORDU;8680001919048;BUSE ECZANESİ KUMRU;ORDU BATI ILCELER;FAMTREC;Famtrec 800/26,6mg 14 Film Kaplı Tablet;2;0;2;0
18.09.2026;ALLIANCE HEALTHCARE;AH ORDU;8680001147724;MEMLEKET ECZANESİ;ORDU BATI ILCELER;FAMTREC;Famtrec 800/26,6mg 14 Film Kaplı Tablet;2;0;2;0
18.09.2026;ALLIANCE HEALTHCARE;AH ORDU;8680001733361;ÖZLEM ECZANESİ;ORDU GUNEY ILCELER -1;FAMTREC;Famtrec 800/26,6mg 14 Film Kaplı Tablet;7;1;8;0
18.09.2026;ALLIANCE HEALTHCARE;AH ORDU;8680001899241;AHSEN ECZANESİ;ORDU FATSA;FAMTREC;Famtrec 800/26,6mg 14 Film Kaplı Tablet;2;0;2;0
24.09.2026;ALLIANCE HEALTHCARE;AH ORDU;8680001566860;CANDAN ECZANESİ;GIRESUN BULANCAK+PIRAZIZ;FAMTREC;Famtrec 800/26,6mg 14 Film Kaplı Tablet;1;0;1;0
29.09.2026;ALLIANCE HEALTHCARE;AH ORDU;8680001566860;CANDAN ECZANESİ;GIRESUN BULANCAK+PIRAZIZ;FAMTREC;Famtrec 800/26,6mg 14 Film Kaplı Tablet;3;0;3;0
01.09.2026;ALLIANCE HEALTHCARE;AH ORDU;8680001381609;ARDA ECZANESİ;ORDU MERKEZ -3;ACİDPASS;Acidpass 10/800/165 mg 12 Çiğneme Tablet;10;1;11;0
01.09.2026;ALLIANCE HEALTHCARE;AH ORDU;8680001897032;EMRE DENİZ ECZANESİ;ORDU DOGU ILCELER;ACİDPASS;Acidpass 10/800/165 mg 12 Çiğneme Tablet;3;0;3;0
02.09.2026;ALLIANCE HEALTHCARE;AH ORDU;8680001141944;KOÇYİĞİT ECZANESİ;ORDU MERKEZ -2;ACİDPASS;Acidpass 10/800/165 mg 12 Çiğneme Tablet;1;0;1;0
02.09.2026;ALLIANCE HEALTHCARE;AH ORDU;8680001165018;ELİF ECZANESİ;GIRESUN MERKEZ -2;ACİDPASS;Acidpass 10/800/165 mg 12 Çiğneme Tablet;2;0;2;0
02.09.2026;ALLIANCE HEALTHCARE;AH ORDU;8680001187096;DOĞA ECZANESİ;GIRESUN BULANCAK+PIRAZIZ;ACİDPASS;Acidpass 10/800/165 mg 12 Çiğneme Tablet;20;3;23;0
02.09.2026;ALLIANCE HEALTHCARE;AH ORDU;8680001700653;KIR ECZANESI;ORDU FATSA;ACİDPASS;Acidpass 10/800/165 mg 12 Çiğneme Tablet;10;1;11;0
02.09.2026;ALLIANCE HEALTHCARE;AH ORDU;8680001597307;KUZEY ECZANESİ;ORDU FATSA;ACİDPASS;Acidpass 10/800/165 mg 12 Çiğneme Tablet;10;1;11;0
07.09.2026;ALLIANCE HEALTHCARE;AH ORDU;8680001490844;FATSA ECZANESİ;ORDU FATSA;MOKSEFEN;Moksefen 400 mg 7 Film Tablet;10;3;13;0
07.09.2026;ALLIANCE HEALTHCARE;AH ORDU;8680001500611;SAHİL ECZANESİ;ORDU FATSA;MOKSEFEN;Moksefen 400 mg 7 Film Tablet;5;1;6;0
19.09.2026;ALLIANCE HEALTHCARE;AH ORDU;8680001148158;ÇAĞDAŞ ECZANESİ;ORDU UNYE;MOKSEFEN;Moksefen 400 mg 7 Film Tablet;20;10;30;0
27.09.2026;ALLIANCE HEALTHCARE;AH ORDU;8680001596133;PINAR ECZANESİ;ORDU MERKEZ -3;MOKSEFEN;Moksefen 400 mg 7 Film Tablet;10;3;13;0
28.09.2026;ALLIANCE HEALTHCARE;AH ORDU;8680001517299;ONUR ECZANESİ;GIRESUN MERKEZ -2;MOKSEFEN;Moksefen 400 mg 7 Film Tablet;-15;-10;-25;-10
30.09.2026;ALLIANCE HEALTHCARE;AH ORDU;8680001232574;TURAN ECZANESİ;ORDU UNYE;MOKSEFEN;Moksefen 400 mg 7 Film Tablet;5;1;6;0
03.09.2026;ALLIANCE HEALTHCARE;AH ORDU;8680001158423;HALK ECZANESİ;ORDU BATI ILCELER;ACİDPASS;Acidpass 10/800/165 mg 12 Çiğneme Tablet;10;1;11;0
09.09.2026;ALLIANCE HEALTHCARE;AH ORDU;8680001710324;YAREN ECZANESİ;GIRESUN BULANCAK+PIRAZIZ;GRİPORT COLD;Griport Cold 20 Film Kaplı Tablet;2;0;2;0
11.09.2026;ALLIANCE HEALTHCARE;AH ORDU;8680001141425;AKGÜL ECZANESİ;ORDU UNYE;GRİPORT COLD;Griport Cold 20 Film Kaplı Tablet;2;0;2;0
18.09.2026;ALLIANCE HEALTHCARE;AH ORDU;8680001602261;HEKİMOĞLU ECZANESİ;ORDU MERKEZ -3;GRİPORT COLD;Griport Cold 20 Film Kaplı Tablet;-1;0;-1;0
22.09.2026;ALLIANCE HEALTHCARE;AH ORDU;8680001382064;KARAİBRAHİMOĞLU ECZANESİ;GIRESUN BULANCAK+PIRAZIZ;GRİPORT COLD;Griport Cold 20 Film Kaplı Tablet;7;1;8;0
24.09.2026;ALLIANCE HEALTHCARE;AH ORDU;8680001502066;ŞİFA ECZANESİ;ORDU MERKEZ -3;GRİPORT COLD;Griport Cold 20 Film Kaplı Tablet;12;3;15;0
25.09.2026;ALLIANCE HEALTHCARE;AH ORDU;8680001203970;EREN ECZANESİ;GIRESUN DOGU ILCELER -2;GRİPORT COLD;Griport Cold 20 Film Kaplı Tablet;2;0;2;0
28.09.2026;ALLIANCE HEALTHCARE;AH ORDU;8680001420681;ONUR ECZANESİ;ORDU MERKEZ -3;GRİPORT COLD;Griport Cold 20 Film Kaplı Tablet;40;20;60;0
29.09.2026;ALLIANCE HEALTHCARE;AH ORDU;8680001173051;BİLGİ ECZANESİ;GIRESUN MERKEZ -1;GRİPORT COLD;Griport Cold 20 Film Kaplı Tablet;3;0;3;0
07.09.2026;ALLIANCE HEALTHCARE;AH ORDU;8680001502066;ŞİFA ECZANESİ;ORDU MERKEZ -3;GRİPORT COLD;Griport Cold 20 Film Kaplı Tablet;12;3;15;0
08.09.2026;ALLIANCE HEALTHCARE;AH ORDU;8680001679751;DERMAN ECZANESİ;ORDU FATSA;GRİPORT COLD;Griport Cold 20 Film Kaplı Tablet;7;1;8;0
11.09.2026;ALLIANCE HEALTHCARE;AH ORDU;8680001478033;ERBAŞ ECZANESİ;GIRESUN DOGU ILCELER -2;MOKSEFEN;Moksefen 400 mg 7 Film Tablet;20;10;30;0
15.09.2026;ALLIANCE HEALTHCARE;AH ORDU;8680001460205;SELÇUK ECZANESİ;ORDU GUNEY ILCELER -1;MOKSEFEN;Moksefen 400 mg 7 Film Tablet;20;10;30;0
16.09.2026;ALLIANCE HEALTHCARE;AH ORDU;8680001150618;ÖZTEKİN ECZANESİ;ORDU DOGU ILCELER;MOKSEFEN;Moksefen 400 mg 7 Film Tablet;20;10;30;0
17.09.2026;ALLIANCE HEALTHCARE;AH ORDU;8680001419333;CÖMERT ECZANESİ;ORDU GUNEY ILCELER -1;MOKSEFEN;Moksefen 400 mg 7 Film Tablet;50;35;85;0
17.09.2026;ALLIANCE HEALTHCARE;AH ORDU;8680001494163;ZEYNEP ECZANESİ;ORDU MERKEZ -3;MOKSEFEN;Moksefen 400 mg 7 Film Tablet;5;1;6;0
25.09.2026;ALLIANCE HEALTHCARE;AH ORDU;8680001203970;EREN ECZANESİ;GIRESUN DOGU ILCELER -2;MOKSEFEN;Moksefen 400 mg 7 Film Tablet;1;0;1;0
03.09.2026;ALLIANCE HEALTHCARE;AH ORDU;8680001679751;DERMAN ECZANESİ;ORDU FATSA;ACİDPASS;Acidpass 10/800/165 mg 12 Çiğneme Tablet;10;1;11;0
04.09.2026;ALLIANCE HEALTHCARE;AH ORDU;8680001165018;ELİF ECZANESİ;GIRESUN MERKEZ -2;ACİDPASS;Acidpass 10/800/165 mg 12 Çiğneme Tablet;10;1;11;0
04.09.2026;ALLIANCE HEALTHCARE;AH ORDU;8680001636570;ÇÖREK OTU ECZANESİ;ORDU FATSA;ACİDPASS;Acidpass 10/800/165 mg 12 Çiğneme Tablet;150;60;210;0
05.09.2026;ALLIANCE HEALTHCARE;AH ORDU;8680001148233;ÇELENK ECZANESİ;ORDU MERKEZ -1;ACİDPASS;Acidpass 10/800/165 mg 12 Çiğneme Tablet;2;0;2;0
08.09.2026;ALLIANCE HEALTHCARE;AH ORDU;8680001173051;BİLGİ ECZANESİ;GIRESUN MERKEZ -1;ACİDPASS;Acidpass 10/800/165 mg 12 Çiğneme Tablet;10;1;11;0
08.09.2026;ALLIANCE HEALTHCARE;AH ORDU;8680001710324;YAREN ECZANESİ;GIRESUN BULANCAK+PIRAZIZ;ACİDPASS;Acidpass 10/800/165 mg 12 Çiğneme Tablet;10;1;11;0
09.09.2026;ALLIANCE HEALTHCARE;AH ORDU;8680001151226;VONA ECZANESI;ORDU DOGU ILCELER;ACİDPASS;Acidpass 10/800/165 mg 12 Çiğneme Tablet;10;1;11;0
09.09.2026;ALLIANCE HEALTHCARE;AH ORDU;8680001153336;DURU ECZANESİ;ORDU MERKEZ -3;ACİDPASS;Acidpass 10/800/165 mg 12 Çiğneme Tablet;50;15;65;0
13.09.2026;ALLIANCE HEALTHCARE;AH ORDU;8680001381586;CEBECİ ECZANESİ;ORDU DOGU ILCELER;ACİDPASS;Acidpass 10/800/165 mg 12 Çiğneme Tablet;20;3;23;0
15.09.2026;ALLIANCE HEALTHCARE;AH ORDU;8680001141944;KOÇYİĞİT ECZANESİ;ORDU MERKEZ -2;ACİDPASS;Acidpass 10/800/165 mg 12 Çiğneme Tablet;20;3;23;0
15.09.2026;ALLIANCE HEALTHCARE;AH ORDU;8680001753178;LOTUS ECZANESİ;ORDU DOGU ILCELER;ACİDPASS;Acidpass 10/800/165 mg 12 Çiğneme Tablet;1;0;1;0
16.09.2026;ALLIANCE HEALTHCARE;AH ORDU;8680001150618;ÖZTEKİN ECZANESİ;ORDU DOGU ILCELER;ACİDPASS;Acidpass 10/800/165 mg 12 Çiğneme Tablet;20;3;23;0
16.09.2026;ALLIANCE HEALTHCARE;AH ORDU;8680001570485;FIRAT ECZANESİ;ORDU MERKEZ -3;ACİDPASS;Acidpass 10/800/165 mg 12 Çiğneme Tablet;10;1;11;0
17.09.2026;ALLIANCE HEALTHCARE;AH ORDU;8680001725984;YENİ SANAYİ ECZANESİ;ORDU MERKEZ -3;ACİDPASS;Acidpass 10/800/165 mg 12 Çiğneme Tablet;2;0;2;0
19.09.2026;ALLIANCE HEALTHCARE;AH ORDU;8680001232949;UFUK ECZANESİ;ORDU MERKEZ -1;ACİDPASS;Acidpass 10/800/165 mg 12 Çiğneme Tablet;2;0;2;0
21.09.2026;ALLIANCE HEALTHCARE;AH ORDU;8680001148103;MERKEZ ECZANESI;ORDU MERKEZ -1;ACİDPASS;Acidpass 10/800/165 mg 12 Çiğneme Tablet;3;0;3;0
21.09.2026;ALLIANCE HEALTHCARE;AH ORDU;8680001278114;KARAMUSTAFA ECZANESİ;ORDU FATSA;ACİDPASS;Acidpass 10/800/165 mg 12 Çiğneme Tablet;10;1;11;0
23.09.2026;ALLIANCE HEALTHCARE;AH ORDU;8680001277667;İSTANBUL ECZANESİ;ORDU FATSA;ACİDPASS;Acidpass 10/800/165 mg 12 Çiğneme Tablet;20;3;23;0
23.09.2026;ALLIANCE HEALTHCARE;AH ORDU;8680001147724;MEMLEKET ECZANESİ;ORDU BATI ILCELER;ACİDPASS;Acidpass 10/800/165 mg 12 Çiğneme Tablet;4;0;4;0
24.09.2026;ALLIANCE HEALTHCARE;AH ORDU;8680001167418;GÖKALP ECZANESİ;GIRESUN MERKEZ -2;ACİDPASS;Acidpass 10/800/165 mg 12 Çiğneme Tablet;5;0;5;0
24.09.2026;ALLIANCE HEALTHCARE;AH ORDU;8680001713608;BEGÜM ECZANESİ;ORDU MERKEZ -2;ACİDPASS;Acidpass 10/800/165 mg 12 Çiğneme Tablet;3;0;3;0
26.09.2026;ALLIANCE HEALTHCARE;AH ORDU;8680001232949;UFUK ECZANESİ;ORDU MERKEZ -1;ACİDPASS;Acidpass 10/800/165 mg 12 Çiğneme Tablet;1;0;1;0
29.09.2026;ALLIANCE HEALTHCARE;AH ORDU;8680001651399;DAVUT DURAK ECZANESI;ORDU UNYE;ACİDPASS;Acidpass 10/800/165 mg 12 Çiğneme Tablet;3;0;3;0
30.09.2026;ALLIANCE HEALTHCARE;AH ORDU;8680001679751;DERMAN ECZANESİ;ORDU FATSA;ACİDPASS;Acidpass 10/800/165 mg 12 Çiğneme Tablet;10;1;11;0
01.09.2026;ALLIANCE HEALTHCARE;AH ORDU;8680001211777;KONAK ECZANESİ;GIRESUN DOGU ILCELER -2;GRİPORT COLD;Griport Cold 20 Film Kaplı Tablet;2;0;2;0
10.09.2026;ALLIANCE HEALTHCARE;AH ORDU;8680001151127;DEVA ECZANESİ;ORDU MERKEZ -3;GRİPORT COLD;Griport Cold 20 Film Kaplı Tablet;3;0;3;0
15.09.2026;ALLIANCE HEALTHCARE;AH ORDU;8680001666829;ARİF ECZANESİ;ORDU DOGU ILCELER;GRİPORT COLD;Griport Cold 20 Film Kaplı Tablet;12;3;15;0
15.09.2026;ALLIANCE HEALTHCARE;AH ORDU;8680001246724;YASEMİN ECZANESİ;ORDU UNYE;GRİPORT COLD;Griport Cold 20 Film Kaplı Tablet;7;1;8;0
18.09.2026;ALLIANCE HEALTHCARE;AH ORDU;8680001710324;YAREN ECZANESİ;GIRESUN BULANCAK+PIRAZIZ;GRİPORT COLD;Griport Cold 20 Film Kaplı Tablet;7;1;8;0
21.09.2026;ALLIANCE HEALTHCARE;AH ORDU;8680001141135;AHSEN ECZANESİ;ORDU UNYE;GRİPORT COLD;Griport Cold 20 Film Kaplı Tablet;7;1;8;0
24.09.2026;ALLIANCE HEALTHCARE;AH ORDU;8680001490844;FATSA ECZANESİ;ORDU FATSA;GRİPORT COLD;Griport Cold 20 Film Kaplı Tablet;12;3;15;0
25.09.2026;ALLIANCE HEALTHCARE;AH ORDU;8680001632466;TUGCAN ECZANESI;ORDU MERKEZ -3;GRİPORT COLD;Griport Cold 20 Film Kaplı Tablet;12;3;15;0
28.09.2026;ALLIANCE HEALTHCARE;AH ORDU;8680001188598;SAĞLIK ECZANESİ;ORDU DOGU ILCELER;GRİPORT COLD;Griport Cold 20 Film Kaplı Tablet;12;3;15;0
02.09.2026;ALLIANCE HEALTHCARE;AH ORDU;8680001420681;ONUR ECZANESİ;ORDU MERKEZ -3;FAMTREC;Famtrec 800/26,6mg 14 Film Kaplı Tablet;7;1;8;0
03.09.2026;ALLIANCE HEALTHCARE;AH ORDU;8680001419333;CÖMERT ECZANESİ;ORDU GUNEY ILCELER -1;FAMTREC;Famtrec 800/26,6mg 14 Film Kaplı Tablet;7;1;8;0
04.09.2026;ALLIANCE HEALTHCARE;AH ORDU;8680001277667;İSTANBUL ECZANESİ;ORDU FATSA;FAMTREC;Famtrec 800/26,6mg 14 Film Kaplı Tablet;1;0;1;0
04.09.2026;ALLIANCE HEALTHCARE;AH ORDU;8680001451470;UZMAN ECZANESİ;ORDU BATI ILCELER;FAMTREC;Famtrec 800/26,6mg 14 Film Kaplı Tablet;1;0;1;0
08.09.2026;ALLIANCE HEALTHCARE;AH ORDU;8680001186990;İLGİ ECZANESİ;GIRESUN BULANCAK+PIRAZIZ;FAMTREC;Famtrec 800/26,6mg 14 Film Kaplı Tablet;7;1;8;0
10.09.2026;ALLIANCE HEALTHCARE;AH ORDU;8680001847334;ÇAĞLA ECZANESİ;ORDU UNYE;FAMTREC;Famtrec 800/26,6mg 14 Film Kaplı Tablet;1;0;1;0
16.09.2026;ALLIANCE HEALTHCARE;AH ORDU;8680001278114;KARAMUSTAFA ECZANESİ;ORDU FATSA;FAMTREC;Famtrec 800/26,6mg 14 Film Kaplı Tablet;7;1;8;0
16.09.2026;ALLIANCE HEALTHCARE;AH ORDU;8680001419876;NUR ECZANESİ;ORDU MERKEZ -3;FAMTREC;Famtrec 800/26,6mg 14 Film Kaplı Tablet;1;0;1;0
16.09.2026;ALLIANCE HEALTHCARE;AH ORDU;8680001534388;OKAN ECZANESİ;ORDU DOGU ILCELER;FAMTREC;Famtrec 800/26,6mg 14 Film Kaplı Tablet;3;0;3;0
18.09.2026;ALLIANCE HEALTHCARE;AH ORDU;8680001463305;TUNA ECZANESİ;ORDU MERKEZ -2;FAMTREC;Famtrec 800/26,6mg 14 Film Kaplı Tablet;2;0;2;0
18.09.2026;ALLIANCE HEALTHCARE;AH ORDU;8680001212873;MÜGE ECZANESİ;GIRESUN BULANCAK+PIRAZIZ;FAMTREC;Famtrec 800/26,6mg 14 Film Kaplı Tablet;2;0;2;0
18.09.2026;ALLIANCE HEALTHCARE;AH ORDU;8680001232352;TELCİOĞLU ECZANESİ;ORDU UNYE;FAMTREC;Famtrec 800/26,6mg 14 Film Kaplı Tablet;7;1;8;0
21.09.2026;ALLIANCE HEALTHCARE;AH ORDU;8680001525607;ATİK ECZANESİ;ORDU UNYE;FAMTREC;Famtrec 800/26,6mg 14 Film Kaplı Tablet;1;0;1;0
30.09.2026;ALLIANCE HEALTHCARE;AH ORDU;8680001153510;BÜYÜK ECZANESİ;ORDU MERKEZ -2;FAMTREC;Famtrec 800/26,6mg 14 Film Kaplı Tablet;1;0;1;0
02.09.2026;ALLIANCE HEALTHCARE;AH ORDU;8680001460397;IRMAK ECZANESİ;ORDU DOGU ILCELER;MOKSEFEN;Moksefen 400 mg 7 Film Tablet;50;35;85;0
03.09.2026;ALLIANCE HEALTHCARE;AH ORDU;8680001292448;ÇAMAŞ ECZANESİ;ORDU GUNEY ILCELER -1;MOKSEFEN;Moksefen 400 mg 7 Film Tablet;5;1;6;0
08.09.2026;ALLIANCE HEALTHCARE;AH ORDU;8680001753178;LOTUS ECZANESİ;ORDU DOGU ILCELER;MOKSEFEN;Moksefen 400 mg 7 Film Tablet;5;1;6;0
09.09.2026;ALLIANCE HEALTHCARE;AH ORDU;8680001416356;ÖZEL ORDU UMUT HASTANESİ ECZANESİ;ORDU MERKEZ -3;MOKSEFEN;Moksefen 400 mg 7 Film Tablet;5;1;6;0
11.09.2026;ALLIANCE HEALTHCARE;AH ORDU;8680001162918;ÇAĞRI ECZANESİ;GIRESUN MERKEZ -2;MOKSEFEN;Moksefen 400 mg 7 Film Tablet;10;3;13;0
01.09.2026;ALLIANCE HEALTHCARE;AH ORDU;8680001147861;ÇALIŞKAN ECZANESİ;ORDU FATSA;FAMTREC;Famtrec 800/26,6mg 14 Film Kaplı Tablet;2;0;2;0
03.09.2026;ALLIANCE HEALTHCARE;AH ORDU;8680001367801;MELTEM ECZANESİ;ORDU FATSA;FAMTREC;Famtrec 800/26,6mg 14 Film Kaplı Tablet;2;0;2;0
03.09.2026;ALLIANCE HEALTHCARE;AH ORDU;8680001232352;TELCİOĞLU ECZANESİ;ORDU UNYE;FAMTREC;Famtrec 800/26,6mg 14 Film Kaplı Tablet;2;0;2;0
08.09.2026;ALLIANCE HEALTHCARE;AH ORDU;8680001899241;AHSEN ECZANESİ;ORDU FATSA;FAMTREC;Famtrec 800/26,6mg 14 Film Kaplı Tablet;1;0;1;0
11.09.2026;ALLIANCE HEALTHCARE;AH ORDU;8680001710324;YAREN ECZANESİ;GIRESUN BULANCAK+PIRAZIZ;FAMTREC;Famtrec 800/26,6mg 14 Film Kaplı Tablet;1;0;1;0
01.09.2026;ALLIANCE HEALTHCARE;AH ORDU;8680001157914;GÜRGENTEPE ECZANESİ;ORDU GUNEY ILCELER -1;GRİPORT COLD;Griport Cold 20 Film Kaplı Tablet;12;3;15;0
04.09.2026;ALLIANCE HEALTHCARE;AH ORDU;8680001202294;ŞAHİN ECZANESİ;ORDU DOGU ILCELER;GRİPORT COLD;Griport Cold 20 Film Kaplı Tablet;4;0;4;0
07.09.2026;ALLIANCE HEALTHCARE;AH ORDU;8680001255658;YILMAZ ECZANESİ;ORDU UNYE;GRİPORT COLD;Griport Cold 20 Film Kaplı Tablet;12;3;15;0
15.09.2026;ALLIANCE HEALTHCARE;AH ORDU;8680001154135;ERGÜL ECZANESİ;ORDU MERKEZ -1;GRİPORT COLD;Griport Cold 20 Film Kaplı Tablet;3;0;3;0
22.09.2026;ALLIANCE HEALTHCARE;AH ORDU;8680001255603;YEŞİLOVA ECZANESİ;ORDU MERKEZ -2;GRİPORT COLD;Griport Cold 20 Film Kaplı Tablet;1;0;1;0
17.09.2026;ALLIANCE HEALTHCARE;AH SAMSUN;8680001114610;DENİZ ECZANESİ;SINOP MERKEZ;ACİDPASS;Acidpass 10/800/165 mg 12 Çiğneme Tablet;10;1;11;0
17.09.2026;ALLIANCE HEALTHCARE;AH SAMSUN;8680001101467;BAŞAK ECZANESİ;SAMSUN ATAKUM;ACİDPASS;Acidpass 10/800/165 mg 12 Çiğneme Tablet;20;3;23;0
17.09.2026;ALLIANCE HEALTHCARE;AH SAMSUN;8680001114016;BURCU ECZANESİ;SINOP MERKEZ;ACİDPASS;Acidpass 10/800/165 mg 12 Çiğneme Tablet;5;0;5;0
18.09.2026;ALLIANCE HEALTHCARE;AH SAMSUN;8680001796397;İREM ECZANESİ;SAMSUN DOGU ILCELER - 2;ACİDPASS;Acidpass 10/800/165 mg 12 Çiğneme Tablet;1;0;1;0
18.09.2026;ALLIANCE HEALTHCARE;AH SAMSUN;8680001116256;FATİH ECZANESİ;AMASYA MERKEZ -2;ACİDPASS;Acidpass 10/800/165 mg 12 Çiğneme Tablet;10;1;11;0
18.09.2026;ALLIANCE HEALTHCARE;AH SAMSUN;8680001121304;MÜJDE ECZANESİ;AMASYA MERKEZ -1;ACİDPASS;Acidpass 10/800/165 mg 12 Çiğneme Tablet;3;0;3;0
18.09.2026;ALLIANCE HEALTHCARE;AH SAMSUN;8680001702633;TONKUŞ ECZANESİ;AMASYA ILCELER;ACİDPASS;Acidpass 10/800/165 mg 12 Çiğneme Tablet;10;1;11;0
01.09.2026;ALLIANCE HEALTHCARE;AH SAMSUN;8680001155019;HİCRET ECZANESİ;CORUM GUNEYDOGU ILCELER;MOKSEFEN;Moksefen 400 mg 7 Film Tablet;6;1;7;0
01.09.2026;ALLIANCE HEALTHCARE;AH SAMSUN;8680001114801;FAZİLET ECZANESİ;SAMSUN DOGU ILCELER;MOKSEFEN;Moksefen 400 mg 7 Film Tablet;2;0;2;0
03.09.2026;ALLIANCE HEALTHCARE;AH SAMSUN;8680001131150;SAĞLIK ECZANESİ;AMASYA MERKEZ -1;MOKSEFEN;Moksefen 400 mg 7 Film Tablet;10;3;13;0
04.09.2026;ALLIANCE HEALTHCARE;AH SAMSUN;8680001651023;SERAY ECZANESİ;SINOP DOGU-BATI ILCELER;MOKSEFEN;Moksefen 400 mg 7 Film Tablet;5;1;6;0
07.09.2026;ALLIANCE HEALTHCARE;AH SAMSUN;8680001796397;İREM ECZANESİ;SAMSUN DOGU ILCELER - 2;MOKSEFEN;Moksefen 400 mg 7 Film Tablet;5;1;6;0
08.09.2026;ALLIANCE HEALTHCARE;AH SAMSUN;8680001508396;ZAFER ECZANESİ;SAMSUN BAFRA;MOKSEFEN;Moksefen 400 mg 7 Film Tablet;20;10;30;0
10.09.2026;ALLIANCE HEALTHCARE;AH SAMSUN;8680001861583;ZEYNEP ECZANESİ;CORUM MERKEZ -1;MOKSEFEN;Moksefen 400 mg 7 Film Tablet;10;3;13;0
14.09.2026;ALLIANCE HEALTHCARE;AH SAMSUN;8680001665402;ÖZGE ECZANESİ;CORUM MERKEZ -2;MOKSEFEN;Moksefen 400 mg 7 Film Tablet;5;1;6;0
18.09.2026;ALLIANCE HEALTHCARE;AH SAMSUN;8680001839889;YENİ KOLBAKIR ECZANESİ;SAMSUN ILKADIM - 2;MOKSEFEN;Moksefen 400 mg 7 Film Tablet;1;0;1;0
18.09.2026;ALLIANCE HEALTHCARE;AH SAMSUN;8680001156436;SEÇİL ECZANESİ;CORUM MERKEZ -3;MOKSEFEN;Moksefen 400 mg 7 Film Tablet;50;35;85;0
18.09.2026;ALLIANCE HEALTHCARE;AH SAMSUN;8680001182053;GÜNEŞ ECZANESİ;TOKAT TURHAL;MOKSEFEN;Moksefen 400 mg 7 Film Tablet;20;10;30;0
27.09.2026;ALLIANCE HEALTHCARE;AH SAMSUN;8680001827947;EKİN ECZANESİ;CORUM MERKEZ -2;MOKSEFEN;Moksefen 400 mg 7 Film Tablet;20;10;30;0
28.09.2026;ALLIANCE HEALTHCARE;AH SAMSUN;8680001788767;ONAR ECZANESI;SAMSUN ATAKUM;MOKSEFEN;Moksefen 400 mg 7 Film Tablet;1;0;1;0
28.09.2026;ALLIANCE HEALTHCARE;AH SAMSUN;8680001157662;BİLGE ECZANESİ;CORUM MERKEZ -2;MOKSEFEN;Moksefen 400 mg 7 Film Tablet;1;0;1;0
04.09.2026;ALLIANCE HEALTHCARE;AH SAMSUN;8680001673605;ASRIN ECZANESİ;TOKAT ERBAA;ACİDPASS;Acidpass 10/800/165 mg 12 Çiğneme Tablet;5;0;5;0
04.09.2026;ALLIANCE HEALTHCARE;AH SAMSUN;8680001485901;TEMELKAYA ECZANESİ;SAMSUN BAFRA;ACİDPASS;Acidpass 10/800/165 mg 12 Çiğneme Tablet;20;3;23;0
05.09.2026;ALLIANCE HEALTHCARE;AH SAMSUN;8680001437238;SAĞLIK ECZANESİ;TOKAT ERBAA;ACİDPASS;Acidpass 10/800/165 mg 12 Çiğneme Tablet;5;0;5;0
07.09.2026;ALLIANCE HEALTHCARE;AH SAMSUN;8680001157662;BİLGE ECZANESİ;CORUM MERKEZ -2;ACİDPASS;Acidpass 10/800/165 mg 12 Çiğneme Tablet;10;1;11;0
07.09.2026;ALLIANCE HEALTHCARE;AH SAMSUN;8680001850013;ALACA ECZANESİ;CORUM GUNEYDOGU ILCELER;ACİDPASS;Acidpass 10/800/165 mg 12 Çiğneme Tablet;20;3;23;0
07.09.2026;ALLIANCE HEALTHCARE;AH SAMSUN;8680001121557;OVALI ECZANESİ;SAMSUN DOGU ILCELER;ACİDPASS;Acidpass 10/800/165 mg 12 Çiğneme Tablet;10;1;11;0
07.09.2026;ALLIANCE HEALTHCARE;AH SAMSUN;8680001658411;SAĞLIK ECZANESİ;SAMSUN DOGU ILCELER;ACİDPASS;Acidpass 10/800/165 mg 12 Çiğneme Tablet;3;0;3;0
07.09.2026;ALLIANCE HEALTHCARE;AH SAMSUN;8680001114184;DEMIR ECZANESI;SINOP MERKEZ;ACİDPASS;Acidpass 10/800/165 mg 12 Çiğneme Tablet;2;0;2;0
08.09.2026;ALLIANCE HEALTHCARE;AH SAMSUN;8680001630004;ŞİFA ECZANESİ;SAMSUN ATAKUM;ACİDPASS;Acidpass 10/800/165 mg 12 Çiğneme Tablet;20;3;23;0
08.09.2026;ALLIANCE HEALTHCARE;AH SAMSUN;8680001788767;ONAR ECZANESI;SAMSUN ATAKUM;ACİDPASS;Acidpass 10/800/165 mg 12 Çiğneme Tablet;2;0;2;0
08.09.2026;ALLIANCE HEALTHCARE;AH SAMSUN;8680001101153;CEDİT ECZANESİ;SAMSUN ILKADIM - 2;ACİDPASS;Acidpass 10/800/165 mg 12 Çiğneme Tablet;10;1;11;0
09.09.2026;ALLIANCE HEALTHCARE;AH SAMSUN;8680001865581;YONCA ECZNESİ;SAMSUN ADALET;ACİDPASS;Acidpass 10/800/165 mg 12 Çiğneme Tablet;10;1;11;0
20.09.2026;ALLIANCE HEALTHCARE;AH SAMSUN;8680001465606;RASATHANE ECZANESİ;SAMSUN HURRIYET+ZAFER;ACİDPASS;Acidpass 10/800/165 mg 12 Çiğneme Tablet;2;0;2;0
21.09.2026;ALLIANCE HEALTHCARE;AH SAMSUN;8680001189762;HEKİMOĞLU ECZANESİ;TOKAT MERKEZ -1;ACİDPASS;Acidpass 10/800/165 mg 12 Çiğneme Tablet;4;0;4;0
21.09.2026;ALLIANCE HEALTHCARE;AH SAMSUN;8680001117499;YENİCE ECZANESİ;SINOP DOGU-BATI ILCELER;ACİDPASS;Acidpass 10/800/165 mg 12 Çiğneme Tablet;10;1;11;0
22.09.2026;ALLIANCE HEALTHCARE;AH SAMSUN;8680001856534;NEFES ECZANESİ;SAMSUN BAHCELIEVLER;ACİDPASS;Acidpass 10/800/165 mg 12 Çiğneme Tablet;1;0;1;0
22.09.2026;ALLIANCE HEALTHCARE;AH SAMSUN;8680001437238;SAĞLIK ECZANESİ;TOKAT ERBAA;ACİDPASS;Acidpass 10/800/165 mg 12 Çiğneme Tablet;3;0;3;0
22.09.2026;ALLIANCE HEALTHCARE;AH SAMSUN;8680001927968;EREN ECZANESİ;TOKAT DOGU ILCELER;ACİDPASS;Acidpass 10/800/165 mg 12 Çiğneme Tablet;1;0;1;0
22.09.2026;ALLIANCE HEALTHCARE;AH SAMSUN;8680001132935;MERKEZ ECZANESI;SAMSUN BAFRA;ACİDPASS;Acidpass 10/800/165 mg 12 Çiğneme Tablet;20;3;23;0
22.09.2026;ALLIANCE HEALTHCARE;AH SAMSUN;8680001715817;YASEMİN ECZANESİ;SINOP MERKEZ;ACİDPASS;Acidpass 10/800/165 mg 12 Çiğneme Tablet;10;1;11;0
23.09.2026;ALLIANCE HEALTHCARE;AH SAMSUN;8680001488667;DİLEK ECZANESİ;TOKAT MERKEZ -1;ACİDPASS;Acidpass 10/800/165 mg 12 Çiğneme Tablet;50;15;65;0
24.09.2026;ALLIANCE HEALTHCARE;AH SAMSUN;8680001123896;AKPINAR ECZANESİ;SAMSUN HAVZA+KAVAK+LADIK;ACİDPASS;Acidpass 10/800/165 mg 12 Çiğneme Tablet;3;0;3;0
24.09.2026;ALLIANCE HEALTHCARE;AH SAMSUN;8680001103645;AMASYA ECZANESİ;SAMSUN ATAKENT+19 MAYIS;ACİDPASS;Acidpass 10/800/165 mg 12 Çiğneme Tablet;3;0;3;0
24.09.2026;ALLIANCE HEALTHCARE;AH SAMSUN;8680001186020;EVREN ECZANESİ;TOKAT MERKEZ -1;ACİDPASS;Acidpass 10/800/165 mg 12 Çiğneme Tablet;3;0;3;0
24.09.2026;ALLIANCE HEALTHCARE;AH SAMSUN;8680001513369;SÜMER ECZANESİ;SAMSUN HAVZA+KAVAK+LADIK;ACİDPASS;Acidpass 10/800/165 mg 12 Çiğneme Tablet;2;0;2;0
24.09.2026;ALLIANCE HEALTHCARE;AH SAMSUN;8680001646210;NİHAL ECZANESİ;SINOP MERKEZ;ACİDPASS;Acidpass 10/800/165 mg 12 Çiğneme Tablet;10;1;11;0
25.09.2026;ALLIANCE HEALTHCARE;AH SAMSUN;8680001461882;NİŞANTAŞI SEMA ECZANESİ;SAMSUN ATAKUM;ACİDPASS;Acidpass 10/800/165 mg 12 Çiğneme Tablet;10;1;11;0
25.09.2026;ALLIANCE HEALTHCARE;AH SAMSUN;8680001605439;ORGANIK ECZANESI;SAMSUN ATAKUM;ACİDPASS;Acidpass 10/800/165 mg 12 Çiğneme Tablet;5;0;5;0
25.09.2026;ALLIANCE HEALTHCARE;AH SAMSUN;8680001468553;KARTAL ECZANESİ;CORUM MERKEZ -3;ACİDPASS;Acidpass 10/800/165 mg 12 Çiğneme Tablet;3;0;3;0
25.09.2026;ALLIANCE HEALTHCARE;AH SAMSUN;8680001127153;SARAY ECZANESİ;SAMSUN TERME;ACİDPASS;Acidpass 10/800/165 mg 12 Çiğneme Tablet;3;0;3;0
26.09.2026;ALLIANCE HEALTHCARE;AH SAMSUN;8680001788767;ONAR ECZANESI;SAMSUN ATAKUM;ACİDPASS;Acidpass 10/800/165 mg 12 Çiğneme Tablet;1;0;1;0
14.09.2026;ALLIANCE HEALTHCARE;AH SAMSUN;8680001443130;ÇAĞLAR ECZANESİ;SINOP DOGU-BATI ILCELER;GRİPORT COLD;Griport Cold 20 Film Kaplı Tablet;-1;0;-1;0
15.09.2026;ALLIANCE HEALTHCARE;AH SAMSUN;8680001340880;ÇAĞLA ECZANESİ;SAMSUN ILKADIM - 2;GRİPORT COLD;Griport Cold 20 Film Kaplı Tablet;1;0;1;0
15.09.2026;ALLIANCE HEALTHCARE;AH SAMSUN;8680001451104;SANDIKÇI ECZANESİ;SAMSUN BAFRA;GRİPORT COLD;Griport Cold 20 Film Kaplı Tablet;7;1;8;0
16.09.2026;ALLIANCE HEALTHCARE;AH SAMSUN;8680001734962;GELİNCİK ECZANESİ;SINOP MERKEZ;GRİPORT COLD;Griport Cold 20 Film Kaplı Tablet;40;20;60;0
17.09.2026;ALLIANCE HEALTHCARE;AH SAMSUN;8680001570300;KAMALI ECZANESİ;SAMSUN ATAKENT+19 MAYIS;GRİPORT COLD;Griport Cold 20 Film Kaplı Tablet;1;0;1;0
18.09.2026;ALLIANCE HEALTHCARE;AH SAMSUN;8680001156436;SEÇİL ECZANESİ;CORUM MERKEZ -3;GRİPORT COLD;Griport Cold 20 Film Kaplı Tablet;70;45;115;0
18.09.2026;ALLIANCE HEALTHCARE;AH SAMSUN;8680001468553;KARTAL ECZANESİ;CORUM MERKEZ -3;GRİPORT COLD;Griport Cold 20 Film Kaplı Tablet;2;0;2;0
19.09.2026;ALLIANCE HEALTHCARE;AH SAMSUN;8680001116584;ATAKUM ARAŞTIRMA ECZANESİ;SAMSUN ATAKUM;GRİPORT COLD;Griport Cold 20 Film Kaplı Tablet;4;0;4;0
22.09.2026;ALLIANCE HEALTHCARE;AH SAMSUN;8680001101542;ASYA ECZANESİ;SAMSUN DOGU ILCELER;GRİPORT COLD;Griport Cold 20 Film Kaplı Tablet;7;1;8;0
23.09.2026;ALLIANCE HEALTHCARE;AH SAMSUN;8680001839889;YENİ KOLBAKIR ECZANESİ;SAMSUN ILKADIM - 2;GRİPORT COLD;Griport Cold 20 Film Kaplı Tablet;2;0;2;0
23.09.2026;ALLIANCE HEALTHCARE;AH SAMSUN;8680001928446;NİHAL ECZANESİ;SAMSUN ATAKUM;GRİPORT COLD;Griport Cold 20 Film Kaplı Tablet;2;0;2;0
23.09.2026;ALLIANCE HEALTHCARE;AH SAMSUN;8680001543823;TEBESSÜM ECZANESİ;SAMSUN TERME;GRİPORT COLD;Griport Cold 20 Film Kaplı Tablet;2;0;2;0
24.09.2026;ALLIANCE HEALTHCARE;AH SAMSUN;8680001625727;AMİSOS ECZANESİ;SAMSUN ILKADIM - 2;GRİPORT COLD;Griport Cold 20 Film Kaplı Tablet;12;3;15;0
24.09.2026;ALLIANCE HEALTHCARE;AH SAMSUN;8680001180172;CİVEK ECZANESİ;AMASYA MERZIFON;GRİPORT COLD;Griport Cold 20 Film Kaplı Tablet;12;3;15;0
25.09.2026;ALLIANCE HEALTHCARE;AH SAMSUN;8680001927760;YENİ ŞİFA ECZANESİ;SAMSUN DOGU ILCELER - 2;GRİPORT COLD;Griport Cold 20 Film Kaplı Tablet;7;1;8;0
01.09.2026;ALLIANCE HEALTHCARE;AH SAMSUN;8680001242917;DUYGU ECZANESİ;TOKAT ERBAA;GRİPORT COLD;Griport Cold 20 Film Kaplı Tablet;12;3;15;0
01.09.2026;ALLIANCE HEALTHCARE;AH SAMSUN;8680001118793;BOLAT ECZANESİ;SAMSUN ATAKENT+19 MAYIS;GRİPORT COLD;Griport Cold 20 Film Kaplı Tablet;40;20;60;0
28.09.2026;ALLIANCE HEALTHCARE;AH SAMSUN;8680001156078;ESRA ECZANESİ;CORUM KARGI+OSMANCIK;GRİPORT COLD;Griport Cold 20 Film Kaplı Tablet;7;1;8;0
28.09.2026;ALLIANCE HEALTHCARE;AH SAMSUN;8680001157662;BİLGE ECZANESİ;CORUM MERKEZ -2;GRİPORT COLD;Griport Cold 20 Film Kaplı Tablet;3;0;3;0
28.09.2026;ALLIANCE HEALTHCARE;AH SAMSUN;8680001642052;ESENTEPE ECZANESİ;SAMSUN VEZIRKOPRU;GRİPORT COLD;Griport Cold 20 Film Kaplı Tablet;1;0;1;0
29.09.2026;ALLIANCE HEALTHCARE;AH SAMSUN;8680001672196;MİLÖNÜ ECZANESİ;CORUM MERKEZ -2;GRİPORT COLD;Griport Cold 20 Film Kaplı Tablet;7;1;8;0
29.09.2026;ALLIANCE HEALTHCARE;AH SAMSUN;8680001211371;YARAMIŞ ECZANESİ;TOKAT DOGU ILCELER;GRİPORT COLD;Griport Cold 20 Film Kaplı Tablet;7;1;8;0
29.09.2026;ALLIANCE HEALTHCARE;AH SAMSUN;8680001180172;CİVEK ECZANESİ;AMASYA MERZIFON;GRİPORT COLD;Griport Cold 20 Film Kaplı Tablet;7;1;8;0
29.09.2026;ALLIANCE HEALTHCARE;AH SAMSUN;8680001375653;BAFRA ECZANESİ;SAMSUN BAFRA;GRİPORT COLD;Griport Cold 20 Film Kaplı Tablet;7;1;8;0
30.09.2026;ALLIANCE HEALTHCARE;AH SAMSUN;8680001114696;YILMAZ ECZANESİ;SAMSUN ALACAM+YAKAKENT;GRİPORT COLD;Griport Cold 20 Film Kaplı Tablet;7;1;8;0
03.09.2026;ALLIANCE HEALTHCARE;AH SAMSUN;8680001127153;SARAY ECZANESİ;SAMSUN TERME;GRİPORT COLD;Griport Cold 20 Film Kaplı Tablet;3;0;3;0
03.09.2026;ALLIANCE HEALTHCARE;AH SAMSUN;8680001124367;ELİF ECZANESİ;SAMSUN BAFRA;GRİPORT COLD;Griport Cold 20 Film Kaplı Tablet;1;0;1;0
04.09.2026;ALLIANCE HEALTHCARE;AH SAMSUN;8680001625727;AMİSOS ECZANESİ;SAMSUN ILKADIM - 2;GRİPORT COLD;Griport Cold 20 Film Kaplı Tablet;1;0;1;0
04.09.2026;ALLIANCE HEALTHCARE;AH SAMSUN;8680001143719;ALBAYRAK ECZANESİ;CORUM MERKEZ -1;GRİPORT COLD;Griport Cold 20 Film Kaplı Tablet;12;3;15;0
07.09.2026;ALLIANCE HEALTHCARE;AH SAMSUN;8680001112982;TARHAN ECZANESİ;SAMSUN HURRIYET+ZAFER;GRİPORT COLD;Griport Cold 20 Film Kaplı Tablet;2;0;2;0
07.09.2026;ALLIANCE HEALTHCARE;AH SAMSUN;8680001444755;DEVA ECZANESİ;SAMSUN VEZIRKOPRU;GRİPORT COLD;Griport Cold 20 Film Kaplı Tablet;7;1;8;0
08.09.2026;ALLIANCE HEALTHCARE;AH SAMSUN;8680001468553;KARTAL ECZANESİ;CORUM MERKEZ -3;GRİPORT COLD;Griport Cold 20 Film Kaplı Tablet;2;0;2;0
08.09.2026;ALLIANCE HEALTHCARE;AH SAMSUN;8680001673605;ASRIN ECZANESİ;TOKAT ERBAA;GRİPORT COLD;Griport Cold 20 Film Kaplı Tablet;2;0;2;0
09.09.2026;ALLIANCE HEALTHCARE;AH SAMSUN;8680001244560;HAKAN ECZANESİ;TOKAT ERBAA;GRİPORT COLD;Griport Cold 20 Film Kaplı Tablet;12;3;15;0
13.09.2026;ALLIANCE HEALTHCARE;AH SAMSUN;8680001713066;ZEYTİNLİK ECZANESİ;SINOP MERKEZ;GRİPORT COLD;Griport Cold 20 Film Kaplı Tablet;24;6;30;0
14.09.2026;ALLIANCE HEALTHCARE;AH SAMSUN;8680001109753;CUMHURİYET ECZANESİ;SAMSUN KALE;GRİPORT COLD;Griport Cold 20 Film Kaplı Tablet;2;0;2;0
14.09.2026;ALLIANCE HEALTHCARE;AH SAMSUN;8680001443130;ÇAĞLAR ECZANESİ;SINOP DOGU-BATI ILCELER;GRİPORT COLD;Griport Cold 20 Film Kaplı Tablet;-1;-1;-2;-1
15.09.2026;ALLIANCE HEALTHCARE;AH SAMSUN;8680001504145;UTKU ECZANESİ;SAMSUN DOGU ILCELER - 2;GRİPORT COLD;Griport Cold 20 Film Kaplı Tablet;2;0;2;0
16.09.2026;ALLIANCE HEALTHCARE;AH SAMSUN;8680001468553;KARTAL ECZANESİ;CORUM MERKEZ -3;GRİPORT COLD;Griport Cold 20 Film Kaplı Tablet;1;0;1;0
16.09.2026;ALLIANCE HEALTHCARE;AH SAMSUN;8680001117079;ÇARŞAMBA ECZANESİ;SAMSUN DOGU ILCELER - 2;GRİPORT COLD;Griport Cold 20 Film Kaplı Tablet;2;0;2;0
16.09.2026;ALLIANCE HEALTHCARE;AH SAMSUN;8680001169740;SAĞLIK ECZANESİ;AMASYA MERZIFON;GRİPORT COLD;Griport Cold 20 Film Kaplı Tablet;12;3;15;0
16.09.2026;ALLIANCE HEALTHCARE;AH SAMSUN;8680001450060;MERKEZ ECZANESI;AMASYA ILCELER;GRİPORT COLD;Griport Cold 20 Film Kaplı Tablet;40;20;60;0
17.09.2026;ALLIANCE HEALTHCARE;AH SAMSUN;8680001143719;ALBAYRAK ECZANESİ;CORUM MERKEZ -1;GRİPORT COLD;Griport Cold 20 Film Kaplı Tablet;12;3;15;0
17.09.2026;ALLIANCE HEALTHCARE;AH SAMSUN;8680001648160;GÜLFER ECZANESİ;AMASYA MERZIFON;GRİPORT COLD;Griport Cold 20 Film Kaplı Tablet;12;3;15;0
18.09.2026;ALLIANCE HEALTHCARE;AH SAMSUN;8680001197767;BULUT ECZANESİ;CORUM MERKEZ -2;GRİPORT COLD;Griport Cold 20 Film Kaplı Tablet;7;1;8;0
20.09.2026;ALLIANCE HEALTHCARE;AH SAMSUN;8680001437238;SAĞLIK ECZANESİ;TOKAT ERBAA;GRİPORT COLD;Griport Cold 20 Film Kaplı Tablet;12;3;15;0
21.09.2026;ALLIANCE HEALTHCARE;AH SAMSUN;8680001625727;AMİSOS ECZANESİ;SAMSUN ILKADIM - 2;GRİPORT COLD;Griport Cold 20 Film Kaplı Tablet;7;1;8;0
21.09.2026;ALLIANCE HEALTHCARE;AH SAMSUN;8680001513369;SÜMER ECZANESİ;SAMSUN HAVZA+KAVAK+LADIK;GRİPORT COLD;Griport Cold 20 Film Kaplı Tablet;1;0;1;0
21.09.2026;ALLIANCE HEALTHCARE;AH SAMSUN;8680001458790;BARAN ECZANESİ;SAMSUN VEZIRKOPRU;GRİPORT COLD;Griport Cold 20 Film Kaplı Tablet;2;0;2;0
22.09.2026;ALLIANCE HEALTHCARE;AH SAMSUN;8680001115235;AKBULUT ECZANESİ;SAMSUN DOGU ILCELER - 2;GRİPORT COLD;Griport Cold 20 Film Kaplı Tablet;1;0;1;0
22.09.2026;ALLIANCE HEALTHCARE;AH SAMSUN;8680001543823;TEBESSÜM ECZANESİ;SAMSUN TERME;GRİPORT COLD;Griport Cold 20 Film Kaplı Tablet;1;0;1;0
24.09.2026;ALLIANCE HEALTHCARE;AH SAMSUN;8680001725618;YEŞİL ECZANESİ;SAMSUN ATAKENT+19 MAYIS;GRİPORT COLD;Griport Cold 20 Film Kaplı Tablet;3;0;3;0
24.09.2026;ALLIANCE HEALTHCARE;AH SAMSUN;8680001127184;ALBAYRAK ECZANESİ;AMASYA MERKEZ -1;GRİPORT COLD;Griport Cold 20 Film Kaplı Tablet;12;3;15;0
24.09.2026;ALLIANCE HEALTHCARE;AH SAMSUN;8680001120758;SIHHAT ECZANESİ;SINOP DOGU-BATI ILCELER;GRİPORT COLD;Griport Cold 20 Film Kaplı Tablet;5;0;5;0
25.09.2026;ALLIANCE HEALTHCARE;AH SAMSUN;8680001767038;ÇÖLGEÇEN ECZANESİ;SAMSUN ATAKUM;GRİPORT COLD;Griport Cold 20 Film Kaplı Tablet;7;1;8;0
28.09.2026;ALLIANCE HEALTHCARE;AH SAMSUN;8680001827671;SANAT ECZANESİ;SAMSUN ATAKENT+19 MAYIS;ACİDPASS;Acidpass 10/800/165 mg 12 Çiğneme Tablet;1;0;1;0
28.09.2026;ALLIANCE HEALTHCARE;AH SAMSUN;8680001101085;YENİ AYVACIK ECZANESİ;SAMSUN DOGU ILCELER;ACİDPASS;Acidpass 10/800/165 mg 12 Çiğneme Tablet;2;0;2;0
28.09.2026;ALLIANCE HEALTHCARE;AH SAMSUN;8680001181001;DENİZ ECZANESİ;TOKAT TURHAL;ACİDPASS;Acidpass 10/800/165 mg 12 Çiğneme Tablet;2;0;2;0
28.09.2026;ALLIANCE HEALTHCARE;AH SAMSUN;8680001174218;SÖNMEZ ECZANESİ;TOKAT MERKEZ -1;ACİDPASS;Acidpass 10/800/165 mg 12 Çiğneme Tablet;5;0;5;0
28.09.2026;ALLIANCE HEALTHCARE;AH SAMSUN;8680001128532;GONCA ECZANESİ;AMASYA MERKEZ -1;ACİDPASS;Acidpass 10/800/165 mg 12 Çiğneme Tablet;20;3;23;0
28.09.2026;ALLIANCE HEALTHCARE;AH SAMSUN;8680001117499;YENİCE ECZANESİ;SINOP DOGU-BATI ILCELER;ACİDPASS;Acidpass 10/800/165 mg 12 Çiğneme Tablet;10;1;11;0
28.09.2026;ALLIANCE HEALTHCARE;AH SAMSUN;8680001716289;YAŞAM ECZANESİ;SAMSUN BAFRA;ACİDPASS;Acidpass 10/800/165 mg 12 Çiğneme Tablet;10;1;11;0
29.09.2026;ALLIANCE HEALTHCARE;AH SAMSUN;8680001518005;YUNUS EMRE ECZANESİ;TOKAT ERBAA;ACİDPASS;Acidpass 10/800/165 mg 12 Çiğneme Tablet;10;1;11;0
29.09.2026;ALLIANCE HEALTHCARE;AH SAMSUN;8680001115501;YILMAZ ECZANESİ;SAMSUN HAVZA+KAVAK+LADIK;ACİDPASS;Acidpass 10/800/165 mg 12 Çiğneme Tablet;20;3;23;0
29.09.2026;ALLIANCE HEALTHCARE;AH SAMSUN;8680001109371;KİRAZLIK ECZANESİ;SAMSUN DOGU ILCELER;ACİDPASS;Acidpass 10/800/165 mg 12 Çiğneme Tablet;5;0;5;0
30.09.2026;ALLIANCE HEALTHCARE;AH SAMSUN;8680001469994;AYNUR ECZANESİ;SAMSUN CANIK;ACİDPASS;Acidpass 10/800/165 mg 12 Çiğneme Tablet;5;0;5;0
30.09.2026;ALLIANCE HEALTHCARE;AH SAMSUN;8680001725618;YEŞİL ECZANESİ;SAMSUN ATAKENT+19 MAYIS;ACİDPASS;Acidpass 10/800/165 mg 12 Çiğneme Tablet;2;0;2;0
30.09.2026;ALLIANCE HEALTHCARE;AH SAMSUN;8680001722259;YAMAN ECZANESİ;SAMSUN DOGU ILCELER;ACİDPASS;Acidpass 10/800/165 mg 12 Çiğneme Tablet;2;0;2;0
02.09.2026;ALLIANCE HEALTHCARE;AH SAMSUN;8680001540983;ŞEHİR ECZANESİ;SAMSUN ATAKUM;ACİDPASS;Acidpass 10/800/165 mg 12 Çiğneme Tablet;10;1;11;0
02.09.2026;ALLIANCE HEALTHCARE;AH SAMSUN;8680001695942;DERYA ECZANESİ;SAMSUN ATAKENT+19 MAYIS;ACİDPASS;Acidpass 10/800/165 mg 12 Çiğneme Tablet;4;0;4;0
02.09.2026;ALLIANCE HEALTHCARE;AH SAMSUN;8680001144044;BOZDOĞAN ECZANESİ;CORUM MERKEZ -3;ACİDPASS;Acidpass 10/800/165 mg 12 Çiğneme Tablet;10;1;11;0
02.09.2026;ALLIANCE HEALTHCARE;AH SAMSUN;8680001125005;SALIPAZARI ECZANESİ;SAMSUN DOGU ILCELER;ACİDPASS;Acidpass 10/800/165 mg 12 Çiğneme Tablet;10;1;11;0
02.09.2026;ALLIANCE HEALTHCARE;AH SAMSUN;8680001155842;ESRA ECZANESİ;SAMSUN ATAKENT+19 MAYIS;ACİDPASS;Acidpass 10/800/165 mg 12 Çiğneme Tablet;20;3;23;0
02.09.2026;ALLIANCE HEALTHCARE;AH SAMSUN;8680001458790;BARAN ECZANESİ;SAMSUN VEZIRKOPRU;ACİDPASS;Acidpass 10/800/165 mg 12 Çiğneme Tablet;20;3;23;0
02.09.2026;ALLIANCE HEALTHCARE;AH SAMSUN;8680001160532;SAĞLIK ECZANESİ;SAMSUN BAFRA;ACİDPASS;Acidpass 10/800/165 mg 12 Çiğneme Tablet;20;3;23;0
02.09.2026;ALLIANCE HEALTHCARE;AH SAMSUN;8680001128716;SOSYAL MESKENLER ECZANESİ;SAMSUN ADALET;ACİDPASS;Acidpass 10/800/165 mg 12 Çiğneme Tablet;3;0;3;0
03.09.2026;ALLIANCE HEALTHCARE;AH SAMSUN;8680001114474;GÖKDELEN KULE ECZANESİ;SAMSUN ATAKENT+19 MAYIS;ACİDPASS;Acidpass 10/800/165 mg 12 Çiğneme Tablet;2;0;2;0
03.09.2026;ALLIANCE HEALTHCARE;AH SAMSUN;8680001519996;LİMON ECZANESİ;SAMSUN ATAKENT+19 MAYIS;ACİDPASS;Acidpass 10/800/165 mg 12 Çiğneme Tablet;2;0;2;0
03.09.2026;ALLIANCE HEALTHCARE;AH SAMSUN;8680001856534;NEFES ECZANESİ;SAMSUN BAHCELIEVLER;ACİDPASS;Acidpass 10/800/165 mg 12 Çiğneme Tablet;3;0;3;0
03.09.2026;ALLIANCE HEALTHCARE;AH SAMSUN;8680001178230;KOÇAK ECZANESİ;AMASYA MERZIFON;ACİDPASS;Acidpass 10/800/165 mg 12 Çiğneme Tablet;10;1;11;0
03.09.2026;ALLIANCE HEALTHCARE;AH SAMSUN;8680001505517;YAŞARDOĞU ECZANESİ;SAMSUN HAVZA+KAVAK+LADIK;ACİDPASS;Acidpass 10/800/165 mg 12 Çiğneme Tablet;5;0;5;0
03.09.2026;ALLIANCE HEALTHCARE;AH SAMSUN;8680001109371;KİRAZLIK ECZANESİ;SAMSUN DOGU ILCELER;ACİDPASS;Acidpass 10/800/165 mg 12 Çiğneme Tablet;5;0;5;0
03.09.2026;ALLIANCE HEALTHCARE;AH SAMSUN;8680001635559;DENİZ ECZANESİ;SAMSUN ALACAM+YAKAKENT;ACİDPASS;Acidpass 10/800/165 mg 12 Çiğneme Tablet;10;1;11;0
18.09.2026;ALLIANCE HEALTHCARE;AH SAMSUN;8680001454945;KÜBRA ECZANESİ;AMASYA MERKEZ -1;ACİDPASS;Acidpass 10/800/165 mg 12 Çiğneme Tablet;10;1;11;0
19.09.2026;ALLIANCE HEALTHCARE;AH SAMSUN;8680001157235;ÖZNUR ECZANESİ;AMASYA ILCELER;ACİDPASS;Acidpass 10/800/165 mg 12 Çiğneme Tablet;10;1;11;0
21.09.2026;ALLIANCE HEALTHCARE;AH SAMSUN;8680001117017;UZUN ECZANESİ;SAMSUN ILKADIM - 2;ACİDPASS;Acidpass 10/800/165 mg 12 Çiğneme Tablet;1;0;1;0
21.09.2026;ALLIANCE HEALTHCARE;AH SAMSUN;8680001144976;ÖNDER ECZANESİ;CORUM GUNEYBATI ILCELER;ACİDPASS;Acidpass 10/800/165 mg 12 Çiğneme Tablet;20;3;23;0
21.09.2026;ALLIANCE HEALTHCARE;AH SAMSUN;8680001170777;SARIER ECZANESİ;TOKAT MERKEZ -2;ACİDPASS;Acidpass 10/800/165 mg 12 Çiğneme Tablet;2;0;2;0
21.09.2026;ALLIANCE HEALTHCARE;AH SAMSUN;8680001467563;ÇİÇEK ECZANESİ;TOKAT ERBAA;ACİDPASS;Acidpass 10/800/165 mg 12 Çiğneme Tablet;20;3;23;0
22.09.2026;ALLIANCE HEALTHCARE;AH SAMSUN;8680001598922;SEDA ECZANESİ;SAMSUN DOGU ILCELER;ACİDPASS;Acidpass 10/800/165 mg 12 Çiğneme Tablet;10;1;11;0
22.09.2026;ALLIANCE HEALTHCARE;AH SAMSUN;8680001109371;KİRAZLIK ECZANESİ;SAMSUN DOGU ILCELER;ACİDPASS;Acidpass 10/800/165 mg 12 Çiğneme Tablet;5;0;5;0
23.09.2026;ALLIANCE HEALTHCARE;AH SAMSUN;8680001147465;DAMLA GÜMÜŞAĞA ECZANESİ;CORUM MERKEZ -3;ACİDPASS;Acidpass 10/800/165 mg 12 Çiğneme Tablet;50;15;65;0
23.09.2026;ALLIANCE HEALTHCARE;AH SAMSUN;8680001144839;EĞİTİM ECZANESİ;CORUM MERKEZ -1;ACİDPASS;Acidpass 10/800/165 mg 12 Çiğneme Tablet;50;15;65;0
23.09.2026;ALLIANCE HEALTHCARE;AH SAMSUN;8680001410286;CEYHUN ECZANESİ;CORUM MERKEZ -2;ACİDPASS;Acidpass 10/800/165 mg 12 Çiğneme Tablet;10;1;11;0
24.09.2026;ALLIANCE HEALTHCARE;AH SAMSUN;8680001170043;ERGİN ECZANESİ;TOKAT MERKEZ -1;ACİDPASS;Acidpass 10/800/165 mg 12 Çiğneme Tablet;5;0;5;0
24.09.2026;ALLIANCE HEALTHCARE;AH SAMSUN;8680001114184;DEMIR ECZANESI;SINOP MERKEZ;ACİDPASS;Acidpass 10/800/165 mg 12 Çiğneme Tablet;10;1;11;0
25.09.2026;ALLIANCE HEALTHCARE;AH SAMSUN;8680001839889;YENİ KOLBAKIR ECZANESİ;SAMSUN ILKADIM - 2;ACİDPASS;Acidpass 10/800/165 mg 12 Çiğneme Tablet;2;0;2;0
25.09.2026;ALLIANCE HEALTHCARE;AH SAMSUN;8680001115983;NİLÜFER ECZANESİ;SAMSUN DOGU ILCELER - 2;ACİDPASS;Acidpass 10/800/165 mg 12 Çiğneme Tablet;10;1;11;0
25.09.2026;ALLIANCE HEALTHCARE;AH SAMSUN;8680001933426;CANSUYU ECZANESİ;TOKAT DOGU ILCELER;ACİDPASS;Acidpass 10/800/165 mg 12 Çiğneme Tablet;10;1;11;0
25.09.2026;ALLIANCE HEALTHCARE;AH SAMSUN;8680001126996;ÖZDEMİR ECZANESİ;SAMSUN TERME;ACİDPASS;Acidpass 10/800/165 mg 12 Çiğneme Tablet;10;1;11;0
26.09.2026;ALLIANCE HEALTHCARE;AH SAMSUN;8680001759811;NEFES ECZANESİ;CORUM MERKEZ -2;ACİDPASS;Acidpass 10/800/165 mg 12 Çiğneme Tablet;10;1;11;0
26.09.2026;ALLIANCE HEALTHCARE;AH SAMSUN;8680001118526;EMİR EFENDİ ECZANESİ;SAMSUN ATAKUM;ACİDPASS;Acidpass 10/800/165 mg 12 Çiğneme Tablet;10;1;11;0
27.09.2026;ALLIANCE HEALTHCARE;AH SAMSUN;8680001115303;HAYAT ECZANESİ;SAMSUN BAFRA;ACİDPASS;Acidpass 10/800/165 mg 12 Çiğneme Tablet;10;1;11;0
28.09.2026;ALLIANCE HEALTHCARE;AH SAMSUN;8680001153343;DERMAN ECZANESİ;CORUM KUZEY ILCELER;ACİDPASS;Acidpass 10/800/165 mg 12 Çiğneme Tablet;3;0;3;0
28.09.2026;ALLIANCE HEALTHCARE;AH SAMSUN;8680001417087;FİKRİ KARTAL ECZANESİ;CORUM KUZEY ILCELER;ACİDPASS;Acidpass 10/800/165 mg 12 Çiğneme Tablet;2;0;2;0
28.09.2026;ALLIANCE HEALTHCARE;AH SAMSUN;8680001186853;YENİ PAZAR ECZANESİ;TOKAT BATI ILCELER;ACİDPASS;Acidpass 10/800/165 mg 12 Çiğneme Tablet;3;0;3;0
28.09.2026;ALLIANCE HEALTHCARE;AH SAMSUN;8680001102952;MESKENLER ECZANESİ;SAMSUN DOGU ILCELER;ACİDPASS;Acidpass 10/800/165 mg 12 Çiğneme Tablet;10;1;11;0
29.09.2026;ALLIANCE HEALTHCARE;AH SAMSUN;8680001725618;YEŞİL ECZANESİ;SAMSUN ATAKENT+19 MAYIS;ACİDPASS;Acidpass 10/800/165 mg 12 Çiğneme Tablet;1;0;1;0
29.09.2026;ALLIANCE HEALTHCARE;AH SAMSUN;8680001796397;İREM ECZANESİ;SAMSUN DOGU ILCELER - 2;ACİDPASS;Acidpass 10/800/165 mg 12 Çiğneme Tablet;2;0;2;0
29.09.2026;ALLIANCE HEALTHCARE;AH SAMSUN;8680001116751;BAHÇELİEVLER ECZANESİ;SAMSUN BAHCELIEVLER;ACİDPASS;Acidpass 10/800/165 mg 12 Çiğneme Tablet;1;0;1;0
30.09.2026;ALLIANCE HEALTHCARE;AH SAMSUN;8680001132669;KARDELEN ECZANESİ;SAMSUN DOGU ILCELER - 2;ACİDPASS;Acidpass 10/800/165 mg 12 Çiğneme Tablet;2;0;2;0
30.09.2026;ALLIANCE HEALTHCARE;AH SAMSUN;8680001927760;YENİ ŞİFA ECZANESİ;SAMSUN DOGU ILCELER - 2;ACİDPASS;Acidpass 10/800/165 mg 12 Çiğneme Tablet;1;0;1;0
04.09.2026;ALLIANCE HEALTHCARE;AH SAMSUN;8680001124381;ÖNCEL ECZANESİ;SINOP DOGU-BATI ILCELER;ACİDPASS;Acidpass 10/800/165 mg 6 Çiğneme Tablet;3;0;3;0
15.09.2026;ALLIANCE HEALTHCARE;AH SAMSUN;8680001127184;ALBAYRAK ECZANESİ;AMASYA MERKEZ -1;ACİDPASS;Acidpass 10/800/165 mg 6 Çiğneme Tablet;5;0;5;0
16.09.2026;ALLIANCE HEALTHCARE;AH SAMSUN;8680001642052;ESENTEPE ECZANESİ;SAMSUN VEZIRKOPRU;ACİDPASS;Acidpass 10/800/165 mg 6 Çiğneme Tablet;2;0;2;0
18.09.2026;ALLIANCE HEALTHCARE;AH SAMSUN;8680001123896;AKPINAR ECZANESİ;SAMSUN HAVZA+KAVAK+LADIK;ACİDPASS;Acidpass 10/800/165 mg 6 Çiğneme Tablet;2;0;2;0
14.09.2026;ALLIANCE HEALTHCARE;AH SAMSUN;8680001215690;LOKMAN ECZANESİ;TOKAT DOGU ILCELER;GRİPORT COLD;Griport Cold 20 Film Kaplı Tablet;12;3;15;0
14.09.2026;ALLIANCE HEALTHCARE;AH SAMSUN;8680001242764;FATİH ECZANESİ;TOKAT ERBAA;GRİPORT COLD;Griport Cold 20 Film Kaplı Tablet;40;20;60;0
14.09.2026;ALLIANCE HEALTHCARE;AH SAMSUN;8680001242764;FATİH ECZANESİ;TOKAT ERBAA;GRİPORT COLD;Griport Cold 20 Film Kaplı Tablet;12;3;15;0
15.09.2026;ALLIANCE HEALTHCARE;AH SAMSUN;8680001461363;YAMAN ECZANESİ;TOKAT ERBAA;GRİPORT COLD;Griport Cold 20 Film Kaplı Tablet;-12;-3;-15;-3
15.09.2026;ALLIANCE HEALTHCARE;AH SAMSUN;8680001734962;GELİNCİK ECZANESİ;SINOP MERKEZ;GRİPORT COLD;Griport Cold 20 Film Kaplı Tablet;2;0;2;0
15.09.2026;ALLIANCE HEALTHCARE;AH SAMSUN;8680001750054;YAVUZ ECZANESİ;SAMSUN ALACAM+YAKAKENT;GRİPORT COLD;Griport Cold 20 Film Kaplı Tablet;40;20;60;0
16.09.2026;ALLIANCE HEALTHCARE;AH SAMSUN;8680001340880;ÇAĞLA ECZANESİ;SAMSUN ILKADIM - 2;GRİPORT COLD;Griport Cold 20 Film Kaplı Tablet;7;1;8;0
16.09.2026;ALLIANCE HEALTHCARE;AH SAMSUN;8680001550487;ÇELİKER ECZANESİ;CORUM MERKEZ -3;GRİPORT COLD;Griport Cold 20 Film Kaplı Tablet;7;1;8;0
17.09.2026;ALLIANCE HEALTHCARE;AH SAMSUN;8680001461073;KEMER ECZANESİ;CORUM KARGI+OSMANCIK;GRİPORT COLD;Griport Cold 20 Film Kaplı Tablet;1;0;1;0
17.09.2026;ALLIANCE HEALTHCARE;AH SAMSUN;8680001101177;HALE ECZANESİ;SAMSUN HURRIYET+ZAFER;GRİPORT COLD;Griport Cold 20 Film Kaplı Tablet;3;0;3;0
18.09.2026;ALLIANCE HEALTHCARE;AH SAMSUN;8680001695942;DERYA ECZANESİ;SAMSUN ATAKENT+19 MAYIS;GRİPORT COLD;Griport Cold 20 Film Kaplı Tablet;2;0;2;0
20.09.2026;ALLIANCE HEALTHCARE;AH SAMSUN;8680001114610;DENİZ ECZANESİ;SINOP MERKEZ;GRİPORT COLD;Griport Cold 20 Film Kaplı Tablet;3;0;3;0
20.09.2026;ALLIANCE HEALTHCARE;AH SAMSUN;8680001141678;GÜLŞAH ECZANESİ;SAMSUN ALACAM+YAKAKENT;GRİPORT COLD;Griport Cold 20 Film Kaplı Tablet;12;3;15;0
21.09.2026;ALLIANCE HEALTHCARE;AH SAMSUN;8680001113583;ECEM ECZANESİ;SAMSUN ATAKUM;GRİPORT COLD;Griport Cold 20 Film Kaplı Tablet;1;0;1;0
23.09.2026;ALLIANCE HEALTHCARE;AH SAMSUN;8680001144495;ÖZTÜRK ECZANESİ;CORUM MERKEZ -1;GRİPORT COLD;Griport Cold 20 Film Kaplı Tablet;-2;-1;-3;-1
23.09.2026;ALLIANCE HEALTHCARE;AH SAMSUN;8680001129515;KIZILAY ECZANESİ;SAMSUN DOGU ILCELER - 2;GRİPORT COLD;Griport Cold 20 Film Kaplı Tablet;12;3;15;0
02.09.2026;ALLIANCE HEALTHCARE;AH SAMSUN;8680001113118;KOLAY ECZANESİ;SAMSUN BAFRA;FAMTREC;Famtrec 800/26,6mg 14 Film Kaplı Tablet;2;0;2;0
08.09.2026;ALLIANCE HEALTHCARE;AH SAMSUN;8680001561193;BAHARDALİ ECZANESİ;TOKAT DOGU ILCELER;FAMTREC;Famtrec 800/26,6mg 14 Film Kaplı Tablet;7;1;8;0
08.09.2026;ALLIANCE HEALTHCARE;AH SAMSUN;8680001129690;ÖZLEM ECZANESİ;AMASYA MERKEZ -1;FAMTREC;Famtrec 800/26,6mg 14 Film Kaplı Tablet;7;1;8;0
10.09.2026;ALLIANCE HEALTHCARE;AH SAMSUN;8680001137527;YENİ HASTANE ECZANESI;SAMSUN DOGU ILCELER - 2;FAMTREC;Famtrec 800/26,6mg 14 Film Kaplı Tablet;7;1;8;0
14.09.2026;ALLIANCE HEALTHCARE;AH SAMSUN;8680001476176;ÇAKIR ECZANESİ;SAMSUN ATAKUM;FAMTREC;Famtrec 800/26,6mg 14 Film Kaplı Tablet;2;0;2;0
14.09.2026;ALLIANCE HEALTHCARE;AH SAMSUN;8680001337644;BOĞAZKALE ECZANESİ;CORUM GUNEYBATI ILCELER;FAMTREC;Famtrec 800/26,6mg 14 Film Kaplı Tablet;14;2;16;0
15.09.2026;ALLIANCE HEALTHCARE;AH SAMSUN;8680001186020;EVREN ECZANESİ;TOKAT MERKEZ -1;FAMTREC;Famtrec 800/26,6mg 14 Film Kaplı Tablet;1;0;1;0
16.09.2026;ALLIANCE HEALTHCARE;AH SAMSUN;8680001625727;AMİSOS ECZANESİ;SAMSUN ILKADIM - 2;FAMTREC;Famtrec 800/26,6mg 14 Film Kaplı Tablet;1;0;1;0
17.09.2026;ALLIANCE HEALTHCARE;AH SAMSUN;8680001158898;ÖMÜR ECZANESİ;AMASYA ILCELER;FAMTREC;Famtrec 800/26,6mg 14 Film Kaplı Tablet;2;0;2;0
18.09.2026;ALLIANCE HEALTHCARE;AH SAMSUN;8680001491445;KANDAZ ECZANESİ;SAMSUN TERME;FAMTREC;Famtrec 800/26,6mg 14 Film Kaplı Tablet;7;1;8;0
21.09.2026;ALLIANCE HEALTHCARE;AH SAMSUN;8680001796397;İREM ECZANESİ;SAMSUN DOGU ILCELER - 2;FAMTREC;Famtrec 800/26,6mg 14 Film Kaplı Tablet;2;0;2;0
21.09.2026;ALLIANCE HEALTHCARE;AH SAMSUN;8680001170678;GÖKHAN ECZANESİ;TOKAT DOGU ILCELER;FAMTREC;Famtrec 800/26,6mg 14 Film Kaplı Tablet;7;1;8;0
24.09.2026;ALLIANCE HEALTHCARE;AH SAMSUN;8680001186020;EVREN ECZANESİ;TOKAT MERKEZ -1;FAMTREC;Famtrec 800/26,6mg 14 Film Kaplı Tablet;2;0;2;0
28.09.2026;ALLIANCE HEALTHCARE;AH SAMSUN;8680001457762;GÖKBEN ECZANESİ;SAMSUN DOGU ILCELER - 2;FAMTREC;Famtrec 800/26,6mg 14 Film Kaplı Tablet;7;1;8;0
29.09.2026;ALLIANCE HEALTHCARE;AH SAMSUN;8680001337644;BOĞAZKALE ECZANESİ;CORUM GUNEYBATI ILCELER;FAMTREC;Famtrec 800/26,6mg 14 Film Kaplı Tablet;14;2;16;0
29.09.2026;ALLIANCE HEALTHCARE;AH SAMSUN;8680001561193;BAHARDALİ ECZANESİ;TOKAT DOGU ILCELER;FAMTREC;Famtrec 800/26,6mg 14 Film Kaplı Tablet;7;1;8;0
01.09.2026;ALLIANCE HEALTHCARE;AH SAMSUN;8680001142606;DAMLA ECZANESİ;CORUM MERKEZ -3;MOKSEFEN;Moksefen 400 mg 7 Film Tablet;50;35;85;0
08.09.2026;ALLIANCE HEALTHCARE;AH SAMSUN;8680001112258;EDA ECZANESİ;SAMSUN ILKADIM - 2;MOKSEFEN;Moksefen 400 mg 7 Film Tablet;20;10;30;0
08.09.2026;ALLIANCE HEALTHCARE;AH SAMSUN;8680001174218;SÖNMEZ ECZANESİ;TOKAT MERKEZ -1;MOKSEFEN;Moksefen 400 mg 7 Film Tablet;5;1;6;0
10.09.2026;ALLIANCE HEALTHCARE;AH SAMSUN;8680001127153;SARAY ECZANESİ;SAMSUN TERME;MOKSEFEN;Moksefen 400 mg 7 Film Tablet;5;1;6;0
14.09.2026;ALLIANCE HEALTHCARE;AH SAMSUN;8680001117079;ÇARŞAMBA ECZANESİ;SAMSUN DOGU ILCELER - 2;MOKSEFEN;Moksefen 400 mg 7 Film Tablet;5;1;6;0
17.09.2026;ALLIANCE HEALTHCARE;AH SAMSUN;8680001125005;SALIPAZARI ECZANESİ;SAMSUN DOGU ILCELER;MOKSEFEN;Moksefen 400 mg 7 Film Tablet;50;35;85;0
17.09.2026;ALLIANCE HEALTHCARE;AH SAMSUN;8680001145331;ÖZYÜREK ECZANESİ;SAMSUN DOGU ILCELER;MOKSEFEN;Moksefen 400 mg 7 Film Tablet;10;3;13;0
18.09.2026;ALLIANCE HEALTHCARE;AH SAMSUN;8680001796397;İREM ECZANESİ;SAMSUN DOGU ILCELER - 2;MOKSEFEN;Moksefen 400 mg 7 Film Tablet;10;3;13;0
01.09.2026;ALLIANCE HEALTHCARE;AH SAMSUN;8680001465163;GÜNDAY ECZANESİ;SAMSUN BAFRA;MOKSEFEN;Moksefen 400 mg 7 Film Tablet;1;0;1;0
04.09.2026;ALLIANCE HEALTHCARE;AH SAMSUN;8680001243006;DİLMAÇ ECZANESİ;SAMSUN ILKADIM - 2;MOKSEFEN;Moksefen 400 mg 7 Film Tablet;5;1;6;0
05.09.2026;ALLIANCE HEALTHCARE;AH SAMSUN;8680001928446;NİHAL ECZANESİ;SAMSUN ATAKUM;MOKSEFEN;Moksefen 400 mg 7 Film Tablet;1;0;1;0
05.09.2026;ALLIANCE HEALTHCARE;AH SAMSUN;8680001547975;YENİ TEKELİ ECZANESİ;TOKAT TURHAL;MOKSEFEN;Moksefen 400 mg 7 Film Tablet;5;1;6;0
10.09.2026;ALLIANCE HEALTHCARE;AH SAMSUN;8680001561193;BAHARDALİ ECZANESİ;TOKAT DOGU ILCELER;MOKSEFEN;Moksefen 400 mg 7 Film Tablet;50;35;85;0
15.09.2026;ALLIANCE HEALTHCARE;AH SAMSUN;8680001605439;ORGANIK ECZANESI;SAMSUN ATAKUM;MOKSEFEN;Moksefen 400 mg 7 Film Tablet;1;0;1;0
18.09.2026;ALLIANCE HEALTHCARE;AH SAMSUN;8680001260584;ZEYTİNLİK ECZANESİ;SAMSUN ILKADIM - 2;MOKSEFEN;Moksefen 400 mg 7 Film Tablet;50;35;85;0
21.09.2026;ALLIANCE HEALTHCARE;AH SAMSUN;8680001109371;KİRAZLIK ECZANESİ;SAMSUN DOGU ILCELER;MOKSEFEN;Moksefen 400 mg 7 Film Tablet;10;3;13;0
23.09.2026;ALLIANCE HEALTHCARE;AH SAMSUN;8680001500697;YAREN ECZANESİ;CORUM MERKEZ -2;MOKSEFEN;Moksefen 400 mg 7 Film Tablet;5;1;6;0
24.09.2026;ALLIANCE HEALTHCARE;AH SAMSUN;8680001697663;İSTİKAMET EYLÜL ECZANESİ;SAMSUN HURRIYET+ZAFER;MOKSEFEN;Moksefen 400 mg 7 Film Tablet;5;1;6;0
24.09.2026;ALLIANCE HEALTHCARE;AH SAMSUN;8680001181261;ÖZTÜRK ECZANESİ;TOKAT TURHAL;MOKSEFEN;Moksefen 400 mg 7 Film Tablet;10;3;13;0
26.09.2026;ALLIANCE HEALTHCARE;AH SAMSUN;8680001571567;AYBİKE ECZANESİ;TOKAT TURHAL;MOKSEFEN;Moksefen 400 mg 7 Film Tablet;20;10;30;0
28.09.2026;ALLIANCE HEALTHCARE;AH SAMSUN;8680001127153;SARAY ECZANESİ;SAMSUN TERME;MOKSEFEN;Moksefen 400 mg 7 Film Tablet;5;1;6;0
28.09.2026;ALLIANCE HEALTHCARE;AH SAMSUN;8680001451104;SANDIKÇI ECZANESİ;SAMSUN BAFRA;MOKSEFEN;Moksefen 400 mg 7 Film Tablet;20;10;30;0
29.09.2026;ALLIANCE HEALTHCARE;AH SAMSUN;8680001442959;YASEMİN ECZANESİ;SAMSUN BAFRA;MOKSEFEN;Moksefen 400 mg 7 Film Tablet;5;1;6;0
30.09.2026;ALLIANCE HEALTHCARE;AH SAMSUN;8680001105427;BURCU ECZANESİ;SAMSUN TERME;MOKSEFEN;Moksefen 400 mg 7 Film Tablet;5;1;6;0
18.09.2026;ALLIANCE HEALTHCARE;AH SAMSUN;8680001518005;YUNUS EMRE ECZANESİ;TOKAT ERBAA;MOKSEFEN;Moksefen 400 mg 7 Film Tablet;50;35;85;0
21.09.2026;ALLIANCE HEALTHCARE;AH SAMSUN;8680001928446;NİHAL ECZANESİ;SAMSUN ATAKUM;MOKSEFEN;Moksefen 400 mg 7 Film Tablet;2;0;2;0
21.09.2026;ALLIANCE HEALTHCARE;AH SAMSUN;8680001437238;SAĞLIK ECZANESİ;TOKAT ERBAA;MOKSEFEN;Moksefen 400 mg 7 Film Tablet;5;1;6;0
21.09.2026;ALLIANCE HEALTHCARE;AH SAMSUN;8680001635559;DENİZ ECZANESİ;SAMSUN ALACAM+YAKAKENT;MOKSEFEN;Moksefen 400 mg 7 Film Tablet;10;3;13;0
23.09.2026;ALLIANCE HEALTHCARE;AH SAMSUN;8680001655007;YENİ LİSE ECZANESİ;SAMSUN HURRIYET+ZAFER;MOKSEFEN;Moksefen 400 mg 7 Film Tablet;1;0;1;0
24.09.2026;ALLIANCE HEALTHCARE;AH SAMSUN;8680001144976;ÖNDER ECZANESİ;CORUM GUNEYBATI ILCELER;MOKSEFEN;Moksefen 400 mg 7 Film Tablet;20;10;30;0
29.09.2026;ALLIANCE HEALTHCARE;AH SAMSUN;8680001128440;SAYAR ECZANESİ;SAMSUN HURRIYET+ZAFER;MOKSEFEN;Moksefen 400 mg 7 Film Tablet;5;1;6;0
29.09.2026;ALLIANCE HEALTHCARE;AH SAMSUN;8680001658411;SAĞLIK ECZANESİ;SAMSUN DOGU ILCELER;MOKSEFEN;Moksefen 400 mg 7 Film Tablet;2;0;2;0
29.09.2026;ALLIANCE HEALTHCARE;AH SAMSUN;8680001715817;YASEMİN ECZANESİ;SINOP MERKEZ;MOKSEFEN;Moksefen 400 mg 7 Film Tablet;5;1;6;0
15.09.2026;ALLIANCE HEALTHCARE;AH SAMSUN;8680001118793;BOLAT ECZANESİ;SAMSUN ATAKENT+19 MAYIS;ACİDPASS;Acidpass 10/800/165 mg 12 Çiğneme Tablet;20;3;23;0
16.09.2026;ALLIANCE HEALTHCARE;AH SAMSUN;8680001347513;REİS ECZANESİ;SAMSUN ADALET;ACİDPASS;Acidpass 10/800/165 mg 12 Çiğneme Tablet;3;0;3;0
16.09.2026;ALLIANCE HEALTHCARE;AH SAMSUN;8680001519996;LİMON ECZANESİ;SAMSUN ATAKENT+19 MAYIS;ACİDPASS;Acidpass 10/800/165 mg 12 Çiğneme Tablet;10;1;11;0
16.09.2026;ALLIANCE HEALTHCARE;AH SAMSUN;8680001211371;YARAMIŞ ECZANESİ;TOKAT DOGU ILCELER;ACİDPASS;Acidpass 10/800/165 mg 12 Çiğneme Tablet;20;3;23;0
17.09.2026;ALLIANCE HEALTHCARE;AH SAMSUN;8680001453061;ÖMÜREVLERİ ECZANESİ;SAMSUN ATAKUM;ACİDPASS;Acidpass 10/800/165 mg 12 Çiğneme Tablet;1;0;1;0
17.09.2026;ALLIANCE HEALTHCARE;AH SAMSUN;8680001827671;SANAT ECZANESİ;SAMSUN ATAKENT+19 MAYIS;ACİDPASS;Acidpass 10/800/165 mg 12 Çiğneme Tablet;3;0;3;0
17.09.2026;ALLIANCE HEALTHCARE;AH SAMSUN;8680001468553;KARTAL ECZANESİ;CORUM MERKEZ -3;ACİDPASS;Acidpass 10/800/165 mg 12 Çiğneme Tablet;1;0;1;0
17.09.2026;ALLIANCE HEALTHCARE;AH SAMSUN;8680001174218;SÖNMEZ ECZANESİ;TOKAT MERKEZ -1;ACİDPASS;Acidpass 10/800/165 mg 12 Çiğneme Tablet;2;0;2;0
17.09.2026;ALLIANCE HEALTHCARE;AH SAMSUN;8680001158898;ÖMÜR ECZANESİ;AMASYA ILCELER;ACİDPASS;Acidpass 10/800/165 mg 12 Çiğneme Tablet;10;1;11;0
18.09.2026;ALLIANCE HEALTHCARE;AH SAMSUN;8680001465606;RASATHANE ECZANESİ;SAMSUN HURRIYET+ZAFER;ACİDPASS;Acidpass 10/800/165 mg 12 Çiğneme Tablet;2;0;2;0
18.09.2026;ALLIANCE HEALTHCARE;AH SAMSUN;8680001692644;ÇINAR ECZANESİ;SAMSUN ATAKENT+19 MAYIS;ACİDPASS;Acidpass 10/800/165 mg 12 Çiğneme Tablet;5;0;5;0
18.09.2026;ALLIANCE HEALTHCARE;AH SAMSUN;8680001468553;KARTAL ECZANESİ;CORUM MERKEZ -3;ACİDPASS;Acidpass 10/800/165 mg 12 Çiğneme Tablet;3;0;3;0
18.09.2026;ALLIANCE HEALTHCARE;AH SAMSUN;8680001450060;MERKEZ ECZANESI;AMASYA ILCELER;ACİDPASS;Acidpass 10/800/165 mg 12 Çiğneme Tablet;10;1;11;0
18.09.2026;ALLIANCE HEALTHCARE;AH SAMSUN;8680001127184;ALBAYRAK ECZANESİ;AMASYA MERKEZ -1;ACİDPASS;Acidpass 10/800/165 mg 12 Çiğneme Tablet;10;1;11;0
19.09.2026;ALLIANCE HEALTHCARE;AH SAMSUN;8680001641161;YILDIZ ECZANESİ;SAMSUN DOGU ILCELER;MOKSEFEN;Moksefen 400 mg 7 Film Tablet;20;10;30;0
21.09.2026;ALLIANCE HEALTHCARE;AH SAMSUN;8680001733255;NİŞANTAŞI ECZANESİ;SAMSUN ATAKUM;MOKSEFEN;Moksefen 400 mg 7 Film Tablet;1;0;1;0
22.09.2026;ALLIANCE HEALTHCARE;AH SAMSUN;8680001102853;AYHAN ECZANESİ;SAMSUN BAFRA;MOKSEFEN;Moksefen 400 mg 7 Film Tablet;30;15;45;0
23.09.2026;ALLIANCE HEALTHCARE;AH SAMSUN;8680001722259;YAMAN ECZANESİ;SAMSUN DOGU ILCELER;MOKSEFEN;Moksefen 400 mg 7 Film Tablet;20;10;30;0
28.09.2026;ALLIANCE HEALTHCARE;AH SAMSUN;8680001377527;SEDEF ECZANESİ;CORUM MERKEZ -3;MOKSEFEN;Moksefen 400 mg 7 Film Tablet;20;10;30;0
01.09.2026;ALLIANCE HEALTHCARE;AH SAMSUN;8680001127184;ALBAYRAK ECZANESİ;AMASYA MERKEZ -1;FAMTREC;Famtrec 800/26,6mg 14 Film Kaplı Tablet;2;0;2;0
23.09.2026;ALLIANCE HEALTHCARE;AH SAMSUN;8680001121557;OVALI ECZANESİ;SAMSUN DOGU ILCELER;GRİPORT COLD;Griport Cold 20 Film Kaplı Tablet;1;0;1;0
23.09.2026;ALLIANCE HEALTHCARE;AH SAMSUN;8680001927760;YENİ ŞİFA ECZANESİ;SAMSUN DOGU ILCELER - 2;GRİPORT COLD;Griport Cold 20 Film Kaplı Tablet;2;0;2;0
23.09.2026;ALLIANCE HEALTHCARE;AH SAMSUN;8680001215720;ANADOLU ECZANESİ;TOKAT DOGU ILCELER;GRİPORT COLD;Griport Cold 20 Film Kaplı Tablet;1;0;1;0
23.09.2026;ALLIANCE HEALTHCARE;AH SAMSUN;8680001114788;YEŞİM ECZANESİ;SAMSUN PAZAR;GRİPORT COLD;Griport Cold 20 Film Kaplı Tablet;2;0;2;0
24.09.2026;ALLIANCE HEALTHCARE;AH SAMSUN;8680001114610;DENİZ ECZANESİ;SINOP MERKEZ;GRİPORT COLD;Griport Cold 20 Film Kaplı Tablet;1;0;1;0
25.09.2026;ALLIANCE HEALTHCARE;AH SAMSUN;8680001725618;YEŞİL ECZANESİ;SAMSUN ATAKENT+19 MAYIS;GRİPORT COLD;Griport Cold 20 Film Kaplı Tablet;12;3;15;0
25.09.2026;ALLIANCE HEALTHCARE;AH SAMSUN;8680001927760;YENİ ŞİFA ECZANESİ;SAMSUN DOGU ILCELER - 2;GRİPORT COLD;Griport Cold 20 Film Kaplı Tablet;3;0;3;0
28.09.2026;ALLIANCE HEALTHCARE;AH SAMSUN;8680001149735;ABALI ECZANESİ;CORUM MERKEZ -2;GRİPORT COLD;Griport Cold 20 Film Kaplı Tablet;7;1;8;0
29.09.2026;ALLIANCE HEALTHCARE;AH SAMSUN;8680001103645;AMASYA ECZANESİ;SAMSUN ATAKENT+19 MAYIS;GRİPORT COLD;Griport Cold 20 Film Kaplı Tablet;1;0;1;0
29.09.2026;ALLIANCE HEALTHCARE;AH SAMSUN;8680001669196;BATUR ECZANESİ;SAMSUN ATAKENT+19 MAYIS;GRİPORT COLD;Griport Cold 20 Film Kaplı Tablet;7;1;8;0
29.09.2026;ALLIANCE HEALTHCARE;AH SAMSUN;8680001118571;İLKADIM ECZANESİ;SAMSUN ILKADIM - 2;GRİPORT COLD;Griport Cold 20 Film Kaplı Tablet;-1;0;-1;0
29.09.2026;ALLIANCE HEALTHCARE;AH SAMSUN;8680001543823;TEBESSÜM ECZANESİ;SAMSUN TERME;GRİPORT COLD;Griport Cold 20 Film Kaplı Tablet;3;0;3;0
30.09.2026;ALLIANCE HEALTHCARE;AH SAMSUN;8680001767137;KÖRFEZ ECZANESİ;SAMSUN ATAKENT+19 MAYIS;GRİPORT COLD;Griport Cold 20 Film Kaplı Tablet;1;0;1;0
01.09.2026;ALLIANCE HEALTHCARE;AH SAMSUN;8680001706402;AĞABALI ECZANESİ;SAMSUN RASATHANE;ACİDPASS;Acidpass 10/800/165 mg 12 Çiğneme Tablet;1;0;1;0
01.09.2026;ALLIANCE HEALTHCARE;AH SAMSUN;8680001736614;MELEK ECZANESİ;SAMSUN ATAKUM;ACİDPASS;Acidpass 10/800/165 mg 12 Çiğneme Tablet;20;3;23;0
01.09.2026;ALLIANCE HEALTHCARE;AH SAMSUN;8680001827947;EKİN ECZANESİ;CORUM MERKEZ -2;ACİDPASS;Acidpass 10/800/165 mg 12 Çiğneme Tablet;10;1;11;0
01.09.2026;ALLIANCE HEALTHCARE;AH SAMSUN;8680001718139;TEMİZ ECZANESİ;TOKAT ERBAA;ACİDPASS;Acidpass 10/800/165 mg 12 Çiğneme Tablet;10;1;11;0
01.09.2026;ALLIANCE HEALTHCARE;AH SAMSUN;8680001421763;BESTE ECZANESİ;AMASYA MERKEZ -2;ACİDPASS;Acidpass 10/800/165 mg 12 Çiğneme Tablet;10;1;11;0
01.09.2026;ALLIANCE HEALTHCARE;AH SAMSUN;8680001731985;YENİ HAVZA ECZANESİ;SAMSUN HAVZA+KAVAK+LADIK;ACİDPASS;Acidpass 10/800/165 mg 12 Çiğneme Tablet;5;0;5;0
01.09.2026;ALLIANCE HEALTHCARE;AH SAMSUN;8680001114696;YILMAZ ECZANESİ;SAMSUN ALACAM+YAKAKENT;ACİDPASS;Acidpass 10/800/165 mg 12 Çiğneme Tablet;10;1;11;0
01.09.2026;ALLIANCE HEALTHCARE;AH SAMSUN;8680001750054;YAVUZ ECZANESİ;SAMSUN ALACAM+YAKAKENT;ACİDPASS;Acidpass 10/800/165 mg 12 Çiğneme Tablet;3;0;3;0
04.09.2026;ALLIANCE HEALTHCARE;AH SAMSUN;8680001118779;SABUNCU ECZANESİ;SAMSUN TERME;ACİDPASS;Acidpass 10/800/165 mg 6 Çiğneme Tablet;3;0;3;0
23.09.2026;ALLIANCE HEALTHCARE;AH SAMSUN;8680001101467;BAŞAK ECZANESİ;SAMSUN ATAKUM;ACİDPASS;Acidpass 10/800/165 mg 6 Çiğneme Tablet;1;0;1;0
24.09.2026;ALLIANCE HEALTHCARE;AH SAMSUN;8680001123896;AKPINAR ECZANESİ;SAMSUN HAVZA+KAVAK+LADIK;ACİDPASS;Acidpass 10/800/165 mg 6 Çiğneme Tablet;3;0;3;0
25.09.2026;ALLIANCE HEALTHCARE;AH SAMSUN;8680001642052;ESENTEPE ECZANESİ;SAMSUN VEZIRKOPRU;ACİDPASS;Acidpass 10/800/165 mg 6 Çiğneme Tablet;2;0;2;0
01.09.2026;ALLIANCE HEALTHCARE;AH SAMSUN;8680001114474;GÖKDELEN KULE ECZANESİ;SAMSUN ATAKENT+19 MAYIS;GRİPORT COLD;Griport Cold 20 Film Kaplı Tablet;1;0;1;0
04.09.2026;ALLIANCE HEALTHCARE;AH SAMSUN;8680001156818;LOKMAN ECZANESİ;CORUM MERKEZ -3;GRİPORT COLD;Griport Cold 20 Film Kaplı Tablet;1;0;1;0
04.09.2026;ALLIANCE HEALTHCARE;AH SAMSUN;8680001186020;EVREN ECZANESİ;TOKAT MERKEZ -1;GRİPORT COLD;Griport Cold 20 Film Kaplı Tablet;2;0;2;0
04.09.2026;ALLIANCE HEALTHCARE;AH SAMSUN;8680001461363;YAMAN ECZANESİ;TOKAT ERBAA;GRİPORT COLD;Griport Cold 20 Film Kaplı Tablet;12;3;15;0
04.09.2026;ALLIANCE HEALTHCARE;AH SAMSUN;8680001732029;CEMRE ECZANESİ;SINOP MERKEZ;GRİPORT COLD;Griport Cold 20 Film Kaplı Tablet;2;0;2;0
06.09.2026;ALLIANCE HEALTHCARE;AH SAMSUN;8680001171934;TEKNECİ ECZANESİ;AMASYA MERZIFON;GRİPORT COLD;Griport Cold 20 Film Kaplı Tablet;12;3;15;0
08.09.2026;ALLIANCE HEALTHCARE;AH SAMSUN;8680001635559;DENİZ ECZANESİ;SAMSUN ALACAM+YAKAKENT;GRİPORT COLD;Griport Cold 20 Film Kaplı Tablet;7;1;8;0
09.09.2026;ALLIANCE HEALTHCARE;AH SAMSUN;8680001563562;MERT ECZANESİ;SAMSUN ILKADIM - 2;GRİPORT COLD;Griport Cold 20 Film Kaplı Tablet;7;1;8;0
09.09.2026;ALLIANCE HEALTHCARE;AH SAMSUN;8680001625727;AMİSOS ECZANESİ;SAMSUN ILKADIM - 2;GRİPORT COLD;Griport Cold 20 Film Kaplı Tablet;7;1;8;0
09.09.2026;ALLIANCE HEALTHCARE;AH SAMSUN;8680001128914;ŞİFA ECZANESİ;AMASYA MERKEZ -2;GRİPORT COLD;Griport Cold 20 Film Kaplı Tablet;7;1;8;0
11.09.2026;ALLIANCE HEALTHCARE;AH SAMSUN;8680001860357;DUYAR ECZANESİ;CORUM MERKEZ -2;GRİPORT COLD;Griport Cold 20 Film Kaplı Tablet;70;45;115;0
11.09.2026;ALLIANCE HEALTHCARE;AH SAMSUN;8680001117932;MERKEZ ECZANESI;AMASYA MERKEZ -2;GRİPORT COLD;Griport Cold 20 Film Kaplı Tablet;7;1;8;0
11.09.2026;ALLIANCE HEALTHCARE;AH SAMSUN;8680001141678;GÜLŞAH ECZANESİ;SAMSUN ALACAM+YAKAKENT;GRİPORT COLD;Griport Cold 20 Film Kaplı Tablet;12;3;15;0
12.09.2026;ALLIANCE HEALTHCARE;AH SAMSUN;8680001519996;LİMON ECZANESİ;SAMSUN ATAKENT+19 MAYIS;GRİPORT COLD;Griport Cold 20 Film Kaplı Tablet;1;0;1;0
13.09.2026;ALLIANCE HEALTHCARE;AH SAMSUN;8680001461363;YAMAN ECZANESİ;TOKAT ERBAA;GRİPORT COLD;Griport Cold 20 Film Kaplı Tablet;40;20;60;0
13.09.2026;ALLIANCE HEALTHCARE;AH SAMSUN;8680001228744;LOKMAN ECZANESİ;TOKAT ERBAA;GRİPORT COLD;Griport Cold 20 Film Kaplı Tablet;12;3;15;0
14.09.2026;ALLIANCE HEALTHCARE;AH SAMSUN;8680001658411;SAĞLIK ECZANESİ;SAMSUN DOGU ILCELER;GRİPORT COLD;Griport Cold 20 Film Kaplı Tablet;1;0;1;0
01.09.2026;ALLIANCE HEALTHCARE;AH SAMSUN;8680001477241;ANIL ECZANESİ;SINOP MERKEZ;GRİPORT COLD;Griport Cold 20 Film Kaplı Tablet;2;0;2;0
02.09.2026;ALLIANCE HEALTHCARE;AH SAMSUN;8680001338399;ÖNAL ECZANESİ;CORUM MERKEZ -2;GRİPORT COLD;Griport Cold 20 Film Kaplı Tablet;12;3;15;0
03.09.2026;ALLIANCE HEALTHCARE;AH SAMSUN;8680001692644;ÇINAR ECZANESİ;SAMSUN ATAKENT+19 MAYIS;GRİPORT COLD;Griport Cold 20 Film Kaplı Tablet;3;0;3;0
03.09.2026;ALLIANCE HEALTHCARE;AH SAMSUN;8680001189762;HEKİMOĞLU ECZANESİ;TOKAT MERKEZ -1;GRİPORT COLD;Griport Cold 20 Film Kaplı Tablet;2;0;2;0
05.09.2026;ALLIANCE HEALTHCARE;AH SAMSUN;8680001114399;YENİ ECZANESİ;SAMSUN ALACAM+YAKAKENT;GRİPORT COLD;Griport Cold 20 Film Kaplı Tablet;7;1;8;0
08.09.2026;ALLIANCE HEALTHCARE;AH SAMSUN;8680001493111;LİMAN ECZANESİ;SAMSUN ATAKUM;GRİPORT COLD;Griport Cold 20 Film Kaplı Tablet;12;3;15;0
08.09.2026;ALLIANCE HEALTHCARE;AH SAMSUN;8680001127184;ALBAYRAK ECZANESİ;AMASYA MERKEZ -1;GRİPORT COLD;Griport Cold 20 Film Kaplı Tablet;12;3;15;0
08.09.2026;ALLIANCE HEALTHCARE;AH SAMSUN;8680001732029;CEMRE ECZANESİ;SINOP MERKEZ;GRİPORT COLD;Griport Cold 20 Film Kaplı Tablet;7;1;8;0
10.09.2026;ALLIANCE HEALTHCARE;AH SAMSUN;8680001663323;ORTACAMİ ECZANESİ;SAMSUN VEZIRKOPRU;GRİPORT COLD;Griport Cold 20 Film Kaplı Tablet;3;0;3;0
10.09.2026;ALLIANCE HEALTHCARE;AH SAMSUN;8680001375653;BAFRA ECZANESİ;SAMSUN BAFRA;GRİPORT COLD;Griport Cold 20 Film Kaplı Tablet;2;0;2;0
10.09.2026;ALLIANCE HEALTHCARE;AH SAMSUN;8680001442959;YASEMİN ECZANESİ;SAMSUN BAFRA;GRİPORT COLD;Griport Cold 20 Film Kaplı Tablet;2;0;2;0
11.09.2026;ALLIANCE HEALTHCARE;AH SAMSUN;8680001692644;ÇINAR ECZANESİ;SAMSUN ATAKENT+19 MAYIS;GRİPORT COLD;Griport Cold 20 Film Kaplı Tablet;2;0;2;0
11.09.2026;ALLIANCE HEALTHCARE;AH SAMSUN;8680001132393;GAMZE ECZANESİ;SAMSUN ALACAM+YAKAKENT;GRİPORT COLD;Griport Cold 20 Film Kaplı Tablet;12;3;15;0
14.09.2026;ALLIANCE HEALTHCARE;AH SAMSUN;8680001540983;ŞEHİR ECZANESİ;SAMSUN ATAKUM;GRİPORT COLD;Griport Cold 20 Film Kaplı Tablet;2;0;2;0
14.09.2026;ALLIANCE HEALTHCARE;AH SAMSUN;8680001561193;BAHARDALİ ECZANESİ;TOKAT DOGU ILCELER;GRİPORT COLD;Griport Cold 20 Film Kaplı Tablet;7;1;8;0
21.09.2026;ALLIANCE HEALTHCARE;AH SAMSUN;8680001105274;SOĞUKSU ECZANESİ;SAMSUN CANIK;FAMTREC;Famtrec 800/26,6mg 14 Film Kaplı Tablet;7;1;8;0
22.09.2026;ALLIANCE HEALTHCARE;AH SAMSUN;8680001105274;SOĞUKSU ECZANESİ;SAMSUN CANIK;FAMTREC;Famtrec 800/26,6mg 14 Film Kaplı Tablet;7;1;8;0
24.09.2026;ALLIANCE HEALTHCARE;AH SAMSUN;8680001457762;GÖKBEN ECZANESİ;SAMSUN DOGU ILCELER - 2;FAMTREC;Famtrec 800/26,6mg 14 Film Kaplı Tablet;4;0;4;0
24.09.2026;ALLIANCE HEALTHCARE;AH SAMSUN;8680001481453;BULUT ECZANESİ;TOKAT MERKEZ -1;FAMTREC;Famtrec 800/26,6mg 14 Film Kaplı Tablet;1;0;1;0
30.09.2026;ALLIANCE HEALTHCARE;AH SAMSUN;8680001147465;DAMLA GÜMÜŞAĞA ECZANESİ;CORUM MERKEZ -3;ACİDPASS;Acidpass 10/800/165 mg 6 Çiğneme Tablet;10;1;11;0
01.09.2026;ALLIANCE HEALTHCARE;AH SAMSUN;8680001570300;KAMALI ECZANESİ;SAMSUN ATAKENT+19 MAYIS;ACİDPASS;Acidpass 10/800/165 mg 12 Çiğneme Tablet;50;15;65;0
01.09.2026;ALLIANCE HEALTHCARE;AH SAMSUN;8680001468553;KARTAL ECZANESİ;CORUM MERKEZ -3;ACİDPASS;Acidpass 10/800/165 mg 12 Çiğneme Tablet;3;0;3;0
01.09.2026;ALLIANCE HEALTHCARE;AH SAMSUN;8680001197040;ŞİFA ECZANESİ;TOKAT MERKEZ -1;ACİDPASS;Acidpass 10/800/165 mg 12 Çiğneme Tablet;2;0;2;0
01.09.2026;ALLIANCE HEALTHCARE;AH SAMSUN;8680001172443;HAZNECİ ECZANESİ;AMASYA MERZIFON;ACİDPASS;Acidpass 10/800/165 mg 12 Çiğneme Tablet;20;3;23;0
02.09.2026;ALLIANCE HEALTHCARE;AH SAMSUN;8680001170678;GÖKHAN ECZANESİ;TOKAT DOGU ILCELER;ACİDPASS;Acidpass 10/800/165 mg 12 Çiğneme Tablet;10;1;11;0
02.09.2026;ALLIANCE HEALTHCARE;AH SAMSUN;8680001927968;EREN ECZANESİ;TOKAT DOGU ILCELER;ACİDPASS;Acidpass 10/800/165 mg 12 Çiğneme Tablet;2;0;2;0
03.09.2026;ALLIANCE HEALTHCARE;AH SAMSUN;8680001736614;MELEK ECZANESİ;SAMSUN ATAKUM;ACİDPASS;Acidpass 10/800/165 mg 12 Çiğneme Tablet;20;3;23;0
03.09.2026;ALLIANCE HEALTHCARE;AH SAMSUN;8680001143719;ALBAYRAK ECZANESİ;CORUM MERKEZ -1;ACİDPASS;Acidpass 10/800/165 mg 12 Çiğneme Tablet;20;3;23;0
03.09.2026;ALLIANCE HEALTHCARE;AH SAMSUN;8680001505012;MERKEZ ECZANESI;TOKAT DOGU ILCELER;ACİDPASS;Acidpass 10/800/165 mg 12 Çiğneme Tablet;50;15;65;0
04.09.2026;ALLIANCE HEALTHCARE;AH SAMSUN;8680001631971;NAR ECZANESİ;SAMSUN PAZAR;ACİDPASS;Acidpass 10/800/165 mg 12 Çiğneme Tablet;2;0;2;0
05.09.2026;ALLIANCE HEALTHCARE;AH SAMSUN;8680001547975;YENİ TEKELİ ECZANESİ;TOKAT TURHAL;ACİDPASS;Acidpass 10/800/165 mg 12 Çiğneme Tablet;10;1;11;0
07.09.2026;ALLIANCE HEALTHCARE;AH SAMSUN;8680001468553;KARTAL ECZANESİ;CORUM MERKEZ -3;ACİDPASS;Acidpass 10/800/165 mg 12 Çiğneme Tablet;3;0;3;0
09.09.2026;ALLIANCE HEALTHCARE;AH SAMSUN;8680001649693;SANCAR ECZANESİ;SAMSUN DOGU ILCELER;ACİDPASS;Acidpass 10/800/165 mg 12 Çiğneme Tablet;2;0;2;0
10.09.2026;ALLIANCE HEALTHCARE;AH SAMSUN;8680001125005;SALIPAZARI ECZANESİ;SAMSUN DOGU ILCELER;ACİDPASS;Acidpass 10/800/165 mg 12 Çiğneme Tablet;10;1;11;0
18.09.2026;ALLIANCE HEALTHCARE;AH SAMSUN;8680001101696;KAVAKDİBİ ECZANESİ;SAMSUN DOGU ILCELER - 2;FAMTREC;Famtrec 800/26,6mg 14 Film Kaplı Tablet;7;1;8;0
18.09.2026;ALLIANCE HEALTHCARE;AH SAMSUN;8680001186020;EVREN ECZANESİ;TOKAT MERKEZ -1;FAMTREC;Famtrec 800/26,6mg 14 Film Kaplı Tablet;1;0;1;0
21.09.2026;ALLIANCE HEALTHCARE;AH SAMSUN;8680001105274;SOĞUKSU ECZANESİ;SAMSUN CANIK;FAMTREC;Famtrec 800/26,6mg 14 Film Kaplı Tablet;1;0;1;0
21.09.2026;ALLIANCE HEALTHCARE;AH SAMSUN;8680001156283;ŞİFA ECZANESİ;CORUM GUNEYBATI ILCELER;FAMTREC;Famtrec 800/26,6mg 14 Film Kaplı Tablet;1;0;1;0
21.09.2026;ALLIANCE HEALTHCARE;AH SAMSUN;8680001500789;ATAKENT ECZANESİ;SAMSUN ATAKENT+19 MAYIS;FAMTREC;Famtrec 800/26,6mg 14 Film Kaplı Tablet;1;0;1;0
24.09.2026;ALLIANCE HEALTHCARE;AH SAMSUN;8680001211371;YARAMIŞ ECZANESİ;TOKAT DOGU ILCELER;FAMTREC;Famtrec 800/26,6mg 14 Film Kaplı Tablet;7;1;8;0
15.09.2026;ALLIANCE HEALTHCARE;AH SAMSUN;8680001628094;YUNUS EMRE ECZANESİ;SAMSUN DOGU ILCELER - 2;FAMTREC;Famtrec 800/26,6mg 14 Film Kaplı Tablet;7;1;8;0
17.09.2026;ALLIANCE HEALTHCARE;AH SAMSUN;8680001113934;ALVER ECZANESİ;SAMSUN DOGU ILCELER - 2;FAMTREC;Famtrec 800/26,6mg 14 Film Kaplı Tablet;3;0;3;0
18.09.2026;ALLIANCE HEALTHCARE;AH SAMSUN;8680001423231;HÜLYA ECZANESİ;SAMSUN TERME;FAMTREC;Famtrec 800/26,6mg 14 Film Kaplı Tablet;1;0;1;0
21.09.2026;ALLIANCE HEALTHCARE;AH SAMSUN;8680001105274;SOĞUKSU ECZANESİ;SAMSUN CANIK;FAMTREC;Famtrec 800/26,6mg 14 Film Kaplı Tablet;7;1;8;0
23.09.2026;ALLIANCE HEALTHCARE;AH SAMSUN;8680001679645;MURAT ECZANESİ;CORUM MERKEZ -1;FAMTREC;Famtrec 800/26,6mg 14 Film Kaplı Tablet;2;0;2;0
23.09.2026;ALLIANCE HEALTHCARE;AH SAMSUN;8680001487097;BALIKÇIOĞLU ECZANESİ;SAMSUN VEZIRKOPRU;FAMTREC;Famtrec 800/26,6mg 14 Film Kaplı Tablet;7;1;8;0
25.09.2026;ALLIANCE HEALTHCARE;AH SAMSUN;8680001572724;ÇİĞDEM ECZANESİ;SAMSUN ATAKENT+19 MAYIS;FAMTREC;Famtrec 800/26,6mg 14 Film Kaplı Tablet;1;0;1;0
01.09.2026;ALLIANCE HEALTHCARE;AH SAMSUN;8680001156061;MERKEZ ECZANESI;CORUM KARGI+OSMANCIK;ACİDPASS;Acidpass 10/800/165 mg 12 Çiğneme Tablet;20;3;23;0
01.09.2026;ALLIANCE HEALTHCARE;AH SAMSUN;8680001665310;GÜL ECZANESİ;CORUM MERKEZ -3;ACİDPASS;Acidpass 10/800/165 mg 12 Çiğneme Tablet;150;60;210;0
01.09.2026;ALLIANCE HEALTHCARE;AH SAMSUN;8680001934911;ÇETİN ECZANESİ;SAMSUN ATAKENT+19 MAYIS;ACİDPASS;Acidpass 10/800/165 mg 6 Çiğneme Tablet;2;0;2;0
03.09.2026;ALLIANCE HEALTHCARE;AH SAMSUN;8680001117857;DRAMALI ECZANESİ;SINOP MERKEZ;ACİDPASS;Acidpass 10/800/165 mg 6 Çiğneme Tablet;1;0;1;0
04.09.2026;ALLIANCE HEALTHCARE;AH SAMSUN;8680001108428;İSTİKLAL ECZANESİ;SAMSUN ULUGAZI;ACİDPASS;Acidpass 10/800/165 mg 6 Çiğneme Tablet;1;0;1;0
08.09.2026;ALLIANCE HEALTHCARE;AH SAMSUN;8680001198702;KOCATÜRK ECZANESİ;TOKAT BATI ILCELER;ACİDPASS;Acidpass 10/800/165 mg 6 Çiğneme Tablet;3;0;3;0
24.09.2026;ALLIANCE HEALTHCARE;AH SAMSUN;8680001170043;ERGİN ECZANESİ;TOKAT MERKEZ -1;ACİDPASS;Acidpass 10/800/165 mg 6 Çiğneme Tablet;3;0;3;0
25.09.2026;ALLIANCE HEALTHCARE;AH SAMSUN;8680001118793;BOLAT ECZANESİ;SAMSUN ATAKENT+19 MAYIS;ACİDPASS;Acidpass 10/800/165 mg 6 Çiğneme Tablet;2;0;2;0
28.09.2026;ALLIANCE HEALTHCARE;AH SAMSUN;8680001489756;HAVZA ŞİFA ECZANESİ;SAMSUN HAVZA+KAVAK+LADIK;ACİDPASS;Acidpass 10/800/165 mg 6 Çiğneme Tablet;5;0;5;0
29.09.2026;ALLIANCE HEALTHCARE;AH SAMSUN;8680001116980;HANDE ECZANESİ;SAMSUN ILKADIM - 2;ACİDPASS;Acidpass 10/800/165 mg 6 Çiğneme Tablet;3;0;3;0
01.09.2026;ALLIANCE HEALTHCARE;AH SAMSUN;8680001118618;MEYDAN ECZANESİ;SAMSUN DOGU ILCELER - 2;ACİDPASS;Acidpass 10/800/165 mg 12 Çiğneme Tablet;50;15;65;0
01.09.2026;ALLIANCE HEALTHCARE;AH SAMSUN;8680001181001;DENİZ ECZANESİ;TOKAT TURHAL;ACİDPASS;Acidpass 10/800/165 mg 12 Çiğneme Tablet;3;0;3;0
01.09.2026;ALLIANCE HEALTHCARE;AH SAMSUN;8680001101467;BAŞAK ECZANESİ;SAMSUN ATAKUM;ACİDPASS;Acidpass 10/800/165 mg 12 Çiğneme Tablet;10;1;11;0
01.09.2026;ALLIANCE HEALTHCARE;AH SAMSUN;8680001477241;ANIL ECZANESİ;SINOP MERKEZ;ACİDPASS;Acidpass 10/800/165 mg 12 Çiğneme Tablet;5;0;5;0
03.09.2026;ALLIANCE HEALTHCARE;AH SAMSUN;8680001156702;GÖKGÖZ ECZANESİ;CORUM MERKEZ -3;ACİDPASS;Acidpass 10/800/165 mg 12 Çiğneme Tablet;50;15;65;0
03.09.2026;ALLIANCE HEALTHCARE;AH SAMSUN;8680001489756;HAVZA ŞİFA ECZANESİ;SAMSUN HAVZA+KAVAK+LADIK;ACİDPASS;Acidpass 10/800/165 mg 12 Çiğneme Tablet;10;1;11;0
05.09.2026;ALLIANCE HEALTHCARE;AH SAMSUN;8680001113934;ALVER ECZANESİ;SAMSUN DOGU ILCELER - 2;ACİDPASS;Acidpass 10/800/165 mg 12 Çiğneme Tablet;10;1;11;0
06.09.2026;ALLIANCE HEALTHCARE;AH SAMSUN;8680001788767;ONAR ECZANESI;SAMSUN ATAKUM;ACİDPASS;Acidpass 10/800/165 mg 12 Çiğneme Tablet;1;0;1;0
07.09.2026;ALLIANCE HEALTHCARE;AH SAMSUN;8680001601073;IHLAMUR ECZANESİ;CORUM MERKEZ -1;ACİDPASS;Acidpass 10/800/165 mg 12 Çiğneme Tablet;20;3;23;0
07.09.2026;ALLIANCE HEALTHCARE;AH SAMSUN;8680001181001;DENİZ ECZANESİ;TOKAT TURHAL;ACİDPASS;Acidpass 10/800/165 mg 12 Çiğneme Tablet;3;0;3;0
07.09.2026;ALLIANCE HEALTHCARE;AH SAMSUN;8680001561193;BAHARDALİ ECZANESİ;TOKAT DOGU ILCELER;ACİDPASS;Acidpass 10/800/165 mg 12 Çiğneme Tablet;10;1;11;0
07.09.2026;ALLIANCE HEALTHCARE;AH SAMSUN;8680001116256;FATİH ECZANESİ;AMASYA MERKEZ -2;ACİDPASS;Acidpass 10/800/165 mg 12 Çiğneme Tablet;10;1;11;0
08.09.2026;ALLIANCE HEALTHCARE;AH SAMSUN;8680001149827;BAYRAK ECZANESİ;CORUM GUNEYDOGU ILCELER;ACİDPASS;Acidpass 10/800/165 mg 12 Çiğneme Tablet;20;3;23;0
08.09.2026;ALLIANCE HEALTHCARE;AH SAMSUN;8680001740802;KESKİN ECZANESİ;SAMSUN DOGU ILCELER - 2;ACİDPASS;Acidpass 10/800/165 mg 12 Çiğneme Tablet;5;0;5;0
15.09.2026;ALLIANCE HEALTHCARE;AH SAMSUN;8680001118793;BOLAT ECZANESİ;SAMSUN ATAKENT+19 MAYIS;ACİDPASS;Acidpass 10/800/165 mg 12 Çiğneme Tablet;20;3;23;0
16.09.2026;ALLIANCE HEALTHCARE;AH SAMSUN;8680001856534;NEFES ECZANESİ;SAMSUN BAHCELIEVLER;ACİDPASS;Acidpass 10/800/165 mg 12 Çiğneme Tablet;1;0;1;0
16.09.2026;ALLIANCE HEALTHCARE;AH SAMSUN;8680001551507;SEDA ECZANESİ;CORUM MERKEZ -2;ACİDPASS;Acidpass 10/800/165 mg 12 Çiğneme Tablet;10;1;11;0
16.09.2026;ALLIANCE HEALTHCARE;AH SAMSUN;8680001658411;SAĞLIK ECZANESİ;SAMSUN DOGU ILCELER;ACİDPASS;Acidpass 10/800/165 mg 12 Çiğneme Tablet;2;0;2;0
17.09.2026;ALLIANCE HEALTHCARE;AH SAMSUN;8680001110810;FULYA ECZANESİ;SAMSUN ILKADIM - 2;ACİDPASS;Acidpass 10/800/165 mg 12 Çiğneme Tablet;20;3;23;0
17.09.2026;ALLIANCE HEALTHCARE;AH SAMSUN;8680001745463;23 NİSAN ECZANESİ;CORUM MERKEZ -1;ACİDPASS;Acidpass 10/800/165 mg 12 Çiğneme Tablet;10;1;11;0
18.09.2026;ALLIANCE HEALTHCARE;AH SAMSUN;8680001165575;ŞİMŞEK ECZANESİ;TOKAT MERKEZ -1;ACİDPASS;Acidpass 10/800/165 mg 12 Çiğneme Tablet;10;1;11;0
18.09.2026;ALLIANCE HEALTHCARE;AH SAMSUN;8680001510818;FIRAT ECZANESİ;TOKAT BATI ILCELER;ACİDPASS;Acidpass 10/800/165 mg 12 Çiğneme Tablet;150;60;210;0
18.09.2026;ALLIANCE HEALTHCARE;AH SAMSUN;8680001180172;CİVEK ECZANESİ;AMASYA MERZIFON;ACİDPASS;Acidpass 10/800/165 mg 12 Çiğneme Tablet;50;15;65;0
18.09.2026;ALLIANCE HEALTHCARE;AH SAMSUN;8680001171057;ÖZLEM ECZANESİ;AMASYA ILCELER;ACİDPASS;Acidpass 10/800/165 mg 12 Çiğneme Tablet;10;1;11;0
21.09.2026;ALLIANCE HEALTHCARE;AH SAMSUN;8680001156283;ŞİFA ECZANESİ;CORUM GUNEYBATI ILCELER;ACİDPASS;Acidpass 10/800/165 mg 12 Çiğneme Tablet;10;1;11;0
21.09.2026;ALLIANCE HEALTHCARE;AH SAMSUN;8680001104284;ATABAY ECZANESİ;SAMSUN ATAKUM;ACİDPASS;Acidpass 10/800/165 mg 12 Çiğneme Tablet;3;0;3;0
21.09.2026;ALLIANCE HEALTHCARE;AH SAMSUN;8680001818037;CANSU ECZANESİ;AMASYA MERZIFON;ACİDPASS;Acidpass 10/800/165 mg 12 Çiğneme Tablet;10;1;11;0
22.09.2026;ALLIANCE HEALTHCARE;AH SAMSUN;8680001156108;TOPÇUOĞLU ECZANESİ;CORUM KARGI+OSMANCIK;ACİDPASS;Acidpass 10/800/165 mg 12 Çiğneme Tablet;20;3;23;0
22.09.2026;ALLIANCE HEALTHCARE;AH SAMSUN;8680001901395;HELVACALİ ECZANESI;SAMSUN DOGU ILCELER - 2;ACİDPASS;Acidpass 10/800/165 mg 12 Çiğneme Tablet;2;0;2;0
24.09.2026;ALLIANCE HEALTHCARE;AH SAMSUN;8680001839889;YENİ KOLBAKIR ECZANESİ;SAMSUN ILKADIM - 2;ACİDPASS;Acidpass 10/800/165 mg 12 Çiğneme Tablet;2;0;2;0
25.09.2026;ALLIANCE HEALTHCARE;AH SAMSUN;8680001818037;CANSU ECZANESİ;AMASYA MERZIFON;ACİDPASS;Acidpass 10/800/165 mg 12 Çiğneme Tablet;10;1;11;0
25.09.2026;ALLIANCE HEALTHCARE;AH SAMSUN;8680001346851;BULVAR ECZANESİ;SAMSUN BAFRA;ACİDPASS;Acidpass 10/800/165 mg 12 Çiğneme Tablet;5;0;5;0
25.09.2026;ALLIANCE HEALTHCARE;AH SAMSUN;8680001944378;AKIN ECZANESİ;SAMSUN BAFRA;ACİDPASS;Acidpass 10/800/165 mg 12 Çiğneme Tablet;10;1;11;0
28.09.2026;ALLIANCE HEALTHCARE;AH SAMSUN;8680001144365;SAĞLIK ECZANESİ;CORUM MERKEZ -2;ACİDPASS;Acidpass 10/800/165 mg 12 Çiğneme Tablet;10;1;11;0
28.09.2026;ALLIANCE HEALTHCARE;AH SAMSUN;8680001658411;SAĞLIK ECZANESİ;SAMSUN DOGU ILCELER;ACİDPASS;Acidpass 10/800/165 mg 12 Çiğneme Tablet;2;0;2;0
28.09.2026;ALLIANCE HEALTHCARE;AH SAMSUN;8680001170777;SARIER ECZANESİ;TOKAT MERKEZ -2;ACİDPASS;Acidpass 10/800/165 mg 12 Çiğneme Tablet;2;0;2;0
28.09.2026;ALLIANCE HEALTHCARE;AH SAMSUN;8680001105427;BURCU ECZANESİ;SAMSUN TERME;ACİDPASS;Acidpass 10/800/165 mg 12 Çiğneme Tablet;20;3;23;0
28.09.2026;ALLIANCE HEALTHCARE;AH SAMSUN;8680001102150;BÜYÜK ECZANESİ;SAMSUN ATAKUM;ACİDPASS;Acidpass 10/800/165 mg 12 Çiğneme Tablet;3;0;3;0
29.09.2026;ALLIANCE HEALTHCARE;AH SAMSUN;8680001625727;AMİSOS ECZANESİ;SAMSUN ILKADIM - 2;ACİDPASS;Acidpass 10/800/165 mg 12 Çiğneme Tablet;20;3;23;0
29.09.2026;ALLIANCE HEALTHCARE;AH SAMSUN;8680001468553;KARTAL ECZANESİ;CORUM MERKEZ -3;ACİDPASS;Acidpass 10/800/165 mg 12 Çiğneme Tablet;2;0;2;0
30.09.2026;ALLIANCE HEALTHCARE;AH SAMSUN;8680001114610;DENİZ ECZANESİ;SINOP MERKEZ;ACİDPASS;Acidpass 10/800/165 mg 12 Çiğneme Tablet;10;1;11;0
08.09.2026;ALLIANCE HEALTHCARE;AH SAMSUN;8680001796397;İREM ECZANESİ;SAMSUN DOGU ILCELER - 2;ACİDPASS;Acidpass 10/800/165 mg 12 Çiğneme Tablet;2;0;2;0
08.09.2026;ALLIANCE HEALTHCARE;AH SAMSUN;8680001169740;SAĞLIK ECZANESİ;AMASYA MERZIFON;ACİDPASS;Acidpass 10/800/165 mg 12 Çiğneme Tablet;20;3;23;0
09.09.2026;ALLIANCE HEALTHCARE;AH SAMSUN;8680001692644;ÇINAR ECZANESİ;SAMSUN ATAKENT+19 MAYIS;ACİDPASS;Acidpass 10/800/165 mg 12 Çiğneme Tablet;3;0;3;0
09.09.2026;ALLIANCE HEALTHCARE;AH SAMSUN;8680001147731;VEFA ECZANESİ;CORUM MERKEZ -1;ACİDPASS;Acidpass 10/800/165 mg 12 Çiğneme Tablet;50;15;65;0
09.09.2026;ALLIANCE HEALTHCARE;AH SAMSUN;8680001182817;KEREM ECZANESİ;AMASYA MERZIFON;ACİDPASS;Acidpass 10/800/165 mg 12 Çiğneme Tablet;20;3;23;0
10.09.2026;ALLIANCE HEALTHCARE;AH SAMSUN;8680001103492;ANADOL ECZANESİ;SAMSUN TERME;ACİDPASS;Acidpass 10/800/165 mg 12 Çiğneme Tablet;2;0;2;0
10.09.2026;ALLIANCE HEALTHCARE;AH SAMSUN;8680001457274;KAPLICALAR ECZANESİ;SAMSUN HAVZA+KAVAK+LADIK;ACİDPASS;Acidpass 10/800/165 mg 12 Çiğneme Tablet;10;1;11;0
14.09.2026;ALLIANCE HEALTHCARE;AH SAMSUN;8680001103645;AMASYA ECZANESİ;SAMSUN ATAKENT+19 MAYIS;ACİDPASS;Acidpass 10/800/165 mg 12 Çiğneme Tablet;4;0;4;0
14.09.2026;ALLIANCE HEALTHCARE;AH SAMSUN;8680001114474;GÖKDELEN KULE ECZANESİ;SAMSUN ATAKENT+19 MAYIS;ACİDPASS;Acidpass 10/800/165 mg 12 Çiğneme Tablet;2;0;2;0
14.09.2026;ALLIANCE HEALTHCARE;AH SAMSUN;8680001186020;EVREN ECZANESİ;TOKAT MERKEZ -1;ACİDPASS;Acidpass 10/800/165 mg 12 Çiğneme Tablet;5;0;5;0
14.09.2026;ALLIANCE HEALTHCARE;AH SAMSUN;8680001423330;ALTUNBAY ECZANESİ;TOKAT TURHAL;ACİDPASS;Acidpass 10/800/165 mg 12 Çiğneme Tablet;2;0;2;0
14.09.2026;ALLIANCE HEALTHCARE;AH SAMSUN;8680001411641;KARADENİZ ECZANESİ;SINOP MERKEZ;ACİDPASS;Acidpass 10/800/165 mg 12 Çiğneme Tablet;20;3;23;0
15.09.2026;ALLIANCE HEALTHCARE;AH SAMSUN;8680001101023;YENİ YAŞAM ECZANESİ;SAMSUN RASATHANE;ACİDPASS;Acidpass 10/800/165 mg 12 Çiğneme Tablet;1;0;1;0
15.09.2026;ALLIANCE HEALTHCARE;AH SAMSUN;8680001796397;İREM ECZANESİ;SAMSUN DOGU ILCELER - 2;ACİDPASS;Acidpass 10/800/165 mg 12 Çiğneme Tablet;3;0;3;0
15.09.2026;ALLIANCE HEALTHCARE;AH SAMSUN;8680001491025;MELİH ECZANESİ;TOKAT MERKEZ -1;ACİDPASS;Acidpass 10/800/165 mg 12 Çiğneme Tablet;2;0;2;0
01.09.2026;ALLIANCE HEALTHCARE;AH SAMSUN;8680001132546;PELİN ECZANESİ;SAMSUN VEZIRKOPRU;FAMTREC;Famtrec 800/26,6mg 14 Film Kaplı Tablet;7;1;8;0
03.09.2026;ALLIANCE HEALTHCARE;AH SAMSUN;8680001124381;ÖNCEL ECZANESİ;SINOP DOGU-BATI ILCELER;FAMTREC;Famtrec 800/26,6mg 14 Film Kaplı Tablet;7;1;8;0
08.09.2026;ALLIANCE HEALTHCARE;AH SAMSUN;8680001137527;YENİ HASTANE ECZANESI;SAMSUN DOGU ILCELER - 2;FAMTREC;Famtrec 800/26,6mg 14 Film Kaplı Tablet;4;0;4;0
10.09.2026;ALLIANCE HEALTHCARE;AH SAMSUN;8680001635337;ŞEN ECZANESİ;SAMSUN VEZIRKOPRU;FAMTREC;Famtrec 800/26,6mg 14 Film Kaplı Tablet;7;1;8;0
14.09.2026;ALLIANCE HEALTHCARE;AH SAMSUN;8680001104628;CAN ECZANESİ;SAMSUN ATAKENT+19 MAYIS;FAMTREC;Famtrec 800/26,6mg 14 Film Kaplı Tablet;4;0;4;0
14.09.2026;ALLIANCE HEALTHCARE;AH SAMSUN;8680001127184;ALBAYRAK ECZANESİ;AMASYA MERKEZ -1;FAMTREC;Famtrec 800/26,6mg 14 Film Kaplı Tablet;7;1;8;0
15.09.2026;ALLIANCE HEALTHCARE;AH SAMSUN;8680001449668;SEDA ECZANESİ;SAMSUN HAVZA+KAVAK+LADIK;ACİDPASS;Acidpass 10/800/165 mg 12 Çiğneme Tablet;10;1;11;0
15.09.2026;ALLIANCE HEALTHCARE;AH SAMSUN;8680001521111;YENİ ECZANESİ;SAMSUN VEZIRKOPRU;ACİDPASS;Acidpass 10/800/165 mg 12 Çiğneme Tablet;10;1;11;0
25.09.2026;ALLIANCE HEALTHCARE;AH SAMSUN;8680001111121;SEVİNÇ ECZANESİ;SAMSUN ATAKUM;GRİPORT COLD;Griport Cold 20 Film Kaplı Tablet;20;5;25;0
28.09.2026;ALLIANCE HEALTHCARE;AH SAMSUN;8680001767137;KÖRFEZ ECZANESİ;SAMSUN ATAKENT+19 MAYIS;GRİPORT COLD;Griport Cold 20 Film Kaplı Tablet;1;0;1;0
28.09.2026;ALLIANCE HEALTHCARE;AH SAMSUN;8680001157662;BİLGE ECZANESİ;CORUM MERKEZ -2;GRİPORT COLD;Griport Cold 20 Film Kaplı Tablet;7;1;8;0
28.09.2026;ALLIANCE HEALTHCARE;AH SAMSUN;8680001144006;YARAR ECZANESİ;AMASYA ILCELER;GRİPORT COLD;Griport Cold 20 Film Kaplı Tablet;24;6;30;0
28.09.2026;ALLIANCE HEALTHCARE;AH SAMSUN;8680001145690;ŞİFA ECZANESİ;SAMSUN ALACAM+YAKAKENT;GRİPORT COLD;Griport Cold 20 Film Kaplı Tablet;10;1;11;0
29.09.2026;ALLIANCE HEALTHCARE;AH SAMSUN;8680001155705;HEKİMOĞLU ECZANESİ;CORUM GUNEYBATI ILCELER;GRİPORT COLD;Griport Cold 20 Film Kaplı Tablet;12;3;15;0
29.09.2026;ALLIANCE HEALTHCARE;AH SAMSUN;8680001118571;İLKADIM ECZANESİ;SAMSUN ILKADIM - 2;GRİPORT COLD;Griport Cold 20 Film Kaplı Tablet;-1;0;-1;0
29.09.2026;ALLIANCE HEALTHCARE;AH SAMSUN;8680001132669;KARDELEN ECZANESİ;SAMSUN DOGU ILCELER - 2;GRİPORT COLD;Griport Cold 20 Film Kaplı Tablet;1;0;1;0
29.09.2026;ALLIANCE HEALTHCARE;AH SAMSUN;8680001690800;ÇELİK ECZANESİ;SAMSUN DOGU ILCELER;GRİPORT COLD;Griport Cold 20 Film Kaplı Tablet;1;0;1;0
29.09.2026;ALLIANCE HEALTHCARE;AH SAMSUN;8680001458790;BARAN ECZANESİ;SAMSUN VEZIRKOPRU;GRİPORT COLD;Griport Cold 20 Film Kaplı Tablet;2;0;2;0
30.09.2026;ALLIANCE HEALTHCARE;AH SAMSUN;8680001722259;YAMAN ECZANESİ;SAMSUN DOGU ILCELER;GRİPORT COLD;Griport Cold 20 Film Kaplı Tablet;1;0;1;0
17.09.2026;ALLIANCE HEALTHCARE;AH SAMSUN;8680001693221;CADDE YEDİTEPE ECZANESİ;CORUM MERKEZ -1;ACİDPASS;Acidpass 10/800/165 mg 12 Çiğneme Tablet;10;1;11;0
18.09.2026;ALLIANCE HEALTHCARE;AH SAMSUN;8680001181261;ÖZTÜRK ECZANESİ;TOKAT TURHAL;ACİDPASS;Acidpass 10/800/165 mg 12 Çiğneme Tablet;3;0;3;0
18.09.2026;ALLIANCE HEALTHCARE;AH SAMSUN;8680001927968;EREN ECZANESİ;TOKAT DOGU ILCELER;ACİDPASS;Acidpass 10/800/165 mg 12 Çiğneme Tablet;4;0;4;0
18.09.2026;ALLIANCE HEALTHCARE;AH SAMSUN;8680001108756;ÖMER ECZANESİ;SAMSUN RASATHANE;ACİDPASS;Acidpass 10/800/165 mg 12 Çiğneme Tablet;2;0;2;0
18.09.2026;ALLIANCE HEALTHCARE;AH SAMSUN;8680001116805;SEVEN ECZANESİ;AMASYA MERKEZ -2;ACİDPASS;Acidpass 10/800/165 mg 12 Çiğneme Tablet;10;1;11;0
18.09.2026;ALLIANCE HEALTHCARE;AH SAMSUN;8680001503001;ÇINAR ECZANESİ;SAMSUN BAFRA;ACİDPASS;Acidpass 10/800/165 mg 12 Çiğneme Tablet;10;1;11;0
21.09.2026;ALLIANCE HEALTHCARE;AH SAMSUN;8680001155682;ALAFOĞLU ECZANESİ;CORUM GUNEYBATI ILCELER;ACİDPASS;Acidpass 10/800/165 mg 12 Çiğneme Tablet;20;3;23;0
21.09.2026;ALLIANCE HEALTHCARE;AH SAMSUN;8680001189762;HEKİMOĞLU ECZANESİ;TOKAT MERKEZ -1;ACİDPASS;Acidpass 10/800/165 mg 12 Çiğneme Tablet;3;0;3;0
22.09.2026;ALLIANCE HEALTHCARE;AH SAMSUN;8680001125005;SALIPAZARI ECZANESİ;SAMSUN DOGU ILCELER;ACİDPASS;Acidpass 10/800/165 mg 12 Çiğneme Tablet;10;1;11;0
22.09.2026;ALLIANCE HEALTHCARE;AH SAMSUN;8680001658411;SAĞLIK ECZANESİ;SAMSUN DOGU ILCELER;ACİDPASS;Acidpass 10/800/165 mg 12 Çiğneme Tablet;3;0;3;0
22.09.2026;ALLIANCE HEALTHCARE;AH SAMSUN;8680001173662;KAZOVA ECZANESİ;TOKAT MERKEZ -1;ACİDPASS;Acidpass 10/800/165 mg 12 Çiğneme Tablet;10;1;11;0
22.09.2026;ALLIANCE HEALTHCARE;AH SAMSUN;8680001601097;YAŞAM ECZANESİ;TOKAT ERBAA;ACİDPASS;Acidpass 10/800/165 mg 12 Çiğneme Tablet;10;1;11;0
22.09.2026;ALLIANCE HEALTHCARE;AH SAMSUN;8680001513369;SÜMER ECZANESİ;SAMSUN HAVZA+KAVAK+LADIK;ACİDPASS;Acidpass 10/800/165 mg 12 Çiğneme Tablet;2;0;2;0
10.09.2026;ALLIANCE HEALTHCARE;AH SAMSUN;8680001236220;CERİTOĞLU ECZANESİ;TOKAT DOGU ILCELER;ACİDPASS;Acidpass 10/800/165 mg 12 Çiğneme Tablet;10;1;11;0
10.09.2026;ALLIANCE HEALTHCARE;AH SAMSUN;8680001103324;DÖRTYOL ECZANESİ;SAMSUN HAVZA+KAVAK+LADIK;ACİDPASS;Acidpass 10/800/165 mg 12 Çiğneme Tablet;10;1;11;0
10.09.2026;ALLIANCE HEALTHCARE;AH SAMSUN;8680001513369;SÜMER ECZANESİ;SAMSUN HAVZA+KAVAK+LADIK;ACİDPASS;Acidpass 10/800/165 mg 12 Çiğneme Tablet;2;0;2;0
11.09.2026;ALLIANCE HEALTHCARE;AH SAMSUN;8680001695942;DERYA ECZANESİ;SAMSUN ATAKENT+19 MAYIS;ACİDPASS;Acidpass 10/800/165 mg 12 Çiğneme Tablet;3;0;3;0
11.09.2026;ALLIANCE HEALTHCARE;AH SAMSUN;8680001129515;KIZILAY ECZANESİ;SAMSUN DOGU ILCELER - 2;ACİDPASS;Acidpass 10/800/165 mg 12 Çiğneme Tablet;10;1;11;0
11.09.2026;ALLIANCE HEALTHCARE;AH SAMSUN;8680001120116;DERMAN ECZANESİ;SAMSUN ADALET;ACİDPASS;Acidpass 10/800/165 mg 12 Çiğneme Tablet;2;0;2;0
12.09.2026;ALLIANCE HEALTHCARE;AH SAMSUN;8680001113583;ECEM ECZANESİ;SAMSUN ATAKUM;ACİDPASS;Acidpass 10/800/165 mg 12 Çiğneme Tablet;20;3;23;0
12.09.2026;ALLIANCE HEALTHCARE;AH SAMSUN;8680001669196;BATUR ECZANESİ;SAMSUN ATAKENT+19 MAYIS;ACİDPASS;Acidpass 10/800/165 mg 12 Çiğneme Tablet;-3;-1;-4;-1
14.09.2026;ALLIANCE HEALTHCARE;AH SAMSUN;8680001453061;ÖMÜREVLERİ ECZANESİ;SAMSUN ATAKUM;ACİDPASS;Acidpass 10/800/165 mg 12 Çiğneme Tablet;3;0;3;0
14.09.2026;ALLIANCE HEALTHCARE;AH SAMSUN;8680001470938;HAKAN ECZANESİ;AMASYA MERZIFON;ACİDPASS;Acidpass 10/800/165 mg 12 Çiğneme Tablet;20;3;23;0
14.09.2026;ALLIANCE HEALTHCARE;AH SAMSUN;8680001121908;DENİZ ECZANESİ;SAMSUN BAFRA;ACİDPASS;Acidpass 10/800/165 mg 12 Çiğneme Tablet;3;0;3;0
15.09.2026;ALLIANCE HEALTHCARE;AH SAMSUN;8680001115983;NİLÜFER ECZANESİ;SAMSUN DOGU ILCELER - 2;ACİDPASS;Acidpass 10/800/165 mg 12 Çiğneme Tablet;10;1;11;0
15.09.2026;ALLIANCE HEALTHCARE;AH SAMSUN;8680001115242;SERKAN ECZANESİ;SINOP MERKEZ;ACİDPASS;Acidpass 10/800/165 mg 12 Çiğneme Tablet;10;1;11;0
15.09.2026;ALLIANCE HEALTHCARE;AH SAMSUN;8680001663323;ORTACAMİ ECZANESİ;SAMSUN VEZIRKOPRU;ACİDPASS;Acidpass 10/800/165 mg 12 Çiğneme Tablet;20;3;23;0
01.09.2026;ALLIANCE HEALTHCARE;AH SAMSUN;8680001132546;PELİN ECZANESİ;SAMSUN VEZIRKOPRU;MOKSEFEN;Moksefen 400 mg 7 Film Tablet;10;3;13;0
01.09.2026;ALLIANCE HEALTHCARE;AH SAMSUN;8680001102709;BAYRAK ECZANESİ;SAMSUN ALACAM+YAKAKENT;MOKSEFEN;Moksefen 400 mg 7 Film Tablet;50;35;85;0
02.09.2026;ALLIANCE HEALTHCARE;AH SAMSUN;8680001665310;GÜL ECZANESİ;CORUM MERKEZ -3;MOKSEFEN;Moksefen 400 mg 7 Film Tablet;350;245;595;0
03.09.2026;ALLIANCE HEALTHCARE;AH SAMSUN;8680001673605;ASRIN ECZANESİ;TOKAT ERBAA;MOKSEFEN;Moksefen 400 mg 7 Film Tablet;10;3;13;0
08.09.2026;ALLIANCE HEALTHCARE;AH SAMSUN;8680001109371;KİRAZLIK ECZANESİ;SAMSUN DOGU ILCELER;MOKSEFEN;Moksefen 400 mg 7 Film Tablet;10;3;13;0
14.09.2026;ALLIANCE HEALTHCARE;AH SAMSUN;8680001458790;BARAN ECZANESİ;SAMSUN VEZIRKOPRU;MOKSEFEN;Moksefen 400 mg 7 Film Tablet;5;1;6;0
15.09.2026;ALLIANCE HEALTHCARE;AH SAMSUN;8680001139415;KETENCİ ECZANESİ;SAMSUN ILKADIM - 2;MOKSEFEN;Moksefen 400 mg 7 Film Tablet;5;1;6;0
16.09.2026;ALLIANCE HEALTHCARE;AH SAMSUN;8680001123896;AKPINAR ECZANESİ;SAMSUN HAVZA+KAVAK+LADIK;MOKSEFEN;Moksefen 400 mg 7 Film Tablet;10;3;13;0
17.09.2026;ALLIANCE HEALTHCARE;AH SAMSUN;8680001142323;DERMAN ECZANESİ;CORUM MERKEZ -1;MOKSEFEN;Moksefen 400 mg 7 Film Tablet;5;1;6;0
18.09.2026;ALLIANCE HEALTHCARE;AH SAMSUN;8680001126996;ÖZDEMİR ECZANESİ;SAMSUN TERME;MOKSEFEN;Moksefen 400 mg 7 Film Tablet;2;0;2;0
23.09.2026;ALLIANCE HEALTHCARE;AH SAMSUN;8680001468553;KARTAL ECZANESİ;CORUM MERKEZ -3;ACİDPASS;Acidpass 10/800/165 mg 12 Çiğneme Tablet;3;0;3;0
23.09.2026;ALLIANCE HEALTHCARE;AH SAMSUN;8680001500697;YAREN ECZANESİ;CORUM MERKEZ -2;ACİDPASS;Acidpass 10/800/165 mg 12 Çiğneme Tablet;10;1;11;0
23.09.2026;ALLIANCE HEALTHCARE;AH SAMSUN;8680001128303;YENİ HAYAT ECZANESİ;SAMSUN DOGU ILCELER - 2;ACİDPASS;Acidpass 10/800/165 mg 12 Çiğneme Tablet;10;1;11;0
23.09.2026;ALLIANCE HEALTHCARE;AH SAMSUN;8680001128914;ŞİFA ECZANESİ;AMASYA MERKEZ -2;ACİDPASS;Acidpass 10/800/165 mg 12 Çiğneme Tablet;20;3;23;0
23.09.2026;ALLIANCE HEALTHCARE;AH SAMSUN;8680001866090;BALCALI ECZANESİ;SAMSUN DOGU ILCELER;ACİDPASS;Acidpass 10/800/165 mg 12 Çiğneme Tablet;2;0;2;0
23.09.2026;ALLIANCE HEALTHCARE;AH SAMSUN;8680001101153;CEDİT ECZANESİ;SAMSUN ILKADIM - 2;ACİDPASS;Acidpass 10/800/165 mg 12 Çiğneme Tablet;10;1;11;0
24.09.2026;ALLIANCE HEALTHCARE;AH SAMSUN;8680001423330;ALTUNBAY ECZANESİ;TOKAT TURHAL;ACİDPASS;Acidpass 10/800/165 mg 12 Çiğneme Tablet;1;0;1;0
24.09.2026;ALLIANCE HEALTHCARE;AH SAMSUN;8680001166800;DOĞRU ECZANESİ;TOKAT MERKEZ -1;ACİDPASS;Acidpass 10/800/165 mg 12 Çiğneme Tablet;2;0;2;0
24.09.2026;ALLIANCE HEALTHCARE;AH SAMSUN;8680001174218;SÖNMEZ ECZANESİ;TOKAT MERKEZ -1;ACİDPASS;Acidpass 10/800/165 mg 12 Çiğneme Tablet;2;0;2;0
24.09.2026;ALLIANCE HEALTHCARE;AH SAMSUN;8680001127153;SARAY ECZANESİ;SAMSUN TERME;ACİDPASS;Acidpass 10/800/165 mg 12 Çiğneme Tablet;3;0;3;0
25.09.2026;ALLIANCE HEALTHCARE;AH SAMSUN;8680001673605;ASRIN ECZANESİ;TOKAT ERBAA;ACİDPASS;Acidpass 10/800/165 mg 12 Çiğneme Tablet;10;1;11;0
25.09.2026;ALLIANCE HEALTHCARE;AH SAMSUN;8680001109111;SIHHAT ECZANESİ;SAMSUN TERME;ACİDPASS;Acidpass 10/800/165 mg 12 Çiğneme Tablet;10;1;11;0
25.09.2026;ALLIANCE HEALTHCARE;AH SAMSUN;8680001109371;KİRAZLIK ECZANESİ;SAMSUN DOGU ILCELER;ACİDPASS;Acidpass 10/800/165 mg 12 Çiğneme Tablet;5;0;5;0
28.09.2026;ALLIANCE HEALTHCARE;AH SAMSUN;8680001166589;SORAL ECZANESİ;TOKAT MERKEZ -1;ACİDPASS;Acidpass 10/800/165 mg 12 Çiğneme Tablet;2;0;2;0
29.09.2026;ALLIANCE HEALTHCARE;AH SAMSUN;8680001114474;GÖKDELEN KULE ECZANESİ;SAMSUN ATAKENT+19 MAYIS;ACİDPASS;Acidpass 10/800/165 mg 12 Çiğneme Tablet;1;0;1;0
30.09.2026;ALLIANCE HEALTHCARE;AH SAMSUN;8680001642052;ESENTEPE ECZANESİ;SAMSUN VEZIRKOPRU;GRİPORT COLD;Griport Cold 20 Film Kaplı Tablet;3;0;3;0
01.09.2026;ALLIANCE HEALTHCARE;AH SAMSUN;8680001499076;İSKENDER ECZANESİ;CORUM MERKEZ -1;ACİDPASS;Acidpass 10/800/165 mg 12 Çiğneme Tablet;3;0;3;0
02.09.2026;ALLIANCE HEALTHCARE;AH SAMSUN;8680001141371;PELİN ECZANESİ;SAMSUN HURRIYET+ZAFER;ACİDPASS;Acidpass 10/800/165 mg 12 Çiğneme Tablet;2;0;2;0
02.09.2026;ALLIANCE HEALTHCARE;AH SAMSUN;8680001417087;FİKRİ KARTAL ECZANESİ;CORUM KUZEY ILCELER;ACİDPASS;Acidpass 10/800/165 mg 12 Çiğneme Tablet;1;0;1;0
03.09.2026;ALLIANCE HEALTHCARE;AH SAMSUN;8680001468102;YENİ MAHALLE ECZANESİ;SAMSUN ATAKENT+19 MAYIS;ACİDPASS;Acidpass 10/800/165 mg 12 Çiğneme Tablet;5;0;5;0
03.09.2026;ALLIANCE HEALTHCARE;AH SAMSUN;8680001109753;CUMHURİYET ECZANESİ;SAMSUN KALE;ACİDPASS;Acidpass 10/800/165 mg 12 Çiğneme Tablet;10;1;11;0
03.09.2026;ALLIANCE HEALTHCARE;AH SAMSUN;8680001117857;DRAMALI ECZANESİ;SINOP MERKEZ;ACİDPASS;Acidpass 10/800/165 mg 12 Çiğneme Tablet;3;0;3;0
04.09.2026;ALLIANCE HEALTHCARE;AH SAMSUN;8680001631971;NAR ECZANESİ;SAMSUN PAZAR;ACİDPASS;Acidpass 10/800/165 mg 12 Çiğneme Tablet;2;0;2;0
04.09.2026;ALLIANCE HEALTHCARE;AH SAMSUN;8680001689200;MELETLİ ECZANESİ;SAMSUN ILKADIM - 2;ACİDPASS;Acidpass 10/800/165 mg 12 Çiğneme Tablet;10;1;11;0
04.09.2026;ALLIANCE HEALTHCARE;AH SAMSUN;8680001102952;MESKENLER ECZANESİ;SAMSUN DOGU ILCELER;ACİDPASS;Acidpass 10/800/165 mg 12 Çiğneme Tablet;10;1;11;0
04.09.2026;ALLIANCE HEALTHCARE;AH SAMSUN;8680001108428;İSTİKLAL ECZANESİ;SAMSUN ULUGAZI;ACİDPASS;Acidpass 10/800/165 mg 12 Çiğneme Tablet;1;0;1;0
07.09.2026;ALLIANCE HEALTHCARE;AH SAMSUN;8680001198917;DERMAN ECZANESİ;CORUM KARGI+OSMANCIK;ACİDPASS;Acidpass 10/800/165 mg 12 Çiğneme Tablet;3;0;3;0
07.09.2026;ALLIANCE HEALTHCARE;AH SAMSUN;8680001467563;ÇİÇEK ECZANESİ;TOKAT ERBAA;ACİDPASS;Acidpass 10/800/165 mg 12 Çiğneme Tablet;10;1;11;0
07.09.2026;ALLIANCE HEALTHCARE;AH SAMSUN;8680001104284;ATABAY ECZANESİ;SAMSUN ATAKUM;ACİDPASS;Acidpass 10/800/165 mg 12 Çiğneme Tablet;3;0;3;0
07.09.2026;ALLIANCE HEALTHCARE;AH SAMSUN;8680001500789;ATAKENT ECZANESİ;SAMSUN ATAKENT+19 MAYIS;ACİDPASS;Acidpass 10/800/165 mg 12 Çiğneme Tablet;-37;-14;-51;-14
08.09.2026;ALLIANCE HEALTHCARE;AH SAMSUN;8680001655007;YENİ LİSE ECZANESİ;SAMSUN HURRIYET+ZAFER;ACİDPASS;Acidpass 10/800/165 mg 12 Çiğneme Tablet;10;1;11;0
08.09.2026;ALLIANCE HEALTHCARE;AH SAMSUN;8680001736614;MELEK ECZANESİ;SAMSUN ATAKUM;ACİDPASS;Acidpass 10/800/165 mg 12 Çiğneme Tablet;-20;-3;-23;-3
08.09.2026;ALLIANCE HEALTHCARE;AH SAMSUN;8680001641161;YILDIZ ECZANESİ;SAMSUN DOGU ILCELER;ACİDPASS;Acidpass 10/800/165 mg 12 Çiğneme Tablet;20;3;23;0
08.09.2026;ALLIANCE HEALTHCARE;AH SAMSUN;8680001114016;BURCU ECZANESİ;SINOP MERKEZ;ACİDPASS;Acidpass 10/800/165 mg 12 Çiğneme Tablet;3;0;3;0
09.09.2026;ALLIANCE HEALTHCARE;AH SAMSUN;8680001142163;ÖMÜR ECZANESİ;CORUM MERKEZ -1;ACİDPASS;Acidpass 10/800/165 mg 12 Çiğneme Tablet;10;1;11;0
09.09.2026;ALLIANCE HEALTHCARE;AH SAMSUN;8680001166572;AKADEMİ ECZANESİ;TOKAT MERKEZ -1;ACİDPASS;Acidpass 10/800/165 mg 12 Çiğneme Tablet;2;0;2;0
09.09.2026;ALLIANCE HEALTHCARE;AH SAMSUN;8680001619481;MEYDAN ECZANESİ;TOKAT ERBAA;ACİDPASS;Acidpass 10/800/165 mg 12 Çiğneme Tablet;10;1;11;0
10.09.2026;ALLIANCE HEALTHCARE;AH SAMSUN;8680001725618;YEŞİL ECZANESİ;SAMSUN ATAKENT+19 MAYIS;ACİDPASS;Acidpass 10/800/165 mg 12 Çiğneme Tablet;10;1;11;0
10.09.2026;ALLIANCE HEALTHCARE;AH SAMSUN;8680001144495;ÖZTÜRK ECZANESİ;CORUM MERKEZ -1;ACİDPASS;Acidpass 10/800/165 mg 12 Çiğneme Tablet;20;3;23;0
10.09.2026;ALLIANCE HEALTHCARE;AH SAMSUN;8680001796397;İREM ECZANESİ;SAMSUN DOGU ILCELER - 2;ACİDPASS;Acidpass 10/800/165 mg 12 Çiğneme Tablet;1;0;1;0
10.09.2026;ALLIANCE HEALTHCARE;AH SAMSUN;8680001132393;GAMZE ECZANESİ;SAMSUN ALACAM+YAKAKENT;ACİDPASS;Acidpass 10/800/165 mg 12 Çiğneme Tablet;20;3;23;0
11.09.2026;ALLIANCE HEALTHCARE;AH SAMSUN;8680001101696;KAVAKDİBİ ECZANESİ;SAMSUN DOGU ILCELER - 2;ACİDPASS;Acidpass 10/800/165 mg 12 Çiğneme Tablet;10;1;11;0
11.09.2026;ALLIANCE HEALTHCARE;AH SAMSUN;8680001663514;DEVA ECZANESİ;TOKAT MERKEZ -1;ACİDPASS;Acidpass 10/800/165 mg 12 Çiğneme Tablet;10;1;11;0
11.09.2026;ALLIANCE HEALTHCARE;AH SAMSUN;8680001141678;GÜLŞAH ECZANESİ;SAMSUN ALACAM+YAKAKENT;ACİDPASS;Acidpass 10/800/165 mg 12 Çiğneme Tablet;10;1;11;0
12.09.2026;ALLIANCE HEALTHCARE;AH SAMSUN;8680001160532;SAĞLIK ECZANESİ;SAMSUN BAFRA;ACİDPASS;Acidpass 10/800/165 mg 12 Çiğneme Tablet;10;1;11;0
13.09.2026;ALLIANCE HEALTHCARE;AH SAMSUN;8680001189762;HEKİMOĞLU ECZANESİ;TOKAT MERKEZ -1;ACİDPASS;Acidpass 10/800/165 mg 12 Çiğneme Tablet;3;0;3;0
14.09.2026;ALLIANCE HEALTHCARE;AH SAMSUN;8680001147779;ŞAHİN ECZANESİ;CORUM MERKEZ -3;ACİDPASS;Acidpass 10/800/165 mg 12 Çiğneme Tablet;10;1;11;0
14.09.2026;ALLIANCE HEALTHCARE;AH SAMSUN;8680001117857;DRAMALI ECZANESİ;SINOP MERKEZ;ACİDPASS;Acidpass 10/800/165 mg 12 Çiğneme Tablet;10;1;11;0
15.09.2026;ALLIANCE HEALTHCARE;AH SAMSUN;8680001420650;CANİK BULUT ECZANESİ;SAMSUN CANIK;ACİDPASS;Acidpass 10/800/165 mg 12 Çiğneme Tablet;4;0;4;0
15.09.2026;ALLIANCE HEALTHCARE;AH SAMSUN;8680001928446;NİHAL ECZANESİ;SAMSUN ATAKUM;ACİDPASS;Acidpass 10/800/165 mg 12 Çiğneme Tablet;5;0;5;0
15.09.2026;ALLIANCE HEALTHCARE;AH SAMSUN;8680001468553;KARTAL ECZANESİ;CORUM MERKEZ -3;ACİDPASS;Acidpass 10/800/165 mg 12 Çiğneme Tablet;2;0;2;0
15.09.2026;ALLIANCE HEALTHCARE;AH SAMSUN;8680001215720;ANADOLU ECZANESİ;TOKAT DOGU ILCELER;ACİDPASS;Acidpass 10/800/165 mg 12 Çiğneme Tablet;20;3;23;0
15.09.2026;ALLIANCE HEALTHCARE;AH SAMSUN;8680001164691;TİRYAKİOĞLU ECZANESİ;AMASYA GOYNUCEK+TASOVA;ACİDPASS;Acidpass 10/800/165 mg 12 Çiğneme Tablet;20;3;23;0
16.09.2026;ALLIANCE HEALTHCARE;AH SAMSUN;8680001117017;UZUN ECZANESİ;SAMSUN ILKADIM - 2;ACİDPASS;Acidpass 10/800/165 mg 12 Çiğneme Tablet;3;0;3;0
16.09.2026;ALLIANCE HEALTHCARE;AH SAMSUN;8680001101085;YENİ AYVACIK ECZANESİ;SAMSUN DOGU ILCELER;ACİDPASS;Acidpass 10/800/165 mg 12 Çiğneme Tablet;2;0;2;0
16.09.2026;ALLIANCE HEALTHCARE;AH SAMSUN;8680001173662;KAZOVA ECZANESİ;TOKAT MERKEZ -1;ACİDPASS;Acidpass 10/800/165 mg 12 Çiğneme Tablet;6;0;6;0
17.09.2026;ALLIANCE HEALTHCARE;AH SAMSUN;8680001154265;KAYA ECZANESİ;CORUM MERKEZ -1;ACİDPASS;Acidpass 10/800/165 mg 12 Çiğneme Tablet;20;3;23;0
04.09.2026;ALLIANCE HEALTHCARE;AH SAMSUN;8680001337644;BOĞAZKALE ECZANESİ;CORUM GUNEYBATI ILCELER;FAMTREC;Famtrec 800/26,6mg 14 Film Kaplı Tablet;14;2;16;0
04.09.2026;ALLIANCE HEALTHCARE;AH SAMSUN;8680001901395;HELVACALİ ECZANESI;SAMSUN DOGU ILCELER - 2;FAMTREC;Famtrec 800/26,6mg 14 Film Kaplı Tablet;2;0;2;0
07.09.2026;ALLIANCE HEALTHCARE;AH SAMSUN;8680001122226;KOCAMAN ECZANESİ;SAMSUN TERME;FAMTREC;Famtrec 800/26,6mg 14 Film Kaplı Tablet;5;0;5;0
09.09.2026;ALLIANCE HEALTHCARE;AH SAMSUN;8680001101696;KAVAKDİBİ ECZANESİ;SAMSUN DOGU ILCELER - 2;FAMTREC;Famtrec 800/26,6mg 14 Film Kaplı Tablet;7;1;8;0
11.09.2026;ALLIANCE HEALTHCARE;AH SAMSUN;8680001186020;EVREN ECZANESİ;TOKAT MERKEZ -1;FAMTREC;Famtrec 800/26,6mg 14 Film Kaplı Tablet;1;0;1;0
14.09.2026;ALLIANCE HEALTHCARE;AH SAMSUN;8680001561193;BAHARDALİ ECZANESİ;TOKAT DOGU ILCELER;FAMTREC;Famtrec 800/26,6mg 14 Film Kaplı Tablet;7;1;8;0
15.09.2026;ALLIANCE HEALTHCARE;AH SAMSUN;8680001182756;GÜLŞAH ECZANESİ;AMASYA MERZIFON;FAMTREC;Famtrec 800/26,6mg 14 Film Kaplı Tablet;2;0;2;0
16.09.2026;ALLIANCE HEALTHCARE;AH SAMSUN;8680001689200;MELETLİ ECZANESİ;SAMSUN ILKADIM - 2;FAMTREC;Famtrec 800/26,6mg 14 Film Kaplı Tablet;2;0;2;0
16.09.2026;ALLIANCE HEALTHCARE;AH SAMSUN;8680001115983;NİLÜFER ECZANESİ;SAMSUN DOGU ILCELER - 2;FAMTREC;Famtrec 800/26,6mg 14 Film Kaplı Tablet;3;0;3;0
16.09.2026;ALLIANCE HEALTHCARE;AH SAMSUN;8680001122226;KOCAMAN ECZANESİ;SAMSUN TERME;FAMTREC;Famtrec 800/26,6mg 14 Film Kaplı Tablet;7;1;8;0
17.09.2026;ALLIANCE HEALTHCARE;AH SAMSUN;8680001419340;ESER ECZANESİ;CORUM MERKEZ -1;FAMTREC;Famtrec 800/26,6mg 14 Film Kaplı Tablet;1;0;1;0
29.09.2026;ALLIANCE HEALTHCARE;AH SAMSUN;8680001453061;ÖMÜREVLERİ ECZANESİ;SAMSUN ATAKUM;ACİDPASS;Acidpass 10/800/165 mg 12 Çiğneme Tablet;2;0;2;0
29.09.2026;ALLIANCE HEALTHCARE;AH SAMSUN;8680001658411;SAĞLIK ECZANESİ;SAMSUN DOGU ILCELER;ACİDPASS;Acidpass 10/800/165 mg 12 Çiğneme Tablet;1;0;1;0
01.09.2026;ALLIANCE HEALTHCARE;AH SAMSUN;8680001685677;AYŞE ABACI ECZANESİ;SAMSUN ATAKENT+19 MAYIS;GRİPORT COLD;Griport Cold 20 Film Kaplı Tablet;1;0;1;0
01.09.2026;ALLIANCE HEALTHCARE;AH SAMSUN;8680001460229;ELİF ECZANESİ;SAMSUN DOGU ILCELER - 2;GRİPORT COLD;Griport Cold 20 Film Kaplı Tablet;1;0;1;0
02.09.2026;ALLIANCE HEALTHCARE;AH SAMSUN;8680001658411;SAĞLIK ECZANESİ;SAMSUN DOGU ILCELER;GRİPORT COLD;Griport Cold 20 Film Kaplı Tablet;2;0;2;0
02.09.2026;ALLIANCE HEALTHCARE;AH SAMSUN;8680001421763;BESTE ECZANESİ;AMASYA MERKEZ -2;GRİPORT COLD;Griport Cold 20 Film Kaplı Tablet;3;0;3;0
02.09.2026;ALLIANCE HEALTHCARE;AH SAMSUN;8680001124381;ÖNCEL ECZANESİ;SINOP DOGU-BATI ILCELER;GRİPORT COLD;Griport Cold 20 Film Kaplı Tablet;70;45;115;0
03.09.2026;ALLIANCE HEALTHCARE;AH SAMSUN;8680001244959;EREK ECZANESİ;TOKAT ERBAA;GRİPORT COLD;Griport Cold 20 Film Kaplı Tablet;12;3;15;0
03.09.2026;ALLIANCE HEALTHCARE;AH SAMSUN;8680001158898;ÖMÜR ECZANESİ;AMASYA ILCELER;GRİPORT COLD;Griport Cold 20 Film Kaplı Tablet;7;1;8;0
03.09.2026;ALLIANCE HEALTHCARE;AH SAMSUN;8680001572182;ÖZLÜ ECZANESİ;AMASYA MERKEZ -2;GRİPORT COLD;Griport Cold 20 Film Kaplı Tablet;3;0;3;0
04.09.2026;ALLIANCE HEALTHCARE;AH SAMSUN;8680001476176;ÇAKIR ECZANESİ;SAMSUN ATAKUM;GRİPORT COLD;Griport Cold 20 Film Kaplı Tablet;1;0;1;0
01.09.2026;ALLIANCE HEALTHCARE;AH SAMSUN;8680001669196;BATUR ECZANESİ;SAMSUN ATAKENT+19 MAYIS;GRİPORT COLD;Griport Cold 20 Film Kaplı Tablet;12;3;15;0
02.09.2026;ALLIANCE HEALTHCARE;AH SAMSUN;8680001726776;DEMIR ECZANESI;SAMSUN ATAKENT+19 MAYIS;GRİPORT COLD;Griport Cold 20 Film Kaplı Tablet;1;0;1;0
03.09.2026;ALLIANCE HEALTHCARE;AH SAMSUN;8680001124367;ELİF ECZANESİ;SAMSUN BAFRA;GRİPORT COLD;Griport Cold 20 Film Kaplı Tablet;1;0;1;0
04.09.2026;ALLIANCE HEALTHCARE;AH SAMSUN;8680001658411;SAĞLIK ECZANESİ;SAMSUN DOGU ILCELER;GRİPORT COLD;Griport Cold 20 Film Kaplı Tablet;1;0;1;0
07.09.2026;ALLIANCE HEALTHCARE;AH SAMSUN;8680001726776;DEMIR ECZANESI;SAMSUN ATAKENT+19 MAYIS;GRİPORT COLD;Griport Cold 20 Film Kaplı Tablet;2;0;2;0
09.09.2026;ALLIANCE HEALTHCARE;AH SAMSUN;8680001155071;ÇAĞLAR ECZANESİ;CORUM GUNEYBATI ILCELER;GRİPORT COLD;Griport Cold 20 Film Kaplı Tablet;12;3;15;0
09.09.2026;ALLIANCE HEALTHCARE;AH SAMSUN;8680001673605;ASRIN ECZANESİ;TOKAT ERBAA;GRİPORT COLD;Griport Cold 20 Film Kaplı Tablet;7;1;8;0
10.09.2026;ALLIANCE HEALTHCARE;AH SAMSUN;8680001144679;HAYAT ECZANESİ;AMASYA ILCELER;GRİPORT COLD;Griport Cold 20 Film Kaplı Tablet;12;3;15;0
13.09.2026;ALLIANCE HEALTHCARE;AH SAMSUN;8680001713066;ZEYTİNLİK ECZANESİ;SINOP MERKEZ;GRİPORT COLD;Griport Cold 20 Film Kaplı Tablet;12;3;15;0
14.09.2026;ALLIANCE HEALTHCARE;AH SAMSUN;8680001468553;KARTAL ECZANESİ;CORUM MERKEZ -3;GRİPORT COLD;Griport Cold 20 Film Kaplı Tablet;1;0;1;0
14.09.2026;ALLIANCE HEALTHCARE;AH SAMSUN;8680001211371;YARAMIŞ ECZANESİ;TOKAT DOGU ILCELER;GRİPORT COLD;Griport Cold 20 Film Kaplı Tablet;7;1;8;0
09.09.2026;ALLIANCE HEALTHCARE;AH SAMSUN;8680001155071;ÇAĞLAR ECZANESİ;CORUM GUNEYBATI ILCELER;ACİDPASS;Acidpass 10/800/165 mg 12 Çiğneme Tablet;20;3;23;0
09.09.2026;ALLIANCE HEALTHCARE;AH SAMSUN;8680001147779;ŞAHİN ECZANESİ;CORUM MERKEZ -3;ACİDPASS;Acidpass 10/800/165 mg 12 Çiğneme Tablet;5;0;5;0
09.09.2026;ALLIANCE HEALTHCARE;AH SAMSUN;8680001927760;YENİ ŞİFA ECZANESİ;SAMSUN DOGU ILCELER - 2;ACİDPASS;Acidpass 10/800/165 mg 12 Çiğneme Tablet;1;0;1;0
09.09.2026;ALLIANCE HEALTHCARE;AH SAMSUN;8680001145690;ŞİFA ECZANESİ;SAMSUN ALACAM+YAKAKENT;ACİDPASS;Acidpass 10/800/165 mg 12 Çiğneme Tablet;8;0;8;0
10.09.2026;ALLIANCE HEALTHCARE;AH SAMSUN;8680001725618;YEŞİL ECZANESİ;SAMSUN ATAKENT+19 MAYIS;ACİDPASS;Acidpass 10/800/165 mg 12 Çiğneme Tablet;10;1;11;0
11.09.2026;ALLIANCE HEALTHCARE;AH SAMSUN;8680001481453;BULUT ECZANESİ;TOKAT MERKEZ -1;ACİDPASS;Acidpass 10/800/165 mg 12 Çiğneme Tablet;10;1;11;0
11.09.2026;ALLIANCE HEALTHCARE;AH SAMSUN;8680001933426;CANSUYU ECZANESİ;TOKAT DOGU ILCELER;ACİDPASS;Acidpass 10/800/165 mg 12 Çiğneme Tablet;10;1;11;0
11.09.2026;ALLIANCE HEALTHCARE;AH SAMSUN;8680001505517;YAŞARDOĞU ECZANESİ;SAMSUN HAVZA+KAVAK+LADIK;ACİDPASS;Acidpass 10/800/165 mg 12 Çiğneme Tablet;10;1;11;0
12.09.2026;ALLIANCE HEALTHCARE;AH SAMSUN;8680001669196;BATUR ECZANESİ;SAMSUN ATAKENT+19 MAYIS;ACİDPASS;Acidpass 10/800/165 mg 12 Çiğneme Tablet;-1;0;-1;0
12.09.2026;ALLIANCE HEALTHCARE;AH SAMSUN;8680001788767;ONAR ECZANESI;SAMSUN ATAKUM;ACİDPASS;Acidpass 10/800/165 mg 12 Çiğneme Tablet;1;0;1;0
12.09.2026;ALLIANCE HEALTHCARE;AH SAMSUN;8680001346851;BULVAR ECZANESİ;SAMSUN BAFRA;ACİDPASS;Acidpass 10/800/165 mg 12 Çiğneme Tablet;10;1;11;0
14.09.2026;ALLIANCE HEALTHCARE;AH SAMSUN;8680001495306;DENİZCİ ECZANESİ;SAMSUN RASATHANE;ACİDPASS;Acidpass 10/800/165 mg 12 Çiğneme Tablet;4;0;4;0
14.09.2026;ALLIANCE HEALTHCARE;AH SAMSUN;8680001839735;EMRE ECZANESİ;CORUM GUNEYBATI ILCELER;ACİDPASS;Acidpass 10/800/165 mg 12 Çiğneme Tablet;10;1;11;0
14.09.2026;ALLIANCE HEALTHCARE;AH SAMSUN;8680001182053;GÜNEŞ ECZANESİ;TOKAT TURHAL;ACİDPASS;Acidpass 10/800/165 mg 12 Çiğneme Tablet;5;0;5;0
14.09.2026;ALLIANCE HEALTHCARE;AH SAMSUN;8680001442959;YASEMİN ECZANESİ;SAMSUN BAFRA;ACİDPASS;Acidpass 10/800/165 mg 12 Çiğneme Tablet;20;3;23;0
15.09.2026;ALLIANCE HEALTHCARE;AH SAMSUN;8680001726776;DEMIR ECZANESI;SAMSUN ATAKENT+19 MAYIS;ACİDPASS;Acidpass 10/800/165 mg 12 Çiğneme Tablet;20;3;23;0
15.09.2026;ALLIANCE HEALTHCARE;AH SAMSUN;8680001243457;ÇAĞDAŞ ECZANESİ;TOKAT ERBAA;GRİPORT COLD;Griport Cold 20 Film Kaplı Tablet;12;3;15;0
17.09.2026;ALLIANCE HEALTHCARE;AH SAMSUN;8680001570300;KAMALI ECZANESİ;SAMSUN ATAKENT+19 MAYIS;GRİPORT COLD;Griport Cold 20 Film Kaplı Tablet;1;0;1;0
17.09.2026;ALLIANCE HEALTHCARE;AH SAMSUN;8680001526260;ŞİFA ECZANESİ;CORUM KUZEY ILCELER;GRİPORT COLD;Griport Cold 20 Film Kaplı Tablet;1;0;1;0
17.09.2026;ALLIANCE HEALTHCARE;AH SAMSUN;8680001673605;ASRIN ECZANESİ;TOKAT ERBAA;GRİPORT COLD;Griport Cold 20 Film Kaplı Tablet;2;0;2;0
18.09.2026;ALLIANCE HEALTHCARE;AH SAMSUN;8680001115983;NİLÜFER ECZANESİ;SAMSUN DOGU ILCELER - 2;GRİPORT COLD;Griport Cold 20 Film Kaplı Tablet;3;0;3;0
18.09.2026;ALLIANCE HEALTHCARE;AH SAMSUN;8680001504145;UTKU ECZANESİ;SAMSUN DOGU ILCELER - 2;GRİPORT COLD;Griport Cold 20 Film Kaplı Tablet;1;0;1;0
19.09.2026;ALLIANCE HEALTHCARE;AH SAMSUN;8680001248971;BAYRAKTAR ECZANESİ;TOKAT ERBAA;GRİPORT COLD;Griport Cold 20 Film Kaplı Tablet;12;3;15;0
21.09.2026;ALLIANCE HEALTHCARE;AH SAMSUN;8680001856534;NEFES ECZANESİ;SAMSUN BAHCELIEVLER;GRİPORT COLD;Griport Cold 20 Film Kaplı Tablet;1;0;1;0
21.09.2026;ALLIANCE HEALTHCARE;AH SAMSUN;8680001796397;İREM ECZANESİ;SAMSUN DOGU ILCELER - 2;GRİPORT COLD;Griport Cold 20 Film Kaplı Tablet;1;0;1;0
23.09.2026;ALLIANCE HEALTHCARE;AH SAMSUN;8680001518531;DAMLA ECZANESİ;SAMSUN ATAKENT+19 MAYIS;GRİPORT COLD;Griport Cold 20 Film Kaplı Tablet;40;20;60;0
23.09.2026;ALLIANCE HEALTHCARE;AH SAMSUN;8680001442959;YASEMİN ECZANESİ;SAMSUN BAFRA;GRİPORT COLD;Griport Cold 20 Film Kaplı Tablet;2;0;2;0
24.09.2026;ALLIANCE HEALTHCARE;AH SAMSUN;8680001143719;ALBAYRAK ECZANESİ;CORUM MERKEZ -1;GRİPORT COLD;Griport Cold 20 Film Kaplı Tablet;40;20;60;0
24.09.2026;ALLIANCE HEALTHCARE;AH SAMSUN;8680001839735;EMRE ECZANESİ;CORUM GUNEYBATI ILCELER;GRİPORT COLD;Griport Cold 20 Film Kaplı Tablet;7;1;8;0
25.09.2026;ALLIANCE HEALTHCARE;AH SAMSUN;8680001689200;MELETLİ ECZANESİ;SAMSUN ILKADIM - 2;GRİPORT COLD;Griport Cold 20 Film Kaplı Tablet;7;1;8;0
25.09.2026;ALLIANCE HEALTHCARE;AH SAMSUN;8680001144747;UYSAL ECZANESİ;CORUM MERKEZ -3;GRİPORT COLD;Griport Cold 20 Film Kaplı Tablet;12;3;15;0
25.09.2026;ALLIANCE HEALTHCARE;AH SAMSUN;8680001117079;ÇARŞAMBA ECZANESİ;SAMSUN DOGU ILCELER - 2;GRİPORT COLD;Griport Cold 20 Film Kaplı Tablet;3;0;3;0
25.09.2026;ALLIANCE HEALTHCARE;AH SAMSUN;8680001436453;DEFNE ECZANESİ;SAMSUN ATAKUM;GRİPORT COLD;Griport Cold 20 Film Kaplı Tablet;1;0;1;0
28.09.2026;ALLIANCE HEALTHCARE;AH SAMSUN;8680001339549;SİTE ECZANESİ;SAMSUN RASATHANE;GRİPORT COLD;Griport Cold 20 Film Kaplı Tablet;7;1;8;0
28.09.2026;ALLIANCE HEALTHCARE;AH SAMSUN;8680001643424;AYÇAM ECZANESİ;CORUM MERKEZ -3;GRİPORT COLD;Griport Cold 20 Film Kaplı Tablet;7;1;8;0
29.09.2026;ALLIANCE HEALTHCARE;AH SAMSUN;8680001114610;DENİZ ECZANESİ;SINOP MERKEZ;GRİPORT COLD;Griport Cold 20 Film Kaplı Tablet;7;1;8;0
29.09.2026;ALLIANCE HEALTHCARE;AH SAMSUN;8680001158652;MURAT ECZANESİ;SAMSUN ADALET;GRİPORT COLD;Griport Cold 20 Film Kaplı Tablet;7;1;8;0
30.09.2026;ALLIANCE HEALTHCARE;AH SAMSUN;8680001340880;ÇAĞLA ECZANESİ;SAMSUN ILKADIM - 2;GRİPORT COLD;Griport Cold 20 Film Kaplı Tablet;7;1;8;0
30.09.2026;ALLIANCE HEALTHCARE;AH SAMSUN;8680001724086;TALU ECZANESİ;TOKAT MERKEZ -2;GRİPORT COLD;Griport Cold 20 Film Kaplı Tablet;2;0;2;0
01.09.2026;ALLIANCE HEALTHCARE;AH SAMSUN;8680001827671;SANAT ECZANESİ;SAMSUN ATAKENT+19 MAYIS;ACİDPASS;Acidpass 10/800/165 mg 6 Çiğneme Tablet;2;0;2;0
04.09.2026;ALLIANCE HEALTHCARE;AH SAMSUN;8680001465163;GÜNDAY ECZANESİ;SAMSUN BAFRA;ACİDPASS;Acidpass 10/800/165 mg 6 Çiğneme Tablet;1;0;1;0
18.09.2026;ALLIANCE HEALTHCARE;AH SAMSUN;8680001692644;ÇINAR ECZANESİ;SAMSUN ATAKENT+19 MAYIS;ACİDPASS;Acidpass 10/800/165 mg 6 Çiğneme Tablet;1;0;1;0
18.09.2026;ALLIANCE HEALTHCARE;AH SAMSUN;8680001114825;LADİK MUTLU ECZANESİ;SAMSUN HAVZA+KAVAK+LADIK;ACİDPASS;Acidpass 10/800/165 mg 6 Çiğneme Tablet;1;0;1;0
22.09.2026;ALLIANCE HEALTHCARE;AH SAMSUN;8680001113118;KOLAY ECZANESİ;SAMSUN BAFRA;ACİDPASS;Acidpass 10/800/165 mg 6 Çiğneme Tablet;10;1;11;0
03.09.2026;ALLIANCE HEALTHCARE;AH SAMSUN;8680001628094;YUNUS EMRE ECZANESİ;SAMSUN DOGU ILCELER - 2;FAMTREC;Famtrec 800/26,6mg 14 Film Kaplı Tablet;2;0;2;0
07.09.2026;ALLIANCE HEALTHCARE;AH SAMSUN;8680001211371;YARAMIŞ ECZANESİ;TOKAT DOGU ILCELER;FAMTREC;Famtrec 800/26,6mg 14 Film Kaplı Tablet;7;1;8;0
07.09.2026;ALLIANCE HEALTHCARE;AH SAMSUN;8680001169740;SAĞLIK ECZANESİ;AMASYA MERZIFON;FAMTREC;Famtrec 800/26,6mg 14 Film Kaplı Tablet;7;1;8;0
10.09.2026;ALLIANCE HEALTHCARE;AH SAMSUN;8680001121021;PARK ECZANESİ;SAMSUN VEZIRKOPRU;FAMTREC;Famtrec 800/26,6mg 14 Film Kaplı Tablet;7;1;8;0
11.09.2026;ALLIANCE HEALTHCARE;AH SAMSUN;8680001115983;NİLÜFER ECZANESİ;SAMSUN DOGU ILCELER - 2;FAMTREC;Famtrec 800/26,6mg 14 Film Kaplı Tablet;7;1;8;0
16.09.2026;ALLIANCE HEALTHCARE;AH SAMSUN;8680001625727;AMİSOS ECZANESİ;SAMSUN ILKADIM - 2;FAMTREC;Famtrec 800/26,6mg 14 Film Kaplı Tablet;1;0;1;0
17.09.2026;ALLIANCE HEALTHCARE;AH SAMSUN;8680001481453;BULUT ECZANESİ;TOKAT MERKEZ -1;FAMTREC;Famtrec 800/26,6mg 14 Film Kaplı Tablet;1;0;1;0
17.09.2026;ALLIANCE HEALTHCARE;AH SAMSUN;8680001129690;ÖZLEM ECZANESİ;AMASYA MERKEZ -1;FAMTREC;Famtrec 800/26,6mg 14 Film Kaplı Tablet;7;1;8;0
28.09.2026;ALLIANCE HEALTHCARE;AH SAMSUN;8680001112050;TÜRKER ECZANESİ;SAMSUN RASATHANE;ACİDPASS;Acidpass 10/800/165 mg 6 Çiğneme Tablet;5;0;5;0
07.09.2026;GÜNEY ECZA KOOP;GEK MERSİN;8680001151363;BAŞAK ECZANESİ;SIVAS MERKEZ -2;FAMTREC;Famtrec 800/26,6mg 14 Film Kaplı Tablet;7;1;8;0
01.09.2026;GÜNEY ECZA KOOP;GEK MERSİN;8680001151363;BAŞAK ECZANESİ;SIVAS MERKEZ -2;PANOCER;Panocer 40 mg 28 Enterik Kaplı Tablet;10;3;13;0
11.09.2026;GÜNEY ECZA KOOP;GEK MERSİN;8680001509980;VEFA ECZANESİ;SIVAS MERKEZ -2;ACİDPASS;Acidpass 10/800/165 mg 12 Çiğneme Tablet;50;15;65;0
24.09.2026;GÜNEY ECZA KOOP;GEK MERSİN;8680001158805;GÜLERSİN ECZANESİ;SIVAS MERKEZ -2;ACİDPASS;Acidpass 10/800/165 mg 12 Çiğneme Tablet;10;1;11;0
28.09.2026;GÜNEY ECZA KOOP;GEK MERSİN;8680001662968;MEYDAN ECZANESİ;SIVAS MERKEZ -2;PANOCER;Panocer 40 mg 28 Enterik Kaplı Tablet;10;3;13;0
25.09.2026;GÜNEY ECZA KOOP;GEK MERSİN;8680001120017;DÖRTYOL ECZANESİ;SIVAS MERKEZ -4;MOKSEFEN;Moksefen 400 mg 7 Film Tablet;5;1;6;0
18.09.2026;GÜNEY ECZA KOOP;GEK MERSİN;8680001136940;SERDAR ECZANESİ;SIVAS MERKEZ -3;PANOCER;Panocer 40 mg 28 Enterik Kaplı Tablet;30;12;42;0
29.09.2026;GÜNEY ECZA KOOP;GEK MERSİN;8680001136827;TÜLAY ECZANESİ;SIVAS MERKEZ -2;PANOCER;Panocer 40 mg 28 Enterik Kaplı Tablet;30;12;42;0
15.09.2026;GÜNEY ECZA KOOP;GEK MERSİN;8680001156795;GÜL ECZANESİ;SIVAS MERKEZ -2;GRİPORT COLD;Griport Cold 20 Film Kaplı Tablet;1;0;1;0
11.09.2026;GÜNEY ECZA KOOP;GEK MERSİN;8680001149254;TOLGA ECZANESİ;SIVAS MERKEZ -2;ACİDPASS;Acidpass 10/800/165 mg 12 Çiğneme Tablet;10;1;11;0
15.09.2026;GÜNEY ECZA KOOP;GEK MERSİN;8680001646920;SEVİNÇ ECZANESİ;SIVAS MERKEZ -3;PANOCER;Panocer 40 mg 28 Enterik Kaplı Tablet;30;12;42;0
